[2025-02-13T00:00:19.064+0000] {processor.py:186} INFO - Started process (PID=4959) to work on /home/airflow/.local/lib/python3.12/site-packages/airflow/example_dags/example_xcomargs.py
[2025-02-13T00:00:19.066+0000] {processor.py:914} INFO - Processing file /home/airflow/.local/lib/python3.12/site-packages/airflow/example_dags/example_xcomargs.py for tasks to queue
[2025-02-13T00:00:19.073+0000] {logging_mixin.py:190} INFO - [2025-02-13T00:00:19.070+0000] {dagbag.py:588} INFO - Filling up the DagBag from /home/airflow/.local/lib/python3.12/site-packages/airflow/example_dags/example_xcomargs.py
[2025-02-13T00:00:19.103+0000] {processor.py:925} INFO - DAG(s) 'example_xcom_args_with_operators', 'example_xcom_args' retrieved from /home/airflow/.local/lib/python3.12/site-packages/airflow/example_dags/example_xcomargs.py
[2025-02-13T00:00:19.162+0000] {logging_mixin.py:190} INFO - [2025-02-13T00:00:19.162+0000] {dag.py:3239} INFO - Sync 2 DAGs
[2025-02-13T00:00:19.245+0000] {logging_mixin.py:190} INFO - [2025-02-13T00:00:19.236+0000] {dag.py:4180} INFO - Setting next_dagrun for example_xcom_args to None, run_after=None
[2025-02-13T00:00:19.254+0000] {logging_mixin.py:190} INFO - [2025-02-13T00:00:19.254+0000] {dag.py:4180} INFO - Setting next_dagrun for example_xcom_args_with_operators to None, run_after=None
[2025-02-13T00:00:19.286+0000] {processor.py:208} INFO - Processing /home/airflow/.local/lib/python3.12/site-packages/airflow/example_dags/example_xcomargs.py took 0.234 seconds
[2025-02-13T00:00:49.389+0000] {processor.py:186} INFO - Started process (PID=5024) to work on /home/airflow/.local/lib/python3.12/site-packages/airflow/example_dags/example_xcomargs.py
[2025-02-13T00:00:49.390+0000] {processor.py:914} INFO - Processing file /home/airflow/.local/lib/python3.12/site-packages/airflow/example_dags/example_xcomargs.py for tasks to queue
[2025-02-13T00:00:49.392+0000] {logging_mixin.py:190} INFO - [2025-02-13T00:00:49.392+0000] {dagbag.py:588} INFO - Filling up the DagBag from /home/airflow/.local/lib/python3.12/site-packages/airflow/example_dags/example_xcomargs.py
[2025-02-13T00:00:49.402+0000] {processor.py:925} INFO - DAG(s) 'example_xcom_args_with_operators', 'example_xcom_args' retrieved from /home/airflow/.local/lib/python3.12/site-packages/airflow/example_dags/example_xcomargs.py
[2025-02-13T00:00:49.428+0000] {logging_mixin.py:190} INFO - [2025-02-13T00:00:49.428+0000] {dag.py:3239} INFO - Sync 2 DAGs
[2025-02-13T00:00:49.445+0000] {logging_mixin.py:190} INFO - [2025-02-13T00:00:49.444+0000] {dag.py:4180} INFO - Setting next_dagrun for example_xcom_args to None, run_after=None
[2025-02-13T00:00:49.449+0000] {logging_mixin.py:190} INFO - [2025-02-13T00:00:49.449+0000] {dag.py:4180} INFO - Setting next_dagrun for example_xcom_args_with_operators to None, run_after=None
[2025-02-13T00:00:49.467+0000] {processor.py:208} INFO - Processing /home/airflow/.local/lib/python3.12/site-packages/airflow/example_dags/example_xcomargs.py took 0.086 seconds
[2025-02-13T00:01:20.391+0000] {processor.py:186} INFO - Started process (PID=5090) to work on /home/airflow/.local/lib/python3.12/site-packages/airflow/example_dags/example_xcomargs.py
[2025-02-13T00:01:20.392+0000] {processor.py:914} INFO - Processing file /home/airflow/.local/lib/python3.12/site-packages/airflow/example_dags/example_xcomargs.py for tasks to queue
[2025-02-13T00:01:20.395+0000] {logging_mixin.py:190} INFO - [2025-02-13T00:01:20.394+0000] {dagbag.py:588} INFO - Filling up the DagBag from /home/airflow/.local/lib/python3.12/site-packages/airflow/example_dags/example_xcomargs.py
[2025-02-13T00:01:20.407+0000] {processor.py:925} INFO - DAG(s) 'example_xcom_args', 'example_xcom_args_with_operators' retrieved from /home/airflow/.local/lib/python3.12/site-packages/airflow/example_dags/example_xcomargs.py
[2025-02-13T00:01:20.437+0000] {logging_mixin.py:190} INFO - [2025-02-13T00:01:20.435+0000] {dag.py:3239} INFO - Sync 2 DAGs
[2025-02-13T00:01:20.461+0000] {logging_mixin.py:190} INFO - [2025-02-13T00:01:20.461+0000] {dag.py:4180} INFO - Setting next_dagrun for example_xcom_args to None, run_after=None
[2025-02-13T00:01:20.466+0000] {logging_mixin.py:190} INFO - [2025-02-13T00:01:20.465+0000] {dag.py:4180} INFO - Setting next_dagrun for example_xcom_args_with_operators to None, run_after=None
[2025-02-13T00:01:20.490+0000] {processor.py:208} INFO - Processing /home/airflow/.local/lib/python3.12/site-packages/airflow/example_dags/example_xcomargs.py took 0.109 seconds
[2025-02-13T00:01:51.637+0000] {processor.py:186} INFO - Started process (PID=5156) to work on /home/airflow/.local/lib/python3.12/site-packages/airflow/example_dags/example_xcomargs.py
[2025-02-13T00:01:51.639+0000] {processor.py:914} INFO - Processing file /home/airflow/.local/lib/python3.12/site-packages/airflow/example_dags/example_xcomargs.py for tasks to queue
[2025-02-13T00:01:51.641+0000] {logging_mixin.py:190} INFO - [2025-02-13T00:01:51.641+0000] {dagbag.py:588} INFO - Filling up the DagBag from /home/airflow/.local/lib/python3.12/site-packages/airflow/example_dags/example_xcomargs.py
[2025-02-13T00:01:51.653+0000] {processor.py:925} INFO - DAG(s) 'example_xcom_args', 'example_xcom_args_with_operators' retrieved from /home/airflow/.local/lib/python3.12/site-packages/airflow/example_dags/example_xcomargs.py
[2025-02-13T00:01:51.680+0000] {logging_mixin.py:190} INFO - [2025-02-13T00:01:51.679+0000] {dag.py:3239} INFO - Sync 2 DAGs
[2025-02-13T00:01:51.703+0000] {logging_mixin.py:190} INFO - [2025-02-13T00:01:51.702+0000] {dag.py:4180} INFO - Setting next_dagrun for example_xcom_args to None, run_after=None
[2025-02-13T00:01:51.710+0000] {logging_mixin.py:190} INFO - [2025-02-13T00:01:51.709+0000] {dag.py:4180} INFO - Setting next_dagrun for example_xcom_args_with_operators to None, run_after=None
[2025-02-13T00:01:51.733+0000] {processor.py:208} INFO - Processing /home/airflow/.local/lib/python3.12/site-packages/airflow/example_dags/example_xcomargs.py took 0.103 seconds
[2025-02-13T00:02:22.617+0000] {processor.py:186} INFO - Started process (PID=5221) to work on /home/airflow/.local/lib/python3.12/site-packages/airflow/example_dags/example_xcomargs.py
[2025-02-13T00:02:22.618+0000] {processor.py:914} INFO - Processing file /home/airflow/.local/lib/python3.12/site-packages/airflow/example_dags/example_xcomargs.py for tasks to queue
[2025-02-13T00:02:22.622+0000] {logging_mixin.py:190} INFO - [2025-02-13T00:02:22.621+0000] {dagbag.py:588} INFO - Filling up the DagBag from /home/airflow/.local/lib/python3.12/site-packages/airflow/example_dags/example_xcomargs.py
[2025-02-13T00:02:22.631+0000] {processor.py:925} INFO - DAG(s) 'example_xcom_args', 'example_xcom_args_with_operators' retrieved from /home/airflow/.local/lib/python3.12/site-packages/airflow/example_dags/example_xcomargs.py
[2025-02-13T00:02:22.656+0000] {logging_mixin.py:190} INFO - [2025-02-13T00:02:22.656+0000] {dag.py:3239} INFO - Sync 2 DAGs
[2025-02-13T00:02:22.673+0000] {logging_mixin.py:190} INFO - [2025-02-13T00:02:22.673+0000] {dag.py:4180} INFO - Setting next_dagrun for example_xcom_args to None, run_after=None
[2025-02-13T00:02:22.678+0000] {logging_mixin.py:190} INFO - [2025-02-13T00:02:22.678+0000] {dag.py:4180} INFO - Setting next_dagrun for example_xcom_args_with_operators to None, run_after=None
[2025-02-13T00:02:22.697+0000] {processor.py:208} INFO - Processing /home/airflow/.local/lib/python3.12/site-packages/airflow/example_dags/example_xcomargs.py took 0.086 seconds
[2025-02-13T00:02:53.015+0000] {processor.py:186} INFO - Started process (PID=5287) to work on /home/airflow/.local/lib/python3.12/site-packages/airflow/example_dags/example_xcomargs.py
[2025-02-13T00:02:53.016+0000] {processor.py:914} INFO - Processing file /home/airflow/.local/lib/python3.12/site-packages/airflow/example_dags/example_xcomargs.py for tasks to queue
[2025-02-13T00:02:53.019+0000] {logging_mixin.py:190} INFO - [2025-02-13T00:02:53.018+0000] {dagbag.py:588} INFO - Filling up the DagBag from /home/airflow/.local/lib/python3.12/site-packages/airflow/example_dags/example_xcomargs.py
[2025-02-13T00:02:53.034+0000] {processor.py:925} INFO - DAG(s) 'example_xcom_args_with_operators', 'example_xcom_args' retrieved from /home/airflow/.local/lib/python3.12/site-packages/airflow/example_dags/example_xcomargs.py
[2025-02-13T00:02:53.063+0000] {logging_mixin.py:190} INFO - [2025-02-13T00:02:53.063+0000] {dag.py:3239} INFO - Sync 2 DAGs
[2025-02-13T00:02:53.081+0000] {logging_mixin.py:190} INFO - [2025-02-13T00:02:53.080+0000] {dag.py:4180} INFO - Setting next_dagrun for example_xcom_args to None, run_after=None
[2025-02-13T00:02:53.085+0000] {logging_mixin.py:190} INFO - [2025-02-13T00:02:53.085+0000] {dag.py:4180} INFO - Setting next_dagrun for example_xcom_args_with_operators to None, run_after=None
[2025-02-13T00:02:53.110+0000] {processor.py:208} INFO - Processing /home/airflow/.local/lib/python3.12/site-packages/airflow/example_dags/example_xcomargs.py took 0.101 seconds
[2025-02-13T00:03:23.146+0000] {processor.py:186} INFO - Started process (PID=5352) to work on /home/airflow/.local/lib/python3.12/site-packages/airflow/example_dags/example_xcomargs.py
[2025-02-13T00:03:23.147+0000] {processor.py:914} INFO - Processing file /home/airflow/.local/lib/python3.12/site-packages/airflow/example_dags/example_xcomargs.py for tasks to queue
[2025-02-13T00:03:23.150+0000] {logging_mixin.py:190} INFO - [2025-02-13T00:03:23.149+0000] {dagbag.py:588} INFO - Filling up the DagBag from /home/airflow/.local/lib/python3.12/site-packages/airflow/example_dags/example_xcomargs.py
[2025-02-13T00:03:23.160+0000] {processor.py:925} INFO - DAG(s) 'example_xcom_args', 'example_xcom_args_with_operators' retrieved from /home/airflow/.local/lib/python3.12/site-packages/airflow/example_dags/example_xcomargs.py
[2025-02-13T00:03:23.185+0000] {logging_mixin.py:190} INFO - [2025-02-13T00:03:23.184+0000] {dag.py:3239} INFO - Sync 2 DAGs
[2025-02-13T00:03:23.200+0000] {logging_mixin.py:190} INFO - [2025-02-13T00:03:23.200+0000] {dag.py:4180} INFO - Setting next_dagrun for example_xcom_args to None, run_after=None
[2025-02-13T00:03:23.205+0000] {logging_mixin.py:190} INFO - [2025-02-13T00:03:23.205+0000] {dag.py:4180} INFO - Setting next_dagrun for example_xcom_args_with_operators to None, run_after=None
[2025-02-13T00:03:23.223+0000] {processor.py:208} INFO - Processing /home/airflow/.local/lib/python3.12/site-packages/airflow/example_dags/example_xcomargs.py took 0.082 seconds
[2025-02-13T00:03:54.380+0000] {processor.py:186} INFO - Started process (PID=5418) to work on /home/airflow/.local/lib/python3.12/site-packages/airflow/example_dags/example_xcomargs.py
[2025-02-13T00:03:54.381+0000] {processor.py:914} INFO - Processing file /home/airflow/.local/lib/python3.12/site-packages/airflow/example_dags/example_xcomargs.py for tasks to queue
[2025-02-13T00:03:54.387+0000] {logging_mixin.py:190} INFO - [2025-02-13T00:03:54.386+0000] {dagbag.py:588} INFO - Filling up the DagBag from /home/airflow/.local/lib/python3.12/site-packages/airflow/example_dags/example_xcomargs.py
[2025-02-13T00:03:54.400+0000] {processor.py:925} INFO - DAG(s) 'example_xcom_args', 'example_xcom_args_with_operators' retrieved from /home/airflow/.local/lib/python3.12/site-packages/airflow/example_dags/example_xcomargs.py
[2025-02-13T00:03:54.440+0000] {logging_mixin.py:190} INFO - [2025-02-13T00:03:54.440+0000] {dag.py:3239} INFO - Sync 2 DAGs
[2025-02-13T00:03:54.463+0000] {logging_mixin.py:190} INFO - [2025-02-13T00:03:54.462+0000] {dag.py:4180} INFO - Setting next_dagrun for example_xcom_args to None, run_after=None
[2025-02-13T00:03:54.468+0000] {logging_mixin.py:190} INFO - [2025-02-13T00:03:54.467+0000] {dag.py:4180} INFO - Setting next_dagrun for example_xcom_args_with_operators to None, run_after=None
[2025-02-13T00:03:54.491+0000] {processor.py:208} INFO - Processing /home/airflow/.local/lib/python3.12/site-packages/airflow/example_dags/example_xcomargs.py took 0.118 seconds
[2025-02-13T00:04:24.772+0000] {processor.py:186} INFO - Started process (PID=5485) to work on /home/airflow/.local/lib/python3.12/site-packages/airflow/example_dags/example_xcomargs.py
[2025-02-13T00:04:24.774+0000] {processor.py:914} INFO - Processing file /home/airflow/.local/lib/python3.12/site-packages/airflow/example_dags/example_xcomargs.py for tasks to queue
[2025-02-13T00:04:24.778+0000] {logging_mixin.py:190} INFO - [2025-02-13T00:04:24.778+0000] {dagbag.py:588} INFO - Filling up the DagBag from /home/airflow/.local/lib/python3.12/site-packages/airflow/example_dags/example_xcomargs.py
[2025-02-13T00:04:24.796+0000] {processor.py:925} INFO - DAG(s) 'example_xcom_args_with_operators', 'example_xcom_args' retrieved from /home/airflow/.local/lib/python3.12/site-packages/airflow/example_dags/example_xcomargs.py
[2025-02-13T00:04:24.832+0000] {logging_mixin.py:190} INFO - [2025-02-13T00:04:24.832+0000] {dag.py:3239} INFO - Sync 2 DAGs
[2025-02-13T00:04:24.855+0000] {logging_mixin.py:190} INFO - [2025-02-13T00:04:24.855+0000] {dag.py:4180} INFO - Setting next_dagrun for example_xcom_args to None, run_after=None
[2025-02-13T00:04:24.861+0000] {logging_mixin.py:190} INFO - [2025-02-13T00:04:24.861+0000] {dag.py:4180} INFO - Setting next_dagrun for example_xcom_args_with_operators to None, run_after=None
[2025-02-13T00:04:24.880+0000] {processor.py:208} INFO - Processing /home/airflow/.local/lib/python3.12/site-packages/airflow/example_dags/example_xcomargs.py took 0.116 seconds
[2025-02-13T00:04:55.507+0000] {processor.py:186} INFO - Started process (PID=5551) to work on /home/airflow/.local/lib/python3.12/site-packages/airflow/example_dags/example_xcomargs.py
[2025-02-13T00:04:55.509+0000] {processor.py:914} INFO - Processing file /home/airflow/.local/lib/python3.12/site-packages/airflow/example_dags/example_xcomargs.py for tasks to queue
[2025-02-13T00:04:55.512+0000] {logging_mixin.py:190} INFO - [2025-02-13T00:04:55.512+0000] {dagbag.py:588} INFO - Filling up the DagBag from /home/airflow/.local/lib/python3.12/site-packages/airflow/example_dags/example_xcomargs.py
[2025-02-13T00:04:55.524+0000] {processor.py:925} INFO - DAG(s) 'example_xcom_args_with_operators', 'example_xcom_args' retrieved from /home/airflow/.local/lib/python3.12/site-packages/airflow/example_dags/example_xcomargs.py
[2025-02-13T00:04:55.550+0000] {logging_mixin.py:190} INFO - [2025-02-13T00:04:55.550+0000] {dag.py:3239} INFO - Sync 2 DAGs
[2025-02-13T00:04:55.568+0000] {logging_mixin.py:190} INFO - [2025-02-13T00:04:55.568+0000] {dag.py:4180} INFO - Setting next_dagrun for example_xcom_args to None, run_after=None
[2025-02-13T00:04:55.573+0000] {logging_mixin.py:190} INFO - [2025-02-13T00:04:55.573+0000] {dag.py:4180} INFO - Setting next_dagrun for example_xcom_args_with_operators to None, run_after=None
[2025-02-13T00:04:55.592+0000] {processor.py:208} INFO - Processing /home/airflow/.local/lib/python3.12/site-packages/airflow/example_dags/example_xcomargs.py took 0.093 seconds
[2025-02-13T00:05:26.823+0000] {processor.py:186} INFO - Started process (PID=5617) to work on /home/airflow/.local/lib/python3.12/site-packages/airflow/example_dags/example_xcomargs.py
[2025-02-13T00:05:26.824+0000] {processor.py:914} INFO - Processing file /home/airflow/.local/lib/python3.12/site-packages/airflow/example_dags/example_xcomargs.py for tasks to queue
[2025-02-13T00:05:26.827+0000] {logging_mixin.py:190} INFO - [2025-02-13T00:05:26.827+0000] {dagbag.py:588} INFO - Filling up the DagBag from /home/airflow/.local/lib/python3.12/site-packages/airflow/example_dags/example_xcomargs.py
[2025-02-13T00:05:26.840+0000] {processor.py:925} INFO - DAG(s) 'example_xcom_args', 'example_xcom_args_with_operators' retrieved from /home/airflow/.local/lib/python3.12/site-packages/airflow/example_dags/example_xcomargs.py
[2025-02-13T00:05:26.874+0000] {logging_mixin.py:190} INFO - [2025-02-13T00:05:26.874+0000] {dag.py:3239} INFO - Sync 2 DAGs
[2025-02-13T00:05:26.897+0000] {logging_mixin.py:190} INFO - [2025-02-13T00:05:26.896+0000] {dag.py:4180} INFO - Setting next_dagrun for example_xcom_args to None, run_after=None
[2025-02-13T00:05:26.901+0000] {logging_mixin.py:190} INFO - [2025-02-13T00:05:26.901+0000] {dag.py:4180} INFO - Setting next_dagrun for example_xcom_args_with_operators to None, run_after=None
[2025-02-13T00:05:26.927+0000] {processor.py:208} INFO - Processing /home/airflow/.local/lib/python3.12/site-packages/airflow/example_dags/example_xcomargs.py took 0.113 seconds
[2025-02-13T00:05:57.740+0000] {processor.py:186} INFO - Started process (PID=5683) to work on /home/airflow/.local/lib/python3.12/site-packages/airflow/example_dags/example_xcomargs.py
[2025-02-13T00:05:57.741+0000] {processor.py:914} INFO - Processing file /home/airflow/.local/lib/python3.12/site-packages/airflow/example_dags/example_xcomargs.py for tasks to queue
[2025-02-13T00:05:57.744+0000] {logging_mixin.py:190} INFO - [2025-02-13T00:05:57.743+0000] {dagbag.py:588} INFO - Filling up the DagBag from /home/airflow/.local/lib/python3.12/site-packages/airflow/example_dags/example_xcomargs.py
[2025-02-13T00:05:57.761+0000] {processor.py:925} INFO - DAG(s) 'example_xcom_args', 'example_xcom_args_with_operators' retrieved from /home/airflow/.local/lib/python3.12/site-packages/airflow/example_dags/example_xcomargs.py
[2025-02-13T00:05:57.790+0000] {logging_mixin.py:190} INFO - [2025-02-13T00:05:57.790+0000] {dag.py:3239} INFO - Sync 2 DAGs
[2025-02-13T00:05:57.811+0000] {logging_mixin.py:190} INFO - [2025-02-13T00:05:57.811+0000] {dag.py:4180} INFO - Setting next_dagrun for example_xcom_args to None, run_after=None
[2025-02-13T00:05:57.818+0000] {logging_mixin.py:190} INFO - [2025-02-13T00:05:57.817+0000] {dag.py:4180} INFO - Setting next_dagrun for example_xcom_args_with_operators to None, run_after=None
[2025-02-13T00:05:57.842+0000] {processor.py:208} INFO - Processing /home/airflow/.local/lib/python3.12/site-packages/airflow/example_dags/example_xcomargs.py took 0.110 seconds
[2025-02-13T00:07:43.427+0000] {processor.py:186} INFO - Started process (PID=78) to work on /home/airflow/.local/lib/python3.12/site-packages/airflow/example_dags/example_xcomargs.py
[2025-02-13T00:07:43.429+0000] {processor.py:914} INFO - Processing file /home/airflow/.local/lib/python3.12/site-packages/airflow/example_dags/example_xcomargs.py for tasks to queue
[2025-02-13T00:07:43.432+0000] {logging_mixin.py:190} INFO - [2025-02-13T00:07:43.431+0000] {dagbag.py:588} INFO - Filling up the DagBag from /home/airflow/.local/lib/python3.12/site-packages/airflow/example_dags/example_xcomargs.py
[2025-02-13T00:07:43.447+0000] {processor.py:925} INFO - DAG(s) 'example_xcom_args', 'example_xcom_args_with_operators' retrieved from /home/airflow/.local/lib/python3.12/site-packages/airflow/example_dags/example_xcomargs.py
[2025-02-13T00:07:43.481+0000] {logging_mixin.py:190} INFO - [2025-02-13T00:07:43.481+0000] {dag.py:3239} INFO - Sync 2 DAGs
[2025-02-13T00:07:43.507+0000] {logging_mixin.py:190} INFO - [2025-02-13T00:07:43.507+0000] {dag.py:4180} INFO - Setting next_dagrun for example_xcom_args to None, run_after=None
[2025-02-13T00:07:43.517+0000] {logging_mixin.py:190} INFO - [2025-02-13T00:07:43.517+0000] {dag.py:4180} INFO - Setting next_dagrun for example_xcom_args_with_operators to None, run_after=None
[2025-02-13T00:07:43.551+0000] {processor.py:208} INFO - Processing /home/airflow/.local/lib/python3.12/site-packages/airflow/example_dags/example_xcomargs.py took 0.130 seconds
[2025-02-13T00:08:14.508+0000] {processor.py:186} INFO - Started process (PID=144) to work on /home/airflow/.local/lib/python3.12/site-packages/airflow/example_dags/example_xcomargs.py
[2025-02-13T00:08:14.509+0000] {processor.py:914} INFO - Processing file /home/airflow/.local/lib/python3.12/site-packages/airflow/example_dags/example_xcomargs.py for tasks to queue
[2025-02-13T00:08:14.515+0000] {logging_mixin.py:190} INFO - [2025-02-13T00:08:14.515+0000] {dagbag.py:588} INFO - Filling up the DagBag from /home/airflow/.local/lib/python3.12/site-packages/airflow/example_dags/example_xcomargs.py
[2025-02-13T00:08:14.539+0000] {processor.py:925} INFO - DAG(s) 'example_xcom_args', 'example_xcom_args_with_operators' retrieved from /home/airflow/.local/lib/python3.12/site-packages/airflow/example_dags/example_xcomargs.py
[2025-02-13T00:08:14.576+0000] {logging_mixin.py:190} INFO - [2025-02-13T00:08:14.576+0000] {dag.py:3239} INFO - Sync 2 DAGs
[2025-02-13T00:08:14.598+0000] {logging_mixin.py:190} INFO - [2025-02-13T00:08:14.598+0000] {dag.py:4180} INFO - Setting next_dagrun for example_xcom_args to None, run_after=None
[2025-02-13T00:08:14.604+0000] {logging_mixin.py:190} INFO - [2025-02-13T00:08:14.603+0000] {dag.py:4180} INFO - Setting next_dagrun for example_xcom_args_with_operators to None, run_after=None
[2025-02-13T00:08:14.626+0000] {processor.py:208} INFO - Processing /home/airflow/.local/lib/python3.12/site-packages/airflow/example_dags/example_xcomargs.py took 0.125 seconds
[2025-02-13T00:08:45.232+0000] {processor.py:186} INFO - Started process (PID=210) to work on /home/airflow/.local/lib/python3.12/site-packages/airflow/example_dags/example_xcomargs.py
[2025-02-13T00:08:45.235+0000] {processor.py:914} INFO - Processing file /home/airflow/.local/lib/python3.12/site-packages/airflow/example_dags/example_xcomargs.py for tasks to queue
[2025-02-13T00:08:45.239+0000] {logging_mixin.py:190} INFO - [2025-02-13T00:08:45.239+0000] {dagbag.py:588} INFO - Filling up the DagBag from /home/airflow/.local/lib/python3.12/site-packages/airflow/example_dags/example_xcomargs.py
[2025-02-13T00:08:45.257+0000] {processor.py:925} INFO - DAG(s) 'example_xcom_args_with_operators', 'example_xcom_args' retrieved from /home/airflow/.local/lib/python3.12/site-packages/airflow/example_dags/example_xcomargs.py
[2025-02-13T00:08:45.285+0000] {logging_mixin.py:190} INFO - [2025-02-13T00:08:45.285+0000] {dag.py:3239} INFO - Sync 2 DAGs
[2025-02-13T00:08:45.307+0000] {logging_mixin.py:190} INFO - [2025-02-13T00:08:45.307+0000] {dag.py:4180} INFO - Setting next_dagrun for example_xcom_args to None, run_after=None
[2025-02-13T00:08:45.316+0000] {logging_mixin.py:190} INFO - [2025-02-13T00:08:45.313+0000] {dag.py:4180} INFO - Setting next_dagrun for example_xcom_args_with_operators to None, run_after=None
[2025-02-13T00:08:45.337+0000] {processor.py:208} INFO - Processing /home/airflow/.local/lib/python3.12/site-packages/airflow/example_dags/example_xcomargs.py took 0.130 seconds
[2025-02-13T00:09:16.858+0000] {processor.py:186} INFO - Started process (PID=277) to work on /home/airflow/.local/lib/python3.12/site-packages/airflow/example_dags/example_xcomargs.py
[2025-02-13T00:09:16.859+0000] {processor.py:914} INFO - Processing file /home/airflow/.local/lib/python3.12/site-packages/airflow/example_dags/example_xcomargs.py for tasks to queue
[2025-02-13T00:09:16.865+0000] {logging_mixin.py:190} INFO - [2025-02-13T00:09:16.864+0000] {dagbag.py:588} INFO - Filling up the DagBag from /home/airflow/.local/lib/python3.12/site-packages/airflow/example_dags/example_xcomargs.py
[2025-02-13T00:09:16.880+0000] {processor.py:925} INFO - DAG(s) 'example_xcom_args', 'example_xcom_args_with_operators' retrieved from /home/airflow/.local/lib/python3.12/site-packages/airflow/example_dags/example_xcomargs.py
[2025-02-13T00:09:16.922+0000] {logging_mixin.py:190} INFO - [2025-02-13T00:09:16.922+0000] {dag.py:3239} INFO - Sync 2 DAGs
[2025-02-13T00:09:16.955+0000] {logging_mixin.py:190} INFO - [2025-02-13T00:09:16.955+0000] {dag.py:4180} INFO - Setting next_dagrun for example_xcom_args to None, run_after=None
[2025-02-13T00:09:16.961+0000] {logging_mixin.py:190} INFO - [2025-02-13T00:09:16.961+0000] {dag.py:4180} INFO - Setting next_dagrun for example_xcom_args_with_operators to None, run_after=None
[2025-02-13T00:09:16.987+0000] {processor.py:208} INFO - Processing /home/airflow/.local/lib/python3.12/site-packages/airflow/example_dags/example_xcomargs.py took 0.138 seconds
[2025-02-13T00:09:50.532+0000] {processor.py:186} INFO - Started process (PID=343) to work on /home/airflow/.local/lib/python3.12/site-packages/airflow/example_dags/example_xcomargs.py
[2025-02-13T00:09:50.533+0000] {processor.py:914} INFO - Processing file /home/airflow/.local/lib/python3.12/site-packages/airflow/example_dags/example_xcomargs.py for tasks to queue
[2025-02-13T00:09:50.536+0000] {logging_mixin.py:190} INFO - [2025-02-13T00:09:50.536+0000] {dagbag.py:588} INFO - Filling up the DagBag from /home/airflow/.local/lib/python3.12/site-packages/airflow/example_dags/example_xcomargs.py
[2025-02-13T00:09:50.550+0000] {processor.py:925} INFO - DAG(s) 'example_xcom_args', 'example_xcom_args_with_operators' retrieved from /home/airflow/.local/lib/python3.12/site-packages/airflow/example_dags/example_xcomargs.py
[2025-02-13T00:09:50.585+0000] {logging_mixin.py:190} INFO - [2025-02-13T00:09:50.584+0000] {dag.py:3239} INFO - Sync 2 DAGs
[2025-02-13T00:09:50.608+0000] {logging_mixin.py:190} INFO - [2025-02-13T00:09:50.608+0000] {dag.py:4180} INFO - Setting next_dagrun for example_xcom_args to None, run_after=None
[2025-02-13T00:09:50.616+0000] {logging_mixin.py:190} INFO - [2025-02-13T00:09:50.615+0000] {dag.py:4180} INFO - Setting next_dagrun for example_xcom_args_with_operators to None, run_after=None
[2025-02-13T00:09:50.642+0000] {processor.py:208} INFO - Processing /home/airflow/.local/lib/python3.12/site-packages/airflow/example_dags/example_xcomargs.py took 0.118 seconds
[2025-02-13T00:10:21.636+0000] {processor.py:186} INFO - Started process (PID=410) to work on /home/airflow/.local/lib/python3.12/site-packages/airflow/example_dags/example_xcomargs.py
[2025-02-13T00:10:21.637+0000] {processor.py:914} INFO - Processing file /home/airflow/.local/lib/python3.12/site-packages/airflow/example_dags/example_xcomargs.py for tasks to queue
[2025-02-13T00:10:21.640+0000] {logging_mixin.py:190} INFO - [2025-02-13T00:10:21.639+0000] {dagbag.py:588} INFO - Filling up the DagBag from /home/airflow/.local/lib/python3.12/site-packages/airflow/example_dags/example_xcomargs.py
[2025-02-13T00:10:21.655+0000] {processor.py:925} INFO - DAG(s) 'example_xcom_args', 'example_xcom_args_with_operators' retrieved from /home/airflow/.local/lib/python3.12/site-packages/airflow/example_dags/example_xcomargs.py
[2025-02-13T00:10:21.691+0000] {logging_mixin.py:190} INFO - [2025-02-13T00:10:21.690+0000] {dag.py:3239} INFO - Sync 2 DAGs
[2025-02-13T00:10:21.717+0000] {logging_mixin.py:190} INFO - [2025-02-13T00:10:21.716+0000] {dag.py:4180} INFO - Setting next_dagrun for example_xcom_args to None, run_after=None
[2025-02-13T00:10:21.724+0000] {logging_mixin.py:190} INFO - [2025-02-13T00:10:21.722+0000] {dag.py:4180} INFO - Setting next_dagrun for example_xcom_args_with_operators to None, run_after=None
[2025-02-13T00:10:21.760+0000] {processor.py:208} INFO - Processing /home/airflow/.local/lib/python3.12/site-packages/airflow/example_dags/example_xcomargs.py took 0.129 seconds
[2025-02-13T00:10:52.342+0000] {processor.py:186} INFO - Started process (PID=475) to work on /home/airflow/.local/lib/python3.12/site-packages/airflow/example_dags/example_xcomargs.py
[2025-02-13T00:10:52.343+0000] {processor.py:914} INFO - Processing file /home/airflow/.local/lib/python3.12/site-packages/airflow/example_dags/example_xcomargs.py for tasks to queue
[2025-02-13T00:10:52.355+0000] {logging_mixin.py:190} INFO - [2025-02-13T00:10:52.355+0000] {dagbag.py:588} INFO - Filling up the DagBag from /home/airflow/.local/lib/python3.12/site-packages/airflow/example_dags/example_xcomargs.py
[2025-02-13T00:10:52.381+0000] {processor.py:925} INFO - DAG(s) 'example_xcom_args_with_operators', 'example_xcom_args' retrieved from /home/airflow/.local/lib/python3.12/site-packages/airflow/example_dags/example_xcomargs.py
[2025-02-13T00:10:52.423+0000] {logging_mixin.py:190} INFO - [2025-02-13T00:10:52.422+0000] {dag.py:3239} INFO - Sync 2 DAGs
[2025-02-13T00:10:52.450+0000] {logging_mixin.py:190} INFO - [2025-02-13T00:10:52.450+0000] {dag.py:4180} INFO - Setting next_dagrun for example_xcom_args to None, run_after=None
[2025-02-13T00:10:52.457+0000] {logging_mixin.py:190} INFO - [2025-02-13T00:10:52.457+0000] {dag.py:4180} INFO - Setting next_dagrun for example_xcom_args_with_operators to None, run_after=None
[2025-02-13T00:10:52.489+0000] {processor.py:208} INFO - Processing /home/airflow/.local/lib/python3.12/site-packages/airflow/example_dags/example_xcomargs.py took 0.154 seconds
[2025-02-13T00:11:23.769+0000] {processor.py:186} INFO - Started process (PID=542) to work on /home/airflow/.local/lib/python3.12/site-packages/airflow/example_dags/example_xcomargs.py
[2025-02-13T00:11:23.770+0000] {processor.py:914} INFO - Processing file /home/airflow/.local/lib/python3.12/site-packages/airflow/example_dags/example_xcomargs.py for tasks to queue
[2025-02-13T00:11:23.772+0000] {logging_mixin.py:190} INFO - [2025-02-13T00:11:23.772+0000] {dagbag.py:588} INFO - Filling up the DagBag from /home/airflow/.local/lib/python3.12/site-packages/airflow/example_dags/example_xcomargs.py
[2025-02-13T00:11:23.786+0000] {processor.py:925} INFO - DAG(s) 'example_xcom_args_with_operators', 'example_xcom_args' retrieved from /home/airflow/.local/lib/python3.12/site-packages/airflow/example_dags/example_xcomargs.py
[2025-02-13T00:11:23.812+0000] {logging_mixin.py:190} INFO - [2025-02-13T00:11:23.812+0000] {dag.py:3239} INFO - Sync 2 DAGs
[2025-02-13T00:11:23.833+0000] {logging_mixin.py:190} INFO - [2025-02-13T00:11:23.833+0000] {dag.py:4180} INFO - Setting next_dagrun for example_xcom_args to None, run_after=None
[2025-02-13T00:11:23.837+0000] {logging_mixin.py:190} INFO - [2025-02-13T00:11:23.837+0000] {dag.py:4180} INFO - Setting next_dagrun for example_xcom_args_with_operators to None, run_after=None
[2025-02-13T00:11:23.856+0000] {processor.py:208} INFO - Processing /home/airflow/.local/lib/python3.12/site-packages/airflow/example_dags/example_xcomargs.py took 0.095 seconds
[2025-02-13T00:11:54.557+0000] {processor.py:186} INFO - Started process (PID=608) to work on /home/airflow/.local/lib/python3.12/site-packages/airflow/example_dags/example_xcomargs.py
[2025-02-13T00:11:54.558+0000] {processor.py:914} INFO - Processing file /home/airflow/.local/lib/python3.12/site-packages/airflow/example_dags/example_xcomargs.py for tasks to queue
[2025-02-13T00:11:54.562+0000] {logging_mixin.py:190} INFO - [2025-02-13T00:11:54.562+0000] {dagbag.py:588} INFO - Filling up the DagBag from /home/airflow/.local/lib/python3.12/site-packages/airflow/example_dags/example_xcomargs.py
[2025-02-13T00:11:54.573+0000] {processor.py:925} INFO - DAG(s) 'example_xcom_args', 'example_xcom_args_with_operators' retrieved from /home/airflow/.local/lib/python3.12/site-packages/airflow/example_dags/example_xcomargs.py
[2025-02-13T00:11:54.600+0000] {logging_mixin.py:190} INFO - [2025-02-13T00:11:54.600+0000] {dag.py:3239} INFO - Sync 2 DAGs
[2025-02-13T00:11:54.618+0000] {logging_mixin.py:190} INFO - [2025-02-13T00:11:54.618+0000] {dag.py:4180} INFO - Setting next_dagrun for example_xcom_args to None, run_after=None
[2025-02-13T00:11:54.622+0000] {logging_mixin.py:190} INFO - [2025-02-13T00:11:54.622+0000] {dag.py:4180} INFO - Setting next_dagrun for example_xcom_args_with_operators to None, run_after=None
[2025-02-13T00:11:54.640+0000] {processor.py:208} INFO - Processing /home/airflow/.local/lib/python3.12/site-packages/airflow/example_dags/example_xcomargs.py took 0.090 seconds
[2025-02-13T00:12:25.563+0000] {processor.py:186} INFO - Started process (PID=674) to work on /home/airflow/.local/lib/python3.12/site-packages/airflow/example_dags/example_xcomargs.py
[2025-02-13T00:12:25.564+0000] {processor.py:914} INFO - Processing file /home/airflow/.local/lib/python3.12/site-packages/airflow/example_dags/example_xcomargs.py for tasks to queue
[2025-02-13T00:12:25.566+0000] {logging_mixin.py:190} INFO - [2025-02-13T00:12:25.566+0000] {dagbag.py:588} INFO - Filling up the DagBag from /home/airflow/.local/lib/python3.12/site-packages/airflow/example_dags/example_xcomargs.py
[2025-02-13T00:12:25.582+0000] {processor.py:925} INFO - DAG(s) 'example_xcom_args_with_operators', 'example_xcom_args' retrieved from /home/airflow/.local/lib/python3.12/site-packages/airflow/example_dags/example_xcomargs.py
[2025-02-13T00:12:25.608+0000] {logging_mixin.py:190} INFO - [2025-02-13T00:12:25.608+0000] {dag.py:3239} INFO - Sync 2 DAGs
[2025-02-13T00:12:25.627+0000] {logging_mixin.py:190} INFO - [2025-02-13T00:12:25.627+0000] {dag.py:4180} INFO - Setting next_dagrun for example_xcom_args to None, run_after=None
[2025-02-13T00:12:25.635+0000] {logging_mixin.py:190} INFO - [2025-02-13T00:12:25.634+0000] {dag.py:4180} INFO - Setting next_dagrun for example_xcom_args_with_operators to None, run_after=None
[2025-02-13T00:12:25.659+0000] {processor.py:208} INFO - Processing /home/airflow/.local/lib/python3.12/site-packages/airflow/example_dags/example_xcomargs.py took 0.104 seconds
[2025-02-13T00:12:56.887+0000] {processor.py:186} INFO - Started process (PID=740) to work on /home/airflow/.local/lib/python3.12/site-packages/airflow/example_dags/example_xcomargs.py
[2025-02-13T00:12:56.888+0000] {processor.py:914} INFO - Processing file /home/airflow/.local/lib/python3.12/site-packages/airflow/example_dags/example_xcomargs.py for tasks to queue
[2025-02-13T00:12:56.891+0000] {logging_mixin.py:190} INFO - [2025-02-13T00:12:56.890+0000] {dagbag.py:588} INFO - Filling up the DagBag from /home/airflow/.local/lib/python3.12/site-packages/airflow/example_dags/example_xcomargs.py
[2025-02-13T00:12:56.903+0000] {processor.py:925} INFO - DAG(s) 'example_xcom_args_with_operators', 'example_xcom_args' retrieved from /home/airflow/.local/lib/python3.12/site-packages/airflow/example_dags/example_xcomargs.py
[2025-02-13T00:12:56.928+0000] {logging_mixin.py:190} INFO - [2025-02-13T00:12:56.928+0000] {dag.py:3239} INFO - Sync 2 DAGs
[2025-02-13T00:12:56.946+0000] {logging_mixin.py:190} INFO - [2025-02-13T00:12:56.945+0000] {dag.py:4180} INFO - Setting next_dagrun for example_xcom_args to None, run_after=None
[2025-02-13T00:12:56.950+0000] {logging_mixin.py:190} INFO - [2025-02-13T00:12:56.949+0000] {dag.py:4180} INFO - Setting next_dagrun for example_xcom_args_with_operators to None, run_after=None
[2025-02-13T00:12:56.968+0000] {processor.py:208} INFO - Processing /home/airflow/.local/lib/python3.12/site-packages/airflow/example_dags/example_xcomargs.py took 0.087 seconds
[2025-02-13T00:13:28.593+0000] {processor.py:186} INFO - Started process (PID=806) to work on /home/airflow/.local/lib/python3.12/site-packages/airflow/example_dags/example_xcomargs.py
[2025-02-13T00:13:28.594+0000] {processor.py:914} INFO - Processing file /home/airflow/.local/lib/python3.12/site-packages/airflow/example_dags/example_xcomargs.py for tasks to queue
[2025-02-13T00:13:28.598+0000] {logging_mixin.py:190} INFO - [2025-02-13T00:13:28.597+0000] {dagbag.py:588} INFO - Filling up the DagBag from /home/airflow/.local/lib/python3.12/site-packages/airflow/example_dags/example_xcomargs.py
[2025-02-13T00:13:28.613+0000] {processor.py:925} INFO - DAG(s) 'example_xcom_args', 'example_xcom_args_with_operators' retrieved from /home/airflow/.local/lib/python3.12/site-packages/airflow/example_dags/example_xcomargs.py
[2025-02-13T00:13:28.638+0000] {logging_mixin.py:190} INFO - [2025-02-13T00:13:28.638+0000] {dag.py:3239} INFO - Sync 2 DAGs
[2025-02-13T00:13:28.661+0000] {logging_mixin.py:190} INFO - [2025-02-13T00:13:28.660+0000] {dag.py:4180} INFO - Setting next_dagrun for example_xcom_args to None, run_after=None
[2025-02-13T00:13:28.667+0000] {logging_mixin.py:190} INFO - [2025-02-13T00:13:28.667+0000] {dag.py:4180} INFO - Setting next_dagrun for example_xcom_args_with_operators to None, run_after=None
[2025-02-13T00:13:28.691+0000] {processor.py:208} INFO - Processing /home/airflow/.local/lib/python3.12/site-packages/airflow/example_dags/example_xcomargs.py took 0.106 seconds
[2025-02-13T00:14:00.376+0000] {processor.py:186} INFO - Started process (PID=872) to work on /home/airflow/.local/lib/python3.12/site-packages/airflow/example_dags/example_xcomargs.py
[2025-02-13T00:14:00.381+0000] {processor.py:914} INFO - Processing file /home/airflow/.local/lib/python3.12/site-packages/airflow/example_dags/example_xcomargs.py for tasks to queue
[2025-02-13T00:14:00.385+0000] {logging_mixin.py:190} INFO - [2025-02-13T00:14:00.385+0000] {dagbag.py:588} INFO - Filling up the DagBag from /home/airflow/.local/lib/python3.12/site-packages/airflow/example_dags/example_xcomargs.py
[2025-02-13T00:14:00.405+0000] {processor.py:925} INFO - DAG(s) 'example_xcom_args', 'example_xcom_args_with_operators' retrieved from /home/airflow/.local/lib/python3.12/site-packages/airflow/example_dags/example_xcomargs.py
[2025-02-13T00:14:00.464+0000] {logging_mixin.py:190} INFO - [2025-02-13T00:14:00.464+0000] {dag.py:3239} INFO - Sync 2 DAGs
[2025-02-13T00:14:00.506+0000] {logging_mixin.py:190} INFO - [2025-02-13T00:14:00.506+0000] {dag.py:4180} INFO - Setting next_dagrun for example_xcom_args to None, run_after=None
[2025-02-13T00:14:00.515+0000] {logging_mixin.py:190} INFO - [2025-02-13T00:14:00.515+0000] {dag.py:4180} INFO - Setting next_dagrun for example_xcom_args_with_operators to None, run_after=None
[2025-02-13T00:14:00.563+0000] {processor.py:208} INFO - Processing /home/airflow/.local/lib/python3.12/site-packages/airflow/example_dags/example_xcomargs.py took 0.196 seconds
[2025-02-13T00:14:32.304+0000] {processor.py:186} INFO - Started process (PID=939) to work on /home/airflow/.local/lib/python3.12/site-packages/airflow/example_dags/example_xcomargs.py
[2025-02-13T00:14:32.306+0000] {processor.py:914} INFO - Processing file /home/airflow/.local/lib/python3.12/site-packages/airflow/example_dags/example_xcomargs.py for tasks to queue
[2025-02-13T00:14:32.311+0000] {logging_mixin.py:190} INFO - [2025-02-13T00:14:32.310+0000] {dagbag.py:588} INFO - Filling up the DagBag from /home/airflow/.local/lib/python3.12/site-packages/airflow/example_dags/example_xcomargs.py
[2025-02-13T00:14:32.325+0000] {processor.py:925} INFO - DAG(s) 'example_xcom_args_with_operators', 'example_xcom_args' retrieved from /home/airflow/.local/lib/python3.12/site-packages/airflow/example_dags/example_xcomargs.py
[2025-02-13T00:14:32.365+0000] {logging_mixin.py:190} INFO - [2025-02-13T00:14:32.364+0000] {dag.py:3239} INFO - Sync 2 DAGs
[2025-02-13T00:14:32.386+0000] {logging_mixin.py:190} INFO - [2025-02-13T00:14:32.386+0000] {dag.py:4180} INFO - Setting next_dagrun for example_xcom_args to None, run_after=None
[2025-02-13T00:14:32.392+0000] {logging_mixin.py:190} INFO - [2025-02-13T00:14:32.391+0000] {dag.py:4180} INFO - Setting next_dagrun for example_xcom_args_with_operators to None, run_after=None
[2025-02-13T00:14:32.429+0000] {processor.py:208} INFO - Processing /home/airflow/.local/lib/python3.12/site-packages/airflow/example_dags/example_xcomargs.py took 0.134 seconds
[2025-02-13T00:15:05.605+0000] {processor.py:186} INFO - Started process (PID=1006) to work on /home/airflow/.local/lib/python3.12/site-packages/airflow/example_dags/example_xcomargs.py
[2025-02-13T00:15:05.606+0000] {processor.py:914} INFO - Processing file /home/airflow/.local/lib/python3.12/site-packages/airflow/example_dags/example_xcomargs.py for tasks to queue
[2025-02-13T00:15:05.611+0000] {logging_mixin.py:190} INFO - [2025-02-13T00:15:05.611+0000] {dagbag.py:588} INFO - Filling up the DagBag from /home/airflow/.local/lib/python3.12/site-packages/airflow/example_dags/example_xcomargs.py
[2025-02-13T00:15:05.634+0000] {processor.py:925} INFO - DAG(s) 'example_xcom_args', 'example_xcom_args_with_operators' retrieved from /home/airflow/.local/lib/python3.12/site-packages/airflow/example_dags/example_xcomargs.py
[2025-02-13T00:15:05.685+0000] {logging_mixin.py:190} INFO - [2025-02-13T00:15:05.685+0000] {dag.py:3239} INFO - Sync 2 DAGs
[2025-02-13T00:15:05.704+0000] {logging_mixin.py:190} INFO - [2025-02-13T00:15:05.704+0000] {dag.py:4180} INFO - Setting next_dagrun for example_xcom_args to None, run_after=None
[2025-02-13T00:15:05.712+0000] {logging_mixin.py:190} INFO - [2025-02-13T00:15:05.711+0000] {dag.py:4180} INFO - Setting next_dagrun for example_xcom_args_with_operators to None, run_after=None
[2025-02-13T00:15:05.738+0000] {processor.py:208} INFO - Processing /home/airflow/.local/lib/python3.12/site-packages/airflow/example_dags/example_xcomargs.py took 0.141 seconds
[2025-02-13T00:15:36.359+0000] {processor.py:186} INFO - Started process (PID=1071) to work on /home/airflow/.local/lib/python3.12/site-packages/airflow/example_dags/example_xcomargs.py
[2025-02-13T00:15:36.360+0000] {processor.py:914} INFO - Processing file /home/airflow/.local/lib/python3.12/site-packages/airflow/example_dags/example_xcomargs.py for tasks to queue
[2025-02-13T00:15:36.362+0000] {logging_mixin.py:190} INFO - [2025-02-13T00:15:36.362+0000] {dagbag.py:588} INFO - Filling up the DagBag from /home/airflow/.local/lib/python3.12/site-packages/airflow/example_dags/example_xcomargs.py
[2025-02-13T00:15:36.373+0000] {processor.py:925} INFO - DAG(s) 'example_xcom_args', 'example_xcom_args_with_operators' retrieved from /home/airflow/.local/lib/python3.12/site-packages/airflow/example_dags/example_xcomargs.py
[2025-02-13T00:15:36.399+0000] {logging_mixin.py:190} INFO - [2025-02-13T00:15:36.399+0000] {dag.py:3239} INFO - Sync 2 DAGs
[2025-02-13T00:15:36.417+0000] {logging_mixin.py:190} INFO - [2025-02-13T00:15:36.417+0000] {dag.py:4180} INFO - Setting next_dagrun for example_xcom_args to None, run_after=None
[2025-02-13T00:15:36.423+0000] {logging_mixin.py:190} INFO - [2025-02-13T00:15:36.423+0000] {dag.py:4180} INFO - Setting next_dagrun for example_xcom_args_with_operators to None, run_after=None
[2025-02-13T00:15:36.449+0000] {processor.py:208} INFO - Processing /home/airflow/.local/lib/python3.12/site-packages/airflow/example_dags/example_xcomargs.py took 0.098 seconds
[2025-02-13T00:16:07.492+0000] {processor.py:186} INFO - Started process (PID=1138) to work on /home/airflow/.local/lib/python3.12/site-packages/airflow/example_dags/example_xcomargs.py
[2025-02-13T00:16:07.494+0000] {processor.py:914} INFO - Processing file /home/airflow/.local/lib/python3.12/site-packages/airflow/example_dags/example_xcomargs.py for tasks to queue
[2025-02-13T00:16:07.497+0000] {logging_mixin.py:190} INFO - [2025-02-13T00:16:07.496+0000] {dagbag.py:588} INFO - Filling up the DagBag from /home/airflow/.local/lib/python3.12/site-packages/airflow/example_dags/example_xcomargs.py
[2025-02-13T00:16:07.507+0000] {processor.py:925} INFO - DAG(s) 'example_xcom_args', 'example_xcom_args_with_operators' retrieved from /home/airflow/.local/lib/python3.12/site-packages/airflow/example_dags/example_xcomargs.py
[2025-02-13T00:16:07.533+0000] {logging_mixin.py:190} INFO - [2025-02-13T00:16:07.532+0000] {dag.py:3239} INFO - Sync 2 DAGs
[2025-02-13T00:16:07.550+0000] {logging_mixin.py:190} INFO - [2025-02-13T00:16:07.549+0000] {dag.py:4180} INFO - Setting next_dagrun for example_xcom_args to None, run_after=None
[2025-02-13T00:16:07.554+0000] {logging_mixin.py:190} INFO - [2025-02-13T00:16:07.554+0000] {dag.py:4180} INFO - Setting next_dagrun for example_xcom_args_with_operators to None, run_after=None
[2025-02-13T00:16:07.572+0000] {processor.py:208} INFO - Processing /home/airflow/.local/lib/python3.12/site-packages/airflow/example_dags/example_xcomargs.py took 0.085 seconds
[2025-02-13T00:16:39.421+0000] {processor.py:186} INFO - Started process (PID=1210) to work on /home/airflow/.local/lib/python3.12/site-packages/airflow/example_dags/example_xcomargs.py
[2025-02-13T00:16:39.428+0000] {processor.py:914} INFO - Processing file /home/airflow/.local/lib/python3.12/site-packages/airflow/example_dags/example_xcomargs.py for tasks to queue
[2025-02-13T00:16:39.432+0000] {logging_mixin.py:190} INFO - [2025-02-13T00:16:39.432+0000] {dagbag.py:588} INFO - Filling up the DagBag from /home/airflow/.local/lib/python3.12/site-packages/airflow/example_dags/example_xcomargs.py
[2025-02-13T00:16:39.447+0000] {processor.py:925} INFO - DAG(s) 'example_xcom_args', 'example_xcom_args_with_operators' retrieved from /home/airflow/.local/lib/python3.12/site-packages/airflow/example_dags/example_xcomargs.py
[2025-02-13T00:16:39.475+0000] {logging_mixin.py:190} INFO - [2025-02-13T00:16:39.475+0000] {dag.py:3239} INFO - Sync 2 DAGs
[2025-02-13T00:16:39.498+0000] {logging_mixin.py:190} INFO - [2025-02-13T00:16:39.497+0000] {dag.py:4180} INFO - Setting next_dagrun for example_xcom_args to None, run_after=None
[2025-02-13T00:16:39.503+0000] {logging_mixin.py:190} INFO - [2025-02-13T00:16:39.503+0000] {dag.py:4180} INFO - Setting next_dagrun for example_xcom_args_with_operators to None, run_after=None
[2025-02-13T00:16:39.526+0000] {processor.py:208} INFO - Processing /home/airflow/.local/lib/python3.12/site-packages/airflow/example_dags/example_xcomargs.py took 0.123 seconds
[2025-02-13T00:17:10.606+0000] {processor.py:186} INFO - Started process (PID=1276) to work on /home/airflow/.local/lib/python3.12/site-packages/airflow/example_dags/example_xcomargs.py
[2025-02-13T00:17:10.608+0000] {processor.py:914} INFO - Processing file /home/airflow/.local/lib/python3.12/site-packages/airflow/example_dags/example_xcomargs.py for tasks to queue
[2025-02-13T00:17:10.610+0000] {logging_mixin.py:190} INFO - [2025-02-13T00:17:10.610+0000] {dagbag.py:588} INFO - Filling up the DagBag from /home/airflow/.local/lib/python3.12/site-packages/airflow/example_dags/example_xcomargs.py
[2025-02-13T00:17:10.621+0000] {processor.py:925} INFO - DAG(s) 'example_xcom_args_with_operators', 'example_xcom_args' retrieved from /home/airflow/.local/lib/python3.12/site-packages/airflow/example_dags/example_xcomargs.py
[2025-02-13T00:17:10.647+0000] {logging_mixin.py:190} INFO - [2025-02-13T00:17:10.646+0000] {dag.py:3239} INFO - Sync 2 DAGs
[2025-02-13T00:17:10.666+0000] {logging_mixin.py:190} INFO - [2025-02-13T00:17:10.666+0000] {dag.py:4180} INFO - Setting next_dagrun for example_xcom_args to None, run_after=None
[2025-02-13T00:17:10.671+0000] {logging_mixin.py:190} INFO - [2025-02-13T00:17:10.671+0000] {dag.py:4180} INFO - Setting next_dagrun for example_xcom_args_with_operators to None, run_after=None
[2025-02-13T00:17:10.691+0000] {processor.py:208} INFO - Processing /home/airflow/.local/lib/python3.12/site-packages/airflow/example_dags/example_xcomargs.py took 0.092 seconds
[2025-02-13T00:17:42.186+0000] {processor.py:186} INFO - Started process (PID=1342) to work on /home/airflow/.local/lib/python3.12/site-packages/airflow/example_dags/example_xcomargs.py
[2025-02-13T00:17:42.187+0000] {processor.py:914} INFO - Processing file /home/airflow/.local/lib/python3.12/site-packages/airflow/example_dags/example_xcomargs.py for tasks to queue
[2025-02-13T00:17:42.191+0000] {logging_mixin.py:190} INFO - [2025-02-13T00:17:42.191+0000] {dagbag.py:588} INFO - Filling up the DagBag from /home/airflow/.local/lib/python3.12/site-packages/airflow/example_dags/example_xcomargs.py
[2025-02-13T00:17:42.202+0000] {processor.py:925} INFO - DAG(s) 'example_xcom_args', 'example_xcom_args_with_operators' retrieved from /home/airflow/.local/lib/python3.12/site-packages/airflow/example_dags/example_xcomargs.py
[2025-02-13T00:17:42.234+0000] {logging_mixin.py:190} INFO - [2025-02-13T00:17:42.234+0000] {dag.py:3239} INFO - Sync 2 DAGs
[2025-02-13T00:17:42.261+0000] {logging_mixin.py:190} INFO - [2025-02-13T00:17:42.261+0000] {dag.py:4180} INFO - Setting next_dagrun for example_xcom_args to None, run_after=None
[2025-02-13T00:17:42.266+0000] {logging_mixin.py:190} INFO - [2025-02-13T00:17:42.266+0000] {dag.py:4180} INFO - Setting next_dagrun for example_xcom_args_with_operators to None, run_after=None
[2025-02-13T00:17:42.291+0000] {processor.py:208} INFO - Processing /home/airflow/.local/lib/python3.12/site-packages/airflow/example_dags/example_xcomargs.py took 0.113 seconds
[2025-02-13T00:18:13.550+0000] {processor.py:186} INFO - Started process (PID=1408) to work on /home/airflow/.local/lib/python3.12/site-packages/airflow/example_dags/example_xcomargs.py
[2025-02-13T00:18:13.551+0000] {processor.py:914} INFO - Processing file /home/airflow/.local/lib/python3.12/site-packages/airflow/example_dags/example_xcomargs.py for tasks to queue
[2025-02-13T00:18:13.554+0000] {logging_mixin.py:190} INFO - [2025-02-13T00:18:13.554+0000] {dagbag.py:588} INFO - Filling up the DagBag from /home/airflow/.local/lib/python3.12/site-packages/airflow/example_dags/example_xcomargs.py
[2025-02-13T00:18:13.569+0000] {processor.py:925} INFO - DAG(s) 'example_xcom_args', 'example_xcom_args_with_operators' retrieved from /home/airflow/.local/lib/python3.12/site-packages/airflow/example_dags/example_xcomargs.py
[2025-02-13T00:18:13.604+0000] {logging_mixin.py:190} INFO - [2025-02-13T00:18:13.604+0000] {dag.py:3239} INFO - Sync 2 DAGs
[2025-02-13T00:18:13.631+0000] {logging_mixin.py:190} INFO - [2025-02-13T00:18:13.630+0000] {dag.py:4180} INFO - Setting next_dagrun for example_xcom_args to None, run_after=None
[2025-02-13T00:18:13.635+0000] {logging_mixin.py:190} INFO - [2025-02-13T00:18:13.634+0000] {dag.py:4180} INFO - Setting next_dagrun for example_xcom_args_with_operators to None, run_after=None
[2025-02-13T00:18:13.662+0000] {processor.py:208} INFO - Processing /home/airflow/.local/lib/python3.12/site-packages/airflow/example_dags/example_xcomargs.py took 0.118 seconds
[2025-02-13T00:18:44.712+0000] {processor.py:186} INFO - Started process (PID=1474) to work on /home/airflow/.local/lib/python3.12/site-packages/airflow/example_dags/example_xcomargs.py
[2025-02-13T00:18:44.713+0000] {processor.py:914} INFO - Processing file /home/airflow/.local/lib/python3.12/site-packages/airflow/example_dags/example_xcomargs.py for tasks to queue
[2025-02-13T00:18:44.716+0000] {logging_mixin.py:190} INFO - [2025-02-13T00:18:44.716+0000] {dagbag.py:588} INFO - Filling up the DagBag from /home/airflow/.local/lib/python3.12/site-packages/airflow/example_dags/example_xcomargs.py
[2025-02-13T00:18:44.732+0000] {processor.py:925} INFO - DAG(s) 'example_xcom_args', 'example_xcom_args_with_operators' retrieved from /home/airflow/.local/lib/python3.12/site-packages/airflow/example_dags/example_xcomargs.py
[2025-02-13T00:18:44.760+0000] {logging_mixin.py:190} INFO - [2025-02-13T00:18:44.760+0000] {dag.py:3239} INFO - Sync 2 DAGs
[2025-02-13T00:18:44.781+0000] {logging_mixin.py:190} INFO - [2025-02-13T00:18:44.780+0000] {dag.py:4180} INFO - Setting next_dagrun for example_xcom_args to None, run_after=None
[2025-02-13T00:18:44.787+0000] {logging_mixin.py:190} INFO - [2025-02-13T00:18:44.787+0000] {dag.py:4180} INFO - Setting next_dagrun for example_xcom_args_with_operators to None, run_after=None
[2025-02-13T00:18:44.810+0000] {processor.py:208} INFO - Processing /home/airflow/.local/lib/python3.12/site-packages/airflow/example_dags/example_xcomargs.py took 0.107 seconds
[2025-02-13T00:19:15.457+0000] {processor.py:186} INFO - Started process (PID=1541) to work on /home/airflow/.local/lib/python3.12/site-packages/airflow/example_dags/example_xcomargs.py
[2025-02-13T00:19:15.459+0000] {processor.py:914} INFO - Processing file /home/airflow/.local/lib/python3.12/site-packages/airflow/example_dags/example_xcomargs.py for tasks to queue
[2025-02-13T00:19:15.462+0000] {logging_mixin.py:190} INFO - [2025-02-13T00:19:15.462+0000] {dagbag.py:588} INFO - Filling up the DagBag from /home/airflow/.local/lib/python3.12/site-packages/airflow/example_dags/example_xcomargs.py
[2025-02-13T00:19:15.477+0000] {processor.py:925} INFO - DAG(s) 'example_xcom_args_with_operators', 'example_xcom_args' retrieved from /home/airflow/.local/lib/python3.12/site-packages/airflow/example_dags/example_xcomargs.py
[2025-02-13T00:19:15.533+0000] {logging_mixin.py:190} INFO - [2025-02-13T00:19:15.533+0000] {dag.py:3239} INFO - Sync 2 DAGs
[2025-02-13T00:19:15.572+0000] {logging_mixin.py:190} INFO - [2025-02-13T00:19:15.564+0000] {dag.py:4180} INFO - Setting next_dagrun for example_xcom_args to None, run_after=None
[2025-02-13T00:19:15.583+0000] {logging_mixin.py:190} INFO - [2025-02-13T00:19:15.582+0000] {dag.py:4180} INFO - Setting next_dagrun for example_xcom_args_with_operators to None, run_after=None
[2025-02-13T00:19:15.617+0000] {processor.py:208} INFO - Processing /home/airflow/.local/lib/python3.12/site-packages/airflow/example_dags/example_xcomargs.py took 0.169 seconds
[2025-02-13T00:19:45.980+0000] {processor.py:186} INFO - Started process (PID=1607) to work on /home/airflow/.local/lib/python3.12/site-packages/airflow/example_dags/example_xcomargs.py
[2025-02-13T00:19:45.982+0000] {processor.py:914} INFO - Processing file /home/airflow/.local/lib/python3.12/site-packages/airflow/example_dags/example_xcomargs.py for tasks to queue
[2025-02-13T00:19:45.984+0000] {logging_mixin.py:190} INFO - [2025-02-13T00:19:45.984+0000] {dagbag.py:588} INFO - Filling up the DagBag from /home/airflow/.local/lib/python3.12/site-packages/airflow/example_dags/example_xcomargs.py
[2025-02-13T00:19:45.996+0000] {processor.py:925} INFO - DAG(s) 'example_xcom_args', 'example_xcom_args_with_operators' retrieved from /home/airflow/.local/lib/python3.12/site-packages/airflow/example_dags/example_xcomargs.py
[2025-02-13T00:19:46.020+0000] {logging_mixin.py:190} INFO - [2025-02-13T00:19:46.019+0000] {dag.py:3239} INFO - Sync 2 DAGs
[2025-02-13T00:19:46.042+0000] {logging_mixin.py:190} INFO - [2025-02-13T00:19:46.042+0000] {dag.py:4180} INFO - Setting next_dagrun for example_xcom_args to None, run_after=None
[2025-02-13T00:19:46.047+0000] {logging_mixin.py:190} INFO - [2025-02-13T00:19:46.047+0000] {dag.py:4180} INFO - Setting next_dagrun for example_xcom_args_with_operators to None, run_after=None
[2025-02-13T00:19:46.096+0000] {processor.py:208} INFO - Processing /home/airflow/.local/lib/python3.12/site-packages/airflow/example_dags/example_xcomargs.py took 0.122 seconds
[2025-02-13T00:20:17.010+0000] {processor.py:186} INFO - Started process (PID=1672) to work on /home/airflow/.local/lib/python3.12/site-packages/airflow/example_dags/example_xcomargs.py
[2025-02-13T00:20:17.011+0000] {processor.py:914} INFO - Processing file /home/airflow/.local/lib/python3.12/site-packages/airflow/example_dags/example_xcomargs.py for tasks to queue
[2025-02-13T00:20:17.023+0000] {logging_mixin.py:190} INFO - [2025-02-13T00:20:17.022+0000] {dagbag.py:588} INFO - Filling up the DagBag from /home/airflow/.local/lib/python3.12/site-packages/airflow/example_dags/example_xcomargs.py
[2025-02-13T00:20:17.060+0000] {processor.py:925} INFO - DAG(s) 'example_xcom_args', 'example_xcom_args_with_operators' retrieved from /home/airflow/.local/lib/python3.12/site-packages/airflow/example_dags/example_xcomargs.py
[2025-02-13T00:20:17.130+0000] {logging_mixin.py:190} INFO - [2025-02-13T00:20:17.130+0000] {dag.py:3239} INFO - Sync 2 DAGs
[2025-02-13T00:20:17.195+0000] {logging_mixin.py:190} INFO - [2025-02-13T00:20:17.195+0000] {dag.py:4180} INFO - Setting next_dagrun for example_xcom_args to None, run_after=None
[2025-02-13T00:20:17.208+0000] {logging_mixin.py:190} INFO - [2025-02-13T00:20:17.208+0000] {dag.py:4180} INFO - Setting next_dagrun for example_xcom_args_with_operators to None, run_after=None
[2025-02-13T00:20:17.252+0000] {processor.py:208} INFO - Processing /home/airflow/.local/lib/python3.12/site-packages/airflow/example_dags/example_xcomargs.py took 0.260 seconds
[2025-02-13T00:20:47.490+0000] {processor.py:186} INFO - Started process (PID=1738) to work on /home/airflow/.local/lib/python3.12/site-packages/airflow/example_dags/example_xcomargs.py
[2025-02-13T00:20:47.491+0000] {processor.py:914} INFO - Processing file /home/airflow/.local/lib/python3.12/site-packages/airflow/example_dags/example_xcomargs.py for tasks to queue
[2025-02-13T00:20:47.493+0000] {logging_mixin.py:190} INFO - [2025-02-13T00:20:47.493+0000] {dagbag.py:588} INFO - Filling up the DagBag from /home/airflow/.local/lib/python3.12/site-packages/airflow/example_dags/example_xcomargs.py
[2025-02-13T00:20:47.509+0000] {processor.py:925} INFO - DAG(s) 'example_xcom_args_with_operators', 'example_xcom_args' retrieved from /home/airflow/.local/lib/python3.12/site-packages/airflow/example_dags/example_xcomargs.py
[2025-02-13T00:20:47.543+0000] {logging_mixin.py:190} INFO - [2025-02-13T00:20:47.543+0000] {dag.py:3239} INFO - Sync 2 DAGs
[2025-02-13T00:20:47.570+0000] {logging_mixin.py:190} INFO - [2025-02-13T00:20:47.569+0000] {dag.py:4180} INFO - Setting next_dagrun for example_xcom_args to None, run_after=None
[2025-02-13T00:20:47.576+0000] {logging_mixin.py:190} INFO - [2025-02-13T00:20:47.576+0000] {dag.py:4180} INFO - Setting next_dagrun for example_xcom_args_with_operators to None, run_after=None
[2025-02-13T00:20:47.606+0000] {processor.py:208} INFO - Processing /home/airflow/.local/lib/python3.12/site-packages/airflow/example_dags/example_xcomargs.py took 0.126 seconds
[2025-02-13T00:21:18.334+0000] {processor.py:186} INFO - Started process (PID=1804) to work on /home/airflow/.local/lib/python3.12/site-packages/airflow/example_dags/example_xcomargs.py
[2025-02-13T00:21:18.341+0000] {processor.py:914} INFO - Processing file /home/airflow/.local/lib/python3.12/site-packages/airflow/example_dags/example_xcomargs.py for tasks to queue
[2025-02-13T00:21:18.351+0000] {logging_mixin.py:190} INFO - [2025-02-13T00:21:18.350+0000] {dagbag.py:588} INFO - Filling up the DagBag from /home/airflow/.local/lib/python3.12/site-packages/airflow/example_dags/example_xcomargs.py
[2025-02-13T00:21:18.396+0000] {processor.py:925} INFO - DAG(s) 'example_xcom_args', 'example_xcom_args_with_operators' retrieved from /home/airflow/.local/lib/python3.12/site-packages/airflow/example_dags/example_xcomargs.py
[2025-02-13T00:21:18.457+0000] {logging_mixin.py:190} INFO - [2025-02-13T00:21:18.456+0000] {dag.py:3239} INFO - Sync 2 DAGs
[2025-02-13T00:21:18.483+0000] {logging_mixin.py:190} INFO - [2025-02-13T00:21:18.482+0000] {dag.py:4180} INFO - Setting next_dagrun for example_xcom_args to None, run_after=None
[2025-02-13T00:21:18.491+0000] {logging_mixin.py:190} INFO - [2025-02-13T00:21:18.490+0000] {dag.py:4180} INFO - Setting next_dagrun for example_xcom_args_with_operators to None, run_after=None
[2025-02-13T00:21:18.519+0000] {processor.py:208} INFO - Processing /home/airflow/.local/lib/python3.12/site-packages/airflow/example_dags/example_xcomargs.py took 0.194 seconds
[2025-02-13T00:21:49.087+0000] {processor.py:186} INFO - Started process (PID=1869) to work on /home/airflow/.local/lib/python3.12/site-packages/airflow/example_dags/example_xcomargs.py
[2025-02-13T00:21:49.089+0000] {processor.py:914} INFO - Processing file /home/airflow/.local/lib/python3.12/site-packages/airflow/example_dags/example_xcomargs.py for tasks to queue
[2025-02-13T00:21:49.092+0000] {logging_mixin.py:190} INFO - [2025-02-13T00:21:49.091+0000] {dagbag.py:588} INFO - Filling up the DagBag from /home/airflow/.local/lib/python3.12/site-packages/airflow/example_dags/example_xcomargs.py
[2025-02-13T00:21:49.102+0000] {processor.py:925} INFO - DAG(s) 'example_xcom_args_with_operators', 'example_xcom_args' retrieved from /home/airflow/.local/lib/python3.12/site-packages/airflow/example_dags/example_xcomargs.py
[2025-02-13T00:21:49.130+0000] {logging_mixin.py:190} INFO - [2025-02-13T00:21:49.130+0000] {dag.py:3239} INFO - Sync 2 DAGs
[2025-02-13T00:21:49.148+0000] {logging_mixin.py:190} INFO - [2025-02-13T00:21:49.148+0000] {dag.py:4180} INFO - Setting next_dagrun for example_xcom_args to None, run_after=None
[2025-02-13T00:21:49.154+0000] {logging_mixin.py:190} INFO - [2025-02-13T00:21:49.154+0000] {dag.py:4180} INFO - Setting next_dagrun for example_xcom_args_with_operators to None, run_after=None
[2025-02-13T00:21:49.184+0000] {processor.py:208} INFO - Processing /home/airflow/.local/lib/python3.12/site-packages/airflow/example_dags/example_xcomargs.py took 0.103 seconds
[2025-02-13T00:22:20.065+0000] {processor.py:186} INFO - Started process (PID=1936) to work on /home/airflow/.local/lib/python3.12/site-packages/airflow/example_dags/example_xcomargs.py
[2025-02-13T00:22:20.065+0000] {processor.py:914} INFO - Processing file /home/airflow/.local/lib/python3.12/site-packages/airflow/example_dags/example_xcomargs.py for tasks to queue
[2025-02-13T00:22:20.070+0000] {logging_mixin.py:190} INFO - [2025-02-13T00:22:20.069+0000] {dagbag.py:588} INFO - Filling up the DagBag from /home/airflow/.local/lib/python3.12/site-packages/airflow/example_dags/example_xcomargs.py
[2025-02-13T00:22:20.079+0000] {processor.py:925} INFO - DAG(s) 'example_xcom_args_with_operators', 'example_xcom_args' retrieved from /home/airflow/.local/lib/python3.12/site-packages/airflow/example_dags/example_xcomargs.py
[2025-02-13T00:22:20.102+0000] {logging_mixin.py:190} INFO - [2025-02-13T00:22:20.101+0000] {dag.py:3239} INFO - Sync 2 DAGs
[2025-02-13T00:22:20.123+0000] {logging_mixin.py:190} INFO - [2025-02-13T00:22:20.122+0000] {dag.py:4180} INFO - Setting next_dagrun for example_xcom_args to None, run_after=None
[2025-02-13T00:22:20.139+0000] {logging_mixin.py:190} INFO - [2025-02-13T00:22:20.139+0000] {dag.py:4180} INFO - Setting next_dagrun for example_xcom_args_with_operators to None, run_after=None
[2025-02-13T00:22:20.207+0000] {processor.py:208} INFO - Processing /home/airflow/.local/lib/python3.12/site-packages/airflow/example_dags/example_xcomargs.py took 0.148 seconds
[2025-02-13T00:22:51.321+0000] {processor.py:186} INFO - Started process (PID=2002) to work on /home/airflow/.local/lib/python3.12/site-packages/airflow/example_dags/example_xcomargs.py
[2025-02-13T00:22:51.325+0000] {processor.py:914} INFO - Processing file /home/airflow/.local/lib/python3.12/site-packages/airflow/example_dags/example_xcomargs.py for tasks to queue
[2025-02-13T00:22:51.335+0000] {logging_mixin.py:190} INFO - [2025-02-13T00:22:51.335+0000] {dagbag.py:588} INFO - Filling up the DagBag from /home/airflow/.local/lib/python3.12/site-packages/airflow/example_dags/example_xcomargs.py
[2025-02-13T00:22:51.381+0000] {processor.py:925} INFO - DAG(s) 'example_xcom_args', 'example_xcom_args_with_operators' retrieved from /home/airflow/.local/lib/python3.12/site-packages/airflow/example_dags/example_xcomargs.py
[2025-02-13T00:22:51.450+0000] {logging_mixin.py:190} INFO - [2025-02-13T00:22:51.450+0000] {dag.py:3239} INFO - Sync 2 DAGs
[2025-02-13T00:22:51.526+0000] {logging_mixin.py:190} INFO - [2025-02-13T00:22:51.525+0000] {dag.py:4180} INFO - Setting next_dagrun for example_xcom_args to None, run_after=None
[2025-02-13T00:22:51.534+0000] {logging_mixin.py:190} INFO - [2025-02-13T00:22:51.534+0000] {dag.py:4180} INFO - Setting next_dagrun for example_xcom_args_with_operators to None, run_after=None
[2025-02-13T00:22:51.577+0000] {processor.py:208} INFO - Processing /home/airflow/.local/lib/python3.12/site-packages/airflow/example_dags/example_xcomargs.py took 0.264 seconds
[2025-02-13T00:23:21.665+0000] {processor.py:186} INFO - Started process (PID=2068) to work on /home/airflow/.local/lib/python3.12/site-packages/airflow/example_dags/example_xcomargs.py
[2025-02-13T00:23:21.666+0000] {processor.py:914} INFO - Processing file /home/airflow/.local/lib/python3.12/site-packages/airflow/example_dags/example_xcomargs.py for tasks to queue
[2025-02-13T00:23:21.669+0000] {logging_mixin.py:190} INFO - [2025-02-13T00:23:21.669+0000] {dagbag.py:588} INFO - Filling up the DagBag from /home/airflow/.local/lib/python3.12/site-packages/airflow/example_dags/example_xcomargs.py
[2025-02-13T00:23:21.683+0000] {processor.py:925} INFO - DAG(s) 'example_xcom_args', 'example_xcom_args_with_operators' retrieved from /home/airflow/.local/lib/python3.12/site-packages/airflow/example_dags/example_xcomargs.py
[2025-02-13T00:23:21.713+0000] {logging_mixin.py:190} INFO - [2025-02-13T00:23:21.713+0000] {dag.py:3239} INFO - Sync 2 DAGs
[2025-02-13T00:23:21.731+0000] {logging_mixin.py:190} INFO - [2025-02-13T00:23:21.730+0000] {dag.py:4180} INFO - Setting next_dagrun for example_xcom_args to None, run_after=None
[2025-02-13T00:23:21.736+0000] {logging_mixin.py:190} INFO - [2025-02-13T00:23:21.736+0000] {dag.py:4180} INFO - Setting next_dagrun for example_xcom_args_with_operators to None, run_after=None
[2025-02-13T00:23:21.753+0000] {processor.py:208} INFO - Processing /home/airflow/.local/lib/python3.12/site-packages/airflow/example_dags/example_xcomargs.py took 0.095 seconds
[2025-02-13T00:23:51.897+0000] {processor.py:186} INFO - Started process (PID=2134) to work on /home/airflow/.local/lib/python3.12/site-packages/airflow/example_dags/example_xcomargs.py
[2025-02-13T00:23:51.898+0000] {processor.py:914} INFO - Processing file /home/airflow/.local/lib/python3.12/site-packages/airflow/example_dags/example_xcomargs.py for tasks to queue
[2025-02-13T00:23:51.901+0000] {logging_mixin.py:190} INFO - [2025-02-13T00:23:51.901+0000] {dagbag.py:588} INFO - Filling up the DagBag from /home/airflow/.local/lib/python3.12/site-packages/airflow/example_dags/example_xcomargs.py
[2025-02-13T00:23:51.912+0000] {processor.py:925} INFO - DAG(s) 'example_xcom_args', 'example_xcom_args_with_operators' retrieved from /home/airflow/.local/lib/python3.12/site-packages/airflow/example_dags/example_xcomargs.py
[2025-02-13T00:23:51.941+0000] {logging_mixin.py:190} INFO - [2025-02-13T00:23:51.940+0000] {dag.py:3239} INFO - Sync 2 DAGs
[2025-02-13T00:23:51.960+0000] {logging_mixin.py:190} INFO - [2025-02-13T00:23:51.960+0000] {dag.py:4180} INFO - Setting next_dagrun for example_xcom_args to None, run_after=None
[2025-02-13T00:23:51.964+0000] {logging_mixin.py:190} INFO - [2025-02-13T00:23:51.964+0000] {dag.py:4180} INFO - Setting next_dagrun for example_xcom_args_with_operators to None, run_after=None
[2025-02-13T00:23:51.980+0000] {processor.py:208} INFO - Processing /home/airflow/.local/lib/python3.12/site-packages/airflow/example_dags/example_xcomargs.py took 0.091 seconds
[2025-02-13T00:24:22.455+0000] {processor.py:186} INFO - Started process (PID=2200) to work on /home/airflow/.local/lib/python3.12/site-packages/airflow/example_dags/example_xcomargs.py
[2025-02-13T00:24:22.456+0000] {processor.py:914} INFO - Processing file /home/airflow/.local/lib/python3.12/site-packages/airflow/example_dags/example_xcomargs.py for tasks to queue
[2025-02-13T00:24:22.459+0000] {logging_mixin.py:190} INFO - [2025-02-13T00:24:22.459+0000] {dagbag.py:588} INFO - Filling up the DagBag from /home/airflow/.local/lib/python3.12/site-packages/airflow/example_dags/example_xcomargs.py
[2025-02-13T00:24:22.473+0000] {processor.py:925} INFO - DAG(s) 'example_xcom_args', 'example_xcom_args_with_operators' retrieved from /home/airflow/.local/lib/python3.12/site-packages/airflow/example_dags/example_xcomargs.py
[2025-02-13T00:24:22.497+0000] {logging_mixin.py:190} INFO - [2025-02-13T00:24:22.497+0000] {dag.py:3239} INFO - Sync 2 DAGs
[2025-02-13T00:24:22.514+0000] {logging_mixin.py:190} INFO - [2025-02-13T00:24:22.514+0000] {dag.py:4180} INFO - Setting next_dagrun for example_xcom_args to None, run_after=None
[2025-02-13T00:24:22.519+0000] {logging_mixin.py:190} INFO - [2025-02-13T00:24:22.519+0000] {dag.py:4180} INFO - Setting next_dagrun for example_xcom_args_with_operators to None, run_after=None
[2025-02-13T00:24:22.534+0000] {processor.py:208} INFO - Processing /home/airflow/.local/lib/python3.12/site-packages/airflow/example_dags/example_xcomargs.py took 0.087 seconds
[2025-02-13T00:24:52.857+0000] {processor.py:186} INFO - Started process (PID=2266) to work on /home/airflow/.local/lib/python3.12/site-packages/airflow/example_dags/example_xcomargs.py
[2025-02-13T00:24:52.858+0000] {processor.py:914} INFO - Processing file /home/airflow/.local/lib/python3.12/site-packages/airflow/example_dags/example_xcomargs.py for tasks to queue
[2025-02-13T00:24:52.860+0000] {logging_mixin.py:190} INFO - [2025-02-13T00:24:52.860+0000] {dagbag.py:588} INFO - Filling up the DagBag from /home/airflow/.local/lib/python3.12/site-packages/airflow/example_dags/example_xcomargs.py
[2025-02-13T00:24:52.874+0000] {processor.py:925} INFO - DAG(s) 'example_xcom_args_with_operators', 'example_xcom_args' retrieved from /home/airflow/.local/lib/python3.12/site-packages/airflow/example_dags/example_xcomargs.py
[2025-02-13T00:24:52.897+0000] {logging_mixin.py:190} INFO - [2025-02-13T00:24:52.897+0000] {dag.py:3239} INFO - Sync 2 DAGs
[2025-02-13T00:24:52.916+0000] {logging_mixin.py:190} INFO - [2025-02-13T00:24:52.916+0000] {dag.py:4180} INFO - Setting next_dagrun for example_xcom_args to None, run_after=None
[2025-02-13T00:24:52.921+0000] {logging_mixin.py:190} INFO - [2025-02-13T00:24:52.921+0000] {dag.py:4180} INFO - Setting next_dagrun for example_xcom_args_with_operators to None, run_after=None
[2025-02-13T00:24:52.941+0000] {processor.py:208} INFO - Processing /home/airflow/.local/lib/python3.12/site-packages/airflow/example_dags/example_xcomargs.py took 0.091 seconds
[2025-02-13T00:25:23.064+0000] {processor.py:186} INFO - Started process (PID=2332) to work on /home/airflow/.local/lib/python3.12/site-packages/airflow/example_dags/example_xcomargs.py
[2025-02-13T00:25:23.065+0000] {processor.py:914} INFO - Processing file /home/airflow/.local/lib/python3.12/site-packages/airflow/example_dags/example_xcomargs.py for tasks to queue
[2025-02-13T00:25:23.068+0000] {logging_mixin.py:190} INFO - [2025-02-13T00:25:23.068+0000] {dagbag.py:588} INFO - Filling up the DagBag from /home/airflow/.local/lib/python3.12/site-packages/airflow/example_dags/example_xcomargs.py
[2025-02-13T00:25:23.080+0000] {processor.py:925} INFO - DAG(s) 'example_xcom_args_with_operators', 'example_xcom_args' retrieved from /home/airflow/.local/lib/python3.12/site-packages/airflow/example_dags/example_xcomargs.py
[2025-02-13T00:25:23.103+0000] {logging_mixin.py:190} INFO - [2025-02-13T00:25:23.103+0000] {dag.py:3239} INFO - Sync 2 DAGs
[2025-02-13T00:25:23.120+0000] {logging_mixin.py:190} INFO - [2025-02-13T00:25:23.120+0000] {dag.py:4180} INFO - Setting next_dagrun for example_xcom_args to None, run_after=None
[2025-02-13T00:25:23.124+0000] {logging_mixin.py:190} INFO - [2025-02-13T00:25:23.123+0000] {dag.py:4180} INFO - Setting next_dagrun for example_xcom_args_with_operators to None, run_after=None
[2025-02-13T00:25:23.141+0000] {processor.py:208} INFO - Processing /home/airflow/.local/lib/python3.12/site-packages/airflow/example_dags/example_xcomargs.py took 0.082 seconds
[2025-02-13T00:25:53.479+0000] {processor.py:186} INFO - Started process (PID=2398) to work on /home/airflow/.local/lib/python3.12/site-packages/airflow/example_dags/example_xcomargs.py
[2025-02-13T00:25:53.480+0000] {processor.py:914} INFO - Processing file /home/airflow/.local/lib/python3.12/site-packages/airflow/example_dags/example_xcomargs.py for tasks to queue
[2025-02-13T00:25:53.488+0000] {logging_mixin.py:190} INFO - [2025-02-13T00:25:53.486+0000] {dagbag.py:588} INFO - Filling up the DagBag from /home/airflow/.local/lib/python3.12/site-packages/airflow/example_dags/example_xcomargs.py
[2025-02-13T00:25:53.508+0000] {processor.py:925} INFO - DAG(s) 'example_xcom_args_with_operators', 'example_xcom_args' retrieved from /home/airflow/.local/lib/python3.12/site-packages/airflow/example_dags/example_xcomargs.py
[2025-02-13T00:25:53.554+0000] {logging_mixin.py:190} INFO - [2025-02-13T00:25:53.554+0000] {dag.py:3239} INFO - Sync 2 DAGs
[2025-02-13T00:25:53.577+0000] {logging_mixin.py:190} INFO - [2025-02-13T00:25:53.577+0000] {dag.py:4180} INFO - Setting next_dagrun for example_xcom_args to None, run_after=None
[2025-02-13T00:25:53.582+0000] {logging_mixin.py:190} INFO - [2025-02-13T00:25:53.582+0000] {dag.py:4180} INFO - Setting next_dagrun for example_xcom_args_with_operators to None, run_after=None
[2025-02-13T00:25:53.608+0000] {processor.py:208} INFO - Processing /home/airflow/.local/lib/python3.12/site-packages/airflow/example_dags/example_xcomargs.py took 0.136 seconds
[2025-02-13T00:26:24.114+0000] {processor.py:186} INFO - Started process (PID=2464) to work on /home/airflow/.local/lib/python3.12/site-packages/airflow/example_dags/example_xcomargs.py
[2025-02-13T00:26:24.117+0000] {processor.py:914} INFO - Processing file /home/airflow/.local/lib/python3.12/site-packages/airflow/example_dags/example_xcomargs.py for tasks to queue
[2025-02-13T00:26:24.127+0000] {logging_mixin.py:190} INFO - [2025-02-13T00:26:24.121+0000] {dagbag.py:588} INFO - Filling up the DagBag from /home/airflow/.local/lib/python3.12/site-packages/airflow/example_dags/example_xcomargs.py
[2025-02-13T00:26:24.152+0000] {processor.py:925} INFO - DAG(s) 'example_xcom_args', 'example_xcom_args_with_operators' retrieved from /home/airflow/.local/lib/python3.12/site-packages/airflow/example_dags/example_xcomargs.py
[2025-02-13T00:26:24.196+0000] {logging_mixin.py:190} INFO - [2025-02-13T00:26:24.196+0000] {dag.py:3239} INFO - Sync 2 DAGs
[2025-02-13T00:26:24.221+0000] {logging_mixin.py:190} INFO - [2025-02-13T00:26:24.221+0000] {dag.py:4180} INFO - Setting next_dagrun for example_xcom_args to None, run_after=None
[2025-02-13T00:26:24.227+0000] {logging_mixin.py:190} INFO - [2025-02-13T00:26:24.226+0000] {dag.py:4180} INFO - Setting next_dagrun for example_xcom_args_with_operators to None, run_after=None
[2025-02-13T00:26:24.246+0000] {processor.py:208} INFO - Processing /home/airflow/.local/lib/python3.12/site-packages/airflow/example_dags/example_xcomargs.py took 0.139 seconds
[2025-02-13T00:26:55.710+0000] {processor.py:186} INFO - Started process (PID=2529) to work on /home/airflow/.local/lib/python3.12/site-packages/airflow/example_dags/example_xcomargs.py
[2025-02-13T00:26:55.711+0000] {processor.py:914} INFO - Processing file /home/airflow/.local/lib/python3.12/site-packages/airflow/example_dags/example_xcomargs.py for tasks to queue
[2025-02-13T00:26:55.718+0000] {logging_mixin.py:190} INFO - [2025-02-13T00:26:55.718+0000] {dagbag.py:588} INFO - Filling up the DagBag from /home/airflow/.local/lib/python3.12/site-packages/airflow/example_dags/example_xcomargs.py
[2025-02-13T00:26:55.740+0000] {processor.py:925} INFO - DAG(s) 'example_xcom_args', 'example_xcom_args_with_operators' retrieved from /home/airflow/.local/lib/python3.12/site-packages/airflow/example_dags/example_xcomargs.py
[2025-02-13T00:26:55.792+0000] {logging_mixin.py:190} INFO - [2025-02-13T00:26:55.791+0000] {dag.py:3239} INFO - Sync 2 DAGs
[2025-02-13T00:26:55.823+0000] {logging_mixin.py:190} INFO - [2025-02-13T00:26:55.823+0000] {dag.py:4180} INFO - Setting next_dagrun for example_xcom_args to None, run_after=None
[2025-02-13T00:26:55.829+0000] {logging_mixin.py:190} INFO - [2025-02-13T00:26:55.829+0000] {dag.py:4180} INFO - Setting next_dagrun for example_xcom_args_with_operators to None, run_after=None
[2025-02-13T00:26:55.874+0000] {processor.py:208} INFO - Processing /home/airflow/.local/lib/python3.12/site-packages/airflow/example_dags/example_xcomargs.py took 0.174 seconds
[2025-02-13T00:27:26.055+0000] {processor.py:186} INFO - Started process (PID=2595) to work on /home/airflow/.local/lib/python3.12/site-packages/airflow/example_dags/example_xcomargs.py
[2025-02-13T00:27:26.056+0000] {processor.py:914} INFO - Processing file /home/airflow/.local/lib/python3.12/site-packages/airflow/example_dags/example_xcomargs.py for tasks to queue
[2025-02-13T00:27:26.068+0000] {logging_mixin.py:190} INFO - [2025-02-13T00:27:26.068+0000] {dagbag.py:588} INFO - Filling up the DagBag from /home/airflow/.local/lib/python3.12/site-packages/airflow/example_dags/example_xcomargs.py
[2025-02-13T00:27:26.106+0000] {processor.py:925} INFO - DAG(s) 'example_xcom_args_with_operators', 'example_xcom_args' retrieved from /home/airflow/.local/lib/python3.12/site-packages/airflow/example_dags/example_xcomargs.py
[2025-02-13T00:27:26.160+0000] {logging_mixin.py:190} INFO - [2025-02-13T00:27:26.159+0000] {dag.py:3239} INFO - Sync 2 DAGs
[2025-02-13T00:27:26.200+0000] {logging_mixin.py:190} INFO - [2025-02-13T00:27:26.199+0000] {dag.py:4180} INFO - Setting next_dagrun for example_xcom_args to None, run_after=None
[2025-02-13T00:27:26.205+0000] {logging_mixin.py:190} INFO - [2025-02-13T00:27:26.205+0000] {dag.py:4180} INFO - Setting next_dagrun for example_xcom_args_with_operators to None, run_after=None
[2025-02-13T00:27:26.259+0000] {processor.py:208} INFO - Processing /home/airflow/.local/lib/python3.12/site-packages/airflow/example_dags/example_xcomargs.py took 0.213 seconds
[2025-02-13T00:29:16.519+0000] {processor.py:186} INFO - Started process (PID=77) to work on /home/airflow/.local/lib/python3.12/site-packages/airflow/example_dags/example_xcomargs.py
[2025-02-13T00:29:16.521+0000] {processor.py:914} INFO - Processing file /home/airflow/.local/lib/python3.12/site-packages/airflow/example_dags/example_xcomargs.py for tasks to queue
[2025-02-13T00:29:16.525+0000] {logging_mixin.py:190} INFO - [2025-02-13T00:29:16.525+0000] {dagbag.py:588} INFO - Filling up the DagBag from /home/airflow/.local/lib/python3.12/site-packages/airflow/example_dags/example_xcomargs.py
[2025-02-13T00:29:16.543+0000] {processor.py:925} INFO - DAG(s) 'example_xcom_args_with_operators', 'example_xcom_args' retrieved from /home/airflow/.local/lib/python3.12/site-packages/airflow/example_dags/example_xcomargs.py
[2025-02-13T00:29:16.576+0000] {logging_mixin.py:190} INFO - [2025-02-13T00:29:16.576+0000] {dag.py:3239} INFO - Sync 2 DAGs
[2025-02-13T00:29:16.638+0000] {logging_mixin.py:190} INFO - [2025-02-13T00:29:16.638+0000] {dag.py:4180} INFO - Setting next_dagrun for example_xcom_args to None, run_after=None
[2025-02-13T00:29:16.643+0000] {logging_mixin.py:190} INFO - [2025-02-13T00:29:16.643+0000] {dag.py:4180} INFO - Setting next_dagrun for example_xcom_args_with_operators to None, run_after=None
[2025-02-13T00:29:16.694+0000] {processor.py:208} INFO - Processing /home/airflow/.local/lib/python3.12/site-packages/airflow/example_dags/example_xcomargs.py took 0.183 seconds
[2025-02-13T00:29:47.802+0000] {processor.py:186} INFO - Started process (PID=143) to work on /home/airflow/.local/lib/python3.12/site-packages/airflow/example_dags/example_xcomargs.py
[2025-02-13T00:29:47.810+0000] {processor.py:914} INFO - Processing file /home/airflow/.local/lib/python3.12/site-packages/airflow/example_dags/example_xcomargs.py for tasks to queue
[2025-02-13T00:29:47.822+0000] {logging_mixin.py:190} INFO - [2025-02-13T00:29:47.822+0000] {dagbag.py:588} INFO - Filling up the DagBag from /home/airflow/.local/lib/python3.12/site-packages/airflow/example_dags/example_xcomargs.py
[2025-02-13T00:29:47.854+0000] {processor.py:925} INFO - DAG(s) 'example_xcom_args_with_operators', 'example_xcom_args' retrieved from /home/airflow/.local/lib/python3.12/site-packages/airflow/example_dags/example_xcomargs.py
[2025-02-13T00:29:47.891+0000] {logging_mixin.py:190} INFO - [2025-02-13T00:29:47.890+0000] {dag.py:3239} INFO - Sync 2 DAGs
[2025-02-13T00:29:47.919+0000] {logging_mixin.py:190} INFO - [2025-02-13T00:29:47.919+0000] {dag.py:4180} INFO - Setting next_dagrun for example_xcom_args to None, run_after=None
[2025-02-13T00:29:47.924+0000] {logging_mixin.py:190} INFO - [2025-02-13T00:29:47.924+0000] {dag.py:4180} INFO - Setting next_dagrun for example_xcom_args_with_operators to None, run_after=None
[2025-02-13T00:29:47.967+0000] {processor.py:208} INFO - Processing /home/airflow/.local/lib/python3.12/site-packages/airflow/example_dags/example_xcomargs.py took 0.192 seconds
[2025-02-13T00:30:18.525+0000] {processor.py:186} INFO - Started process (PID=209) to work on /home/airflow/.local/lib/python3.12/site-packages/airflow/example_dags/example_xcomargs.py
[2025-02-13T00:30:18.526+0000] {processor.py:914} INFO - Processing file /home/airflow/.local/lib/python3.12/site-packages/airflow/example_dags/example_xcomargs.py for tasks to queue
[2025-02-13T00:30:18.530+0000] {logging_mixin.py:190} INFO - [2025-02-13T00:30:18.530+0000] {dagbag.py:588} INFO - Filling up the DagBag from /home/airflow/.local/lib/python3.12/site-packages/airflow/example_dags/example_xcomargs.py
[2025-02-13T00:30:18.543+0000] {processor.py:925} INFO - DAG(s) 'example_xcom_args_with_operators', 'example_xcom_args' retrieved from /home/airflow/.local/lib/python3.12/site-packages/airflow/example_dags/example_xcomargs.py
[2025-02-13T00:30:18.570+0000] {logging_mixin.py:190} INFO - [2025-02-13T00:30:18.570+0000] {dag.py:3239} INFO - Sync 2 DAGs
[2025-02-13T00:30:18.589+0000] {logging_mixin.py:190} INFO - [2025-02-13T00:30:18.588+0000] {dag.py:4180} INFO - Setting next_dagrun for example_xcom_args to None, run_after=None
[2025-02-13T00:30:18.593+0000] {logging_mixin.py:190} INFO - [2025-02-13T00:30:18.593+0000] {dag.py:4180} INFO - Setting next_dagrun for example_xcom_args_with_operators to None, run_after=None
[2025-02-13T00:30:18.613+0000] {processor.py:208} INFO - Processing /home/airflow/.local/lib/python3.12/site-packages/airflow/example_dags/example_xcomargs.py took 0.095 seconds
[2025-02-13T00:30:52.324+0000] {processor.py:186} INFO - Started process (PID=275) to work on /home/airflow/.local/lib/python3.12/site-packages/airflow/example_dags/example_xcomargs.py
[2025-02-13T00:30:52.325+0000] {processor.py:914} INFO - Processing file /home/airflow/.local/lib/python3.12/site-packages/airflow/example_dags/example_xcomargs.py for tasks to queue
[2025-02-13T00:30:52.329+0000] {logging_mixin.py:190} INFO - [2025-02-13T00:30:52.328+0000] {dagbag.py:588} INFO - Filling up the DagBag from /home/airflow/.local/lib/python3.12/site-packages/airflow/example_dags/example_xcomargs.py
[2025-02-13T00:30:52.340+0000] {processor.py:925} INFO - DAG(s) 'example_xcom_args', 'example_xcom_args_with_operators' retrieved from /home/airflow/.local/lib/python3.12/site-packages/airflow/example_dags/example_xcomargs.py
[2025-02-13T00:30:52.367+0000] {logging_mixin.py:190} INFO - [2025-02-13T00:30:52.367+0000] {dag.py:3239} INFO - Sync 2 DAGs
[2025-02-13T00:30:52.387+0000] {logging_mixin.py:190} INFO - [2025-02-13T00:30:52.387+0000] {dag.py:4180} INFO - Setting next_dagrun for example_xcom_args to None, run_after=None
[2025-02-13T00:30:52.393+0000] {logging_mixin.py:190} INFO - [2025-02-13T00:30:52.392+0000] {dag.py:4180} INFO - Setting next_dagrun for example_xcom_args_with_operators to None, run_after=None
[2025-02-13T00:30:52.413+0000] {processor.py:208} INFO - Processing /home/airflow/.local/lib/python3.12/site-packages/airflow/example_dags/example_xcomargs.py took 0.094 seconds
[2025-02-13T00:31:23.073+0000] {processor.py:186} INFO - Started process (PID=341) to work on /home/airflow/.local/lib/python3.12/site-packages/airflow/example_dags/example_xcomargs.py
[2025-02-13T00:31:23.074+0000] {processor.py:914} INFO - Processing file /home/airflow/.local/lib/python3.12/site-packages/airflow/example_dags/example_xcomargs.py for tasks to queue
[2025-02-13T00:31:23.080+0000] {logging_mixin.py:190} INFO - [2025-02-13T00:31:23.079+0000] {dagbag.py:588} INFO - Filling up the DagBag from /home/airflow/.local/lib/python3.12/site-packages/airflow/example_dags/example_xcomargs.py
[2025-02-13T00:31:23.089+0000] {processor.py:925} INFO - DAG(s) 'example_xcom_args_with_operators', 'example_xcom_args' retrieved from /home/airflow/.local/lib/python3.12/site-packages/airflow/example_dags/example_xcomargs.py
[2025-02-13T00:31:23.123+0000] {logging_mixin.py:190} INFO - [2025-02-13T00:31:23.123+0000] {dag.py:3239} INFO - Sync 2 DAGs
[2025-02-13T00:31:23.143+0000] {logging_mixin.py:190} INFO - [2025-02-13T00:31:23.142+0000] {dag.py:4180} INFO - Setting next_dagrun for example_xcom_args to None, run_after=None
[2025-02-13T00:31:23.149+0000] {logging_mixin.py:190} INFO - [2025-02-13T00:31:23.149+0000] {dag.py:4180} INFO - Setting next_dagrun for example_xcom_args_with_operators to None, run_after=None
[2025-02-13T00:31:23.169+0000] {processor.py:208} INFO - Processing /home/airflow/.local/lib/python3.12/site-packages/airflow/example_dags/example_xcomargs.py took 0.102 seconds
[2025-02-13T00:31:53.439+0000] {processor.py:186} INFO - Started process (PID=408) to work on /home/airflow/.local/lib/python3.12/site-packages/airflow/example_dags/example_xcomargs.py
[2025-02-13T00:31:53.440+0000] {processor.py:914} INFO - Processing file /home/airflow/.local/lib/python3.12/site-packages/airflow/example_dags/example_xcomargs.py for tasks to queue
[2025-02-13T00:31:53.445+0000] {logging_mixin.py:190} INFO - [2025-02-13T00:31:53.445+0000] {dagbag.py:588} INFO - Filling up the DagBag from /home/airflow/.local/lib/python3.12/site-packages/airflow/example_dags/example_xcomargs.py
[2025-02-13T00:31:53.455+0000] {processor.py:925} INFO - DAG(s) 'example_xcom_args_with_operators', 'example_xcom_args' retrieved from /home/airflow/.local/lib/python3.12/site-packages/airflow/example_dags/example_xcomargs.py
[2025-02-13T00:31:53.481+0000] {logging_mixin.py:190} INFO - [2025-02-13T00:31:53.481+0000] {dag.py:3239} INFO - Sync 2 DAGs
[2025-02-13T00:31:53.501+0000] {logging_mixin.py:190} INFO - [2025-02-13T00:31:53.501+0000] {dag.py:4180} INFO - Setting next_dagrun for example_xcom_args to None, run_after=None
[2025-02-13T00:31:53.506+0000] {logging_mixin.py:190} INFO - [2025-02-13T00:31:53.506+0000] {dag.py:4180} INFO - Setting next_dagrun for example_xcom_args_with_operators to None, run_after=None
[2025-02-13T00:31:53.529+0000] {processor.py:208} INFO - Processing /home/airflow/.local/lib/python3.12/site-packages/airflow/example_dags/example_xcomargs.py took 0.096 seconds
[2025-02-13T00:32:24.833+0000] {processor.py:186} INFO - Started process (PID=474) to work on /home/airflow/.local/lib/python3.12/site-packages/airflow/example_dags/example_xcomargs.py
[2025-02-13T00:32:24.834+0000] {processor.py:914} INFO - Processing file /home/airflow/.local/lib/python3.12/site-packages/airflow/example_dags/example_xcomargs.py for tasks to queue
[2025-02-13T00:32:24.837+0000] {logging_mixin.py:190} INFO - [2025-02-13T00:32:24.836+0000] {dagbag.py:588} INFO - Filling up the DagBag from /home/airflow/.local/lib/python3.12/site-packages/airflow/example_dags/example_xcomargs.py
[2025-02-13T00:32:24.850+0000] {processor.py:925} INFO - DAG(s) 'example_xcom_args_with_operators', 'example_xcom_args' retrieved from /home/airflow/.local/lib/python3.12/site-packages/airflow/example_dags/example_xcomargs.py
[2025-02-13T00:32:24.883+0000] {logging_mixin.py:190} INFO - [2025-02-13T00:32:24.883+0000] {dag.py:3239} INFO - Sync 2 DAGs
[2025-02-13T00:32:24.901+0000] {logging_mixin.py:190} INFO - [2025-02-13T00:32:24.900+0000] {dag.py:4180} INFO - Setting next_dagrun for example_xcom_args to None, run_after=None
[2025-02-13T00:32:24.904+0000] {logging_mixin.py:190} INFO - [2025-02-13T00:32:24.904+0000] {dag.py:4180} INFO - Setting next_dagrun for example_xcom_args_with_operators to None, run_after=None
[2025-02-13T00:32:24.923+0000] {processor.py:208} INFO - Processing /home/airflow/.local/lib/python3.12/site-packages/airflow/example_dags/example_xcomargs.py took 0.099 seconds
[2025-02-13T00:32:56.505+0000] {processor.py:186} INFO - Started process (PID=541) to work on /home/airflow/.local/lib/python3.12/site-packages/airflow/example_dags/example_xcomargs.py
[2025-02-13T00:32:56.506+0000] {processor.py:914} INFO - Processing file /home/airflow/.local/lib/python3.12/site-packages/airflow/example_dags/example_xcomargs.py for tasks to queue
[2025-02-13T00:32:56.509+0000] {logging_mixin.py:190} INFO - [2025-02-13T00:32:56.508+0000] {dagbag.py:588} INFO - Filling up the DagBag from /home/airflow/.local/lib/python3.12/site-packages/airflow/example_dags/example_xcomargs.py
[2025-02-13T00:32:56.521+0000] {processor.py:925} INFO - DAG(s) 'example_xcom_args', 'example_xcom_args_with_operators' retrieved from /home/airflow/.local/lib/python3.12/site-packages/airflow/example_dags/example_xcomargs.py
[2025-02-13T00:32:56.548+0000] {logging_mixin.py:190} INFO - [2025-02-13T00:32:56.547+0000] {dag.py:3239} INFO - Sync 2 DAGs
[2025-02-13T00:32:56.565+0000] {logging_mixin.py:190} INFO - [2025-02-13T00:32:56.565+0000] {dag.py:4180} INFO - Setting next_dagrun for example_xcom_args to None, run_after=None
[2025-02-13T00:32:56.569+0000] {logging_mixin.py:190} INFO - [2025-02-13T00:32:56.569+0000] {dag.py:4180} INFO - Setting next_dagrun for example_xcom_args_with_operators to None, run_after=None
[2025-02-13T00:32:56.588+0000] {processor.py:208} INFO - Processing /home/airflow/.local/lib/python3.12/site-packages/airflow/example_dags/example_xcomargs.py took 0.090 seconds
[2025-02-13T00:33:27.641+0000] {processor.py:186} INFO - Started process (PID=607) to work on /home/airflow/.local/lib/python3.12/site-packages/airflow/example_dags/example_xcomargs.py
[2025-02-13T00:33:27.643+0000] {processor.py:914} INFO - Processing file /home/airflow/.local/lib/python3.12/site-packages/airflow/example_dags/example_xcomargs.py for tasks to queue
[2025-02-13T00:33:27.645+0000] {logging_mixin.py:190} INFO - [2025-02-13T00:33:27.645+0000] {dagbag.py:588} INFO - Filling up the DagBag from /home/airflow/.local/lib/python3.12/site-packages/airflow/example_dags/example_xcomargs.py
[2025-02-13T00:33:27.655+0000] {processor.py:925} INFO - DAG(s) 'example_xcom_args_with_operators', 'example_xcom_args' retrieved from /home/airflow/.local/lib/python3.12/site-packages/airflow/example_dags/example_xcomargs.py
[2025-02-13T00:33:27.684+0000] {logging_mixin.py:190} INFO - [2025-02-13T00:33:27.684+0000] {dag.py:3239} INFO - Sync 2 DAGs
[2025-02-13T00:33:27.702+0000] {logging_mixin.py:190} INFO - [2025-02-13T00:33:27.702+0000] {dag.py:4180} INFO - Setting next_dagrun for example_xcom_args to None, run_after=None
[2025-02-13T00:33:27.708+0000] {logging_mixin.py:190} INFO - [2025-02-13T00:33:27.707+0000] {dag.py:4180} INFO - Setting next_dagrun for example_xcom_args_with_operators to None, run_after=None
[2025-02-13T00:33:27.728+0000] {processor.py:208} INFO - Processing /home/airflow/.local/lib/python3.12/site-packages/airflow/example_dags/example_xcomargs.py took 0.092 seconds
[2025-02-13T00:33:59.564+0000] {processor.py:186} INFO - Started process (PID=673) to work on /home/airflow/.local/lib/python3.12/site-packages/airflow/example_dags/example_xcomargs.py
[2025-02-13T00:33:59.565+0000] {processor.py:914} INFO - Processing file /home/airflow/.local/lib/python3.12/site-packages/airflow/example_dags/example_xcomargs.py for tasks to queue
[2025-02-13T00:33:59.568+0000] {logging_mixin.py:190} INFO - [2025-02-13T00:33:59.567+0000] {dagbag.py:588} INFO - Filling up the DagBag from /home/airflow/.local/lib/python3.12/site-packages/airflow/example_dags/example_xcomargs.py
[2025-02-13T00:33:59.580+0000] {processor.py:925} INFO - DAG(s) 'example_xcom_args_with_operators', 'example_xcom_args' retrieved from /home/airflow/.local/lib/python3.12/site-packages/airflow/example_dags/example_xcomargs.py
[2025-02-13T00:33:59.613+0000] {logging_mixin.py:190} INFO - [2025-02-13T00:33:59.613+0000] {dag.py:3239} INFO - Sync 2 DAGs
[2025-02-13T00:33:59.634+0000] {logging_mixin.py:190} INFO - [2025-02-13T00:33:59.634+0000] {dag.py:4180} INFO - Setting next_dagrun for example_xcom_args to None, run_after=None
[2025-02-13T00:33:59.639+0000] {logging_mixin.py:190} INFO - [2025-02-13T00:33:59.638+0000] {dag.py:4180} INFO - Setting next_dagrun for example_xcom_args_with_operators to None, run_after=None
[2025-02-13T00:33:59.658+0000] {processor.py:208} INFO - Processing /home/airflow/.local/lib/python3.12/site-packages/airflow/example_dags/example_xcomargs.py took 0.104 seconds
[2025-02-13T00:34:30.758+0000] {processor.py:186} INFO - Started process (PID=739) to work on /home/airflow/.local/lib/python3.12/site-packages/airflow/example_dags/example_xcomargs.py
[2025-02-13T00:34:30.760+0000] {processor.py:914} INFO - Processing file /home/airflow/.local/lib/python3.12/site-packages/airflow/example_dags/example_xcomargs.py for tasks to queue
[2025-02-13T00:34:30.763+0000] {logging_mixin.py:190} INFO - [2025-02-13T00:34:30.763+0000] {dagbag.py:588} INFO - Filling up the DagBag from /home/airflow/.local/lib/python3.12/site-packages/airflow/example_dags/example_xcomargs.py
[2025-02-13T00:34:30.777+0000] {processor.py:925} INFO - DAG(s) 'example_xcom_args_with_operators', 'example_xcom_args' retrieved from /home/airflow/.local/lib/python3.12/site-packages/airflow/example_dags/example_xcomargs.py
[2025-02-13T00:34:30.815+0000] {logging_mixin.py:190} INFO - [2025-02-13T00:34:30.815+0000] {dag.py:3239} INFO - Sync 2 DAGs
[2025-02-13T00:34:30.841+0000] {logging_mixin.py:190} INFO - [2025-02-13T00:34:30.841+0000] {dag.py:4180} INFO - Setting next_dagrun for example_xcom_args to None, run_after=None
[2025-02-13T00:34:30.847+0000] {logging_mixin.py:190} INFO - [2025-02-13T00:34:30.846+0000] {dag.py:4180} INFO - Setting next_dagrun for example_xcom_args_with_operators to None, run_after=None
[2025-02-13T00:34:30.897+0000] {processor.py:208} INFO - Processing /home/airflow/.local/lib/python3.12/site-packages/airflow/example_dags/example_xcomargs.py took 0.132 seconds
[2025-02-13T00:37:48.054+0000] {processor.py:186} INFO - Started process (PID=79) to work on /home/airflow/.local/lib/python3.12/site-packages/airflow/example_dags/example_xcomargs.py
[2025-02-13T00:37:48.056+0000] {processor.py:914} INFO - Processing file /home/airflow/.local/lib/python3.12/site-packages/airflow/example_dags/example_xcomargs.py for tasks to queue
[2025-02-13T00:37:48.059+0000] {logging_mixin.py:190} INFO - [2025-02-13T00:37:48.059+0000] {dagbag.py:588} INFO - Filling up the DagBag from /home/airflow/.local/lib/python3.12/site-packages/airflow/example_dags/example_xcomargs.py
[2025-02-13T00:37:48.069+0000] {processor.py:925} INFO - DAG(s) 'example_xcom_args', 'example_xcom_args_with_operators' retrieved from /home/airflow/.local/lib/python3.12/site-packages/airflow/example_dags/example_xcomargs.py
[2025-02-13T00:37:48.097+0000] {logging_mixin.py:190} INFO - [2025-02-13T00:37:48.097+0000] {dag.py:3239} INFO - Sync 2 DAGs
[2025-02-13T00:37:48.117+0000] {logging_mixin.py:190} INFO - [2025-02-13T00:37:48.117+0000] {dag.py:4180} INFO - Setting next_dagrun for example_xcom_args to None, run_after=None
[2025-02-13T00:37:48.124+0000] {logging_mixin.py:190} INFO - [2025-02-13T00:37:48.124+0000] {dag.py:4180} INFO - Setting next_dagrun for example_xcom_args_with_operators to None, run_after=None
[2025-02-13T00:37:48.144+0000] {processor.py:208} INFO - Processing /home/airflow/.local/lib/python3.12/site-packages/airflow/example_dags/example_xcomargs.py took 0.097 seconds
[2025-02-13T00:38:20.245+0000] {processor.py:186} INFO - Started process (PID=146) to work on /home/airflow/.local/lib/python3.12/site-packages/airflow/example_dags/example_xcomargs.py
[2025-02-13T00:38:20.246+0000] {processor.py:914} INFO - Processing file /home/airflow/.local/lib/python3.12/site-packages/airflow/example_dags/example_xcomargs.py for tasks to queue
[2025-02-13T00:38:20.248+0000] {logging_mixin.py:190} INFO - [2025-02-13T00:38:20.248+0000] {dagbag.py:588} INFO - Filling up the DagBag from /home/airflow/.local/lib/python3.12/site-packages/airflow/example_dags/example_xcomargs.py
[2025-02-13T00:38:20.261+0000] {processor.py:925} INFO - DAG(s) 'example_xcom_args_with_operators', 'example_xcom_args' retrieved from /home/airflow/.local/lib/python3.12/site-packages/airflow/example_dags/example_xcomargs.py
[2025-02-13T00:38:20.300+0000] {logging_mixin.py:190} INFO - [2025-02-13T00:38:20.300+0000] {dag.py:3239} INFO - Sync 2 DAGs
[2025-02-13T00:38:20.319+0000] {logging_mixin.py:190} INFO - [2025-02-13T00:38:20.319+0000] {dag.py:4180} INFO - Setting next_dagrun for example_xcom_args to None, run_after=None
[2025-02-13T00:38:20.324+0000] {logging_mixin.py:190} INFO - [2025-02-13T00:38:20.324+0000] {dag.py:4180} INFO - Setting next_dagrun for example_xcom_args_with_operators to None, run_after=None
[2025-02-13T00:38:20.346+0000] {processor.py:208} INFO - Processing /home/airflow/.local/lib/python3.12/site-packages/airflow/example_dags/example_xcomargs.py took 0.110 seconds
[2025-02-13T00:38:52.409+0000] {processor.py:186} INFO - Started process (PID=212) to work on /home/airflow/.local/lib/python3.12/site-packages/airflow/example_dags/example_xcomargs.py
[2025-02-13T00:38:52.410+0000] {processor.py:914} INFO - Processing file /home/airflow/.local/lib/python3.12/site-packages/airflow/example_dags/example_xcomargs.py for tasks to queue
[2025-02-13T00:38:52.416+0000] {logging_mixin.py:190} INFO - [2025-02-13T00:38:52.415+0000] {dagbag.py:588} INFO - Filling up the DagBag from /home/airflow/.local/lib/python3.12/site-packages/airflow/example_dags/example_xcomargs.py
[2025-02-13T00:38:52.453+0000] {processor.py:925} INFO - DAG(s) 'example_xcom_args', 'example_xcom_args_with_operators' retrieved from /home/airflow/.local/lib/python3.12/site-packages/airflow/example_dags/example_xcomargs.py
[2025-02-13T00:38:52.497+0000] {logging_mixin.py:190} INFO - [2025-02-13T00:38:52.496+0000] {dag.py:3239} INFO - Sync 2 DAGs
[2025-02-13T00:38:52.524+0000] {logging_mixin.py:190} INFO - [2025-02-13T00:38:52.524+0000] {dag.py:4180} INFO - Setting next_dagrun for example_xcom_args to None, run_after=None
[2025-02-13T00:38:52.531+0000] {logging_mixin.py:190} INFO - [2025-02-13T00:38:52.530+0000] {dag.py:4180} INFO - Setting next_dagrun for example_xcom_args_with_operators to None, run_after=None
[2025-02-13T00:38:52.557+0000] {processor.py:208} INFO - Processing /home/airflow/.local/lib/python3.12/site-packages/airflow/example_dags/example_xcomargs.py took 0.161 seconds
[2025-02-13T00:39:23.756+0000] {processor.py:186} INFO - Started process (PID=278) to work on /home/airflow/.local/lib/python3.12/site-packages/airflow/example_dags/example_xcomargs.py
[2025-02-13T00:39:23.757+0000] {processor.py:914} INFO - Processing file /home/airflow/.local/lib/python3.12/site-packages/airflow/example_dags/example_xcomargs.py for tasks to queue
[2025-02-13T00:39:23.760+0000] {logging_mixin.py:190} INFO - [2025-02-13T00:39:23.759+0000] {dagbag.py:588} INFO - Filling up the DagBag from /home/airflow/.local/lib/python3.12/site-packages/airflow/example_dags/example_xcomargs.py
[2025-02-13T00:39:23.771+0000] {processor.py:925} INFO - DAG(s) 'example_xcom_args', 'example_xcom_args_with_operators' retrieved from /home/airflow/.local/lib/python3.12/site-packages/airflow/example_dags/example_xcomargs.py
[2025-02-13T00:39:23.808+0000] {logging_mixin.py:190} INFO - [2025-02-13T00:39:23.808+0000] {dag.py:3239} INFO - Sync 2 DAGs
[2025-02-13T00:39:23.833+0000] {logging_mixin.py:190} INFO - [2025-02-13T00:39:23.833+0000] {dag.py:4180} INFO - Setting next_dagrun for example_xcom_args to None, run_after=None
[2025-02-13T00:39:23.844+0000] {logging_mixin.py:190} INFO - [2025-02-13T00:39:23.843+0000] {dag.py:4180} INFO - Setting next_dagrun for example_xcom_args_with_operators to None, run_after=None
[2025-02-13T00:39:23.884+0000] {processor.py:208} INFO - Processing /home/airflow/.local/lib/python3.12/site-packages/airflow/example_dags/example_xcomargs.py took 0.137 seconds
[2025-02-13T00:39:55.225+0000] {processor.py:186} INFO - Started process (PID=344) to work on /home/airflow/.local/lib/python3.12/site-packages/airflow/example_dags/example_xcomargs.py
[2025-02-13T00:39:55.227+0000] {processor.py:914} INFO - Processing file /home/airflow/.local/lib/python3.12/site-packages/airflow/example_dags/example_xcomargs.py for tasks to queue
[2025-02-13T00:39:55.230+0000] {logging_mixin.py:190} INFO - [2025-02-13T00:39:55.229+0000] {dagbag.py:588} INFO - Filling up the DagBag from /home/airflow/.local/lib/python3.12/site-packages/airflow/example_dags/example_xcomargs.py
[2025-02-13T00:39:55.243+0000] {processor.py:925} INFO - DAG(s) 'example_xcom_args_with_operators', 'example_xcom_args' retrieved from /home/airflow/.local/lib/python3.12/site-packages/airflow/example_dags/example_xcomargs.py
[2025-02-13T00:39:55.279+0000] {logging_mixin.py:190} INFO - [2025-02-13T00:39:55.279+0000] {dag.py:3239} INFO - Sync 2 DAGs
[2025-02-13T00:39:55.302+0000] {logging_mixin.py:190} INFO - [2025-02-13T00:39:55.302+0000] {dag.py:4180} INFO - Setting next_dagrun for example_xcom_args to None, run_after=None
[2025-02-13T00:39:55.310+0000] {logging_mixin.py:190} INFO - [2025-02-13T00:39:55.310+0000] {dag.py:4180} INFO - Setting next_dagrun for example_xcom_args_with_operators to None, run_after=None
[2025-02-13T00:39:55.334+0000] {processor.py:208} INFO - Processing /home/airflow/.local/lib/python3.12/site-packages/airflow/example_dags/example_xcomargs.py took 0.118 seconds
[2025-02-13T00:40:26.497+0000] {processor.py:186} INFO - Started process (PID=411) to work on /home/airflow/.local/lib/python3.12/site-packages/airflow/example_dags/example_xcomargs.py
[2025-02-13T00:40:26.498+0000] {processor.py:914} INFO - Processing file /home/airflow/.local/lib/python3.12/site-packages/airflow/example_dags/example_xcomargs.py for tasks to queue
[2025-02-13T00:40:26.501+0000] {logging_mixin.py:190} INFO - [2025-02-13T00:40:26.501+0000] {dagbag.py:588} INFO - Filling up the DagBag from /home/airflow/.local/lib/python3.12/site-packages/airflow/example_dags/example_xcomargs.py
[2025-02-13T00:40:26.518+0000] {processor.py:925} INFO - DAG(s) 'example_xcom_args_with_operators', 'example_xcom_args' retrieved from /home/airflow/.local/lib/python3.12/site-packages/airflow/example_dags/example_xcomargs.py
[2025-02-13T00:40:26.554+0000] {logging_mixin.py:190} INFO - [2025-02-13T00:40:26.554+0000] {dag.py:3239} INFO - Sync 2 DAGs
[2025-02-13T00:40:26.575+0000] {logging_mixin.py:190} INFO - [2025-02-13T00:40:26.575+0000] {dag.py:4180} INFO - Setting next_dagrun for example_xcom_args to None, run_after=None
[2025-02-13T00:40:26.580+0000] {logging_mixin.py:190} INFO - [2025-02-13T00:40:26.580+0000] {dag.py:4180} INFO - Setting next_dagrun for example_xcom_args_with_operators to None, run_after=None
[2025-02-13T00:40:26.610+0000] {processor.py:208} INFO - Processing /home/airflow/.local/lib/python3.12/site-packages/airflow/example_dags/example_xcomargs.py took 0.120 seconds
[2025-02-13T00:40:57.292+0000] {processor.py:186} INFO - Started process (PID=478) to work on /home/airflow/.local/lib/python3.12/site-packages/airflow/example_dags/example_xcomargs.py
[2025-02-13T00:40:57.293+0000] {processor.py:914} INFO - Processing file /home/airflow/.local/lib/python3.12/site-packages/airflow/example_dags/example_xcomargs.py for tasks to queue
[2025-02-13T00:40:57.296+0000] {logging_mixin.py:190} INFO - [2025-02-13T00:40:57.296+0000] {dagbag.py:588} INFO - Filling up the DagBag from /home/airflow/.local/lib/python3.12/site-packages/airflow/example_dags/example_xcomargs.py
[2025-02-13T00:40:57.312+0000] {processor.py:925} INFO - DAG(s) 'example_xcom_args_with_operators', 'example_xcom_args' retrieved from /home/airflow/.local/lib/python3.12/site-packages/airflow/example_dags/example_xcomargs.py
[2025-02-13T00:40:57.350+0000] {logging_mixin.py:190} INFO - [2025-02-13T00:40:57.350+0000] {dag.py:3239} INFO - Sync 2 DAGs
[2025-02-13T00:40:57.373+0000] {logging_mixin.py:190} INFO - [2025-02-13T00:40:57.373+0000] {dag.py:4180} INFO - Setting next_dagrun for example_xcom_args to None, run_after=None
[2025-02-13T00:40:57.379+0000] {logging_mixin.py:190} INFO - [2025-02-13T00:40:57.379+0000] {dag.py:4180} INFO - Setting next_dagrun for example_xcom_args_with_operators to None, run_after=None
[2025-02-13T00:40:57.408+0000] {processor.py:208} INFO - Processing /home/airflow/.local/lib/python3.12/site-packages/airflow/example_dags/example_xcomargs.py took 0.122 seconds
[2025-02-13T00:41:28.374+0000] {processor.py:186} INFO - Started process (PID=545) to work on /home/airflow/.local/lib/python3.12/site-packages/airflow/example_dags/example_xcomargs.py
[2025-02-13T00:41:28.375+0000] {processor.py:914} INFO - Processing file /home/airflow/.local/lib/python3.12/site-packages/airflow/example_dags/example_xcomargs.py for tasks to queue
[2025-02-13T00:41:28.378+0000] {logging_mixin.py:190} INFO - [2025-02-13T00:41:28.377+0000] {dagbag.py:588} INFO - Filling up the DagBag from /home/airflow/.local/lib/python3.12/site-packages/airflow/example_dags/example_xcomargs.py
[2025-02-13T00:41:28.392+0000] {processor.py:925} INFO - DAG(s) 'example_xcom_args', 'example_xcom_args_with_operators' retrieved from /home/airflow/.local/lib/python3.12/site-packages/airflow/example_dags/example_xcomargs.py
[2025-02-13T00:41:28.420+0000] {logging_mixin.py:190} INFO - [2025-02-13T00:41:28.420+0000] {dag.py:3239} INFO - Sync 2 DAGs
[2025-02-13T00:41:28.440+0000] {logging_mixin.py:190} INFO - [2025-02-13T00:41:28.440+0000] {dag.py:4180} INFO - Setting next_dagrun for example_xcom_args to None, run_after=None
[2025-02-13T00:41:28.445+0000] {logging_mixin.py:190} INFO - [2025-02-13T00:41:28.444+0000] {dag.py:4180} INFO - Setting next_dagrun for example_xcom_args_with_operators to None, run_after=None
[2025-02-13T00:41:28.470+0000] {processor.py:208} INFO - Processing /home/airflow/.local/lib/python3.12/site-packages/airflow/example_dags/example_xcomargs.py took 0.106 seconds
[2025-02-13T00:41:59.288+0000] {processor.py:186} INFO - Started process (PID=612) to work on /home/airflow/.local/lib/python3.12/site-packages/airflow/example_dags/example_xcomargs.py
[2025-02-13T00:41:59.289+0000] {processor.py:914} INFO - Processing file /home/airflow/.local/lib/python3.12/site-packages/airflow/example_dags/example_xcomargs.py for tasks to queue
[2025-02-13T00:41:59.292+0000] {logging_mixin.py:190} INFO - [2025-02-13T00:41:59.291+0000] {dagbag.py:588} INFO - Filling up the DagBag from /home/airflow/.local/lib/python3.12/site-packages/airflow/example_dags/example_xcomargs.py
[2025-02-13T00:41:59.306+0000] {processor.py:925} INFO - DAG(s) 'example_xcom_args_with_operators', 'example_xcom_args' retrieved from /home/airflow/.local/lib/python3.12/site-packages/airflow/example_dags/example_xcomargs.py
[2025-02-13T00:41:59.336+0000] {logging_mixin.py:190} INFO - [2025-02-13T00:41:59.335+0000] {dag.py:3239} INFO - Sync 2 DAGs
[2025-02-13T00:41:59.355+0000] {logging_mixin.py:190} INFO - [2025-02-13T00:41:59.355+0000] {dag.py:4180} INFO - Setting next_dagrun for example_xcom_args to None, run_after=None
[2025-02-13T00:41:59.360+0000] {logging_mixin.py:190} INFO - [2025-02-13T00:41:59.360+0000] {dag.py:4180} INFO - Setting next_dagrun for example_xcom_args_with_operators to None, run_after=None
[2025-02-13T00:41:59.380+0000] {processor.py:208} INFO - Processing /home/airflow/.local/lib/python3.12/site-packages/airflow/example_dags/example_xcomargs.py took 0.099 seconds
[2025-02-13T00:42:30.239+0000] {processor.py:186} INFO - Started process (PID=678) to work on /home/airflow/.local/lib/python3.12/site-packages/airflow/example_dags/example_xcomargs.py
[2025-02-13T00:42:30.240+0000] {processor.py:914} INFO - Processing file /home/airflow/.local/lib/python3.12/site-packages/airflow/example_dags/example_xcomargs.py for tasks to queue
[2025-02-13T00:42:30.244+0000] {logging_mixin.py:190} INFO - [2025-02-13T00:42:30.243+0000] {dagbag.py:588} INFO - Filling up the DagBag from /home/airflow/.local/lib/python3.12/site-packages/airflow/example_dags/example_xcomargs.py
[2025-02-13T00:42:30.260+0000] {processor.py:925} INFO - DAG(s) 'example_xcom_args_with_operators', 'example_xcom_args' retrieved from /home/airflow/.local/lib/python3.12/site-packages/airflow/example_dags/example_xcomargs.py
[2025-02-13T00:42:30.292+0000] {logging_mixin.py:190} INFO - [2025-02-13T00:42:30.292+0000] {dag.py:3239} INFO - Sync 2 DAGs
[2025-02-13T00:42:30.315+0000] {logging_mixin.py:190} INFO - [2025-02-13T00:42:30.315+0000] {dag.py:4180} INFO - Setting next_dagrun for example_xcom_args to None, run_after=None
[2025-02-13T00:42:30.325+0000] {logging_mixin.py:190} INFO - [2025-02-13T00:42:30.325+0000] {dag.py:4180} INFO - Setting next_dagrun for example_xcom_args_with_operators to None, run_after=None
[2025-02-13T00:42:30.353+0000] {processor.py:208} INFO - Processing /home/airflow/.local/lib/python3.12/site-packages/airflow/example_dags/example_xcomargs.py took 0.122 seconds
[2025-02-13T00:43:00.895+0000] {processor.py:186} INFO - Started process (PID=744) to work on /home/airflow/.local/lib/python3.12/site-packages/airflow/example_dags/example_xcomargs.py
[2025-02-13T00:43:00.896+0000] {processor.py:914} INFO - Processing file /home/airflow/.local/lib/python3.12/site-packages/airflow/example_dags/example_xcomargs.py for tasks to queue
[2025-02-13T00:43:00.903+0000] {logging_mixin.py:190} INFO - [2025-02-13T00:43:00.902+0000] {dagbag.py:588} INFO - Filling up the DagBag from /home/airflow/.local/lib/python3.12/site-packages/airflow/example_dags/example_xcomargs.py
[2025-02-13T00:43:00.914+0000] {processor.py:925} INFO - DAG(s) 'example_xcom_args', 'example_xcom_args_with_operators' retrieved from /home/airflow/.local/lib/python3.12/site-packages/airflow/example_dags/example_xcomargs.py
[2025-02-13T00:43:00.946+0000] {logging_mixin.py:190} INFO - [2025-02-13T00:43:00.945+0000] {dag.py:3239} INFO - Sync 2 DAGs
[2025-02-13T00:43:00.963+0000] {logging_mixin.py:190} INFO - [2025-02-13T00:43:00.963+0000] {dag.py:4180} INFO - Setting next_dagrun for example_xcom_args to None, run_after=None
[2025-02-13T00:43:00.969+0000] {logging_mixin.py:190} INFO - [2025-02-13T00:43:00.968+0000] {dag.py:4180} INFO - Setting next_dagrun for example_xcom_args_with_operators to None, run_after=None
[2025-02-13T00:43:00.987+0000] {processor.py:208} INFO - Processing /home/airflow/.local/lib/python3.12/site-packages/airflow/example_dags/example_xcomargs.py took 0.099 seconds
[2025-02-13T00:43:31.602+0000] {processor.py:186} INFO - Started process (PID=809) to work on /home/airflow/.local/lib/python3.12/site-packages/airflow/example_dags/example_xcomargs.py
[2025-02-13T00:43:31.603+0000] {processor.py:914} INFO - Processing file /home/airflow/.local/lib/python3.12/site-packages/airflow/example_dags/example_xcomargs.py for tasks to queue
[2025-02-13T00:43:31.606+0000] {logging_mixin.py:190} INFO - [2025-02-13T00:43:31.605+0000] {dagbag.py:588} INFO - Filling up the DagBag from /home/airflow/.local/lib/python3.12/site-packages/airflow/example_dags/example_xcomargs.py
[2025-02-13T00:43:31.615+0000] {processor.py:925} INFO - DAG(s) 'example_xcom_args_with_operators', 'example_xcom_args' retrieved from /home/airflow/.local/lib/python3.12/site-packages/airflow/example_dags/example_xcomargs.py
[2025-02-13T00:43:31.639+0000] {logging_mixin.py:190} INFO - [2025-02-13T00:43:31.639+0000] {dag.py:3239} INFO - Sync 2 DAGs
[2025-02-13T00:43:31.655+0000] {logging_mixin.py:190} INFO - [2025-02-13T00:43:31.654+0000] {dag.py:4180} INFO - Setting next_dagrun for example_xcom_args to None, run_after=None
[2025-02-13T00:43:31.659+0000] {logging_mixin.py:190} INFO - [2025-02-13T00:43:31.658+0000] {dag.py:4180} INFO - Setting next_dagrun for example_xcom_args_with_operators to None, run_after=None
[2025-02-13T00:43:31.676+0000] {processor.py:208} INFO - Processing /home/airflow/.local/lib/python3.12/site-packages/airflow/example_dags/example_xcomargs.py took 0.080 seconds
[2025-02-13T00:44:03.275+0000] {processor.py:186} INFO - Started process (PID=875) to work on /home/airflow/.local/lib/python3.12/site-packages/airflow/example_dags/example_xcomargs.py
[2025-02-13T00:44:03.277+0000] {processor.py:914} INFO - Processing file /home/airflow/.local/lib/python3.12/site-packages/airflow/example_dags/example_xcomargs.py for tasks to queue
[2025-02-13T00:44:03.280+0000] {logging_mixin.py:190} INFO - [2025-02-13T00:44:03.279+0000] {dagbag.py:588} INFO - Filling up the DagBag from /home/airflow/.local/lib/python3.12/site-packages/airflow/example_dags/example_xcomargs.py
[2025-02-13T00:44:03.294+0000] {processor.py:925} INFO - DAG(s) 'example_xcom_args_with_operators', 'example_xcom_args' retrieved from /home/airflow/.local/lib/python3.12/site-packages/airflow/example_dags/example_xcomargs.py
[2025-02-13T00:44:03.323+0000] {logging_mixin.py:190} INFO - [2025-02-13T00:44:03.323+0000] {dag.py:3239} INFO - Sync 2 DAGs
[2025-02-13T00:44:03.355+0000] {logging_mixin.py:190} INFO - [2025-02-13T00:44:03.354+0000] {dag.py:4180} INFO - Setting next_dagrun for example_xcom_args to None, run_after=None
[2025-02-13T00:44:03.363+0000] {logging_mixin.py:190} INFO - [2025-02-13T00:44:03.362+0000] {dag.py:4180} INFO - Setting next_dagrun for example_xcom_args_with_operators to None, run_after=None
[2025-02-13T00:44:03.394+0000] {processor.py:208} INFO - Processing /home/airflow/.local/lib/python3.12/site-packages/airflow/example_dags/example_xcomargs.py took 0.126 seconds
[2025-02-13T00:44:34.341+0000] {processor.py:186} INFO - Started process (PID=942) to work on /home/airflow/.local/lib/python3.12/site-packages/airflow/example_dags/example_xcomargs.py
[2025-02-13T00:44:34.343+0000] {processor.py:914} INFO - Processing file /home/airflow/.local/lib/python3.12/site-packages/airflow/example_dags/example_xcomargs.py for tasks to queue
[2025-02-13T00:44:34.348+0000] {logging_mixin.py:190} INFO - [2025-02-13T00:44:34.347+0000] {dagbag.py:588} INFO - Filling up the DagBag from /home/airflow/.local/lib/python3.12/site-packages/airflow/example_dags/example_xcomargs.py
[2025-02-13T00:44:34.364+0000] {processor.py:925} INFO - DAG(s) 'example_xcom_args_with_operators', 'example_xcom_args' retrieved from /home/airflow/.local/lib/python3.12/site-packages/airflow/example_dags/example_xcomargs.py
[2025-02-13T00:44:34.415+0000] {logging_mixin.py:190} INFO - [2025-02-13T00:44:34.415+0000] {dag.py:3239} INFO - Sync 2 DAGs
[2025-02-13T00:44:34.454+0000] {logging_mixin.py:190} INFO - [2025-02-13T00:44:34.454+0000] {dag.py:4180} INFO - Setting next_dagrun for example_xcom_args to None, run_after=None
[2025-02-13T00:44:34.460+0000] {logging_mixin.py:190} INFO - [2025-02-13T00:44:34.460+0000] {dag.py:4180} INFO - Setting next_dagrun for example_xcom_args_with_operators to None, run_after=None
[2025-02-13T00:44:34.488+0000] {processor.py:208} INFO - Processing /home/airflow/.local/lib/python3.12/site-packages/airflow/example_dags/example_xcomargs.py took 0.160 seconds
[2025-02-13T00:45:04.640+0000] {processor.py:186} INFO - Started process (PID=1007) to work on /home/airflow/.local/lib/python3.12/site-packages/airflow/example_dags/example_xcomargs.py
[2025-02-13T00:45:04.641+0000] {processor.py:914} INFO - Processing file /home/airflow/.local/lib/python3.12/site-packages/airflow/example_dags/example_xcomargs.py for tasks to queue
[2025-02-13T00:45:04.644+0000] {logging_mixin.py:190} INFO - [2025-02-13T00:45:04.643+0000] {dagbag.py:588} INFO - Filling up the DagBag from /home/airflow/.local/lib/python3.12/site-packages/airflow/example_dags/example_xcomargs.py
[2025-02-13T00:45:04.655+0000] {processor.py:925} INFO - DAG(s) 'example_xcom_args', 'example_xcom_args_with_operators' retrieved from /home/airflow/.local/lib/python3.12/site-packages/airflow/example_dags/example_xcomargs.py
[2025-02-13T00:45:04.676+0000] {logging_mixin.py:190} INFO - [2025-02-13T00:45:04.676+0000] {dag.py:3239} INFO - Sync 2 DAGs
[2025-02-13T00:45:04.691+0000] {logging_mixin.py:190} INFO - [2025-02-13T00:45:04.691+0000] {dag.py:4180} INFO - Setting next_dagrun for example_xcom_args to None, run_after=None
[2025-02-13T00:45:04.695+0000] {logging_mixin.py:190} INFO - [2025-02-13T00:45:04.695+0000] {dag.py:4180} INFO - Setting next_dagrun for example_xcom_args_with_operators to None, run_after=None
[2025-02-13T00:45:04.712+0000] {processor.py:208} INFO - Processing /home/airflow/.local/lib/python3.12/site-packages/airflow/example_dags/example_xcomargs.py took 0.078 seconds
[2025-02-13T00:45:34.874+0000] {processor.py:186} INFO - Started process (PID=1073) to work on /home/airflow/.local/lib/python3.12/site-packages/airflow/example_dags/example_xcomargs.py
[2025-02-13T00:45:34.875+0000] {processor.py:914} INFO - Processing file /home/airflow/.local/lib/python3.12/site-packages/airflow/example_dags/example_xcomargs.py for tasks to queue
[2025-02-13T00:45:34.877+0000] {logging_mixin.py:190} INFO - [2025-02-13T00:45:34.877+0000] {dagbag.py:588} INFO - Filling up the DagBag from /home/airflow/.local/lib/python3.12/site-packages/airflow/example_dags/example_xcomargs.py
[2025-02-13T00:45:34.889+0000] {processor.py:925} INFO - DAG(s) 'example_xcom_args_with_operators', 'example_xcom_args' retrieved from /home/airflow/.local/lib/python3.12/site-packages/airflow/example_dags/example_xcomargs.py
[2025-02-13T00:45:34.912+0000] {logging_mixin.py:190} INFO - [2025-02-13T00:45:34.911+0000] {dag.py:3239} INFO - Sync 2 DAGs
[2025-02-13T00:45:34.928+0000] {logging_mixin.py:190} INFO - [2025-02-13T00:45:34.927+0000] {dag.py:4180} INFO - Setting next_dagrun for example_xcom_args to None, run_after=None
[2025-02-13T00:45:34.934+0000] {logging_mixin.py:190} INFO - [2025-02-13T00:45:34.934+0000] {dag.py:4180} INFO - Setting next_dagrun for example_xcom_args_with_operators to None, run_after=None
[2025-02-13T00:45:34.958+0000] {processor.py:208} INFO - Processing /home/airflow/.local/lib/python3.12/site-packages/airflow/example_dags/example_xcomargs.py took 0.090 seconds
[2025-02-13T00:46:05.394+0000] {processor.py:186} INFO - Started process (PID=1146) to work on /home/airflow/.local/lib/python3.12/site-packages/airflow/example_dags/example_xcomargs.py
[2025-02-13T00:46:05.395+0000] {processor.py:914} INFO - Processing file /home/airflow/.local/lib/python3.12/site-packages/airflow/example_dags/example_xcomargs.py for tasks to queue
[2025-02-13T00:46:05.397+0000] {logging_mixin.py:190} INFO - [2025-02-13T00:46:05.397+0000] {dagbag.py:588} INFO - Filling up the DagBag from /home/airflow/.local/lib/python3.12/site-packages/airflow/example_dags/example_xcomargs.py
[2025-02-13T00:46:05.408+0000] {processor.py:925} INFO - DAG(s) 'example_xcom_args_with_operators', 'example_xcom_args' retrieved from /home/airflow/.local/lib/python3.12/site-packages/airflow/example_dags/example_xcomargs.py
[2025-02-13T00:46:05.428+0000] {logging_mixin.py:190} INFO - [2025-02-13T00:46:05.428+0000] {dag.py:3239} INFO - Sync 2 DAGs
[2025-02-13T00:46:05.444+0000] {logging_mixin.py:190} INFO - [2025-02-13T00:46:05.444+0000] {dag.py:4180} INFO - Setting next_dagrun for example_xcom_args to None, run_after=None
[2025-02-13T00:46:05.449+0000] {logging_mixin.py:190} INFO - [2025-02-13T00:46:05.448+0000] {dag.py:4180} INFO - Setting next_dagrun for example_xcom_args_with_operators to None, run_after=None
[2025-02-13T00:46:05.467+0000] {processor.py:208} INFO - Processing /home/airflow/.local/lib/python3.12/site-packages/airflow/example_dags/example_xcomargs.py took 0.078 seconds
[2025-02-13T00:46:35.760+0000] {processor.py:186} INFO - Started process (PID=1212) to work on /home/airflow/.local/lib/python3.12/site-packages/airflow/example_dags/example_xcomargs.py
[2025-02-13T00:46:35.762+0000] {processor.py:914} INFO - Processing file /home/airflow/.local/lib/python3.12/site-packages/airflow/example_dags/example_xcomargs.py for tasks to queue
[2025-02-13T00:46:35.765+0000] {logging_mixin.py:190} INFO - [2025-02-13T00:46:35.765+0000] {dagbag.py:588} INFO - Filling up the DagBag from /home/airflow/.local/lib/python3.12/site-packages/airflow/example_dags/example_xcomargs.py
[2025-02-13T00:46:35.777+0000] {processor.py:925} INFO - DAG(s) 'example_xcom_args_with_operators', 'example_xcom_args' retrieved from /home/airflow/.local/lib/python3.12/site-packages/airflow/example_dags/example_xcomargs.py
[2025-02-13T00:46:35.807+0000] {logging_mixin.py:190} INFO - [2025-02-13T00:46:35.806+0000] {dag.py:3239} INFO - Sync 2 DAGs
[2025-02-13T00:46:35.837+0000] {logging_mixin.py:190} INFO - [2025-02-13T00:46:35.836+0000] {dag.py:4180} INFO - Setting next_dagrun for example_xcom_args to None, run_after=None
[2025-02-13T00:46:35.842+0000] {logging_mixin.py:190} INFO - [2025-02-13T00:46:35.842+0000] {dag.py:4180} INFO - Setting next_dagrun for example_xcom_args_with_operators to None, run_after=None
[2025-02-13T00:46:35.871+0000] {processor.py:208} INFO - Processing /home/airflow/.local/lib/python3.12/site-packages/airflow/example_dags/example_xcomargs.py took 0.120 seconds
[2025-02-13T00:47:06.657+0000] {processor.py:186} INFO - Started process (PID=1279) to work on /home/airflow/.local/lib/python3.12/site-packages/airflow/example_dags/example_xcomargs.py
[2025-02-13T00:47:06.658+0000] {processor.py:914} INFO - Processing file /home/airflow/.local/lib/python3.12/site-packages/airflow/example_dags/example_xcomargs.py for tasks to queue
[2025-02-13T00:47:06.662+0000] {logging_mixin.py:190} INFO - [2025-02-13T00:47:06.661+0000] {dagbag.py:588} INFO - Filling up the DagBag from /home/airflow/.local/lib/python3.12/site-packages/airflow/example_dags/example_xcomargs.py
[2025-02-13T00:47:06.673+0000] {processor.py:925} INFO - DAG(s) 'example_xcom_args_with_operators', 'example_xcom_args' retrieved from /home/airflow/.local/lib/python3.12/site-packages/airflow/example_dags/example_xcomargs.py
[2025-02-13T00:47:06.695+0000] {logging_mixin.py:190} INFO - [2025-02-13T00:47:06.694+0000] {dag.py:3239} INFO - Sync 2 DAGs
[2025-02-13T00:47:06.712+0000] {logging_mixin.py:190} INFO - [2025-02-13T00:47:06.712+0000] {dag.py:4180} INFO - Setting next_dagrun for example_xcom_args to None, run_after=None
[2025-02-13T00:47:06.720+0000] {logging_mixin.py:190} INFO - [2025-02-13T00:47:06.719+0000] {dag.py:4180} INFO - Setting next_dagrun for example_xcom_args_with_operators to None, run_after=None
[2025-02-13T00:47:06.750+0000] {processor.py:208} INFO - Processing /home/airflow/.local/lib/python3.12/site-packages/airflow/example_dags/example_xcomargs.py took 0.099 seconds
[2025-02-13T00:47:36.881+0000] {processor.py:186} INFO - Started process (PID=1344) to work on /home/airflow/.local/lib/python3.12/site-packages/airflow/example_dags/example_xcomargs.py
[2025-02-13T00:47:36.894+0000] {processor.py:914} INFO - Processing file /home/airflow/.local/lib/python3.12/site-packages/airflow/example_dags/example_xcomargs.py for tasks to queue
[2025-02-13T00:47:36.897+0000] {logging_mixin.py:190} INFO - [2025-02-13T00:47:36.897+0000] {dagbag.py:588} INFO - Filling up the DagBag from /home/airflow/.local/lib/python3.12/site-packages/airflow/example_dags/example_xcomargs.py
[2025-02-13T00:47:36.917+0000] {processor.py:925} INFO - DAG(s) 'example_xcom_args', 'example_xcom_args_with_operators' retrieved from /home/airflow/.local/lib/python3.12/site-packages/airflow/example_dags/example_xcomargs.py
[2025-02-13T00:47:36.958+0000] {logging_mixin.py:190} INFO - [2025-02-13T00:47:36.958+0000] {dag.py:3239} INFO - Sync 2 DAGs
[2025-02-13T00:47:36.979+0000] {logging_mixin.py:190} INFO - [2025-02-13T00:47:36.978+0000] {dag.py:4180} INFO - Setting next_dagrun for example_xcom_args to None, run_after=None
[2025-02-13T00:47:36.984+0000] {logging_mixin.py:190} INFO - [2025-02-13T00:47:36.984+0000] {dag.py:4180} INFO - Setting next_dagrun for example_xcom_args_with_operators to None, run_after=None
[2025-02-13T00:47:37.005+0000] {processor.py:208} INFO - Processing /home/airflow/.local/lib/python3.12/site-packages/airflow/example_dags/example_xcomargs.py took 0.132 seconds
[2025-02-13T00:49:25.984+0000] {processor.py:186} INFO - Started process (PID=80) to work on /home/airflow/.local/lib/python3.12/site-packages/airflow/example_dags/example_xcomargs.py
[2025-02-13T00:49:25.986+0000] {processor.py:914} INFO - Processing file /home/airflow/.local/lib/python3.12/site-packages/airflow/example_dags/example_xcomargs.py for tasks to queue
[2025-02-13T00:49:25.991+0000] {logging_mixin.py:190} INFO - [2025-02-13T00:49:25.990+0000] {dagbag.py:588} INFO - Filling up the DagBag from /home/airflow/.local/lib/python3.12/site-packages/airflow/example_dags/example_xcomargs.py
[2025-02-13T00:49:26.018+0000] {processor.py:925} INFO - DAG(s) 'example_xcom_args_with_operators', 'example_xcom_args' retrieved from /home/airflow/.local/lib/python3.12/site-packages/airflow/example_dags/example_xcomargs.py
[2025-02-13T00:49:26.088+0000] {logging_mixin.py:190} INFO - [2025-02-13T00:49:26.088+0000] {dag.py:3239} INFO - Sync 2 DAGs
[2025-02-13T00:49:26.127+0000] {logging_mixin.py:190} INFO - [2025-02-13T00:49:26.126+0000] {dag.py:4180} INFO - Setting next_dagrun for example_xcom_args to None, run_after=None
[2025-02-13T00:49:26.137+0000] {logging_mixin.py:190} INFO - [2025-02-13T00:49:26.136+0000] {dag.py:4180} INFO - Setting next_dagrun for example_xcom_args_with_operators to None, run_after=None
[2025-02-13T00:49:26.175+0000] {processor.py:208} INFO - Processing /home/airflow/.local/lib/python3.12/site-packages/airflow/example_dags/example_xcomargs.py took 0.210 seconds
[2025-02-13T00:49:56.519+0000] {processor.py:186} INFO - Started process (PID=146) to work on /home/airflow/.local/lib/python3.12/site-packages/airflow/example_dags/example_xcomargs.py
[2025-02-13T00:49:56.520+0000] {processor.py:914} INFO - Processing file /home/airflow/.local/lib/python3.12/site-packages/airflow/example_dags/example_xcomargs.py for tasks to queue
[2025-02-13T00:49:56.523+0000] {logging_mixin.py:190} INFO - [2025-02-13T00:49:56.523+0000] {dagbag.py:588} INFO - Filling up the DagBag from /home/airflow/.local/lib/python3.12/site-packages/airflow/example_dags/example_xcomargs.py
[2025-02-13T00:49:56.536+0000] {processor.py:925} INFO - DAG(s) 'example_xcom_args', 'example_xcom_args_with_operators' retrieved from /home/airflow/.local/lib/python3.12/site-packages/airflow/example_dags/example_xcomargs.py
[2025-02-13T00:49:56.566+0000] {logging_mixin.py:190} INFO - [2025-02-13T00:49:56.566+0000] {dag.py:3239} INFO - Sync 2 DAGs
[2025-02-13T00:49:56.582+0000] {logging_mixin.py:190} INFO - [2025-02-13T00:49:56.582+0000] {dag.py:4180} INFO - Setting next_dagrun for example_xcom_args to None, run_after=None
[2025-02-13T00:49:56.586+0000] {logging_mixin.py:190} INFO - [2025-02-13T00:49:56.586+0000] {dag.py:4180} INFO - Setting next_dagrun for example_xcom_args_with_operators to None, run_after=None
[2025-02-13T00:49:56.607+0000] {processor.py:208} INFO - Processing /home/airflow/.local/lib/python3.12/site-packages/airflow/example_dags/example_xcomargs.py took 0.094 seconds
[2025-02-13T00:50:27.047+0000] {processor.py:186} INFO - Started process (PID=213) to work on /home/airflow/.local/lib/python3.12/site-packages/airflow/example_dags/example_xcomargs.py
[2025-02-13T00:50:27.048+0000] {processor.py:914} INFO - Processing file /home/airflow/.local/lib/python3.12/site-packages/airflow/example_dags/example_xcomargs.py for tasks to queue
[2025-02-13T00:50:27.051+0000] {logging_mixin.py:190} INFO - [2025-02-13T00:50:27.051+0000] {dagbag.py:588} INFO - Filling up the DagBag from /home/airflow/.local/lib/python3.12/site-packages/airflow/example_dags/example_xcomargs.py
[2025-02-13T00:50:27.064+0000] {processor.py:925} INFO - DAG(s) 'example_xcom_args', 'example_xcom_args_with_operators' retrieved from /home/airflow/.local/lib/python3.12/site-packages/airflow/example_dags/example_xcomargs.py
[2025-02-13T00:50:27.098+0000] {logging_mixin.py:190} INFO - [2025-02-13T00:50:27.097+0000] {dag.py:3239} INFO - Sync 2 DAGs
[2025-02-13T00:50:27.118+0000] {logging_mixin.py:190} INFO - [2025-02-13T00:50:27.118+0000] {dag.py:4180} INFO - Setting next_dagrun for example_xcom_args to None, run_after=None
[2025-02-13T00:50:27.123+0000] {logging_mixin.py:190} INFO - [2025-02-13T00:50:27.123+0000] {dag.py:4180} INFO - Setting next_dagrun for example_xcom_args_with_operators to None, run_after=None
[2025-02-13T00:50:27.144+0000] {processor.py:208} INFO - Processing /home/airflow/.local/lib/python3.12/site-packages/airflow/example_dags/example_xcomargs.py took 0.106 seconds
[2025-02-13T00:50:58.395+0000] {processor.py:186} INFO - Started process (PID=280) to work on /home/airflow/.local/lib/python3.12/site-packages/airflow/example_dags/example_xcomargs.py
[2025-02-13T00:50:58.397+0000] {processor.py:914} INFO - Processing file /home/airflow/.local/lib/python3.12/site-packages/airflow/example_dags/example_xcomargs.py for tasks to queue
[2025-02-13T00:50:58.400+0000] {logging_mixin.py:190} INFO - [2025-02-13T00:50:58.400+0000] {dagbag.py:588} INFO - Filling up the DagBag from /home/airflow/.local/lib/python3.12/site-packages/airflow/example_dags/example_xcomargs.py
[2025-02-13T00:50:58.414+0000] {processor.py:925} INFO - DAG(s) 'example_xcom_args', 'example_xcom_args_with_operators' retrieved from /home/airflow/.local/lib/python3.12/site-packages/airflow/example_dags/example_xcomargs.py
[2025-02-13T00:50:58.455+0000] {logging_mixin.py:190} INFO - [2025-02-13T00:50:58.455+0000] {dag.py:3239} INFO - Sync 2 DAGs
[2025-02-13T00:50:58.475+0000] {logging_mixin.py:190} INFO - [2025-02-13T00:50:58.475+0000] {dag.py:4180} INFO - Setting next_dagrun for example_xcom_args to None, run_after=None
[2025-02-13T00:50:58.481+0000] {logging_mixin.py:190} INFO - [2025-02-13T00:50:58.481+0000] {dag.py:4180} INFO - Setting next_dagrun for example_xcom_args_with_operators to None, run_after=None
[2025-02-13T00:50:58.499+0000] {processor.py:208} INFO - Processing /home/airflow/.local/lib/python3.12/site-packages/airflow/example_dags/example_xcomargs.py took 0.111 seconds
[2025-02-13T00:51:29.319+0000] {processor.py:186} INFO - Started process (PID=346) to work on /home/airflow/.local/lib/python3.12/site-packages/airflow/example_dags/example_xcomargs.py
[2025-02-13T00:51:29.320+0000] {processor.py:914} INFO - Processing file /home/airflow/.local/lib/python3.12/site-packages/airflow/example_dags/example_xcomargs.py for tasks to queue
[2025-02-13T00:51:29.322+0000] {logging_mixin.py:190} INFO - [2025-02-13T00:51:29.322+0000] {dagbag.py:588} INFO - Filling up the DagBag from /home/airflow/.local/lib/python3.12/site-packages/airflow/example_dags/example_xcomargs.py
[2025-02-13T00:51:29.334+0000] {processor.py:925} INFO - DAG(s) 'example_xcom_args', 'example_xcom_args_with_operators' retrieved from /home/airflow/.local/lib/python3.12/site-packages/airflow/example_dags/example_xcomargs.py
[2025-02-13T00:51:29.357+0000] {logging_mixin.py:190} INFO - [2025-02-13T00:51:29.357+0000] {dag.py:3239} INFO - Sync 2 DAGs
[2025-02-13T00:51:29.372+0000] {logging_mixin.py:190} INFO - [2025-02-13T00:51:29.371+0000] {dag.py:4180} INFO - Setting next_dagrun for example_xcom_args to None, run_after=None
[2025-02-13T00:51:29.375+0000] {logging_mixin.py:190} INFO - [2025-02-13T00:51:29.375+0000] {dag.py:4180} INFO - Setting next_dagrun for example_xcom_args_with_operators to None, run_after=None
[2025-02-13T00:51:29.397+0000] {processor.py:208} INFO - Processing /home/airflow/.local/lib/python3.12/site-packages/airflow/example_dags/example_xcomargs.py took 0.083 seconds
[2025-02-13T00:52:00.283+0000] {processor.py:186} INFO - Started process (PID=412) to work on /home/airflow/.local/lib/python3.12/site-packages/airflow/example_dags/example_xcomargs.py
[2025-02-13T00:52:00.285+0000] {processor.py:914} INFO - Processing file /home/airflow/.local/lib/python3.12/site-packages/airflow/example_dags/example_xcomargs.py for tasks to queue
[2025-02-13T00:52:00.287+0000] {logging_mixin.py:190} INFO - [2025-02-13T00:52:00.287+0000] {dagbag.py:588} INFO - Filling up the DagBag from /home/airflow/.local/lib/python3.12/site-packages/airflow/example_dags/example_xcomargs.py
[2025-02-13T00:52:00.302+0000] {processor.py:925} INFO - DAG(s) 'example_xcom_args', 'example_xcom_args_with_operators' retrieved from /home/airflow/.local/lib/python3.12/site-packages/airflow/example_dags/example_xcomargs.py
[2025-02-13T00:52:00.327+0000] {logging_mixin.py:190} INFO - [2025-02-13T00:52:00.327+0000] {dag.py:3239} INFO - Sync 2 DAGs
[2025-02-13T00:52:00.345+0000] {logging_mixin.py:190} INFO - [2025-02-13T00:52:00.345+0000] {dag.py:4180} INFO - Setting next_dagrun for example_xcom_args to None, run_after=None
[2025-02-13T00:52:00.349+0000] {logging_mixin.py:190} INFO - [2025-02-13T00:52:00.349+0000] {dag.py:4180} INFO - Setting next_dagrun for example_xcom_args_with_operators to None, run_after=None
[2025-02-13T00:52:00.370+0000] {processor.py:208} INFO - Processing /home/airflow/.local/lib/python3.12/site-packages/airflow/example_dags/example_xcomargs.py took 0.094 seconds
[2025-02-13T00:52:31.757+0000] {processor.py:186} INFO - Started process (PID=478) to work on /home/airflow/.local/lib/python3.12/site-packages/airflow/example_dags/example_xcomargs.py
[2025-02-13T00:52:31.758+0000] {processor.py:914} INFO - Processing file /home/airflow/.local/lib/python3.12/site-packages/airflow/example_dags/example_xcomargs.py for tasks to queue
[2025-02-13T00:52:31.761+0000] {logging_mixin.py:190} INFO - [2025-02-13T00:52:31.761+0000] {dagbag.py:588} INFO - Filling up the DagBag from /home/airflow/.local/lib/python3.12/site-packages/airflow/example_dags/example_xcomargs.py
[2025-02-13T00:52:31.774+0000] {processor.py:925} INFO - DAG(s) 'example_xcom_args', 'example_xcom_args_with_operators' retrieved from /home/airflow/.local/lib/python3.12/site-packages/airflow/example_dags/example_xcomargs.py
[2025-02-13T00:52:31.800+0000] {logging_mixin.py:190} INFO - [2025-02-13T00:52:31.800+0000] {dag.py:3239} INFO - Sync 2 DAGs
[2025-02-13T00:52:31.819+0000] {logging_mixin.py:190} INFO - [2025-02-13T00:52:31.819+0000] {dag.py:4180} INFO - Setting next_dagrun for example_xcom_args to None, run_after=None
[2025-02-13T00:52:31.823+0000] {logging_mixin.py:190} INFO - [2025-02-13T00:52:31.823+0000] {dag.py:4180} INFO - Setting next_dagrun for example_xcom_args_with_operators to None, run_after=None
[2025-02-13T00:52:31.843+0000] {processor.py:208} INFO - Processing /home/airflow/.local/lib/python3.12/site-packages/airflow/example_dags/example_xcomargs.py took 0.093 seconds
[2025-02-13T00:53:02.988+0000] {processor.py:186} INFO - Started process (PID=544) to work on /home/airflow/.local/lib/python3.12/site-packages/airflow/example_dags/example_xcomargs.py
[2025-02-13T00:53:02.989+0000] {processor.py:914} INFO - Processing file /home/airflow/.local/lib/python3.12/site-packages/airflow/example_dags/example_xcomargs.py for tasks to queue
[2025-02-13T00:53:02.994+0000] {logging_mixin.py:190} INFO - [2025-02-13T00:53:02.994+0000] {dagbag.py:588} INFO - Filling up the DagBag from /home/airflow/.local/lib/python3.12/site-packages/airflow/example_dags/example_xcomargs.py
[2025-02-13T00:53:03.006+0000] {processor.py:925} INFO - DAG(s) 'example_xcom_args', 'example_xcom_args_with_operators' retrieved from /home/airflow/.local/lib/python3.12/site-packages/airflow/example_dags/example_xcomargs.py
[2025-02-13T00:53:03.042+0000] {logging_mixin.py:190} INFO - [2025-02-13T00:53:03.042+0000] {dag.py:3239} INFO - Sync 2 DAGs
[2025-02-13T00:53:03.061+0000] {logging_mixin.py:190} INFO - [2025-02-13T00:53:03.061+0000] {dag.py:4180} INFO - Setting next_dagrun for example_xcom_args to None, run_after=None
[2025-02-13T00:53:03.068+0000] {logging_mixin.py:190} INFO - [2025-02-13T00:53:03.067+0000] {dag.py:4180} INFO - Setting next_dagrun for example_xcom_args_with_operators to None, run_after=None
[2025-02-13T00:53:03.107+0000] {processor.py:208} INFO - Processing /home/airflow/.local/lib/python3.12/site-packages/airflow/example_dags/example_xcomargs.py took 0.125 seconds
[2025-02-13T00:54:44.700+0000] {processor.py:186} INFO - Started process (PID=77) to work on /home/airflow/.local/lib/python3.12/site-packages/airflow/example_dags/example_xcomargs.py
[2025-02-13T00:54:44.702+0000] {processor.py:914} INFO - Processing file /home/airflow/.local/lib/python3.12/site-packages/airflow/example_dags/example_xcomargs.py for tasks to queue
[2025-02-13T00:54:44.718+0000] {logging_mixin.py:190} INFO - [2025-02-13T00:54:44.712+0000] {dagbag.py:588} INFO - Filling up the DagBag from /home/airflow/.local/lib/python3.12/site-packages/airflow/example_dags/example_xcomargs.py
[2025-02-13T00:54:44.737+0000] {processor.py:925} INFO - DAG(s) 'example_xcom_args', 'example_xcom_args_with_operators' retrieved from /home/airflow/.local/lib/python3.12/site-packages/airflow/example_dags/example_xcomargs.py
[2025-02-13T00:54:44.772+0000] {logging_mixin.py:190} INFO - [2025-02-13T00:54:44.772+0000] {dag.py:3239} INFO - Sync 2 DAGs
[2025-02-13T00:54:44.810+0000] {logging_mixin.py:190} INFO - [2025-02-13T00:54:44.803+0000] {dag.py:4180} INFO - Setting next_dagrun for example_xcom_args to None, run_after=None
[2025-02-13T00:54:44.827+0000] {logging_mixin.py:190} INFO - [2025-02-13T00:54:44.827+0000] {dag.py:4180} INFO - Setting next_dagrun for example_xcom_args_with_operators to None, run_after=None
[2025-02-13T00:54:44.883+0000] {processor.py:208} INFO - Processing /home/airflow/.local/lib/python3.12/site-packages/airflow/example_dags/example_xcomargs.py took 0.205 seconds
[2025-02-13T00:55:16.481+0000] {processor.py:186} INFO - Started process (PID=143) to work on /home/airflow/.local/lib/python3.12/site-packages/airflow/example_dags/example_xcomargs.py
[2025-02-13T00:55:16.491+0000] {processor.py:914} INFO - Processing file /home/airflow/.local/lib/python3.12/site-packages/airflow/example_dags/example_xcomargs.py for tasks to queue
[2025-02-13T00:55:16.497+0000] {logging_mixin.py:190} INFO - [2025-02-13T00:55:16.496+0000] {dagbag.py:588} INFO - Filling up the DagBag from /home/airflow/.local/lib/python3.12/site-packages/airflow/example_dags/example_xcomargs.py
[2025-02-13T00:55:16.527+0000] {processor.py:925} INFO - DAG(s) 'example_xcom_args_with_operators', 'example_xcom_args' retrieved from /home/airflow/.local/lib/python3.12/site-packages/airflow/example_dags/example_xcomargs.py
[2025-02-13T00:55:16.673+0000] {logging_mixin.py:190} INFO - [2025-02-13T00:55:16.672+0000] {dag.py:3239} INFO - Sync 2 DAGs
[2025-02-13T00:55:16.727+0000] {logging_mixin.py:190} INFO - [2025-02-13T00:55:16.726+0000] {dag.py:4180} INFO - Setting next_dagrun for example_xcom_args to None, run_after=None
[2025-02-13T00:55:16.746+0000] {logging_mixin.py:190} INFO - [2025-02-13T00:55:16.746+0000] {dag.py:4180} INFO - Setting next_dagrun for example_xcom_args_with_operators to None, run_after=None
[2025-02-13T00:55:16.781+0000] {processor.py:208} INFO - Processing /home/airflow/.local/lib/python3.12/site-packages/airflow/example_dags/example_xcomargs.py took 0.312 seconds
[2025-02-13T00:55:47.788+0000] {processor.py:186} INFO - Started process (PID=209) to work on /home/airflow/.local/lib/python3.12/site-packages/airflow/example_dags/example_xcomargs.py
[2025-02-13T00:55:47.797+0000] {processor.py:914} INFO - Processing file /home/airflow/.local/lib/python3.12/site-packages/airflow/example_dags/example_xcomargs.py for tasks to queue
[2025-02-13T00:55:47.801+0000] {logging_mixin.py:190} INFO - [2025-02-13T00:55:47.801+0000] {dagbag.py:588} INFO - Filling up the DagBag from /home/airflow/.local/lib/python3.12/site-packages/airflow/example_dags/example_xcomargs.py
[2025-02-13T00:55:47.825+0000] {processor.py:925} INFO - DAG(s) 'example_xcom_args_with_operators', 'example_xcom_args' retrieved from /home/airflow/.local/lib/python3.12/site-packages/airflow/example_dags/example_xcomargs.py
[2025-02-13T00:55:47.899+0000] {logging_mixin.py:190} INFO - [2025-02-13T00:55:47.899+0000] {dag.py:3239} INFO - Sync 2 DAGs
[2025-02-13T00:55:47.963+0000] {logging_mixin.py:190} INFO - [2025-02-13T00:55:47.963+0000] {dag.py:4180} INFO - Setting next_dagrun for example_xcom_args to None, run_after=None
[2025-02-13T00:55:47.996+0000] {logging_mixin.py:190} INFO - [2025-02-13T00:55:47.996+0000] {dag.py:4180} INFO - Setting next_dagrun for example_xcom_args_with_operators to None, run_after=None
[2025-02-13T00:55:48.064+0000] {processor.py:208} INFO - Processing /home/airflow/.local/lib/python3.12/site-packages/airflow/example_dags/example_xcomargs.py took 0.288 seconds
[2025-02-13T00:56:18.784+0000] {processor.py:186} INFO - Started process (PID=275) to work on /home/airflow/.local/lib/python3.12/site-packages/airflow/example_dags/example_xcomargs.py
[2025-02-13T00:56:18.786+0000] {processor.py:914} INFO - Processing file /home/airflow/.local/lib/python3.12/site-packages/airflow/example_dags/example_xcomargs.py for tasks to queue
[2025-02-13T00:56:18.788+0000] {logging_mixin.py:190} INFO - [2025-02-13T00:56:18.788+0000] {dagbag.py:588} INFO - Filling up the DagBag from /home/airflow/.local/lib/python3.12/site-packages/airflow/example_dags/example_xcomargs.py
[2025-02-13T00:56:18.801+0000] {processor.py:925} INFO - DAG(s) 'example_xcom_args', 'example_xcom_args_with_operators' retrieved from /home/airflow/.local/lib/python3.12/site-packages/airflow/example_dags/example_xcomargs.py
[2025-02-13T00:56:18.828+0000] {logging_mixin.py:190} INFO - [2025-02-13T00:56:18.827+0000] {dag.py:3239} INFO - Sync 2 DAGs
[2025-02-13T00:56:18.847+0000] {logging_mixin.py:190} INFO - [2025-02-13T00:56:18.847+0000] {dag.py:4180} INFO - Setting next_dagrun for example_xcom_args to None, run_after=None
[2025-02-13T00:56:18.851+0000] {logging_mixin.py:190} INFO - [2025-02-13T00:56:18.851+0000] {dag.py:4180} INFO - Setting next_dagrun for example_xcom_args_with_operators to None, run_after=None
[2025-02-13T00:56:18.871+0000] {processor.py:208} INFO - Processing /home/airflow/.local/lib/python3.12/site-packages/airflow/example_dags/example_xcomargs.py took 0.093 seconds
[2025-02-13T00:56:49.508+0000] {processor.py:186} INFO - Started process (PID=341) to work on /home/airflow/.local/lib/python3.12/site-packages/airflow/example_dags/example_xcomargs.py
[2025-02-13T00:56:49.509+0000] {processor.py:914} INFO - Processing file /home/airflow/.local/lib/python3.12/site-packages/airflow/example_dags/example_xcomargs.py for tasks to queue
[2025-02-13T00:56:49.513+0000] {logging_mixin.py:190} INFO - [2025-02-13T00:56:49.513+0000] {dagbag.py:588} INFO - Filling up the DagBag from /home/airflow/.local/lib/python3.12/site-packages/airflow/example_dags/example_xcomargs.py
[2025-02-13T00:56:49.523+0000] {processor.py:925} INFO - DAG(s) 'example_xcom_args', 'example_xcom_args_with_operators' retrieved from /home/airflow/.local/lib/python3.12/site-packages/airflow/example_dags/example_xcomargs.py
[2025-02-13T00:56:49.554+0000] {logging_mixin.py:190} INFO - [2025-02-13T00:56:49.554+0000] {dag.py:3239} INFO - Sync 2 DAGs
[2025-02-13T00:56:49.571+0000] {logging_mixin.py:190} INFO - [2025-02-13T00:56:49.571+0000] {dag.py:4180} INFO - Setting next_dagrun for example_xcom_args to None, run_after=None
[2025-02-13T00:56:49.576+0000] {logging_mixin.py:190} INFO - [2025-02-13T00:56:49.576+0000] {dag.py:4180} INFO - Setting next_dagrun for example_xcom_args_with_operators to None, run_after=None
[2025-02-13T00:56:49.596+0000] {processor.py:208} INFO - Processing /home/airflow/.local/lib/python3.12/site-packages/airflow/example_dags/example_xcomargs.py took 0.096 seconds
[2025-02-13T00:57:19.772+0000] {processor.py:186} INFO - Started process (PID=407) to work on /home/airflow/.local/lib/python3.12/site-packages/airflow/example_dags/example_xcomargs.py
[2025-02-13T00:57:19.774+0000] {processor.py:914} INFO - Processing file /home/airflow/.local/lib/python3.12/site-packages/airflow/example_dags/example_xcomargs.py for tasks to queue
[2025-02-13T00:57:19.776+0000] {logging_mixin.py:190} INFO - [2025-02-13T00:57:19.776+0000] {dagbag.py:588} INFO - Filling up the DagBag from /home/airflow/.local/lib/python3.12/site-packages/airflow/example_dags/example_xcomargs.py
[2025-02-13T00:57:19.791+0000] {processor.py:925} INFO - DAG(s) 'example_xcom_args_with_operators', 'example_xcom_args' retrieved from /home/airflow/.local/lib/python3.12/site-packages/airflow/example_dags/example_xcomargs.py
[2025-02-13T00:57:19.824+0000] {logging_mixin.py:190} INFO - [2025-02-13T00:57:19.824+0000] {dag.py:3239} INFO - Sync 2 DAGs
[2025-02-13T00:57:19.849+0000] {logging_mixin.py:190} INFO - [2025-02-13T00:57:19.849+0000] {dag.py:4180} INFO - Setting next_dagrun for example_xcom_args to None, run_after=None
[2025-02-13T00:57:19.857+0000] {logging_mixin.py:190} INFO - [2025-02-13T00:57:19.856+0000] {dag.py:4180} INFO - Setting next_dagrun for example_xcom_args_with_operators to None, run_after=None
[2025-02-13T00:57:19.886+0000] {processor.py:208} INFO - Processing /home/airflow/.local/lib/python3.12/site-packages/airflow/example_dags/example_xcomargs.py took 0.119 seconds
[2025-02-13T00:59:47.117+0000] {processor.py:186} INFO - Started process (PID=72) to work on /home/airflow/.local/lib/python3.12/site-packages/airflow/example_dags/example_xcomargs.py
[2025-02-13T00:59:47.118+0000] {processor.py:914} INFO - Processing file /home/airflow/.local/lib/python3.12/site-packages/airflow/example_dags/example_xcomargs.py for tasks to queue
[2025-02-13T00:59:47.122+0000] {logging_mixin.py:190} INFO - [2025-02-13T00:59:47.122+0000] {dagbag.py:588} INFO - Filling up the DagBag from /home/airflow/.local/lib/python3.12/site-packages/airflow/example_dags/example_xcomargs.py
[2025-02-13T00:59:47.134+0000] {processor.py:925} INFO - DAG(s) 'example_xcom_args', 'example_xcom_args_with_operators' retrieved from /home/airflow/.local/lib/python3.12/site-packages/airflow/example_dags/example_xcomargs.py
[2025-02-13T00:59:47.160+0000] {logging_mixin.py:190} INFO - [2025-02-13T00:59:47.160+0000] {dag.py:3239} INFO - Sync 2 DAGs
[2025-02-13T00:59:47.176+0000] {logging_mixin.py:190} INFO - [2025-02-13T00:59:47.176+0000] {dag.py:4180} INFO - Setting next_dagrun for example_xcom_args to None, run_after=None
[2025-02-13T00:59:47.180+0000] {logging_mixin.py:190} INFO - [2025-02-13T00:59:47.180+0000] {dag.py:4180} INFO - Setting next_dagrun for example_xcom_args_with_operators to None, run_after=None
[2025-02-13T00:59:47.200+0000] {processor.py:208} INFO - Processing /home/airflow/.local/lib/python3.12/site-packages/airflow/example_dags/example_xcomargs.py took 0.088 seconds
[2025-02-13T01:00:19.965+0000] {processor.py:186} INFO - Started process (PID=139) to work on /home/airflow/.local/lib/python3.12/site-packages/airflow/example_dags/example_xcomargs.py
[2025-02-13T01:00:19.968+0000] {processor.py:914} INFO - Processing file /home/airflow/.local/lib/python3.12/site-packages/airflow/example_dags/example_xcomargs.py for tasks to queue
[2025-02-13T01:00:19.971+0000] {logging_mixin.py:190} INFO - [2025-02-13T01:00:19.971+0000] {dagbag.py:588} INFO - Filling up the DagBag from /home/airflow/.local/lib/python3.12/site-packages/airflow/example_dags/example_xcomargs.py
[2025-02-13T01:00:19.986+0000] {processor.py:925} INFO - DAG(s) 'example_xcom_args_with_operators', 'example_xcom_args' retrieved from /home/airflow/.local/lib/python3.12/site-packages/airflow/example_dags/example_xcomargs.py
[2025-02-13T01:00:20.021+0000] {logging_mixin.py:190} INFO - [2025-02-13T01:00:20.021+0000] {dag.py:3239} INFO - Sync 2 DAGs
[2025-02-13T01:00:20.042+0000] {logging_mixin.py:190} INFO - [2025-02-13T01:00:20.041+0000] {dag.py:4180} INFO - Setting next_dagrun for example_xcom_args to None, run_after=None
[2025-02-13T01:00:20.046+0000] {logging_mixin.py:190} INFO - [2025-02-13T01:00:20.046+0000] {dag.py:4180} INFO - Setting next_dagrun for example_xcom_args_with_operators to None, run_after=None
[2025-02-13T01:00:20.075+0000] {processor.py:208} INFO - Processing /home/airflow/.local/lib/python3.12/site-packages/airflow/example_dags/example_xcomargs.py took 0.118 seconds
[2025-02-13T01:00:50.781+0000] {processor.py:186} INFO - Started process (PID=205) to work on /home/airflow/.local/lib/python3.12/site-packages/airflow/example_dags/example_xcomargs.py
[2025-02-13T01:00:50.782+0000] {processor.py:914} INFO - Processing file /home/airflow/.local/lib/python3.12/site-packages/airflow/example_dags/example_xcomargs.py for tasks to queue
[2025-02-13T01:00:50.787+0000] {logging_mixin.py:190} INFO - [2025-02-13T01:00:50.786+0000] {dagbag.py:588} INFO - Filling up the DagBag from /home/airflow/.local/lib/python3.12/site-packages/airflow/example_dags/example_xcomargs.py
[2025-02-13T01:00:50.798+0000] {processor.py:925} INFO - DAG(s) 'example_xcom_args_with_operators', 'example_xcom_args' retrieved from /home/airflow/.local/lib/python3.12/site-packages/airflow/example_dags/example_xcomargs.py
[2025-02-13T01:00:50.828+0000] {logging_mixin.py:190} INFO - [2025-02-13T01:00:50.828+0000] {dag.py:3239} INFO - Sync 2 DAGs
[2025-02-13T01:00:50.845+0000] {logging_mixin.py:190} INFO - [2025-02-13T01:00:50.844+0000] {dag.py:4180} INFO - Setting next_dagrun for example_xcom_args to None, run_after=None
[2025-02-13T01:00:50.848+0000] {logging_mixin.py:190} INFO - [2025-02-13T01:00:50.848+0000] {dag.py:4180} INFO - Setting next_dagrun for example_xcom_args_with_operators to None, run_after=None
[2025-02-13T01:00:50.866+0000] {processor.py:208} INFO - Processing /home/airflow/.local/lib/python3.12/site-packages/airflow/example_dags/example_xcomargs.py took 0.091 seconds
[2025-02-13T01:01:23.464+0000] {processor.py:186} INFO - Started process (PID=276) to work on /home/airflow/.local/lib/python3.12/site-packages/airflow/example_dags/example_xcomargs.py
[2025-02-13T01:01:23.470+0000] {processor.py:914} INFO - Processing file /home/airflow/.local/lib/python3.12/site-packages/airflow/example_dags/example_xcomargs.py for tasks to queue
[2025-02-13T01:01:23.477+0000] {logging_mixin.py:190} INFO - [2025-02-13T01:01:23.476+0000] {dagbag.py:588} INFO - Filling up the DagBag from /home/airflow/.local/lib/python3.12/site-packages/airflow/example_dags/example_xcomargs.py
[2025-02-13T01:01:23.494+0000] {processor.py:925} INFO - DAG(s) 'example_xcom_args', 'example_xcom_args_with_operators' retrieved from /home/airflow/.local/lib/python3.12/site-packages/airflow/example_dags/example_xcomargs.py
[2025-02-13T01:01:23.579+0000] {logging_mixin.py:190} INFO - [2025-02-13T01:01:23.578+0000] {dag.py:3239} INFO - Sync 2 DAGs
[2025-02-13T01:01:23.621+0000] {logging_mixin.py:190} INFO - [2025-02-13T01:01:23.621+0000] {dag.py:4180} INFO - Setting next_dagrun for example_xcom_args to None, run_after=None
[2025-02-13T01:01:23.628+0000] {logging_mixin.py:190} INFO - [2025-02-13T01:01:23.627+0000] {dag.py:4180} INFO - Setting next_dagrun for example_xcom_args_with_operators to None, run_after=None
[2025-02-13T01:01:23.671+0000] {processor.py:208} INFO - Processing /home/airflow/.local/lib/python3.12/site-packages/airflow/example_dags/example_xcomargs.py took 0.215 seconds
[2025-02-13T01:01:53.720+0000] {processor.py:186} INFO - Started process (PID=342) to work on /home/airflow/.local/lib/python3.12/site-packages/airflow/example_dags/example_xcomargs.py
[2025-02-13T01:01:53.721+0000] {processor.py:914} INFO - Processing file /home/airflow/.local/lib/python3.12/site-packages/airflow/example_dags/example_xcomargs.py for tasks to queue
[2025-02-13T01:01:53.724+0000] {logging_mixin.py:190} INFO - [2025-02-13T01:01:53.723+0000] {dagbag.py:588} INFO - Filling up the DagBag from /home/airflow/.local/lib/python3.12/site-packages/airflow/example_dags/example_xcomargs.py
[2025-02-13T01:01:53.736+0000] {processor.py:925} INFO - DAG(s) 'example_xcom_args', 'example_xcom_args_with_operators' retrieved from /home/airflow/.local/lib/python3.12/site-packages/airflow/example_dags/example_xcomargs.py
[2025-02-13T01:01:53.767+0000] {logging_mixin.py:190} INFO - [2025-02-13T01:01:53.767+0000] {dag.py:3239} INFO - Sync 2 DAGs
[2025-02-13T01:01:53.801+0000] {logging_mixin.py:190} INFO - [2025-02-13T01:01:53.800+0000] {dag.py:4180} INFO - Setting next_dagrun for example_xcom_args to None, run_after=None
[2025-02-13T01:01:53.816+0000] {logging_mixin.py:190} INFO - [2025-02-13T01:01:53.815+0000] {dag.py:4180} INFO - Setting next_dagrun for example_xcom_args_with_operators to None, run_after=None
[2025-02-13T01:01:53.871+0000] {processor.py:208} INFO - Processing /home/airflow/.local/lib/python3.12/site-packages/airflow/example_dags/example_xcomargs.py took 0.159 seconds
[2025-02-13T01:02:24.733+0000] {processor.py:186} INFO - Started process (PID=408) to work on /home/airflow/.local/lib/python3.12/site-packages/airflow/example_dags/example_xcomargs.py
[2025-02-13T01:02:24.734+0000] {processor.py:914} INFO - Processing file /home/airflow/.local/lib/python3.12/site-packages/airflow/example_dags/example_xcomargs.py for tasks to queue
[2025-02-13T01:02:24.737+0000] {logging_mixin.py:190} INFO - [2025-02-13T01:02:24.737+0000] {dagbag.py:588} INFO - Filling up the DagBag from /home/airflow/.local/lib/python3.12/site-packages/airflow/example_dags/example_xcomargs.py
[2025-02-13T01:02:24.750+0000] {processor.py:925} INFO - DAG(s) 'example_xcom_args_with_operators', 'example_xcom_args' retrieved from /home/airflow/.local/lib/python3.12/site-packages/airflow/example_dags/example_xcomargs.py
[2025-02-13T01:02:24.772+0000] {logging_mixin.py:190} INFO - [2025-02-13T01:02:24.772+0000] {dag.py:3239} INFO - Sync 2 DAGs
[2025-02-13T01:02:24.793+0000] {logging_mixin.py:190} INFO - [2025-02-13T01:02:24.793+0000] {dag.py:4180} INFO - Setting next_dagrun for example_xcom_args to None, run_after=None
[2025-02-13T01:02:24.797+0000] {logging_mixin.py:190} INFO - [2025-02-13T01:02:24.797+0000] {dag.py:4180} INFO - Setting next_dagrun for example_xcom_args_with_operators to None, run_after=None
[2025-02-13T01:02:24.815+0000] {processor.py:208} INFO - Processing /home/airflow/.local/lib/python3.12/site-packages/airflow/example_dags/example_xcomargs.py took 0.087 seconds
[2025-02-13T01:02:55.497+0000] {processor.py:186} INFO - Started process (PID=474) to work on /home/airflow/.local/lib/python3.12/site-packages/airflow/example_dags/example_xcomargs.py
[2025-02-13T01:02:55.499+0000] {processor.py:914} INFO - Processing file /home/airflow/.local/lib/python3.12/site-packages/airflow/example_dags/example_xcomargs.py for tasks to queue
[2025-02-13T01:02:55.502+0000] {logging_mixin.py:190} INFO - [2025-02-13T01:02:55.502+0000] {dagbag.py:588} INFO - Filling up the DagBag from /home/airflow/.local/lib/python3.12/site-packages/airflow/example_dags/example_xcomargs.py
[2025-02-13T01:02:55.513+0000] {processor.py:925} INFO - DAG(s) 'example_xcom_args', 'example_xcom_args_with_operators' retrieved from /home/airflow/.local/lib/python3.12/site-packages/airflow/example_dags/example_xcomargs.py
[2025-02-13T01:02:55.541+0000] {logging_mixin.py:190} INFO - [2025-02-13T01:02:55.540+0000] {dag.py:3239} INFO - Sync 2 DAGs
[2025-02-13T01:02:55.561+0000] {logging_mixin.py:190} INFO - [2025-02-13T01:02:55.560+0000] {dag.py:4180} INFO - Setting next_dagrun for example_xcom_args to None, run_after=None
[2025-02-13T01:02:55.569+0000] {logging_mixin.py:190} INFO - [2025-02-13T01:02:55.568+0000] {dag.py:4180} INFO - Setting next_dagrun for example_xcom_args_with_operators to None, run_after=None
[2025-02-13T01:02:55.595+0000] {processor.py:208} INFO - Processing /home/airflow/.local/lib/python3.12/site-packages/airflow/example_dags/example_xcomargs.py took 0.105 seconds
[2025-02-13T01:03:26.814+0000] {processor.py:186} INFO - Started process (PID=540) to work on /home/airflow/.local/lib/python3.12/site-packages/airflow/example_dags/example_xcomargs.py
[2025-02-13T01:03:26.816+0000] {processor.py:914} INFO - Processing file /home/airflow/.local/lib/python3.12/site-packages/airflow/example_dags/example_xcomargs.py for tasks to queue
[2025-02-13T01:03:26.819+0000] {logging_mixin.py:190} INFO - [2025-02-13T01:03:26.819+0000] {dagbag.py:588} INFO - Filling up the DagBag from /home/airflow/.local/lib/python3.12/site-packages/airflow/example_dags/example_xcomargs.py
[2025-02-13T01:03:26.835+0000] {processor.py:925} INFO - DAG(s) 'example_xcom_args_with_operators', 'example_xcom_args' retrieved from /home/airflow/.local/lib/python3.12/site-packages/airflow/example_dags/example_xcomargs.py
[2025-02-13T01:03:26.867+0000] {logging_mixin.py:190} INFO - [2025-02-13T01:03:26.866+0000] {dag.py:3239} INFO - Sync 2 DAGs
[2025-02-13T01:03:26.891+0000] {logging_mixin.py:190} INFO - [2025-02-13T01:03:26.891+0000] {dag.py:4180} INFO - Setting next_dagrun for example_xcom_args to None, run_after=None
[2025-02-13T01:03:26.896+0000] {logging_mixin.py:190} INFO - [2025-02-13T01:03:26.896+0000] {dag.py:4180} INFO - Setting next_dagrun for example_xcom_args_with_operators to None, run_after=None
[2025-02-13T01:03:26.919+0000] {processor.py:208} INFO - Processing /home/airflow/.local/lib/python3.12/site-packages/airflow/example_dags/example_xcomargs.py took 0.113 seconds
[2025-02-13T01:04:45.769+0000] {processor.py:186} INFO - Started process (PID=77) to work on /home/airflow/.local/lib/python3.12/site-packages/airflow/example_dags/example_xcomargs.py
[2025-02-13T01:04:45.770+0000] {processor.py:914} INFO - Processing file /home/airflow/.local/lib/python3.12/site-packages/airflow/example_dags/example_xcomargs.py for tasks to queue
[2025-02-13T01:04:45.774+0000] {logging_mixin.py:190} INFO - [2025-02-13T01:04:45.773+0000] {dagbag.py:588} INFO - Filling up the DagBag from /home/airflow/.local/lib/python3.12/site-packages/airflow/example_dags/example_xcomargs.py
[2025-02-13T01:04:45.787+0000] {processor.py:925} INFO - DAG(s) 'example_xcom_args', 'example_xcom_args_with_operators' retrieved from /home/airflow/.local/lib/python3.12/site-packages/airflow/example_dags/example_xcomargs.py
[2025-02-13T01:04:45.821+0000] {logging_mixin.py:190} INFO - [2025-02-13T01:04:45.820+0000] {dag.py:3239} INFO - Sync 2 DAGs
[2025-02-13T01:04:45.842+0000] {logging_mixin.py:190} INFO - [2025-02-13T01:04:45.842+0000] {dag.py:4180} INFO - Setting next_dagrun for example_xcom_args to None, run_after=None
[2025-02-13T01:04:45.847+0000] {logging_mixin.py:190} INFO - [2025-02-13T01:04:45.846+0000] {dag.py:4180} INFO - Setting next_dagrun for example_xcom_args_with_operators to None, run_after=None
[2025-02-13T01:04:45.866+0000] {processor.py:208} INFO - Processing /home/airflow/.local/lib/python3.12/site-packages/airflow/example_dags/example_xcomargs.py took 0.105 seconds
[2025-02-13T01:05:19.723+0000] {processor.py:186} INFO - Started process (PID=143) to work on /home/airflow/.local/lib/python3.12/site-packages/airflow/example_dags/example_xcomargs.py
[2025-02-13T01:05:19.724+0000] {processor.py:914} INFO - Processing file /home/airflow/.local/lib/python3.12/site-packages/airflow/example_dags/example_xcomargs.py for tasks to queue
[2025-02-13T01:05:19.727+0000] {logging_mixin.py:190} INFO - [2025-02-13T01:05:19.727+0000] {dagbag.py:588} INFO - Filling up the DagBag from /home/airflow/.local/lib/python3.12/site-packages/airflow/example_dags/example_xcomargs.py
[2025-02-13T01:05:19.743+0000] {processor.py:925} INFO - DAG(s) 'example_xcom_args_with_operators', 'example_xcom_args' retrieved from /home/airflow/.local/lib/python3.12/site-packages/airflow/example_dags/example_xcomargs.py
[2025-02-13T01:05:19.777+0000] {logging_mixin.py:190} INFO - [2025-02-13T01:05:19.776+0000] {dag.py:3239} INFO - Sync 2 DAGs
[2025-02-13T01:05:19.801+0000] {logging_mixin.py:190} INFO - [2025-02-13T01:05:19.800+0000] {dag.py:4180} INFO - Setting next_dagrun for example_xcom_args to None, run_after=None
[2025-02-13T01:05:19.816+0000] {logging_mixin.py:190} INFO - [2025-02-13T01:05:19.816+0000] {dag.py:4180} INFO - Setting next_dagrun for example_xcom_args_with_operators to None, run_after=None
[2025-02-13T01:05:19.858+0000] {processor.py:208} INFO - Processing /home/airflow/.local/lib/python3.12/site-packages/airflow/example_dags/example_xcomargs.py took 0.145 seconds
[2025-02-13T01:05:50.842+0000] {processor.py:186} INFO - Started process (PID=209) to work on /home/airflow/.local/lib/python3.12/site-packages/airflow/example_dags/example_xcomargs.py
[2025-02-13T01:05:50.843+0000] {processor.py:914} INFO - Processing file /home/airflow/.local/lib/python3.12/site-packages/airflow/example_dags/example_xcomargs.py for tasks to queue
[2025-02-13T01:05:50.846+0000] {logging_mixin.py:190} INFO - [2025-02-13T01:05:50.846+0000] {dagbag.py:588} INFO - Filling up the DagBag from /home/airflow/.local/lib/python3.12/site-packages/airflow/example_dags/example_xcomargs.py
[2025-02-13T01:05:50.879+0000] {processor.py:925} INFO - DAG(s) 'example_xcom_args_with_operators', 'example_xcom_args' retrieved from /home/airflow/.local/lib/python3.12/site-packages/airflow/example_dags/example_xcomargs.py
[2025-02-13T01:05:50.945+0000] {logging_mixin.py:190} INFO - [2025-02-13T01:05:50.944+0000] {dag.py:3239} INFO - Sync 2 DAGs
[2025-02-13T01:05:50.996+0000] {logging_mixin.py:190} INFO - [2025-02-13T01:05:50.996+0000] {dag.py:4180} INFO - Setting next_dagrun for example_xcom_args to None, run_after=None
[2025-02-13T01:05:51.005+0000] {logging_mixin.py:190} INFO - [2025-02-13T01:05:51.005+0000] {dag.py:4180} INFO - Setting next_dagrun for example_xcom_args_with_operators to None, run_after=None
[2025-02-13T01:05:51.058+0000] {processor.py:208} INFO - Processing /home/airflow/.local/lib/python3.12/site-packages/airflow/example_dags/example_xcomargs.py took 0.224 seconds
[2025-02-13T01:06:21.719+0000] {processor.py:186} INFO - Started process (PID=275) to work on /home/airflow/.local/lib/python3.12/site-packages/airflow/example_dags/example_xcomargs.py
[2025-02-13T01:06:21.720+0000] {processor.py:914} INFO - Processing file /home/airflow/.local/lib/python3.12/site-packages/airflow/example_dags/example_xcomargs.py for tasks to queue
[2025-02-13T01:06:21.722+0000] {logging_mixin.py:190} INFO - [2025-02-13T01:06:21.722+0000] {dagbag.py:588} INFO - Filling up the DagBag from /home/airflow/.local/lib/python3.12/site-packages/airflow/example_dags/example_xcomargs.py
[2025-02-13T01:06:21.733+0000] {processor.py:925} INFO - DAG(s) 'example_xcom_args', 'example_xcom_args_with_operators' retrieved from /home/airflow/.local/lib/python3.12/site-packages/airflow/example_dags/example_xcomargs.py
[2025-02-13T01:06:21.753+0000] {logging_mixin.py:190} INFO - [2025-02-13T01:06:21.753+0000] {dag.py:3239} INFO - Sync 2 DAGs
[2025-02-13T01:06:21.767+0000] {logging_mixin.py:190} INFO - [2025-02-13T01:06:21.767+0000] {dag.py:4180} INFO - Setting next_dagrun for example_xcom_args to None, run_after=None
[2025-02-13T01:06:21.771+0000] {logging_mixin.py:190} INFO - [2025-02-13T01:06:21.771+0000] {dag.py:4180} INFO - Setting next_dagrun for example_xcom_args_with_operators to None, run_after=None
[2025-02-13T01:06:21.787+0000] {processor.py:208} INFO - Processing /home/airflow/.local/lib/python3.12/site-packages/airflow/example_dags/example_xcomargs.py took 0.075 seconds
[2025-02-13T01:06:54.605+0000] {processor.py:186} INFO - Started process (PID=341) to work on /home/airflow/.local/lib/python3.12/site-packages/airflow/example_dags/example_xcomargs.py
[2025-02-13T01:06:54.606+0000] {processor.py:914} INFO - Processing file /home/airflow/.local/lib/python3.12/site-packages/airflow/example_dags/example_xcomargs.py for tasks to queue
[2025-02-13T01:06:54.609+0000] {logging_mixin.py:190} INFO - [2025-02-13T01:06:54.609+0000] {dagbag.py:588} INFO - Filling up the DagBag from /home/airflow/.local/lib/python3.12/site-packages/airflow/example_dags/example_xcomargs.py
[2025-02-13T01:06:54.620+0000] {processor.py:925} INFO - DAG(s) 'example_xcom_args', 'example_xcom_args_with_operators' retrieved from /home/airflow/.local/lib/python3.12/site-packages/airflow/example_dags/example_xcomargs.py
[2025-02-13T01:06:54.648+0000] {logging_mixin.py:190} INFO - [2025-02-13T01:06:54.647+0000] {dag.py:3239} INFO - Sync 2 DAGs
[2025-02-13T01:06:54.665+0000] {logging_mixin.py:190} INFO - [2025-02-13T01:06:54.664+0000] {dag.py:4180} INFO - Setting next_dagrun for example_xcom_args to None, run_after=None
[2025-02-13T01:06:54.669+0000] {logging_mixin.py:190} INFO - [2025-02-13T01:06:54.669+0000] {dag.py:4180} INFO - Setting next_dagrun for example_xcom_args_with_operators to None, run_after=None
[2025-02-13T01:06:54.687+0000] {processor.py:208} INFO - Processing /home/airflow/.local/lib/python3.12/site-packages/airflow/example_dags/example_xcomargs.py took 0.088 seconds
[2025-02-13T01:07:25.515+0000] {processor.py:186} INFO - Started process (PID=407) to work on /home/airflow/.local/lib/python3.12/site-packages/airflow/example_dags/example_xcomargs.py
[2025-02-13T01:07:25.516+0000] {processor.py:914} INFO - Processing file /home/airflow/.local/lib/python3.12/site-packages/airflow/example_dags/example_xcomargs.py for tasks to queue
[2025-02-13T01:07:25.521+0000] {logging_mixin.py:190} INFO - [2025-02-13T01:07:25.520+0000] {dagbag.py:588} INFO - Filling up the DagBag from /home/airflow/.local/lib/python3.12/site-packages/airflow/example_dags/example_xcomargs.py
[2025-02-13T01:07:25.532+0000] {processor.py:925} INFO - DAG(s) 'example_xcom_args', 'example_xcom_args_with_operators' retrieved from /home/airflow/.local/lib/python3.12/site-packages/airflow/example_dags/example_xcomargs.py
[2025-02-13T01:07:25.558+0000] {logging_mixin.py:190} INFO - [2025-02-13T01:07:25.558+0000] {dag.py:3239} INFO - Sync 2 DAGs
[2025-02-13T01:07:25.574+0000] {logging_mixin.py:190} INFO - [2025-02-13T01:07:25.574+0000] {dag.py:4180} INFO - Setting next_dagrun for example_xcom_args to None, run_after=None
[2025-02-13T01:07:25.578+0000] {logging_mixin.py:190} INFO - [2025-02-13T01:07:25.578+0000] {dag.py:4180} INFO - Setting next_dagrun for example_xcom_args_with_operators to None, run_after=None
[2025-02-13T01:07:25.598+0000] {processor.py:208} INFO - Processing /home/airflow/.local/lib/python3.12/site-packages/airflow/example_dags/example_xcomargs.py took 0.091 seconds
[2025-02-13T01:07:56.001+0000] {processor.py:186} INFO - Started process (PID=473) to work on /home/airflow/.local/lib/python3.12/site-packages/airflow/example_dags/example_xcomargs.py
[2025-02-13T01:07:56.002+0000] {processor.py:914} INFO - Processing file /home/airflow/.local/lib/python3.12/site-packages/airflow/example_dags/example_xcomargs.py for tasks to queue
[2025-02-13T01:07:56.005+0000] {logging_mixin.py:190} INFO - [2025-02-13T01:07:56.005+0000] {dagbag.py:588} INFO - Filling up the DagBag from /home/airflow/.local/lib/python3.12/site-packages/airflow/example_dags/example_xcomargs.py
[2025-02-13T01:07:56.018+0000] {processor.py:925} INFO - DAG(s) 'example_xcom_args_with_operators', 'example_xcom_args' retrieved from /home/airflow/.local/lib/python3.12/site-packages/airflow/example_dags/example_xcomargs.py
[2025-02-13T01:07:56.055+0000] {logging_mixin.py:190} INFO - [2025-02-13T01:07:56.055+0000] {dag.py:3239} INFO - Sync 2 DAGs
[2025-02-13T01:07:56.079+0000] {logging_mixin.py:190} INFO - [2025-02-13T01:07:56.079+0000] {dag.py:4180} INFO - Setting next_dagrun for example_xcom_args to None, run_after=None
[2025-02-13T01:07:56.084+0000] {logging_mixin.py:190} INFO - [2025-02-13T01:07:56.084+0000] {dag.py:4180} INFO - Setting next_dagrun for example_xcom_args_with_operators to None, run_after=None
[2025-02-13T01:07:56.111+0000] {processor.py:208} INFO - Processing /home/airflow/.local/lib/python3.12/site-packages/airflow/example_dags/example_xcomargs.py took 0.118 seconds
[2025-02-13T01:08:26.954+0000] {processor.py:186} INFO - Started process (PID=539) to work on /home/airflow/.local/lib/python3.12/site-packages/airflow/example_dags/example_xcomargs.py
[2025-02-13T01:08:26.956+0000] {processor.py:914} INFO - Processing file /home/airflow/.local/lib/python3.12/site-packages/airflow/example_dags/example_xcomargs.py for tasks to queue
[2025-02-13T01:08:26.959+0000] {logging_mixin.py:190} INFO - [2025-02-13T01:08:26.958+0000] {dagbag.py:588} INFO - Filling up the DagBag from /home/airflow/.local/lib/python3.12/site-packages/airflow/example_dags/example_xcomargs.py
[2025-02-13T01:08:26.970+0000] {processor.py:925} INFO - DAG(s) 'example_xcom_args', 'example_xcom_args_with_operators' retrieved from /home/airflow/.local/lib/python3.12/site-packages/airflow/example_dags/example_xcomargs.py
[2025-02-13T01:08:26.998+0000] {logging_mixin.py:190} INFO - [2025-02-13T01:08:26.998+0000] {dag.py:3239} INFO - Sync 2 DAGs
[2025-02-13T01:08:27.024+0000] {logging_mixin.py:190} INFO - [2025-02-13T01:08:27.024+0000] {dag.py:4180} INFO - Setting next_dagrun for example_xcom_args to None, run_after=None
[2025-02-13T01:08:27.029+0000] {logging_mixin.py:190} INFO - [2025-02-13T01:08:27.029+0000] {dag.py:4180} INFO - Setting next_dagrun for example_xcom_args_with_operators to None, run_after=None
[2025-02-13T01:08:27.048+0000] {processor.py:208} INFO - Processing /home/airflow/.local/lib/python3.12/site-packages/airflow/example_dags/example_xcomargs.py took 0.099 seconds
[2025-02-13T01:12:20.473+0000] {processor.py:186} INFO - Started process (PID=79) to work on /home/airflow/.local/lib/python3.12/site-packages/airflow/example_dags/example_xcomargs.py
[2025-02-13T01:12:20.475+0000] {processor.py:914} INFO - Processing file /home/airflow/.local/lib/python3.12/site-packages/airflow/example_dags/example_xcomargs.py for tasks to queue
[2025-02-13T01:12:20.478+0000] {logging_mixin.py:190} INFO - [2025-02-13T01:12:20.478+0000] {dagbag.py:588} INFO - Filling up the DagBag from /home/airflow/.local/lib/python3.12/site-packages/airflow/example_dags/example_xcomargs.py
[2025-02-13T01:12:20.496+0000] {processor.py:925} INFO - DAG(s) 'example_xcom_args_with_operators', 'example_xcom_args' retrieved from /home/airflow/.local/lib/python3.12/site-packages/airflow/example_dags/example_xcomargs.py
[2025-02-13T01:12:20.533+0000] {logging_mixin.py:190} INFO - [2025-02-13T01:12:20.533+0000] {dag.py:3239} INFO - Sync 2 DAGs
[2025-02-13T01:12:20.554+0000] {logging_mixin.py:190} INFO - [2025-02-13T01:12:20.554+0000] {dag.py:4180} INFO - Setting next_dagrun for example_xcom_args to None, run_after=None
[2025-02-13T01:12:20.560+0000] {logging_mixin.py:190} INFO - [2025-02-13T01:12:20.560+0000] {dag.py:4180} INFO - Setting next_dagrun for example_xcom_args_with_operators to None, run_after=None
[2025-02-13T01:12:20.590+0000] {processor.py:208} INFO - Processing /home/airflow/.local/lib/python3.12/site-packages/airflow/example_dags/example_xcomargs.py took 0.124 seconds
[2025-02-13T01:12:51.522+0000] {processor.py:186} INFO - Started process (PID=145) to work on /home/airflow/.local/lib/python3.12/site-packages/airflow/example_dags/example_xcomargs.py
[2025-02-13T01:12:51.523+0000] {processor.py:914} INFO - Processing file /home/airflow/.local/lib/python3.12/site-packages/airflow/example_dags/example_xcomargs.py for tasks to queue
[2025-02-13T01:12:51.527+0000] {logging_mixin.py:190} INFO - [2025-02-13T01:12:51.526+0000] {dagbag.py:588} INFO - Filling up the DagBag from /home/airflow/.local/lib/python3.12/site-packages/airflow/example_dags/example_xcomargs.py
[2025-02-13T01:12:51.539+0000] {processor.py:925} INFO - DAG(s) 'example_xcom_args_with_operators', 'example_xcom_args' retrieved from /home/airflow/.local/lib/python3.12/site-packages/airflow/example_dags/example_xcomargs.py
[2025-02-13T01:12:51.566+0000] {logging_mixin.py:190} INFO - [2025-02-13T01:12:51.566+0000] {dag.py:3239} INFO - Sync 2 DAGs
[2025-02-13T01:12:51.583+0000] {logging_mixin.py:190} INFO - [2025-02-13T01:12:51.583+0000] {dag.py:4180} INFO - Setting next_dagrun for example_xcom_args to None, run_after=None
[2025-02-13T01:12:51.587+0000] {logging_mixin.py:190} INFO - [2025-02-13T01:12:51.587+0000] {dag.py:4180} INFO - Setting next_dagrun for example_xcom_args_with_operators to None, run_after=None
[2025-02-13T01:12:51.610+0000] {processor.py:208} INFO - Processing /home/airflow/.local/lib/python3.12/site-packages/airflow/example_dags/example_xcomargs.py took 0.093 seconds
[2025-02-13T01:16:37.164+0000] {processor.py:186} INFO - Started process (PID=78) to work on /home/airflow/.local/lib/python3.12/site-packages/airflow/example_dags/example_xcomargs.py
[2025-02-13T01:16:37.165+0000] {processor.py:914} INFO - Processing file /home/airflow/.local/lib/python3.12/site-packages/airflow/example_dags/example_xcomargs.py for tasks to queue
[2025-02-13T01:16:37.167+0000] {logging_mixin.py:190} INFO - [2025-02-13T01:16:37.167+0000] {dagbag.py:588} INFO - Filling up the DagBag from /home/airflow/.local/lib/python3.12/site-packages/airflow/example_dags/example_xcomargs.py
[2025-02-13T01:16:37.183+0000] {processor.py:925} INFO - DAG(s) 'example_xcom_args', 'example_xcom_args_with_operators' retrieved from /home/airflow/.local/lib/python3.12/site-packages/airflow/example_dags/example_xcomargs.py
[2025-02-13T01:16:37.221+0000] {logging_mixin.py:190} INFO - [2025-02-13T01:16:37.220+0000] {dag.py:3239} INFO - Sync 2 DAGs
[2025-02-13T01:16:37.263+0000] {logging_mixin.py:190} INFO - [2025-02-13T01:16:37.262+0000] {dag.py:4180} INFO - Setting next_dagrun for example_xcom_args to None, run_after=None
[2025-02-13T01:16:37.285+0000] {logging_mixin.py:190} INFO - [2025-02-13T01:16:37.285+0000] {dag.py:4180} INFO - Setting next_dagrun for example_xcom_args_with_operators to None, run_after=None
[2025-02-13T01:16:37.365+0000] {processor.py:208} INFO - Processing /home/airflow/.local/lib/python3.12/site-packages/airflow/example_dags/example_xcomargs.py took 0.207 seconds
[2025-02-13T01:17:08.056+0000] {processor.py:186} INFO - Started process (PID=143) to work on /home/airflow/.local/lib/python3.12/site-packages/airflow/example_dags/example_xcomargs.py
[2025-02-13T01:17:08.057+0000] {processor.py:914} INFO - Processing file /home/airflow/.local/lib/python3.12/site-packages/airflow/example_dags/example_xcomargs.py for tasks to queue
[2025-02-13T01:17:08.061+0000] {logging_mixin.py:190} INFO - [2025-02-13T01:17:08.060+0000] {dagbag.py:588} INFO - Filling up the DagBag from /home/airflow/.local/lib/python3.12/site-packages/airflow/example_dags/example_xcomargs.py
[2025-02-13T01:17:08.071+0000] {processor.py:925} INFO - DAG(s) 'example_xcom_args', 'example_xcom_args_with_operators' retrieved from /home/airflow/.local/lib/python3.12/site-packages/airflow/example_dags/example_xcomargs.py
[2025-02-13T01:17:08.095+0000] {logging_mixin.py:190} INFO - [2025-02-13T01:17:08.095+0000] {dag.py:3239} INFO - Sync 2 DAGs
[2025-02-13T01:17:08.111+0000] {logging_mixin.py:190} INFO - [2025-02-13T01:17:08.111+0000] {dag.py:4180} INFO - Setting next_dagrun for example_xcom_args to None, run_after=None
[2025-02-13T01:17:08.117+0000] {logging_mixin.py:190} INFO - [2025-02-13T01:17:08.116+0000] {dag.py:4180} INFO - Setting next_dagrun for example_xcom_args_with_operators to None, run_after=None
[2025-02-13T01:17:08.137+0000] {processor.py:208} INFO - Processing /home/airflow/.local/lib/python3.12/site-packages/airflow/example_dags/example_xcomargs.py took 0.089 seconds
[2025-02-13T01:17:42.267+0000] {processor.py:186} INFO - Started process (PID=209) to work on /home/airflow/.local/lib/python3.12/site-packages/airflow/example_dags/example_xcomargs.py
[2025-02-13T01:17:42.269+0000] {processor.py:914} INFO - Processing file /home/airflow/.local/lib/python3.12/site-packages/airflow/example_dags/example_xcomargs.py for tasks to queue
[2025-02-13T01:17:42.275+0000] {logging_mixin.py:190} INFO - [2025-02-13T01:17:42.274+0000] {dagbag.py:588} INFO - Filling up the DagBag from /home/airflow/.local/lib/python3.12/site-packages/airflow/example_dags/example_xcomargs.py
[2025-02-13T01:17:42.295+0000] {processor.py:925} INFO - DAG(s) 'example_xcom_args_with_operators', 'example_xcom_args' retrieved from /home/airflow/.local/lib/python3.12/site-packages/airflow/example_dags/example_xcomargs.py
[2025-02-13T01:17:42.341+0000] {logging_mixin.py:190} INFO - [2025-02-13T01:17:42.340+0000] {dag.py:3239} INFO - Sync 2 DAGs
[2025-02-13T01:17:42.385+0000] {logging_mixin.py:190} INFO - [2025-02-13T01:17:42.385+0000] {dag.py:4180} INFO - Setting next_dagrun for example_xcom_args to None, run_after=None
[2025-02-13T01:17:42.396+0000] {logging_mixin.py:190} INFO - [2025-02-13T01:17:42.396+0000] {dag.py:4180} INFO - Setting next_dagrun for example_xcom_args_with_operators to None, run_after=None
[2025-02-13T01:17:42.432+0000] {processor.py:208} INFO - Processing /home/airflow/.local/lib/python3.12/site-packages/airflow/example_dags/example_xcomargs.py took 0.173 seconds
[2025-02-13T01:18:13.504+0000] {processor.py:186} INFO - Started process (PID=275) to work on /home/airflow/.local/lib/python3.12/site-packages/airflow/example_dags/example_xcomargs.py
[2025-02-13T01:18:13.509+0000] {processor.py:914} INFO - Processing file /home/airflow/.local/lib/python3.12/site-packages/airflow/example_dags/example_xcomargs.py for tasks to queue
[2025-02-13T01:18:13.514+0000] {logging_mixin.py:190} INFO - [2025-02-13T01:18:13.512+0000] {dagbag.py:588} INFO - Filling up the DagBag from /home/airflow/.local/lib/python3.12/site-packages/airflow/example_dags/example_xcomargs.py
[2025-02-13T01:18:13.533+0000] {processor.py:925} INFO - DAG(s) 'example_xcom_args_with_operators', 'example_xcom_args' retrieved from /home/airflow/.local/lib/python3.12/site-packages/airflow/example_dags/example_xcomargs.py
[2025-02-13T01:18:13.586+0000] {logging_mixin.py:190} INFO - [2025-02-13T01:18:13.586+0000] {dag.py:3239} INFO - Sync 2 DAGs
[2025-02-13T01:18:13.609+0000] {logging_mixin.py:190} INFO - [2025-02-13T01:18:13.609+0000] {dag.py:4180} INFO - Setting next_dagrun for example_xcom_args to None, run_after=None
[2025-02-13T01:18:13.615+0000] {logging_mixin.py:190} INFO - [2025-02-13T01:18:13.614+0000] {dag.py:4180} INFO - Setting next_dagrun for example_xcom_args_with_operators to None, run_after=None
[2025-02-13T01:18:13.638+0000] {processor.py:208} INFO - Processing /home/airflow/.local/lib/python3.12/site-packages/airflow/example_dags/example_xcomargs.py took 0.144 seconds
[2025-02-13T01:18:43.994+0000] {processor.py:186} INFO - Started process (PID=340) to work on /home/airflow/.local/lib/python3.12/site-packages/airflow/example_dags/example_xcomargs.py
[2025-02-13T01:18:43.995+0000] {processor.py:914} INFO - Processing file /home/airflow/.local/lib/python3.12/site-packages/airflow/example_dags/example_xcomargs.py for tasks to queue
[2025-02-13T01:18:43.997+0000] {logging_mixin.py:190} INFO - [2025-02-13T01:18:43.997+0000] {dagbag.py:588} INFO - Filling up the DagBag from /home/airflow/.local/lib/python3.12/site-packages/airflow/example_dags/example_xcomargs.py
[2025-02-13T01:18:44.009+0000] {processor.py:925} INFO - DAG(s) 'example_xcom_args_with_operators', 'example_xcom_args' retrieved from /home/airflow/.local/lib/python3.12/site-packages/airflow/example_dags/example_xcomargs.py
[2025-02-13T01:18:44.031+0000] {logging_mixin.py:190} INFO - [2025-02-13T01:18:44.031+0000] {dag.py:3239} INFO - Sync 2 DAGs
[2025-02-13T01:18:44.048+0000] {logging_mixin.py:190} INFO - [2025-02-13T01:18:44.048+0000] {dag.py:4180} INFO - Setting next_dagrun for example_xcom_args to None, run_after=None
[2025-02-13T01:18:44.053+0000] {logging_mixin.py:190} INFO - [2025-02-13T01:18:44.053+0000] {dag.py:4180} INFO - Setting next_dagrun for example_xcom_args_with_operators to None, run_after=None
[2025-02-13T01:18:44.074+0000] {processor.py:208} INFO - Processing /home/airflow/.local/lib/python3.12/site-packages/airflow/example_dags/example_xcomargs.py took 0.088 seconds
[2025-02-13T01:19:15.423+0000] {processor.py:186} INFO - Started process (PID=406) to work on /home/airflow/.local/lib/python3.12/site-packages/airflow/example_dags/example_xcomargs.py
[2025-02-13T01:19:15.426+0000] {processor.py:914} INFO - Processing file /home/airflow/.local/lib/python3.12/site-packages/airflow/example_dags/example_xcomargs.py for tasks to queue
[2025-02-13T01:19:15.430+0000] {logging_mixin.py:190} INFO - [2025-02-13T01:19:15.429+0000] {dagbag.py:588} INFO - Filling up the DagBag from /home/airflow/.local/lib/python3.12/site-packages/airflow/example_dags/example_xcomargs.py
[2025-02-13T01:19:15.450+0000] {processor.py:925} INFO - DAG(s) 'example_xcom_args', 'example_xcom_args_with_operators' retrieved from /home/airflow/.local/lib/python3.12/site-packages/airflow/example_dags/example_xcomargs.py
[2025-02-13T01:19:15.499+0000] {logging_mixin.py:190} INFO - [2025-02-13T01:19:15.498+0000] {dag.py:3239} INFO - Sync 2 DAGs
[2025-02-13T01:19:15.528+0000] {logging_mixin.py:190} INFO - [2025-02-13T01:19:15.528+0000] {dag.py:4180} INFO - Setting next_dagrun for example_xcom_args to None, run_after=None
[2025-02-13T01:19:15.536+0000] {logging_mixin.py:190} INFO - [2025-02-13T01:19:15.535+0000] {dag.py:4180} INFO - Setting next_dagrun for example_xcom_args_with_operators to None, run_after=None
[2025-02-13T01:19:15.593+0000] {processor.py:208} INFO - Processing /home/airflow/.local/lib/python3.12/site-packages/airflow/example_dags/example_xcomargs.py took 0.183 seconds
[2025-02-13T01:19:46.870+0000] {processor.py:186} INFO - Started process (PID=473) to work on /home/airflow/.local/lib/python3.12/site-packages/airflow/example_dags/example_xcomargs.py
[2025-02-13T01:19:46.871+0000] {processor.py:914} INFO - Processing file /home/airflow/.local/lib/python3.12/site-packages/airflow/example_dags/example_xcomargs.py for tasks to queue
[2025-02-13T01:19:46.873+0000] {logging_mixin.py:190} INFO - [2025-02-13T01:19:46.873+0000] {dagbag.py:588} INFO - Filling up the DagBag from /home/airflow/.local/lib/python3.12/site-packages/airflow/example_dags/example_xcomargs.py
[2025-02-13T01:19:46.886+0000] {processor.py:925} INFO - DAG(s) 'example_xcom_args_with_operators', 'example_xcom_args' retrieved from /home/airflow/.local/lib/python3.12/site-packages/airflow/example_dags/example_xcomargs.py
[2025-02-13T01:19:46.909+0000] {logging_mixin.py:190} INFO - [2025-02-13T01:19:46.909+0000] {dag.py:3239} INFO - Sync 2 DAGs
[2025-02-13T01:19:46.928+0000] {logging_mixin.py:190} INFO - [2025-02-13T01:19:46.928+0000] {dag.py:4180} INFO - Setting next_dagrun for example_xcom_args to None, run_after=None
[2025-02-13T01:19:46.932+0000] {logging_mixin.py:190} INFO - [2025-02-13T01:19:46.932+0000] {dag.py:4180} INFO - Setting next_dagrun for example_xcom_args_with_operators to None, run_after=None
[2025-02-13T01:19:46.950+0000] {processor.py:208} INFO - Processing /home/airflow/.local/lib/python3.12/site-packages/airflow/example_dags/example_xcomargs.py took 0.088 seconds
[2025-02-13T01:21:23.361+0000] {processor.py:186} INFO - Started process (PID=77) to work on /home/airflow/.local/lib/python3.12/site-packages/airflow/example_dags/example_xcomargs.py
[2025-02-13T01:21:23.362+0000] {processor.py:914} INFO - Processing file /home/airflow/.local/lib/python3.12/site-packages/airflow/example_dags/example_xcomargs.py for tasks to queue
[2025-02-13T01:21:23.366+0000] {logging_mixin.py:190} INFO - [2025-02-13T01:21:23.365+0000] {dagbag.py:588} INFO - Filling up the DagBag from /home/airflow/.local/lib/python3.12/site-packages/airflow/example_dags/example_xcomargs.py
[2025-02-13T01:21:23.381+0000] {processor.py:925} INFO - DAG(s) 'example_xcom_args_with_operators', 'example_xcom_args' retrieved from /home/airflow/.local/lib/python3.12/site-packages/airflow/example_dags/example_xcomargs.py
[2025-02-13T01:21:23.412+0000] {logging_mixin.py:190} INFO - [2025-02-13T01:21:23.412+0000] {dag.py:3239} INFO - Sync 2 DAGs
[2025-02-13T01:21:23.435+0000] {logging_mixin.py:190} INFO - [2025-02-13T01:21:23.435+0000] {dag.py:4180} INFO - Setting next_dagrun for example_xcom_args to None, run_after=None
[2025-02-13T01:21:23.441+0000] {logging_mixin.py:190} INFO - [2025-02-13T01:21:23.440+0000] {dag.py:4180} INFO - Setting next_dagrun for example_xcom_args_with_operators to None, run_after=None
[2025-02-13T01:21:23.461+0000] {processor.py:208} INFO - Processing /home/airflow/.local/lib/python3.12/site-packages/airflow/example_dags/example_xcomargs.py took 0.111 seconds
[2025-02-13T01:21:54.491+0000] {processor.py:186} INFO - Started process (PID=143) to work on /home/airflow/.local/lib/python3.12/site-packages/airflow/example_dags/example_xcomargs.py
[2025-02-13T01:21:54.492+0000] {processor.py:914} INFO - Processing file /home/airflow/.local/lib/python3.12/site-packages/airflow/example_dags/example_xcomargs.py for tasks to queue
[2025-02-13T01:21:54.495+0000] {logging_mixin.py:190} INFO - [2025-02-13T01:21:54.495+0000] {dagbag.py:588} INFO - Filling up the DagBag from /home/airflow/.local/lib/python3.12/site-packages/airflow/example_dags/example_xcomargs.py
[2025-02-13T01:21:54.507+0000] {processor.py:925} INFO - DAG(s) 'example_xcom_args', 'example_xcom_args_with_operators' retrieved from /home/airflow/.local/lib/python3.12/site-packages/airflow/example_dags/example_xcomargs.py
[2025-02-13T01:21:54.536+0000] {logging_mixin.py:190} INFO - [2025-02-13T01:21:54.536+0000] {dag.py:3239} INFO - Sync 2 DAGs
[2025-02-13T01:21:54.558+0000] {logging_mixin.py:190} INFO - [2025-02-13T01:21:54.558+0000] {dag.py:4180} INFO - Setting next_dagrun for example_xcom_args to None, run_after=None
[2025-02-13T01:21:54.565+0000] {logging_mixin.py:190} INFO - [2025-02-13T01:21:54.564+0000] {dag.py:4180} INFO - Setting next_dagrun for example_xcom_args_with_operators to None, run_after=None
[2025-02-13T01:21:54.593+0000] {processor.py:208} INFO - Processing /home/airflow/.local/lib/python3.12/site-packages/airflow/example_dags/example_xcomargs.py took 0.110 seconds
[2025-02-13T01:22:25.544+0000] {processor.py:186} INFO - Started process (PID=210) to work on /home/airflow/.local/lib/python3.12/site-packages/airflow/example_dags/example_xcomargs.py
[2025-02-13T01:22:25.545+0000] {processor.py:914} INFO - Processing file /home/airflow/.local/lib/python3.12/site-packages/airflow/example_dags/example_xcomargs.py for tasks to queue
[2025-02-13T01:22:25.547+0000] {logging_mixin.py:190} INFO - [2025-02-13T01:22:25.547+0000] {dagbag.py:588} INFO - Filling up the DagBag from /home/airflow/.local/lib/python3.12/site-packages/airflow/example_dags/example_xcomargs.py
[2025-02-13T01:22:25.561+0000] {processor.py:925} INFO - DAG(s) 'example_xcom_args', 'example_xcom_args_with_operators' retrieved from /home/airflow/.local/lib/python3.12/site-packages/airflow/example_dags/example_xcomargs.py
[2025-02-13T01:22:25.592+0000] {logging_mixin.py:190} INFO - [2025-02-13T01:22:25.592+0000] {dag.py:3239} INFO - Sync 2 DAGs
[2025-02-13T01:22:25.612+0000] {logging_mixin.py:190} INFO - [2025-02-13T01:22:25.612+0000] {dag.py:4180} INFO - Setting next_dagrun for example_xcom_args to None, run_after=None
[2025-02-13T01:22:25.617+0000] {logging_mixin.py:190} INFO - [2025-02-13T01:22:25.617+0000] {dag.py:4180} INFO - Setting next_dagrun for example_xcom_args_with_operators to None, run_after=None
[2025-02-13T01:22:25.638+0000] {processor.py:208} INFO - Processing /home/airflow/.local/lib/python3.12/site-packages/airflow/example_dags/example_xcomargs.py took 0.101 seconds
[2025-02-13T01:22:56.455+0000] {processor.py:186} INFO - Started process (PID=276) to work on /home/airflow/.local/lib/python3.12/site-packages/airflow/example_dags/example_xcomargs.py
[2025-02-13T01:22:56.456+0000] {processor.py:914} INFO - Processing file /home/airflow/.local/lib/python3.12/site-packages/airflow/example_dags/example_xcomargs.py for tasks to queue
[2025-02-13T01:22:56.459+0000] {logging_mixin.py:190} INFO - [2025-02-13T01:22:56.458+0000] {dagbag.py:588} INFO - Filling up the DagBag from /home/airflow/.local/lib/python3.12/site-packages/airflow/example_dags/example_xcomargs.py
[2025-02-13T01:22:56.475+0000] {processor.py:925} INFO - DAG(s) 'example_xcom_args', 'example_xcom_args_with_operators' retrieved from /home/airflow/.local/lib/python3.12/site-packages/airflow/example_dags/example_xcomargs.py
[2025-02-13T01:22:56.510+0000] {logging_mixin.py:190} INFO - [2025-02-13T01:22:56.510+0000] {dag.py:3239} INFO - Sync 2 DAGs
[2025-02-13T01:22:56.534+0000] {logging_mixin.py:190} INFO - [2025-02-13T01:22:56.534+0000] {dag.py:4180} INFO - Setting next_dagrun for example_xcom_args to None, run_after=None
[2025-02-13T01:22:56.539+0000] {logging_mixin.py:190} INFO - [2025-02-13T01:22:56.539+0000] {dag.py:4180} INFO - Setting next_dagrun for example_xcom_args_with_operators to None, run_after=None
[2025-02-13T01:22:56.567+0000] {processor.py:208} INFO - Processing /home/airflow/.local/lib/python3.12/site-packages/airflow/example_dags/example_xcomargs.py took 0.120 seconds
[2025-02-13T01:24:18.516+0000] {processor.py:186} INFO - Started process (PID=72) to work on /home/airflow/.local/lib/python3.12/site-packages/airflow/example_dags/example_xcomargs.py
[2025-02-13T01:24:18.528+0000] {processor.py:914} INFO - Processing file /home/airflow/.local/lib/python3.12/site-packages/airflow/example_dags/example_xcomargs.py for tasks to queue
[2025-02-13T01:24:18.532+0000] {logging_mixin.py:190} INFO - [2025-02-13T01:24:18.531+0000] {dagbag.py:588} INFO - Filling up the DagBag from /home/airflow/.local/lib/python3.12/site-packages/airflow/example_dags/example_xcomargs.py
[2025-02-13T01:24:18.567+0000] {processor.py:925} INFO - DAG(s) 'example_xcom_args', 'example_xcom_args_with_operators' retrieved from /home/airflow/.local/lib/python3.12/site-packages/airflow/example_dags/example_xcomargs.py
[2025-02-13T01:24:18.635+0000] {logging_mixin.py:190} INFO - [2025-02-13T01:24:18.635+0000] {dag.py:3239} INFO - Sync 2 DAGs
[2025-02-13T01:24:18.659+0000] {logging_mixin.py:190} INFO - [2025-02-13T01:24:18.658+0000] {dag.py:4180} INFO - Setting next_dagrun for example_xcom_args to None, run_after=None
[2025-02-13T01:24:18.672+0000] {logging_mixin.py:190} INFO - [2025-02-13T01:24:18.672+0000] {dag.py:4180} INFO - Setting next_dagrun for example_xcom_args_with_operators to None, run_after=None
[2025-02-13T01:24:18.706+0000] {processor.py:208} INFO - Processing /home/airflow/.local/lib/python3.12/site-packages/airflow/example_dags/example_xcomargs.py took 0.208 seconds
[2025-02-13T01:24:49.306+0000] {processor.py:186} INFO - Started process (PID=138) to work on /home/airflow/.local/lib/python3.12/site-packages/airflow/example_dags/example_xcomargs.py
[2025-02-13T01:24:49.308+0000] {processor.py:914} INFO - Processing file /home/airflow/.local/lib/python3.12/site-packages/airflow/example_dags/example_xcomargs.py for tasks to queue
[2025-02-13T01:24:49.310+0000] {logging_mixin.py:190} INFO - [2025-02-13T01:24:49.310+0000] {dagbag.py:588} INFO - Filling up the DagBag from /home/airflow/.local/lib/python3.12/site-packages/airflow/example_dags/example_xcomargs.py
[2025-02-13T01:24:49.320+0000] {processor.py:925} INFO - DAG(s) 'example_xcom_args', 'example_xcom_args_with_operators' retrieved from /home/airflow/.local/lib/python3.12/site-packages/airflow/example_dags/example_xcomargs.py
[2025-02-13T01:24:49.345+0000] {logging_mixin.py:190} INFO - [2025-02-13T01:24:49.345+0000] {dag.py:3239} INFO - Sync 2 DAGs
[2025-02-13T01:24:49.362+0000] {logging_mixin.py:190} INFO - [2025-02-13T01:24:49.362+0000] {dag.py:4180} INFO - Setting next_dagrun for example_xcom_args to None, run_after=None
[2025-02-13T01:24:49.368+0000] {logging_mixin.py:190} INFO - [2025-02-13T01:24:49.368+0000] {dag.py:4180} INFO - Setting next_dagrun for example_xcom_args_with_operators to None, run_after=None
[2025-02-13T01:24:49.400+0000] {processor.py:208} INFO - Processing /home/airflow/.local/lib/python3.12/site-packages/airflow/example_dags/example_xcomargs.py took 0.100 seconds
[2025-02-13T01:25:20.746+0000] {processor.py:186} INFO - Started process (PID=204) to work on /home/airflow/.local/lib/python3.12/site-packages/airflow/example_dags/example_xcomargs.py
[2025-02-13T01:25:20.749+0000] {processor.py:914} INFO - Processing file /home/airflow/.local/lib/python3.12/site-packages/airflow/example_dags/example_xcomargs.py for tasks to queue
[2025-02-13T01:25:20.753+0000] {logging_mixin.py:190} INFO - [2025-02-13T01:25:20.753+0000] {dagbag.py:588} INFO - Filling up the DagBag from /home/airflow/.local/lib/python3.12/site-packages/airflow/example_dags/example_xcomargs.py
[2025-02-13T01:25:20.773+0000] {processor.py:925} INFO - DAG(s) 'example_xcom_args_with_operators', 'example_xcom_args' retrieved from /home/airflow/.local/lib/python3.12/site-packages/airflow/example_dags/example_xcomargs.py
[2025-02-13T01:25:20.810+0000] {logging_mixin.py:190} INFO - [2025-02-13T01:25:20.809+0000] {dag.py:3239} INFO - Sync 2 DAGs
[2025-02-13T01:25:20.844+0000] {logging_mixin.py:190} INFO - [2025-02-13T01:25:20.844+0000] {dag.py:4180} INFO - Setting next_dagrun for example_xcom_args to None, run_after=None
[2025-02-13T01:25:20.859+0000] {logging_mixin.py:190} INFO - [2025-02-13T01:25:20.859+0000] {dag.py:4180} INFO - Setting next_dagrun for example_xcom_args_with_operators to None, run_after=None
[2025-02-13T01:25:20.896+0000] {processor.py:208} INFO - Processing /home/airflow/.local/lib/python3.12/site-packages/airflow/example_dags/example_xcomargs.py took 0.159 seconds
[2025-02-13T01:25:51.549+0000] {processor.py:186} INFO - Started process (PID=277) to work on /home/airflow/.local/lib/python3.12/site-packages/airflow/example_dags/example_xcomargs.py
[2025-02-13T01:25:51.550+0000] {processor.py:914} INFO - Processing file /home/airflow/.local/lib/python3.12/site-packages/airflow/example_dags/example_xcomargs.py for tasks to queue
[2025-02-13T01:25:51.553+0000] {logging_mixin.py:190} INFO - [2025-02-13T01:25:51.552+0000] {dagbag.py:588} INFO - Filling up the DagBag from /home/airflow/.local/lib/python3.12/site-packages/airflow/example_dags/example_xcomargs.py
[2025-02-13T01:25:51.563+0000] {processor.py:925} INFO - DAG(s) 'example_xcom_args', 'example_xcom_args_with_operators' retrieved from /home/airflow/.local/lib/python3.12/site-packages/airflow/example_dags/example_xcomargs.py
[2025-02-13T01:25:51.586+0000] {logging_mixin.py:190} INFO - [2025-02-13T01:25:51.585+0000] {dag.py:3239} INFO - Sync 2 DAGs
[2025-02-13T01:25:51.602+0000] {logging_mixin.py:190} INFO - [2025-02-13T01:25:51.602+0000] {dag.py:4180} INFO - Setting next_dagrun for example_xcom_args to None, run_after=None
[2025-02-13T01:25:51.606+0000] {logging_mixin.py:190} INFO - [2025-02-13T01:25:51.606+0000] {dag.py:4180} INFO - Setting next_dagrun for example_xcom_args_with_operators to None, run_after=None
[2025-02-13T01:25:51.624+0000] {processor.py:208} INFO - Processing /home/airflow/.local/lib/python3.12/site-packages/airflow/example_dags/example_xcomargs.py took 0.080 seconds
[2025-02-13T01:26:23.602+0000] {processor.py:186} INFO - Started process (PID=343) to work on /home/airflow/.local/lib/python3.12/site-packages/airflow/example_dags/example_xcomargs.py
[2025-02-13T01:26:23.603+0000] {processor.py:914} INFO - Processing file /home/airflow/.local/lib/python3.12/site-packages/airflow/example_dags/example_xcomargs.py for tasks to queue
[2025-02-13T01:26:23.606+0000] {logging_mixin.py:190} INFO - [2025-02-13T01:26:23.605+0000] {dagbag.py:588} INFO - Filling up the DagBag from /home/airflow/.local/lib/python3.12/site-packages/airflow/example_dags/example_xcomargs.py
[2025-02-13T01:26:23.617+0000] {processor.py:925} INFO - DAG(s) 'example_xcom_args_with_operators', 'example_xcom_args' retrieved from /home/airflow/.local/lib/python3.12/site-packages/airflow/example_dags/example_xcomargs.py
[2025-02-13T01:26:23.640+0000] {logging_mixin.py:190} INFO - [2025-02-13T01:26:23.640+0000] {dag.py:3239} INFO - Sync 2 DAGs
[2025-02-13T01:26:23.658+0000] {logging_mixin.py:190} INFO - [2025-02-13T01:26:23.658+0000] {dag.py:4180} INFO - Setting next_dagrun for example_xcom_args to None, run_after=None
[2025-02-13T01:26:23.664+0000] {logging_mixin.py:190} INFO - [2025-02-13T01:26:23.664+0000] {dag.py:4180} INFO - Setting next_dagrun for example_xcom_args_with_operators to None, run_after=None
[2025-02-13T01:26:23.684+0000] {processor.py:208} INFO - Processing /home/airflow/.local/lib/python3.12/site-packages/airflow/example_dags/example_xcomargs.py took 0.088 seconds
[2025-02-13T23:48:41.072+0000] {processor.py:186} INFO - Started process (PID=78) to work on /home/airflow/.local/lib/python3.12/site-packages/airflow/example_dags/example_xcomargs.py
[2025-02-13T23:48:41.085+0000] {processor.py:914} INFO - Processing file /home/airflow/.local/lib/python3.12/site-packages/airflow/example_dags/example_xcomargs.py for tasks to queue
[2025-02-13T23:48:41.088+0000] {logging_mixin.py:190} INFO - [2025-02-13T23:48:41.088+0000] {dagbag.py:588} INFO - Filling up the DagBag from /home/airflow/.local/lib/python3.12/site-packages/airflow/example_dags/example_xcomargs.py
[2025-02-13T23:48:41.126+0000] {processor.py:925} INFO - DAG(s) 'example_xcom_args_with_operators', 'example_xcom_args' retrieved from /home/airflow/.local/lib/python3.12/site-packages/airflow/example_dags/example_xcomargs.py
[2025-02-13T23:48:41.223+0000] {logging_mixin.py:190} INFO - [2025-02-13T23:48:41.223+0000] {dag.py:3239} INFO - Sync 2 DAGs
[2025-02-13T23:48:41.272+0000] {logging_mixin.py:190} INFO - [2025-02-13T23:48:41.271+0000] {dag.py:4180} INFO - Setting next_dagrun for example_xcom_args to None, run_after=None
[2025-02-13T23:48:41.286+0000] {logging_mixin.py:190} INFO - [2025-02-13T23:48:41.286+0000] {dag.py:4180} INFO - Setting next_dagrun for example_xcom_args_with_operators to None, run_after=None
[2025-02-13T23:48:41.338+0000] {processor.py:208} INFO - Processing /home/airflow/.local/lib/python3.12/site-packages/airflow/example_dags/example_xcomargs.py took 0.274 seconds
[2025-02-13T23:49:19.053+0000] {processor.py:186} INFO - Started process (PID=150) to work on /home/airflow/.local/lib/python3.12/site-packages/airflow/example_dags/example_xcomargs.py
[2025-02-13T23:49:19.061+0000] {processor.py:914} INFO - Processing file /home/airflow/.local/lib/python3.12/site-packages/airflow/example_dags/example_xcomargs.py for tasks to queue
[2025-02-13T23:49:19.073+0000] {logging_mixin.py:190} INFO - [2025-02-13T23:49:19.073+0000] {dagbag.py:588} INFO - Filling up the DagBag from /home/airflow/.local/lib/python3.12/site-packages/airflow/example_dags/example_xcomargs.py
[2025-02-13T23:49:19.101+0000] {processor.py:925} INFO - DAG(s) 'example_xcom_args', 'example_xcom_args_with_operators' retrieved from /home/airflow/.local/lib/python3.12/site-packages/airflow/example_dags/example_xcomargs.py
[2025-02-13T23:49:19.160+0000] {logging_mixin.py:190} INFO - [2025-02-13T23:49:19.160+0000] {dag.py:3239} INFO - Sync 2 DAGs
[2025-02-13T23:49:19.206+0000] {logging_mixin.py:190} INFO - [2025-02-13T23:49:19.206+0000] {dag.py:4180} INFO - Setting next_dagrun for example_xcom_args to None, run_after=None
[2025-02-13T23:49:19.222+0000] {logging_mixin.py:190} INFO - [2025-02-13T23:49:19.221+0000] {dag.py:4180} INFO - Setting next_dagrun for example_xcom_args_with_operators to None, run_after=None
[2025-02-13T23:49:19.256+0000] {processor.py:208} INFO - Processing /home/airflow/.local/lib/python3.12/site-packages/airflow/example_dags/example_xcomargs.py took 0.210 seconds
[2025-02-13T23:49:49.827+0000] {processor.py:186} INFO - Started process (PID=216) to work on /home/airflow/.local/lib/python3.12/site-packages/airflow/example_dags/example_xcomargs.py
[2025-02-13T23:49:49.829+0000] {processor.py:914} INFO - Processing file /home/airflow/.local/lib/python3.12/site-packages/airflow/example_dags/example_xcomargs.py for tasks to queue
[2025-02-13T23:49:49.832+0000] {logging_mixin.py:190} INFO - [2025-02-13T23:49:49.832+0000] {dagbag.py:588} INFO - Filling up the DagBag from /home/airflow/.local/lib/python3.12/site-packages/airflow/example_dags/example_xcomargs.py
[2025-02-13T23:49:49.851+0000] {processor.py:925} INFO - DAG(s) 'example_xcom_args_with_operators', 'example_xcom_args' retrieved from /home/airflow/.local/lib/python3.12/site-packages/airflow/example_dags/example_xcomargs.py
[2025-02-13T23:49:49.899+0000] {logging_mixin.py:190} INFO - [2025-02-13T23:49:49.899+0000] {dag.py:3239} INFO - Sync 2 DAGs
[2025-02-13T23:49:49.925+0000] {logging_mixin.py:190} INFO - [2025-02-13T23:49:49.925+0000] {dag.py:4180} INFO - Setting next_dagrun for example_xcom_args to None, run_after=None
[2025-02-13T23:49:49.935+0000] {logging_mixin.py:190} INFO - [2025-02-13T23:49:49.935+0000] {dag.py:4180} INFO - Setting next_dagrun for example_xcom_args_with_operators to None, run_after=None
[2025-02-13T23:49:49.967+0000] {processor.py:208} INFO - Processing /home/airflow/.local/lib/python3.12/site-packages/airflow/example_dags/example_xcomargs.py took 0.148 seconds
[2025-02-13T23:50:22.538+0000] {processor.py:186} INFO - Started process (PID=282) to work on /home/airflow/.local/lib/python3.12/site-packages/airflow/example_dags/example_xcomargs.py
[2025-02-13T23:50:22.540+0000] {processor.py:914} INFO - Processing file /home/airflow/.local/lib/python3.12/site-packages/airflow/example_dags/example_xcomargs.py for tasks to queue
[2025-02-13T23:50:22.549+0000] {logging_mixin.py:190} INFO - [2025-02-13T23:50:22.549+0000] {dagbag.py:588} INFO - Filling up the DagBag from /home/airflow/.local/lib/python3.12/site-packages/airflow/example_dags/example_xcomargs.py
[2025-02-13T23:50:22.569+0000] {processor.py:925} INFO - DAG(s) 'example_xcom_args', 'example_xcom_args_with_operators' retrieved from /home/airflow/.local/lib/python3.12/site-packages/airflow/example_dags/example_xcomargs.py
[2025-02-13T23:50:22.623+0000] {logging_mixin.py:190} INFO - [2025-02-13T23:50:22.622+0000] {dag.py:3239} INFO - Sync 2 DAGs
[2025-02-13T23:50:22.641+0000] {logging_mixin.py:190} INFO - [2025-02-13T23:50:22.641+0000] {dag.py:4180} INFO - Setting next_dagrun for example_xcom_args to None, run_after=None
[2025-02-13T23:50:22.647+0000] {logging_mixin.py:190} INFO - [2025-02-13T23:50:22.646+0000] {dag.py:4180} INFO - Setting next_dagrun for example_xcom_args_with_operators to None, run_after=None
[2025-02-13T23:50:22.687+0000] {processor.py:208} INFO - Processing /home/airflow/.local/lib/python3.12/site-packages/airflow/example_dags/example_xcomargs.py took 0.159 seconds
[2025-02-13T23:50:53.341+0000] {processor.py:186} INFO - Started process (PID=347) to work on /home/airflow/.local/lib/python3.12/site-packages/airflow/example_dags/example_xcomargs.py
[2025-02-13T23:50:53.342+0000] {processor.py:914} INFO - Processing file /home/airflow/.local/lib/python3.12/site-packages/airflow/example_dags/example_xcomargs.py for tasks to queue
[2025-02-13T23:50:53.345+0000] {logging_mixin.py:190} INFO - [2025-02-13T23:50:53.345+0000] {dagbag.py:588} INFO - Filling up the DagBag from /home/airflow/.local/lib/python3.12/site-packages/airflow/example_dags/example_xcomargs.py
[2025-02-13T23:50:53.358+0000] {processor.py:925} INFO - DAG(s) 'example_xcom_args_with_operators', 'example_xcom_args' retrieved from /home/airflow/.local/lib/python3.12/site-packages/airflow/example_dags/example_xcomargs.py
[2025-02-13T23:50:53.390+0000] {logging_mixin.py:190} INFO - [2025-02-13T23:50:53.390+0000] {dag.py:3239} INFO - Sync 2 DAGs
[2025-02-13T23:50:53.415+0000] {logging_mixin.py:190} INFO - [2025-02-13T23:50:53.415+0000] {dag.py:4180} INFO - Setting next_dagrun for example_xcom_args to None, run_after=None
[2025-02-13T23:50:53.424+0000] {logging_mixin.py:190} INFO - [2025-02-13T23:50:53.423+0000] {dag.py:4180} INFO - Setting next_dagrun for example_xcom_args_with_operators to None, run_after=None
[2025-02-13T23:50:53.446+0000] {processor.py:208} INFO - Processing /home/airflow/.local/lib/python3.12/site-packages/airflow/example_dags/example_xcomargs.py took 0.112 seconds
[2025-02-13T23:51:24.935+0000] {processor.py:186} INFO - Started process (PID=413) to work on /home/airflow/.local/lib/python3.12/site-packages/airflow/example_dags/example_xcomargs.py
[2025-02-13T23:51:24.936+0000] {processor.py:914} INFO - Processing file /home/airflow/.local/lib/python3.12/site-packages/airflow/example_dags/example_xcomargs.py for tasks to queue
[2025-02-13T23:51:24.950+0000] {logging_mixin.py:190} INFO - [2025-02-13T23:51:24.939+0000] {dagbag.py:588} INFO - Filling up the DagBag from /home/airflow/.local/lib/python3.12/site-packages/airflow/example_dags/example_xcomargs.py
[2025-02-13T23:51:24.970+0000] {processor.py:925} INFO - DAG(s) 'example_xcom_args_with_operators', 'example_xcom_args' retrieved from /home/airflow/.local/lib/python3.12/site-packages/airflow/example_dags/example_xcomargs.py
[2025-02-13T23:51:25.015+0000] {logging_mixin.py:190} INFO - [2025-02-13T23:51:25.015+0000] {dag.py:3239} INFO - Sync 2 DAGs
[2025-02-13T23:51:25.055+0000] {logging_mixin.py:190} INFO - [2025-02-13T23:51:25.055+0000] {dag.py:4180} INFO - Setting next_dagrun for example_xcom_args to None, run_after=None
[2025-02-13T23:51:25.066+0000] {logging_mixin.py:190} INFO - [2025-02-13T23:51:25.065+0000] {dag.py:4180} INFO - Setting next_dagrun for example_xcom_args_with_operators to None, run_after=None
[2025-02-13T23:51:25.136+0000] {processor.py:208} INFO - Processing /home/airflow/.local/lib/python3.12/site-packages/airflow/example_dags/example_xcomargs.py took 0.213 seconds
[2025-02-13T23:51:57.524+0000] {processor.py:186} INFO - Started process (PID=478) to work on /home/airflow/.local/lib/python3.12/site-packages/airflow/example_dags/example_xcomargs.py
[2025-02-13T23:51:57.525+0000] {processor.py:914} INFO - Processing file /home/airflow/.local/lib/python3.12/site-packages/airflow/example_dags/example_xcomargs.py for tasks to queue
[2025-02-13T23:51:57.542+0000] {logging_mixin.py:190} INFO - [2025-02-13T23:51:57.542+0000] {dagbag.py:588} INFO - Filling up the DagBag from /home/airflow/.local/lib/python3.12/site-packages/airflow/example_dags/example_xcomargs.py
[2025-02-13T23:51:57.567+0000] {processor.py:925} INFO - DAG(s) 'example_xcom_args_with_operators', 'example_xcom_args' retrieved from /home/airflow/.local/lib/python3.12/site-packages/airflow/example_dags/example_xcomargs.py
[2025-02-13T23:51:57.717+0000] {logging_mixin.py:190} INFO - [2025-02-13T23:51:57.717+0000] {dag.py:3239} INFO - Sync 2 DAGs
[2025-02-13T23:51:57.755+0000] {logging_mixin.py:190} INFO - [2025-02-13T23:51:57.754+0000] {dag.py:4180} INFO - Setting next_dagrun for example_xcom_args to None, run_after=None
[2025-02-13T23:51:57.762+0000] {logging_mixin.py:190} INFO - [2025-02-13T23:51:57.761+0000] {dag.py:4180} INFO - Setting next_dagrun for example_xcom_args_with_operators to None, run_after=None
[2025-02-13T23:51:57.831+0000] {processor.py:208} INFO - Processing /home/airflow/.local/lib/python3.12/site-packages/airflow/example_dags/example_xcomargs.py took 0.321 seconds
[2025-02-13T23:52:31.249+0000] {processor.py:186} INFO - Started process (PID=545) to work on /home/airflow/.local/lib/python3.12/site-packages/airflow/example_dags/example_xcomargs.py
[2025-02-13T23:52:31.258+0000] {processor.py:914} INFO - Processing file /home/airflow/.local/lib/python3.12/site-packages/airflow/example_dags/example_xcomargs.py for tasks to queue
[2025-02-13T23:52:31.264+0000] {logging_mixin.py:190} INFO - [2025-02-13T23:52:31.264+0000] {dagbag.py:588} INFO - Filling up the DagBag from /home/airflow/.local/lib/python3.12/site-packages/airflow/example_dags/example_xcomargs.py
[2025-02-13T23:52:31.313+0000] {processor.py:925} INFO - DAG(s) 'example_xcom_args', 'example_xcom_args_with_operators' retrieved from /home/airflow/.local/lib/python3.12/site-packages/airflow/example_dags/example_xcomargs.py
[2025-02-13T23:52:31.403+0000] {logging_mixin.py:190} INFO - [2025-02-13T23:52:31.402+0000] {dag.py:3239} INFO - Sync 2 DAGs
[2025-02-13T23:52:31.470+0000] {logging_mixin.py:190} INFO - [2025-02-13T23:52:31.469+0000] {dag.py:4180} INFO - Setting next_dagrun for example_xcom_args to None, run_after=None
[2025-02-13T23:52:31.484+0000] {logging_mixin.py:190} INFO - [2025-02-13T23:52:31.484+0000] {dag.py:4180} INFO - Setting next_dagrun for example_xcom_args_with_operators to None, run_after=None
[2025-02-13T23:52:31.547+0000] {processor.py:208} INFO - Processing /home/airflow/.local/lib/python3.12/site-packages/airflow/example_dags/example_xcomargs.py took 0.315 seconds
[2025-02-13T23:53:03.109+0000] {processor.py:186} INFO - Started process (PID=611) to work on /home/airflow/.local/lib/python3.12/site-packages/airflow/example_dags/example_xcomargs.py
[2025-02-13T23:53:03.111+0000] {processor.py:914} INFO - Processing file /home/airflow/.local/lib/python3.12/site-packages/airflow/example_dags/example_xcomargs.py for tasks to queue
[2025-02-13T23:53:03.124+0000] {logging_mixin.py:190} INFO - [2025-02-13T23:53:03.123+0000] {dagbag.py:588} INFO - Filling up the DagBag from /home/airflow/.local/lib/python3.12/site-packages/airflow/example_dags/example_xcomargs.py
[2025-02-13T23:53:03.159+0000] {processor.py:925} INFO - DAG(s) 'example_xcom_args_with_operators', 'example_xcom_args' retrieved from /home/airflow/.local/lib/python3.12/site-packages/airflow/example_dags/example_xcomargs.py
[2025-02-13T23:53:03.225+0000] {logging_mixin.py:190} INFO - [2025-02-13T23:53:03.225+0000] {dag.py:3239} INFO - Sync 2 DAGs
[2025-02-13T23:53:03.284+0000] {logging_mixin.py:190} INFO - [2025-02-13T23:53:03.284+0000] {dag.py:4180} INFO - Setting next_dagrun for example_xcom_args to None, run_after=None
[2025-02-13T23:53:03.300+0000] {logging_mixin.py:190} INFO - [2025-02-13T23:53:03.300+0000] {dag.py:4180} INFO - Setting next_dagrun for example_xcom_args_with_operators to None, run_after=None
[2025-02-13T23:53:03.350+0000] {processor.py:208} INFO - Processing /home/airflow/.local/lib/python3.12/site-packages/airflow/example_dags/example_xcomargs.py took 0.258 seconds
[2025-02-13T23:53:33.837+0000] {processor.py:186} INFO - Started process (PID=678) to work on /home/airflow/.local/lib/python3.12/site-packages/airflow/example_dags/example_xcomargs.py
[2025-02-13T23:53:33.839+0000] {processor.py:914} INFO - Processing file /home/airflow/.local/lib/python3.12/site-packages/airflow/example_dags/example_xcomargs.py for tasks to queue
[2025-02-13T23:53:33.842+0000] {logging_mixin.py:190} INFO - [2025-02-13T23:53:33.841+0000] {dagbag.py:588} INFO - Filling up the DagBag from /home/airflow/.local/lib/python3.12/site-packages/airflow/example_dags/example_xcomargs.py
[2025-02-13T23:53:33.852+0000] {processor.py:925} INFO - DAG(s) 'example_xcom_args_with_operators', 'example_xcom_args' retrieved from /home/airflow/.local/lib/python3.12/site-packages/airflow/example_dags/example_xcomargs.py
[2025-02-13T23:53:33.877+0000] {logging_mixin.py:190} INFO - [2025-02-13T23:53:33.877+0000] {dag.py:3239} INFO - Sync 2 DAGs
[2025-02-13T23:53:33.892+0000] {logging_mixin.py:190} INFO - [2025-02-13T23:53:33.891+0000] {dag.py:4180} INFO - Setting next_dagrun for example_xcom_args to None, run_after=None
[2025-02-13T23:53:33.897+0000] {logging_mixin.py:190} INFO - [2025-02-13T23:53:33.896+0000] {dag.py:4180} INFO - Setting next_dagrun for example_xcom_args_with_operators to None, run_after=None
[2025-02-13T23:53:33.924+0000] {processor.py:208} INFO - Processing /home/airflow/.local/lib/python3.12/site-packages/airflow/example_dags/example_xcomargs.py took 0.092 seconds
[2025-02-13T23:54:04.454+0000] {processor.py:186} INFO - Started process (PID=745) to work on /home/airflow/.local/lib/python3.12/site-packages/airflow/example_dags/example_xcomargs.py
[2025-02-13T23:54:04.455+0000] {processor.py:914} INFO - Processing file /home/airflow/.local/lib/python3.12/site-packages/airflow/example_dags/example_xcomargs.py for tasks to queue
[2025-02-13T23:54:04.459+0000] {logging_mixin.py:190} INFO - [2025-02-13T23:54:04.458+0000] {dagbag.py:588} INFO - Filling up the DagBag from /home/airflow/.local/lib/python3.12/site-packages/airflow/example_dags/example_xcomargs.py
[2025-02-13T23:54:04.473+0000] {processor.py:925} INFO - DAG(s) 'example_xcom_args_with_operators', 'example_xcom_args' retrieved from /home/airflow/.local/lib/python3.12/site-packages/airflow/example_dags/example_xcomargs.py
[2025-02-13T23:54:04.503+0000] {logging_mixin.py:190} INFO - [2025-02-13T23:54:04.503+0000] {dag.py:3239} INFO - Sync 2 DAGs
[2025-02-13T23:54:04.525+0000] {logging_mixin.py:190} INFO - [2025-02-13T23:54:04.524+0000] {dag.py:4180} INFO - Setting next_dagrun for example_xcom_args to None, run_after=None
[2025-02-13T23:54:04.530+0000] {logging_mixin.py:190} INFO - [2025-02-13T23:54:04.529+0000] {dag.py:4180} INFO - Setting next_dagrun for example_xcom_args_with_operators to None, run_after=None
[2025-02-13T23:54:04.553+0000] {processor.py:208} INFO - Processing /home/airflow/.local/lib/python3.12/site-packages/airflow/example_dags/example_xcomargs.py took 0.106 seconds
[2025-02-13T23:54:34.756+0000] {processor.py:186} INFO - Started process (PID=811) to work on /home/airflow/.local/lib/python3.12/site-packages/airflow/example_dags/example_xcomargs.py
[2025-02-13T23:54:34.757+0000] {processor.py:914} INFO - Processing file /home/airflow/.local/lib/python3.12/site-packages/airflow/example_dags/example_xcomargs.py for tasks to queue
[2025-02-13T23:54:34.760+0000] {logging_mixin.py:190} INFO - [2025-02-13T23:54:34.759+0000] {dagbag.py:588} INFO - Filling up the DagBag from /home/airflow/.local/lib/python3.12/site-packages/airflow/example_dags/example_xcomargs.py
[2025-02-13T23:54:34.772+0000] {processor.py:925} INFO - DAG(s) 'example_xcom_args', 'example_xcom_args_with_operators' retrieved from /home/airflow/.local/lib/python3.12/site-packages/airflow/example_dags/example_xcomargs.py
[2025-02-13T23:54:34.794+0000] {logging_mixin.py:190} INFO - [2025-02-13T23:54:34.794+0000] {dag.py:3239} INFO - Sync 2 DAGs
[2025-02-13T23:54:34.810+0000] {logging_mixin.py:190} INFO - [2025-02-13T23:54:34.810+0000] {dag.py:4180} INFO - Setting next_dagrun for example_xcom_args to None, run_after=None
[2025-02-13T23:54:34.815+0000] {logging_mixin.py:190} INFO - [2025-02-13T23:54:34.815+0000] {dag.py:4180} INFO - Setting next_dagrun for example_xcom_args_with_operators to None, run_after=None
[2025-02-13T23:54:34.832+0000] {processor.py:208} INFO - Processing /home/airflow/.local/lib/python3.12/site-packages/airflow/example_dags/example_xcomargs.py took 0.081 seconds
[2025-02-13T23:55:05.697+0000] {processor.py:186} INFO - Started process (PID=877) to work on /home/airflow/.local/lib/python3.12/site-packages/airflow/example_dags/example_xcomargs.py
[2025-02-13T23:55:05.698+0000] {processor.py:914} INFO - Processing file /home/airflow/.local/lib/python3.12/site-packages/airflow/example_dags/example_xcomargs.py for tasks to queue
[2025-02-13T23:55:05.701+0000] {logging_mixin.py:190} INFO - [2025-02-13T23:55:05.700+0000] {dagbag.py:588} INFO - Filling up the DagBag from /home/airflow/.local/lib/python3.12/site-packages/airflow/example_dags/example_xcomargs.py
[2025-02-13T23:55:05.712+0000] {processor.py:925} INFO - DAG(s) 'example_xcom_args_with_operators', 'example_xcom_args' retrieved from /home/airflow/.local/lib/python3.12/site-packages/airflow/example_dags/example_xcomargs.py
[2025-02-13T23:55:05.736+0000] {logging_mixin.py:190} INFO - [2025-02-13T23:55:05.735+0000] {dag.py:3239} INFO - Sync 2 DAGs
[2025-02-13T23:55:05.750+0000] {logging_mixin.py:190} INFO - [2025-02-13T23:55:05.749+0000] {dag.py:4180} INFO - Setting next_dagrun for example_xcom_args to None, run_after=None
[2025-02-13T23:55:05.754+0000] {logging_mixin.py:190} INFO - [2025-02-13T23:55:05.753+0000] {dag.py:4180} INFO - Setting next_dagrun for example_xcom_args_with_operators to None, run_after=None
[2025-02-13T23:55:05.771+0000] {processor.py:208} INFO - Processing /home/airflow/.local/lib/python3.12/site-packages/airflow/example_dags/example_xcomargs.py took 0.080 seconds
[2025-02-13T23:55:36.947+0000] {processor.py:186} INFO - Started process (PID=944) to work on /home/airflow/.local/lib/python3.12/site-packages/airflow/example_dags/example_xcomargs.py
[2025-02-13T23:55:36.948+0000] {processor.py:914} INFO - Processing file /home/airflow/.local/lib/python3.12/site-packages/airflow/example_dags/example_xcomargs.py for tasks to queue
[2025-02-13T23:55:36.956+0000] {logging_mixin.py:190} INFO - [2025-02-13T23:55:36.956+0000] {dagbag.py:588} INFO - Filling up the DagBag from /home/airflow/.local/lib/python3.12/site-packages/airflow/example_dags/example_xcomargs.py
[2025-02-13T23:55:36.967+0000] {processor.py:925} INFO - DAG(s) 'example_xcom_args_with_operators', 'example_xcom_args' retrieved from /home/airflow/.local/lib/python3.12/site-packages/airflow/example_dags/example_xcomargs.py
[2025-02-13T23:55:36.990+0000] {logging_mixin.py:190} INFO - [2025-02-13T23:55:36.989+0000] {dag.py:3239} INFO - Sync 2 DAGs
[2025-02-13T23:55:37.004+0000] {logging_mixin.py:190} INFO - [2025-02-13T23:55:37.004+0000] {dag.py:4180} INFO - Setting next_dagrun for example_xcom_args to None, run_after=None
[2025-02-13T23:55:37.009+0000] {logging_mixin.py:190} INFO - [2025-02-13T23:55:37.008+0000] {dag.py:4180} INFO - Setting next_dagrun for example_xcom_args_with_operators to None, run_after=None
[2025-02-13T23:55:37.026+0000] {processor.py:208} INFO - Processing /home/airflow/.local/lib/python3.12/site-packages/airflow/example_dags/example_xcomargs.py took 0.084 seconds
[2025-02-13T23:56:08.133+0000] {processor.py:186} INFO - Started process (PID=1010) to work on /home/airflow/.local/lib/python3.12/site-packages/airflow/example_dags/example_xcomargs.py
[2025-02-13T23:56:08.134+0000] {processor.py:914} INFO - Processing file /home/airflow/.local/lib/python3.12/site-packages/airflow/example_dags/example_xcomargs.py for tasks to queue
[2025-02-13T23:56:08.137+0000] {logging_mixin.py:190} INFO - [2025-02-13T23:56:08.137+0000] {dagbag.py:588} INFO - Filling up the DagBag from /home/airflow/.local/lib/python3.12/site-packages/airflow/example_dags/example_xcomargs.py
[2025-02-13T23:56:08.152+0000] {processor.py:925} INFO - DAG(s) 'example_xcom_args_with_operators', 'example_xcom_args' retrieved from /home/airflow/.local/lib/python3.12/site-packages/airflow/example_dags/example_xcomargs.py
[2025-02-13T23:56:08.175+0000] {logging_mixin.py:190} INFO - [2025-02-13T23:56:08.175+0000] {dag.py:3239} INFO - Sync 2 DAGs
[2025-02-13T23:56:08.193+0000] {logging_mixin.py:190} INFO - [2025-02-13T23:56:08.193+0000] {dag.py:4180} INFO - Setting next_dagrun for example_xcom_args to None, run_after=None
[2025-02-13T23:56:08.197+0000] {logging_mixin.py:190} INFO - [2025-02-13T23:56:08.197+0000] {dag.py:4180} INFO - Setting next_dagrun for example_xcom_args_with_operators to None, run_after=None
[2025-02-13T23:56:08.214+0000] {processor.py:208} INFO - Processing /home/airflow/.local/lib/python3.12/site-packages/airflow/example_dags/example_xcomargs.py took 0.087 seconds
[2025-02-13T23:56:40.249+0000] {processor.py:186} INFO - Started process (PID=1076) to work on /home/airflow/.local/lib/python3.12/site-packages/airflow/example_dags/example_xcomargs.py
[2025-02-13T23:56:40.250+0000] {processor.py:914} INFO - Processing file /home/airflow/.local/lib/python3.12/site-packages/airflow/example_dags/example_xcomargs.py for tasks to queue
[2025-02-13T23:56:40.252+0000] {logging_mixin.py:190} INFO - [2025-02-13T23:56:40.252+0000] {dagbag.py:588} INFO - Filling up the DagBag from /home/airflow/.local/lib/python3.12/site-packages/airflow/example_dags/example_xcomargs.py
[2025-02-13T23:56:40.263+0000] {processor.py:925} INFO - DAG(s) 'example_xcom_args_with_operators', 'example_xcom_args' retrieved from /home/airflow/.local/lib/python3.12/site-packages/airflow/example_dags/example_xcomargs.py
[2025-02-13T23:56:40.286+0000] {logging_mixin.py:190} INFO - [2025-02-13T23:56:40.286+0000] {dag.py:3239} INFO - Sync 2 DAGs
[2025-02-13T23:56:40.303+0000] {logging_mixin.py:190} INFO - [2025-02-13T23:56:40.303+0000] {dag.py:4180} INFO - Setting next_dagrun for example_xcom_args to None, run_after=None
[2025-02-13T23:56:40.308+0000] {logging_mixin.py:190} INFO - [2025-02-13T23:56:40.307+0000] {dag.py:4180} INFO - Setting next_dagrun for example_xcom_args_with_operators to None, run_after=None
[2025-02-13T23:56:40.326+0000] {processor.py:208} INFO - Processing /home/airflow/.local/lib/python3.12/site-packages/airflow/example_dags/example_xcomargs.py took 0.084 seconds
[2025-02-13T23:57:11.221+0000] {processor.py:186} INFO - Started process (PID=1142) to work on /home/airflow/.local/lib/python3.12/site-packages/airflow/example_dags/example_xcomargs.py
[2025-02-13T23:57:11.222+0000] {processor.py:914} INFO - Processing file /home/airflow/.local/lib/python3.12/site-packages/airflow/example_dags/example_xcomargs.py for tasks to queue
[2025-02-13T23:57:11.225+0000] {logging_mixin.py:190} INFO - [2025-02-13T23:57:11.225+0000] {dagbag.py:588} INFO - Filling up the DagBag from /home/airflow/.local/lib/python3.12/site-packages/airflow/example_dags/example_xcomargs.py
[2025-02-13T23:57:11.237+0000] {processor.py:925} INFO - DAG(s) 'example_xcom_args', 'example_xcom_args_with_operators' retrieved from /home/airflow/.local/lib/python3.12/site-packages/airflow/example_dags/example_xcomargs.py
[2025-02-13T23:57:11.262+0000] {logging_mixin.py:190} INFO - [2025-02-13T23:57:11.261+0000] {dag.py:3239} INFO - Sync 2 DAGs
[2025-02-13T23:57:11.280+0000] {logging_mixin.py:190} INFO - [2025-02-13T23:57:11.279+0000] {dag.py:4180} INFO - Setting next_dagrun for example_xcom_args to None, run_after=None
[2025-02-13T23:57:11.286+0000] {logging_mixin.py:190} INFO - [2025-02-13T23:57:11.286+0000] {dag.py:4180} INFO - Setting next_dagrun for example_xcom_args_with_operators to None, run_after=None
[2025-02-13T23:57:11.306+0000] {processor.py:208} INFO - Processing /home/airflow/.local/lib/python3.12/site-packages/airflow/example_dags/example_xcomargs.py took 0.093 seconds
[2025-02-13T23:57:42.572+0000] {processor.py:186} INFO - Started process (PID=1207) to work on /home/airflow/.local/lib/python3.12/site-packages/airflow/example_dags/example_xcomargs.py
[2025-02-13T23:57:42.574+0000] {processor.py:914} INFO - Processing file /home/airflow/.local/lib/python3.12/site-packages/airflow/example_dags/example_xcomargs.py for tasks to queue
[2025-02-13T23:57:42.577+0000] {logging_mixin.py:190} INFO - [2025-02-13T23:57:42.576+0000] {dagbag.py:588} INFO - Filling up the DagBag from /home/airflow/.local/lib/python3.12/site-packages/airflow/example_dags/example_xcomargs.py
[2025-02-13T23:57:42.587+0000] {processor.py:925} INFO - DAG(s) 'example_xcom_args_with_operators', 'example_xcom_args' retrieved from /home/airflow/.local/lib/python3.12/site-packages/airflow/example_dags/example_xcomargs.py
[2025-02-13T23:57:42.610+0000] {logging_mixin.py:190} INFO - [2025-02-13T23:57:42.610+0000] {dag.py:3239} INFO - Sync 2 DAGs
[2025-02-13T23:57:42.629+0000] {logging_mixin.py:190} INFO - [2025-02-13T23:57:42.628+0000] {dag.py:4180} INFO - Setting next_dagrun for example_xcom_args to None, run_after=None
[2025-02-13T23:57:42.635+0000] {logging_mixin.py:190} INFO - [2025-02-13T23:57:42.635+0000] {dag.py:4180} INFO - Setting next_dagrun for example_xcom_args_with_operators to None, run_after=None
[2025-02-13T23:57:42.655+0000] {processor.py:208} INFO - Processing /home/airflow/.local/lib/python3.12/site-packages/airflow/example_dags/example_xcomargs.py took 0.090 seconds
[2025-02-13T23:58:13.791+0000] {processor.py:186} INFO - Started process (PID=1273) to work on /home/airflow/.local/lib/python3.12/site-packages/airflow/example_dags/example_xcomargs.py
[2025-02-13T23:58:13.792+0000] {processor.py:914} INFO - Processing file /home/airflow/.local/lib/python3.12/site-packages/airflow/example_dags/example_xcomargs.py for tasks to queue
[2025-02-13T23:58:13.795+0000] {logging_mixin.py:190} INFO - [2025-02-13T23:58:13.795+0000] {dagbag.py:588} INFO - Filling up the DagBag from /home/airflow/.local/lib/python3.12/site-packages/airflow/example_dags/example_xcomargs.py
[2025-02-13T23:58:13.812+0000] {processor.py:925} INFO - DAG(s) 'example_xcom_args', 'example_xcom_args_with_operators' retrieved from /home/airflow/.local/lib/python3.12/site-packages/airflow/example_dags/example_xcomargs.py
[2025-02-13T23:58:13.841+0000] {logging_mixin.py:190} INFO - [2025-02-13T23:58:13.840+0000] {dag.py:3239} INFO - Sync 2 DAGs
[2025-02-13T23:58:13.863+0000] {logging_mixin.py:190} INFO - [2025-02-13T23:58:13.863+0000] {dag.py:4180} INFO - Setting next_dagrun for example_xcom_args to None, run_after=None
[2025-02-13T23:58:13.868+0000] {logging_mixin.py:190} INFO - [2025-02-13T23:58:13.868+0000] {dag.py:4180} INFO - Setting next_dagrun for example_xcom_args_with_operators to None, run_after=None
[2025-02-13T23:58:13.889+0000] {processor.py:208} INFO - Processing /home/airflow/.local/lib/python3.12/site-packages/airflow/example_dags/example_xcomargs.py took 0.106 seconds
[2025-02-13T23:58:45.431+0000] {processor.py:186} INFO - Started process (PID=1339) to work on /home/airflow/.local/lib/python3.12/site-packages/airflow/example_dags/example_xcomargs.py
[2025-02-13T23:58:45.432+0000] {processor.py:914} INFO - Processing file /home/airflow/.local/lib/python3.12/site-packages/airflow/example_dags/example_xcomargs.py for tasks to queue
[2025-02-13T23:58:45.435+0000] {logging_mixin.py:190} INFO - [2025-02-13T23:58:45.435+0000] {dagbag.py:588} INFO - Filling up the DagBag from /home/airflow/.local/lib/python3.12/site-packages/airflow/example_dags/example_xcomargs.py
[2025-02-13T23:58:45.451+0000] {processor.py:925} INFO - DAG(s) 'example_xcom_args', 'example_xcom_args_with_operators' retrieved from /home/airflow/.local/lib/python3.12/site-packages/airflow/example_dags/example_xcomargs.py
[2025-02-13T23:58:45.483+0000] {logging_mixin.py:190} INFO - [2025-02-13T23:58:45.483+0000] {dag.py:3239} INFO - Sync 2 DAGs
[2025-02-13T23:58:45.503+0000] {logging_mixin.py:190} INFO - [2025-02-13T23:58:45.503+0000] {dag.py:4180} INFO - Setting next_dagrun for example_xcom_args to None, run_after=None
[2025-02-13T23:58:45.508+0000] {logging_mixin.py:190} INFO - [2025-02-13T23:58:45.508+0000] {dag.py:4180} INFO - Setting next_dagrun for example_xcom_args_with_operators to None, run_after=None
[2025-02-13T23:58:45.531+0000] {processor.py:208} INFO - Processing /home/airflow/.local/lib/python3.12/site-packages/airflow/example_dags/example_xcomargs.py took 0.110 seconds
[2025-02-13T23:59:16.939+0000] {processor.py:186} INFO - Started process (PID=1411) to work on /home/airflow/.local/lib/python3.12/site-packages/airflow/example_dags/example_xcomargs.py
[2025-02-13T23:59:16.940+0000] {processor.py:914} INFO - Processing file /home/airflow/.local/lib/python3.12/site-packages/airflow/example_dags/example_xcomargs.py for tasks to queue
[2025-02-13T23:59:16.943+0000] {logging_mixin.py:190} INFO - [2025-02-13T23:59:16.943+0000] {dagbag.py:588} INFO - Filling up the DagBag from /home/airflow/.local/lib/python3.12/site-packages/airflow/example_dags/example_xcomargs.py
[2025-02-13T23:59:16.953+0000] {processor.py:925} INFO - DAG(s) 'example_xcom_args', 'example_xcom_args_with_operators' retrieved from /home/airflow/.local/lib/python3.12/site-packages/airflow/example_dags/example_xcomargs.py
[2025-02-13T23:59:16.979+0000] {logging_mixin.py:190} INFO - [2025-02-13T23:59:16.979+0000] {dag.py:3239} INFO - Sync 2 DAGs
[2025-02-13T23:59:16.995+0000] {logging_mixin.py:190} INFO - [2025-02-13T23:59:16.995+0000] {dag.py:4180} INFO - Setting next_dagrun for example_xcom_args to None, run_after=None
[2025-02-13T23:59:16.999+0000] {logging_mixin.py:190} INFO - [2025-02-13T23:59:16.999+0000] {dag.py:4180} INFO - Setting next_dagrun for example_xcom_args_with_operators to None, run_after=None
[2025-02-13T23:59:17.017+0000] {processor.py:208} INFO - Processing /home/airflow/.local/lib/python3.12/site-packages/airflow/example_dags/example_xcomargs.py took 0.084 seconds
[2025-02-13T23:59:48.181+0000] {processor.py:186} INFO - Started process (PID=1477) to work on /home/airflow/.local/lib/python3.12/site-packages/airflow/example_dags/example_xcomargs.py
[2025-02-13T23:59:48.182+0000] {processor.py:914} INFO - Processing file /home/airflow/.local/lib/python3.12/site-packages/airflow/example_dags/example_xcomargs.py for tasks to queue
[2025-02-13T23:59:48.185+0000] {logging_mixin.py:190} INFO - [2025-02-13T23:59:48.185+0000] {dagbag.py:588} INFO - Filling up the DagBag from /home/airflow/.local/lib/python3.12/site-packages/airflow/example_dags/example_xcomargs.py
[2025-02-13T23:59:48.204+0000] {processor.py:925} INFO - DAG(s) 'example_xcom_args', 'example_xcom_args_with_operators' retrieved from /home/airflow/.local/lib/python3.12/site-packages/airflow/example_dags/example_xcomargs.py
[2025-02-13T23:59:48.238+0000] {logging_mixin.py:190} INFO - [2025-02-13T23:59:48.238+0000] {dag.py:3239} INFO - Sync 2 DAGs
[2025-02-13T23:59:48.258+0000] {logging_mixin.py:190} INFO - [2025-02-13T23:59:48.258+0000] {dag.py:4180} INFO - Setting next_dagrun for example_xcom_args to None, run_after=None
[2025-02-13T23:59:48.264+0000] {logging_mixin.py:190} INFO - [2025-02-13T23:59:48.263+0000] {dag.py:4180} INFO - Setting next_dagrun for example_xcom_args_with_operators to None, run_after=None
[2025-02-13T23:59:48.289+0000] {processor.py:208} INFO - Processing /home/airflow/.local/lib/python3.12/site-packages/airflow/example_dags/example_xcomargs.py took 0.119 seconds
