[2025-02-13T00:00:18.436+0000] {processor.py:186} INFO - Started process (PID=4957) to work on /home/airflow/.local/lib/python3.12/site-packages/airflow/example_dags/example_setup_teardown.py
[2025-02-13T00:00:18.443+0000] {processor.py:914} INFO - Processing file /home/airflow/.local/lib/python3.12/site-packages/airflow/example_dags/example_setup_teardown.py for tasks to queue
[2025-02-13T00:00:18.450+0000] {logging_mixin.py:190} INFO - [2025-02-13T00:00:18.449+0000] {dagbag.py:588} INFO - Filling up the DagBag from /home/airflow/.local/lib/python3.12/site-packages/airflow/example_dags/example_setup_teardown.py
[2025-02-13T00:00:18.479+0000] {processor.py:925} INFO - DAG(s) 'example_setup_teardown' retrieved from /home/airflow/.local/lib/python3.12/site-packages/airflow/example_dags/example_setup_teardown.py
[2025-02-13T00:00:18.578+0000] {logging_mixin.py:190} INFO - [2025-02-13T00:00:18.571+0000] {dag.py:3239} INFO - Sync 1 DAGs
[2025-02-13T00:00:18.660+0000] {logging_mixin.py:190} INFO - [2025-02-13T00:00:18.660+0000] {dag.py:4180} INFO - Setting next_dagrun for example_setup_teardown to None, run_after=None
[2025-02-13T00:00:18.752+0000] {processor.py:208} INFO - Processing /home/airflow/.local/lib/python3.12/site-packages/airflow/example_dags/example_setup_teardown.py took 0.334 seconds
[2025-02-13T00:00:49.142+0000] {processor.py:186} INFO - Started process (PID=5022) to work on /home/airflow/.local/lib/python3.12/site-packages/airflow/example_dags/example_setup_teardown.py
[2025-02-13T00:00:49.143+0000] {processor.py:914} INFO - Processing file /home/airflow/.local/lib/python3.12/site-packages/airflow/example_dags/example_setup_teardown.py for tasks to queue
[2025-02-13T00:00:49.146+0000] {logging_mixin.py:190} INFO - [2025-02-13T00:00:49.145+0000] {dagbag.py:588} INFO - Filling up the DagBag from /home/airflow/.local/lib/python3.12/site-packages/airflow/example_dags/example_setup_teardown.py
[2025-02-13T00:00:49.158+0000] {processor.py:925} INFO - DAG(s) 'example_setup_teardown' retrieved from /home/airflow/.local/lib/python3.12/site-packages/airflow/example_dags/example_setup_teardown.py
[2025-02-13T00:00:49.198+0000] {logging_mixin.py:190} INFO - [2025-02-13T00:00:49.194+0000] {dag.py:3239} INFO - Sync 1 DAGs
[2025-02-13T00:00:49.217+0000] {logging_mixin.py:190} INFO - [2025-02-13T00:00:49.217+0000] {dag.py:4180} INFO - Setting next_dagrun for example_setup_teardown to None, run_after=None
[2025-02-13T00:00:49.244+0000] {processor.py:208} INFO - Processing /home/airflow/.local/lib/python3.12/site-packages/airflow/example_dags/example_setup_teardown.py took 0.109 seconds
[2025-02-13T00:01:20.248+0000] {processor.py:186} INFO - Started process (PID=5088) to work on /home/airflow/.local/lib/python3.12/site-packages/airflow/example_dags/example_setup_teardown.py
[2025-02-13T00:01:20.249+0000] {processor.py:914} INFO - Processing file /home/airflow/.local/lib/python3.12/site-packages/airflow/example_dags/example_setup_teardown.py for tasks to queue
[2025-02-13T00:01:20.251+0000] {logging_mixin.py:190} INFO - [2025-02-13T00:01:20.251+0000] {dagbag.py:588} INFO - Filling up the DagBag from /home/airflow/.local/lib/python3.12/site-packages/airflow/example_dags/example_setup_teardown.py
[2025-02-13T00:01:20.264+0000] {processor.py:925} INFO - DAG(s) 'example_setup_teardown' retrieved from /home/airflow/.local/lib/python3.12/site-packages/airflow/example_dags/example_setup_teardown.py
[2025-02-13T00:01:20.294+0000] {logging_mixin.py:190} INFO - [2025-02-13T00:01:20.294+0000] {dag.py:3239} INFO - Sync 1 DAGs
[2025-02-13T00:01:20.316+0000] {logging_mixin.py:190} INFO - [2025-02-13T00:01:20.316+0000] {dag.py:4180} INFO - Setting next_dagrun for example_setup_teardown to None, run_after=None
[2025-02-13T00:01:20.342+0000] {processor.py:208} INFO - Processing /home/airflow/.local/lib/python3.12/site-packages/airflow/example_dags/example_setup_teardown.py took 0.100 seconds
[2025-02-13T00:01:51.391+0000] {processor.py:186} INFO - Started process (PID=5154) to work on /home/airflow/.local/lib/python3.12/site-packages/airflow/example_dags/example_setup_teardown.py
[2025-02-13T00:01:51.392+0000] {processor.py:914} INFO - Processing file /home/airflow/.local/lib/python3.12/site-packages/airflow/example_dags/example_setup_teardown.py for tasks to queue
[2025-02-13T00:01:51.395+0000] {logging_mixin.py:190} INFO - [2025-02-13T00:01:51.394+0000] {dagbag.py:588} INFO - Filling up the DagBag from /home/airflow/.local/lib/python3.12/site-packages/airflow/example_dags/example_setup_teardown.py
[2025-02-13T00:01:51.405+0000] {processor.py:925} INFO - DAG(s) 'example_setup_teardown' retrieved from /home/airflow/.local/lib/python3.12/site-packages/airflow/example_dags/example_setup_teardown.py
[2025-02-13T00:01:51.442+0000] {logging_mixin.py:190} INFO - [2025-02-13T00:01:51.442+0000] {dag.py:3239} INFO - Sync 1 DAGs
[2025-02-13T00:01:51.462+0000] {logging_mixin.py:190} INFO - [2025-02-13T00:01:51.461+0000] {dag.py:4180} INFO - Setting next_dagrun for example_setup_teardown to None, run_after=None
[2025-02-13T00:01:51.488+0000] {processor.py:208} INFO - Processing /home/airflow/.local/lib/python3.12/site-packages/airflow/example_dags/example_setup_teardown.py took 0.107 seconds
[2025-02-13T00:02:22.398+0000] {processor.py:186} INFO - Started process (PID=5219) to work on /home/airflow/.local/lib/python3.12/site-packages/airflow/example_dags/example_setup_teardown.py
[2025-02-13T00:02:22.399+0000] {processor.py:914} INFO - Processing file /home/airflow/.local/lib/python3.12/site-packages/airflow/example_dags/example_setup_teardown.py for tasks to queue
[2025-02-13T00:02:22.403+0000] {logging_mixin.py:190} INFO - [2025-02-13T00:02:22.402+0000] {dagbag.py:588} INFO - Filling up the DagBag from /home/airflow/.local/lib/python3.12/site-packages/airflow/example_dags/example_setup_teardown.py
[2025-02-13T00:02:22.412+0000] {processor.py:925} INFO - DAG(s) 'example_setup_teardown' retrieved from /home/airflow/.local/lib/python3.12/site-packages/airflow/example_dags/example_setup_teardown.py
[2025-02-13T00:02:22.434+0000] {logging_mixin.py:190} INFO - [2025-02-13T00:02:22.434+0000] {dag.py:3239} INFO - Sync 1 DAGs
[2025-02-13T00:02:22.449+0000] {logging_mixin.py:190} INFO - [2025-02-13T00:02:22.448+0000] {dag.py:4180} INFO - Setting next_dagrun for example_setup_teardown to None, run_after=None
[2025-02-13T00:02:22.472+0000] {processor.py:208} INFO - Processing /home/airflow/.local/lib/python3.12/site-packages/airflow/example_dags/example_setup_teardown.py took 0.090 seconds
[2025-02-13T00:02:52.691+0000] {processor.py:186} INFO - Started process (PID=5284) to work on /home/airflow/.local/lib/python3.12/site-packages/airflow/example_dags/example_setup_teardown.py
[2025-02-13T00:02:52.692+0000] {processor.py:914} INFO - Processing file /home/airflow/.local/lib/python3.12/site-packages/airflow/example_dags/example_setup_teardown.py for tasks to queue
[2025-02-13T00:02:52.695+0000] {logging_mixin.py:190} INFO - [2025-02-13T00:02:52.694+0000] {dagbag.py:588} INFO - Filling up the DagBag from /home/airflow/.local/lib/python3.12/site-packages/airflow/example_dags/example_setup_teardown.py
[2025-02-13T00:02:52.705+0000] {processor.py:925} INFO - DAG(s) 'example_setup_teardown' retrieved from /home/airflow/.local/lib/python3.12/site-packages/airflow/example_dags/example_setup_teardown.py
[2025-02-13T00:02:52.732+0000] {logging_mixin.py:190} INFO - [2025-02-13T00:02:52.732+0000] {dag.py:3239} INFO - Sync 1 DAGs
[2025-02-13T00:02:52.752+0000] {logging_mixin.py:190} INFO - [2025-02-13T00:02:52.752+0000] {dag.py:4180} INFO - Setting next_dagrun for example_setup_teardown to None, run_after=None
[2025-02-13T00:02:52.779+0000] {processor.py:208} INFO - Processing /home/airflow/.local/lib/python3.12/site-packages/airflow/example_dags/example_setup_teardown.py took 0.095 seconds
[2025-02-13T00:03:22.828+0000] {processor.py:186} INFO - Started process (PID=5349) to work on /home/airflow/.local/lib/python3.12/site-packages/airflow/example_dags/example_setup_teardown.py
[2025-02-13T00:03:22.829+0000] {processor.py:914} INFO - Processing file /home/airflow/.local/lib/python3.12/site-packages/airflow/example_dags/example_setup_teardown.py for tasks to queue
[2025-02-13T00:03:22.832+0000] {logging_mixin.py:190} INFO - [2025-02-13T00:03:22.831+0000] {dagbag.py:588} INFO - Filling up the DagBag from /home/airflow/.local/lib/python3.12/site-packages/airflow/example_dags/example_setup_teardown.py
[2025-02-13T00:03:22.844+0000] {processor.py:925} INFO - DAG(s) 'example_setup_teardown' retrieved from /home/airflow/.local/lib/python3.12/site-packages/airflow/example_dags/example_setup_teardown.py
[2025-02-13T00:03:22.869+0000] {logging_mixin.py:190} INFO - [2025-02-13T00:03:22.869+0000] {dag.py:3239} INFO - Sync 1 DAGs
[2025-02-13T00:03:22.887+0000] {logging_mixin.py:190} INFO - [2025-02-13T00:03:22.887+0000] {dag.py:4180} INFO - Setting next_dagrun for example_setup_teardown to None, run_after=None
[2025-02-13T00:03:22.910+0000] {processor.py:208} INFO - Processing /home/airflow/.local/lib/python3.12/site-packages/airflow/example_dags/example_setup_teardown.py took 0.091 seconds
[2025-02-13T00:03:54.252+0000] {processor.py:186} INFO - Started process (PID=5416) to work on /home/airflow/.local/lib/python3.12/site-packages/airflow/example_dags/example_setup_teardown.py
[2025-02-13T00:03:54.253+0000] {processor.py:914} INFO - Processing file /home/airflow/.local/lib/python3.12/site-packages/airflow/example_dags/example_setup_teardown.py for tasks to queue
[2025-02-13T00:03:54.256+0000] {logging_mixin.py:190} INFO - [2025-02-13T00:03:54.256+0000] {dagbag.py:588} INFO - Filling up the DagBag from /home/airflow/.local/lib/python3.12/site-packages/airflow/example_dags/example_setup_teardown.py
[2025-02-13T00:03:54.271+0000] {processor.py:925} INFO - DAG(s) 'example_setup_teardown' retrieved from /home/airflow/.local/lib/python3.12/site-packages/airflow/example_dags/example_setup_teardown.py
[2025-02-13T00:03:54.296+0000] {logging_mixin.py:190} INFO - [2025-02-13T00:03:54.296+0000] {dag.py:3239} INFO - Sync 1 DAGs
[2025-02-13T00:03:54.317+0000] {logging_mixin.py:190} INFO - [2025-02-13T00:03:54.316+0000] {dag.py:4180} INFO - Setting next_dagrun for example_setup_teardown to None, run_after=None
[2025-02-13T00:03:54.339+0000] {processor.py:208} INFO - Processing /home/airflow/.local/lib/python3.12/site-packages/airflow/example_dags/example_setup_teardown.py took 0.095 seconds
[2025-02-13T00:04:24.628+0000] {processor.py:186} INFO - Started process (PID=5483) to work on /home/airflow/.local/lib/python3.12/site-packages/airflow/example_dags/example_setup_teardown.py
[2025-02-13T00:04:24.629+0000] {processor.py:914} INFO - Processing file /home/airflow/.local/lib/python3.12/site-packages/airflow/example_dags/example_setup_teardown.py for tasks to queue
[2025-02-13T00:04:24.632+0000] {logging_mixin.py:190} INFO - [2025-02-13T00:04:24.631+0000] {dagbag.py:588} INFO - Filling up the DagBag from /home/airflow/.local/lib/python3.12/site-packages/airflow/example_dags/example_setup_teardown.py
[2025-02-13T00:04:24.643+0000] {processor.py:925} INFO - DAG(s) 'example_setup_teardown' retrieved from /home/airflow/.local/lib/python3.12/site-packages/airflow/example_dags/example_setup_teardown.py
[2025-02-13T00:04:24.665+0000] {logging_mixin.py:190} INFO - [2025-02-13T00:04:24.665+0000] {dag.py:3239} INFO - Sync 1 DAGs
[2025-02-13T00:04:24.692+0000] {logging_mixin.py:190} INFO - [2025-02-13T00:04:24.691+0000] {dag.py:4180} INFO - Setting next_dagrun for example_setup_teardown to None, run_after=None
[2025-02-13T00:04:24.725+0000] {processor.py:208} INFO - Processing /home/airflow/.local/lib/python3.12/site-packages/airflow/example_dags/example_setup_teardown.py took 0.103 seconds
[2025-02-13T00:04:55.399+0000] {processor.py:186} INFO - Started process (PID=5549) to work on /home/airflow/.local/lib/python3.12/site-packages/airflow/example_dags/example_setup_teardown.py
[2025-02-13T00:04:55.400+0000] {processor.py:914} INFO - Processing file /home/airflow/.local/lib/python3.12/site-packages/airflow/example_dags/example_setup_teardown.py for tasks to queue
[2025-02-13T00:04:55.403+0000] {logging_mixin.py:190} INFO - [2025-02-13T00:04:55.402+0000] {dagbag.py:588} INFO - Filling up the DagBag from /home/airflow/.local/lib/python3.12/site-packages/airflow/example_dags/example_setup_teardown.py
[2025-02-13T00:04:55.413+0000] {processor.py:925} INFO - DAG(s) 'example_setup_teardown' retrieved from /home/airflow/.local/lib/python3.12/site-packages/airflow/example_dags/example_setup_teardown.py
[2025-02-13T00:04:55.435+0000] {logging_mixin.py:190} INFO - [2025-02-13T00:04:55.435+0000] {dag.py:3239} INFO - Sync 1 DAGs
[2025-02-13T00:04:55.452+0000] {logging_mixin.py:190} INFO - [2025-02-13T00:04:55.452+0000] {dag.py:4180} INFO - Setting next_dagrun for example_setup_teardown to None, run_after=None
[2025-02-13T00:04:55.474+0000] {processor.py:208} INFO - Processing /home/airflow/.local/lib/python3.12/site-packages/airflow/example_dags/example_setup_teardown.py took 0.082 seconds
[2025-02-13T00:05:26.644+0000] {processor.py:186} INFO - Started process (PID=5615) to work on /home/airflow/.local/lib/python3.12/site-packages/airflow/example_dags/example_setup_teardown.py
[2025-02-13T00:05:26.645+0000] {processor.py:914} INFO - Processing file /home/airflow/.local/lib/python3.12/site-packages/airflow/example_dags/example_setup_teardown.py for tasks to queue
[2025-02-13T00:05:26.648+0000] {logging_mixin.py:190} INFO - [2025-02-13T00:05:26.648+0000] {dagbag.py:588} INFO - Filling up the DagBag from /home/airflow/.local/lib/python3.12/site-packages/airflow/example_dags/example_setup_teardown.py
[2025-02-13T00:05:26.664+0000] {processor.py:925} INFO - DAG(s) 'example_setup_teardown' retrieved from /home/airflow/.local/lib/python3.12/site-packages/airflow/example_dags/example_setup_teardown.py
[2025-02-13T00:05:26.715+0000] {logging_mixin.py:190} INFO - [2025-02-13T00:05:26.714+0000] {dag.py:3239} INFO - Sync 1 DAGs
[2025-02-13T00:05:26.739+0000] {logging_mixin.py:190} INFO - [2025-02-13T00:05:26.739+0000] {dag.py:4180} INFO - Setting next_dagrun for example_setup_teardown to None, run_after=None
[2025-02-13T00:05:26.765+0000] {processor.py:208} INFO - Processing /home/airflow/.local/lib/python3.12/site-packages/airflow/example_dags/example_setup_teardown.py took 0.132 seconds
[2025-02-13T00:05:57.625+0000] {processor.py:186} INFO - Started process (PID=5681) to work on /home/airflow/.local/lib/python3.12/site-packages/airflow/example_dags/example_setup_teardown.py
[2025-02-13T00:05:57.626+0000] {processor.py:914} INFO - Processing file /home/airflow/.local/lib/python3.12/site-packages/airflow/example_dags/example_setup_teardown.py for tasks to queue
[2025-02-13T00:05:57.628+0000] {logging_mixin.py:190} INFO - [2025-02-13T00:05:57.628+0000] {dagbag.py:588} INFO - Filling up the DagBag from /home/airflow/.local/lib/python3.12/site-packages/airflow/example_dags/example_setup_teardown.py
[2025-02-13T00:05:57.640+0000] {processor.py:925} INFO - DAG(s) 'example_setup_teardown' retrieved from /home/airflow/.local/lib/python3.12/site-packages/airflow/example_dags/example_setup_teardown.py
[2025-02-13T00:05:57.660+0000] {logging_mixin.py:190} INFO - [2025-02-13T00:05:57.659+0000] {dag.py:3239} INFO - Sync 1 DAGs
[2025-02-13T00:05:57.678+0000] {logging_mixin.py:190} INFO - [2025-02-13T00:05:57.678+0000] {dag.py:4180} INFO - Setting next_dagrun for example_setup_teardown to None, run_after=None
[2025-02-13T00:05:57.700+0000] {processor.py:208} INFO - Processing /home/airflow/.local/lib/python3.12/site-packages/airflow/example_dags/example_setup_teardown.py took 0.080 seconds
[2025-02-13T00:07:43.318+0000] {processor.py:186} INFO - Started process (PID=76) to work on /home/airflow/.local/lib/python3.12/site-packages/airflow/example_dags/example_setup_teardown.py
[2025-02-13T00:07:43.319+0000] {processor.py:914} INFO - Processing file /home/airflow/.local/lib/python3.12/site-packages/airflow/example_dags/example_setup_teardown.py for tasks to queue
[2025-02-13T00:07:43.321+0000] {logging_mixin.py:190} INFO - [2025-02-13T00:07:43.321+0000] {dagbag.py:588} INFO - Filling up the DagBag from /home/airflow/.local/lib/python3.12/site-packages/airflow/example_dags/example_setup_teardown.py
[2025-02-13T00:07:43.334+0000] {processor.py:925} INFO - DAG(s) 'example_setup_teardown' retrieved from /home/airflow/.local/lib/python3.12/site-packages/airflow/example_dags/example_setup_teardown.py
[2025-02-13T00:07:43.355+0000] {logging_mixin.py:190} INFO - [2025-02-13T00:07:43.355+0000] {dag.py:3239} INFO - Sync 1 DAGs
[2025-02-13T00:07:43.372+0000] {logging_mixin.py:190} INFO - [2025-02-13T00:07:43.372+0000] {dag.py:4180} INFO - Setting next_dagrun for example_setup_teardown to None, run_after=None
[2025-02-13T00:07:43.392+0000] {processor.py:208} INFO - Processing /home/airflow/.local/lib/python3.12/site-packages/airflow/example_dags/example_setup_teardown.py took 0.081 seconds
[2025-02-13T00:08:14.370+0000] {processor.py:186} INFO - Started process (PID=142) to work on /home/airflow/.local/lib/python3.12/site-packages/airflow/example_dags/example_setup_teardown.py
[2025-02-13T00:08:14.371+0000] {processor.py:914} INFO - Processing file /home/airflow/.local/lib/python3.12/site-packages/airflow/example_dags/example_setup_teardown.py for tasks to queue
[2025-02-13T00:08:14.374+0000] {logging_mixin.py:190} INFO - [2025-02-13T00:08:14.374+0000] {dagbag.py:588} INFO - Filling up the DagBag from /home/airflow/.local/lib/python3.12/site-packages/airflow/example_dags/example_setup_teardown.py
[2025-02-13T00:08:14.387+0000] {processor.py:925} INFO - DAG(s) 'example_setup_teardown' retrieved from /home/airflow/.local/lib/python3.12/site-packages/airflow/example_dags/example_setup_teardown.py
[2025-02-13T00:08:14.415+0000] {logging_mixin.py:190} INFO - [2025-02-13T00:08:14.414+0000] {dag.py:3239} INFO - Sync 1 DAGs
[2025-02-13T00:08:14.436+0000] {logging_mixin.py:190} INFO - [2025-02-13T00:08:14.435+0000] {dag.py:4180} INFO - Setting next_dagrun for example_setup_teardown to None, run_after=None
[2025-02-13T00:08:14.458+0000] {processor.py:208} INFO - Processing /home/airflow/.local/lib/python3.12/site-packages/airflow/example_dags/example_setup_teardown.py took 0.098 seconds
[2025-02-13T00:08:45.080+0000] {processor.py:186} INFO - Started process (PID=208) to work on /home/airflow/.local/lib/python3.12/site-packages/airflow/example_dags/example_setup_teardown.py
[2025-02-13T00:08:45.082+0000] {processor.py:914} INFO - Processing file /home/airflow/.local/lib/python3.12/site-packages/airflow/example_dags/example_setup_teardown.py for tasks to queue
[2025-02-13T00:08:45.086+0000] {logging_mixin.py:190} INFO - [2025-02-13T00:08:45.086+0000] {dagbag.py:588} INFO - Filling up the DagBag from /home/airflow/.local/lib/python3.12/site-packages/airflow/example_dags/example_setup_teardown.py
[2025-02-13T00:08:45.100+0000] {processor.py:925} INFO - DAG(s) 'example_setup_teardown' retrieved from /home/airflow/.local/lib/python3.12/site-packages/airflow/example_dags/example_setup_teardown.py
[2025-02-13T00:08:45.128+0000] {logging_mixin.py:190} INFO - [2025-02-13T00:08:45.127+0000] {dag.py:3239} INFO - Sync 1 DAGs
[2025-02-13T00:08:45.152+0000] {logging_mixin.py:190} INFO - [2025-02-13T00:08:45.152+0000] {dag.py:4180} INFO - Setting next_dagrun for example_setup_teardown to None, run_after=None
[2025-02-13T00:08:45.173+0000] {processor.py:208} INFO - Processing /home/airflow/.local/lib/python3.12/site-packages/airflow/example_dags/example_setup_teardown.py took 0.100 seconds
[2025-02-13T00:09:16.745+0000] {processor.py:186} INFO - Started process (PID=275) to work on /home/airflow/.local/lib/python3.12/site-packages/airflow/example_dags/example_setup_teardown.py
[2025-02-13T00:09:16.746+0000] {processor.py:914} INFO - Processing file /home/airflow/.local/lib/python3.12/site-packages/airflow/example_dags/example_setup_teardown.py for tasks to queue
[2025-02-13T00:09:16.749+0000] {logging_mixin.py:190} INFO - [2025-02-13T00:09:16.749+0000] {dagbag.py:588} INFO - Filling up the DagBag from /home/airflow/.local/lib/python3.12/site-packages/airflow/example_dags/example_setup_teardown.py
[2025-02-13T00:09:16.758+0000] {processor.py:925} INFO - DAG(s) 'example_setup_teardown' retrieved from /home/airflow/.local/lib/python3.12/site-packages/airflow/example_dags/example_setup_teardown.py
[2025-02-13T00:09:16.777+0000] {logging_mixin.py:190} INFO - [2025-02-13T00:09:16.776+0000] {dag.py:3239} INFO - Sync 1 DAGs
[2025-02-13T00:09:16.791+0000] {logging_mixin.py:190} INFO - [2025-02-13T00:09:16.791+0000] {dag.py:4180} INFO - Setting next_dagrun for example_setup_teardown to None, run_after=None
[2025-02-13T00:09:16.811+0000] {processor.py:208} INFO - Processing /home/airflow/.local/lib/python3.12/site-packages/airflow/example_dags/example_setup_teardown.py took 0.072 seconds
[2025-02-13T00:09:50.404+0000] {processor.py:186} INFO - Started process (PID=341) to work on /home/airflow/.local/lib/python3.12/site-packages/airflow/example_dags/example_setup_teardown.py
[2025-02-13T00:09:50.405+0000] {processor.py:914} INFO - Processing file /home/airflow/.local/lib/python3.12/site-packages/airflow/example_dags/example_setup_teardown.py for tasks to queue
[2025-02-13T00:09:50.407+0000] {logging_mixin.py:190} INFO - [2025-02-13T00:09:50.407+0000] {dagbag.py:588} INFO - Filling up the DagBag from /home/airflow/.local/lib/python3.12/site-packages/airflow/example_dags/example_setup_teardown.py
[2025-02-13T00:09:50.419+0000] {processor.py:925} INFO - DAG(s) 'example_setup_teardown' retrieved from /home/airflow/.local/lib/python3.12/site-packages/airflow/example_dags/example_setup_teardown.py
[2025-02-13T00:09:50.443+0000] {logging_mixin.py:190} INFO - [2025-02-13T00:09:50.442+0000] {dag.py:3239} INFO - Sync 1 DAGs
[2025-02-13T00:09:50.462+0000] {logging_mixin.py:190} INFO - [2025-02-13T00:09:50.461+0000] {dag.py:4180} INFO - Setting next_dagrun for example_setup_teardown to None, run_after=None
[2025-02-13T00:09:50.485+0000] {processor.py:208} INFO - Processing /home/airflow/.local/lib/python3.12/site-packages/airflow/example_dags/example_setup_teardown.py took 0.088 seconds
[2025-02-13T00:10:21.490+0000] {processor.py:186} INFO - Started process (PID=408) to work on /home/airflow/.local/lib/python3.12/site-packages/airflow/example_dags/example_setup_teardown.py
[2025-02-13T00:10:21.491+0000] {processor.py:914} INFO - Processing file /home/airflow/.local/lib/python3.12/site-packages/airflow/example_dags/example_setup_teardown.py for tasks to queue
[2025-02-13T00:10:21.496+0000] {logging_mixin.py:190} INFO - [2025-02-13T00:10:21.495+0000] {dagbag.py:588} INFO - Filling up the DagBag from /home/airflow/.local/lib/python3.12/site-packages/airflow/example_dags/example_setup_teardown.py
[2025-02-13T00:10:21.508+0000] {processor.py:925} INFO - DAG(s) 'example_setup_teardown' retrieved from /home/airflow/.local/lib/python3.12/site-packages/airflow/example_dags/example_setup_teardown.py
[2025-02-13T00:10:21.534+0000] {logging_mixin.py:190} INFO - [2025-02-13T00:10:21.534+0000] {dag.py:3239} INFO - Sync 1 DAGs
[2025-02-13T00:10:21.561+0000] {logging_mixin.py:190} INFO - [2025-02-13T00:10:21.560+0000] {dag.py:4180} INFO - Setting next_dagrun for example_setup_teardown to None, run_after=None
[2025-02-13T00:10:21.590+0000] {processor.py:208} INFO - Processing /home/airflow/.local/lib/python3.12/site-packages/airflow/example_dags/example_setup_teardown.py took 0.107 seconds
[2025-02-13T00:10:52.095+0000] {processor.py:186} INFO - Started process (PID=473) to work on /home/airflow/.local/lib/python3.12/site-packages/airflow/example_dags/example_setup_teardown.py
[2025-02-13T00:10:52.105+0000] {processor.py:914} INFO - Processing file /home/airflow/.local/lib/python3.12/site-packages/airflow/example_dags/example_setup_teardown.py for tasks to queue
[2025-02-13T00:10:52.108+0000] {logging_mixin.py:190} INFO - [2025-02-13T00:10:52.107+0000] {dagbag.py:588} INFO - Filling up the DagBag from /home/airflow/.local/lib/python3.12/site-packages/airflow/example_dags/example_setup_teardown.py
[2025-02-13T00:10:52.135+0000] {processor.py:925} INFO - DAG(s) 'example_setup_teardown' retrieved from /home/airflow/.local/lib/python3.12/site-packages/airflow/example_dags/example_setup_teardown.py
[2025-02-13T00:10:52.166+0000] {logging_mixin.py:190} INFO - [2025-02-13T00:10:52.166+0000] {dag.py:3239} INFO - Sync 1 DAGs
[2025-02-13T00:10:52.203+0000] {logging_mixin.py:190} INFO - [2025-02-13T00:10:52.203+0000] {dag.py:4180} INFO - Setting next_dagrun for example_setup_teardown to None, run_after=None
[2025-02-13T00:10:52.253+0000] {processor.py:208} INFO - Processing /home/airflow/.local/lib/python3.12/site-packages/airflow/example_dags/example_setup_teardown.py took 0.168 seconds
[2025-02-13T00:11:23.633+0000] {processor.py:186} INFO - Started process (PID=540) to work on /home/airflow/.local/lib/python3.12/site-packages/airflow/example_dags/example_setup_teardown.py
[2025-02-13T00:11:23.634+0000] {processor.py:914} INFO - Processing file /home/airflow/.local/lib/python3.12/site-packages/airflow/example_dags/example_setup_teardown.py for tasks to queue
[2025-02-13T00:11:23.637+0000] {logging_mixin.py:190} INFO - [2025-02-13T00:11:23.637+0000] {dagbag.py:588} INFO - Filling up the DagBag from /home/airflow/.local/lib/python3.12/site-packages/airflow/example_dags/example_setup_teardown.py
[2025-02-13T00:11:23.650+0000] {processor.py:925} INFO - DAG(s) 'example_setup_teardown' retrieved from /home/airflow/.local/lib/python3.12/site-packages/airflow/example_dags/example_setup_teardown.py
[2025-02-13T00:11:23.677+0000] {logging_mixin.py:190} INFO - [2025-02-13T00:11:23.677+0000] {dag.py:3239} INFO - Sync 1 DAGs
[2025-02-13T00:11:23.704+0000] {logging_mixin.py:190} INFO - [2025-02-13T00:11:23.704+0000] {dag.py:4180} INFO - Setting next_dagrun for example_setup_teardown to None, run_after=None
[2025-02-13T00:11:23.727+0000] {processor.py:208} INFO - Processing /home/airflow/.local/lib/python3.12/site-packages/airflow/example_dags/example_setup_teardown.py took 0.102 seconds
[2025-02-13T00:11:54.445+0000] {processor.py:186} INFO - Started process (PID=606) to work on /home/airflow/.local/lib/python3.12/site-packages/airflow/example_dags/example_setup_teardown.py
[2025-02-13T00:11:54.446+0000] {processor.py:914} INFO - Processing file /home/airflow/.local/lib/python3.12/site-packages/airflow/example_dags/example_setup_teardown.py for tasks to queue
[2025-02-13T00:11:54.449+0000] {logging_mixin.py:190} INFO - [2025-02-13T00:11:54.449+0000] {dagbag.py:588} INFO - Filling up the DagBag from /home/airflow/.local/lib/python3.12/site-packages/airflow/example_dags/example_setup_teardown.py
[2025-02-13T00:11:54.463+0000] {processor.py:925} INFO - DAG(s) 'example_setup_teardown' retrieved from /home/airflow/.local/lib/python3.12/site-packages/airflow/example_dags/example_setup_teardown.py
[2025-02-13T00:11:54.484+0000] {logging_mixin.py:190} INFO - [2025-02-13T00:11:54.483+0000] {dag.py:3239} INFO - Sync 1 DAGs
[2025-02-13T00:11:54.503+0000] {logging_mixin.py:190} INFO - [2025-02-13T00:11:54.502+0000] {dag.py:4180} INFO - Setting next_dagrun for example_setup_teardown to None, run_after=None
[2025-02-13T00:11:54.524+0000] {processor.py:208} INFO - Processing /home/airflow/.local/lib/python3.12/site-packages/airflow/example_dags/example_setup_teardown.py took 0.087 seconds
[2025-02-13T00:12:25.463+0000] {processor.py:186} INFO - Started process (PID=672) to work on /home/airflow/.local/lib/python3.12/site-packages/airflow/example_dags/example_setup_teardown.py
[2025-02-13T00:12:25.464+0000] {processor.py:914} INFO - Processing file /home/airflow/.local/lib/python3.12/site-packages/airflow/example_dags/example_setup_teardown.py for tasks to queue
[2025-02-13T00:12:25.467+0000] {logging_mixin.py:190} INFO - [2025-02-13T00:12:25.466+0000] {dagbag.py:588} INFO - Filling up the DagBag from /home/airflow/.local/lib/python3.12/site-packages/airflow/example_dags/example_setup_teardown.py
[2025-02-13T00:12:25.474+0000] {processor.py:925} INFO - DAG(s) 'example_setup_teardown' retrieved from /home/airflow/.local/lib/python3.12/site-packages/airflow/example_dags/example_setup_teardown.py
[2025-02-13T00:12:25.493+0000] {logging_mixin.py:190} INFO - [2025-02-13T00:12:25.493+0000] {dag.py:3239} INFO - Sync 1 DAGs
[2025-02-13T00:12:25.507+0000] {logging_mixin.py:190} INFO - [2025-02-13T00:12:25.507+0000] {dag.py:4180} INFO - Setting next_dagrun for example_setup_teardown to None, run_after=None
[2025-02-13T00:12:25.525+0000] {processor.py:208} INFO - Processing /home/airflow/.local/lib/python3.12/site-packages/airflow/example_dags/example_setup_teardown.py took 0.068 seconds
[2025-02-13T00:12:56.779+0000] {processor.py:186} INFO - Started process (PID=738) to work on /home/airflow/.local/lib/python3.12/site-packages/airflow/example_dags/example_setup_teardown.py
[2025-02-13T00:12:56.780+0000] {processor.py:914} INFO - Processing file /home/airflow/.local/lib/python3.12/site-packages/airflow/example_dags/example_setup_teardown.py for tasks to queue
[2025-02-13T00:12:56.782+0000] {logging_mixin.py:190} INFO - [2025-02-13T00:12:56.782+0000] {dagbag.py:588} INFO - Filling up the DagBag from /home/airflow/.local/lib/python3.12/site-packages/airflow/example_dags/example_setup_teardown.py
[2025-02-13T00:12:56.796+0000] {processor.py:925} INFO - DAG(s) 'example_setup_teardown' retrieved from /home/airflow/.local/lib/python3.12/site-packages/airflow/example_dags/example_setup_teardown.py
[2025-02-13T00:12:56.817+0000] {logging_mixin.py:190} INFO - [2025-02-13T00:12:56.816+0000] {dag.py:3239} INFO - Sync 1 DAGs
[2025-02-13T00:12:56.833+0000] {logging_mixin.py:190} INFO - [2025-02-13T00:12:56.833+0000] {dag.py:4180} INFO - Setting next_dagrun for example_setup_teardown to None, run_after=None
[2025-02-13T00:12:56.855+0000] {processor.py:208} INFO - Processing /home/airflow/.local/lib/python3.12/site-packages/airflow/example_dags/example_setup_teardown.py took 0.083 seconds
[2025-02-13T00:13:28.463+0000] {processor.py:186} INFO - Started process (PID=804) to work on /home/airflow/.local/lib/python3.12/site-packages/airflow/example_dags/example_setup_teardown.py
[2025-02-13T00:13:28.465+0000] {processor.py:914} INFO - Processing file /home/airflow/.local/lib/python3.12/site-packages/airflow/example_dags/example_setup_teardown.py for tasks to queue
[2025-02-13T00:13:28.468+0000] {logging_mixin.py:190} INFO - [2025-02-13T00:13:28.467+0000] {dagbag.py:588} INFO - Filling up the DagBag from /home/airflow/.local/lib/python3.12/site-packages/airflow/example_dags/example_setup_teardown.py
[2025-02-13T00:13:28.482+0000] {processor.py:925} INFO - DAG(s) 'example_setup_teardown' retrieved from /home/airflow/.local/lib/python3.12/site-packages/airflow/example_dags/example_setup_teardown.py
[2025-02-13T00:13:28.505+0000] {logging_mixin.py:190} INFO - [2025-02-13T00:13:28.505+0000] {dag.py:3239} INFO - Sync 1 DAGs
[2025-02-13T00:13:28.527+0000] {logging_mixin.py:190} INFO - [2025-02-13T00:13:28.527+0000] {dag.py:4180} INFO - Setting next_dagrun for example_setup_teardown to None, run_after=None
[2025-02-13T00:13:28.552+0000] {processor.py:208} INFO - Processing /home/airflow/.local/lib/python3.12/site-packages/airflow/example_dags/example_setup_teardown.py took 0.098 seconds
[2025-02-13T00:14:00.179+0000] {processor.py:186} INFO - Started process (PID=870) to work on /home/airflow/.local/lib/python3.12/site-packages/airflow/example_dags/example_setup_teardown.py
[2025-02-13T00:14:00.181+0000] {processor.py:914} INFO - Processing file /home/airflow/.local/lib/python3.12/site-packages/airflow/example_dags/example_setup_teardown.py for tasks to queue
[2025-02-13T00:14:00.185+0000] {logging_mixin.py:190} INFO - [2025-02-13T00:14:00.184+0000] {dagbag.py:588} INFO - Filling up the DagBag from /home/airflow/.local/lib/python3.12/site-packages/airflow/example_dags/example_setup_teardown.py
[2025-02-13T00:14:00.201+0000] {processor.py:925} INFO - DAG(s) 'example_setup_teardown' retrieved from /home/airflow/.local/lib/python3.12/site-packages/airflow/example_dags/example_setup_teardown.py
[2025-02-13T00:14:00.228+0000] {logging_mixin.py:190} INFO - [2025-02-13T00:14:00.228+0000] {dag.py:3239} INFO - Sync 1 DAGs
[2025-02-13T00:14:00.250+0000] {logging_mixin.py:190} INFO - [2025-02-13T00:14:00.250+0000] {dag.py:4180} INFO - Setting next_dagrun for example_setup_teardown to None, run_after=None
[2025-02-13T00:14:00.281+0000] {processor.py:208} INFO - Processing /home/airflow/.local/lib/python3.12/site-packages/airflow/example_dags/example_setup_teardown.py took 0.110 seconds
[2025-02-13T00:14:32.065+0000] {processor.py:186} INFO - Started process (PID=937) to work on /home/airflow/.local/lib/python3.12/site-packages/airflow/example_dags/example_setup_teardown.py
[2025-02-13T00:14:32.067+0000] {processor.py:914} INFO - Processing file /home/airflow/.local/lib/python3.12/site-packages/airflow/example_dags/example_setup_teardown.py for tasks to queue
[2025-02-13T00:14:32.070+0000] {logging_mixin.py:190} INFO - [2025-02-13T00:14:32.070+0000] {dagbag.py:588} INFO - Filling up the DagBag from /home/airflow/.local/lib/python3.12/site-packages/airflow/example_dags/example_setup_teardown.py
[2025-02-13T00:14:32.081+0000] {processor.py:925} INFO - DAG(s) 'example_setup_teardown' retrieved from /home/airflow/.local/lib/python3.12/site-packages/airflow/example_dags/example_setup_teardown.py
[2025-02-13T00:14:32.115+0000] {logging_mixin.py:190} INFO - [2025-02-13T00:14:32.114+0000] {dag.py:3239} INFO - Sync 1 DAGs
[2025-02-13T00:14:32.136+0000] {logging_mixin.py:190} INFO - [2025-02-13T00:14:32.136+0000] {dag.py:4180} INFO - Setting next_dagrun for example_setup_teardown to None, run_after=None
[2025-02-13T00:14:32.157+0000] {processor.py:208} INFO - Processing /home/airflow/.local/lib/python3.12/site-packages/airflow/example_dags/example_setup_teardown.py took 0.102 seconds
[2025-02-13T00:15:05.373+0000] {processor.py:186} INFO - Started process (PID=1004) to work on /home/airflow/.local/lib/python3.12/site-packages/airflow/example_dags/example_setup_teardown.py
[2025-02-13T00:15:05.378+0000] {processor.py:914} INFO - Processing file /home/airflow/.local/lib/python3.12/site-packages/airflow/example_dags/example_setup_teardown.py for tasks to queue
[2025-02-13T00:15:05.381+0000] {logging_mixin.py:190} INFO - [2025-02-13T00:15:05.381+0000] {dagbag.py:588} INFO - Filling up the DagBag from /home/airflow/.local/lib/python3.12/site-packages/airflow/example_dags/example_setup_teardown.py
[2025-02-13T00:15:05.402+0000] {processor.py:925} INFO - DAG(s) 'example_setup_teardown' retrieved from /home/airflow/.local/lib/python3.12/site-packages/airflow/example_dags/example_setup_teardown.py
[2025-02-13T00:15:05.463+0000] {logging_mixin.py:190} INFO - [2025-02-13T00:15:05.463+0000] {dag.py:3239} INFO - Sync 1 DAGs
[2025-02-13T00:15:05.500+0000] {logging_mixin.py:190} INFO - [2025-02-13T00:15:05.500+0000] {dag.py:4180} INFO - Setting next_dagrun for example_setup_teardown to None, run_after=None
[2025-02-13T00:15:05.540+0000] {processor.py:208} INFO - Processing /home/airflow/.local/lib/python3.12/site-packages/airflow/example_dags/example_setup_teardown.py took 0.175 seconds
[2025-02-13T00:15:36.246+0000] {processor.py:186} INFO - Started process (PID=1069) to work on /home/airflow/.local/lib/python3.12/site-packages/airflow/example_dags/example_setup_teardown.py
[2025-02-13T00:15:36.247+0000] {processor.py:914} INFO - Processing file /home/airflow/.local/lib/python3.12/site-packages/airflow/example_dags/example_setup_teardown.py for tasks to queue
[2025-02-13T00:15:36.249+0000] {logging_mixin.py:190} INFO - [2025-02-13T00:15:36.249+0000] {dagbag.py:588} INFO - Filling up the DagBag from /home/airflow/.local/lib/python3.12/site-packages/airflow/example_dags/example_setup_teardown.py
[2025-02-13T00:15:36.262+0000] {processor.py:925} INFO - DAG(s) 'example_setup_teardown' retrieved from /home/airflow/.local/lib/python3.12/site-packages/airflow/example_dags/example_setup_teardown.py
[2025-02-13T00:15:36.284+0000] {logging_mixin.py:190} INFO - [2025-02-13T00:15:36.284+0000] {dag.py:3239} INFO - Sync 1 DAGs
[2025-02-13T00:15:36.302+0000] {logging_mixin.py:190} INFO - [2025-02-13T00:15:36.301+0000] {dag.py:4180} INFO - Setting next_dagrun for example_setup_teardown to None, run_after=None
[2025-02-13T00:15:36.323+0000] {processor.py:208} INFO - Processing /home/airflow/.local/lib/python3.12/site-packages/airflow/example_dags/example_setup_teardown.py took 0.088 seconds
[2025-02-13T00:16:07.372+0000] {processor.py:186} INFO - Started process (PID=1136) to work on /home/airflow/.local/lib/python3.12/site-packages/airflow/example_dags/example_setup_teardown.py
[2025-02-13T00:16:07.374+0000] {processor.py:914} INFO - Processing file /home/airflow/.local/lib/python3.12/site-packages/airflow/example_dags/example_setup_teardown.py for tasks to queue
[2025-02-13T00:16:07.378+0000] {logging_mixin.py:190} INFO - [2025-02-13T00:16:07.377+0000] {dagbag.py:588} INFO - Filling up the DagBag from /home/airflow/.local/lib/python3.12/site-packages/airflow/example_dags/example_setup_teardown.py
[2025-02-13T00:16:07.388+0000] {processor.py:925} INFO - DAG(s) 'example_setup_teardown' retrieved from /home/airflow/.local/lib/python3.12/site-packages/airflow/example_dags/example_setup_teardown.py
[2025-02-13T00:16:07.409+0000] {logging_mixin.py:190} INFO - [2025-02-13T00:16:07.409+0000] {dag.py:3239} INFO - Sync 1 DAGs
[2025-02-13T00:16:07.429+0000] {logging_mixin.py:190} INFO - [2025-02-13T00:16:07.428+0000] {dag.py:4180} INFO - Setting next_dagrun for example_setup_teardown to None, run_after=None
[2025-02-13T00:16:07.450+0000] {processor.py:208} INFO - Processing /home/airflow/.local/lib/python3.12/site-packages/airflow/example_dags/example_setup_teardown.py took 0.085 seconds
[2025-02-13T00:16:39.266+0000] {processor.py:186} INFO - Started process (PID=1208) to work on /home/airflow/.local/lib/python3.12/site-packages/airflow/example_dags/example_setup_teardown.py
[2025-02-13T00:16:39.268+0000] {processor.py:914} INFO - Processing file /home/airflow/.local/lib/python3.12/site-packages/airflow/example_dags/example_setup_teardown.py for tasks to queue
[2025-02-13T00:16:39.271+0000] {logging_mixin.py:190} INFO - [2025-02-13T00:16:39.271+0000] {dagbag.py:588} INFO - Filling up the DagBag from /home/airflow/.local/lib/python3.12/site-packages/airflow/example_dags/example_setup_teardown.py
[2025-02-13T00:16:39.286+0000] {processor.py:925} INFO - DAG(s) 'example_setup_teardown' retrieved from /home/airflow/.local/lib/python3.12/site-packages/airflow/example_dags/example_setup_teardown.py
[2025-02-13T00:16:39.327+0000] {logging_mixin.py:190} INFO - [2025-02-13T00:16:39.326+0000] {dag.py:3239} INFO - Sync 1 DAGs
[2025-02-13T00:16:39.344+0000] {logging_mixin.py:190} INFO - [2025-02-13T00:16:39.343+0000] {dag.py:4180} INFO - Setting next_dagrun for example_setup_teardown to None, run_after=None
[2025-02-13T00:16:39.376+0000] {processor.py:208} INFO - Processing /home/airflow/.local/lib/python3.12/site-packages/airflow/example_dags/example_setup_teardown.py took 0.124 seconds
[2025-02-13T00:17:10.507+0000] {processor.py:186} INFO - Started process (PID=1274) to work on /home/airflow/.local/lib/python3.12/site-packages/airflow/example_dags/example_setup_teardown.py
[2025-02-13T00:17:10.508+0000] {processor.py:914} INFO - Processing file /home/airflow/.local/lib/python3.12/site-packages/airflow/example_dags/example_setup_teardown.py for tasks to queue
[2025-02-13T00:17:10.510+0000] {logging_mixin.py:190} INFO - [2025-02-13T00:17:10.510+0000] {dagbag.py:588} INFO - Filling up the DagBag from /home/airflow/.local/lib/python3.12/site-packages/airflow/example_dags/example_setup_teardown.py
[2025-02-13T00:17:10.518+0000] {processor.py:925} INFO - DAG(s) 'example_setup_teardown' retrieved from /home/airflow/.local/lib/python3.12/site-packages/airflow/example_dags/example_setup_teardown.py
[2025-02-13T00:17:10.536+0000] {logging_mixin.py:190} INFO - [2025-02-13T00:17:10.536+0000] {dag.py:3239} INFO - Sync 1 DAGs
[2025-02-13T00:17:10.551+0000] {logging_mixin.py:190} INFO - [2025-02-13T00:17:10.551+0000] {dag.py:4180} INFO - Setting next_dagrun for example_setup_teardown to None, run_after=None
[2025-02-13T00:17:10.569+0000] {processor.py:208} INFO - Processing /home/airflow/.local/lib/python3.12/site-packages/airflow/example_dags/example_setup_teardown.py took 0.069 seconds
[2025-02-13T00:17:42.069+0000] {processor.py:186} INFO - Started process (PID=1340) to work on /home/airflow/.local/lib/python3.12/site-packages/airflow/example_dags/example_setup_teardown.py
[2025-02-13T00:17:42.070+0000] {processor.py:914} INFO - Processing file /home/airflow/.local/lib/python3.12/site-packages/airflow/example_dags/example_setup_teardown.py for tasks to queue
[2025-02-13T00:17:42.075+0000] {logging_mixin.py:190} INFO - [2025-02-13T00:17:42.075+0000] {dagbag.py:588} INFO - Filling up the DagBag from /home/airflow/.local/lib/python3.12/site-packages/airflow/example_dags/example_setup_teardown.py
[2025-02-13T00:17:42.086+0000] {processor.py:925} INFO - DAG(s) 'example_setup_teardown' retrieved from /home/airflow/.local/lib/python3.12/site-packages/airflow/example_dags/example_setup_teardown.py
[2025-02-13T00:17:42.111+0000] {logging_mixin.py:190} INFO - [2025-02-13T00:17:42.111+0000] {dag.py:3239} INFO - Sync 1 DAGs
[2025-02-13T00:17:42.130+0000] {logging_mixin.py:190} INFO - [2025-02-13T00:17:42.130+0000] {dag.py:4180} INFO - Setting next_dagrun for example_setup_teardown to None, run_after=None
[2025-02-13T00:17:42.151+0000] {processor.py:208} INFO - Processing /home/airflow/.local/lib/python3.12/site-packages/airflow/example_dags/example_setup_teardown.py took 0.087 seconds
[2025-02-13T00:18:13.437+0000] {processor.py:186} INFO - Started process (PID=1406) to work on /home/airflow/.local/lib/python3.12/site-packages/airflow/example_dags/example_setup_teardown.py
[2025-02-13T00:18:13.439+0000] {processor.py:914} INFO - Processing file /home/airflow/.local/lib/python3.12/site-packages/airflow/example_dags/example_setup_teardown.py for tasks to queue
[2025-02-13T00:18:13.443+0000] {logging_mixin.py:190} INFO - [2025-02-13T00:18:13.442+0000] {dagbag.py:588} INFO - Filling up the DagBag from /home/airflow/.local/lib/python3.12/site-packages/airflow/example_dags/example_setup_teardown.py
[2025-02-13T00:18:13.451+0000] {processor.py:925} INFO - DAG(s) 'example_setup_teardown' retrieved from /home/airflow/.local/lib/python3.12/site-packages/airflow/example_dags/example_setup_teardown.py
[2025-02-13T00:18:13.476+0000] {logging_mixin.py:190} INFO - [2025-02-13T00:18:13.476+0000] {dag.py:3239} INFO - Sync 1 DAGs
[2025-02-13T00:18:13.494+0000] {logging_mixin.py:190} INFO - [2025-02-13T00:18:13.494+0000] {dag.py:4180} INFO - Setting next_dagrun for example_setup_teardown to None, run_after=None
[2025-02-13T00:18:13.515+0000] {processor.py:208} INFO - Processing /home/airflow/.local/lib/python3.12/site-packages/airflow/example_dags/example_setup_teardown.py took 0.085 seconds
[2025-02-13T00:18:44.552+0000] {processor.py:186} INFO - Started process (PID=1472) to work on /home/airflow/.local/lib/python3.12/site-packages/airflow/example_dags/example_setup_teardown.py
[2025-02-13T00:18:44.553+0000] {processor.py:914} INFO - Processing file /home/airflow/.local/lib/python3.12/site-packages/airflow/example_dags/example_setup_teardown.py for tasks to queue
[2025-02-13T00:18:44.558+0000] {logging_mixin.py:190} INFO - [2025-02-13T00:18:44.557+0000] {dagbag.py:588} INFO - Filling up the DagBag from /home/airflow/.local/lib/python3.12/site-packages/airflow/example_dags/example_setup_teardown.py
[2025-02-13T00:18:44.567+0000] {processor.py:925} INFO - DAG(s) 'example_setup_teardown' retrieved from /home/airflow/.local/lib/python3.12/site-packages/airflow/example_dags/example_setup_teardown.py
[2025-02-13T00:18:44.589+0000] {logging_mixin.py:190} INFO - [2025-02-13T00:18:44.589+0000] {dag.py:3239} INFO - Sync 1 DAGs
[2025-02-13T00:18:44.604+0000] {logging_mixin.py:190} INFO - [2025-02-13T00:18:44.604+0000] {dag.py:4180} INFO - Setting next_dagrun for example_setup_teardown to None, run_after=None
[2025-02-13T00:18:44.628+0000] {processor.py:208} INFO - Processing /home/airflow/.local/lib/python3.12/site-packages/airflow/example_dags/example_setup_teardown.py took 0.082 seconds
[2025-02-13T00:19:15.080+0000] {processor.py:186} INFO - Started process (PID=1539) to work on /home/airflow/.local/lib/python3.12/site-packages/airflow/example_dags/example_setup_teardown.py
[2025-02-13T00:19:15.082+0000] {processor.py:914} INFO - Processing file /home/airflow/.local/lib/python3.12/site-packages/airflow/example_dags/example_setup_teardown.py for tasks to queue
[2025-02-13T00:19:15.086+0000] {logging_mixin.py:190} INFO - [2025-02-13T00:19:15.085+0000] {dagbag.py:588} INFO - Filling up the DagBag from /home/airflow/.local/lib/python3.12/site-packages/airflow/example_dags/example_setup_teardown.py
[2025-02-13T00:19:15.097+0000] {processor.py:925} INFO - DAG(s) 'example_setup_teardown' retrieved from /home/airflow/.local/lib/python3.12/site-packages/airflow/example_dags/example_setup_teardown.py
[2025-02-13T00:19:15.140+0000] {logging_mixin.py:190} INFO - [2025-02-13T00:19:15.140+0000] {dag.py:3239} INFO - Sync 1 DAGs
[2025-02-13T00:19:15.175+0000] {logging_mixin.py:190} INFO - [2025-02-13T00:19:15.175+0000] {dag.py:4180} INFO - Setting next_dagrun for example_setup_teardown to None, run_after=None
[2025-02-13T00:19:15.235+0000] {processor.py:208} INFO - Processing /home/airflow/.local/lib/python3.12/site-packages/airflow/example_dags/example_setup_teardown.py took 0.164 seconds
[2025-02-13T00:19:45.763+0000] {processor.py:186} INFO - Started process (PID=1604) to work on /home/airflow/.local/lib/python3.12/site-packages/airflow/example_dags/example_setup_teardown.py
[2025-02-13T00:19:45.764+0000] {processor.py:914} INFO - Processing file /home/airflow/.local/lib/python3.12/site-packages/airflow/example_dags/example_setup_teardown.py for tasks to queue
[2025-02-13T00:19:45.766+0000] {logging_mixin.py:190} INFO - [2025-02-13T00:19:45.766+0000] {dagbag.py:588} INFO - Filling up the DagBag from /home/airflow/.local/lib/python3.12/site-packages/airflow/example_dags/example_setup_teardown.py
[2025-02-13T00:19:45.777+0000] {processor.py:925} INFO - DAG(s) 'example_setup_teardown' retrieved from /home/airflow/.local/lib/python3.12/site-packages/airflow/example_dags/example_setup_teardown.py
[2025-02-13T00:19:45.798+0000] {logging_mixin.py:190} INFO - [2025-02-13T00:19:45.798+0000] {dag.py:3239} INFO - Sync 1 DAGs
[2025-02-13T00:19:45.815+0000] {logging_mixin.py:190} INFO - [2025-02-13T00:19:45.814+0000] {dag.py:4180} INFO - Setting next_dagrun for example_setup_teardown to None, run_after=None
[2025-02-13T00:19:45.835+0000] {processor.py:208} INFO - Processing /home/airflow/.local/lib/python3.12/site-packages/airflow/example_dags/example_setup_teardown.py took 0.080 seconds
[2025-02-13T00:20:16.722+0000] {processor.py:186} INFO - Started process (PID=1670) to work on /home/airflow/.local/lib/python3.12/site-packages/airflow/example_dags/example_setup_teardown.py
[2025-02-13T00:20:16.725+0000] {processor.py:914} INFO - Processing file /home/airflow/.local/lib/python3.12/site-packages/airflow/example_dags/example_setup_teardown.py for tasks to queue
[2025-02-13T00:20:16.728+0000] {logging_mixin.py:190} INFO - [2025-02-13T00:20:16.727+0000] {dagbag.py:588} INFO - Filling up the DagBag from /home/airflow/.local/lib/python3.12/site-packages/airflow/example_dags/example_setup_teardown.py
[2025-02-13T00:20:16.738+0000] {processor.py:925} INFO - DAG(s) 'example_setup_teardown' retrieved from /home/airflow/.local/lib/python3.12/site-packages/airflow/example_dags/example_setup_teardown.py
[2025-02-13T00:20:16.764+0000] {logging_mixin.py:190} INFO - [2025-02-13T00:20:16.764+0000] {dag.py:3239} INFO - Sync 1 DAGs
[2025-02-13T00:20:16.803+0000] {logging_mixin.py:190} INFO - [2025-02-13T00:20:16.803+0000] {dag.py:4180} INFO - Setting next_dagrun for example_setup_teardown to None, run_after=None
[2025-02-13T00:20:16.886+0000] {processor.py:208} INFO - Processing /home/airflow/.local/lib/python3.12/site-packages/airflow/example_dags/example_setup_teardown.py took 0.163 seconds
[2025-02-13T00:20:47.055+0000] {processor.py:186} INFO - Started process (PID=1736) to work on /home/airflow/.local/lib/python3.12/site-packages/airflow/example_dags/example_setup_teardown.py
[2025-02-13T00:20:47.056+0000] {processor.py:914} INFO - Processing file /home/airflow/.local/lib/python3.12/site-packages/airflow/example_dags/example_setup_teardown.py for tasks to queue
[2025-02-13T00:20:47.060+0000] {logging_mixin.py:190} INFO - [2025-02-13T00:20:47.059+0000] {dagbag.py:588} INFO - Filling up the DagBag from /home/airflow/.local/lib/python3.12/site-packages/airflow/example_dags/example_setup_teardown.py
[2025-02-13T00:20:47.092+0000] {processor.py:925} INFO - DAG(s) 'example_setup_teardown' retrieved from /home/airflow/.local/lib/python3.12/site-packages/airflow/example_dags/example_setup_teardown.py
[2025-02-13T00:20:47.131+0000] {logging_mixin.py:190} INFO - [2025-02-13T00:20:47.131+0000] {dag.py:3239} INFO - Sync 1 DAGs
[2025-02-13T00:20:47.163+0000] {logging_mixin.py:190} INFO - [2025-02-13T00:20:47.163+0000] {dag.py:4180} INFO - Setting next_dagrun for example_setup_teardown to None, run_after=None
[2025-02-13T00:20:47.212+0000] {processor.py:208} INFO - Processing /home/airflow/.local/lib/python3.12/site-packages/airflow/example_dags/example_setup_teardown.py took 0.170 seconds
[2025-02-13T00:21:18.084+0000] {processor.py:186} INFO - Started process (PID=1802) to work on /home/airflow/.local/lib/python3.12/site-packages/airflow/example_dags/example_setup_teardown.py
[2025-02-13T00:21:18.086+0000] {processor.py:914} INFO - Processing file /home/airflow/.local/lib/python3.12/site-packages/airflow/example_dags/example_setup_teardown.py for tasks to queue
[2025-02-13T00:21:18.090+0000] {logging_mixin.py:190} INFO - [2025-02-13T00:21:18.090+0000] {dagbag.py:588} INFO - Filling up the DagBag from /home/airflow/.local/lib/python3.12/site-packages/airflow/example_dags/example_setup_teardown.py
[2025-02-13T00:21:18.098+0000] {processor.py:925} INFO - DAG(s) 'example_setup_teardown' retrieved from /home/airflow/.local/lib/python3.12/site-packages/airflow/example_dags/example_setup_teardown.py
[2025-02-13T00:21:18.122+0000] {logging_mixin.py:190} INFO - [2025-02-13T00:21:18.121+0000] {dag.py:3239} INFO - Sync 1 DAGs
[2025-02-13T00:21:18.136+0000] {logging_mixin.py:190} INFO - [2025-02-13T00:21:18.136+0000] {dag.py:4180} INFO - Setting next_dagrun for example_setup_teardown to None, run_after=None
[2025-02-13T00:21:18.160+0000] {processor.py:208} INFO - Processing /home/airflow/.local/lib/python3.12/site-packages/airflow/example_dags/example_setup_teardown.py took 0.083 seconds
[2025-02-13T00:21:48.960+0000] {processor.py:186} INFO - Started process (PID=1867) to work on /home/airflow/.local/lib/python3.12/site-packages/airflow/example_dags/example_setup_teardown.py
[2025-02-13T00:21:48.963+0000] {processor.py:914} INFO - Processing file /home/airflow/.local/lib/python3.12/site-packages/airflow/example_dags/example_setup_teardown.py for tasks to queue
[2025-02-13T00:21:48.966+0000] {logging_mixin.py:190} INFO - [2025-02-13T00:21:48.965+0000] {dagbag.py:588} INFO - Filling up the DagBag from /home/airflow/.local/lib/python3.12/site-packages/airflow/example_dags/example_setup_teardown.py
[2025-02-13T00:21:48.978+0000] {processor.py:925} INFO - DAG(s) 'example_setup_teardown' retrieved from /home/airflow/.local/lib/python3.12/site-packages/airflow/example_dags/example_setup_teardown.py
[2025-02-13T00:21:49.004+0000] {logging_mixin.py:190} INFO - [2025-02-13T00:21:49.004+0000] {dag.py:3239} INFO - Sync 1 DAGs
[2025-02-13T00:21:49.024+0000] {logging_mixin.py:190} INFO - [2025-02-13T00:21:49.024+0000] {dag.py:4180} INFO - Setting next_dagrun for example_setup_teardown to None, run_after=None
[2025-02-13T00:21:49.047+0000] {processor.py:208} INFO - Processing /home/airflow/.local/lib/python3.12/site-packages/airflow/example_dags/example_setup_teardown.py took 0.098 seconds
[2025-02-13T00:22:19.947+0000] {processor.py:186} INFO - Started process (PID=1934) to work on /home/airflow/.local/lib/python3.12/site-packages/airflow/example_dags/example_setup_teardown.py
[2025-02-13T00:22:19.949+0000] {processor.py:914} INFO - Processing file /home/airflow/.local/lib/python3.12/site-packages/airflow/example_dags/example_setup_teardown.py for tasks to queue
[2025-02-13T00:22:19.953+0000] {logging_mixin.py:190} INFO - [2025-02-13T00:22:19.952+0000] {dagbag.py:588} INFO - Filling up the DagBag from /home/airflow/.local/lib/python3.12/site-packages/airflow/example_dags/example_setup_teardown.py
[2025-02-13T00:22:19.962+0000] {processor.py:925} INFO - DAG(s) 'example_setup_teardown' retrieved from /home/airflow/.local/lib/python3.12/site-packages/airflow/example_dags/example_setup_teardown.py
[2025-02-13T00:22:19.990+0000] {logging_mixin.py:190} INFO - [2025-02-13T00:22:19.990+0000] {dag.py:3239} INFO - Sync 1 DAGs
[2025-02-13T00:22:20.008+0000] {logging_mixin.py:190} INFO - [2025-02-13T00:22:20.008+0000] {dag.py:4180} INFO - Setting next_dagrun for example_setup_teardown to None, run_after=None
[2025-02-13T00:22:20.033+0000] {processor.py:208} INFO - Processing /home/airflow/.local/lib/python3.12/site-packages/airflow/example_dags/example_setup_teardown.py took 0.093 seconds
[2025-02-13T00:22:50.734+0000] {processor.py:186} INFO - Started process (PID=2000) to work on /home/airflow/.local/lib/python3.12/site-packages/airflow/example_dags/example_setup_teardown.py
[2025-02-13T00:22:50.735+0000] {processor.py:914} INFO - Processing file /home/airflow/.local/lib/python3.12/site-packages/airflow/example_dags/example_setup_teardown.py for tasks to queue
[2025-02-13T00:22:50.741+0000] {logging_mixin.py:190} INFO - [2025-02-13T00:22:50.741+0000] {dagbag.py:588} INFO - Filling up the DagBag from /home/airflow/.local/lib/python3.12/site-packages/airflow/example_dags/example_setup_teardown.py
[2025-02-13T00:22:50.756+0000] {processor.py:925} INFO - DAG(s) 'example_setup_teardown' retrieved from /home/airflow/.local/lib/python3.12/site-packages/airflow/example_dags/example_setup_teardown.py
[2025-02-13T00:22:50.789+0000] {logging_mixin.py:190} INFO - [2025-02-13T00:22:50.789+0000] {dag.py:3239} INFO - Sync 1 DAGs
[2025-02-13T00:22:50.819+0000] {logging_mixin.py:190} INFO - [2025-02-13T00:22:50.818+0000] {dag.py:4180} INFO - Setting next_dagrun for example_setup_teardown to None, run_after=None
[2025-02-13T00:22:50.886+0000] {processor.py:208} INFO - Processing /home/airflow/.local/lib/python3.12/site-packages/airflow/example_dags/example_setup_teardown.py took 0.161 seconds
[2025-02-13T00:23:21.503+0000] {processor.py:186} INFO - Started process (PID=2066) to work on /home/airflow/.local/lib/python3.12/site-packages/airflow/example_dags/example_setup_teardown.py
[2025-02-13T00:23:21.505+0000] {processor.py:914} INFO - Processing file /home/airflow/.local/lib/python3.12/site-packages/airflow/example_dags/example_setup_teardown.py for tasks to queue
[2025-02-13T00:23:21.508+0000] {logging_mixin.py:190} INFO - [2025-02-13T00:23:21.507+0000] {dagbag.py:588} INFO - Filling up the DagBag from /home/airflow/.local/lib/python3.12/site-packages/airflow/example_dags/example_setup_teardown.py
[2025-02-13T00:23:21.521+0000] {processor.py:925} INFO - DAG(s) 'example_setup_teardown' retrieved from /home/airflow/.local/lib/python3.12/site-packages/airflow/example_dags/example_setup_teardown.py
[2025-02-13T00:23:21.555+0000] {logging_mixin.py:190} INFO - [2025-02-13T00:23:21.555+0000] {dag.py:3239} INFO - Sync 1 DAGs
[2025-02-13T00:23:21.574+0000] {logging_mixin.py:190} INFO - [2025-02-13T00:23:21.573+0000] {dag.py:4180} INFO - Setting next_dagrun for example_setup_teardown to None, run_after=None
[2025-02-13T00:23:21.594+0000] {processor.py:208} INFO - Processing /home/airflow/.local/lib/python3.12/site-packages/airflow/example_dags/example_setup_teardown.py took 0.099 seconds
[2025-02-13T00:23:51.759+0000] {processor.py:186} INFO - Started process (PID=2132) to work on /home/airflow/.local/lib/python3.12/site-packages/airflow/example_dags/example_setup_teardown.py
[2025-02-13T00:23:51.760+0000] {processor.py:914} INFO - Processing file /home/airflow/.local/lib/python3.12/site-packages/airflow/example_dags/example_setup_teardown.py for tasks to queue
[2025-02-13T00:23:51.763+0000] {logging_mixin.py:190} INFO - [2025-02-13T00:23:51.763+0000] {dagbag.py:588} INFO - Filling up the DagBag from /home/airflow/.local/lib/python3.12/site-packages/airflow/example_dags/example_setup_teardown.py
[2025-02-13T00:23:51.774+0000] {processor.py:925} INFO - DAG(s) 'example_setup_teardown' retrieved from /home/airflow/.local/lib/python3.12/site-packages/airflow/example_dags/example_setup_teardown.py
[2025-02-13T00:23:51.795+0000] {logging_mixin.py:190} INFO - [2025-02-13T00:23:51.795+0000] {dag.py:3239} INFO - Sync 1 DAGs
[2025-02-13T00:23:51.811+0000] {logging_mixin.py:190} INFO - [2025-02-13T00:23:51.810+0000] {dag.py:4180} INFO - Setting next_dagrun for example_setup_teardown to None, run_after=None
[2025-02-13T00:23:51.829+0000] {processor.py:208} INFO - Processing /home/airflow/.local/lib/python3.12/site-packages/airflow/example_dags/example_setup_teardown.py took 0.078 seconds
[2025-02-13T00:24:22.239+0000] {processor.py:186} INFO - Started process (PID=2198) to work on /home/airflow/.local/lib/python3.12/site-packages/airflow/example_dags/example_setup_teardown.py
[2025-02-13T00:24:22.240+0000] {processor.py:914} INFO - Processing file /home/airflow/.local/lib/python3.12/site-packages/airflow/example_dags/example_setup_teardown.py for tasks to queue
[2025-02-13T00:24:22.243+0000] {logging_mixin.py:190} INFO - [2025-02-13T00:24:22.243+0000] {dagbag.py:588} INFO - Filling up the DagBag from /home/airflow/.local/lib/python3.12/site-packages/airflow/example_dags/example_setup_teardown.py
[2025-02-13T00:24:22.260+0000] {processor.py:925} INFO - DAG(s) 'example_setup_teardown' retrieved from /home/airflow/.local/lib/python3.12/site-packages/airflow/example_dags/example_setup_teardown.py
[2025-02-13T00:24:22.298+0000] {logging_mixin.py:190} INFO - [2025-02-13T00:24:22.298+0000] {dag.py:3239} INFO - Sync 1 DAGs
[2025-02-13T00:24:22.323+0000] {logging_mixin.py:190} INFO - [2025-02-13T00:24:22.323+0000] {dag.py:4180} INFO - Setting next_dagrun for example_setup_teardown to None, run_after=None
[2025-02-13T00:24:22.359+0000] {processor.py:208} INFO - Processing /home/airflow/.local/lib/python3.12/site-packages/airflow/example_dags/example_setup_teardown.py took 0.127 seconds
[2025-02-13T00:24:52.720+0000] {processor.py:186} INFO - Started process (PID=2264) to work on /home/airflow/.local/lib/python3.12/site-packages/airflow/example_dags/example_setup_teardown.py
[2025-02-13T00:24:52.721+0000] {processor.py:914} INFO - Processing file /home/airflow/.local/lib/python3.12/site-packages/airflow/example_dags/example_setup_teardown.py for tasks to queue
[2025-02-13T00:24:52.724+0000] {logging_mixin.py:190} INFO - [2025-02-13T00:24:52.724+0000] {dagbag.py:588} INFO - Filling up the DagBag from /home/airflow/.local/lib/python3.12/site-packages/airflow/example_dags/example_setup_teardown.py
[2025-02-13T00:24:52.733+0000] {processor.py:925} INFO - DAG(s) 'example_setup_teardown' retrieved from /home/airflow/.local/lib/python3.12/site-packages/airflow/example_dags/example_setup_teardown.py
[2025-02-13T00:24:52.756+0000] {logging_mixin.py:190} INFO - [2025-02-13T00:24:52.756+0000] {dag.py:3239} INFO - Sync 1 DAGs
[2025-02-13T00:24:52.772+0000] {logging_mixin.py:190} INFO - [2025-02-13T00:24:52.771+0000] {dag.py:4180} INFO - Setting next_dagrun for example_setup_teardown to None, run_after=None
[2025-02-13T00:24:52.793+0000] {processor.py:208} INFO - Processing /home/airflow/.local/lib/python3.12/site-packages/airflow/example_dags/example_setup_teardown.py took 0.081 seconds
[2025-02-13T00:25:22.838+0000] {processor.py:186} INFO - Started process (PID=2329) to work on /home/airflow/.local/lib/python3.12/site-packages/airflow/example_dags/example_setup_teardown.py
[2025-02-13T00:25:22.839+0000] {processor.py:914} INFO - Processing file /home/airflow/.local/lib/python3.12/site-packages/airflow/example_dags/example_setup_teardown.py for tasks to queue
[2025-02-13T00:25:22.841+0000] {logging_mixin.py:190} INFO - [2025-02-13T00:25:22.841+0000] {dagbag.py:588} INFO - Filling up the DagBag from /home/airflow/.local/lib/python3.12/site-packages/airflow/example_dags/example_setup_teardown.py
[2025-02-13T00:25:22.849+0000] {processor.py:925} INFO - DAG(s) 'example_setup_teardown' retrieved from /home/airflow/.local/lib/python3.12/site-packages/airflow/example_dags/example_setup_teardown.py
[2025-02-13T00:25:22.869+0000] {logging_mixin.py:190} INFO - [2025-02-13T00:25:22.869+0000] {dag.py:3239} INFO - Sync 1 DAGs
[2025-02-13T00:25:22.883+0000] {logging_mixin.py:190} INFO - [2025-02-13T00:25:22.882+0000] {dag.py:4180} INFO - Setting next_dagrun for example_setup_teardown to None, run_after=None
[2025-02-13T00:25:22.905+0000] {processor.py:208} INFO - Processing /home/airflow/.local/lib/python3.12/site-packages/airflow/example_dags/example_setup_teardown.py took 0.074 seconds
[2025-02-13T00:25:53.302+0000] {processor.py:186} INFO - Started process (PID=2396) to work on /home/airflow/.local/lib/python3.12/site-packages/airflow/example_dags/example_setup_teardown.py
[2025-02-13T00:25:53.303+0000] {processor.py:914} INFO - Processing file /home/airflow/.local/lib/python3.12/site-packages/airflow/example_dags/example_setup_teardown.py for tasks to queue
[2025-02-13T00:25:53.306+0000] {logging_mixin.py:190} INFO - [2025-02-13T00:25:53.306+0000] {dagbag.py:588} INFO - Filling up the DagBag from /home/airflow/.local/lib/python3.12/site-packages/airflow/example_dags/example_setup_teardown.py
[2025-02-13T00:25:53.319+0000] {processor.py:925} INFO - DAG(s) 'example_setup_teardown' retrieved from /home/airflow/.local/lib/python3.12/site-packages/airflow/example_dags/example_setup_teardown.py
[2025-02-13T00:25:53.343+0000] {logging_mixin.py:190} INFO - [2025-02-13T00:25:53.343+0000] {dag.py:3239} INFO - Sync 1 DAGs
[2025-02-13T00:25:53.368+0000] {logging_mixin.py:190} INFO - [2025-02-13T00:25:53.368+0000] {dag.py:4180} INFO - Setting next_dagrun for example_setup_teardown to None, run_after=None
[2025-02-13T00:25:53.396+0000] {processor.py:208} INFO - Processing /home/airflow/.local/lib/python3.12/site-packages/airflow/example_dags/example_setup_teardown.py took 0.101 seconds
[2025-02-13T00:26:23.655+0000] {processor.py:186} INFO - Started process (PID=2462) to work on /home/airflow/.local/lib/python3.12/site-packages/airflow/example_dags/example_setup_teardown.py
[2025-02-13T00:26:23.659+0000] {processor.py:914} INFO - Processing file /home/airflow/.local/lib/python3.12/site-packages/airflow/example_dags/example_setup_teardown.py for tasks to queue
[2025-02-13T00:26:23.663+0000] {logging_mixin.py:190} INFO - [2025-02-13T00:26:23.663+0000] {dagbag.py:588} INFO - Filling up the DagBag from /home/airflow/.local/lib/python3.12/site-packages/airflow/example_dags/example_setup_teardown.py
[2025-02-13T00:26:23.682+0000] {processor.py:925} INFO - DAG(s) 'example_setup_teardown' retrieved from /home/airflow/.local/lib/python3.12/site-packages/airflow/example_dags/example_setup_teardown.py
[2025-02-13T00:26:23.737+0000] {logging_mixin.py:190} INFO - [2025-02-13T00:26:23.736+0000] {dag.py:3239} INFO - Sync 1 DAGs
[2025-02-13T00:26:23.770+0000] {logging_mixin.py:190} INFO - [2025-02-13T00:26:23.770+0000] {dag.py:4180} INFO - Setting next_dagrun for example_setup_teardown to None, run_after=None
[2025-02-13T00:26:23.860+0000] {processor.py:208} INFO - Processing /home/airflow/.local/lib/python3.12/site-packages/airflow/example_dags/example_setup_teardown.py took 0.215 seconds
[2025-02-13T00:26:55.323+0000] {processor.py:186} INFO - Started process (PID=2527) to work on /home/airflow/.local/lib/python3.12/site-packages/airflow/example_dags/example_setup_teardown.py
[2025-02-13T00:26:55.324+0000] {processor.py:914} INFO - Processing file /home/airflow/.local/lib/python3.12/site-packages/airflow/example_dags/example_setup_teardown.py for tasks to queue
[2025-02-13T00:26:55.328+0000] {logging_mixin.py:190} INFO - [2025-02-13T00:26:55.327+0000] {dagbag.py:588} INFO - Filling up the DagBag from /home/airflow/.local/lib/python3.12/site-packages/airflow/example_dags/example_setup_teardown.py
[2025-02-13T00:26:55.355+0000] {processor.py:925} INFO - DAG(s) 'example_setup_teardown' retrieved from /home/airflow/.local/lib/python3.12/site-packages/airflow/example_dags/example_setup_teardown.py
[2025-02-13T00:26:55.396+0000] {logging_mixin.py:190} INFO - [2025-02-13T00:26:55.396+0000] {dag.py:3239} INFO - Sync 1 DAGs
[2025-02-13T00:26:55.443+0000] {logging_mixin.py:190} INFO - [2025-02-13T00:26:55.442+0000] {dag.py:4180} INFO - Setting next_dagrun for example_setup_teardown to None, run_after=None
[2025-02-13T00:26:55.488+0000] {processor.py:208} INFO - Processing /home/airflow/.local/lib/python3.12/site-packages/airflow/example_dags/example_setup_teardown.py took 0.179 seconds
[2025-02-13T00:27:25.566+0000] {processor.py:186} INFO - Started process (PID=2592) to work on /home/airflow/.local/lib/python3.12/site-packages/airflow/example_dags/example_setup_teardown.py
[2025-02-13T00:27:25.572+0000] {processor.py:914} INFO - Processing file /home/airflow/.local/lib/python3.12/site-packages/airflow/example_dags/example_setup_teardown.py for tasks to queue
[2025-02-13T00:27:25.575+0000] {logging_mixin.py:190} INFO - [2025-02-13T00:27:25.575+0000] {dagbag.py:588} INFO - Filling up the DagBag from /home/airflow/.local/lib/python3.12/site-packages/airflow/example_dags/example_setup_teardown.py
[2025-02-13T00:27:25.592+0000] {processor.py:925} INFO - DAG(s) 'example_setup_teardown' retrieved from /home/airflow/.local/lib/python3.12/site-packages/airflow/example_dags/example_setup_teardown.py
[2025-02-13T00:27:25.626+0000] {logging_mixin.py:190} INFO - [2025-02-13T00:27:25.625+0000] {dag.py:3239} INFO - Sync 1 DAGs
[2025-02-13T00:27:25.662+0000] {logging_mixin.py:190} INFO - [2025-02-13T00:27:25.662+0000] {dag.py:4180} INFO - Setting next_dagrun for example_setup_teardown to None, run_after=None
[2025-02-13T00:27:25.722+0000] {processor.py:208} INFO - Processing /home/airflow/.local/lib/python3.12/site-packages/airflow/example_dags/example_setup_teardown.py took 0.167 seconds
[2025-02-13T00:29:16.334+0000] {processor.py:186} INFO - Started process (PID=75) to work on /home/airflow/.local/lib/python3.12/site-packages/airflow/example_dags/example_setup_teardown.py
[2025-02-13T00:29:16.335+0000] {processor.py:914} INFO - Processing file /home/airflow/.local/lib/python3.12/site-packages/airflow/example_dags/example_setup_teardown.py for tasks to queue
[2025-02-13T00:29:16.338+0000] {logging_mixin.py:190} INFO - [2025-02-13T00:29:16.338+0000] {dagbag.py:588} INFO - Filling up the DagBag from /home/airflow/.local/lib/python3.12/site-packages/airflow/example_dags/example_setup_teardown.py
[2025-02-13T00:29:16.368+0000] {processor.py:925} INFO - DAG(s) 'example_setup_teardown' retrieved from /home/airflow/.local/lib/python3.12/site-packages/airflow/example_dags/example_setup_teardown.py
[2025-02-13T00:29:16.399+0000] {logging_mixin.py:190} INFO - [2025-02-13T00:29:16.398+0000] {dag.py:3239} INFO - Sync 1 DAGs
[2025-02-13T00:29:16.422+0000] {logging_mixin.py:190} INFO - [2025-02-13T00:29:16.422+0000] {dag.py:4180} INFO - Setting next_dagrun for example_setup_teardown to None, run_after=None
[2025-02-13T00:29:16.470+0000] {processor.py:208} INFO - Processing /home/airflow/.local/lib/python3.12/site-packages/airflow/example_dags/example_setup_teardown.py took 0.145 seconds
[2025-02-13T00:29:47.575+0000] {processor.py:186} INFO - Started process (PID=141) to work on /home/airflow/.local/lib/python3.12/site-packages/airflow/example_dags/example_setup_teardown.py
[2025-02-13T00:29:47.576+0000] {processor.py:914} INFO - Processing file /home/airflow/.local/lib/python3.12/site-packages/airflow/example_dags/example_setup_teardown.py for tasks to queue
[2025-02-13T00:29:47.580+0000] {logging_mixin.py:190} INFO - [2025-02-13T00:29:47.580+0000] {dagbag.py:588} INFO - Filling up the DagBag from /home/airflow/.local/lib/python3.12/site-packages/airflow/example_dags/example_setup_teardown.py
[2025-02-13T00:29:47.592+0000] {processor.py:925} INFO - DAG(s) 'example_setup_teardown' retrieved from /home/airflow/.local/lib/python3.12/site-packages/airflow/example_dags/example_setup_teardown.py
[2025-02-13T00:29:47.618+0000] {logging_mixin.py:190} INFO - [2025-02-13T00:29:47.618+0000] {dag.py:3239} INFO - Sync 1 DAGs
[2025-02-13T00:29:47.638+0000] {logging_mixin.py:190} INFO - [2025-02-13T00:29:47.638+0000] {dag.py:4180} INFO - Setting next_dagrun for example_setup_teardown to None, run_after=None
[2025-02-13T00:29:47.731+0000] {processor.py:208} INFO - Processing /home/airflow/.local/lib/python3.12/site-packages/airflow/example_dags/example_setup_teardown.py took 0.163 seconds
[2025-02-13T00:30:18.404+0000] {processor.py:186} INFO - Started process (PID=207) to work on /home/airflow/.local/lib/python3.12/site-packages/airflow/example_dags/example_setup_teardown.py
[2025-02-13T00:30:18.405+0000] {processor.py:914} INFO - Processing file /home/airflow/.local/lib/python3.12/site-packages/airflow/example_dags/example_setup_teardown.py for tasks to queue
[2025-02-13T00:30:18.408+0000] {logging_mixin.py:190} INFO - [2025-02-13T00:30:18.407+0000] {dagbag.py:588} INFO - Filling up the DagBag from /home/airflow/.local/lib/python3.12/site-packages/airflow/example_dags/example_setup_teardown.py
[2025-02-13T00:30:18.417+0000] {processor.py:925} INFO - DAG(s) 'example_setup_teardown' retrieved from /home/airflow/.local/lib/python3.12/site-packages/airflow/example_dags/example_setup_teardown.py
[2025-02-13T00:30:18.450+0000] {logging_mixin.py:190} INFO - [2025-02-13T00:30:18.450+0000] {dag.py:3239} INFO - Sync 1 DAGs
[2025-02-13T00:30:18.466+0000] {logging_mixin.py:190} INFO - [2025-02-13T00:30:18.466+0000] {dag.py:4180} INFO - Setting next_dagrun for example_setup_teardown to None, run_after=None
[2025-02-13T00:30:18.489+0000] {processor.py:208} INFO - Processing /home/airflow/.local/lib/python3.12/site-packages/airflow/example_dags/example_setup_teardown.py took 0.091 seconds
[2025-02-13T00:30:52.205+0000] {processor.py:186} INFO - Started process (PID=273) to work on /home/airflow/.local/lib/python3.12/site-packages/airflow/example_dags/example_setup_teardown.py
[2025-02-13T00:30:52.207+0000] {processor.py:914} INFO - Processing file /home/airflow/.local/lib/python3.12/site-packages/airflow/example_dags/example_setup_teardown.py for tasks to queue
[2025-02-13T00:30:52.217+0000] {logging_mixin.py:190} INFO - [2025-02-13T00:30:52.216+0000] {dagbag.py:588} INFO - Filling up the DagBag from /home/airflow/.local/lib/python3.12/site-packages/airflow/example_dags/example_setup_teardown.py
[2025-02-13T00:30:52.232+0000] {processor.py:925} INFO - DAG(s) 'example_setup_teardown' retrieved from /home/airflow/.local/lib/python3.12/site-packages/airflow/example_dags/example_setup_teardown.py
[2025-02-13T00:30:52.254+0000] {logging_mixin.py:190} INFO - [2025-02-13T00:30:52.253+0000] {dag.py:3239} INFO - Sync 1 DAGs
[2025-02-13T00:30:52.268+0000] {logging_mixin.py:190} INFO - [2025-02-13T00:30:52.268+0000] {dag.py:4180} INFO - Setting next_dagrun for example_setup_teardown to None, run_after=None
[2025-02-13T00:30:52.286+0000] {processor.py:208} INFO - Processing /home/airflow/.local/lib/python3.12/site-packages/airflow/example_dags/example_setup_teardown.py took 0.101 seconds
[2025-02-13T00:31:22.947+0000] {processor.py:186} INFO - Started process (PID=339) to work on /home/airflow/.local/lib/python3.12/site-packages/airflow/example_dags/example_setup_teardown.py
[2025-02-13T00:31:22.949+0000] {processor.py:914} INFO - Processing file /home/airflow/.local/lib/python3.12/site-packages/airflow/example_dags/example_setup_teardown.py for tasks to queue
[2025-02-13T00:31:22.951+0000] {logging_mixin.py:190} INFO - [2025-02-13T00:31:22.950+0000] {dagbag.py:588} INFO - Filling up the DagBag from /home/airflow/.local/lib/python3.12/site-packages/airflow/example_dags/example_setup_teardown.py
[2025-02-13T00:31:22.959+0000] {processor.py:925} INFO - DAG(s) 'example_setup_teardown' retrieved from /home/airflow/.local/lib/python3.12/site-packages/airflow/example_dags/example_setup_teardown.py
[2025-02-13T00:31:22.987+0000] {logging_mixin.py:190} INFO - [2025-02-13T00:31:22.986+0000] {dag.py:3239} INFO - Sync 1 DAGs
[2025-02-13T00:31:23.007+0000] {logging_mixin.py:190} INFO - [2025-02-13T00:31:23.007+0000] {dag.py:4180} INFO - Setting next_dagrun for example_setup_teardown to None, run_after=None
[2025-02-13T00:31:23.032+0000] {processor.py:208} INFO - Processing /home/airflow/.local/lib/python3.12/site-packages/airflow/example_dags/example_setup_teardown.py took 0.094 seconds
[2025-02-13T00:31:53.320+0000] {processor.py:186} INFO - Started process (PID=406) to work on /home/airflow/.local/lib/python3.12/site-packages/airflow/example_dags/example_setup_teardown.py
[2025-02-13T00:31:53.321+0000] {processor.py:914} INFO - Processing file /home/airflow/.local/lib/python3.12/site-packages/airflow/example_dags/example_setup_teardown.py for tasks to queue
[2025-02-13T00:31:53.324+0000] {logging_mixin.py:190} INFO - [2025-02-13T00:31:53.324+0000] {dagbag.py:588} INFO - Filling up the DagBag from /home/airflow/.local/lib/python3.12/site-packages/airflow/example_dags/example_setup_teardown.py
[2025-02-13T00:31:53.337+0000] {processor.py:925} INFO - DAG(s) 'example_setup_teardown' retrieved from /home/airflow/.local/lib/python3.12/site-packages/airflow/example_dags/example_setup_teardown.py
[2025-02-13T00:31:53.358+0000] {logging_mixin.py:190} INFO - [2025-02-13T00:31:53.358+0000] {dag.py:3239} INFO - Sync 1 DAGs
[2025-02-13T00:31:53.380+0000] {logging_mixin.py:190} INFO - [2025-02-13T00:31:53.380+0000] {dag.py:4180} INFO - Setting next_dagrun for example_setup_teardown to None, run_after=None
[2025-02-13T00:31:53.404+0000] {processor.py:208} INFO - Processing /home/airflow/.local/lib/python3.12/site-packages/airflow/example_dags/example_setup_teardown.py took 0.090 seconds
[2025-02-13T00:32:24.728+0000] {processor.py:186} INFO - Started process (PID=472) to work on /home/airflow/.local/lib/python3.12/site-packages/airflow/example_dags/example_setup_teardown.py
[2025-02-13T00:32:24.730+0000] {processor.py:914} INFO - Processing file /home/airflow/.local/lib/python3.12/site-packages/airflow/example_dags/example_setup_teardown.py for tasks to queue
[2025-02-13T00:32:24.732+0000] {logging_mixin.py:190} INFO - [2025-02-13T00:32:24.732+0000] {dagbag.py:588} INFO - Filling up the DagBag from /home/airflow/.local/lib/python3.12/site-packages/airflow/example_dags/example_setup_teardown.py
[2025-02-13T00:32:24.742+0000] {processor.py:925} INFO - DAG(s) 'example_setup_teardown' retrieved from /home/airflow/.local/lib/python3.12/site-packages/airflow/example_dags/example_setup_teardown.py
[2025-02-13T00:32:24.765+0000] {logging_mixin.py:190} INFO - [2025-02-13T00:32:24.764+0000] {dag.py:3239} INFO - Sync 1 DAGs
[2025-02-13T00:32:24.780+0000] {logging_mixin.py:190} INFO - [2025-02-13T00:32:24.780+0000] {dag.py:4180} INFO - Setting next_dagrun for example_setup_teardown to None, run_after=None
[2025-02-13T00:32:24.800+0000] {processor.py:208} INFO - Processing /home/airflow/.local/lib/python3.12/site-packages/airflow/example_dags/example_setup_teardown.py took 0.080 seconds
[2025-02-13T00:32:56.398+0000] {processor.py:186} INFO - Started process (PID=539) to work on /home/airflow/.local/lib/python3.12/site-packages/airflow/example_dags/example_setup_teardown.py
[2025-02-13T00:32:56.399+0000] {processor.py:914} INFO - Processing file /home/airflow/.local/lib/python3.12/site-packages/airflow/example_dags/example_setup_teardown.py for tasks to queue
[2025-02-13T00:32:56.401+0000] {logging_mixin.py:190} INFO - [2025-02-13T00:32:56.401+0000] {dagbag.py:588} INFO - Filling up the DagBag from /home/airflow/.local/lib/python3.12/site-packages/airflow/example_dags/example_setup_teardown.py
[2025-02-13T00:32:56.410+0000] {processor.py:925} INFO - DAG(s) 'example_setup_teardown' retrieved from /home/airflow/.local/lib/python3.12/site-packages/airflow/example_dags/example_setup_teardown.py
[2025-02-13T00:32:56.429+0000] {logging_mixin.py:190} INFO - [2025-02-13T00:32:56.428+0000] {dag.py:3239} INFO - Sync 1 DAGs
[2025-02-13T00:32:56.443+0000] {logging_mixin.py:190} INFO - [2025-02-13T00:32:56.443+0000] {dag.py:4180} INFO - Setting next_dagrun for example_setup_teardown to None, run_after=None
[2025-02-13T00:32:56.464+0000] {processor.py:208} INFO - Processing /home/airflow/.local/lib/python3.12/site-packages/airflow/example_dags/example_setup_teardown.py took 0.073 seconds
[2025-02-13T00:33:27.523+0000] {processor.py:186} INFO - Started process (PID=605) to work on /home/airflow/.local/lib/python3.12/site-packages/airflow/example_dags/example_setup_teardown.py
[2025-02-13T00:33:27.524+0000] {processor.py:914} INFO - Processing file /home/airflow/.local/lib/python3.12/site-packages/airflow/example_dags/example_setup_teardown.py for tasks to queue
[2025-02-13T00:33:27.528+0000] {logging_mixin.py:190} INFO - [2025-02-13T00:33:27.527+0000] {dagbag.py:588} INFO - Filling up the DagBag from /home/airflow/.local/lib/python3.12/site-packages/airflow/example_dags/example_setup_teardown.py
[2025-02-13T00:33:27.537+0000] {processor.py:925} INFO - DAG(s) 'example_setup_teardown' retrieved from /home/airflow/.local/lib/python3.12/site-packages/airflow/example_dags/example_setup_teardown.py
[2025-02-13T00:33:27.561+0000] {logging_mixin.py:190} INFO - [2025-02-13T00:33:27.561+0000] {dag.py:3239} INFO - Sync 1 DAGs
[2025-02-13T00:33:27.583+0000] {logging_mixin.py:190} INFO - [2025-02-13T00:33:27.583+0000] {dag.py:4180} INFO - Setting next_dagrun for example_setup_teardown to None, run_after=None
[2025-02-13T00:33:27.608+0000] {processor.py:208} INFO - Processing /home/airflow/.local/lib/python3.12/site-packages/airflow/example_dags/example_setup_teardown.py took 0.092 seconds
[2025-02-13T00:33:59.438+0000] {processor.py:186} INFO - Started process (PID=671) to work on /home/airflow/.local/lib/python3.12/site-packages/airflow/example_dags/example_setup_teardown.py
[2025-02-13T00:33:59.439+0000] {processor.py:914} INFO - Processing file /home/airflow/.local/lib/python3.12/site-packages/airflow/example_dags/example_setup_teardown.py for tasks to queue
[2025-02-13T00:33:59.443+0000] {logging_mixin.py:190} INFO - [2025-02-13T00:33:59.442+0000] {dagbag.py:588} INFO - Filling up the DagBag from /home/airflow/.local/lib/python3.12/site-packages/airflow/example_dags/example_setup_teardown.py
[2025-02-13T00:33:59.451+0000] {processor.py:925} INFO - DAG(s) 'example_setup_teardown' retrieved from /home/airflow/.local/lib/python3.12/site-packages/airflow/example_dags/example_setup_teardown.py
[2025-02-13T00:33:59.477+0000] {logging_mixin.py:190} INFO - [2025-02-13T00:33:59.477+0000] {dag.py:3239} INFO - Sync 1 DAGs
[2025-02-13T00:33:59.498+0000] {logging_mixin.py:190} INFO - [2025-02-13T00:33:59.498+0000] {dag.py:4180} INFO - Setting next_dagrun for example_setup_teardown to None, run_after=None
[2025-02-13T00:33:59.523+0000] {processor.py:208} INFO - Processing /home/airflow/.local/lib/python3.12/site-packages/airflow/example_dags/example_setup_teardown.py took 0.092 seconds
[2025-02-13T00:34:30.624+0000] {processor.py:186} INFO - Started process (PID=737) to work on /home/airflow/.local/lib/python3.12/site-packages/airflow/example_dags/example_setup_teardown.py
[2025-02-13T00:34:30.625+0000] {processor.py:914} INFO - Processing file /home/airflow/.local/lib/python3.12/site-packages/airflow/example_dags/example_setup_teardown.py for tasks to queue
[2025-02-13T00:34:30.628+0000] {logging_mixin.py:190} INFO - [2025-02-13T00:34:30.628+0000] {dagbag.py:588} INFO - Filling up the DagBag from /home/airflow/.local/lib/python3.12/site-packages/airflow/example_dags/example_setup_teardown.py
[2025-02-13T00:34:30.638+0000] {processor.py:925} INFO - DAG(s) 'example_setup_teardown' retrieved from /home/airflow/.local/lib/python3.12/site-packages/airflow/example_dags/example_setup_teardown.py
[2025-02-13T00:34:30.662+0000] {logging_mixin.py:190} INFO - [2025-02-13T00:34:30.662+0000] {dag.py:3239} INFO - Sync 1 DAGs
[2025-02-13T00:34:30.685+0000] {logging_mixin.py:190} INFO - [2025-02-13T00:34:30.684+0000] {dag.py:4180} INFO - Setting next_dagrun for example_setup_teardown to None, run_after=None
[2025-02-13T00:34:30.710+0000] {processor.py:208} INFO - Processing /home/airflow/.local/lib/python3.12/site-packages/airflow/example_dags/example_setup_teardown.py took 0.094 seconds
[2025-02-13T00:37:47.811+0000] {processor.py:186} INFO - Started process (PID=77) to work on /home/airflow/.local/lib/python3.12/site-packages/airflow/example_dags/example_setup_teardown.py
[2025-02-13T00:37:47.812+0000] {processor.py:914} INFO - Processing file /home/airflow/.local/lib/python3.12/site-packages/airflow/example_dags/example_setup_teardown.py for tasks to queue
[2025-02-13T00:37:47.815+0000] {logging_mixin.py:190} INFO - [2025-02-13T00:37:47.815+0000] {dagbag.py:588} INFO - Filling up the DagBag from /home/airflow/.local/lib/python3.12/site-packages/airflow/example_dags/example_setup_teardown.py
[2025-02-13T00:37:47.830+0000] {processor.py:925} INFO - DAG(s) 'example_setup_teardown' retrieved from /home/airflow/.local/lib/python3.12/site-packages/airflow/example_dags/example_setup_teardown.py
[2025-02-13T00:37:47.860+0000] {logging_mixin.py:190} INFO - [2025-02-13T00:37:47.859+0000] {dag.py:3239} INFO - Sync 1 DAGs
[2025-02-13T00:37:47.884+0000] {logging_mixin.py:190} INFO - [2025-02-13T00:37:47.884+0000] {dag.py:4180} INFO - Setting next_dagrun for example_setup_teardown to None, run_after=None
[2025-02-13T00:37:47.912+0000] {processor.py:208} INFO - Processing /home/airflow/.local/lib/python3.12/site-packages/airflow/example_dags/example_setup_teardown.py took 0.110 seconds
[2025-02-13T00:38:20.116+0000] {processor.py:186} INFO - Started process (PID=144) to work on /home/airflow/.local/lib/python3.12/site-packages/airflow/example_dags/example_setup_teardown.py
[2025-02-13T00:38:20.118+0000] {processor.py:914} INFO - Processing file /home/airflow/.local/lib/python3.12/site-packages/airflow/example_dags/example_setup_teardown.py for tasks to queue
[2025-02-13T00:38:20.121+0000] {logging_mixin.py:190} INFO - [2025-02-13T00:38:20.120+0000] {dagbag.py:588} INFO - Filling up the DagBag from /home/airflow/.local/lib/python3.12/site-packages/airflow/example_dags/example_setup_teardown.py
[2025-02-13T00:38:20.130+0000] {processor.py:925} INFO - DAG(s) 'example_setup_teardown' retrieved from /home/airflow/.local/lib/python3.12/site-packages/airflow/example_dags/example_setup_teardown.py
[2025-02-13T00:38:20.155+0000] {logging_mixin.py:190} INFO - [2025-02-13T00:38:20.155+0000] {dag.py:3239} INFO - Sync 1 DAGs
[2025-02-13T00:38:20.176+0000] {logging_mixin.py:190} INFO - [2025-02-13T00:38:20.175+0000] {dag.py:4180} INFO - Setting next_dagrun for example_setup_teardown to None, run_after=None
[2025-02-13T00:38:20.202+0000] {processor.py:208} INFO - Processing /home/airflow/.local/lib/python3.12/site-packages/airflow/example_dags/example_setup_teardown.py took 0.093 seconds
[2025-02-13T00:38:52.116+0000] {processor.py:186} INFO - Started process (PID=210) to work on /home/airflow/.local/lib/python3.12/site-packages/airflow/example_dags/example_setup_teardown.py
[2025-02-13T00:38:52.118+0000] {processor.py:914} INFO - Processing file /home/airflow/.local/lib/python3.12/site-packages/airflow/example_dags/example_setup_teardown.py for tasks to queue
[2025-02-13T00:38:52.121+0000] {logging_mixin.py:190} INFO - [2025-02-13T00:38:52.120+0000] {dagbag.py:588} INFO - Filling up the DagBag from /home/airflow/.local/lib/python3.12/site-packages/airflow/example_dags/example_setup_teardown.py
[2025-02-13T00:38:52.136+0000] {processor.py:925} INFO - DAG(s) 'example_setup_teardown' retrieved from /home/airflow/.local/lib/python3.12/site-packages/airflow/example_dags/example_setup_teardown.py
[2025-02-13T00:38:52.182+0000] {logging_mixin.py:190} INFO - [2025-02-13T00:38:52.181+0000] {dag.py:3239} INFO - Sync 1 DAGs
[2025-02-13T00:38:52.224+0000] {logging_mixin.py:190} INFO - [2025-02-13T00:38:52.224+0000] {dag.py:4180} INFO - Setting next_dagrun for example_setup_teardown to None, run_after=None
[2025-02-13T00:38:52.277+0000] {processor.py:208} INFO - Processing /home/airflow/.local/lib/python3.12/site-packages/airflow/example_dags/example_setup_teardown.py took 0.168 seconds
[2025-02-13T00:39:23.555+0000] {processor.py:186} INFO - Started process (PID=276) to work on /home/airflow/.local/lib/python3.12/site-packages/airflow/example_dags/example_setup_teardown.py
[2025-02-13T00:39:23.559+0000] {processor.py:914} INFO - Processing file /home/airflow/.local/lib/python3.12/site-packages/airflow/example_dags/example_setup_teardown.py for tasks to queue
[2025-02-13T00:39:23.564+0000] {logging_mixin.py:190} INFO - [2025-02-13T00:39:23.563+0000] {dagbag.py:588} INFO - Filling up the DagBag from /home/airflow/.local/lib/python3.12/site-packages/airflow/example_dags/example_setup_teardown.py
[2025-02-13T00:39:23.578+0000] {processor.py:925} INFO - DAG(s) 'example_setup_teardown' retrieved from /home/airflow/.local/lib/python3.12/site-packages/airflow/example_dags/example_setup_teardown.py
[2025-02-13T00:39:23.608+0000] {logging_mixin.py:190} INFO - [2025-02-13T00:39:23.608+0000] {dag.py:3239} INFO - Sync 1 DAGs
[2025-02-13T00:39:23.627+0000] {logging_mixin.py:190} INFO - [2025-02-13T00:39:23.627+0000] {dag.py:4180} INFO - Setting next_dagrun for example_setup_teardown to None, run_after=None
[2025-02-13T00:39:23.659+0000] {processor.py:208} INFO - Processing /home/airflow/.local/lib/python3.12/site-packages/airflow/example_dags/example_setup_teardown.py took 0.110 seconds
[2025-02-13T00:39:55.070+0000] {processor.py:186} INFO - Started process (PID=342) to work on /home/airflow/.local/lib/python3.12/site-packages/airflow/example_dags/example_setup_teardown.py
[2025-02-13T00:39:55.073+0000] {processor.py:914} INFO - Processing file /home/airflow/.local/lib/python3.12/site-packages/airflow/example_dags/example_setup_teardown.py for tasks to queue
[2025-02-13T00:39:55.076+0000] {logging_mixin.py:190} INFO - [2025-02-13T00:39:55.076+0000] {dagbag.py:588} INFO - Filling up the DagBag from /home/airflow/.local/lib/python3.12/site-packages/airflow/example_dags/example_setup_teardown.py
[2025-02-13T00:39:55.090+0000] {processor.py:925} INFO - DAG(s) 'example_setup_teardown' retrieved from /home/airflow/.local/lib/python3.12/site-packages/airflow/example_dags/example_setup_teardown.py
[2025-02-13T00:39:55.124+0000] {logging_mixin.py:190} INFO - [2025-02-13T00:39:55.124+0000] {dag.py:3239} INFO - Sync 1 DAGs
[2025-02-13T00:39:55.146+0000] {logging_mixin.py:190} INFO - [2025-02-13T00:39:55.146+0000] {dag.py:4180} INFO - Setting next_dagrun for example_setup_teardown to None, run_after=None
[2025-02-13T00:39:55.176+0000] {processor.py:208} INFO - Processing /home/airflow/.local/lib/python3.12/site-packages/airflow/example_dags/example_setup_teardown.py took 0.117 seconds
[2025-02-13T00:40:26.371+0000] {processor.py:186} INFO - Started process (PID=409) to work on /home/airflow/.local/lib/python3.12/site-packages/airflow/example_dags/example_setup_teardown.py
[2025-02-13T00:40:26.372+0000] {processor.py:914} INFO - Processing file /home/airflow/.local/lib/python3.12/site-packages/airflow/example_dags/example_setup_teardown.py for tasks to queue
[2025-02-13T00:40:26.375+0000] {logging_mixin.py:190} INFO - [2025-02-13T00:40:26.374+0000] {dagbag.py:588} INFO - Filling up the DagBag from /home/airflow/.local/lib/python3.12/site-packages/airflow/example_dags/example_setup_teardown.py
[2025-02-13T00:40:26.384+0000] {processor.py:925} INFO - DAG(s) 'example_setup_teardown' retrieved from /home/airflow/.local/lib/python3.12/site-packages/airflow/example_dags/example_setup_teardown.py
[2025-02-13T00:40:26.410+0000] {logging_mixin.py:190} INFO - [2025-02-13T00:40:26.409+0000] {dag.py:3239} INFO - Sync 1 DAGs
[2025-02-13T00:40:26.426+0000] {logging_mixin.py:190} INFO - [2025-02-13T00:40:26.426+0000] {dag.py:4180} INFO - Setting next_dagrun for example_setup_teardown to None, run_after=None
[2025-02-13T00:40:26.449+0000] {processor.py:208} INFO - Processing /home/airflow/.local/lib/python3.12/site-packages/airflow/example_dags/example_setup_teardown.py took 0.087 seconds
[2025-02-13T00:40:57.181+0000] {processor.py:186} INFO - Started process (PID=476) to work on /home/airflow/.local/lib/python3.12/site-packages/airflow/example_dags/example_setup_teardown.py
[2025-02-13T00:40:57.182+0000] {processor.py:914} INFO - Processing file /home/airflow/.local/lib/python3.12/site-packages/airflow/example_dags/example_setup_teardown.py for tasks to queue
[2025-02-13T00:40:57.185+0000] {logging_mixin.py:190} INFO - [2025-02-13T00:40:57.185+0000] {dagbag.py:588} INFO - Filling up the DagBag from /home/airflow/.local/lib/python3.12/site-packages/airflow/example_dags/example_setup_teardown.py
[2025-02-13T00:40:57.195+0000] {processor.py:925} INFO - DAG(s) 'example_setup_teardown' retrieved from /home/airflow/.local/lib/python3.12/site-packages/airflow/example_dags/example_setup_teardown.py
[2025-02-13T00:40:57.216+0000] {logging_mixin.py:190} INFO - [2025-02-13T00:40:57.216+0000] {dag.py:3239} INFO - Sync 1 DAGs
[2025-02-13T00:40:57.235+0000] {logging_mixin.py:190} INFO - [2025-02-13T00:40:57.235+0000] {dag.py:4180} INFO - Setting next_dagrun for example_setup_teardown to None, run_after=None
[2025-02-13T00:40:57.257+0000] {processor.py:208} INFO - Processing /home/airflow/.local/lib/python3.12/site-packages/airflow/example_dags/example_setup_teardown.py took 0.082 seconds
[2025-02-13T00:41:28.264+0000] {processor.py:186} INFO - Started process (PID=543) to work on /home/airflow/.local/lib/python3.12/site-packages/airflow/example_dags/example_setup_teardown.py
[2025-02-13T00:41:28.265+0000] {processor.py:914} INFO - Processing file /home/airflow/.local/lib/python3.12/site-packages/airflow/example_dags/example_setup_teardown.py for tasks to queue
[2025-02-13T00:41:28.267+0000] {logging_mixin.py:190} INFO - [2025-02-13T00:41:28.267+0000] {dagbag.py:588} INFO - Filling up the DagBag from /home/airflow/.local/lib/python3.12/site-packages/airflow/example_dags/example_setup_teardown.py
[2025-02-13T00:41:28.278+0000] {processor.py:925} INFO - DAG(s) 'example_setup_teardown' retrieved from /home/airflow/.local/lib/python3.12/site-packages/airflow/example_dags/example_setup_teardown.py
[2025-02-13T00:41:28.298+0000] {logging_mixin.py:190} INFO - [2025-02-13T00:41:28.297+0000] {dag.py:3239} INFO - Sync 1 DAGs
[2025-02-13T00:41:28.315+0000] {logging_mixin.py:190} INFO - [2025-02-13T00:41:28.315+0000] {dag.py:4180} INFO - Setting next_dagrun for example_setup_teardown to None, run_after=None
[2025-02-13T00:41:28.339+0000] {processor.py:208} INFO - Processing /home/airflow/.local/lib/python3.12/site-packages/airflow/example_dags/example_setup_teardown.py took 0.082 seconds
[2025-02-13T00:41:59.151+0000] {processor.py:186} INFO - Started process (PID=610) to work on /home/airflow/.local/lib/python3.12/site-packages/airflow/example_dags/example_setup_teardown.py
[2025-02-13T00:41:59.153+0000] {processor.py:914} INFO - Processing file /home/airflow/.local/lib/python3.12/site-packages/airflow/example_dags/example_setup_teardown.py for tasks to queue
[2025-02-13T00:41:59.156+0000] {logging_mixin.py:190} INFO - [2025-02-13T00:41:59.156+0000] {dagbag.py:588} INFO - Filling up the DagBag from /home/airflow/.local/lib/python3.12/site-packages/airflow/example_dags/example_setup_teardown.py
[2025-02-13T00:41:59.166+0000] {processor.py:925} INFO - DAG(s) 'example_setup_teardown' retrieved from /home/airflow/.local/lib/python3.12/site-packages/airflow/example_dags/example_setup_teardown.py
[2025-02-13T00:41:59.195+0000] {logging_mixin.py:190} INFO - [2025-02-13T00:41:59.195+0000] {dag.py:3239} INFO - Sync 1 DAGs
[2025-02-13T00:41:59.216+0000] {logging_mixin.py:190} INFO - [2025-02-13T00:41:59.215+0000] {dag.py:4180} INFO - Setting next_dagrun for example_setup_teardown to None, run_after=None
[2025-02-13T00:41:59.249+0000] {processor.py:208} INFO - Processing /home/airflow/.local/lib/python3.12/site-packages/airflow/example_dags/example_setup_teardown.py took 0.104 seconds
[2025-02-13T00:42:29.939+0000] {processor.py:186} INFO - Started process (PID=676) to work on /home/airflow/.local/lib/python3.12/site-packages/airflow/example_dags/example_setup_teardown.py
[2025-02-13T00:42:29.940+0000] {processor.py:914} INFO - Processing file /home/airflow/.local/lib/python3.12/site-packages/airflow/example_dags/example_setup_teardown.py for tasks to queue
[2025-02-13T00:42:29.942+0000] {logging_mixin.py:190} INFO - [2025-02-13T00:42:29.942+0000] {dagbag.py:588} INFO - Filling up the DagBag from /home/airflow/.local/lib/python3.12/site-packages/airflow/example_dags/example_setup_teardown.py
[2025-02-13T00:42:29.955+0000] {processor.py:925} INFO - DAG(s) 'example_setup_teardown' retrieved from /home/airflow/.local/lib/python3.12/site-packages/airflow/example_dags/example_setup_teardown.py
[2025-02-13T00:42:29.977+0000] {logging_mixin.py:190} INFO - [2025-02-13T00:42:29.976+0000] {dag.py:3239} INFO - Sync 1 DAGs
[2025-02-13T00:42:29.993+0000] {logging_mixin.py:190} INFO - [2025-02-13T00:42:29.993+0000] {dag.py:4180} INFO - Setting next_dagrun for example_setup_teardown to None, run_after=None
[2025-02-13T00:42:30.023+0000] {processor.py:208} INFO - Processing /home/airflow/.local/lib/python3.12/site-packages/airflow/example_dags/example_setup_teardown.py took 0.092 seconds
[2025-02-13T00:43:00.678+0000] {processor.py:186} INFO - Started process (PID=742) to work on /home/airflow/.local/lib/python3.12/site-packages/airflow/example_dags/example_setup_teardown.py
[2025-02-13T00:43:00.679+0000] {processor.py:914} INFO - Processing file /home/airflow/.local/lib/python3.12/site-packages/airflow/example_dags/example_setup_teardown.py for tasks to queue
[2025-02-13T00:43:00.681+0000] {logging_mixin.py:190} INFO - [2025-02-13T00:43:00.681+0000] {dagbag.py:588} INFO - Filling up the DagBag from /home/airflow/.local/lib/python3.12/site-packages/airflow/example_dags/example_setup_teardown.py
[2025-02-13T00:43:00.691+0000] {processor.py:925} INFO - DAG(s) 'example_setup_teardown' retrieved from /home/airflow/.local/lib/python3.12/site-packages/airflow/example_dags/example_setup_teardown.py
[2025-02-13T00:43:00.714+0000] {logging_mixin.py:190} INFO - [2025-02-13T00:43:00.713+0000] {dag.py:3239} INFO - Sync 1 DAGs
[2025-02-13T00:43:00.732+0000] {logging_mixin.py:190} INFO - [2025-02-13T00:43:00.732+0000] {dag.py:4180} INFO - Setting next_dagrun for example_setup_teardown to None, run_after=None
[2025-02-13T00:43:00.756+0000] {processor.py:208} INFO - Processing /home/airflow/.local/lib/python3.12/site-packages/airflow/example_dags/example_setup_teardown.py took 0.083 seconds
[2025-02-13T00:43:31.395+0000] {processor.py:186} INFO - Started process (PID=807) to work on /home/airflow/.local/lib/python3.12/site-packages/airflow/example_dags/example_setup_teardown.py
[2025-02-13T00:43:31.396+0000] {processor.py:914} INFO - Processing file /home/airflow/.local/lib/python3.12/site-packages/airflow/example_dags/example_setup_teardown.py for tasks to queue
[2025-02-13T00:43:31.398+0000] {logging_mixin.py:190} INFO - [2025-02-13T00:43:31.398+0000] {dagbag.py:588} INFO - Filling up the DagBag from /home/airflow/.local/lib/python3.12/site-packages/airflow/example_dags/example_setup_teardown.py
[2025-02-13T00:43:31.409+0000] {processor.py:925} INFO - DAG(s) 'example_setup_teardown' retrieved from /home/airflow/.local/lib/python3.12/site-packages/airflow/example_dags/example_setup_teardown.py
[2025-02-13T00:43:31.430+0000] {logging_mixin.py:190} INFO - [2025-02-13T00:43:31.430+0000] {dag.py:3239} INFO - Sync 1 DAGs
[2025-02-13T00:43:31.448+0000] {logging_mixin.py:190} INFO - [2025-02-13T00:43:31.448+0000] {dag.py:4180} INFO - Setting next_dagrun for example_setup_teardown to None, run_after=None
[2025-02-13T00:43:31.471+0000] {processor.py:208} INFO - Processing /home/airflow/.local/lib/python3.12/site-packages/airflow/example_dags/example_setup_teardown.py took 0.083 seconds
[2025-02-13T00:44:02.851+0000] {processor.py:186} INFO - Started process (PID=873) to work on /home/airflow/.local/lib/python3.12/site-packages/airflow/example_dags/example_setup_teardown.py
[2025-02-13T00:44:02.853+0000] {processor.py:914} INFO - Processing file /home/airflow/.local/lib/python3.12/site-packages/airflow/example_dags/example_setup_teardown.py for tasks to queue
[2025-02-13T00:44:02.856+0000] {logging_mixin.py:190} INFO - [2025-02-13T00:44:02.856+0000] {dagbag.py:588} INFO - Filling up the DagBag from /home/airflow/.local/lib/python3.12/site-packages/airflow/example_dags/example_setup_teardown.py
[2025-02-13T00:44:02.874+0000] {processor.py:925} INFO - DAG(s) 'example_setup_teardown' retrieved from /home/airflow/.local/lib/python3.12/site-packages/airflow/example_dags/example_setup_teardown.py
[2025-02-13T00:44:02.926+0000] {logging_mixin.py:190} INFO - [2025-02-13T00:44:02.926+0000] {dag.py:3239} INFO - Sync 1 DAGs
[2025-02-13T00:44:02.976+0000] {logging_mixin.py:190} INFO - [2025-02-13T00:44:02.976+0000] {dag.py:4180} INFO - Setting next_dagrun for example_setup_teardown to None, run_after=None
[2025-02-13T00:44:03.019+0000] {processor.py:208} INFO - Processing /home/airflow/.local/lib/python3.12/site-packages/airflow/example_dags/example_setup_teardown.py took 0.179 seconds
[2025-02-13T00:44:33.082+0000] {processor.py:186} INFO - Started process (PID=939) to work on /home/airflow/.local/lib/python3.12/site-packages/airflow/example_dags/example_setup_teardown.py
[2025-02-13T00:44:33.092+0000] {processor.py:914} INFO - Processing file /home/airflow/.local/lib/python3.12/site-packages/airflow/example_dags/example_setup_teardown.py for tasks to queue
[2025-02-13T00:44:33.096+0000] {logging_mixin.py:190} INFO - [2025-02-13T00:44:33.095+0000] {dagbag.py:588} INFO - Filling up the DagBag from /home/airflow/.local/lib/python3.12/site-packages/airflow/example_dags/example_setup_teardown.py
[2025-02-13T00:44:33.108+0000] {processor.py:925} INFO - DAG(s) 'example_setup_teardown' retrieved from /home/airflow/.local/lib/python3.12/site-packages/airflow/example_dags/example_setup_teardown.py
[2025-02-13T00:44:33.137+0000] {logging_mixin.py:190} INFO - [2025-02-13T00:44:33.137+0000] {dag.py:3239} INFO - Sync 1 DAGs
[2025-02-13T00:44:33.175+0000] {logging_mixin.py:190} INFO - [2025-02-13T00:44:33.174+0000] {dag.py:4180} INFO - Setting next_dagrun for example_setup_teardown to None, run_after=None
[2025-02-13T00:44:33.212+0000] {processor.py:208} INFO - Processing /home/airflow/.local/lib/python3.12/site-packages/airflow/example_dags/example_setup_teardown.py took 0.138 seconds
[2025-02-13T00:45:03.356+0000] {processor.py:186} INFO - Started process (PID=1005) to work on /home/airflow/.local/lib/python3.12/site-packages/airflow/example_dags/example_setup_teardown.py
[2025-02-13T00:45:03.357+0000] {processor.py:914} INFO - Processing file /home/airflow/.local/lib/python3.12/site-packages/airflow/example_dags/example_setup_teardown.py for tasks to queue
[2025-02-13T00:45:03.359+0000] {logging_mixin.py:190} INFO - [2025-02-13T00:45:03.359+0000] {dagbag.py:588} INFO - Filling up the DagBag from /home/airflow/.local/lib/python3.12/site-packages/airflow/example_dags/example_setup_teardown.py
[2025-02-13T00:45:03.372+0000] {processor.py:925} INFO - DAG(s) 'example_setup_teardown' retrieved from /home/airflow/.local/lib/python3.12/site-packages/airflow/example_dags/example_setup_teardown.py
[2025-02-13T00:45:03.402+0000] {logging_mixin.py:190} INFO - [2025-02-13T00:45:03.402+0000] {dag.py:3239} INFO - Sync 1 DAGs
[2025-02-13T00:45:03.424+0000] {logging_mixin.py:190} INFO - [2025-02-13T00:45:03.423+0000] {dag.py:4180} INFO - Setting next_dagrun for example_setup_teardown to None, run_after=None
[2025-02-13T00:45:03.461+0000] {processor.py:208} INFO - Processing /home/airflow/.local/lib/python3.12/site-packages/airflow/example_dags/example_setup_teardown.py took 0.114 seconds
[2025-02-13T00:45:33.566+0000] {processor.py:186} INFO - Started process (PID=1071) to work on /home/airflow/.local/lib/python3.12/site-packages/airflow/example_dags/example_setup_teardown.py
[2025-02-13T00:45:33.567+0000] {processor.py:914} INFO - Processing file /home/airflow/.local/lib/python3.12/site-packages/airflow/example_dags/example_setup_teardown.py for tasks to queue
[2025-02-13T00:45:33.570+0000] {logging_mixin.py:190} INFO - [2025-02-13T00:45:33.570+0000] {dagbag.py:588} INFO - Filling up the DagBag from /home/airflow/.local/lib/python3.12/site-packages/airflow/example_dags/example_setup_teardown.py
[2025-02-13T00:45:33.578+0000] {processor.py:925} INFO - DAG(s) 'example_setup_teardown' retrieved from /home/airflow/.local/lib/python3.12/site-packages/airflow/example_dags/example_setup_teardown.py
[2025-02-13T00:45:33.605+0000] {logging_mixin.py:190} INFO - [2025-02-13T00:45:33.604+0000] {dag.py:3239} INFO - Sync 1 DAGs
[2025-02-13T00:45:33.622+0000] {logging_mixin.py:190} INFO - [2025-02-13T00:45:33.622+0000] {dag.py:4180} INFO - Setting next_dagrun for example_setup_teardown to None, run_after=None
[2025-02-13T00:45:33.644+0000] {processor.py:208} INFO - Processing /home/airflow/.local/lib/python3.12/site-packages/airflow/example_dags/example_setup_teardown.py took 0.086 seconds
[2025-02-13T00:46:04.240+0000] {processor.py:186} INFO - Started process (PID=1137) to work on /home/airflow/.local/lib/python3.12/site-packages/airflow/example_dags/example_setup_teardown.py
[2025-02-13T00:46:04.241+0000] {processor.py:914} INFO - Processing file /home/airflow/.local/lib/python3.12/site-packages/airflow/example_dags/example_setup_teardown.py for tasks to queue
[2025-02-13T00:46:04.243+0000] {logging_mixin.py:190} INFO - [2025-02-13T00:46:04.243+0000] {dagbag.py:588} INFO - Filling up the DagBag from /home/airflow/.local/lib/python3.12/site-packages/airflow/example_dags/example_setup_teardown.py
[2025-02-13T00:46:04.254+0000] {processor.py:925} INFO - DAG(s) 'example_setup_teardown' retrieved from /home/airflow/.local/lib/python3.12/site-packages/airflow/example_dags/example_setup_teardown.py
[2025-02-13T00:46:04.274+0000] {logging_mixin.py:190} INFO - [2025-02-13T00:46:04.274+0000] {dag.py:3239} INFO - Sync 1 DAGs
[2025-02-13T00:46:04.291+0000] {logging_mixin.py:190} INFO - [2025-02-13T00:46:04.291+0000] {dag.py:4180} INFO - Setting next_dagrun for example_setup_teardown to None, run_after=None
[2025-02-13T00:46:04.316+0000] {processor.py:208} INFO - Processing /home/airflow/.local/lib/python3.12/site-packages/airflow/example_dags/example_setup_teardown.py took 0.082 seconds
[2025-02-13T00:46:34.626+0000] {processor.py:186} INFO - Started process (PID=1204) to work on /home/airflow/.local/lib/python3.12/site-packages/airflow/example_dags/example_setup_teardown.py
[2025-02-13T00:46:34.628+0000] {processor.py:914} INFO - Processing file /home/airflow/.local/lib/python3.12/site-packages/airflow/example_dags/example_setup_teardown.py for tasks to queue
[2025-02-13T00:46:34.631+0000] {logging_mixin.py:190} INFO - [2025-02-13T00:46:34.630+0000] {dagbag.py:588} INFO - Filling up the DagBag from /home/airflow/.local/lib/python3.12/site-packages/airflow/example_dags/example_setup_teardown.py
[2025-02-13T00:46:34.642+0000] {processor.py:925} INFO - DAG(s) 'example_setup_teardown' retrieved from /home/airflow/.local/lib/python3.12/site-packages/airflow/example_dags/example_setup_teardown.py
[2025-02-13T00:46:34.667+0000] {logging_mixin.py:190} INFO - [2025-02-13T00:46:34.667+0000] {dag.py:3239} INFO - Sync 1 DAGs
[2025-02-13T00:46:34.682+0000] {logging_mixin.py:190} INFO - [2025-02-13T00:46:34.682+0000] {dag.py:4180} INFO - Setting next_dagrun for example_setup_teardown to None, run_after=None
[2025-02-13T00:46:34.704+0000] {processor.py:208} INFO - Processing /home/airflow/.local/lib/python3.12/site-packages/airflow/example_dags/example_setup_teardown.py took 0.084 seconds
[2025-02-13T00:47:05.364+0000] {processor.py:186} INFO - Started process (PID=1277) to work on /home/airflow/.local/lib/python3.12/site-packages/airflow/example_dags/example_setup_teardown.py
[2025-02-13T00:47:05.367+0000] {processor.py:914} INFO - Processing file /home/airflow/.local/lib/python3.12/site-packages/airflow/example_dags/example_setup_teardown.py for tasks to queue
[2025-02-13T00:47:05.371+0000] {logging_mixin.py:190} INFO - [2025-02-13T00:47:05.369+0000] {dagbag.py:588} INFO - Filling up the DagBag from /home/airflow/.local/lib/python3.12/site-packages/airflow/example_dags/example_setup_teardown.py
[2025-02-13T00:47:05.388+0000] {processor.py:925} INFO - DAG(s) 'example_setup_teardown' retrieved from /home/airflow/.local/lib/python3.12/site-packages/airflow/example_dags/example_setup_teardown.py
[2025-02-13T00:47:05.424+0000] {logging_mixin.py:190} INFO - [2025-02-13T00:47:05.424+0000] {dag.py:3239} INFO - Sync 1 DAGs
[2025-02-13T00:47:05.443+0000] {logging_mixin.py:190} INFO - [2025-02-13T00:47:05.442+0000] {dag.py:4180} INFO - Setting next_dagrun for example_setup_teardown to None, run_after=None
[2025-02-13T00:47:05.467+0000] {processor.py:208} INFO - Processing /home/airflow/.local/lib/python3.12/site-packages/airflow/example_dags/example_setup_teardown.py took 0.109 seconds
[2025-02-13T00:47:35.542+0000] {processor.py:186} INFO - Started process (PID=1341) to work on /home/airflow/.local/lib/python3.12/site-packages/airflow/example_dags/example_setup_teardown.py
[2025-02-13T00:47:35.543+0000] {processor.py:914} INFO - Processing file /home/airflow/.local/lib/python3.12/site-packages/airflow/example_dags/example_setup_teardown.py for tasks to queue
[2025-02-13T00:47:35.546+0000] {logging_mixin.py:190} INFO - [2025-02-13T00:47:35.546+0000] {dagbag.py:588} INFO - Filling up the DagBag from /home/airflow/.local/lib/python3.12/site-packages/airflow/example_dags/example_setup_teardown.py
[2025-02-13T00:47:35.558+0000] {processor.py:925} INFO - DAG(s) 'example_setup_teardown' retrieved from /home/airflow/.local/lib/python3.12/site-packages/airflow/example_dags/example_setup_teardown.py
[2025-02-13T00:47:35.579+0000] {logging_mixin.py:190} INFO - [2025-02-13T00:47:35.579+0000] {dag.py:3239} INFO - Sync 1 DAGs
[2025-02-13T00:47:35.598+0000] {logging_mixin.py:190} INFO - [2025-02-13T00:47:35.598+0000] {dag.py:4180} INFO - Setting next_dagrun for example_setup_teardown to None, run_after=None
[2025-02-13T00:47:35.654+0000] {processor.py:208} INFO - Processing /home/airflow/.local/lib/python3.12/site-packages/airflow/example_dags/example_setup_teardown.py took 0.119 seconds
[2025-02-13T00:49:25.643+0000] {processor.py:186} INFO - Started process (PID=78) to work on /home/airflow/.local/lib/python3.12/site-packages/airflow/example_dags/example_setup_teardown.py
[2025-02-13T00:49:25.648+0000] {processor.py:914} INFO - Processing file /home/airflow/.local/lib/python3.12/site-packages/airflow/example_dags/example_setup_teardown.py for tasks to queue
[2025-02-13T00:49:25.652+0000] {logging_mixin.py:190} INFO - [2025-02-13T00:49:25.651+0000] {dagbag.py:588} INFO - Filling up the DagBag from /home/airflow/.local/lib/python3.12/site-packages/airflow/example_dags/example_setup_teardown.py
[2025-02-13T00:49:25.672+0000] {processor.py:925} INFO - DAG(s) 'example_setup_teardown' retrieved from /home/airflow/.local/lib/python3.12/site-packages/airflow/example_dags/example_setup_teardown.py
[2025-02-13T00:49:25.749+0000] {logging_mixin.py:190} INFO - [2025-02-13T00:49:25.749+0000] {dag.py:3239} INFO - Sync 1 DAGs
[2025-02-13T00:49:25.798+0000] {logging_mixin.py:190} INFO - [2025-02-13T00:49:25.794+0000] {dag.py:4180} INFO - Setting next_dagrun for example_setup_teardown to None, run_after=None
[2025-02-13T00:49:25.871+0000] {processor.py:208} INFO - Processing /home/airflow/.local/lib/python3.12/site-packages/airflow/example_dags/example_setup_teardown.py took 0.235 seconds
[2025-02-13T00:49:56.407+0000] {processor.py:186} INFO - Started process (PID=144) to work on /home/airflow/.local/lib/python3.12/site-packages/airflow/example_dags/example_setup_teardown.py
[2025-02-13T00:49:56.408+0000] {processor.py:914} INFO - Processing file /home/airflow/.local/lib/python3.12/site-packages/airflow/example_dags/example_setup_teardown.py for tasks to queue
[2025-02-13T00:49:56.412+0000] {logging_mixin.py:190} INFO - [2025-02-13T00:49:56.412+0000] {dagbag.py:588} INFO - Filling up the DagBag from /home/airflow/.local/lib/python3.12/site-packages/airflow/example_dags/example_setup_teardown.py
[2025-02-13T00:49:56.421+0000] {processor.py:925} INFO - DAG(s) 'example_setup_teardown' retrieved from /home/airflow/.local/lib/python3.12/site-packages/airflow/example_dags/example_setup_teardown.py
[2025-02-13T00:49:56.447+0000] {logging_mixin.py:190} INFO - [2025-02-13T00:49:56.447+0000] {dag.py:3239} INFO - Sync 1 DAGs
[2025-02-13T00:49:56.465+0000] {logging_mixin.py:190} INFO - [2025-02-13T00:49:56.465+0000] {dag.py:4180} INFO - Setting next_dagrun for example_setup_teardown to None, run_after=None
[2025-02-13T00:49:56.486+0000] {processor.py:208} INFO - Processing /home/airflow/.local/lib/python3.12/site-packages/airflow/example_dags/example_setup_teardown.py took 0.085 seconds
[2025-02-13T00:50:26.891+0000] {processor.py:186} INFO - Started process (PID=211) to work on /home/airflow/.local/lib/python3.12/site-packages/airflow/example_dags/example_setup_teardown.py
[2025-02-13T00:50:26.892+0000] {processor.py:914} INFO - Processing file /home/airflow/.local/lib/python3.12/site-packages/airflow/example_dags/example_setup_teardown.py for tasks to queue
[2025-02-13T00:50:26.896+0000] {logging_mixin.py:190} INFO - [2025-02-13T00:50:26.896+0000] {dagbag.py:588} INFO - Filling up the DagBag from /home/airflow/.local/lib/python3.12/site-packages/airflow/example_dags/example_setup_teardown.py
[2025-02-13T00:50:26.904+0000] {processor.py:925} INFO - DAG(s) 'example_setup_teardown' retrieved from /home/airflow/.local/lib/python3.12/site-packages/airflow/example_dags/example_setup_teardown.py
[2025-02-13T00:50:26.929+0000] {logging_mixin.py:190} INFO - [2025-02-13T00:50:26.926+0000] {dag.py:3239} INFO - Sync 1 DAGs
[2025-02-13T00:50:26.946+0000] {logging_mixin.py:190} INFO - [2025-02-13T00:50:26.945+0000] {dag.py:4180} INFO - Setting next_dagrun for example_setup_teardown to None, run_after=None
[2025-02-13T00:50:26.967+0000] {processor.py:208} INFO - Processing /home/airflow/.local/lib/python3.12/site-packages/airflow/example_dags/example_setup_teardown.py took 0.081 seconds
[2025-02-13T00:50:58.271+0000] {processor.py:186} INFO - Started process (PID=278) to work on /home/airflow/.local/lib/python3.12/site-packages/airflow/example_dags/example_setup_teardown.py
[2025-02-13T00:50:58.272+0000] {processor.py:914} INFO - Processing file /home/airflow/.local/lib/python3.12/site-packages/airflow/example_dags/example_setup_teardown.py for tasks to queue
[2025-02-13T00:50:58.274+0000] {logging_mixin.py:190} INFO - [2025-02-13T00:50:58.274+0000] {dagbag.py:588} INFO - Filling up the DagBag from /home/airflow/.local/lib/python3.12/site-packages/airflow/example_dags/example_setup_teardown.py
[2025-02-13T00:50:58.285+0000] {processor.py:925} INFO - DAG(s) 'example_setup_teardown' retrieved from /home/airflow/.local/lib/python3.12/site-packages/airflow/example_dags/example_setup_teardown.py
[2025-02-13T00:50:58.312+0000] {logging_mixin.py:190} INFO - [2025-02-13T00:50:58.310+0000] {dag.py:3239} INFO - Sync 1 DAGs
[2025-02-13T00:50:58.331+0000] {logging_mixin.py:190} INFO - [2025-02-13T00:50:58.331+0000] {dag.py:4180} INFO - Setting next_dagrun for example_setup_teardown to None, run_after=None
[2025-02-13T00:50:58.355+0000] {processor.py:208} INFO - Processing /home/airflow/.local/lib/python3.12/site-packages/airflow/example_dags/example_setup_teardown.py took 0.090 seconds
[2025-02-13T00:51:29.208+0000] {processor.py:186} INFO - Started process (PID=344) to work on /home/airflow/.local/lib/python3.12/site-packages/airflow/example_dags/example_setup_teardown.py
[2025-02-13T00:51:29.209+0000] {processor.py:914} INFO - Processing file /home/airflow/.local/lib/python3.12/site-packages/airflow/example_dags/example_setup_teardown.py for tasks to queue
[2025-02-13T00:51:29.212+0000] {logging_mixin.py:190} INFO - [2025-02-13T00:51:29.212+0000] {dagbag.py:588} INFO - Filling up the DagBag from /home/airflow/.local/lib/python3.12/site-packages/airflow/example_dags/example_setup_teardown.py
[2025-02-13T00:51:29.220+0000] {processor.py:925} INFO - DAG(s) 'example_setup_teardown' retrieved from /home/airflow/.local/lib/python3.12/site-packages/airflow/example_dags/example_setup_teardown.py
[2025-02-13T00:51:29.246+0000] {logging_mixin.py:190} INFO - [2025-02-13T00:51:29.246+0000] {dag.py:3239} INFO - Sync 1 DAGs
[2025-02-13T00:51:29.264+0000] {logging_mixin.py:190} INFO - [2025-02-13T00:51:29.264+0000] {dag.py:4180} INFO - Setting next_dagrun for example_setup_teardown to None, run_after=None
[2025-02-13T00:51:29.284+0000] {processor.py:208} INFO - Processing /home/airflow/.local/lib/python3.12/site-packages/airflow/example_dags/example_setup_teardown.py took 0.082 seconds
[2025-02-13T00:52:00.148+0000] {processor.py:186} INFO - Started process (PID=410) to work on /home/airflow/.local/lib/python3.12/site-packages/airflow/example_dags/example_setup_teardown.py
[2025-02-13T00:52:00.150+0000] {processor.py:914} INFO - Processing file /home/airflow/.local/lib/python3.12/site-packages/airflow/example_dags/example_setup_teardown.py for tasks to queue
[2025-02-13T00:52:00.153+0000] {logging_mixin.py:190} INFO - [2025-02-13T00:52:00.153+0000] {dagbag.py:588} INFO - Filling up the DagBag from /home/airflow/.local/lib/python3.12/site-packages/airflow/example_dags/example_setup_teardown.py
[2025-02-13T00:52:00.166+0000] {processor.py:925} INFO - DAG(s) 'example_setup_teardown' retrieved from /home/airflow/.local/lib/python3.12/site-packages/airflow/example_dags/example_setup_teardown.py
[2025-02-13T00:52:00.199+0000] {logging_mixin.py:190} INFO - [2025-02-13T00:52:00.198+0000] {dag.py:3239} INFO - Sync 1 DAGs
[2025-02-13T00:52:00.221+0000] {logging_mixin.py:190} INFO - [2025-02-13T00:52:00.221+0000] {dag.py:4180} INFO - Setting next_dagrun for example_setup_teardown to None, run_after=None
[2025-02-13T00:52:00.248+0000] {processor.py:208} INFO - Processing /home/airflow/.local/lib/python3.12/site-packages/airflow/example_dags/example_setup_teardown.py took 0.108 seconds
[2025-02-13T00:52:31.605+0000] {processor.py:186} INFO - Started process (PID=476) to work on /home/airflow/.local/lib/python3.12/site-packages/airflow/example_dags/example_setup_teardown.py
[2025-02-13T00:52:31.606+0000] {processor.py:914} INFO - Processing file /home/airflow/.local/lib/python3.12/site-packages/airflow/example_dags/example_setup_teardown.py for tasks to queue
[2025-02-13T00:52:31.608+0000] {logging_mixin.py:190} INFO - [2025-02-13T00:52:31.607+0000] {dagbag.py:588} INFO - Filling up the DagBag from /home/airflow/.local/lib/python3.12/site-packages/airflow/example_dags/example_setup_teardown.py
[2025-02-13T00:52:31.617+0000] {processor.py:925} INFO - DAG(s) 'example_setup_teardown' retrieved from /home/airflow/.local/lib/python3.12/site-packages/airflow/example_dags/example_setup_teardown.py
[2025-02-13T00:52:31.639+0000] {logging_mixin.py:190} INFO - [2025-02-13T00:52:31.639+0000] {dag.py:3239} INFO - Sync 1 DAGs
[2025-02-13T00:52:31.659+0000] {logging_mixin.py:190} INFO - [2025-02-13T00:52:31.658+0000] {dag.py:4180} INFO - Setting next_dagrun for example_setup_teardown to None, run_after=None
[2025-02-13T00:52:31.681+0000] {processor.py:208} INFO - Processing /home/airflow/.local/lib/python3.12/site-packages/airflow/example_dags/example_setup_teardown.py took 0.082 seconds
[2025-02-13T00:53:02.877+0000] {processor.py:186} INFO - Started process (PID=542) to work on /home/airflow/.local/lib/python3.12/site-packages/airflow/example_dags/example_setup_teardown.py
[2025-02-13T00:53:02.878+0000] {processor.py:914} INFO - Processing file /home/airflow/.local/lib/python3.12/site-packages/airflow/example_dags/example_setup_teardown.py for tasks to queue
[2025-02-13T00:53:02.881+0000] {logging_mixin.py:190} INFO - [2025-02-13T00:53:02.880+0000] {dagbag.py:588} INFO - Filling up the DagBag from /home/airflow/.local/lib/python3.12/site-packages/airflow/example_dags/example_setup_teardown.py
[2025-02-13T00:53:02.888+0000] {processor.py:925} INFO - DAG(s) 'example_setup_teardown' retrieved from /home/airflow/.local/lib/python3.12/site-packages/airflow/example_dags/example_setup_teardown.py
[2025-02-13T00:53:02.911+0000] {logging_mixin.py:190} INFO - [2025-02-13T00:53:02.911+0000] {dag.py:3239} INFO - Sync 1 DAGs
[2025-02-13T00:53:02.926+0000] {logging_mixin.py:190} INFO - [2025-02-13T00:53:02.926+0000] {dag.py:4180} INFO - Setting next_dagrun for example_setup_teardown to None, run_after=None
[2025-02-13T00:53:02.950+0000] {processor.py:208} INFO - Processing /home/airflow/.local/lib/python3.12/site-packages/airflow/example_dags/example_setup_teardown.py took 0.081 seconds
[2025-02-13T00:54:44.498+0000] {processor.py:186} INFO - Started process (PID=75) to work on /home/airflow/.local/lib/python3.12/site-packages/airflow/example_dags/example_setup_teardown.py
[2025-02-13T00:54:44.500+0000] {processor.py:914} INFO - Processing file /home/airflow/.local/lib/python3.12/site-packages/airflow/example_dags/example_setup_teardown.py for tasks to queue
[2025-02-13T00:54:44.513+0000] {logging_mixin.py:190} INFO - [2025-02-13T00:54:44.511+0000] {dagbag.py:588} INFO - Filling up the DagBag from /home/airflow/.local/lib/python3.12/site-packages/airflow/example_dags/example_setup_teardown.py
[2025-02-13T00:54:44.534+0000] {processor.py:925} INFO - DAG(s) 'example_setup_teardown' retrieved from /home/airflow/.local/lib/python3.12/site-packages/airflow/example_dags/example_setup_teardown.py
[2025-02-13T00:54:44.568+0000] {logging_mixin.py:190} INFO - [2025-02-13T00:54:44.568+0000] {dag.py:3239} INFO - Sync 1 DAGs
[2025-02-13T00:54:44.590+0000] {logging_mixin.py:190} INFO - [2025-02-13T00:54:44.590+0000] {dag.py:4180} INFO - Setting next_dagrun for example_setup_teardown to None, run_after=None
[2025-02-13T00:54:44.621+0000] {processor.py:208} INFO - Processing /home/airflow/.local/lib/python3.12/site-packages/airflow/example_dags/example_setup_teardown.py took 0.136 seconds
[2025-02-13T00:55:16.121+0000] {processor.py:186} INFO - Started process (PID=141) to work on /home/airflow/.local/lib/python3.12/site-packages/airflow/example_dags/example_setup_teardown.py
[2025-02-13T00:55:16.124+0000] {processor.py:914} INFO - Processing file /home/airflow/.local/lib/python3.12/site-packages/airflow/example_dags/example_setup_teardown.py for tasks to queue
[2025-02-13T00:55:16.140+0000] {logging_mixin.py:190} INFO - [2025-02-13T00:55:16.140+0000] {dagbag.py:588} INFO - Filling up the DagBag from /home/airflow/.local/lib/python3.12/site-packages/airflow/example_dags/example_setup_teardown.py
[2025-02-13T00:55:16.160+0000] {processor.py:925} INFO - DAG(s) 'example_setup_teardown' retrieved from /home/airflow/.local/lib/python3.12/site-packages/airflow/example_dags/example_setup_teardown.py
[2025-02-13T00:55:16.257+0000] {logging_mixin.py:190} INFO - [2025-02-13T00:55:16.257+0000] {dag.py:3239} INFO - Sync 1 DAGs
[2025-02-13T00:55:16.359+0000] {logging_mixin.py:190} INFO - [2025-02-13T00:55:16.359+0000] {dag.py:4180} INFO - Setting next_dagrun for example_setup_teardown to None, run_after=None
[2025-02-13T00:55:16.401+0000] {processor.py:208} INFO - Processing /home/airflow/.local/lib/python3.12/site-packages/airflow/example_dags/example_setup_teardown.py took 0.287 seconds
[2025-02-13T00:55:46.592+0000] {processor.py:186} INFO - Started process (PID=207) to work on /home/airflow/.local/lib/python3.12/site-packages/airflow/example_dags/example_setup_teardown.py
[2025-02-13T00:55:46.593+0000] {processor.py:914} INFO - Processing file /home/airflow/.local/lib/python3.12/site-packages/airflow/example_dags/example_setup_teardown.py for tasks to queue
[2025-02-13T00:55:46.596+0000] {logging_mixin.py:190} INFO - [2025-02-13T00:55:46.595+0000] {dagbag.py:588} INFO - Filling up the DagBag from /home/airflow/.local/lib/python3.12/site-packages/airflow/example_dags/example_setup_teardown.py
[2025-02-13T00:55:46.608+0000] {processor.py:925} INFO - DAG(s) 'example_setup_teardown' retrieved from /home/airflow/.local/lib/python3.12/site-packages/airflow/example_dags/example_setup_teardown.py
[2025-02-13T00:55:46.630+0000] {logging_mixin.py:190} INFO - [2025-02-13T00:55:46.630+0000] {dag.py:3239} INFO - Sync 1 DAGs
[2025-02-13T00:55:46.646+0000] {logging_mixin.py:190} INFO - [2025-02-13T00:55:46.646+0000] {dag.py:4180} INFO - Setting next_dagrun for example_setup_teardown to None, run_after=None
[2025-02-13T00:55:46.669+0000] {processor.py:208} INFO - Processing /home/airflow/.local/lib/python3.12/site-packages/airflow/example_dags/example_setup_teardown.py took 0.085 seconds
[2025-02-13T00:56:17.619+0000] {processor.py:186} INFO - Started process (PID=273) to work on /home/airflow/.local/lib/python3.12/site-packages/airflow/example_dags/example_setup_teardown.py
[2025-02-13T00:56:17.620+0000] {processor.py:914} INFO - Processing file /home/airflow/.local/lib/python3.12/site-packages/airflow/example_dags/example_setup_teardown.py for tasks to queue
[2025-02-13T00:56:17.623+0000] {logging_mixin.py:190} INFO - [2025-02-13T00:56:17.622+0000] {dagbag.py:588} INFO - Filling up the DagBag from /home/airflow/.local/lib/python3.12/site-packages/airflow/example_dags/example_setup_teardown.py
[2025-02-13T00:56:17.634+0000] {processor.py:925} INFO - DAG(s) 'example_setup_teardown' retrieved from /home/airflow/.local/lib/python3.12/site-packages/airflow/example_dags/example_setup_teardown.py
[2025-02-13T00:56:17.660+0000] {logging_mixin.py:190} INFO - [2025-02-13T00:56:17.660+0000] {dag.py:3239} INFO - Sync 1 DAGs
[2025-02-13T00:56:17.677+0000] {logging_mixin.py:190} INFO - [2025-02-13T00:56:17.676+0000] {dag.py:4180} INFO - Setting next_dagrun for example_setup_teardown to None, run_after=None
[2025-02-13T00:56:17.698+0000] {processor.py:208} INFO - Processing /home/airflow/.local/lib/python3.12/site-packages/airflow/example_dags/example_setup_teardown.py took 0.085 seconds
[2025-02-13T00:56:48.356+0000] {processor.py:186} INFO - Started process (PID=339) to work on /home/airflow/.local/lib/python3.12/site-packages/airflow/example_dags/example_setup_teardown.py
[2025-02-13T00:56:48.357+0000] {processor.py:914} INFO - Processing file /home/airflow/.local/lib/python3.12/site-packages/airflow/example_dags/example_setup_teardown.py for tasks to queue
[2025-02-13T00:56:48.360+0000] {logging_mixin.py:190} INFO - [2025-02-13T00:56:48.359+0000] {dagbag.py:588} INFO - Filling up the DagBag from /home/airflow/.local/lib/python3.12/site-packages/airflow/example_dags/example_setup_teardown.py
[2025-02-13T00:56:48.368+0000] {processor.py:925} INFO - DAG(s) 'example_setup_teardown' retrieved from /home/airflow/.local/lib/python3.12/site-packages/airflow/example_dags/example_setup_teardown.py
[2025-02-13T00:56:48.391+0000] {logging_mixin.py:190} INFO - [2025-02-13T00:56:48.391+0000] {dag.py:3239} INFO - Sync 1 DAGs
[2025-02-13T00:56:48.406+0000] {logging_mixin.py:190} INFO - [2025-02-13T00:56:48.405+0000] {dag.py:4180} INFO - Setting next_dagrun for example_setup_teardown to None, run_after=None
[2025-02-13T00:56:48.425+0000] {processor.py:208} INFO - Processing /home/airflow/.local/lib/python3.12/site-packages/airflow/example_dags/example_setup_teardown.py took 0.076 seconds
[2025-02-13T00:57:19.668+0000] {processor.py:186} INFO - Started process (PID=405) to work on /home/airflow/.local/lib/python3.12/site-packages/airflow/example_dags/example_setup_teardown.py
[2025-02-13T00:57:19.669+0000] {processor.py:914} INFO - Processing file /home/airflow/.local/lib/python3.12/site-packages/airflow/example_dags/example_setup_teardown.py for tasks to queue
[2025-02-13T00:57:19.673+0000] {logging_mixin.py:190} INFO - [2025-02-13T00:57:19.672+0000] {dagbag.py:588} INFO - Filling up the DagBag from /home/airflow/.local/lib/python3.12/site-packages/airflow/example_dags/example_setup_teardown.py
[2025-02-13T00:57:19.683+0000] {processor.py:925} INFO - DAG(s) 'example_setup_teardown' retrieved from /home/airflow/.local/lib/python3.12/site-packages/airflow/example_dags/example_setup_teardown.py
[2025-02-13T00:57:19.704+0000] {logging_mixin.py:190} INFO - [2025-02-13T00:57:19.704+0000] {dag.py:3239} INFO - Sync 1 DAGs
[2025-02-13T00:57:19.720+0000] {logging_mixin.py:190} INFO - [2025-02-13T00:57:19.719+0000] {dag.py:4180} INFO - Setting next_dagrun for example_setup_teardown to None, run_after=None
[2025-02-13T00:57:19.739+0000] {processor.py:208} INFO - Processing /home/airflow/.local/lib/python3.12/site-packages/airflow/example_dags/example_setup_teardown.py took 0.076 seconds
[2025-02-13T00:59:46.877+0000] {processor.py:186} INFO - Started process (PID=70) to work on /home/airflow/.local/lib/python3.12/site-packages/airflow/example_dags/example_setup_teardown.py
[2025-02-13T00:59:46.878+0000] {processor.py:914} INFO - Processing file /home/airflow/.local/lib/python3.12/site-packages/airflow/example_dags/example_setup_teardown.py for tasks to queue
[2025-02-13T00:59:46.881+0000] {logging_mixin.py:190} INFO - [2025-02-13T00:59:46.881+0000] {dagbag.py:588} INFO - Filling up the DagBag from /home/airflow/.local/lib/python3.12/site-packages/airflow/example_dags/example_setup_teardown.py
[2025-02-13T00:59:46.894+0000] {processor.py:925} INFO - DAG(s) 'example_setup_teardown' retrieved from /home/airflow/.local/lib/python3.12/site-packages/airflow/example_dags/example_setup_teardown.py
[2025-02-13T00:59:46.925+0000] {logging_mixin.py:190} INFO - [2025-02-13T00:59:46.924+0000] {dag.py:3239} INFO - Sync 1 DAGs
[2025-02-13T00:59:46.946+0000] {logging_mixin.py:190} INFO - [2025-02-13T00:59:46.945+0000] {dag.py:4180} INFO - Setting next_dagrun for example_setup_teardown to None, run_after=None
[2025-02-13T00:59:46.981+0000] {processor.py:208} INFO - Processing /home/airflow/.local/lib/python3.12/site-packages/airflow/example_dags/example_setup_teardown.py took 0.112 seconds
[2025-02-13T01:00:19.790+0000] {processor.py:186} INFO - Started process (PID=137) to work on /home/airflow/.local/lib/python3.12/site-packages/airflow/example_dags/example_setup_teardown.py
[2025-02-13T01:00:19.792+0000] {processor.py:914} INFO - Processing file /home/airflow/.local/lib/python3.12/site-packages/airflow/example_dags/example_setup_teardown.py for tasks to queue
[2025-02-13T01:00:19.795+0000] {logging_mixin.py:190} INFO - [2025-02-13T01:00:19.794+0000] {dagbag.py:588} INFO - Filling up the DagBag from /home/airflow/.local/lib/python3.12/site-packages/airflow/example_dags/example_setup_teardown.py
[2025-02-13T01:00:19.808+0000] {processor.py:925} INFO - DAG(s) 'example_setup_teardown' retrieved from /home/airflow/.local/lib/python3.12/site-packages/airflow/example_dags/example_setup_teardown.py
[2025-02-13T01:00:19.839+0000] {logging_mixin.py:190} INFO - [2025-02-13T01:00:19.839+0000] {dag.py:3239} INFO - Sync 1 DAGs
[2025-02-13T01:00:19.873+0000] {logging_mixin.py:190} INFO - [2025-02-13T01:00:19.873+0000] {dag.py:4180} INFO - Setting next_dagrun for example_setup_teardown to None, run_after=None
[2025-02-13T01:00:19.899+0000] {processor.py:208} INFO - Processing /home/airflow/.local/lib/python3.12/site-packages/airflow/example_dags/example_setup_teardown.py took 0.119 seconds
[2025-02-13T01:00:50.645+0000] {processor.py:186} INFO - Started process (PID=203) to work on /home/airflow/.local/lib/python3.12/site-packages/airflow/example_dags/example_setup_teardown.py
[2025-02-13T01:00:50.646+0000] {processor.py:914} INFO - Processing file /home/airflow/.local/lib/python3.12/site-packages/airflow/example_dags/example_setup_teardown.py for tasks to queue
[2025-02-13T01:00:50.650+0000] {logging_mixin.py:190} INFO - [2025-02-13T01:00:50.649+0000] {dagbag.py:588} INFO - Filling up the DagBag from /home/airflow/.local/lib/python3.12/site-packages/airflow/example_dags/example_setup_teardown.py
[2025-02-13T01:00:50.662+0000] {processor.py:925} INFO - DAG(s) 'example_setup_teardown' retrieved from /home/airflow/.local/lib/python3.12/site-packages/airflow/example_dags/example_setup_teardown.py
[2025-02-13T01:00:50.688+0000] {logging_mixin.py:190} INFO - [2025-02-13T01:00:50.688+0000] {dag.py:3239} INFO - Sync 1 DAGs
[2025-02-13T01:00:50.711+0000] {logging_mixin.py:190} INFO - [2025-02-13T01:00:50.711+0000] {dag.py:4180} INFO - Setting next_dagrun for example_setup_teardown to None, run_after=None
[2025-02-13T01:00:50.736+0000] {processor.py:208} INFO - Processing /home/airflow/.local/lib/python3.12/site-packages/airflow/example_dags/example_setup_teardown.py took 0.096 seconds
[2025-02-13T01:01:22.833+0000] {processor.py:186} INFO - Started process (PID=274) to work on /home/airflow/.local/lib/python3.12/site-packages/airflow/example_dags/example_setup_teardown.py
[2025-02-13T01:01:22.846+0000] {processor.py:914} INFO - Processing file /home/airflow/.local/lib/python3.12/site-packages/airflow/example_dags/example_setup_teardown.py for tasks to queue
[2025-02-13T01:01:22.856+0000] {logging_mixin.py:190} INFO - [2025-02-13T01:01:22.854+0000] {dagbag.py:588} INFO - Filling up the DagBag from /home/airflow/.local/lib/python3.12/site-packages/airflow/example_dags/example_setup_teardown.py
[2025-02-13T01:01:22.889+0000] {processor.py:925} INFO - DAG(s) 'example_setup_teardown' retrieved from /home/airflow/.local/lib/python3.12/site-packages/airflow/example_dags/example_setup_teardown.py
[2025-02-13T01:01:22.961+0000] {logging_mixin.py:190} INFO - [2025-02-13T01:01:22.961+0000] {dag.py:3239} INFO - Sync 1 DAGs
[2025-02-13T01:01:23.005+0000] {logging_mixin.py:190} INFO - [2025-02-13T01:01:23.005+0000] {dag.py:4180} INFO - Setting next_dagrun for example_setup_teardown to None, run_after=None
[2025-02-13T01:01:23.080+0000] {processor.py:208} INFO - Processing /home/airflow/.local/lib/python3.12/site-packages/airflow/example_dags/example_setup_teardown.py took 0.271 seconds
[2025-02-13T01:01:53.609+0000] {processor.py:186} INFO - Started process (PID=340) to work on /home/airflow/.local/lib/python3.12/site-packages/airflow/example_dags/example_setup_teardown.py
[2025-02-13T01:01:53.610+0000] {processor.py:914} INFO - Processing file /home/airflow/.local/lib/python3.12/site-packages/airflow/example_dags/example_setup_teardown.py for tasks to queue
[2025-02-13T01:01:53.613+0000] {logging_mixin.py:190} INFO - [2025-02-13T01:01:53.613+0000] {dagbag.py:588} INFO - Filling up the DagBag from /home/airflow/.local/lib/python3.12/site-packages/airflow/example_dags/example_setup_teardown.py
[2025-02-13T01:01:53.624+0000] {processor.py:925} INFO - DAG(s) 'example_setup_teardown' retrieved from /home/airflow/.local/lib/python3.12/site-packages/airflow/example_dags/example_setup_teardown.py
[2025-02-13T01:01:53.648+0000] {logging_mixin.py:190} INFO - [2025-02-13T01:01:53.647+0000] {dag.py:3239} INFO - Sync 1 DAGs
[2025-02-13T01:01:53.665+0000] {logging_mixin.py:190} INFO - [2025-02-13T01:01:53.665+0000] {dag.py:4180} INFO - Setting next_dagrun for example_setup_teardown to None, run_after=None
[2025-02-13T01:01:53.685+0000] {processor.py:208} INFO - Processing /home/airflow/.local/lib/python3.12/site-packages/airflow/example_dags/example_setup_teardown.py took 0.082 seconds
[2025-02-13T01:02:24.639+0000] {processor.py:186} INFO - Started process (PID=406) to work on /home/airflow/.local/lib/python3.12/site-packages/airflow/example_dags/example_setup_teardown.py
[2025-02-13T01:02:24.640+0000] {processor.py:914} INFO - Processing file /home/airflow/.local/lib/python3.12/site-packages/airflow/example_dags/example_setup_teardown.py for tasks to queue
[2025-02-13T01:02:24.642+0000] {logging_mixin.py:190} INFO - [2025-02-13T01:02:24.642+0000] {dagbag.py:588} INFO - Filling up the DagBag from /home/airflow/.local/lib/python3.12/site-packages/airflow/example_dags/example_setup_teardown.py
[2025-02-13T01:02:24.651+0000] {processor.py:925} INFO - DAG(s) 'example_setup_teardown' retrieved from /home/airflow/.local/lib/python3.12/site-packages/airflow/example_dags/example_setup_teardown.py
[2025-02-13T01:02:24.671+0000] {logging_mixin.py:190} INFO - [2025-02-13T01:02:24.670+0000] {dag.py:3239} INFO - Sync 1 DAGs
[2025-02-13T01:02:24.686+0000] {logging_mixin.py:190} INFO - [2025-02-13T01:02:24.686+0000] {dag.py:4180} INFO - Setting next_dagrun for example_setup_teardown to None, run_after=None
[2025-02-13T01:02:24.705+0000] {processor.py:208} INFO - Processing /home/airflow/.local/lib/python3.12/site-packages/airflow/example_dags/example_setup_teardown.py took 0.074 seconds
[2025-02-13T01:02:55.384+0000] {processor.py:186} INFO - Started process (PID=472) to work on /home/airflow/.local/lib/python3.12/site-packages/airflow/example_dags/example_setup_teardown.py
[2025-02-13T01:02:55.385+0000] {processor.py:914} INFO - Processing file /home/airflow/.local/lib/python3.12/site-packages/airflow/example_dags/example_setup_teardown.py for tasks to queue
[2025-02-13T01:02:55.388+0000] {logging_mixin.py:190} INFO - [2025-02-13T01:02:55.388+0000] {dagbag.py:588} INFO - Filling up the DagBag from /home/airflow/.local/lib/python3.12/site-packages/airflow/example_dags/example_setup_teardown.py
[2025-02-13T01:02:55.398+0000] {processor.py:925} INFO - DAG(s) 'example_setup_teardown' retrieved from /home/airflow/.local/lib/python3.12/site-packages/airflow/example_dags/example_setup_teardown.py
[2025-02-13T01:02:55.420+0000] {logging_mixin.py:190} INFO - [2025-02-13T01:02:55.420+0000] {dag.py:3239} INFO - Sync 1 DAGs
[2025-02-13T01:02:55.437+0000] {logging_mixin.py:190} INFO - [2025-02-13T01:02:55.437+0000] {dag.py:4180} INFO - Setting next_dagrun for example_setup_teardown to None, run_after=None
[2025-02-13T01:02:55.460+0000] {processor.py:208} INFO - Processing /home/airflow/.local/lib/python3.12/site-packages/airflow/example_dags/example_setup_teardown.py took 0.084 seconds
[2025-02-13T01:03:26.663+0000] {processor.py:186} INFO - Started process (PID=538) to work on /home/airflow/.local/lib/python3.12/site-packages/airflow/example_dags/example_setup_teardown.py
[2025-02-13T01:03:26.665+0000] {processor.py:914} INFO - Processing file /home/airflow/.local/lib/python3.12/site-packages/airflow/example_dags/example_setup_teardown.py for tasks to queue
[2025-02-13T01:03:26.668+0000] {logging_mixin.py:190} INFO - [2025-02-13T01:03:26.667+0000] {dagbag.py:588} INFO - Filling up the DagBag from /home/airflow/.local/lib/python3.12/site-packages/airflow/example_dags/example_setup_teardown.py
[2025-02-13T01:03:26.678+0000] {processor.py:925} INFO - DAG(s) 'example_setup_teardown' retrieved from /home/airflow/.local/lib/python3.12/site-packages/airflow/example_dags/example_setup_teardown.py
[2025-02-13T01:03:26.704+0000] {logging_mixin.py:190} INFO - [2025-02-13T01:03:26.704+0000] {dag.py:3239} INFO - Sync 1 DAGs
[2025-02-13T01:03:26.727+0000] {logging_mixin.py:190} INFO - [2025-02-13T01:03:26.727+0000] {dag.py:4180} INFO - Setting next_dagrun for example_setup_teardown to None, run_after=None
[2025-02-13T01:03:26.764+0000] {processor.py:208} INFO - Processing /home/airflow/.local/lib/python3.12/site-packages/airflow/example_dags/example_setup_teardown.py took 0.108 seconds
[2025-02-13T01:04:45.549+0000] {processor.py:186} INFO - Started process (PID=75) to work on /home/airflow/.local/lib/python3.12/site-packages/airflow/example_dags/example_setup_teardown.py
[2025-02-13T01:04:45.550+0000] {processor.py:914} INFO - Processing file /home/airflow/.local/lib/python3.12/site-packages/airflow/example_dags/example_setup_teardown.py for tasks to queue
[2025-02-13T01:04:45.553+0000] {logging_mixin.py:190} INFO - [2025-02-13T01:04:45.553+0000] {dagbag.py:588} INFO - Filling up the DagBag from /home/airflow/.local/lib/python3.12/site-packages/airflow/example_dags/example_setup_teardown.py
[2025-02-13T01:04:45.561+0000] {processor.py:925} INFO - DAG(s) 'example_setup_teardown' retrieved from /home/airflow/.local/lib/python3.12/site-packages/airflow/example_dags/example_setup_teardown.py
[2025-02-13T01:04:45.584+0000] {logging_mixin.py:190} INFO - [2025-02-13T01:04:45.584+0000] {dag.py:3239} INFO - Sync 1 DAGs
[2025-02-13T01:04:45.604+0000] {logging_mixin.py:190} INFO - [2025-02-13T01:04:45.603+0000] {dag.py:4180} INFO - Setting next_dagrun for example_setup_teardown to None, run_after=None
[2025-02-13T01:04:45.624+0000] {processor.py:208} INFO - Processing /home/airflow/.local/lib/python3.12/site-packages/airflow/example_dags/example_setup_teardown.py took 0.081 seconds
[2025-02-13T01:05:19.488+0000] {processor.py:186} INFO - Started process (PID=141) to work on /home/airflow/.local/lib/python3.12/site-packages/airflow/example_dags/example_setup_teardown.py
[2025-02-13T01:05:19.501+0000] {processor.py:914} INFO - Processing file /home/airflow/.local/lib/python3.12/site-packages/airflow/example_dags/example_setup_teardown.py for tasks to queue
[2025-02-13T01:05:19.504+0000] {logging_mixin.py:190} INFO - [2025-02-13T01:05:19.504+0000] {dagbag.py:588} INFO - Filling up the DagBag from /home/airflow/.local/lib/python3.12/site-packages/airflow/example_dags/example_setup_teardown.py
[2025-02-13T01:05:19.520+0000] {processor.py:925} INFO - DAG(s) 'example_setup_teardown' retrieved from /home/airflow/.local/lib/python3.12/site-packages/airflow/example_dags/example_setup_teardown.py
[2025-02-13T01:05:19.553+0000] {logging_mixin.py:190} INFO - [2025-02-13T01:05:19.553+0000] {dag.py:3239} INFO - Sync 1 DAGs
[2025-02-13T01:05:19.581+0000] {logging_mixin.py:190} INFO - [2025-02-13T01:05:19.581+0000] {dag.py:4180} INFO - Setting next_dagrun for example_setup_teardown to None, run_after=None
[2025-02-13T01:05:19.627+0000] {processor.py:208} INFO - Processing /home/airflow/.local/lib/python3.12/site-packages/airflow/example_dags/example_setup_teardown.py took 0.148 seconds
[2025-02-13T01:05:50.698+0000] {processor.py:186} INFO - Started process (PID=207) to work on /home/airflow/.local/lib/python3.12/site-packages/airflow/example_dags/example_setup_teardown.py
[2025-02-13T01:05:50.699+0000] {processor.py:914} INFO - Processing file /home/airflow/.local/lib/python3.12/site-packages/airflow/example_dags/example_setup_teardown.py for tasks to queue
[2025-02-13T01:05:50.704+0000] {logging_mixin.py:190} INFO - [2025-02-13T01:05:50.702+0000] {dagbag.py:588} INFO - Filling up the DagBag from /home/airflow/.local/lib/python3.12/site-packages/airflow/example_dags/example_setup_teardown.py
[2025-02-13T01:05:50.717+0000] {processor.py:925} INFO - DAG(s) 'example_setup_teardown' retrieved from /home/airflow/.local/lib/python3.12/site-packages/airflow/example_dags/example_setup_teardown.py
[2025-02-13T01:05:50.744+0000] {logging_mixin.py:190} INFO - [2025-02-13T01:05:50.744+0000] {dag.py:3239} INFO - Sync 1 DAGs
[2025-02-13T01:05:50.765+0000] {logging_mixin.py:190} INFO - [2025-02-13T01:05:50.764+0000] {dag.py:4180} INFO - Setting next_dagrun for example_setup_teardown to None, run_after=None
[2025-02-13T01:05:50.789+0000] {processor.py:208} INFO - Processing /home/airflow/.local/lib/python3.12/site-packages/airflow/example_dags/example_setup_teardown.py took 0.101 seconds
[2025-02-13T01:06:21.621+0000] {processor.py:186} INFO - Started process (PID=273) to work on /home/airflow/.local/lib/python3.12/site-packages/airflow/example_dags/example_setup_teardown.py
[2025-02-13T01:06:21.622+0000] {processor.py:914} INFO - Processing file /home/airflow/.local/lib/python3.12/site-packages/airflow/example_dags/example_setup_teardown.py for tasks to queue
[2025-02-13T01:06:21.625+0000] {logging_mixin.py:190} INFO - [2025-02-13T01:06:21.624+0000] {dagbag.py:588} INFO - Filling up the DagBag from /home/airflow/.local/lib/python3.12/site-packages/airflow/example_dags/example_setup_teardown.py
[2025-02-13T01:06:21.634+0000] {processor.py:925} INFO - DAG(s) 'example_setup_teardown' retrieved from /home/airflow/.local/lib/python3.12/site-packages/airflow/example_dags/example_setup_teardown.py
[2025-02-13T01:06:21.654+0000] {logging_mixin.py:190} INFO - [2025-02-13T01:06:21.654+0000] {dag.py:3239} INFO - Sync 1 DAGs
[2025-02-13T01:06:21.668+0000] {logging_mixin.py:190} INFO - [2025-02-13T01:06:21.668+0000] {dag.py:4180} INFO - Setting next_dagrun for example_setup_teardown to None, run_after=None
[2025-02-13T01:06:21.688+0000] {processor.py:208} INFO - Processing /home/airflow/.local/lib/python3.12/site-packages/airflow/example_dags/example_setup_teardown.py took 0.073 seconds
[2025-02-13T01:06:54.499+0000] {processor.py:186} INFO - Started process (PID=339) to work on /home/airflow/.local/lib/python3.12/site-packages/airflow/example_dags/example_setup_teardown.py
[2025-02-13T01:06:54.501+0000] {processor.py:914} INFO - Processing file /home/airflow/.local/lib/python3.12/site-packages/airflow/example_dags/example_setup_teardown.py for tasks to queue
[2025-02-13T01:06:54.508+0000] {logging_mixin.py:190} INFO - [2025-02-13T01:06:54.508+0000] {dagbag.py:588} INFO - Filling up the DagBag from /home/airflow/.local/lib/python3.12/site-packages/airflow/example_dags/example_setup_teardown.py
[2025-02-13T01:06:54.519+0000] {processor.py:925} INFO - DAG(s) 'example_setup_teardown' retrieved from /home/airflow/.local/lib/python3.12/site-packages/airflow/example_dags/example_setup_teardown.py
[2025-02-13T01:06:54.540+0000] {logging_mixin.py:190} INFO - [2025-02-13T01:06:54.540+0000] {dag.py:3239} INFO - Sync 1 DAGs
[2025-02-13T01:06:54.556+0000] {logging_mixin.py:190} INFO - [2025-02-13T01:06:54.555+0000] {dag.py:4180} INFO - Setting next_dagrun for example_setup_teardown to None, run_after=None
[2025-02-13T01:06:54.574+0000] {processor.py:208} INFO - Processing /home/airflow/.local/lib/python3.12/site-packages/airflow/example_dags/example_setup_teardown.py took 0.082 seconds
[2025-02-13T01:07:25.392+0000] {processor.py:186} INFO - Started process (PID=405) to work on /home/airflow/.local/lib/python3.12/site-packages/airflow/example_dags/example_setup_teardown.py
[2025-02-13T01:07:25.393+0000] {processor.py:914} INFO - Processing file /home/airflow/.local/lib/python3.12/site-packages/airflow/example_dags/example_setup_teardown.py for tasks to queue
[2025-02-13T01:07:25.395+0000] {logging_mixin.py:190} INFO - [2025-02-13T01:07:25.395+0000] {dagbag.py:588} INFO - Filling up the DagBag from /home/airflow/.local/lib/python3.12/site-packages/airflow/example_dags/example_setup_teardown.py
[2025-02-13T01:07:25.405+0000] {processor.py:925} INFO - DAG(s) 'example_setup_teardown' retrieved from /home/airflow/.local/lib/python3.12/site-packages/airflow/example_dags/example_setup_teardown.py
[2025-02-13T01:07:25.425+0000] {logging_mixin.py:190} INFO - [2025-02-13T01:07:25.424+0000] {dag.py:3239} INFO - Sync 1 DAGs
[2025-02-13T01:07:25.439+0000] {logging_mixin.py:190} INFO - [2025-02-13T01:07:25.439+0000] {dag.py:4180} INFO - Setting next_dagrun for example_setup_teardown to None, run_after=None
[2025-02-13T01:07:25.459+0000] {processor.py:208} INFO - Processing /home/airflow/.local/lib/python3.12/site-packages/airflow/example_dags/example_setup_teardown.py took 0.073 seconds
[2025-02-13T01:07:55.881+0000] {processor.py:186} INFO - Started process (PID=471) to work on /home/airflow/.local/lib/python3.12/site-packages/airflow/example_dags/example_setup_teardown.py
[2025-02-13T01:07:55.883+0000] {processor.py:914} INFO - Processing file /home/airflow/.local/lib/python3.12/site-packages/airflow/example_dags/example_setup_teardown.py for tasks to queue
[2025-02-13T01:07:55.885+0000] {logging_mixin.py:190} INFO - [2025-02-13T01:07:55.885+0000] {dagbag.py:588} INFO - Filling up the DagBag from /home/airflow/.local/lib/python3.12/site-packages/airflow/example_dags/example_setup_teardown.py
[2025-02-13T01:07:55.895+0000] {processor.py:925} INFO - DAG(s) 'example_setup_teardown' retrieved from /home/airflow/.local/lib/python3.12/site-packages/airflow/example_dags/example_setup_teardown.py
[2025-02-13T01:07:55.925+0000] {logging_mixin.py:190} INFO - [2025-02-13T01:07:55.925+0000] {dag.py:3239} INFO - Sync 1 DAGs
[2025-02-13T01:07:55.943+0000] {logging_mixin.py:190} INFO - [2025-02-13T01:07:55.943+0000] {dag.py:4180} INFO - Setting next_dagrun for example_setup_teardown to None, run_after=None
[2025-02-13T01:07:55.966+0000] {processor.py:208} INFO - Processing /home/airflow/.local/lib/python3.12/site-packages/airflow/example_dags/example_setup_teardown.py took 0.091 seconds
[2025-02-13T01:08:26.745+0000] {processor.py:186} INFO - Started process (PID=537) to work on /home/airflow/.local/lib/python3.12/site-packages/airflow/example_dags/example_setup_teardown.py
[2025-02-13T01:08:26.746+0000] {processor.py:914} INFO - Processing file /home/airflow/.local/lib/python3.12/site-packages/airflow/example_dags/example_setup_teardown.py for tasks to queue
[2025-02-13T01:08:26.749+0000] {logging_mixin.py:190} INFO - [2025-02-13T01:08:26.749+0000] {dagbag.py:588} INFO - Filling up the DagBag from /home/airflow/.local/lib/python3.12/site-packages/airflow/example_dags/example_setup_teardown.py
[2025-02-13T01:08:26.758+0000] {processor.py:925} INFO - DAG(s) 'example_setup_teardown' retrieved from /home/airflow/.local/lib/python3.12/site-packages/airflow/example_dags/example_setup_teardown.py
[2025-02-13T01:08:26.780+0000] {logging_mixin.py:190} INFO - [2025-02-13T01:08:26.780+0000] {dag.py:3239} INFO - Sync 1 DAGs
[2025-02-13T01:08:26.795+0000] {logging_mixin.py:190} INFO - [2025-02-13T01:08:26.795+0000] {dag.py:4180} INFO - Setting next_dagrun for example_setup_teardown to None, run_after=None
[2025-02-13T01:08:26.816+0000] {processor.py:208} INFO - Processing /home/airflow/.local/lib/python3.12/site-packages/airflow/example_dags/example_setup_teardown.py took 0.077 seconds
[2025-02-13T01:12:20.324+0000] {processor.py:186} INFO - Started process (PID=77) to work on /home/airflow/.local/lib/python3.12/site-packages/airflow/example_dags/example_setup_teardown.py
[2025-02-13T01:12:20.326+0000] {processor.py:914} INFO - Processing file /home/airflow/.local/lib/python3.12/site-packages/airflow/example_dags/example_setup_teardown.py for tasks to queue
[2025-02-13T01:12:20.330+0000] {logging_mixin.py:190} INFO - [2025-02-13T01:12:20.329+0000] {dagbag.py:588} INFO - Filling up the DagBag from /home/airflow/.local/lib/python3.12/site-packages/airflow/example_dags/example_setup_teardown.py
[2025-02-13T01:12:20.345+0000] {processor.py:925} INFO - DAG(s) 'example_setup_teardown' retrieved from /home/airflow/.local/lib/python3.12/site-packages/airflow/example_dags/example_setup_teardown.py
[2025-02-13T01:12:20.378+0000] {logging_mixin.py:190} INFO - [2025-02-13T01:12:20.378+0000] {dag.py:3239} INFO - Sync 1 DAGs
[2025-02-13T01:12:20.404+0000] {logging_mixin.py:190} INFO - [2025-02-13T01:12:20.403+0000] {dag.py:4180} INFO - Setting next_dagrun for example_setup_teardown to None, run_after=None
[2025-02-13T01:12:20.432+0000] {processor.py:208} INFO - Processing /home/airflow/.local/lib/python3.12/site-packages/airflow/example_dags/example_setup_teardown.py took 0.116 seconds
[2025-02-13T01:12:51.365+0000] {processor.py:186} INFO - Started process (PID=143) to work on /home/airflow/.local/lib/python3.12/site-packages/airflow/example_dags/example_setup_teardown.py
[2025-02-13T01:12:51.367+0000] {processor.py:914} INFO - Processing file /home/airflow/.local/lib/python3.12/site-packages/airflow/example_dags/example_setup_teardown.py for tasks to queue
[2025-02-13T01:12:51.370+0000] {logging_mixin.py:190} INFO - [2025-02-13T01:12:51.370+0000] {dagbag.py:588} INFO - Filling up the DagBag from /home/airflow/.local/lib/python3.12/site-packages/airflow/example_dags/example_setup_teardown.py
[2025-02-13T01:12:51.389+0000] {processor.py:925} INFO - DAG(s) 'example_setup_teardown' retrieved from /home/airflow/.local/lib/python3.12/site-packages/airflow/example_dags/example_setup_teardown.py
[2025-02-13T01:12:51.427+0000] {logging_mixin.py:190} INFO - [2025-02-13T01:12:51.426+0000] {dag.py:3239} INFO - Sync 1 DAGs
[2025-02-13T01:12:51.448+0000] {logging_mixin.py:190} INFO - [2025-02-13T01:12:51.447+0000] {dag.py:4180} INFO - Setting next_dagrun for example_setup_teardown to None, run_after=None
[2025-02-13T01:12:51.480+0000] {processor.py:208} INFO - Processing /home/airflow/.local/lib/python3.12/site-packages/airflow/example_dags/example_setup_teardown.py took 0.127 seconds
[2025-02-13T01:16:36.871+0000] {processor.py:186} INFO - Started process (PID=76) to work on /home/airflow/.local/lib/python3.12/site-packages/airflow/example_dags/example_setup_teardown.py
[2025-02-13T01:16:36.880+0000] {processor.py:914} INFO - Processing file /home/airflow/.local/lib/python3.12/site-packages/airflow/example_dags/example_setup_teardown.py for tasks to queue
[2025-02-13T01:16:36.888+0000] {logging_mixin.py:190} INFO - [2025-02-13T01:16:36.888+0000] {dagbag.py:588} INFO - Filling up the DagBag from /home/airflow/.local/lib/python3.12/site-packages/airflow/example_dags/example_setup_teardown.py
[2025-02-13T01:16:36.919+0000] {processor.py:925} INFO - DAG(s) 'example_setup_teardown' retrieved from /home/airflow/.local/lib/python3.12/site-packages/airflow/example_dags/example_setup_teardown.py
[2025-02-13T01:16:36.963+0000] {logging_mixin.py:190} INFO - [2025-02-13T01:16:36.962+0000] {dag.py:3239} INFO - Sync 1 DAGs
[2025-02-13T01:16:36.991+0000] {logging_mixin.py:190} INFO - [2025-02-13T01:16:36.991+0000] {dag.py:4180} INFO - Setting next_dagrun for example_setup_teardown to None, run_after=None
[2025-02-13T01:16:37.022+0000] {processor.py:208} INFO - Processing /home/airflow/.local/lib/python3.12/site-packages/airflow/example_dags/example_setup_teardown.py took 0.160 seconds
[2025-02-13T01:17:07.921+0000] {processor.py:186} INFO - Started process (PID=141) to work on /home/airflow/.local/lib/python3.12/site-packages/airflow/example_dags/example_setup_teardown.py
[2025-02-13T01:17:07.922+0000] {processor.py:914} INFO - Processing file /home/airflow/.local/lib/python3.12/site-packages/airflow/example_dags/example_setup_teardown.py for tasks to queue
[2025-02-13T01:17:07.925+0000] {logging_mixin.py:190} INFO - [2025-02-13T01:17:07.924+0000] {dagbag.py:588} INFO - Filling up the DagBag from /home/airflow/.local/lib/python3.12/site-packages/airflow/example_dags/example_setup_teardown.py
[2025-02-13T01:17:07.935+0000] {processor.py:925} INFO - DAG(s) 'example_setup_teardown' retrieved from /home/airflow/.local/lib/python3.12/site-packages/airflow/example_dags/example_setup_teardown.py
[2025-02-13T01:17:07.959+0000] {logging_mixin.py:190} INFO - [2025-02-13T01:17:07.959+0000] {dag.py:3239} INFO - Sync 1 DAGs
[2025-02-13T01:17:07.978+0000] {logging_mixin.py:190} INFO - [2025-02-13T01:17:07.978+0000] {dag.py:4180} INFO - Setting next_dagrun for example_setup_teardown to None, run_after=None
[2025-02-13T01:17:08.002+0000] {processor.py:208} INFO - Processing /home/airflow/.local/lib/python3.12/site-packages/airflow/example_dags/example_setup_teardown.py took 0.087 seconds
[2025-02-13T01:17:41.963+0000] {processor.py:186} INFO - Started process (PID=207) to work on /home/airflow/.local/lib/python3.12/site-packages/airflow/example_dags/example_setup_teardown.py
[2025-02-13T01:17:41.965+0000] {processor.py:914} INFO - Processing file /home/airflow/.local/lib/python3.12/site-packages/airflow/example_dags/example_setup_teardown.py for tasks to queue
[2025-02-13T01:17:41.974+0000] {logging_mixin.py:190} INFO - [2025-02-13T01:17:41.973+0000] {dagbag.py:588} INFO - Filling up the DagBag from /home/airflow/.local/lib/python3.12/site-packages/airflow/example_dags/example_setup_teardown.py
[2025-02-13T01:17:41.992+0000] {processor.py:925} INFO - DAG(s) 'example_setup_teardown' retrieved from /home/airflow/.local/lib/python3.12/site-packages/airflow/example_dags/example_setup_teardown.py
[2025-02-13T01:17:42.025+0000] {logging_mixin.py:190} INFO - [2025-02-13T01:17:42.024+0000] {dag.py:3239} INFO - Sync 1 DAGs
[2025-02-13T01:17:42.052+0000] {logging_mixin.py:190} INFO - [2025-02-13T01:17:42.052+0000] {dag.py:4180} INFO - Setting next_dagrun for example_setup_teardown to None, run_after=None
[2025-02-13T01:17:42.084+0000] {processor.py:208} INFO - Processing /home/airflow/.local/lib/python3.12/site-packages/airflow/example_dags/example_setup_teardown.py took 0.129 seconds
[2025-02-13T01:18:13.102+0000] {processor.py:186} INFO - Started process (PID=273) to work on /home/airflow/.local/lib/python3.12/site-packages/airflow/example_dags/example_setup_teardown.py
[2025-02-13T01:18:13.112+0000] {processor.py:914} INFO - Processing file /home/airflow/.local/lib/python3.12/site-packages/airflow/example_dags/example_setup_teardown.py for tasks to queue
[2025-02-13T01:18:13.117+0000] {logging_mixin.py:190} INFO - [2025-02-13T01:18:13.116+0000] {dagbag.py:588} INFO - Filling up the DagBag from /home/airflow/.local/lib/python3.12/site-packages/airflow/example_dags/example_setup_teardown.py
[2025-02-13T01:18:13.138+0000] {processor.py:925} INFO - DAG(s) 'example_setup_teardown' retrieved from /home/airflow/.local/lib/python3.12/site-packages/airflow/example_dags/example_setup_teardown.py
[2025-02-13T01:18:13.170+0000] {logging_mixin.py:190} INFO - [2025-02-13T01:18:13.169+0000] {dag.py:3239} INFO - Sync 1 DAGs
[2025-02-13T01:18:13.196+0000] {logging_mixin.py:190} INFO - [2025-02-13T01:18:13.196+0000] {dag.py:4180} INFO - Setting next_dagrun for example_setup_teardown to None, run_after=None
[2025-02-13T01:18:13.261+0000] {processor.py:208} INFO - Processing /home/airflow/.local/lib/python3.12/site-packages/airflow/example_dags/example_setup_teardown.py took 0.170 seconds
[2025-02-13T01:18:43.868+0000] {processor.py:186} INFO - Started process (PID=338) to work on /home/airflow/.local/lib/python3.12/site-packages/airflow/example_dags/example_setup_teardown.py
[2025-02-13T01:18:43.869+0000] {processor.py:914} INFO - Processing file /home/airflow/.local/lib/python3.12/site-packages/airflow/example_dags/example_setup_teardown.py for tasks to queue
[2025-02-13T01:18:43.871+0000] {logging_mixin.py:190} INFO - [2025-02-13T01:18:43.871+0000] {dagbag.py:588} INFO - Filling up the DagBag from /home/airflow/.local/lib/python3.12/site-packages/airflow/example_dags/example_setup_teardown.py
[2025-02-13T01:18:43.883+0000] {processor.py:925} INFO - DAG(s) 'example_setup_teardown' retrieved from /home/airflow/.local/lib/python3.12/site-packages/airflow/example_dags/example_setup_teardown.py
[2025-02-13T01:18:43.904+0000] {logging_mixin.py:190} INFO - [2025-02-13T01:18:43.904+0000] {dag.py:3239} INFO - Sync 1 DAGs
[2025-02-13T01:18:43.918+0000] {logging_mixin.py:190} INFO - [2025-02-13T01:18:43.918+0000] {dag.py:4180} INFO - Setting next_dagrun for example_setup_teardown to None, run_after=None
[2025-02-13T01:18:43.937+0000] {processor.py:208} INFO - Processing /home/airflow/.local/lib/python3.12/site-packages/airflow/example_dags/example_setup_teardown.py took 0.074 seconds
[2025-02-13T01:19:15.223+0000] {processor.py:186} INFO - Started process (PID=404) to work on /home/airflow/.local/lib/python3.12/site-packages/airflow/example_dags/example_setup_teardown.py
[2025-02-13T01:19:15.225+0000] {processor.py:914} INFO - Processing file /home/airflow/.local/lib/python3.12/site-packages/airflow/example_dags/example_setup_teardown.py for tasks to queue
[2025-02-13T01:19:15.228+0000] {logging_mixin.py:190} INFO - [2025-02-13T01:19:15.228+0000] {dagbag.py:588} INFO - Filling up the DagBag from /home/airflow/.local/lib/python3.12/site-packages/airflow/example_dags/example_setup_teardown.py
[2025-02-13T01:19:15.243+0000] {processor.py:925} INFO - DAG(s) 'example_setup_teardown' retrieved from /home/airflow/.local/lib/python3.12/site-packages/airflow/example_dags/example_setup_teardown.py
[2025-02-13T01:19:15.283+0000] {logging_mixin.py:190} INFO - [2025-02-13T01:19:15.283+0000] {dag.py:3239} INFO - Sync 1 DAGs
[2025-02-13T01:19:15.311+0000] {logging_mixin.py:190} INFO - [2025-02-13T01:19:15.311+0000] {dag.py:4180} INFO - Setting next_dagrun for example_setup_teardown to None, run_after=None
[2025-02-13T01:19:15.347+0000] {processor.py:208} INFO - Processing /home/airflow/.local/lib/python3.12/site-packages/airflow/example_dags/example_setup_teardown.py took 0.133 seconds
[2025-02-13T01:19:46.734+0000] {processor.py:186} INFO - Started process (PID=471) to work on /home/airflow/.local/lib/python3.12/site-packages/airflow/example_dags/example_setup_teardown.py
[2025-02-13T01:19:46.735+0000] {processor.py:914} INFO - Processing file /home/airflow/.local/lib/python3.12/site-packages/airflow/example_dags/example_setup_teardown.py for tasks to queue
[2025-02-13T01:19:46.738+0000] {logging_mixin.py:190} INFO - [2025-02-13T01:19:46.738+0000] {dagbag.py:588} INFO - Filling up the DagBag from /home/airflow/.local/lib/python3.12/site-packages/airflow/example_dags/example_setup_teardown.py
[2025-02-13T01:19:46.748+0000] {processor.py:925} INFO - DAG(s) 'example_setup_teardown' retrieved from /home/airflow/.local/lib/python3.12/site-packages/airflow/example_dags/example_setup_teardown.py
[2025-02-13T01:19:46.773+0000] {logging_mixin.py:190} INFO - [2025-02-13T01:19:46.772+0000] {dag.py:3239} INFO - Sync 1 DAGs
[2025-02-13T01:19:46.788+0000] {logging_mixin.py:190} INFO - [2025-02-13T01:19:46.788+0000] {dag.py:4180} INFO - Setting next_dagrun for example_setup_teardown to None, run_after=None
[2025-02-13T01:19:46.808+0000] {processor.py:208} INFO - Processing /home/airflow/.local/lib/python3.12/site-packages/airflow/example_dags/example_setup_teardown.py took 0.082 seconds
[2025-02-13T01:21:23.092+0000] {processor.py:186} INFO - Started process (PID=75) to work on /home/airflow/.local/lib/python3.12/site-packages/airflow/example_dags/example_setup_teardown.py
[2025-02-13T01:21:23.093+0000] {processor.py:914} INFO - Processing file /home/airflow/.local/lib/python3.12/site-packages/airflow/example_dags/example_setup_teardown.py for tasks to queue
[2025-02-13T01:21:23.097+0000] {logging_mixin.py:190} INFO - [2025-02-13T01:21:23.096+0000] {dagbag.py:588} INFO - Filling up the DagBag from /home/airflow/.local/lib/python3.12/site-packages/airflow/example_dags/example_setup_teardown.py
[2025-02-13T01:21:23.123+0000] {processor.py:925} INFO - DAG(s) 'example_setup_teardown' retrieved from /home/airflow/.local/lib/python3.12/site-packages/airflow/example_dags/example_setup_teardown.py
[2025-02-13T01:21:23.185+0000] {logging_mixin.py:190} INFO - [2025-02-13T01:21:23.184+0000] {dag.py:3239} INFO - Sync 1 DAGs
[2025-02-13T01:21:23.256+0000] {logging_mixin.py:190} INFO - [2025-02-13T01:21:23.255+0000] {dag.py:4180} INFO - Setting next_dagrun for example_setup_teardown to None, run_after=None
[2025-02-13T01:21:23.300+0000] {processor.py:208} INFO - Processing /home/airflow/.local/lib/python3.12/site-packages/airflow/example_dags/example_setup_teardown.py took 0.216 seconds
[2025-02-13T01:21:54.361+0000] {processor.py:186} INFO - Started process (PID=141) to work on /home/airflow/.local/lib/python3.12/site-packages/airflow/example_dags/example_setup_teardown.py
[2025-02-13T01:21:54.362+0000] {processor.py:914} INFO - Processing file /home/airflow/.local/lib/python3.12/site-packages/airflow/example_dags/example_setup_teardown.py for tasks to queue
[2025-02-13T01:21:54.364+0000] {logging_mixin.py:190} INFO - [2025-02-13T01:21:54.364+0000] {dagbag.py:588} INFO - Filling up the DagBag from /home/airflow/.local/lib/python3.12/site-packages/airflow/example_dags/example_setup_teardown.py
[2025-02-13T01:21:54.373+0000] {processor.py:925} INFO - DAG(s) 'example_setup_teardown' retrieved from /home/airflow/.local/lib/python3.12/site-packages/airflow/example_dags/example_setup_teardown.py
[2025-02-13T01:21:54.397+0000] {logging_mixin.py:190} INFO - [2025-02-13T01:21:54.397+0000] {dag.py:3239} INFO - Sync 1 DAGs
[2025-02-13T01:21:54.413+0000] {logging_mixin.py:190} INFO - [2025-02-13T01:21:54.413+0000] {dag.py:4180} INFO - Setting next_dagrun for example_setup_teardown to None, run_after=None
[2025-02-13T01:21:54.456+0000] {processor.py:208} INFO - Processing /home/airflow/.local/lib/python3.12/site-packages/airflow/example_dags/example_setup_teardown.py took 0.102 seconds
[2025-02-13T01:22:25.419+0000] {processor.py:186} INFO - Started process (PID=208) to work on /home/airflow/.local/lib/python3.12/site-packages/airflow/example_dags/example_setup_teardown.py
[2025-02-13T01:22:25.420+0000] {processor.py:914} INFO - Processing file /home/airflow/.local/lib/python3.12/site-packages/airflow/example_dags/example_setup_teardown.py for tasks to queue
[2025-02-13T01:22:25.423+0000] {logging_mixin.py:190} INFO - [2025-02-13T01:22:25.422+0000] {dagbag.py:588} INFO - Filling up the DagBag from /home/airflow/.local/lib/python3.12/site-packages/airflow/example_dags/example_setup_teardown.py
[2025-02-13T01:22:25.436+0000] {processor.py:925} INFO - DAG(s) 'example_setup_teardown' retrieved from /home/airflow/.local/lib/python3.12/site-packages/airflow/example_dags/example_setup_teardown.py
[2025-02-13T01:22:25.460+0000] {logging_mixin.py:190} INFO - [2025-02-13T01:22:25.460+0000] {dag.py:3239} INFO - Sync 1 DAGs
[2025-02-13T01:22:25.480+0000] {logging_mixin.py:190} INFO - [2025-02-13T01:22:25.479+0000] {dag.py:4180} INFO - Setting next_dagrun for example_setup_teardown to None, run_after=None
[2025-02-13T01:22:25.501+0000] {processor.py:208} INFO - Processing /home/airflow/.local/lib/python3.12/site-packages/airflow/example_dags/example_setup_teardown.py took 0.093 seconds
[2025-02-13T01:22:56.340+0000] {processor.py:186} INFO - Started process (PID=274) to work on /home/airflow/.local/lib/python3.12/site-packages/airflow/example_dags/example_setup_teardown.py
[2025-02-13T01:22:56.341+0000] {processor.py:914} INFO - Processing file /home/airflow/.local/lib/python3.12/site-packages/airflow/example_dags/example_setup_teardown.py for tasks to queue
[2025-02-13T01:22:56.344+0000] {logging_mixin.py:190} INFO - [2025-02-13T01:22:56.344+0000] {dagbag.py:588} INFO - Filling up the DagBag from /home/airflow/.local/lib/python3.12/site-packages/airflow/example_dags/example_setup_teardown.py
[2025-02-13T01:22:56.353+0000] {processor.py:925} INFO - DAG(s) 'example_setup_teardown' retrieved from /home/airflow/.local/lib/python3.12/site-packages/airflow/example_dags/example_setup_teardown.py
[2025-02-13T01:22:56.375+0000] {logging_mixin.py:190} INFO - [2025-02-13T01:22:56.375+0000] {dag.py:3239} INFO - Sync 1 DAGs
[2025-02-13T01:22:56.391+0000] {logging_mixin.py:190} INFO - [2025-02-13T01:22:56.391+0000] {dag.py:4180} INFO - Setting next_dagrun for example_setup_teardown to None, run_after=None
[2025-02-13T01:22:56.412+0000] {processor.py:208} INFO - Processing /home/airflow/.local/lib/python3.12/site-packages/airflow/example_dags/example_setup_teardown.py took 0.079 seconds
[2025-02-13T01:24:18.272+0000] {processor.py:186} INFO - Started process (PID=70) to work on /home/airflow/.local/lib/python3.12/site-packages/airflow/example_dags/example_setup_teardown.py
[2025-02-13T01:24:18.273+0000] {processor.py:914} INFO - Processing file /home/airflow/.local/lib/python3.12/site-packages/airflow/example_dags/example_setup_teardown.py for tasks to queue
[2025-02-13T01:24:18.277+0000] {logging_mixin.py:190} INFO - [2025-02-13T01:24:18.276+0000] {dagbag.py:588} INFO - Filling up the DagBag from /home/airflow/.local/lib/python3.12/site-packages/airflow/example_dags/example_setup_teardown.py
[2025-02-13T01:24:18.290+0000] {processor.py:925} INFO - DAG(s) 'example_setup_teardown' retrieved from /home/airflow/.local/lib/python3.12/site-packages/airflow/example_dags/example_setup_teardown.py
[2025-02-13T01:24:18.320+0000] {logging_mixin.py:190} INFO - [2025-02-13T01:24:18.319+0000] {dag.py:3239} INFO - Sync 1 DAGs
[2025-02-13T01:24:18.339+0000] {logging_mixin.py:190} INFO - [2025-02-13T01:24:18.339+0000] {dag.py:4180} INFO - Setting next_dagrun for example_setup_teardown to None, run_after=None
[2025-02-13T01:24:18.392+0000] {processor.py:208} INFO - Processing /home/airflow/.local/lib/python3.12/site-packages/airflow/example_dags/example_setup_teardown.py took 0.127 seconds
[2025-02-13T01:24:49.179+0000] {processor.py:186} INFO - Started process (PID=136) to work on /home/airflow/.local/lib/python3.12/site-packages/airflow/example_dags/example_setup_teardown.py
[2025-02-13T01:24:49.181+0000] {processor.py:914} INFO - Processing file /home/airflow/.local/lib/python3.12/site-packages/airflow/example_dags/example_setup_teardown.py for tasks to queue
[2025-02-13T01:24:49.186+0000] {logging_mixin.py:190} INFO - [2025-02-13T01:24:49.185+0000] {dagbag.py:588} INFO - Filling up the DagBag from /home/airflow/.local/lib/python3.12/site-packages/airflow/example_dags/example_setup_teardown.py
[2025-02-13T01:24:49.199+0000] {processor.py:925} INFO - DAG(s) 'example_setup_teardown' retrieved from /home/airflow/.local/lib/python3.12/site-packages/airflow/example_dags/example_setup_teardown.py
[2025-02-13T01:24:49.223+0000] {logging_mixin.py:190} INFO - [2025-02-13T01:24:49.223+0000] {dag.py:3239} INFO - Sync 1 DAGs
[2025-02-13T01:24:49.242+0000] {logging_mixin.py:190} INFO - [2025-02-13T01:24:49.242+0000] {dag.py:4180} INFO - Setting next_dagrun for example_setup_teardown to None, run_after=None
[2025-02-13T01:24:49.265+0000] {processor.py:208} INFO - Processing /home/airflow/.local/lib/python3.12/site-packages/airflow/example_dags/example_setup_teardown.py took 0.093 seconds
[2025-02-13T01:25:20.574+0000] {processor.py:186} INFO - Started process (PID=202) to work on /home/airflow/.local/lib/python3.12/site-packages/airflow/example_dags/example_setup_teardown.py
[2025-02-13T01:25:20.575+0000] {processor.py:914} INFO - Processing file /home/airflow/.local/lib/python3.12/site-packages/airflow/example_dags/example_setup_teardown.py for tasks to queue
[2025-02-13T01:25:20.579+0000] {logging_mixin.py:190} INFO - [2025-02-13T01:25:20.578+0000] {dagbag.py:588} INFO - Filling up the DagBag from /home/airflow/.local/lib/python3.12/site-packages/airflow/example_dags/example_setup_teardown.py
[2025-02-13T01:25:20.590+0000] {processor.py:925} INFO - DAG(s) 'example_setup_teardown' retrieved from /home/airflow/.local/lib/python3.12/site-packages/airflow/example_dags/example_setup_teardown.py
[2025-02-13T01:25:20.628+0000] {logging_mixin.py:190} INFO - [2025-02-13T01:25:20.628+0000] {dag.py:3239} INFO - Sync 1 DAGs
[2025-02-13T01:25:20.652+0000] {logging_mixin.py:190} INFO - [2025-02-13T01:25:20.652+0000] {dag.py:4180} INFO - Setting next_dagrun for example_setup_teardown to None, run_after=None
[2025-02-13T01:25:20.697+0000] {processor.py:208} INFO - Processing /home/airflow/.local/lib/python3.12/site-packages/airflow/example_dags/example_setup_teardown.py took 0.130 seconds
[2025-02-13T01:25:51.446+0000] {processor.py:186} INFO - Started process (PID=275) to work on /home/airflow/.local/lib/python3.12/site-packages/airflow/example_dags/example_setup_teardown.py
[2025-02-13T01:25:51.447+0000] {processor.py:914} INFO - Processing file /home/airflow/.local/lib/python3.12/site-packages/airflow/example_dags/example_setup_teardown.py for tasks to queue
[2025-02-13T01:25:51.449+0000] {logging_mixin.py:190} INFO - [2025-02-13T01:25:51.449+0000] {dagbag.py:588} INFO - Filling up the DagBag from /home/airflow/.local/lib/python3.12/site-packages/airflow/example_dags/example_setup_teardown.py
[2025-02-13T01:25:51.458+0000] {processor.py:925} INFO - DAG(s) 'example_setup_teardown' retrieved from /home/airflow/.local/lib/python3.12/site-packages/airflow/example_dags/example_setup_teardown.py
[2025-02-13T01:25:51.479+0000] {logging_mixin.py:190} INFO - [2025-02-13T01:25:51.478+0000] {dag.py:3239} INFO - Sync 1 DAGs
[2025-02-13T01:25:51.497+0000] {logging_mixin.py:190} INFO - [2025-02-13T01:25:51.496+0000] {dag.py:4180} INFO - Setting next_dagrun for example_setup_teardown to None, run_after=None
[2025-02-13T01:25:51.517+0000] {processor.py:208} INFO - Processing /home/airflow/.local/lib/python3.12/site-packages/airflow/example_dags/example_setup_teardown.py took 0.077 seconds
[2025-02-13T01:26:23.461+0000] {processor.py:186} INFO - Started process (PID=341) to work on /home/airflow/.local/lib/python3.12/site-packages/airflow/example_dags/example_setup_teardown.py
[2025-02-13T01:26:23.465+0000] {processor.py:914} INFO - Processing file /home/airflow/.local/lib/python3.12/site-packages/airflow/example_dags/example_setup_teardown.py for tasks to queue
[2025-02-13T01:26:23.468+0000] {logging_mixin.py:190} INFO - [2025-02-13T01:26:23.467+0000] {dagbag.py:588} INFO - Filling up the DagBag from /home/airflow/.local/lib/python3.12/site-packages/airflow/example_dags/example_setup_teardown.py
[2025-02-13T01:26:23.481+0000] {processor.py:925} INFO - DAG(s) 'example_setup_teardown' retrieved from /home/airflow/.local/lib/python3.12/site-packages/airflow/example_dags/example_setup_teardown.py
[2025-02-13T01:26:23.510+0000] {logging_mixin.py:190} INFO - [2025-02-13T01:26:23.509+0000] {dag.py:3239} INFO - Sync 1 DAGs
[2025-02-13T01:26:23.537+0000] {logging_mixin.py:190} INFO - [2025-02-13T01:26:23.537+0000] {dag.py:4180} INFO - Setting next_dagrun for example_setup_teardown to None, run_after=None
[2025-02-13T01:26:23.568+0000] {processor.py:208} INFO - Processing /home/airflow/.local/lib/python3.12/site-packages/airflow/example_dags/example_setup_teardown.py took 0.115 seconds
[2025-02-13T23:48:40.416+0000] {processor.py:186} INFO - Started process (PID=76) to work on /home/airflow/.local/lib/python3.12/site-packages/airflow/example_dags/example_setup_teardown.py
[2025-02-13T23:48:40.425+0000] {processor.py:914} INFO - Processing file /home/airflow/.local/lib/python3.12/site-packages/airflow/example_dags/example_setup_teardown.py for tasks to queue
[2025-02-13T23:48:40.442+0000] {logging_mixin.py:190} INFO - [2025-02-13T23:48:40.441+0000] {dagbag.py:588} INFO - Filling up the DagBag from /home/airflow/.local/lib/python3.12/site-packages/airflow/example_dags/example_setup_teardown.py
[2025-02-13T23:48:40.478+0000] {processor.py:925} INFO - DAG(s) 'example_setup_teardown' retrieved from /home/airflow/.local/lib/python3.12/site-packages/airflow/example_dags/example_setup_teardown.py
[2025-02-13T23:48:40.542+0000] {logging_mixin.py:190} INFO - [2025-02-13T23:48:40.541+0000] {dag.py:3239} INFO - Sync 1 DAGs
[2025-02-13T23:48:40.606+0000] {logging_mixin.py:190} INFO - [2025-02-13T23:48:40.605+0000] {dag.py:4180} INFO - Setting next_dagrun for example_setup_teardown to None, run_after=None
[2025-02-13T23:48:40.669+0000] {processor.py:208} INFO - Processing /home/airflow/.local/lib/python3.12/site-packages/airflow/example_dags/example_setup_teardown.py took 0.272 seconds
[2025-02-13T23:49:18.274+0000] {processor.py:186} INFO - Started process (PID=148) to work on /home/airflow/.local/lib/python3.12/site-packages/airflow/example_dags/example_setup_teardown.py
[2025-02-13T23:49:18.278+0000] {processor.py:914} INFO - Processing file /home/airflow/.local/lib/python3.12/site-packages/airflow/example_dags/example_setup_teardown.py for tasks to queue
[2025-02-13T23:49:18.289+0000] {logging_mixin.py:190} INFO - [2025-02-13T23:49:18.288+0000] {dagbag.py:588} INFO - Filling up the DagBag from /home/airflow/.local/lib/python3.12/site-packages/airflow/example_dags/example_setup_teardown.py
[2025-02-13T23:49:18.314+0000] {processor.py:925} INFO - DAG(s) 'example_setup_teardown' retrieved from /home/airflow/.local/lib/python3.12/site-packages/airflow/example_dags/example_setup_teardown.py
[2025-02-13T23:49:18.366+0000] {logging_mixin.py:190} INFO - [2025-02-13T23:49:18.366+0000] {dag.py:3239} INFO - Sync 1 DAGs
[2025-02-13T23:49:18.411+0000] {logging_mixin.py:190} INFO - [2025-02-13T23:49:18.411+0000] {dag.py:4180} INFO - Setting next_dagrun for example_setup_teardown to None, run_after=None
[2025-02-13T23:49:18.472+0000] {processor.py:208} INFO - Processing /home/airflow/.local/lib/python3.12/site-packages/airflow/example_dags/example_setup_teardown.py took 0.215 seconds
[2025-02-13T23:49:49.325+0000] {processor.py:186} INFO - Started process (PID=214) to work on /home/airflow/.local/lib/python3.12/site-packages/airflow/example_dags/example_setup_teardown.py
[2025-02-13T23:49:49.326+0000] {processor.py:914} INFO - Processing file /home/airflow/.local/lib/python3.12/site-packages/airflow/example_dags/example_setup_teardown.py for tasks to queue
[2025-02-13T23:49:49.341+0000] {logging_mixin.py:190} INFO - [2025-02-13T23:49:49.341+0000] {dagbag.py:588} INFO - Filling up the DagBag from /home/airflow/.local/lib/python3.12/site-packages/airflow/example_dags/example_setup_teardown.py
[2025-02-13T23:49:49.359+0000] {processor.py:925} INFO - DAG(s) 'example_setup_teardown' retrieved from /home/airflow/.local/lib/python3.12/site-packages/airflow/example_dags/example_setup_teardown.py
[2025-02-13T23:49:49.406+0000] {logging_mixin.py:190} INFO - [2025-02-13T23:49:49.405+0000] {dag.py:3239} INFO - Sync 1 DAGs
[2025-02-13T23:49:49.451+0000] {logging_mixin.py:190} INFO - [2025-02-13T23:49:49.451+0000] {dag.py:4180} INFO - Setting next_dagrun for example_setup_teardown to None, run_after=None
[2025-02-13T23:49:49.553+0000] {processor.py:208} INFO - Processing /home/airflow/.local/lib/python3.12/site-packages/airflow/example_dags/example_setup_teardown.py took 0.236 seconds
[2025-02-13T23:50:22.266+0000] {processor.py:186} INFO - Started process (PID=280) to work on /home/airflow/.local/lib/python3.12/site-packages/airflow/example_dags/example_setup_teardown.py
[2025-02-13T23:50:22.268+0000] {processor.py:914} INFO - Processing file /home/airflow/.local/lib/python3.12/site-packages/airflow/example_dags/example_setup_teardown.py for tasks to queue
[2025-02-13T23:50:22.271+0000] {logging_mixin.py:190} INFO - [2025-02-13T23:50:22.270+0000] {dagbag.py:588} INFO - Filling up the DagBag from /home/airflow/.local/lib/python3.12/site-packages/airflow/example_dags/example_setup_teardown.py
[2025-02-13T23:50:22.292+0000] {processor.py:925} INFO - DAG(s) 'example_setup_teardown' retrieved from /home/airflow/.local/lib/python3.12/site-packages/airflow/example_dags/example_setup_teardown.py
[2025-02-13T23:50:22.392+0000] {logging_mixin.py:190} INFO - [2025-02-13T23:50:22.391+0000] {dag.py:3239} INFO - Sync 1 DAGs
[2025-02-13T23:50:22.424+0000] {logging_mixin.py:190} INFO - [2025-02-13T23:50:22.424+0000] {dag.py:4180} INFO - Setting next_dagrun for example_setup_teardown to None, run_after=None
[2025-02-13T23:50:22.460+0000] {processor.py:208} INFO - Processing /home/airflow/.local/lib/python3.12/site-packages/airflow/example_dags/example_setup_teardown.py took 0.209 seconds
[2025-02-13T23:50:53.161+0000] {processor.py:186} INFO - Started process (PID=345) to work on /home/airflow/.local/lib/python3.12/site-packages/airflow/example_dags/example_setup_teardown.py
[2025-02-13T23:50:53.163+0000] {processor.py:914} INFO - Processing file /home/airflow/.local/lib/python3.12/site-packages/airflow/example_dags/example_setup_teardown.py for tasks to queue
[2025-02-13T23:50:53.165+0000] {logging_mixin.py:190} INFO - [2025-02-13T23:50:53.165+0000] {dagbag.py:588} INFO - Filling up the DagBag from /home/airflow/.local/lib/python3.12/site-packages/airflow/example_dags/example_setup_teardown.py
[2025-02-13T23:50:53.178+0000] {processor.py:925} INFO - DAG(s) 'example_setup_teardown' retrieved from /home/airflow/.local/lib/python3.12/site-packages/airflow/example_dags/example_setup_teardown.py
[2025-02-13T23:50:53.214+0000] {logging_mixin.py:190} INFO - [2025-02-13T23:50:53.214+0000] {dag.py:3239} INFO - Sync 1 DAGs
[2025-02-13T23:50:53.244+0000] {logging_mixin.py:190} INFO - [2025-02-13T23:50:53.244+0000] {dag.py:4180} INFO - Setting next_dagrun for example_setup_teardown to None, run_after=None
[2025-02-13T23:50:53.282+0000] {processor.py:208} INFO - Processing /home/airflow/.local/lib/python3.12/site-packages/airflow/example_dags/example_setup_teardown.py took 0.131 seconds
[2025-02-13T23:51:24.683+0000] {processor.py:186} INFO - Started process (PID=411) to work on /home/airflow/.local/lib/python3.12/site-packages/airflow/example_dags/example_setup_teardown.py
[2025-02-13T23:51:24.685+0000] {processor.py:914} INFO - Processing file /home/airflow/.local/lib/python3.12/site-packages/airflow/example_dags/example_setup_teardown.py for tasks to queue
[2025-02-13T23:51:24.689+0000] {logging_mixin.py:190} INFO - [2025-02-13T23:51:24.688+0000] {dagbag.py:588} INFO - Filling up the DagBag from /home/airflow/.local/lib/python3.12/site-packages/airflow/example_dags/example_setup_teardown.py
[2025-02-13T23:51:24.702+0000] {processor.py:925} INFO - DAG(s) 'example_setup_teardown' retrieved from /home/airflow/.local/lib/python3.12/site-packages/airflow/example_dags/example_setup_teardown.py
[2025-02-13T23:51:24.754+0000] {logging_mixin.py:190} INFO - [2025-02-13T23:51:24.753+0000] {dag.py:3239} INFO - Sync 1 DAGs
[2025-02-13T23:51:24.794+0000] {logging_mixin.py:190} INFO - [2025-02-13T23:51:24.794+0000] {dag.py:4180} INFO - Setting next_dagrun for example_setup_teardown to None, run_after=None
[2025-02-13T23:51:24.853+0000] {processor.py:208} INFO - Processing /home/airflow/.local/lib/python3.12/site-packages/airflow/example_dags/example_setup_teardown.py took 0.185 seconds
[2025-02-13T23:51:57.114+0000] {processor.py:186} INFO - Started process (PID=476) to work on /home/airflow/.local/lib/python3.12/site-packages/airflow/example_dags/example_setup_teardown.py
[2025-02-13T23:51:57.141+0000] {processor.py:914} INFO - Processing file /home/airflow/.local/lib/python3.12/site-packages/airflow/example_dags/example_setup_teardown.py for tasks to queue
[2025-02-13T23:51:57.145+0000] {logging_mixin.py:190} INFO - [2025-02-13T23:51:57.144+0000] {dagbag.py:588} INFO - Filling up the DagBag from /home/airflow/.local/lib/python3.12/site-packages/airflow/example_dags/example_setup_teardown.py
[2025-02-13T23:51:57.174+0000] {processor.py:925} INFO - DAG(s) 'example_setup_teardown' retrieved from /home/airflow/.local/lib/python3.12/site-packages/airflow/example_dags/example_setup_teardown.py
[2025-02-13T23:51:57.262+0000] {logging_mixin.py:190} INFO - [2025-02-13T23:51:57.262+0000] {dag.py:3239} INFO - Sync 1 DAGs
[2025-02-13T23:51:57.310+0000] {logging_mixin.py:190} INFO - [2025-02-13T23:51:57.309+0000] {dag.py:4180} INFO - Setting next_dagrun for example_setup_teardown to None, run_after=None
[2025-02-13T23:51:57.419+0000] {processor.py:208} INFO - Processing /home/airflow/.local/lib/python3.12/site-packages/airflow/example_dags/example_setup_teardown.py took 0.313 seconds
[2025-02-13T23:52:30.643+0000] {processor.py:186} INFO - Started process (PID=543) to work on /home/airflow/.local/lib/python3.12/site-packages/airflow/example_dags/example_setup_teardown.py
[2025-02-13T23:52:30.657+0000] {processor.py:914} INFO - Processing file /home/airflow/.local/lib/python3.12/site-packages/airflow/example_dags/example_setup_teardown.py for tasks to queue
[2025-02-13T23:52:30.669+0000] {logging_mixin.py:190} INFO - [2025-02-13T23:52:30.669+0000] {dagbag.py:588} INFO - Filling up the DagBag from /home/airflow/.local/lib/python3.12/site-packages/airflow/example_dags/example_setup_teardown.py
[2025-02-13T23:52:30.704+0000] {processor.py:925} INFO - DAG(s) 'example_setup_teardown' retrieved from /home/airflow/.local/lib/python3.12/site-packages/airflow/example_dags/example_setup_teardown.py
[2025-02-13T23:52:30.797+0000] {logging_mixin.py:190} INFO - [2025-02-13T23:52:30.796+0000] {dag.py:3239} INFO - Sync 1 DAGs
[2025-02-13T23:52:30.852+0000] {logging_mixin.py:190} INFO - [2025-02-13T23:52:30.851+0000] {dag.py:4180} INFO - Setting next_dagrun for example_setup_teardown to None, run_after=None
[2025-02-13T23:52:30.928+0000] {processor.py:208} INFO - Processing /home/airflow/.local/lib/python3.12/site-packages/airflow/example_dags/example_setup_teardown.py took 0.318 seconds
[2025-02-13T23:53:02.822+0000] {processor.py:186} INFO - Started process (PID=609) to work on /home/airflow/.local/lib/python3.12/site-packages/airflow/example_dags/example_setup_teardown.py
[2025-02-13T23:53:02.824+0000] {processor.py:914} INFO - Processing file /home/airflow/.local/lib/python3.12/site-packages/airflow/example_dags/example_setup_teardown.py for tasks to queue
[2025-02-13T23:53:02.829+0000] {logging_mixin.py:190} INFO - [2025-02-13T23:53:02.828+0000] {dagbag.py:588} INFO - Filling up the DagBag from /home/airflow/.local/lib/python3.12/site-packages/airflow/example_dags/example_setup_teardown.py
[2025-02-13T23:53:02.857+0000] {processor.py:925} INFO - DAG(s) 'example_setup_teardown' retrieved from /home/airflow/.local/lib/python3.12/site-packages/airflow/example_dags/example_setup_teardown.py
[2025-02-13T23:53:02.922+0000] {logging_mixin.py:190} INFO - [2025-02-13T23:53:02.922+0000] {dag.py:3239} INFO - Sync 1 DAGs
[2025-02-13T23:53:02.977+0000] {logging_mixin.py:190} INFO - [2025-02-13T23:53:02.977+0000] {dag.py:4180} INFO - Setting next_dagrun for example_setup_teardown to None, run_after=None
[2025-02-13T23:53:03.035+0000] {processor.py:208} INFO - Processing /home/airflow/.local/lib/python3.12/site-packages/airflow/example_dags/example_setup_teardown.py took 0.237 seconds
[2025-02-13T23:53:33.614+0000] {processor.py:186} INFO - Started process (PID=676) to work on /home/airflow/.local/lib/python3.12/site-packages/airflow/example_dags/example_setup_teardown.py
[2025-02-13T23:53:33.615+0000] {processor.py:914} INFO - Processing file /home/airflow/.local/lib/python3.12/site-packages/airflow/example_dags/example_setup_teardown.py for tasks to queue
[2025-02-13T23:53:33.620+0000] {logging_mixin.py:190} INFO - [2025-02-13T23:53:33.619+0000] {dagbag.py:588} INFO - Filling up the DagBag from /home/airflow/.local/lib/python3.12/site-packages/airflow/example_dags/example_setup_teardown.py
[2025-02-13T23:53:33.630+0000] {processor.py:925} INFO - DAG(s) 'example_setup_teardown' retrieved from /home/airflow/.local/lib/python3.12/site-packages/airflow/example_dags/example_setup_teardown.py
[2025-02-13T23:53:33.654+0000] {logging_mixin.py:190} INFO - [2025-02-13T23:53:33.654+0000] {dag.py:3239} INFO - Sync 1 DAGs
[2025-02-13T23:53:33.672+0000] {logging_mixin.py:190} INFO - [2025-02-13T23:53:33.672+0000] {dag.py:4180} INFO - Setting next_dagrun for example_setup_teardown to None, run_after=None
[2025-02-13T23:53:33.702+0000] {processor.py:208} INFO - Processing /home/airflow/.local/lib/python3.12/site-packages/airflow/example_dags/example_setup_teardown.py took 0.094 seconds
[2025-02-13T23:54:04.299+0000] {processor.py:186} INFO - Started process (PID=743) to work on /home/airflow/.local/lib/python3.12/site-packages/airflow/example_dags/example_setup_teardown.py
[2025-02-13T23:54:04.301+0000] {processor.py:914} INFO - Processing file /home/airflow/.local/lib/python3.12/site-packages/airflow/example_dags/example_setup_teardown.py for tasks to queue
[2025-02-13T23:54:04.304+0000] {logging_mixin.py:190} INFO - [2025-02-13T23:54:04.304+0000] {dagbag.py:588} INFO - Filling up the DagBag from /home/airflow/.local/lib/python3.12/site-packages/airflow/example_dags/example_setup_teardown.py
[2025-02-13T23:54:04.319+0000] {processor.py:925} INFO - DAG(s) 'example_setup_teardown' retrieved from /home/airflow/.local/lib/python3.12/site-packages/airflow/example_dags/example_setup_teardown.py
[2025-02-13T23:54:04.358+0000] {logging_mixin.py:190} INFO - [2025-02-13T23:54:04.357+0000] {dag.py:3239} INFO - Sync 1 DAGs
[2025-02-13T23:54:04.383+0000] {logging_mixin.py:190} INFO - [2025-02-13T23:54:04.382+0000] {dag.py:4180} INFO - Setting next_dagrun for example_setup_teardown to None, run_after=None
[2025-02-13T23:54:04.414+0000] {processor.py:208} INFO - Processing /home/airflow/.local/lib/python3.12/site-packages/airflow/example_dags/example_setup_teardown.py took 0.123 seconds
[2025-02-13T23:54:34.501+0000] {processor.py:186} INFO - Started process (PID=809) to work on /home/airflow/.local/lib/python3.12/site-packages/airflow/example_dags/example_setup_teardown.py
[2025-02-13T23:54:34.502+0000] {processor.py:914} INFO - Processing file /home/airflow/.local/lib/python3.12/site-packages/airflow/example_dags/example_setup_teardown.py for tasks to queue
[2025-02-13T23:54:34.505+0000] {logging_mixin.py:190} INFO - [2025-02-13T23:54:34.505+0000] {dagbag.py:588} INFO - Filling up the DagBag from /home/airflow/.local/lib/python3.12/site-packages/airflow/example_dags/example_setup_teardown.py
[2025-02-13T23:54:34.516+0000] {processor.py:925} INFO - DAG(s) 'example_setup_teardown' retrieved from /home/airflow/.local/lib/python3.12/site-packages/airflow/example_dags/example_setup_teardown.py
[2025-02-13T23:54:34.543+0000] {logging_mixin.py:190} INFO - [2025-02-13T23:54:34.543+0000] {dag.py:3239} INFO - Sync 1 DAGs
[2025-02-13T23:54:34.561+0000] {logging_mixin.py:190} INFO - [2025-02-13T23:54:34.561+0000] {dag.py:4180} INFO - Setting next_dagrun for example_setup_teardown to None, run_after=None
[2025-02-13T23:54:34.585+0000] {processor.py:208} INFO - Processing /home/airflow/.local/lib/python3.12/site-packages/airflow/example_dags/example_setup_teardown.py took 0.091 seconds
[2025-02-13T23:55:05.602+0000] {processor.py:186} INFO - Started process (PID=875) to work on /home/airflow/.local/lib/python3.12/site-packages/airflow/example_dags/example_setup_teardown.py
[2025-02-13T23:55:05.603+0000] {processor.py:914} INFO - Processing file /home/airflow/.local/lib/python3.12/site-packages/airflow/example_dags/example_setup_teardown.py for tasks to queue
[2025-02-13T23:55:05.605+0000] {logging_mixin.py:190} INFO - [2025-02-13T23:55:05.605+0000] {dagbag.py:588} INFO - Filling up the DagBag from /home/airflow/.local/lib/python3.12/site-packages/airflow/example_dags/example_setup_teardown.py
[2025-02-13T23:55:05.614+0000] {processor.py:925} INFO - DAG(s) 'example_setup_teardown' retrieved from /home/airflow/.local/lib/python3.12/site-packages/airflow/example_dags/example_setup_teardown.py
[2025-02-13T23:55:05.632+0000] {logging_mixin.py:190} INFO - [2025-02-13T23:55:05.632+0000] {dag.py:3239} INFO - Sync 1 DAGs
[2025-02-13T23:55:05.647+0000] {logging_mixin.py:190} INFO - [2025-02-13T23:55:05.647+0000] {dag.py:4180} INFO - Setting next_dagrun for example_setup_teardown to None, run_after=None
[2025-02-13T23:55:05.667+0000] {processor.py:208} INFO - Processing /home/airflow/.local/lib/python3.12/site-packages/airflow/example_dags/example_setup_teardown.py took 0.073 seconds
[2025-02-13T23:55:36.834+0000] {processor.py:186} INFO - Started process (PID=942) to work on /home/airflow/.local/lib/python3.12/site-packages/airflow/example_dags/example_setup_teardown.py
[2025-02-13T23:55:36.835+0000] {processor.py:914} INFO - Processing file /home/airflow/.local/lib/python3.12/site-packages/airflow/example_dags/example_setup_teardown.py for tasks to queue
[2025-02-13T23:55:36.838+0000] {logging_mixin.py:190} INFO - [2025-02-13T23:55:36.838+0000] {dagbag.py:588} INFO - Filling up the DagBag from /home/airflow/.local/lib/python3.12/site-packages/airflow/example_dags/example_setup_teardown.py
[2025-02-13T23:55:36.847+0000] {processor.py:925} INFO - DAG(s) 'example_setup_teardown' retrieved from /home/airflow/.local/lib/python3.12/site-packages/airflow/example_dags/example_setup_teardown.py
[2025-02-13T23:55:36.869+0000] {logging_mixin.py:190} INFO - [2025-02-13T23:55:36.869+0000] {dag.py:3239} INFO - Sync 1 DAGs
[2025-02-13T23:55:36.886+0000] {logging_mixin.py:190} INFO - [2025-02-13T23:55:36.885+0000] {dag.py:4180} INFO - Setting next_dagrun for example_setup_teardown to None, run_after=None
[2025-02-13T23:55:36.907+0000] {processor.py:208} INFO - Processing /home/airflow/.local/lib/python3.12/site-packages/airflow/example_dags/example_setup_teardown.py took 0.079 seconds
[2025-02-13T23:56:08.033+0000] {processor.py:186} INFO - Started process (PID=1008) to work on /home/airflow/.local/lib/python3.12/site-packages/airflow/example_dags/example_setup_teardown.py
[2025-02-13T23:56:08.034+0000] {processor.py:914} INFO - Processing file /home/airflow/.local/lib/python3.12/site-packages/airflow/example_dags/example_setup_teardown.py for tasks to queue
[2025-02-13T23:56:08.036+0000] {logging_mixin.py:190} INFO - [2025-02-13T23:56:08.036+0000] {dagbag.py:588} INFO - Filling up the DagBag from /home/airflow/.local/lib/python3.12/site-packages/airflow/example_dags/example_setup_teardown.py
[2025-02-13T23:56:08.046+0000] {processor.py:925} INFO - DAG(s) 'example_setup_teardown' retrieved from /home/airflow/.local/lib/python3.12/site-packages/airflow/example_dags/example_setup_teardown.py
[2025-02-13T23:56:08.064+0000] {logging_mixin.py:190} INFO - [2025-02-13T23:56:08.064+0000] {dag.py:3239} INFO - Sync 1 DAGs
[2025-02-13T23:56:08.081+0000] {logging_mixin.py:190} INFO - [2025-02-13T23:56:08.081+0000] {dag.py:4180} INFO - Setting next_dagrun for example_setup_teardown to None, run_after=None
[2025-02-13T23:56:08.103+0000] {processor.py:208} INFO - Processing /home/airflow/.local/lib/python3.12/site-packages/airflow/example_dags/example_setup_teardown.py took 0.076 seconds
[2025-02-13T23:56:40.109+0000] {processor.py:186} INFO - Started process (PID=1074) to work on /home/airflow/.local/lib/python3.12/site-packages/airflow/example_dags/example_setup_teardown.py
[2025-02-13T23:56:40.110+0000] {processor.py:914} INFO - Processing file /home/airflow/.local/lib/python3.12/site-packages/airflow/example_dags/example_setup_teardown.py for tasks to queue
[2025-02-13T23:56:40.114+0000] {logging_mixin.py:190} INFO - [2025-02-13T23:56:40.113+0000] {dagbag.py:588} INFO - Filling up the DagBag from /home/airflow/.local/lib/python3.12/site-packages/airflow/example_dags/example_setup_teardown.py
[2025-02-13T23:56:40.126+0000] {processor.py:925} INFO - DAG(s) 'example_setup_teardown' retrieved from /home/airflow/.local/lib/python3.12/site-packages/airflow/example_dags/example_setup_teardown.py
[2025-02-13T23:56:40.149+0000] {logging_mixin.py:190} INFO - [2025-02-13T23:56:40.149+0000] {dag.py:3239} INFO - Sync 1 DAGs
[2025-02-13T23:56:40.169+0000] {logging_mixin.py:190} INFO - [2025-02-13T23:56:40.169+0000] {dag.py:4180} INFO - Setting next_dagrun for example_setup_teardown to None, run_after=None
[2025-02-13T23:56:40.190+0000] {processor.py:208} INFO - Processing /home/airflow/.local/lib/python3.12/site-packages/airflow/example_dags/example_setup_teardown.py took 0.090 seconds
[2025-02-13T23:57:11.098+0000] {processor.py:186} INFO - Started process (PID=1140) to work on /home/airflow/.local/lib/python3.12/site-packages/airflow/example_dags/example_setup_teardown.py
[2025-02-13T23:57:11.099+0000] {processor.py:914} INFO - Processing file /home/airflow/.local/lib/python3.12/site-packages/airflow/example_dags/example_setup_teardown.py for tasks to queue
[2025-02-13T23:57:11.102+0000] {logging_mixin.py:190} INFO - [2025-02-13T23:57:11.102+0000] {dagbag.py:588} INFO - Filling up the DagBag from /home/airflow/.local/lib/python3.12/site-packages/airflow/example_dags/example_setup_teardown.py
[2025-02-13T23:57:11.116+0000] {processor.py:925} INFO - DAG(s) 'example_setup_teardown' retrieved from /home/airflow/.local/lib/python3.12/site-packages/airflow/example_dags/example_setup_teardown.py
[2025-02-13T23:57:11.140+0000] {logging_mixin.py:190} INFO - [2025-02-13T23:57:11.139+0000] {dag.py:3239} INFO - Sync 1 DAGs
[2025-02-13T23:57:11.157+0000] {logging_mixin.py:190} INFO - [2025-02-13T23:57:11.157+0000] {dag.py:4180} INFO - Setting next_dagrun for example_setup_teardown to None, run_after=None
[2025-02-13T23:57:11.182+0000] {processor.py:208} INFO - Processing /home/airflow/.local/lib/python3.12/site-packages/airflow/example_dags/example_setup_teardown.py took 0.091 seconds
[2025-02-13T23:57:42.454+0000] {processor.py:186} INFO - Started process (PID=1205) to work on /home/airflow/.local/lib/python3.12/site-packages/airflow/example_dags/example_setup_teardown.py
[2025-02-13T23:57:42.455+0000] {processor.py:914} INFO - Processing file /home/airflow/.local/lib/python3.12/site-packages/airflow/example_dags/example_setup_teardown.py for tasks to queue
[2025-02-13T23:57:42.457+0000] {logging_mixin.py:190} INFO - [2025-02-13T23:57:42.457+0000] {dagbag.py:588} INFO - Filling up the DagBag from /home/airflow/.local/lib/python3.12/site-packages/airflow/example_dags/example_setup_teardown.py
[2025-02-13T23:57:42.466+0000] {processor.py:925} INFO - DAG(s) 'example_setup_teardown' retrieved from /home/airflow/.local/lib/python3.12/site-packages/airflow/example_dags/example_setup_teardown.py
[2025-02-13T23:57:42.492+0000] {logging_mixin.py:190} INFO - [2025-02-13T23:57:42.491+0000] {dag.py:3239} INFO - Sync 1 DAGs
[2025-02-13T23:57:42.508+0000] {logging_mixin.py:190} INFO - [2025-02-13T23:57:42.508+0000] {dag.py:4180} INFO - Setting next_dagrun for example_setup_teardown to None, run_after=None
[2025-02-13T23:57:42.531+0000] {processor.py:208} INFO - Processing /home/airflow/.local/lib/python3.12/site-packages/airflow/example_dags/example_setup_teardown.py took 0.085 seconds
[2025-02-13T23:58:13.668+0000] {processor.py:186} INFO - Started process (PID=1271) to work on /home/airflow/.local/lib/python3.12/site-packages/airflow/example_dags/example_setup_teardown.py
[2025-02-13T23:58:13.669+0000] {processor.py:914} INFO - Processing file /home/airflow/.local/lib/python3.12/site-packages/airflow/example_dags/example_setup_teardown.py for tasks to queue
[2025-02-13T23:58:13.672+0000] {logging_mixin.py:190} INFO - [2025-02-13T23:58:13.671+0000] {dagbag.py:588} INFO - Filling up the DagBag from /home/airflow/.local/lib/python3.12/site-packages/airflow/example_dags/example_setup_teardown.py
[2025-02-13T23:58:13.681+0000] {processor.py:925} INFO - DAG(s) 'example_setup_teardown' retrieved from /home/airflow/.local/lib/python3.12/site-packages/airflow/example_dags/example_setup_teardown.py
[2025-02-13T23:58:13.702+0000] {logging_mixin.py:190} INFO - [2025-02-13T23:58:13.702+0000] {dag.py:3239} INFO - Sync 1 DAGs
[2025-02-13T23:58:13.719+0000] {logging_mixin.py:190} INFO - [2025-02-13T23:58:13.719+0000] {dag.py:4180} INFO - Setting next_dagrun for example_setup_teardown to None, run_after=None
[2025-02-13T23:58:13.756+0000] {processor.py:208} INFO - Processing /home/airflow/.local/lib/python3.12/site-packages/airflow/example_dags/example_setup_teardown.py took 0.095 seconds
[2025-02-13T23:58:45.324+0000] {processor.py:186} INFO - Started process (PID=1337) to work on /home/airflow/.local/lib/python3.12/site-packages/airflow/example_dags/example_setup_teardown.py
[2025-02-13T23:58:45.325+0000] {processor.py:914} INFO - Processing file /home/airflow/.local/lib/python3.12/site-packages/airflow/example_dags/example_setup_teardown.py for tasks to queue
[2025-02-13T23:58:45.328+0000] {logging_mixin.py:190} INFO - [2025-02-13T23:58:45.327+0000] {dagbag.py:588} INFO - Filling up the DagBag from /home/airflow/.local/lib/python3.12/site-packages/airflow/example_dags/example_setup_teardown.py
[2025-02-13T23:58:45.337+0000] {processor.py:925} INFO - DAG(s) 'example_setup_teardown' retrieved from /home/airflow/.local/lib/python3.12/site-packages/airflow/example_dags/example_setup_teardown.py
[2025-02-13T23:58:45.355+0000] {logging_mixin.py:190} INFO - [2025-02-13T23:58:45.355+0000] {dag.py:3239} INFO - Sync 1 DAGs
[2025-02-13T23:58:45.371+0000] {logging_mixin.py:190} INFO - [2025-02-13T23:58:45.371+0000] {dag.py:4180} INFO - Setting next_dagrun for example_setup_teardown to None, run_after=None
[2025-02-13T23:58:45.392+0000] {processor.py:208} INFO - Processing /home/airflow/.local/lib/python3.12/site-packages/airflow/example_dags/example_setup_teardown.py took 0.074 seconds
[2025-02-13T23:59:16.754+0000] {processor.py:186} INFO - Started process (PID=1409) to work on /home/airflow/.local/lib/python3.12/site-packages/airflow/example_dags/example_setup_teardown.py
[2025-02-13T23:59:16.755+0000] {processor.py:914} INFO - Processing file /home/airflow/.local/lib/python3.12/site-packages/airflow/example_dags/example_setup_teardown.py for tasks to queue
[2025-02-13T23:59:16.758+0000] {logging_mixin.py:190} INFO - [2025-02-13T23:59:16.757+0000] {dagbag.py:588} INFO - Filling up the DagBag from /home/airflow/.local/lib/python3.12/site-packages/airflow/example_dags/example_setup_teardown.py
[2025-02-13T23:59:16.766+0000] {processor.py:925} INFO - DAG(s) 'example_setup_teardown' retrieved from /home/airflow/.local/lib/python3.12/site-packages/airflow/example_dags/example_setup_teardown.py
[2025-02-13T23:59:16.789+0000] {logging_mixin.py:190} INFO - [2025-02-13T23:59:16.788+0000] {dag.py:3239} INFO - Sync 1 DAGs
[2025-02-13T23:59:16.802+0000] {logging_mixin.py:190} INFO - [2025-02-13T23:59:16.802+0000] {dag.py:4180} INFO - Setting next_dagrun for example_setup_teardown to None, run_after=None
[2025-02-13T23:59:16.822+0000] {processor.py:208} INFO - Processing /home/airflow/.local/lib/python3.12/site-packages/airflow/example_dags/example_setup_teardown.py took 0.076 seconds
[2025-02-13T23:59:48.060+0000] {processor.py:186} INFO - Started process (PID=1475) to work on /home/airflow/.local/lib/python3.12/site-packages/airflow/example_dags/example_setup_teardown.py
[2025-02-13T23:59:48.062+0000] {processor.py:914} INFO - Processing file /home/airflow/.local/lib/python3.12/site-packages/airflow/example_dags/example_setup_teardown.py for tasks to queue
[2025-02-13T23:59:48.064+0000] {logging_mixin.py:190} INFO - [2025-02-13T23:59:48.064+0000] {dagbag.py:588} INFO - Filling up the DagBag from /home/airflow/.local/lib/python3.12/site-packages/airflow/example_dags/example_setup_teardown.py
[2025-02-13T23:59:48.072+0000] {processor.py:925} INFO - DAG(s) 'example_setup_teardown' retrieved from /home/airflow/.local/lib/python3.12/site-packages/airflow/example_dags/example_setup_teardown.py
[2025-02-13T23:59:48.094+0000] {logging_mixin.py:190} INFO - [2025-02-13T23:59:48.094+0000] {dag.py:3239} INFO - Sync 1 DAGs
[2025-02-13T23:59:48.111+0000] {logging_mixin.py:190} INFO - [2025-02-13T23:59:48.111+0000] {dag.py:4180} INFO - Setting next_dagrun for example_setup_teardown to None, run_after=None
[2025-02-13T23:59:48.134+0000] {processor.py:208} INFO - Processing /home/airflow/.local/lib/python3.12/site-packages/airflow/example_dags/example_setup_teardown.py took 0.079 seconds
