[2025-01-22T00:00:06.884+0000] {processor.py:186} INFO - Started process (PID=331) to work on /home/airflow/.local/lib/python3.12/site-packages/airflow/example_dags/example_branch_datetime_operator.py
[2025-01-22T00:00:06.888+0000] {processor.py:914} INFO - Processing file /home/airflow/.local/lib/python3.12/site-packages/airflow/example_dags/example_branch_datetime_operator.py for tasks to queue
[2025-01-22T00:00:06.892+0000] {logging_mixin.py:190} INFO - [2025-01-22T00:00:06.891+0000] {dagbag.py:588} INFO - Filling up the DagBag from /home/airflow/.local/lib/python3.12/site-packages/airflow/example_dags/example_branch_datetime_operator.py
[2025-01-22T00:00:06.933+0000] {processor.py:925} INFO - DAG(s) 'example_branch_datetime_operator_2', 'example_branch_datetime_operator_3', 'example_branch_datetime_operator' retrieved from /home/airflow/.local/lib/python3.12/site-packages/airflow/example_dags/example_branch_datetime_operator.py
[2025-01-22T00:00:07.023+0000] {logging_mixin.py:190} INFO - [2025-01-22T00:00:07.023+0000] {dag.py:3239} INFO - Sync 3 DAGs
[2025-01-22T00:00:07.068+0000] {logging_mixin.py:190} INFO - [2025-01-22T00:00:07.067+0000] {dag.py:4180} INFO - Setting next_dagrun for example_branch_datetime_operator to 2025-01-21 00:00:00+00:00, run_after=2025-01-22 00:00:00+00:00
[2025-01-22T00:00:07.085+0000] {logging_mixin.py:190} INFO - [2025-01-22T00:00:07.085+0000] {dag.py:4180} INFO - Setting next_dagrun for example_branch_datetime_operator_2 to 2025-01-21 00:00:00+00:00, run_after=2025-01-22 00:00:00+00:00
[2025-01-22T00:00:07.106+0000] {logging_mixin.py:190} INFO - [2025-01-22T00:00:07.106+0000] {dag.py:4180} INFO - Setting next_dagrun for example_branch_datetime_operator_3 to 2025-01-21 00:00:00+00:00, run_after=2025-01-22 00:00:00+00:00
[2025-01-22T00:00:07.146+0000] {processor.py:208} INFO - Processing /home/airflow/.local/lib/python3.12/site-packages/airflow/example_dags/example_branch_datetime_operator.py took 0.274 seconds
[2025-01-22T00:00:37.838+0000] {processor.py:186} INFO - Started process (PID=394) to work on /home/airflow/.local/lib/python3.12/site-packages/airflow/example_dags/example_branch_datetime_operator.py
[2025-01-22T00:00:37.839+0000] {processor.py:914} INFO - Processing file /home/airflow/.local/lib/python3.12/site-packages/airflow/example_dags/example_branch_datetime_operator.py for tasks to queue
[2025-01-22T00:00:37.843+0000] {logging_mixin.py:190} INFO - [2025-01-22T00:00:37.843+0000] {dagbag.py:588} INFO - Filling up the DagBag from /home/airflow/.local/lib/python3.12/site-packages/airflow/example_dags/example_branch_datetime_operator.py
[2025-01-22T00:00:37.886+0000] {processor.py:925} INFO - DAG(s) 'example_branch_datetime_operator_3', 'example_branch_datetime_operator', 'example_branch_datetime_operator_2' retrieved from /home/airflow/.local/lib/python3.12/site-packages/airflow/example_dags/example_branch_datetime_operator.py
[2025-01-22T00:00:37.950+0000] {logging_mixin.py:190} INFO - [2025-01-22T00:00:37.949+0000] {dag.py:3239} INFO - Sync 3 DAGs
[2025-01-22T00:00:37.987+0000] {logging_mixin.py:190} INFO - [2025-01-22T00:00:37.987+0000] {dag.py:4180} INFO - Setting next_dagrun for example_branch_datetime_operator to 2025-01-21 00:00:00+00:00, run_after=2025-01-22 00:00:00+00:00
[2025-01-22T00:00:37.994+0000] {logging_mixin.py:190} INFO - [2025-01-22T00:00:37.993+0000] {dag.py:4180} INFO - Setting next_dagrun for example_branch_datetime_operator_2 to 2025-01-21 00:00:00+00:00, run_after=2025-01-22 00:00:00+00:00
[2025-01-22T00:00:37.998+0000] {logging_mixin.py:190} INFO - [2025-01-22T00:00:37.998+0000] {dag.py:4180} INFO - Setting next_dagrun for example_branch_datetime_operator_3 to 2025-01-21 00:00:00+00:00, run_after=2025-01-22 00:00:00+00:00
[2025-01-22T00:00:38.019+0000] {processor.py:208} INFO - Processing /home/airflow/.local/lib/python3.12/site-packages/airflow/example_dags/example_branch_datetime_operator.py took 0.195 seconds
[2025-01-22T00:01:08.857+0000] {processor.py:186} INFO - Started process (PID=457) to work on /home/airflow/.local/lib/python3.12/site-packages/airflow/example_dags/example_branch_datetime_operator.py
[2025-01-22T00:01:08.858+0000] {processor.py:914} INFO - Processing file /home/airflow/.local/lib/python3.12/site-packages/airflow/example_dags/example_branch_datetime_operator.py for tasks to queue
[2025-01-22T00:01:08.861+0000] {logging_mixin.py:190} INFO - [2025-01-22T00:01:08.860+0000] {dagbag.py:588} INFO - Filling up the DagBag from /home/airflow/.local/lib/python3.12/site-packages/airflow/example_dags/example_branch_datetime_operator.py
[2025-01-22T00:01:08.880+0000] {processor.py:925} INFO - DAG(s) 'example_branch_datetime_operator_3', 'example_branch_datetime_operator_2', 'example_branch_datetime_operator' retrieved from /home/airflow/.local/lib/python3.12/site-packages/airflow/example_dags/example_branch_datetime_operator.py
[2025-01-22T00:01:08.912+0000] {logging_mixin.py:190} INFO - [2025-01-22T00:01:08.912+0000] {dag.py:3239} INFO - Sync 3 DAGs
[2025-01-22T00:01:08.941+0000] {logging_mixin.py:190} INFO - [2025-01-22T00:01:08.941+0000] {dag.py:4180} INFO - Setting next_dagrun for example_branch_datetime_operator to 2025-01-21 00:00:00+00:00, run_after=2025-01-22 00:00:00+00:00
[2025-01-22T00:01:08.946+0000] {logging_mixin.py:190} INFO - [2025-01-22T00:01:08.946+0000] {dag.py:4180} INFO - Setting next_dagrun for example_branch_datetime_operator_2 to 2025-01-21 00:00:00+00:00, run_after=2025-01-22 00:00:00+00:00
[2025-01-22T00:01:08.950+0000] {logging_mixin.py:190} INFO - [2025-01-22T00:01:08.950+0000] {dag.py:4180} INFO - Setting next_dagrun for example_branch_datetime_operator_3 to 2025-01-21 00:00:00+00:00, run_after=2025-01-22 00:00:00+00:00
[2025-01-22T00:01:08.968+0000] {processor.py:208} INFO - Processing /home/airflow/.local/lib/python3.12/site-packages/airflow/example_dags/example_branch_datetime_operator.py took 0.118 seconds
[2025-01-22T00:01:41.856+0000] {processor.py:186} INFO - Started process (PID=526) to work on /home/airflow/.local/lib/python3.12/site-packages/airflow/example_dags/example_branch_datetime_operator.py
[2025-01-22T00:01:41.857+0000] {processor.py:914} INFO - Processing file /home/airflow/.local/lib/python3.12/site-packages/airflow/example_dags/example_branch_datetime_operator.py for tasks to queue
[2025-01-22T00:01:41.870+0000] {logging_mixin.py:190} INFO - [2025-01-22T00:01:41.869+0000] {dagbag.py:588} INFO - Filling up the DagBag from /home/airflow/.local/lib/python3.12/site-packages/airflow/example_dags/example_branch_datetime_operator.py
[2025-01-22T00:01:41.918+0000] {processor.py:925} INFO - DAG(s) 'example_branch_datetime_operator_2', 'example_branch_datetime_operator', 'example_branch_datetime_operator_3' retrieved from /home/airflow/.local/lib/python3.12/site-packages/airflow/example_dags/example_branch_datetime_operator.py
[2025-01-22T00:01:41.990+0000] {logging_mixin.py:190} INFO - [2025-01-22T00:01:41.990+0000] {dag.py:3239} INFO - Sync 3 DAGs
[2025-01-22T00:01:42.041+0000] {logging_mixin.py:190} INFO - [2025-01-22T00:01:42.041+0000] {dag.py:4180} INFO - Setting next_dagrun for example_branch_datetime_operator to 2025-01-21 00:00:00+00:00, run_after=2025-01-22 00:00:00+00:00
[2025-01-22T00:01:42.049+0000] {logging_mixin.py:190} INFO - [2025-01-22T00:01:42.048+0000] {dag.py:4180} INFO - Setting next_dagrun for example_branch_datetime_operator_2 to 2025-01-21 00:00:00+00:00, run_after=2025-01-22 00:00:00+00:00
[2025-01-22T00:01:42.053+0000] {logging_mixin.py:190} INFO - [2025-01-22T00:01:42.052+0000] {dag.py:4180} INFO - Setting next_dagrun for example_branch_datetime_operator_3 to 2025-01-21 00:00:00+00:00, run_after=2025-01-22 00:00:00+00:00
[2025-01-22T00:01:42.084+0000] {processor.py:208} INFO - Processing /home/airflow/.local/lib/python3.12/site-packages/airflow/example_dags/example_branch_datetime_operator.py took 0.245 seconds
[2025-01-22T00:02:12.582+0000] {processor.py:186} INFO - Started process (PID=589) to work on /home/airflow/.local/lib/python3.12/site-packages/airflow/example_dags/example_branch_datetime_operator.py
[2025-01-22T00:02:12.583+0000] {processor.py:914} INFO - Processing file /home/airflow/.local/lib/python3.12/site-packages/airflow/example_dags/example_branch_datetime_operator.py for tasks to queue
[2025-01-22T00:02:12.587+0000] {logging_mixin.py:190} INFO - [2025-01-22T00:02:12.587+0000] {dagbag.py:588} INFO - Filling up the DagBag from /home/airflow/.local/lib/python3.12/site-packages/airflow/example_dags/example_branch_datetime_operator.py
[2025-01-22T00:02:12.604+0000] {processor.py:925} INFO - DAG(s) 'example_branch_datetime_operator_2', 'example_branch_datetime_operator', 'example_branch_datetime_operator_3' retrieved from /home/airflow/.local/lib/python3.12/site-packages/airflow/example_dags/example_branch_datetime_operator.py
[2025-01-22T00:02:12.664+0000] {logging_mixin.py:190} INFO - [2025-01-22T00:02:12.664+0000] {dag.py:3239} INFO - Sync 3 DAGs
[2025-01-22T00:02:12.706+0000] {logging_mixin.py:190} INFO - [2025-01-22T00:02:12.706+0000] {dag.py:4180} INFO - Setting next_dagrun for example_branch_datetime_operator to 2025-01-21 00:00:00+00:00, run_after=2025-01-22 00:00:00+00:00
[2025-01-22T00:02:12.718+0000] {logging_mixin.py:190} INFO - [2025-01-22T00:02:12.717+0000] {dag.py:4180} INFO - Setting next_dagrun for example_branch_datetime_operator_2 to 2025-01-21 00:00:00+00:00, run_after=2025-01-22 00:00:00+00:00
[2025-01-22T00:02:12.721+0000] {logging_mixin.py:190} INFO - [2025-01-22T00:02:12.721+0000] {dag.py:4180} INFO - Setting next_dagrun for example_branch_datetime_operator_3 to 2025-01-21 00:00:00+00:00, run_after=2025-01-22 00:00:00+00:00
[2025-01-22T00:02:12.743+0000] {processor.py:208} INFO - Processing /home/airflow/.local/lib/python3.12/site-packages/airflow/example_dags/example_branch_datetime_operator.py took 0.169 seconds
[2025-01-22T00:02:43.829+0000] {processor.py:186} INFO - Started process (PID=653) to work on /home/airflow/.local/lib/python3.12/site-packages/airflow/example_dags/example_branch_datetime_operator.py
[2025-01-22T00:02:43.830+0000] {processor.py:914} INFO - Processing file /home/airflow/.local/lib/python3.12/site-packages/airflow/example_dags/example_branch_datetime_operator.py for tasks to queue
[2025-01-22T00:02:43.833+0000] {logging_mixin.py:190} INFO - [2025-01-22T00:02:43.833+0000] {dagbag.py:588} INFO - Filling up the DagBag from /home/airflow/.local/lib/python3.12/site-packages/airflow/example_dags/example_branch_datetime_operator.py
[2025-01-22T00:02:43.846+0000] {processor.py:925} INFO - DAG(s) 'example_branch_datetime_operator', 'example_branch_datetime_operator_2', 'example_branch_datetime_operator_3' retrieved from /home/airflow/.local/lib/python3.12/site-packages/airflow/example_dags/example_branch_datetime_operator.py
[2025-01-22T00:02:43.876+0000] {logging_mixin.py:190} INFO - [2025-01-22T00:02:43.876+0000] {dag.py:3239} INFO - Sync 3 DAGs
[2025-01-22T00:02:43.904+0000] {logging_mixin.py:190} INFO - [2025-01-22T00:02:43.904+0000] {dag.py:4180} INFO - Setting next_dagrun for example_branch_datetime_operator to 2025-01-21 00:00:00+00:00, run_after=2025-01-22 00:00:00+00:00
[2025-01-22T00:02:43.909+0000] {logging_mixin.py:190} INFO - [2025-01-22T00:02:43.909+0000] {dag.py:4180} INFO - Setting next_dagrun for example_branch_datetime_operator_2 to 2025-01-21 00:00:00+00:00, run_after=2025-01-22 00:00:00+00:00
[2025-01-22T00:02:43.913+0000] {logging_mixin.py:190} INFO - [2025-01-22T00:02:43.912+0000] {dag.py:4180} INFO - Setting next_dagrun for example_branch_datetime_operator_3 to 2025-01-21 00:00:00+00:00, run_after=2025-01-22 00:00:00+00:00
[2025-01-22T00:02:43.932+0000] {processor.py:208} INFO - Processing /home/airflow/.local/lib/python3.12/site-packages/airflow/example_dags/example_branch_datetime_operator.py took 0.109 seconds
[2025-01-22T00:03:15.607+0000] {processor.py:186} INFO - Started process (PID=718) to work on /home/airflow/.local/lib/python3.12/site-packages/airflow/example_dags/example_branch_datetime_operator.py
[2025-01-22T00:03:15.608+0000] {processor.py:914} INFO - Processing file /home/airflow/.local/lib/python3.12/site-packages/airflow/example_dags/example_branch_datetime_operator.py for tasks to queue
[2025-01-22T00:03:15.611+0000] {logging_mixin.py:190} INFO - [2025-01-22T00:03:15.611+0000] {dagbag.py:588} INFO - Filling up the DagBag from /home/airflow/.local/lib/python3.12/site-packages/airflow/example_dags/example_branch_datetime_operator.py
[2025-01-22T00:03:15.634+0000] {processor.py:925} INFO - DAG(s) 'example_branch_datetime_operator', 'example_branch_datetime_operator_3', 'example_branch_datetime_operator_2' retrieved from /home/airflow/.local/lib/python3.12/site-packages/airflow/example_dags/example_branch_datetime_operator.py
[2025-01-22T00:03:15.676+0000] {logging_mixin.py:190} INFO - [2025-01-22T00:03:15.676+0000] {dag.py:3239} INFO - Sync 3 DAGs
[2025-01-22T00:03:15.718+0000] {logging_mixin.py:190} INFO - [2025-01-22T00:03:15.717+0000] {dag.py:4180} INFO - Setting next_dagrun for example_branch_datetime_operator to 2025-01-21 00:00:00+00:00, run_after=2025-01-22 00:00:00+00:00
[2025-01-22T00:03:15.725+0000] {logging_mixin.py:190} INFO - [2025-01-22T00:03:15.725+0000] {dag.py:4180} INFO - Setting next_dagrun for example_branch_datetime_operator_2 to 2025-01-21 00:00:00+00:00, run_after=2025-01-22 00:00:00+00:00
[2025-01-22T00:03:15.729+0000] {logging_mixin.py:190} INFO - [2025-01-22T00:03:15.729+0000] {dag.py:4180} INFO - Setting next_dagrun for example_branch_datetime_operator_3 to 2025-01-21 00:00:00+00:00, run_after=2025-01-22 00:00:00+00:00
[2025-01-22T00:03:15.756+0000] {processor.py:208} INFO - Processing /home/airflow/.local/lib/python3.12/site-packages/airflow/example_dags/example_branch_datetime_operator.py took 0.156 seconds
[2025-01-22T00:03:46.599+0000] {processor.py:186} INFO - Started process (PID=781) to work on /home/airflow/.local/lib/python3.12/site-packages/airflow/example_dags/example_branch_datetime_operator.py
[2025-01-22T00:03:46.600+0000] {processor.py:914} INFO - Processing file /home/airflow/.local/lib/python3.12/site-packages/airflow/example_dags/example_branch_datetime_operator.py for tasks to queue
[2025-01-22T00:03:46.603+0000] {logging_mixin.py:190} INFO - [2025-01-22T00:03:46.602+0000] {dagbag.py:588} INFO - Filling up the DagBag from /home/airflow/.local/lib/python3.12/site-packages/airflow/example_dags/example_branch_datetime_operator.py
[2025-01-22T00:03:46.616+0000] {processor.py:925} INFO - DAG(s) 'example_branch_datetime_operator', 'example_branch_datetime_operator_3', 'example_branch_datetime_operator_2' retrieved from /home/airflow/.local/lib/python3.12/site-packages/airflow/example_dags/example_branch_datetime_operator.py
[2025-01-22T00:03:46.651+0000] {logging_mixin.py:190} INFO - [2025-01-22T00:03:46.651+0000] {dag.py:3239} INFO - Sync 3 DAGs
[2025-01-22T00:03:46.679+0000] {logging_mixin.py:190} INFO - [2025-01-22T00:03:46.679+0000] {dag.py:4180} INFO - Setting next_dagrun for example_branch_datetime_operator to 2025-01-21 00:00:00+00:00, run_after=2025-01-22 00:00:00+00:00
[2025-01-22T00:03:46.686+0000] {logging_mixin.py:190} INFO - [2025-01-22T00:03:46.685+0000] {dag.py:4180} INFO - Setting next_dagrun for example_branch_datetime_operator_2 to 2025-01-21 00:00:00+00:00, run_after=2025-01-22 00:00:00+00:00
[2025-01-22T00:03:46.690+0000] {logging_mixin.py:190} INFO - [2025-01-22T00:03:46.689+0000] {dag.py:4180} INFO - Setting next_dagrun for example_branch_datetime_operator_3 to 2025-01-21 00:00:00+00:00, run_after=2025-01-22 00:00:00+00:00
[2025-01-22T00:03:46.711+0000] {processor.py:208} INFO - Processing /home/airflow/.local/lib/python3.12/site-packages/airflow/example_dags/example_branch_datetime_operator.py took 0.120 seconds
[2025-01-22T00:04:18.471+0000] {processor.py:186} INFO - Started process (PID=845) to work on /home/airflow/.local/lib/python3.12/site-packages/airflow/example_dags/example_branch_datetime_operator.py
[2025-01-22T00:04:18.472+0000] {processor.py:914} INFO - Processing file /home/airflow/.local/lib/python3.12/site-packages/airflow/example_dags/example_branch_datetime_operator.py for tasks to queue
[2025-01-22T00:04:18.474+0000] {logging_mixin.py:190} INFO - [2025-01-22T00:04:18.474+0000] {dagbag.py:588} INFO - Filling up the DagBag from /home/airflow/.local/lib/python3.12/site-packages/airflow/example_dags/example_branch_datetime_operator.py
[2025-01-22T00:04:18.488+0000] {processor.py:925} INFO - DAG(s) 'example_branch_datetime_operator_2', 'example_branch_datetime_operator', 'example_branch_datetime_operator_3' retrieved from /home/airflow/.local/lib/python3.12/site-packages/airflow/example_dags/example_branch_datetime_operator.py
[2025-01-22T00:04:18.512+0000] {logging_mixin.py:190} INFO - [2025-01-22T00:04:18.512+0000] {dag.py:3239} INFO - Sync 3 DAGs
[2025-01-22T00:04:18.537+0000] {logging_mixin.py:190} INFO - [2025-01-22T00:04:18.536+0000] {dag.py:4180} INFO - Setting next_dagrun for example_branch_datetime_operator to 2025-01-21 00:00:00+00:00, run_after=2025-01-22 00:00:00+00:00
[2025-01-22T00:04:18.542+0000] {logging_mixin.py:190} INFO - [2025-01-22T00:04:18.541+0000] {dag.py:4180} INFO - Setting next_dagrun for example_branch_datetime_operator_2 to 2025-01-21 00:00:00+00:00, run_after=2025-01-22 00:00:00+00:00
[2025-01-22T00:04:18.544+0000] {logging_mixin.py:190} INFO - [2025-01-22T00:04:18.544+0000] {dag.py:4180} INFO - Setting next_dagrun for example_branch_datetime_operator_3 to 2025-01-21 00:00:00+00:00, run_after=2025-01-22 00:00:00+00:00
[2025-01-22T00:04:18.561+0000] {processor.py:208} INFO - Processing /home/airflow/.local/lib/python3.12/site-packages/airflow/example_dags/example_branch_datetime_operator.py took 0.097 seconds
[2025-01-22T00:04:50.186+0000] {processor.py:186} INFO - Started process (PID=908) to work on /home/airflow/.local/lib/python3.12/site-packages/airflow/example_dags/example_branch_datetime_operator.py
[2025-01-22T00:04:50.187+0000] {processor.py:914} INFO - Processing file /home/airflow/.local/lib/python3.12/site-packages/airflow/example_dags/example_branch_datetime_operator.py for tasks to queue
[2025-01-22T00:04:50.192+0000] {logging_mixin.py:190} INFO - [2025-01-22T00:04:50.191+0000] {dagbag.py:588} INFO - Filling up the DagBag from /home/airflow/.local/lib/python3.12/site-packages/airflow/example_dags/example_branch_datetime_operator.py
[2025-01-22T00:04:50.206+0000] {processor.py:925} INFO - DAG(s) 'example_branch_datetime_operator_3', 'example_branch_datetime_operator_2', 'example_branch_datetime_operator' retrieved from /home/airflow/.local/lib/python3.12/site-packages/airflow/example_dags/example_branch_datetime_operator.py
[2025-01-22T00:04:50.241+0000] {logging_mixin.py:190} INFO - [2025-01-22T00:04:50.241+0000] {dag.py:3239} INFO - Sync 3 DAGs
[2025-01-22T00:04:50.271+0000] {logging_mixin.py:190} INFO - [2025-01-22T00:04:50.271+0000] {dag.py:4180} INFO - Setting next_dagrun for example_branch_datetime_operator to 2025-01-21 00:00:00+00:00, run_after=2025-01-22 00:00:00+00:00
[2025-01-22T00:04:50.278+0000] {logging_mixin.py:190} INFO - [2025-01-22T00:04:50.277+0000] {dag.py:4180} INFO - Setting next_dagrun for example_branch_datetime_operator_2 to 2025-01-21 00:00:00+00:00, run_after=2025-01-22 00:00:00+00:00
[2025-01-22T00:04:50.281+0000] {logging_mixin.py:190} INFO - [2025-01-22T00:04:50.281+0000] {dag.py:4180} INFO - Setting next_dagrun for example_branch_datetime_operator_3 to 2025-01-21 00:00:00+00:00, run_after=2025-01-22 00:00:00+00:00
[2025-01-22T00:04:50.307+0000] {processor.py:208} INFO - Processing /home/airflow/.local/lib/python3.12/site-packages/airflow/example_dags/example_branch_datetime_operator.py took 0.126 seconds
[2025-01-22T00:05:21.341+0000] {processor.py:186} INFO - Started process (PID=973) to work on /home/airflow/.local/lib/python3.12/site-packages/airflow/example_dags/example_branch_datetime_operator.py
[2025-01-22T00:05:21.342+0000] {processor.py:914} INFO - Processing file /home/airflow/.local/lib/python3.12/site-packages/airflow/example_dags/example_branch_datetime_operator.py for tasks to queue
[2025-01-22T00:05:21.344+0000] {logging_mixin.py:190} INFO - [2025-01-22T00:05:21.344+0000] {dagbag.py:588} INFO - Filling up the DagBag from /home/airflow/.local/lib/python3.12/site-packages/airflow/example_dags/example_branch_datetime_operator.py
[2025-01-22T00:05:21.357+0000] {processor.py:925} INFO - DAG(s) 'example_branch_datetime_operator', 'example_branch_datetime_operator_2', 'example_branch_datetime_operator_3' retrieved from /home/airflow/.local/lib/python3.12/site-packages/airflow/example_dags/example_branch_datetime_operator.py
[2025-01-22T00:05:21.386+0000] {logging_mixin.py:190} INFO - [2025-01-22T00:05:21.386+0000] {dag.py:3239} INFO - Sync 3 DAGs
[2025-01-22T00:05:21.417+0000] {logging_mixin.py:190} INFO - [2025-01-22T00:05:21.417+0000] {dag.py:4180} INFO - Setting next_dagrun for example_branch_datetime_operator to 2025-01-21 00:00:00+00:00, run_after=2025-01-22 00:00:00+00:00
[2025-01-22T00:05:21.423+0000] {logging_mixin.py:190} INFO - [2025-01-22T00:05:21.423+0000] {dag.py:4180} INFO - Setting next_dagrun for example_branch_datetime_operator_2 to 2025-01-21 00:00:00+00:00, run_after=2025-01-22 00:00:00+00:00
[2025-01-22T00:05:21.426+0000] {logging_mixin.py:190} INFO - [2025-01-22T00:05:21.426+0000] {dag.py:4180} INFO - Setting next_dagrun for example_branch_datetime_operator_3 to 2025-01-21 00:00:00+00:00, run_after=2025-01-22 00:00:00+00:00
[2025-01-22T00:05:21.444+0000] {processor.py:208} INFO - Processing /home/airflow/.local/lib/python3.12/site-packages/airflow/example_dags/example_branch_datetime_operator.py took 0.110 seconds
[2025-01-22T00:06:00.513+0000] {processor.py:186} INFO - Started process (PID=1043) to work on /home/airflow/.local/lib/python3.12/site-packages/airflow/example_dags/example_branch_datetime_operator.py
[2025-01-22T00:06:00.519+0000] {processor.py:914} INFO - Processing file /home/airflow/.local/lib/python3.12/site-packages/airflow/example_dags/example_branch_datetime_operator.py for tasks to queue
[2025-01-22T00:06:00.527+0000] {logging_mixin.py:190} INFO - [2025-01-22T00:06:00.527+0000] {dagbag.py:588} INFO - Filling up the DagBag from /home/airflow/.local/lib/python3.12/site-packages/airflow/example_dags/example_branch_datetime_operator.py
[2025-01-22T00:06:00.566+0000] {processor.py:925} INFO - DAG(s) 'example_branch_datetime_operator_2', 'example_branch_datetime_operator', 'example_branch_datetime_operator_3' retrieved from /home/airflow/.local/lib/python3.12/site-packages/airflow/example_dags/example_branch_datetime_operator.py
[2025-01-22T00:06:00.690+0000] {logging_mixin.py:190} INFO - [2025-01-22T00:06:00.689+0000] {dag.py:3239} INFO - Sync 3 DAGs
[2025-01-22T00:06:00.804+0000] {logging_mixin.py:190} INFO - [2025-01-22T00:06:00.804+0000] {dag.py:4180} INFO - Setting next_dagrun for example_branch_datetime_operator to 2025-01-21 00:00:00+00:00, run_after=2025-01-22 00:00:00+00:00
[2025-01-22T00:06:00.834+0000] {logging_mixin.py:190} INFO - [2025-01-22T00:06:00.834+0000] {dag.py:4180} INFO - Setting next_dagrun for example_branch_datetime_operator_2 to 2025-01-21 00:00:00+00:00, run_after=2025-01-22 00:00:00+00:00
[2025-01-22T00:06:00.850+0000] {logging_mixin.py:190} INFO - [2025-01-22T00:06:00.850+0000] {dag.py:4180} INFO - Setting next_dagrun for example_branch_datetime_operator_3 to 2025-01-21 00:00:00+00:00, run_after=2025-01-22 00:00:00+00:00
[2025-01-22T00:06:00.934+0000] {processor.py:208} INFO - Processing /home/airflow/.local/lib/python3.12/site-packages/airflow/example_dags/example_branch_datetime_operator.py took 0.449 seconds
[2025-01-22T00:06:31.830+0000] {processor.py:186} INFO - Started process (PID=1106) to work on /home/airflow/.local/lib/python3.12/site-packages/airflow/example_dags/example_branch_datetime_operator.py
[2025-01-22T00:06:31.831+0000] {processor.py:914} INFO - Processing file /home/airflow/.local/lib/python3.12/site-packages/airflow/example_dags/example_branch_datetime_operator.py for tasks to queue
[2025-01-22T00:06:31.836+0000] {logging_mixin.py:190} INFO - [2025-01-22T00:06:31.834+0000] {dagbag.py:588} INFO - Filling up the DagBag from /home/airflow/.local/lib/python3.12/site-packages/airflow/example_dags/example_branch_datetime_operator.py
[2025-01-22T00:06:31.850+0000] {processor.py:925} INFO - DAG(s) 'example_branch_datetime_operator_2', 'example_branch_datetime_operator', 'example_branch_datetime_operator_3' retrieved from /home/airflow/.local/lib/python3.12/site-packages/airflow/example_dags/example_branch_datetime_operator.py
[2025-01-22T00:06:31.883+0000] {logging_mixin.py:190} INFO - [2025-01-22T00:06:31.882+0000] {dag.py:3239} INFO - Sync 3 DAGs
[2025-01-22T00:06:31.909+0000] {logging_mixin.py:190} INFO - [2025-01-22T00:06:31.908+0000] {dag.py:4180} INFO - Setting next_dagrun for example_branch_datetime_operator to 2025-01-21 00:00:00+00:00, run_after=2025-01-22 00:00:00+00:00
[2025-01-22T00:06:31.915+0000] {logging_mixin.py:190} INFO - [2025-01-22T00:06:31.915+0000] {dag.py:4180} INFO - Setting next_dagrun for example_branch_datetime_operator_2 to 2025-01-21 00:00:00+00:00, run_after=2025-01-22 00:00:00+00:00
[2025-01-22T00:06:31.918+0000] {logging_mixin.py:190} INFO - [2025-01-22T00:06:31.918+0000] {dag.py:4180} INFO - Setting next_dagrun for example_branch_datetime_operator_3 to 2025-01-21 00:00:00+00:00, run_after=2025-01-22 00:00:00+00:00
[2025-01-22T00:06:31.938+0000] {processor.py:208} INFO - Processing /home/airflow/.local/lib/python3.12/site-packages/airflow/example_dags/example_branch_datetime_operator.py took 0.115 seconds
[2025-01-22T00:07:02.066+0000] {processor.py:186} INFO - Started process (PID=1168) to work on /home/airflow/.local/lib/python3.12/site-packages/airflow/example_dags/example_branch_datetime_operator.py
[2025-01-22T00:07:02.067+0000] {processor.py:914} INFO - Processing file /home/airflow/.local/lib/python3.12/site-packages/airflow/example_dags/example_branch_datetime_operator.py for tasks to queue
[2025-01-22T00:07:02.070+0000] {logging_mixin.py:190} INFO - [2025-01-22T00:07:02.070+0000] {dagbag.py:588} INFO - Filling up the DagBag from /home/airflow/.local/lib/python3.12/site-packages/airflow/example_dags/example_branch_datetime_operator.py
[2025-01-22T00:07:02.117+0000] {processor.py:925} INFO - DAG(s) 'example_branch_datetime_operator_3', 'example_branch_datetime_operator_2', 'example_branch_datetime_operator' retrieved from /home/airflow/.local/lib/python3.12/site-packages/airflow/example_dags/example_branch_datetime_operator.py
[2025-01-22T00:07:02.175+0000] {logging_mixin.py:190} INFO - [2025-01-22T00:07:02.175+0000] {dag.py:3239} INFO - Sync 3 DAGs
[2025-01-22T00:07:02.236+0000] {logging_mixin.py:190} INFO - [2025-01-22T00:07:02.235+0000] {dag.py:4180} INFO - Setting next_dagrun for example_branch_datetime_operator to 2025-01-21 00:00:00+00:00, run_after=2025-01-22 00:00:00+00:00
[2025-01-22T00:07:02.249+0000] {logging_mixin.py:190} INFO - [2025-01-22T00:07:02.249+0000] {dag.py:4180} INFO - Setting next_dagrun for example_branch_datetime_operator_2 to 2025-01-21 00:00:00+00:00, run_after=2025-01-22 00:00:00+00:00
[2025-01-22T00:07:02.256+0000] {logging_mixin.py:190} INFO - [2025-01-22T00:07:02.254+0000] {dag.py:4180} INFO - Setting next_dagrun for example_branch_datetime_operator_3 to 2025-01-21 00:00:00+00:00, run_after=2025-01-22 00:00:00+00:00
[2025-01-22T00:07:02.294+0000] {processor.py:208} INFO - Processing /home/airflow/.local/lib/python3.12/site-packages/airflow/example_dags/example_branch_datetime_operator.py took 0.245 seconds
[2025-01-22T00:07:32.425+0000] {processor.py:186} INFO - Started process (PID=1231) to work on /home/airflow/.local/lib/python3.12/site-packages/airflow/example_dags/example_branch_datetime_operator.py
[2025-01-22T00:07:32.428+0000] {processor.py:914} INFO - Processing file /home/airflow/.local/lib/python3.12/site-packages/airflow/example_dags/example_branch_datetime_operator.py for tasks to queue
[2025-01-22T00:07:32.431+0000] {logging_mixin.py:190} INFO - [2025-01-22T00:07:32.431+0000] {dagbag.py:588} INFO - Filling up the DagBag from /home/airflow/.local/lib/python3.12/site-packages/airflow/example_dags/example_branch_datetime_operator.py
[2025-01-22T00:07:32.449+0000] {processor.py:925} INFO - DAG(s) 'example_branch_datetime_operator_3', 'example_branch_datetime_operator', 'example_branch_datetime_operator_2' retrieved from /home/airflow/.local/lib/python3.12/site-packages/airflow/example_dags/example_branch_datetime_operator.py
[2025-01-22T00:07:32.505+0000] {logging_mixin.py:190} INFO - [2025-01-22T00:07:32.505+0000] {dag.py:3239} INFO - Sync 3 DAGs
[2025-01-22T00:07:32.549+0000] {logging_mixin.py:190} INFO - [2025-01-22T00:07:32.549+0000] {dag.py:4180} INFO - Setting next_dagrun for example_branch_datetime_operator to 2025-01-21 00:00:00+00:00, run_after=2025-01-22 00:00:00+00:00
[2025-01-22T00:07:32.554+0000] {logging_mixin.py:190} INFO - [2025-01-22T00:07:32.554+0000] {dag.py:4180} INFO - Setting next_dagrun for example_branch_datetime_operator_2 to 2025-01-21 00:00:00+00:00, run_after=2025-01-22 00:00:00+00:00
[2025-01-22T00:07:32.557+0000] {logging_mixin.py:190} INFO - [2025-01-22T00:07:32.557+0000] {dag.py:4180} INFO - Setting next_dagrun for example_branch_datetime_operator_3 to 2025-01-21 00:00:00+00:00, run_after=2025-01-22 00:00:00+00:00
[2025-01-22T00:07:32.579+0000] {processor.py:208} INFO - Processing /home/airflow/.local/lib/python3.12/site-packages/airflow/example_dags/example_branch_datetime_operator.py took 0.168 seconds
[2025-01-22T00:08:03.072+0000] {processor.py:186} INFO - Started process (PID=1294) to work on /home/airflow/.local/lib/python3.12/site-packages/airflow/example_dags/example_branch_datetime_operator.py
[2025-01-22T00:08:03.074+0000] {processor.py:914} INFO - Processing file /home/airflow/.local/lib/python3.12/site-packages/airflow/example_dags/example_branch_datetime_operator.py for tasks to queue
[2025-01-22T00:08:03.076+0000] {logging_mixin.py:190} INFO - [2025-01-22T00:08:03.076+0000] {dagbag.py:588} INFO - Filling up the DagBag from /home/airflow/.local/lib/python3.12/site-packages/airflow/example_dags/example_branch_datetime_operator.py
[2025-01-22T00:08:03.092+0000] {processor.py:925} INFO - DAG(s) 'example_branch_datetime_operator_2', 'example_branch_datetime_operator', 'example_branch_datetime_operator_3' retrieved from /home/airflow/.local/lib/python3.12/site-packages/airflow/example_dags/example_branch_datetime_operator.py
[2025-01-22T00:08:03.122+0000] {logging_mixin.py:190} INFO - [2025-01-22T00:08:03.121+0000] {dag.py:3239} INFO - Sync 3 DAGs
[2025-01-22T00:08:03.161+0000] {logging_mixin.py:190} INFO - [2025-01-22T00:08:03.160+0000] {dag.py:4180} INFO - Setting next_dagrun for example_branch_datetime_operator to 2025-01-21 00:00:00+00:00, run_after=2025-01-22 00:00:00+00:00
[2025-01-22T00:08:03.168+0000] {logging_mixin.py:190} INFO - [2025-01-22T00:08:03.168+0000] {dag.py:4180} INFO - Setting next_dagrun for example_branch_datetime_operator_2 to 2025-01-21 00:00:00+00:00, run_after=2025-01-22 00:00:00+00:00
[2025-01-22T00:08:03.172+0000] {logging_mixin.py:190} INFO - [2025-01-22T00:08:03.172+0000] {dag.py:4180} INFO - Setting next_dagrun for example_branch_datetime_operator_3 to 2025-01-21 00:00:00+00:00, run_after=2025-01-22 00:00:00+00:00
[2025-01-22T00:08:03.208+0000] {processor.py:208} INFO - Processing /home/airflow/.local/lib/python3.12/site-packages/airflow/example_dags/example_branch_datetime_operator.py took 0.142 seconds
[2025-01-22T00:08:34.952+0000] {processor.py:186} INFO - Started process (PID=1357) to work on /home/airflow/.local/lib/python3.12/site-packages/airflow/example_dags/example_branch_datetime_operator.py
[2025-01-22T00:08:34.964+0000] {processor.py:914} INFO - Processing file /home/airflow/.local/lib/python3.12/site-packages/airflow/example_dags/example_branch_datetime_operator.py for tasks to queue
[2025-01-22T00:08:34.968+0000] {logging_mixin.py:190} INFO - [2025-01-22T00:08:34.967+0000] {dagbag.py:588} INFO - Filling up the DagBag from /home/airflow/.local/lib/python3.12/site-packages/airflow/example_dags/example_branch_datetime_operator.py
[2025-01-22T00:08:35.022+0000] {processor.py:925} INFO - DAG(s) 'example_branch_datetime_operator_3', 'example_branch_datetime_operator', 'example_branch_datetime_operator_2' retrieved from /home/airflow/.local/lib/python3.12/site-packages/airflow/example_dags/example_branch_datetime_operator.py
[2025-01-22T00:08:35.108+0000] {logging_mixin.py:190} INFO - [2025-01-22T00:08:35.107+0000] {dag.py:3239} INFO - Sync 3 DAGs
[2025-01-22T00:08:35.190+0000] {logging_mixin.py:190} INFO - [2025-01-22T00:08:35.189+0000] {dag.py:4180} INFO - Setting next_dagrun for example_branch_datetime_operator to 2025-01-21 00:00:00+00:00, run_after=2025-01-22 00:00:00+00:00
[2025-01-22T00:08:35.206+0000] {logging_mixin.py:190} INFO - [2025-01-22T00:08:35.206+0000] {dag.py:4180} INFO - Setting next_dagrun for example_branch_datetime_operator_2 to 2025-01-21 00:00:00+00:00, run_after=2025-01-22 00:00:00+00:00
[2025-01-22T00:08:35.218+0000] {logging_mixin.py:190} INFO - [2025-01-22T00:08:35.218+0000] {dag.py:4180} INFO - Setting next_dagrun for example_branch_datetime_operator_3 to 2025-01-21 00:00:00+00:00, run_after=2025-01-22 00:00:00+00:00
[2025-01-22T00:08:35.267+0000] {processor.py:208} INFO - Processing /home/airflow/.local/lib/python3.12/site-packages/airflow/example_dags/example_branch_datetime_operator.py took 0.323 seconds
[2025-01-22T00:09:06.168+0000] {processor.py:186} INFO - Started process (PID=1420) to work on /home/airflow/.local/lib/python3.12/site-packages/airflow/example_dags/example_branch_datetime_operator.py
[2025-01-22T00:09:06.169+0000] {processor.py:914} INFO - Processing file /home/airflow/.local/lib/python3.12/site-packages/airflow/example_dags/example_branch_datetime_operator.py for tasks to queue
[2025-01-22T00:09:06.178+0000] {logging_mixin.py:190} INFO - [2025-01-22T00:09:06.178+0000] {dagbag.py:588} INFO - Filling up the DagBag from /home/airflow/.local/lib/python3.12/site-packages/airflow/example_dags/example_branch_datetime_operator.py
[2025-01-22T00:09:06.220+0000] {processor.py:925} INFO - DAG(s) 'example_branch_datetime_operator_3', 'example_branch_datetime_operator_2', 'example_branch_datetime_operator' retrieved from /home/airflow/.local/lib/python3.12/site-packages/airflow/example_dags/example_branch_datetime_operator.py
[2025-01-22T00:09:06.272+0000] {logging_mixin.py:190} INFO - [2025-01-22T00:09:06.272+0000] {dag.py:3239} INFO - Sync 3 DAGs
[2025-01-22T00:09:06.330+0000] {logging_mixin.py:190} INFO - [2025-01-22T00:09:06.330+0000] {dag.py:4180} INFO - Setting next_dagrun for example_branch_datetime_operator to 2025-01-21 00:00:00+00:00, run_after=2025-01-22 00:00:00+00:00
[2025-01-22T00:09:06.340+0000] {logging_mixin.py:190} INFO - [2025-01-22T00:09:06.339+0000] {dag.py:4180} INFO - Setting next_dagrun for example_branch_datetime_operator_2 to 2025-01-21 00:00:00+00:00, run_after=2025-01-22 00:00:00+00:00
[2025-01-22T00:09:06.353+0000] {logging_mixin.py:190} INFO - [2025-01-22T00:09:06.353+0000] {dag.py:4180} INFO - Setting next_dagrun for example_branch_datetime_operator_3 to 2025-01-21 00:00:00+00:00, run_after=2025-01-22 00:00:00+00:00
[2025-01-22T00:09:06.430+0000] {processor.py:208} INFO - Processing /home/airflow/.local/lib/python3.12/site-packages/airflow/example_dags/example_branch_datetime_operator.py took 0.280 seconds
[2025-01-22T00:09:37.191+0000] {processor.py:186} INFO - Started process (PID=1483) to work on /home/airflow/.local/lib/python3.12/site-packages/airflow/example_dags/example_branch_datetime_operator.py
[2025-01-22T00:09:37.192+0000] {processor.py:914} INFO - Processing file /home/airflow/.local/lib/python3.12/site-packages/airflow/example_dags/example_branch_datetime_operator.py for tasks to queue
[2025-01-22T00:09:37.207+0000] {logging_mixin.py:190} INFO - [2025-01-22T00:09:37.206+0000] {dagbag.py:588} INFO - Filling up the DagBag from /home/airflow/.local/lib/python3.12/site-packages/airflow/example_dags/example_branch_datetime_operator.py
[2025-01-22T00:09:37.256+0000] {processor.py:925} INFO - DAG(s) 'example_branch_datetime_operator_3', 'example_branch_datetime_operator', 'example_branch_datetime_operator_2' retrieved from /home/airflow/.local/lib/python3.12/site-packages/airflow/example_dags/example_branch_datetime_operator.py
[2025-01-22T00:09:37.339+0000] {logging_mixin.py:190} INFO - [2025-01-22T00:09:37.339+0000] {dag.py:3239} INFO - Sync 3 DAGs
[2025-01-22T00:09:37.398+0000] {logging_mixin.py:190} INFO - [2025-01-22T00:09:37.397+0000] {dag.py:4180} INFO - Setting next_dagrun for example_branch_datetime_operator to 2025-01-21 00:00:00+00:00, run_after=2025-01-22 00:00:00+00:00
[2025-01-22T00:09:37.406+0000] {logging_mixin.py:190} INFO - [2025-01-22T00:09:37.406+0000] {dag.py:4180} INFO - Setting next_dagrun for example_branch_datetime_operator_2 to 2025-01-21 00:00:00+00:00, run_after=2025-01-22 00:00:00+00:00
[2025-01-22T00:09:37.412+0000] {logging_mixin.py:190} INFO - [2025-01-22T00:09:37.412+0000] {dag.py:4180} INFO - Setting next_dagrun for example_branch_datetime_operator_3 to 2025-01-21 00:00:00+00:00, run_after=2025-01-22 00:00:00+00:00
[2025-01-22T00:09:37.447+0000] {processor.py:208} INFO - Processing /home/airflow/.local/lib/python3.12/site-packages/airflow/example_dags/example_branch_datetime_operator.py took 0.274 seconds
[2025-01-22T00:10:07.965+0000] {processor.py:186} INFO - Started process (PID=1546) to work on /home/airflow/.local/lib/python3.12/site-packages/airflow/example_dags/example_branch_datetime_operator.py
[2025-01-22T00:10:07.966+0000] {processor.py:914} INFO - Processing file /home/airflow/.local/lib/python3.12/site-packages/airflow/example_dags/example_branch_datetime_operator.py for tasks to queue
[2025-01-22T00:10:07.969+0000] {logging_mixin.py:190} INFO - [2025-01-22T00:10:07.968+0000] {dagbag.py:588} INFO - Filling up the DagBag from /home/airflow/.local/lib/python3.12/site-packages/airflow/example_dags/example_branch_datetime_operator.py
[2025-01-22T00:10:07.987+0000] {processor.py:925} INFO - DAG(s) 'example_branch_datetime_operator_3', 'example_branch_datetime_operator_2', 'example_branch_datetime_operator' retrieved from /home/airflow/.local/lib/python3.12/site-packages/airflow/example_dags/example_branch_datetime_operator.py
[2025-01-22T00:10:08.016+0000] {logging_mixin.py:190} INFO - [2025-01-22T00:10:08.016+0000] {dag.py:3239} INFO - Sync 3 DAGs
[2025-01-22T00:10:08.043+0000] {logging_mixin.py:190} INFO - [2025-01-22T00:10:08.043+0000] {dag.py:4180} INFO - Setting next_dagrun for example_branch_datetime_operator to 2025-01-21 00:00:00+00:00, run_after=2025-01-22 00:00:00+00:00
[2025-01-22T00:10:08.049+0000] {logging_mixin.py:190} INFO - [2025-01-22T00:10:08.049+0000] {dag.py:4180} INFO - Setting next_dagrun for example_branch_datetime_operator_2 to 2025-01-21 00:00:00+00:00, run_after=2025-01-22 00:00:00+00:00
[2025-01-22T00:10:08.053+0000] {logging_mixin.py:190} INFO - [2025-01-22T00:10:08.052+0000] {dag.py:4180} INFO - Setting next_dagrun for example_branch_datetime_operator_3 to 2025-01-21 00:00:00+00:00, run_after=2025-01-22 00:00:00+00:00
[2025-01-22T00:10:08.072+0000] {processor.py:208} INFO - Processing /home/airflow/.local/lib/python3.12/site-packages/airflow/example_dags/example_branch_datetime_operator.py took 0.114 seconds
[2025-01-22T00:10:39.264+0000] {processor.py:186} INFO - Started process (PID=1609) to work on /home/airflow/.local/lib/python3.12/site-packages/airflow/example_dags/example_branch_datetime_operator.py
[2025-01-22T00:10:39.265+0000] {processor.py:914} INFO - Processing file /home/airflow/.local/lib/python3.12/site-packages/airflow/example_dags/example_branch_datetime_operator.py for tasks to queue
[2025-01-22T00:10:39.268+0000] {logging_mixin.py:190} INFO - [2025-01-22T00:10:39.267+0000] {dagbag.py:588} INFO - Filling up the DagBag from /home/airflow/.local/lib/python3.12/site-packages/airflow/example_dags/example_branch_datetime_operator.py
[2025-01-22T00:10:39.279+0000] {processor.py:925} INFO - DAG(s) 'example_branch_datetime_operator_3', 'example_branch_datetime_operator', 'example_branch_datetime_operator_2' retrieved from /home/airflow/.local/lib/python3.12/site-packages/airflow/example_dags/example_branch_datetime_operator.py
[2025-01-22T00:10:39.307+0000] {logging_mixin.py:190} INFO - [2025-01-22T00:10:39.306+0000] {dag.py:3239} INFO - Sync 3 DAGs
[2025-01-22T00:10:39.337+0000] {logging_mixin.py:190} INFO - [2025-01-22T00:10:39.336+0000] {dag.py:4180} INFO - Setting next_dagrun for example_branch_datetime_operator to 2025-01-21 00:00:00+00:00, run_after=2025-01-22 00:00:00+00:00
[2025-01-22T00:10:39.341+0000] {logging_mixin.py:190} INFO - [2025-01-22T00:10:39.341+0000] {dag.py:4180} INFO - Setting next_dagrun for example_branch_datetime_operator_2 to 2025-01-21 00:00:00+00:00, run_after=2025-01-22 00:00:00+00:00
[2025-01-22T00:10:39.344+0000] {logging_mixin.py:190} INFO - [2025-01-22T00:10:39.344+0000] {dag.py:4180} INFO - Setting next_dagrun for example_branch_datetime_operator_3 to 2025-01-21 00:00:00+00:00, run_after=2025-01-22 00:00:00+00:00
[2025-01-22T00:10:39.362+0000] {processor.py:208} INFO - Processing /home/airflow/.local/lib/python3.12/site-packages/airflow/example_dags/example_branch_datetime_operator.py took 0.104 seconds
[2025-01-22T00:11:10.154+0000] {processor.py:186} INFO - Started process (PID=1672) to work on /home/airflow/.local/lib/python3.12/site-packages/airflow/example_dags/example_branch_datetime_operator.py
[2025-01-22T00:11:10.158+0000] {processor.py:914} INFO - Processing file /home/airflow/.local/lib/python3.12/site-packages/airflow/example_dags/example_branch_datetime_operator.py for tasks to queue
[2025-01-22T00:11:10.170+0000] {logging_mixin.py:190} INFO - [2025-01-22T00:11:10.169+0000] {dagbag.py:588} INFO - Filling up the DagBag from /home/airflow/.local/lib/python3.12/site-packages/airflow/example_dags/example_branch_datetime_operator.py
[2025-01-22T00:11:10.220+0000] {processor.py:925} INFO - DAG(s) 'example_branch_datetime_operator_3', 'example_branch_datetime_operator_2', 'example_branch_datetime_operator' retrieved from /home/airflow/.local/lib/python3.12/site-packages/airflow/example_dags/example_branch_datetime_operator.py
[2025-01-22T00:11:10.301+0000] {logging_mixin.py:190} INFO - [2025-01-22T00:11:10.301+0000] {dag.py:3239} INFO - Sync 3 DAGs
[2025-01-22T00:11:10.396+0000] {logging_mixin.py:190} INFO - [2025-01-22T00:11:10.396+0000] {dag.py:4180} INFO - Setting next_dagrun for example_branch_datetime_operator to 2025-01-21 00:00:00+00:00, run_after=2025-01-22 00:00:00+00:00
[2025-01-22T00:11:10.419+0000] {logging_mixin.py:190} INFO - [2025-01-22T00:11:10.419+0000] {dag.py:4180} INFO - Setting next_dagrun for example_branch_datetime_operator_2 to 2025-01-21 00:00:00+00:00, run_after=2025-01-22 00:00:00+00:00
[2025-01-22T00:11:10.433+0000] {logging_mixin.py:190} INFO - [2025-01-22T00:11:10.432+0000] {dag.py:4180} INFO - Setting next_dagrun for example_branch_datetime_operator_3 to 2025-01-21 00:00:00+00:00, run_after=2025-01-22 00:00:00+00:00
[2025-01-22T00:11:10.525+0000] {processor.py:208} INFO - Processing /home/airflow/.local/lib/python3.12/site-packages/airflow/example_dags/example_branch_datetime_operator.py took 0.383 seconds
[2025-01-22T00:11:40.941+0000] {processor.py:186} INFO - Started process (PID=1734) to work on /home/airflow/.local/lib/python3.12/site-packages/airflow/example_dags/example_branch_datetime_operator.py
[2025-01-22T00:11:40.942+0000] {processor.py:914} INFO - Processing file /home/airflow/.local/lib/python3.12/site-packages/airflow/example_dags/example_branch_datetime_operator.py for tasks to queue
[2025-01-22T00:11:40.945+0000] {logging_mixin.py:190} INFO - [2025-01-22T00:11:40.944+0000] {dagbag.py:588} INFO - Filling up the DagBag from /home/airflow/.local/lib/python3.12/site-packages/airflow/example_dags/example_branch_datetime_operator.py
[2025-01-22T00:11:40.961+0000] {processor.py:925} INFO - DAG(s) 'example_branch_datetime_operator_2', 'example_branch_datetime_operator_3', 'example_branch_datetime_operator' retrieved from /home/airflow/.local/lib/python3.12/site-packages/airflow/example_dags/example_branch_datetime_operator.py
[2025-01-22T00:11:40.993+0000] {logging_mixin.py:190} INFO - [2025-01-22T00:11:40.993+0000] {dag.py:3239} INFO - Sync 3 DAGs
[2025-01-22T00:11:41.028+0000] {logging_mixin.py:190} INFO - [2025-01-22T00:11:41.028+0000] {dag.py:4180} INFO - Setting next_dagrun for example_branch_datetime_operator to 2025-01-21 00:00:00+00:00, run_after=2025-01-22 00:00:00+00:00
[2025-01-22T00:11:41.044+0000] {logging_mixin.py:190} INFO - [2025-01-22T00:11:41.044+0000] {dag.py:4180} INFO - Setting next_dagrun for example_branch_datetime_operator_2 to 2025-01-21 00:00:00+00:00, run_after=2025-01-22 00:00:00+00:00
[2025-01-22T00:11:41.048+0000] {logging_mixin.py:190} INFO - [2025-01-22T00:11:41.048+0000] {dag.py:4180} INFO - Setting next_dagrun for example_branch_datetime_operator_3 to 2025-01-21 00:00:00+00:00, run_after=2025-01-22 00:00:00+00:00
[2025-01-22T00:11:41.086+0000] {processor.py:208} INFO - Processing /home/airflow/.local/lib/python3.12/site-packages/airflow/example_dags/example_branch_datetime_operator.py took 0.152 seconds
[2025-01-22T00:12:11.856+0000] {processor.py:186} INFO - Started process (PID=1797) to work on /home/airflow/.local/lib/python3.12/site-packages/airflow/example_dags/example_branch_datetime_operator.py
[2025-01-22T00:12:11.857+0000] {processor.py:914} INFO - Processing file /home/airflow/.local/lib/python3.12/site-packages/airflow/example_dags/example_branch_datetime_operator.py for tasks to queue
[2025-01-22T00:12:11.860+0000] {logging_mixin.py:190} INFO - [2025-01-22T00:12:11.860+0000] {dagbag.py:588} INFO - Filling up the DagBag from /home/airflow/.local/lib/python3.12/site-packages/airflow/example_dags/example_branch_datetime_operator.py
[2025-01-22T00:12:11.874+0000] {processor.py:925} INFO - DAG(s) 'example_branch_datetime_operator_3', 'example_branch_datetime_operator', 'example_branch_datetime_operator_2' retrieved from /home/airflow/.local/lib/python3.12/site-packages/airflow/example_dags/example_branch_datetime_operator.py
[2025-01-22T00:12:11.908+0000] {logging_mixin.py:190} INFO - [2025-01-22T00:12:11.908+0000] {dag.py:3239} INFO - Sync 3 DAGs
[2025-01-22T00:12:11.936+0000] {logging_mixin.py:190} INFO - [2025-01-22T00:12:11.936+0000] {dag.py:4180} INFO - Setting next_dagrun for example_branch_datetime_operator to 2025-01-21 00:00:00+00:00, run_after=2025-01-22 00:00:00+00:00
[2025-01-22T00:12:11.943+0000] {logging_mixin.py:190} INFO - [2025-01-22T00:12:11.942+0000] {dag.py:4180} INFO - Setting next_dagrun for example_branch_datetime_operator_2 to 2025-01-21 00:00:00+00:00, run_after=2025-01-22 00:00:00+00:00
[2025-01-22T00:12:11.946+0000] {logging_mixin.py:190} INFO - [2025-01-22T00:12:11.946+0000] {dag.py:4180} INFO - Setting next_dagrun for example_branch_datetime_operator_3 to 2025-01-21 00:00:00+00:00, run_after=2025-01-22 00:00:00+00:00
[2025-01-22T00:12:11.966+0000] {processor.py:208} INFO - Processing /home/airflow/.local/lib/python3.12/site-packages/airflow/example_dags/example_branch_datetime_operator.py took 0.116 seconds
[2025-01-22T00:12:42.510+0000] {processor.py:186} INFO - Started process (PID=1861) to work on /home/airflow/.local/lib/python3.12/site-packages/airflow/example_dags/example_branch_datetime_operator.py
[2025-01-22T00:12:42.512+0000] {processor.py:914} INFO - Processing file /home/airflow/.local/lib/python3.12/site-packages/airflow/example_dags/example_branch_datetime_operator.py for tasks to queue
[2025-01-22T00:12:42.514+0000] {logging_mixin.py:190} INFO - [2025-01-22T00:12:42.514+0000] {dagbag.py:588} INFO - Filling up the DagBag from /home/airflow/.local/lib/python3.12/site-packages/airflow/example_dags/example_branch_datetime_operator.py
[2025-01-22T00:12:42.536+0000] {processor.py:925} INFO - DAG(s) 'example_branch_datetime_operator_2', 'example_branch_datetime_operator_3', 'example_branch_datetime_operator' retrieved from /home/airflow/.local/lib/python3.12/site-packages/airflow/example_dags/example_branch_datetime_operator.py
[2025-01-22T00:12:42.581+0000] {logging_mixin.py:190} INFO - [2025-01-22T00:12:42.581+0000] {dag.py:3239} INFO - Sync 3 DAGs
[2025-01-22T00:12:42.620+0000] {logging_mixin.py:190} INFO - [2025-01-22T00:12:42.619+0000] {dag.py:4180} INFO - Setting next_dagrun for example_branch_datetime_operator to 2025-01-21 00:00:00+00:00, run_after=2025-01-22 00:00:00+00:00
[2025-01-22T00:12:42.628+0000] {logging_mixin.py:190} INFO - [2025-01-22T00:12:42.628+0000] {dag.py:4180} INFO - Setting next_dagrun for example_branch_datetime_operator_2 to 2025-01-21 00:00:00+00:00, run_after=2025-01-22 00:00:00+00:00
[2025-01-22T00:12:42.636+0000] {logging_mixin.py:190} INFO - [2025-01-22T00:12:42.635+0000] {dag.py:4180} INFO - Setting next_dagrun for example_branch_datetime_operator_3 to 2025-01-21 00:00:00+00:00, run_after=2025-01-22 00:00:00+00:00
[2025-01-22T00:12:42.666+0000] {processor.py:208} INFO - Processing /home/airflow/.local/lib/python3.12/site-packages/airflow/example_dags/example_branch_datetime_operator.py took 0.168 seconds
[2025-01-22T00:13:12.942+0000] {processor.py:186} INFO - Started process (PID=1924) to work on /home/airflow/.local/lib/python3.12/site-packages/airflow/example_dags/example_branch_datetime_operator.py
[2025-01-22T00:13:12.944+0000] {processor.py:914} INFO - Processing file /home/airflow/.local/lib/python3.12/site-packages/airflow/example_dags/example_branch_datetime_operator.py for tasks to queue
[2025-01-22T00:13:12.947+0000] {logging_mixin.py:190} INFO - [2025-01-22T00:13:12.946+0000] {dagbag.py:588} INFO - Filling up the DagBag from /home/airflow/.local/lib/python3.12/site-packages/airflow/example_dags/example_branch_datetime_operator.py
[2025-01-22T00:13:12.967+0000] {processor.py:925} INFO - DAG(s) 'example_branch_datetime_operator_3', 'example_branch_datetime_operator_2', 'example_branch_datetime_operator' retrieved from /home/airflow/.local/lib/python3.12/site-packages/airflow/example_dags/example_branch_datetime_operator.py
[2025-01-22T00:13:13.008+0000] {logging_mixin.py:190} INFO - [2025-01-22T00:13:13.008+0000] {dag.py:3239} INFO - Sync 3 DAGs
[2025-01-22T00:13:13.047+0000] {logging_mixin.py:190} INFO - [2025-01-22T00:13:13.047+0000] {dag.py:4180} INFO - Setting next_dagrun for example_branch_datetime_operator to 2025-01-21 00:00:00+00:00, run_after=2025-01-22 00:00:00+00:00
[2025-01-22T00:13:13.054+0000] {logging_mixin.py:190} INFO - [2025-01-22T00:13:13.054+0000] {dag.py:4180} INFO - Setting next_dagrun for example_branch_datetime_operator_2 to 2025-01-21 00:00:00+00:00, run_after=2025-01-22 00:00:00+00:00
[2025-01-22T00:13:13.058+0000] {logging_mixin.py:190} INFO - [2025-01-22T00:13:13.058+0000] {dag.py:4180} INFO - Setting next_dagrun for example_branch_datetime_operator_3 to 2025-01-21 00:00:00+00:00, run_after=2025-01-22 00:00:00+00:00
[2025-01-22T00:13:13.081+0000] {processor.py:208} INFO - Processing /home/airflow/.local/lib/python3.12/site-packages/airflow/example_dags/example_branch_datetime_operator.py took 0.149 seconds
[2025-01-22T00:13:43.528+0000] {processor.py:186} INFO - Started process (PID=1987) to work on /home/airflow/.local/lib/python3.12/site-packages/airflow/example_dags/example_branch_datetime_operator.py
[2025-01-22T00:13:43.529+0000] {processor.py:914} INFO - Processing file /home/airflow/.local/lib/python3.12/site-packages/airflow/example_dags/example_branch_datetime_operator.py for tasks to queue
[2025-01-22T00:13:43.532+0000] {logging_mixin.py:190} INFO - [2025-01-22T00:13:43.532+0000] {dagbag.py:588} INFO - Filling up the DagBag from /home/airflow/.local/lib/python3.12/site-packages/airflow/example_dags/example_branch_datetime_operator.py
[2025-01-22T00:13:43.552+0000] {processor.py:925} INFO - DAG(s) 'example_branch_datetime_operator_3', 'example_branch_datetime_operator_2', 'example_branch_datetime_operator' retrieved from /home/airflow/.local/lib/python3.12/site-packages/airflow/example_dags/example_branch_datetime_operator.py
[2025-01-22T00:13:43.588+0000] {logging_mixin.py:190} INFO - [2025-01-22T00:13:43.588+0000] {dag.py:3239} INFO - Sync 3 DAGs
[2025-01-22T00:13:43.629+0000] {logging_mixin.py:190} INFO - [2025-01-22T00:13:43.628+0000] {dag.py:4180} INFO - Setting next_dagrun for example_branch_datetime_operator to 2025-01-21 00:00:00+00:00, run_after=2025-01-22 00:00:00+00:00
[2025-01-22T00:13:43.641+0000] {logging_mixin.py:190} INFO - [2025-01-22T00:13:43.640+0000] {dag.py:4180} INFO - Setting next_dagrun for example_branch_datetime_operator_2 to 2025-01-21 00:00:00+00:00, run_after=2025-01-22 00:00:00+00:00
[2025-01-22T00:13:43.645+0000] {logging_mixin.py:190} INFO - [2025-01-22T00:13:43.645+0000] {dag.py:4180} INFO - Setting next_dagrun for example_branch_datetime_operator_3 to 2025-01-21 00:00:00+00:00, run_after=2025-01-22 00:00:00+00:00
[2025-01-22T00:13:43.678+0000] {processor.py:208} INFO - Processing /home/airflow/.local/lib/python3.12/site-packages/airflow/example_dags/example_branch_datetime_operator.py took 0.157 seconds
[2025-01-22T00:14:14.168+0000] {processor.py:186} INFO - Started process (PID=2049) to work on /home/airflow/.local/lib/python3.12/site-packages/airflow/example_dags/example_branch_datetime_operator.py
[2025-01-22T00:14:14.169+0000] {processor.py:914} INFO - Processing file /home/airflow/.local/lib/python3.12/site-packages/airflow/example_dags/example_branch_datetime_operator.py for tasks to queue
[2025-01-22T00:14:14.171+0000] {logging_mixin.py:190} INFO - [2025-01-22T00:14:14.171+0000] {dagbag.py:588} INFO - Filling up the DagBag from /home/airflow/.local/lib/python3.12/site-packages/airflow/example_dags/example_branch_datetime_operator.py
[2025-01-22T00:14:14.185+0000] {processor.py:925} INFO - DAG(s) 'example_branch_datetime_operator', 'example_branch_datetime_operator_3', 'example_branch_datetime_operator_2' retrieved from /home/airflow/.local/lib/python3.12/site-packages/airflow/example_dags/example_branch_datetime_operator.py
[2025-01-22T00:14:14.212+0000] {logging_mixin.py:190} INFO - [2025-01-22T00:14:14.212+0000] {dag.py:3239} INFO - Sync 3 DAGs
[2025-01-22T00:14:14.240+0000] {logging_mixin.py:190} INFO - [2025-01-22T00:14:14.239+0000] {dag.py:4180} INFO - Setting next_dagrun for example_branch_datetime_operator to 2025-01-21 00:00:00+00:00, run_after=2025-01-22 00:00:00+00:00
[2025-01-22T00:14:14.245+0000] {logging_mixin.py:190} INFO - [2025-01-22T00:14:14.245+0000] {dag.py:4180} INFO - Setting next_dagrun for example_branch_datetime_operator_2 to 2025-01-21 00:00:00+00:00, run_after=2025-01-22 00:00:00+00:00
[2025-01-22T00:14:14.248+0000] {logging_mixin.py:190} INFO - [2025-01-22T00:14:14.248+0000] {dag.py:4180} INFO - Setting next_dagrun for example_branch_datetime_operator_3 to 2025-01-21 00:00:00+00:00, run_after=2025-01-22 00:00:00+00:00
[2025-01-22T00:14:14.267+0000] {processor.py:208} INFO - Processing /home/airflow/.local/lib/python3.12/site-packages/airflow/example_dags/example_branch_datetime_operator.py took 0.105 seconds
[2025-01-22T00:14:45.391+0000] {processor.py:186} INFO - Started process (PID=2118) to work on /home/airflow/.local/lib/python3.12/site-packages/airflow/example_dags/example_branch_datetime_operator.py
[2025-01-22T00:14:45.392+0000] {processor.py:914} INFO - Processing file /home/airflow/.local/lib/python3.12/site-packages/airflow/example_dags/example_branch_datetime_operator.py for tasks to queue
[2025-01-22T00:14:45.405+0000] {logging_mixin.py:190} INFO - [2025-01-22T00:14:45.404+0000] {dagbag.py:588} INFO - Filling up the DagBag from /home/airflow/.local/lib/python3.12/site-packages/airflow/example_dags/example_branch_datetime_operator.py
[2025-01-22T00:14:45.429+0000] {processor.py:925} INFO - DAG(s) 'example_branch_datetime_operator_3', 'example_branch_datetime_operator_2', 'example_branch_datetime_operator' retrieved from /home/airflow/.local/lib/python3.12/site-packages/airflow/example_dags/example_branch_datetime_operator.py
[2025-01-22T00:14:45.524+0000] {logging_mixin.py:190} INFO - [2025-01-22T00:14:45.523+0000] {dag.py:3239} INFO - Sync 3 DAGs
[2025-01-22T00:14:45.602+0000] {logging_mixin.py:190} INFO - [2025-01-22T00:14:45.602+0000] {dag.py:4180} INFO - Setting next_dagrun for example_branch_datetime_operator to 2025-01-21 00:00:00+00:00, run_after=2025-01-22 00:00:00+00:00
[2025-01-22T00:14:45.614+0000] {logging_mixin.py:190} INFO - [2025-01-22T00:14:45.614+0000] {dag.py:4180} INFO - Setting next_dagrun for example_branch_datetime_operator_2 to 2025-01-21 00:00:00+00:00, run_after=2025-01-22 00:00:00+00:00
[2025-01-22T00:14:45.630+0000] {logging_mixin.py:190} INFO - [2025-01-22T00:14:45.620+0000] {dag.py:4180} INFO - Setting next_dagrun for example_branch_datetime_operator_3 to 2025-01-21 00:00:00+00:00, run_after=2025-01-22 00:00:00+00:00
[2025-01-22T00:14:45.680+0000] {processor.py:208} INFO - Processing /home/airflow/.local/lib/python3.12/site-packages/airflow/example_dags/example_branch_datetime_operator.py took 0.297 seconds
[2025-01-22T00:15:15.801+0000] {processor.py:186} INFO - Started process (PID=2180) to work on /home/airflow/.local/lib/python3.12/site-packages/airflow/example_dags/example_branch_datetime_operator.py
[2025-01-22T00:15:15.802+0000] {processor.py:914} INFO - Processing file /home/airflow/.local/lib/python3.12/site-packages/airflow/example_dags/example_branch_datetime_operator.py for tasks to queue
[2025-01-22T00:15:15.805+0000] {logging_mixin.py:190} INFO - [2025-01-22T00:15:15.804+0000] {dagbag.py:588} INFO - Filling up the DagBag from /home/airflow/.local/lib/python3.12/site-packages/airflow/example_dags/example_branch_datetime_operator.py
[2025-01-22T00:15:15.817+0000] {processor.py:925} INFO - DAG(s) 'example_branch_datetime_operator_3', 'example_branch_datetime_operator', 'example_branch_datetime_operator_2' retrieved from /home/airflow/.local/lib/python3.12/site-packages/airflow/example_dags/example_branch_datetime_operator.py
[2025-01-22T00:15:15.867+0000] {logging_mixin.py:190} INFO - [2025-01-22T00:15:15.867+0000] {dag.py:3239} INFO - Sync 3 DAGs
[2025-01-22T00:15:15.902+0000] {logging_mixin.py:190} INFO - [2025-01-22T00:15:15.902+0000] {dag.py:4180} INFO - Setting next_dagrun for example_branch_datetime_operator to 2025-01-21 00:00:00+00:00, run_after=2025-01-22 00:00:00+00:00
[2025-01-22T00:15:15.910+0000] {logging_mixin.py:190} INFO - [2025-01-22T00:15:15.910+0000] {dag.py:4180} INFO - Setting next_dagrun for example_branch_datetime_operator_2 to 2025-01-21 00:00:00+00:00, run_after=2025-01-22 00:00:00+00:00
[2025-01-22T00:15:15.914+0000] {logging_mixin.py:190} INFO - [2025-01-22T00:15:15.914+0000] {dag.py:4180} INFO - Setting next_dagrun for example_branch_datetime_operator_3 to 2025-01-21 00:00:00+00:00, run_after=2025-01-22 00:00:00+00:00
[2025-01-22T00:15:15.942+0000] {processor.py:208} INFO - Processing /home/airflow/.local/lib/python3.12/site-packages/airflow/example_dags/example_branch_datetime_operator.py took 0.147 seconds
[2025-01-22T00:15:46.705+0000] {processor.py:186} INFO - Started process (PID=2243) to work on /home/airflow/.local/lib/python3.12/site-packages/airflow/example_dags/example_branch_datetime_operator.py
[2025-01-22T00:15:46.706+0000] {processor.py:914} INFO - Processing file /home/airflow/.local/lib/python3.12/site-packages/airflow/example_dags/example_branch_datetime_operator.py for tasks to queue
[2025-01-22T00:15:46.709+0000] {logging_mixin.py:190} INFO - [2025-01-22T00:15:46.708+0000] {dagbag.py:588} INFO - Filling up the DagBag from /home/airflow/.local/lib/python3.12/site-packages/airflow/example_dags/example_branch_datetime_operator.py
[2025-01-22T00:15:46.724+0000] {processor.py:925} INFO - DAG(s) 'example_branch_datetime_operator', 'example_branch_datetime_operator_3', 'example_branch_datetime_operator_2' retrieved from /home/airflow/.local/lib/python3.12/site-packages/airflow/example_dags/example_branch_datetime_operator.py
[2025-01-22T00:15:46.751+0000] {logging_mixin.py:190} INFO - [2025-01-22T00:15:46.751+0000] {dag.py:3239} INFO - Sync 3 DAGs
[2025-01-22T00:15:46.777+0000] {logging_mixin.py:190} INFO - [2025-01-22T00:15:46.777+0000] {dag.py:4180} INFO - Setting next_dagrun for example_branch_datetime_operator to 2025-01-21 00:00:00+00:00, run_after=2025-01-22 00:00:00+00:00
[2025-01-22T00:15:46.783+0000] {logging_mixin.py:190} INFO - [2025-01-22T00:15:46.783+0000] {dag.py:4180} INFO - Setting next_dagrun for example_branch_datetime_operator_2 to 2025-01-21 00:00:00+00:00, run_after=2025-01-22 00:00:00+00:00
[2025-01-22T00:15:46.785+0000] {logging_mixin.py:190} INFO - [2025-01-22T00:15:46.785+0000] {dag.py:4180} INFO - Setting next_dagrun for example_branch_datetime_operator_3 to 2025-01-21 00:00:00+00:00, run_after=2025-01-22 00:00:00+00:00
[2025-01-22T00:15:46.805+0000] {processor.py:208} INFO - Processing /home/airflow/.local/lib/python3.12/site-packages/airflow/example_dags/example_branch_datetime_operator.py took 0.106 seconds
[2025-01-22T00:16:17.254+0000] {processor.py:186} INFO - Started process (PID=2306) to work on /home/airflow/.local/lib/python3.12/site-packages/airflow/example_dags/example_branch_datetime_operator.py
[2025-01-22T00:16:17.255+0000] {processor.py:914} INFO - Processing file /home/airflow/.local/lib/python3.12/site-packages/airflow/example_dags/example_branch_datetime_operator.py for tasks to queue
[2025-01-22T00:16:17.259+0000] {logging_mixin.py:190} INFO - [2025-01-22T00:16:17.258+0000] {dagbag.py:588} INFO - Filling up the DagBag from /home/airflow/.local/lib/python3.12/site-packages/airflow/example_dags/example_branch_datetime_operator.py
[2025-01-22T00:16:17.273+0000] {processor.py:925} INFO - DAG(s) 'example_branch_datetime_operator_3', 'example_branch_datetime_operator', 'example_branch_datetime_operator_2' retrieved from /home/airflow/.local/lib/python3.12/site-packages/airflow/example_dags/example_branch_datetime_operator.py
[2025-01-22T00:16:17.299+0000] {logging_mixin.py:190} INFO - [2025-01-22T00:16:17.299+0000] {dag.py:3239} INFO - Sync 3 DAGs
[2025-01-22T00:16:17.326+0000] {logging_mixin.py:190} INFO - [2025-01-22T00:16:17.326+0000] {dag.py:4180} INFO - Setting next_dagrun for example_branch_datetime_operator to 2025-01-21 00:00:00+00:00, run_after=2025-01-22 00:00:00+00:00
[2025-01-22T00:16:17.333+0000] {logging_mixin.py:190} INFO - [2025-01-22T00:16:17.333+0000] {dag.py:4180} INFO - Setting next_dagrun for example_branch_datetime_operator_2 to 2025-01-21 00:00:00+00:00, run_after=2025-01-22 00:00:00+00:00
[2025-01-22T00:16:17.336+0000] {logging_mixin.py:190} INFO - [2025-01-22T00:16:17.336+0000] {dag.py:4180} INFO - Setting next_dagrun for example_branch_datetime_operator_3 to 2025-01-21 00:00:00+00:00, run_after=2025-01-22 00:00:00+00:00
[2025-01-22T00:16:17.354+0000] {processor.py:208} INFO - Processing /home/airflow/.local/lib/python3.12/site-packages/airflow/example_dags/example_branch_datetime_operator.py took 0.106 seconds
[2025-01-22T00:16:47.657+0000] {processor.py:186} INFO - Started process (PID=2369) to work on /home/airflow/.local/lib/python3.12/site-packages/airflow/example_dags/example_branch_datetime_operator.py
[2025-01-22T00:16:47.677+0000] {processor.py:914} INFO - Processing file /home/airflow/.local/lib/python3.12/site-packages/airflow/example_dags/example_branch_datetime_operator.py for tasks to queue
[2025-01-22T00:16:47.682+0000] {logging_mixin.py:190} INFO - [2025-01-22T00:16:47.682+0000] {dagbag.py:588} INFO - Filling up the DagBag from /home/airflow/.local/lib/python3.12/site-packages/airflow/example_dags/example_branch_datetime_operator.py
[2025-01-22T00:16:47.727+0000] {processor.py:925} INFO - DAG(s) 'example_branch_datetime_operator_3', 'example_branch_datetime_operator', 'example_branch_datetime_operator_2' retrieved from /home/airflow/.local/lib/python3.12/site-packages/airflow/example_dags/example_branch_datetime_operator.py
[2025-01-22T00:16:47.807+0000] {logging_mixin.py:190} INFO - [2025-01-22T00:16:47.807+0000] {dag.py:3239} INFO - Sync 3 DAGs
[2025-01-22T00:16:47.902+0000] {logging_mixin.py:190} INFO - [2025-01-22T00:16:47.902+0000] {dag.py:4180} INFO - Setting next_dagrun for example_branch_datetime_operator to 2025-01-21 00:00:00+00:00, run_after=2025-01-22 00:00:00+00:00
[2025-01-22T00:16:47.924+0000] {logging_mixin.py:190} INFO - [2025-01-22T00:16:47.923+0000] {dag.py:4180} INFO - Setting next_dagrun for example_branch_datetime_operator_2 to 2025-01-21 00:00:00+00:00, run_after=2025-01-22 00:00:00+00:00
[2025-01-22T00:16:47.932+0000] {logging_mixin.py:190} INFO - [2025-01-22T00:16:47.931+0000] {dag.py:4180} INFO - Setting next_dagrun for example_branch_datetime_operator_3 to 2025-01-21 00:00:00+00:00, run_after=2025-01-22 00:00:00+00:00
[2025-01-22T00:16:47.985+0000] {processor.py:208} INFO - Processing /home/airflow/.local/lib/python3.12/site-packages/airflow/example_dags/example_branch_datetime_operator.py took 0.341 seconds
[2025-01-22T00:17:18.729+0000] {processor.py:186} INFO - Started process (PID=2433) to work on /home/airflow/.local/lib/python3.12/site-packages/airflow/example_dags/example_branch_datetime_operator.py
[2025-01-22T00:17:18.730+0000] {processor.py:914} INFO - Processing file /home/airflow/.local/lib/python3.12/site-packages/airflow/example_dags/example_branch_datetime_operator.py for tasks to queue
[2025-01-22T00:17:18.733+0000] {logging_mixin.py:190} INFO - [2025-01-22T00:17:18.732+0000] {dagbag.py:588} INFO - Filling up the DagBag from /home/airflow/.local/lib/python3.12/site-packages/airflow/example_dags/example_branch_datetime_operator.py
[2025-01-22T00:17:18.744+0000] {processor.py:925} INFO - DAG(s) 'example_branch_datetime_operator_2', 'example_branch_datetime_operator', 'example_branch_datetime_operator_3' retrieved from /home/airflow/.local/lib/python3.12/site-packages/airflow/example_dags/example_branch_datetime_operator.py
[2025-01-22T00:17:18.773+0000] {logging_mixin.py:190} INFO - [2025-01-22T00:17:18.773+0000] {dag.py:3239} INFO - Sync 3 DAGs
[2025-01-22T00:17:18.801+0000] {logging_mixin.py:190} INFO - [2025-01-22T00:17:18.801+0000] {dag.py:4180} INFO - Setting next_dagrun for example_branch_datetime_operator to 2025-01-21 00:00:00+00:00, run_after=2025-01-22 00:00:00+00:00
[2025-01-22T00:17:18.807+0000] {logging_mixin.py:190} INFO - [2025-01-22T00:17:18.807+0000] {dag.py:4180} INFO - Setting next_dagrun for example_branch_datetime_operator_2 to 2025-01-21 00:00:00+00:00, run_after=2025-01-22 00:00:00+00:00
[2025-01-22T00:17:18.810+0000] {logging_mixin.py:190} INFO - [2025-01-22T00:17:18.810+0000] {dag.py:4180} INFO - Setting next_dagrun for example_branch_datetime_operator_3 to 2025-01-21 00:00:00+00:00, run_after=2025-01-22 00:00:00+00:00
[2025-01-22T00:17:18.830+0000] {processor.py:208} INFO - Processing /home/airflow/.local/lib/python3.12/site-packages/airflow/example_dags/example_branch_datetime_operator.py took 0.106 seconds
[2025-01-22T00:17:49.156+0000] {processor.py:186} INFO - Started process (PID=2497) to work on /home/airflow/.local/lib/python3.12/site-packages/airflow/example_dags/example_branch_datetime_operator.py
[2025-01-22T00:17:49.158+0000] {processor.py:914} INFO - Processing file /home/airflow/.local/lib/python3.12/site-packages/airflow/example_dags/example_branch_datetime_operator.py for tasks to queue
[2025-01-22T00:17:49.160+0000] {logging_mixin.py:190} INFO - [2025-01-22T00:17:49.160+0000] {dagbag.py:588} INFO - Filling up the DagBag from /home/airflow/.local/lib/python3.12/site-packages/airflow/example_dags/example_branch_datetime_operator.py
[2025-01-22T00:17:49.176+0000] {processor.py:925} INFO - DAG(s) 'example_branch_datetime_operator', 'example_branch_datetime_operator_3', 'example_branch_datetime_operator_2' retrieved from /home/airflow/.local/lib/python3.12/site-packages/airflow/example_dags/example_branch_datetime_operator.py
[2025-01-22T00:17:49.210+0000] {logging_mixin.py:190} INFO - [2025-01-22T00:17:49.209+0000] {dag.py:3239} INFO - Sync 3 DAGs
[2025-01-22T00:17:49.242+0000] {logging_mixin.py:190} INFO - [2025-01-22T00:17:49.242+0000] {dag.py:4180} INFO - Setting next_dagrun for example_branch_datetime_operator to 2025-01-21 00:00:00+00:00, run_after=2025-01-22 00:00:00+00:00
[2025-01-22T00:17:49.249+0000] {logging_mixin.py:190} INFO - [2025-01-22T00:17:49.248+0000] {dag.py:4180} INFO - Setting next_dagrun for example_branch_datetime_operator_2 to 2025-01-21 00:00:00+00:00, run_after=2025-01-22 00:00:00+00:00
[2025-01-22T00:17:49.252+0000] {logging_mixin.py:190} INFO - [2025-01-22T00:17:49.252+0000] {dag.py:4180} INFO - Setting next_dagrun for example_branch_datetime_operator_3 to 2025-01-21 00:00:00+00:00, run_after=2025-01-22 00:00:00+00:00
[2025-01-22T00:17:49.277+0000] {processor.py:208} INFO - Processing /home/airflow/.local/lib/python3.12/site-packages/airflow/example_dags/example_branch_datetime_operator.py took 0.128 seconds
[2025-01-22T00:18:19.449+0000] {processor.py:186} INFO - Started process (PID=2560) to work on /home/airflow/.local/lib/python3.12/site-packages/airflow/example_dags/example_branch_datetime_operator.py
[2025-01-22T00:18:19.451+0000] {processor.py:914} INFO - Processing file /home/airflow/.local/lib/python3.12/site-packages/airflow/example_dags/example_branch_datetime_operator.py for tasks to queue
[2025-01-22T00:18:19.453+0000] {logging_mixin.py:190} INFO - [2025-01-22T00:18:19.453+0000] {dagbag.py:588} INFO - Filling up the DagBag from /home/airflow/.local/lib/python3.12/site-packages/airflow/example_dags/example_branch_datetime_operator.py
[2025-01-22T00:18:19.466+0000] {processor.py:925} INFO - DAG(s) 'example_branch_datetime_operator_2', 'example_branch_datetime_operator', 'example_branch_datetime_operator_3' retrieved from /home/airflow/.local/lib/python3.12/site-packages/airflow/example_dags/example_branch_datetime_operator.py
[2025-01-22T00:18:19.494+0000] {logging_mixin.py:190} INFO - [2025-01-22T00:18:19.493+0000] {dag.py:3239} INFO - Sync 3 DAGs
[2025-01-22T00:18:19.525+0000] {logging_mixin.py:190} INFO - [2025-01-22T00:18:19.524+0000] {dag.py:4180} INFO - Setting next_dagrun for example_branch_datetime_operator to 2025-01-21 00:00:00+00:00, run_after=2025-01-22 00:00:00+00:00
[2025-01-22T00:18:19.531+0000] {logging_mixin.py:190} INFO - [2025-01-22T00:18:19.531+0000] {dag.py:4180} INFO - Setting next_dagrun for example_branch_datetime_operator_2 to 2025-01-21 00:00:00+00:00, run_after=2025-01-22 00:00:00+00:00
[2025-01-22T00:18:19.534+0000] {logging_mixin.py:190} INFO - [2025-01-22T00:18:19.534+0000] {dag.py:4180} INFO - Setting next_dagrun for example_branch_datetime_operator_3 to 2025-01-21 00:00:00+00:00, run_after=2025-01-22 00:00:00+00:00
[2025-01-22T00:18:19.552+0000] {processor.py:208} INFO - Processing /home/airflow/.local/lib/python3.12/site-packages/airflow/example_dags/example_branch_datetime_operator.py took 0.110 seconds
[2025-01-22T00:18:49.756+0000] {processor.py:186} INFO - Started process (PID=2624) to work on /home/airflow/.local/lib/python3.12/site-packages/airflow/example_dags/example_branch_datetime_operator.py
[2025-01-22T00:18:49.759+0000] {processor.py:914} INFO - Processing file /home/airflow/.local/lib/python3.12/site-packages/airflow/example_dags/example_branch_datetime_operator.py for tasks to queue
[2025-01-22T00:18:49.770+0000] {logging_mixin.py:190} INFO - [2025-01-22T00:18:49.770+0000] {dagbag.py:588} INFO - Filling up the DagBag from /home/airflow/.local/lib/python3.12/site-packages/airflow/example_dags/example_branch_datetime_operator.py
[2025-01-22T00:18:49.819+0000] {processor.py:925} INFO - DAG(s) 'example_branch_datetime_operator', 'example_branch_datetime_operator_3', 'example_branch_datetime_operator_2' retrieved from /home/airflow/.local/lib/python3.12/site-packages/airflow/example_dags/example_branch_datetime_operator.py
[2025-01-22T00:18:49.897+0000] {logging_mixin.py:190} INFO - [2025-01-22T00:18:49.897+0000] {dag.py:3239} INFO - Sync 3 DAGs
[2025-01-22T00:18:50.012+0000] {logging_mixin.py:190} INFO - [2025-01-22T00:18:50.012+0000] {dag.py:4180} INFO - Setting next_dagrun for example_branch_datetime_operator to 2025-01-21 00:00:00+00:00, run_after=2025-01-22 00:00:00+00:00
[2025-01-22T00:18:50.021+0000] {logging_mixin.py:190} INFO - [2025-01-22T00:18:50.021+0000] {dag.py:4180} INFO - Setting next_dagrun for example_branch_datetime_operator_2 to 2025-01-21 00:00:00+00:00, run_after=2025-01-22 00:00:00+00:00
[2025-01-22T00:18:50.027+0000] {logging_mixin.py:190} INFO - [2025-01-22T00:18:50.026+0000] {dag.py:4180} INFO - Setting next_dagrun for example_branch_datetime_operator_3 to 2025-01-21 00:00:00+00:00, run_after=2025-01-22 00:00:00+00:00
[2025-01-22T00:18:50.084+0000] {processor.py:208} INFO - Processing /home/airflow/.local/lib/python3.12/site-packages/airflow/example_dags/example_branch_datetime_operator.py took 0.341 seconds
[2025-01-22T00:19:20.758+0000] {processor.py:186} INFO - Started process (PID=2686) to work on /home/airflow/.local/lib/python3.12/site-packages/airflow/example_dags/example_branch_datetime_operator.py
[2025-01-22T00:19:20.759+0000] {processor.py:914} INFO - Processing file /home/airflow/.local/lib/python3.12/site-packages/airflow/example_dags/example_branch_datetime_operator.py for tasks to queue
[2025-01-22T00:19:20.763+0000] {logging_mixin.py:190} INFO - [2025-01-22T00:19:20.762+0000] {dagbag.py:588} INFO - Filling up the DagBag from /home/airflow/.local/lib/python3.12/site-packages/airflow/example_dags/example_branch_datetime_operator.py
[2025-01-22T00:19:20.775+0000] {processor.py:925} INFO - DAG(s) 'example_branch_datetime_operator_2', 'example_branch_datetime_operator', 'example_branch_datetime_operator_3' retrieved from /home/airflow/.local/lib/python3.12/site-packages/airflow/example_dags/example_branch_datetime_operator.py
[2025-01-22T00:19:20.800+0000] {logging_mixin.py:190} INFO - [2025-01-22T00:19:20.800+0000] {dag.py:3239} INFO - Sync 3 DAGs
[2025-01-22T00:19:20.825+0000] {logging_mixin.py:190} INFO - [2025-01-22T00:19:20.825+0000] {dag.py:4180} INFO - Setting next_dagrun for example_branch_datetime_operator to 2025-01-21 00:00:00+00:00, run_after=2025-01-22 00:00:00+00:00
[2025-01-22T00:19:20.834+0000] {logging_mixin.py:190} INFO - [2025-01-22T00:19:20.834+0000] {dag.py:4180} INFO - Setting next_dagrun for example_branch_datetime_operator_2 to 2025-01-21 00:00:00+00:00, run_after=2025-01-22 00:00:00+00:00
[2025-01-22T00:19:20.837+0000] {logging_mixin.py:190} INFO - [2025-01-22T00:19:20.837+0000] {dag.py:4180} INFO - Setting next_dagrun for example_branch_datetime_operator_3 to 2025-01-21 00:00:00+00:00, run_after=2025-01-22 00:00:00+00:00
[2025-01-22T00:19:21.016+0000] {processor.py:208} INFO - Processing /home/airflow/.local/lib/python3.12/site-packages/airflow/example_dags/example_branch_datetime_operator.py took 0.264 seconds
[2025-01-22T00:19:51.688+0000] {processor.py:186} INFO - Started process (PID=2749) to work on /home/airflow/.local/lib/python3.12/site-packages/airflow/example_dags/example_branch_datetime_operator.py
[2025-01-22T00:19:51.690+0000] {processor.py:914} INFO - Processing file /home/airflow/.local/lib/python3.12/site-packages/airflow/example_dags/example_branch_datetime_operator.py for tasks to queue
[2025-01-22T00:19:51.694+0000] {logging_mixin.py:190} INFO - [2025-01-22T00:19:51.693+0000] {dagbag.py:588} INFO - Filling up the DagBag from /home/airflow/.local/lib/python3.12/site-packages/airflow/example_dags/example_branch_datetime_operator.py
[2025-01-22T00:19:51.709+0000] {processor.py:925} INFO - DAG(s) 'example_branch_datetime_operator_2', 'example_branch_datetime_operator_3', 'example_branch_datetime_operator' retrieved from /home/airflow/.local/lib/python3.12/site-packages/airflow/example_dags/example_branch_datetime_operator.py
[2025-01-22T00:19:51.745+0000] {logging_mixin.py:190} INFO - [2025-01-22T00:19:51.744+0000] {dag.py:3239} INFO - Sync 3 DAGs
[2025-01-22T00:19:51.778+0000] {logging_mixin.py:190} INFO - [2025-01-22T00:19:51.778+0000] {dag.py:4180} INFO - Setting next_dagrun for example_branch_datetime_operator to 2025-01-21 00:00:00+00:00, run_after=2025-01-22 00:00:00+00:00
[2025-01-22T00:19:51.784+0000] {logging_mixin.py:190} INFO - [2025-01-22T00:19:51.784+0000] {dag.py:4180} INFO - Setting next_dagrun for example_branch_datetime_operator_2 to 2025-01-21 00:00:00+00:00, run_after=2025-01-22 00:00:00+00:00
[2025-01-22T00:19:51.787+0000] {logging_mixin.py:190} INFO - [2025-01-22T00:19:51.787+0000] {dag.py:4180} INFO - Setting next_dagrun for example_branch_datetime_operator_3 to 2025-01-21 00:00:00+00:00, run_after=2025-01-22 00:00:00+00:00
[2025-01-22T00:19:51.808+0000] {processor.py:208} INFO - Processing /home/airflow/.local/lib/python3.12/site-packages/airflow/example_dags/example_branch_datetime_operator.py took 0.128 seconds
[2025-01-22T00:20:21.955+0000] {processor.py:186} INFO - Started process (PID=2811) to work on /home/airflow/.local/lib/python3.12/site-packages/airflow/example_dags/example_branch_datetime_operator.py
[2025-01-22T00:20:21.956+0000] {processor.py:914} INFO - Processing file /home/airflow/.local/lib/python3.12/site-packages/airflow/example_dags/example_branch_datetime_operator.py for tasks to queue
[2025-01-22T00:20:21.959+0000] {logging_mixin.py:190} INFO - [2025-01-22T00:20:21.958+0000] {dagbag.py:588} INFO - Filling up the DagBag from /home/airflow/.local/lib/python3.12/site-packages/airflow/example_dags/example_branch_datetime_operator.py
[2025-01-22T00:20:21.975+0000] {processor.py:925} INFO - DAG(s) 'example_branch_datetime_operator', 'example_branch_datetime_operator_2', 'example_branch_datetime_operator_3' retrieved from /home/airflow/.local/lib/python3.12/site-packages/airflow/example_dags/example_branch_datetime_operator.py
[2025-01-22T00:20:22.004+0000] {logging_mixin.py:190} INFO - [2025-01-22T00:20:22.004+0000] {dag.py:3239} INFO - Sync 3 DAGs
[2025-01-22T00:20:22.034+0000] {logging_mixin.py:190} INFO - [2025-01-22T00:20:22.034+0000] {dag.py:4180} INFO - Setting next_dagrun for example_branch_datetime_operator to 2025-01-21 00:00:00+00:00, run_after=2025-01-22 00:00:00+00:00
[2025-01-22T00:20:22.040+0000] {logging_mixin.py:190} INFO - [2025-01-22T00:20:22.039+0000] {dag.py:4180} INFO - Setting next_dagrun for example_branch_datetime_operator_2 to 2025-01-21 00:00:00+00:00, run_after=2025-01-22 00:00:00+00:00
[2025-01-22T00:20:22.043+0000] {logging_mixin.py:190} INFO - [2025-01-22T00:20:22.042+0000] {dag.py:4180} INFO - Setting next_dagrun for example_branch_datetime_operator_3 to 2025-01-21 00:00:00+00:00, run_after=2025-01-22 00:00:00+00:00
[2025-01-22T00:20:22.064+0000] {processor.py:208} INFO - Processing /home/airflow/.local/lib/python3.12/site-packages/airflow/example_dags/example_branch_datetime_operator.py took 0.115 seconds
[2025-01-22T00:20:52.185+0000] {processor.py:186} INFO - Started process (PID=2874) to work on /home/airflow/.local/lib/python3.12/site-packages/airflow/example_dags/example_branch_datetime_operator.py
[2025-01-22T00:20:52.186+0000] {processor.py:914} INFO - Processing file /home/airflow/.local/lib/python3.12/site-packages/airflow/example_dags/example_branch_datetime_operator.py for tasks to queue
[2025-01-22T00:20:52.190+0000] {logging_mixin.py:190} INFO - [2025-01-22T00:20:52.190+0000] {dagbag.py:588} INFO - Filling up the DagBag from /home/airflow/.local/lib/python3.12/site-packages/airflow/example_dags/example_branch_datetime_operator.py
[2025-01-22T00:20:52.218+0000] {processor.py:925} INFO - DAG(s) 'example_branch_datetime_operator_2', 'example_branch_datetime_operator_3', 'example_branch_datetime_operator' retrieved from /home/airflow/.local/lib/python3.12/site-packages/airflow/example_dags/example_branch_datetime_operator.py
[2025-01-22T00:20:52.302+0000] {logging_mixin.py:190} INFO - [2025-01-22T00:20:52.301+0000] {dag.py:3239} INFO - Sync 3 DAGs
[2025-01-22T00:20:52.363+0000] {logging_mixin.py:190} INFO - [2025-01-22T00:20:52.362+0000] {dag.py:4180} INFO - Setting next_dagrun for example_branch_datetime_operator to 2025-01-21 00:00:00+00:00, run_after=2025-01-22 00:00:00+00:00
[2025-01-22T00:20:52.370+0000] {logging_mixin.py:190} INFO - [2025-01-22T00:20:52.370+0000] {dag.py:4180} INFO - Setting next_dagrun for example_branch_datetime_operator_2 to 2025-01-21 00:00:00+00:00, run_after=2025-01-22 00:00:00+00:00
[2025-01-22T00:20:52.377+0000] {logging_mixin.py:190} INFO - [2025-01-22T00:20:52.377+0000] {dag.py:4180} INFO - Setting next_dagrun for example_branch_datetime_operator_3 to 2025-01-21 00:00:00+00:00, run_after=2025-01-22 00:00:00+00:00
[2025-01-22T00:20:52.412+0000] {processor.py:208} INFO - Processing /home/airflow/.local/lib/python3.12/site-packages/airflow/example_dags/example_branch_datetime_operator.py took 0.244 seconds
[2025-01-22T00:21:22.588+0000] {processor.py:186} INFO - Started process (PID=2937) to work on /home/airflow/.local/lib/python3.12/site-packages/airflow/example_dags/example_branch_datetime_operator.py
[2025-01-22T00:21:22.589+0000] {processor.py:914} INFO - Processing file /home/airflow/.local/lib/python3.12/site-packages/airflow/example_dags/example_branch_datetime_operator.py for tasks to queue
[2025-01-22T00:21:22.594+0000] {logging_mixin.py:190} INFO - [2025-01-22T00:21:22.593+0000] {dagbag.py:588} INFO - Filling up the DagBag from /home/airflow/.local/lib/python3.12/site-packages/airflow/example_dags/example_branch_datetime_operator.py
[2025-01-22T00:21:22.606+0000] {processor.py:925} INFO - DAG(s) 'example_branch_datetime_operator_3', 'example_branch_datetime_operator_2', 'example_branch_datetime_operator' retrieved from /home/airflow/.local/lib/python3.12/site-packages/airflow/example_dags/example_branch_datetime_operator.py
[2025-01-22T00:21:22.633+0000] {logging_mixin.py:190} INFO - [2025-01-22T00:21:22.633+0000] {dag.py:3239} INFO - Sync 3 DAGs
[2025-01-22T00:21:22.656+0000] {logging_mixin.py:190} INFO - [2025-01-22T00:21:22.656+0000] {dag.py:4180} INFO - Setting next_dagrun for example_branch_datetime_operator to 2025-01-21 00:00:00+00:00, run_after=2025-01-22 00:00:00+00:00
[2025-01-22T00:21:22.663+0000] {logging_mixin.py:190} INFO - [2025-01-22T00:21:22.663+0000] {dag.py:4180} INFO - Setting next_dagrun for example_branch_datetime_operator_2 to 2025-01-21 00:00:00+00:00, run_after=2025-01-22 00:00:00+00:00
[2025-01-22T00:21:22.666+0000] {logging_mixin.py:190} INFO - [2025-01-22T00:21:22.665+0000] {dag.py:4180} INFO - Setting next_dagrun for example_branch_datetime_operator_3 to 2025-01-21 00:00:00+00:00, run_after=2025-01-22 00:00:00+00:00
[2025-01-22T00:21:22.682+0000] {processor.py:208} INFO - Processing /home/airflow/.local/lib/python3.12/site-packages/airflow/example_dags/example_branch_datetime_operator.py took 0.099 seconds
[2025-01-22T00:21:54.888+0000] {processor.py:186} INFO - Started process (PID=3001) to work on /home/airflow/.local/lib/python3.12/site-packages/airflow/example_dags/example_branch_datetime_operator.py
[2025-01-22T00:21:54.889+0000] {processor.py:914} INFO - Processing file /home/airflow/.local/lib/python3.12/site-packages/airflow/example_dags/example_branch_datetime_operator.py for tasks to queue
[2025-01-22T00:21:54.895+0000] {logging_mixin.py:190} INFO - [2025-01-22T00:21:54.895+0000] {dagbag.py:588} INFO - Filling up the DagBag from /home/airflow/.local/lib/python3.12/site-packages/airflow/example_dags/example_branch_datetime_operator.py
[2025-01-22T00:21:54.918+0000] {processor.py:925} INFO - DAG(s) 'example_branch_datetime_operator_3', 'example_branch_datetime_operator', 'example_branch_datetime_operator_2' retrieved from /home/airflow/.local/lib/python3.12/site-packages/airflow/example_dags/example_branch_datetime_operator.py
[2025-01-22T00:21:54.967+0000] {logging_mixin.py:190} INFO - [2025-01-22T00:21:54.967+0000] {dag.py:3239} INFO - Sync 3 DAGs
[2025-01-22T00:21:55.012+0000] {logging_mixin.py:190} INFO - [2025-01-22T00:21:55.011+0000] {dag.py:4180} INFO - Setting next_dagrun for example_branch_datetime_operator to 2025-01-21 00:00:00+00:00, run_after=2025-01-22 00:00:00+00:00
[2025-01-22T00:21:55.017+0000] {logging_mixin.py:190} INFO - [2025-01-22T00:21:55.017+0000] {dag.py:4180} INFO - Setting next_dagrun for example_branch_datetime_operator_2 to 2025-01-21 00:00:00+00:00, run_after=2025-01-22 00:00:00+00:00
[2025-01-22T00:21:55.020+0000] {logging_mixin.py:190} INFO - [2025-01-22T00:21:55.019+0000] {dag.py:4180} INFO - Setting next_dagrun for example_branch_datetime_operator_3 to 2025-01-21 00:00:00+00:00, run_after=2025-01-22 00:00:00+00:00
[2025-01-22T00:21:55.057+0000] {processor.py:208} INFO - Processing /home/airflow/.local/lib/python3.12/site-packages/airflow/example_dags/example_branch_datetime_operator.py took 0.175 seconds
[2025-01-22T00:22:25.333+0000] {processor.py:186} INFO - Started process (PID=3063) to work on /home/airflow/.local/lib/python3.12/site-packages/airflow/example_dags/example_branch_datetime_operator.py
[2025-01-22T00:22:25.335+0000] {processor.py:914} INFO - Processing file /home/airflow/.local/lib/python3.12/site-packages/airflow/example_dags/example_branch_datetime_operator.py for tasks to queue
[2025-01-22T00:22:25.337+0000] {logging_mixin.py:190} INFO - [2025-01-22T00:22:25.337+0000] {dagbag.py:588} INFO - Filling up the DagBag from /home/airflow/.local/lib/python3.12/site-packages/airflow/example_dags/example_branch_datetime_operator.py
[2025-01-22T00:22:25.538+0000] {processor.py:925} INFO - DAG(s) 'example_branch_datetime_operator_3', 'example_branch_datetime_operator', 'example_branch_datetime_operator_2' retrieved from /home/airflow/.local/lib/python3.12/site-packages/airflow/example_dags/example_branch_datetime_operator.py
[2025-01-22T00:22:25.600+0000] {logging_mixin.py:190} INFO - [2025-01-22T00:22:25.600+0000] {dag.py:3239} INFO - Sync 3 DAGs
[2025-01-22T00:22:25.664+0000] {logging_mixin.py:190} INFO - [2025-01-22T00:22:25.664+0000] {dag.py:4180} INFO - Setting next_dagrun for example_branch_datetime_operator to 2025-01-21 00:00:00+00:00, run_after=2025-01-22 00:00:00+00:00
[2025-01-22T00:22:25.686+0000] {logging_mixin.py:190} INFO - [2025-01-22T00:22:25.686+0000] {dag.py:4180} INFO - Setting next_dagrun for example_branch_datetime_operator_2 to 2025-01-21 00:00:00+00:00, run_after=2025-01-22 00:00:00+00:00
[2025-01-22T00:22:25.691+0000] {logging_mixin.py:190} INFO - [2025-01-22T00:22:25.690+0000] {dag.py:4180} INFO - Setting next_dagrun for example_branch_datetime_operator_3 to 2025-01-21 00:00:00+00:00, run_after=2025-01-22 00:00:00+00:00
[2025-01-22T00:22:25.722+0000] {processor.py:208} INFO - Processing /home/airflow/.local/lib/python3.12/site-packages/airflow/example_dags/example_branch_datetime_operator.py took 0.396 seconds
[2025-01-22T00:22:56.202+0000] {processor.py:186} INFO - Started process (PID=3126) to work on /home/airflow/.local/lib/python3.12/site-packages/airflow/example_dags/example_branch_datetime_operator.py
[2025-01-22T00:22:56.203+0000] {processor.py:914} INFO - Processing file /home/airflow/.local/lib/python3.12/site-packages/airflow/example_dags/example_branch_datetime_operator.py for tasks to queue
[2025-01-22T00:22:56.205+0000] {logging_mixin.py:190} INFO - [2025-01-22T00:22:56.205+0000] {dagbag.py:588} INFO - Filling up the DagBag from /home/airflow/.local/lib/python3.12/site-packages/airflow/example_dags/example_branch_datetime_operator.py
[2025-01-22T00:22:56.217+0000] {processor.py:925} INFO - DAG(s) 'example_branch_datetime_operator_3', 'example_branch_datetime_operator_2', 'example_branch_datetime_operator' retrieved from /home/airflow/.local/lib/python3.12/site-packages/airflow/example_dags/example_branch_datetime_operator.py
[2025-01-22T00:22:56.245+0000] {logging_mixin.py:190} INFO - [2025-01-22T00:22:56.245+0000] {dag.py:3239} INFO - Sync 3 DAGs
[2025-01-22T00:22:56.277+0000] {logging_mixin.py:190} INFO - [2025-01-22T00:22:56.277+0000] {dag.py:4180} INFO - Setting next_dagrun for example_branch_datetime_operator to 2025-01-21 00:00:00+00:00, run_after=2025-01-22 00:00:00+00:00
[2025-01-22T00:22:56.283+0000] {logging_mixin.py:190} INFO - [2025-01-22T00:22:56.282+0000] {dag.py:4180} INFO - Setting next_dagrun for example_branch_datetime_operator_2 to 2025-01-21 00:00:00+00:00, run_after=2025-01-22 00:00:00+00:00
[2025-01-22T00:22:56.285+0000] {logging_mixin.py:190} INFO - [2025-01-22T00:22:56.285+0000] {dag.py:4180} INFO - Setting next_dagrun for example_branch_datetime_operator_3 to 2025-01-21 00:00:00+00:00, run_after=2025-01-22 00:00:00+00:00
[2025-01-22T00:22:56.304+0000] {processor.py:208} INFO - Processing /home/airflow/.local/lib/python3.12/site-packages/airflow/example_dags/example_branch_datetime_operator.py took 0.109 seconds
[2025-01-22T00:23:26.540+0000] {processor.py:186} INFO - Started process (PID=3189) to work on /home/airflow/.local/lib/python3.12/site-packages/airflow/example_dags/example_branch_datetime_operator.py
[2025-01-22T00:23:26.541+0000] {processor.py:914} INFO - Processing file /home/airflow/.local/lib/python3.12/site-packages/airflow/example_dags/example_branch_datetime_operator.py for tasks to queue
[2025-01-22T00:23:26.544+0000] {logging_mixin.py:190} INFO - [2025-01-22T00:23:26.544+0000] {dagbag.py:588} INFO - Filling up the DagBag from /home/airflow/.local/lib/python3.12/site-packages/airflow/example_dags/example_branch_datetime_operator.py
[2025-01-22T00:23:26.559+0000] {processor.py:925} INFO - DAG(s) 'example_branch_datetime_operator', 'example_branch_datetime_operator_3', 'example_branch_datetime_operator_2' retrieved from /home/airflow/.local/lib/python3.12/site-packages/airflow/example_dags/example_branch_datetime_operator.py
[2025-01-22T00:23:26.597+0000] {logging_mixin.py:190} INFO - [2025-01-22T00:23:26.595+0000] {dag.py:3239} INFO - Sync 3 DAGs
[2025-01-22T00:23:26.625+0000] {logging_mixin.py:190} INFO - [2025-01-22T00:23:26.625+0000] {dag.py:4180} INFO - Setting next_dagrun for example_branch_datetime_operator to 2025-01-21 00:00:00+00:00, run_after=2025-01-22 00:00:00+00:00
[2025-01-22T00:23:26.632+0000] {logging_mixin.py:190} INFO - [2025-01-22T00:23:26.632+0000] {dag.py:4180} INFO - Setting next_dagrun for example_branch_datetime_operator_2 to 2025-01-21 00:00:00+00:00, run_after=2025-01-22 00:00:00+00:00
[2025-01-22T00:23:26.635+0000] {logging_mixin.py:190} INFO - [2025-01-22T00:23:26.635+0000] {dag.py:4180} INFO - Setting next_dagrun for example_branch_datetime_operator_3 to 2025-01-21 00:00:00+00:00, run_after=2025-01-22 00:00:00+00:00
[2025-01-22T00:23:26.656+0000] {processor.py:208} INFO - Processing /home/airflow/.local/lib/python3.12/site-packages/airflow/example_dags/example_branch_datetime_operator.py took 0.122 seconds
[2025-01-22T00:23:57.582+0000] {processor.py:186} INFO - Started process (PID=3252) to work on /home/airflow/.local/lib/python3.12/site-packages/airflow/example_dags/example_branch_datetime_operator.py
[2025-01-22T00:23:57.583+0000] {processor.py:914} INFO - Processing file /home/airflow/.local/lib/python3.12/site-packages/airflow/example_dags/example_branch_datetime_operator.py for tasks to queue
[2025-01-22T00:23:57.585+0000] {logging_mixin.py:190} INFO - [2025-01-22T00:23:57.585+0000] {dagbag.py:588} INFO - Filling up the DagBag from /home/airflow/.local/lib/python3.12/site-packages/airflow/example_dags/example_branch_datetime_operator.py
[2025-01-22T00:23:57.598+0000] {processor.py:925} INFO - DAG(s) 'example_branch_datetime_operator_2', 'example_branch_datetime_operator_3', 'example_branch_datetime_operator' retrieved from /home/airflow/.local/lib/python3.12/site-packages/airflow/example_dags/example_branch_datetime_operator.py
[2025-01-22T00:23:57.628+0000] {logging_mixin.py:190} INFO - [2025-01-22T00:23:57.628+0000] {dag.py:3239} INFO - Sync 3 DAGs
[2025-01-22T00:23:57.661+0000] {logging_mixin.py:190} INFO - [2025-01-22T00:23:57.661+0000] {dag.py:4180} INFO - Setting next_dagrun for example_branch_datetime_operator to 2025-01-21 00:00:00+00:00, run_after=2025-01-22 00:00:00+00:00
[2025-01-22T00:23:57.668+0000] {logging_mixin.py:190} INFO - [2025-01-22T00:23:57.668+0000] {dag.py:4180} INFO - Setting next_dagrun for example_branch_datetime_operator_2 to 2025-01-21 00:00:00+00:00, run_after=2025-01-22 00:00:00+00:00
[2025-01-22T00:23:57.671+0000] {logging_mixin.py:190} INFO - [2025-01-22T00:23:57.671+0000] {dag.py:4180} INFO - Setting next_dagrun for example_branch_datetime_operator_3 to 2025-01-21 00:00:00+00:00, run_after=2025-01-22 00:00:00+00:00
[2025-01-22T00:23:57.690+0000] {processor.py:208} INFO - Processing /home/airflow/.local/lib/python3.12/site-packages/airflow/example_dags/example_branch_datetime_operator.py took 0.113 seconds
[2025-01-22T00:24:28.205+0000] {processor.py:186} INFO - Started process (PID=3314) to work on /home/airflow/.local/lib/python3.12/site-packages/airflow/example_dags/example_branch_datetime_operator.py
[2025-01-22T00:24:28.216+0000] {processor.py:914} INFO - Processing file /home/airflow/.local/lib/python3.12/site-packages/airflow/example_dags/example_branch_datetime_operator.py for tasks to queue
[2025-01-22T00:24:28.227+0000] {logging_mixin.py:190} INFO - [2025-01-22T00:24:28.226+0000] {dagbag.py:588} INFO - Filling up the DagBag from /home/airflow/.local/lib/python3.12/site-packages/airflow/example_dags/example_branch_datetime_operator.py
[2025-01-22T00:24:28.272+0000] {processor.py:925} INFO - DAG(s) 'example_branch_datetime_operator', 'example_branch_datetime_operator_2', 'example_branch_datetime_operator_3' retrieved from /home/airflow/.local/lib/python3.12/site-packages/airflow/example_dags/example_branch_datetime_operator.py
[2025-01-22T00:24:28.388+0000] {logging_mixin.py:190} INFO - [2025-01-22T00:24:28.387+0000] {dag.py:3239} INFO - Sync 3 DAGs
[2025-01-22T00:24:28.502+0000] {logging_mixin.py:190} INFO - [2025-01-22T00:24:28.502+0000] {dag.py:4180} INFO - Setting next_dagrun for example_branch_datetime_operator to 2025-01-21 00:00:00+00:00, run_after=2025-01-22 00:00:00+00:00
[2025-01-22T00:24:28.539+0000] {logging_mixin.py:190} INFO - [2025-01-22T00:24:28.539+0000] {dag.py:4180} INFO - Setting next_dagrun for example_branch_datetime_operator_2 to 2025-01-21 00:00:00+00:00, run_after=2025-01-22 00:00:00+00:00
[2025-01-22T00:24:28.545+0000] {logging_mixin.py:190} INFO - [2025-01-22T00:24:28.545+0000] {dag.py:4180} INFO - Setting next_dagrun for example_branch_datetime_operator_3 to 2025-01-21 00:00:00+00:00, run_after=2025-01-22 00:00:00+00:00
[2025-01-22T00:24:28.579+0000] {processor.py:208} INFO - Processing /home/airflow/.local/lib/python3.12/site-packages/airflow/example_dags/example_branch_datetime_operator.py took 0.383 seconds
[2025-01-22T00:24:59.013+0000] {processor.py:186} INFO - Started process (PID=3377) to work on /home/airflow/.local/lib/python3.12/site-packages/airflow/example_dags/example_branch_datetime_operator.py
[2025-01-22T00:24:59.014+0000] {processor.py:914} INFO - Processing file /home/airflow/.local/lib/python3.12/site-packages/airflow/example_dags/example_branch_datetime_operator.py for tasks to queue
[2025-01-22T00:24:59.017+0000] {logging_mixin.py:190} INFO - [2025-01-22T00:24:59.016+0000] {dagbag.py:588} INFO - Filling up the DagBag from /home/airflow/.local/lib/python3.12/site-packages/airflow/example_dags/example_branch_datetime_operator.py
[2025-01-22T00:24:59.036+0000] {processor.py:925} INFO - DAG(s) 'example_branch_datetime_operator_2', 'example_branch_datetime_operator_3', 'example_branch_datetime_operator' retrieved from /home/airflow/.local/lib/python3.12/site-packages/airflow/example_dags/example_branch_datetime_operator.py
[2025-01-22T00:24:59.082+0000] {logging_mixin.py:190} INFO - [2025-01-22T00:24:59.081+0000] {dag.py:3239} INFO - Sync 3 DAGs
[2025-01-22T00:24:59.124+0000] {logging_mixin.py:190} INFO - [2025-01-22T00:24:59.123+0000] {dag.py:4180} INFO - Setting next_dagrun for example_branch_datetime_operator to 2025-01-21 00:00:00+00:00, run_after=2025-01-22 00:00:00+00:00
[2025-01-22T00:24:59.134+0000] {logging_mixin.py:190} INFO - [2025-01-22T00:24:59.133+0000] {dag.py:4180} INFO - Setting next_dagrun for example_branch_datetime_operator_2 to 2025-01-21 00:00:00+00:00, run_after=2025-01-22 00:00:00+00:00
[2025-01-22T00:24:59.137+0000] {logging_mixin.py:190} INFO - [2025-01-22T00:24:59.137+0000] {dag.py:4180} INFO - Setting next_dagrun for example_branch_datetime_operator_3 to 2025-01-21 00:00:00+00:00, run_after=2025-01-22 00:00:00+00:00
[2025-01-22T00:24:59.169+0000] {processor.py:208} INFO - Processing /home/airflow/.local/lib/python3.12/site-packages/airflow/example_dags/example_branch_datetime_operator.py took 0.164 seconds
[2025-01-22T00:25:29.726+0000] {processor.py:186} INFO - Started process (PID=3439) to work on /home/airflow/.local/lib/python3.12/site-packages/airflow/example_dags/example_branch_datetime_operator.py
[2025-01-22T00:25:29.728+0000] {processor.py:914} INFO - Processing file /home/airflow/.local/lib/python3.12/site-packages/airflow/example_dags/example_branch_datetime_operator.py for tasks to queue
[2025-01-22T00:25:29.731+0000] {logging_mixin.py:190} INFO - [2025-01-22T00:25:29.731+0000] {dagbag.py:588} INFO - Filling up the DagBag from /home/airflow/.local/lib/python3.12/site-packages/airflow/example_dags/example_branch_datetime_operator.py
[2025-01-22T00:25:29.748+0000] {processor.py:925} INFO - DAG(s) 'example_branch_datetime_operator_2', 'example_branch_datetime_operator_3', 'example_branch_datetime_operator' retrieved from /home/airflow/.local/lib/python3.12/site-packages/airflow/example_dags/example_branch_datetime_operator.py
[2025-01-22T00:25:29.778+0000] {logging_mixin.py:190} INFO - [2025-01-22T00:25:29.778+0000] {dag.py:3239} INFO - Sync 3 DAGs
[2025-01-22T00:25:29.809+0000] {logging_mixin.py:190} INFO - [2025-01-22T00:25:29.809+0000] {dag.py:4180} INFO - Setting next_dagrun for example_branch_datetime_operator to 2025-01-21 00:00:00+00:00, run_after=2025-01-22 00:00:00+00:00
[2025-01-22T00:25:29.814+0000] {logging_mixin.py:190} INFO - [2025-01-22T00:25:29.814+0000] {dag.py:4180} INFO - Setting next_dagrun for example_branch_datetime_operator_2 to 2025-01-21 00:00:00+00:00, run_after=2025-01-22 00:00:00+00:00
[2025-01-22T00:25:29.818+0000] {logging_mixin.py:190} INFO - [2025-01-22T00:25:29.818+0000] {dag.py:4180} INFO - Setting next_dagrun for example_branch_datetime_operator_3 to 2025-01-21 00:00:00+00:00, run_after=2025-01-22 00:00:00+00:00
[2025-01-22T00:25:29.838+0000] {processor.py:208} INFO - Processing /home/airflow/.local/lib/python3.12/site-packages/airflow/example_dags/example_branch_datetime_operator.py took 0.121 seconds
[2025-01-22T00:25:59.972+0000] {processor.py:186} INFO - Started process (PID=3502) to work on /home/airflow/.local/lib/python3.12/site-packages/airflow/example_dags/example_branch_datetime_operator.py
[2025-01-22T00:25:59.973+0000] {processor.py:914} INFO - Processing file /home/airflow/.local/lib/python3.12/site-packages/airflow/example_dags/example_branch_datetime_operator.py for tasks to queue
[2025-01-22T00:25:59.976+0000] {logging_mixin.py:190} INFO - [2025-01-22T00:25:59.975+0000] {dagbag.py:588} INFO - Filling up the DagBag from /home/airflow/.local/lib/python3.12/site-packages/airflow/example_dags/example_branch_datetime_operator.py
[2025-01-22T00:25:59.987+0000] {processor.py:925} INFO - DAG(s) 'example_branch_datetime_operator_3', 'example_branch_datetime_operator', 'example_branch_datetime_operator_2' retrieved from /home/airflow/.local/lib/python3.12/site-packages/airflow/example_dags/example_branch_datetime_operator.py
[2025-01-22T00:26:00.022+0000] {logging_mixin.py:190} INFO - [2025-01-22T00:26:00.022+0000] {dag.py:3239} INFO - Sync 3 DAGs
[2025-01-22T00:26:00.054+0000] {logging_mixin.py:190} INFO - [2025-01-22T00:26:00.054+0000] {dag.py:4180} INFO - Setting next_dagrun for example_branch_datetime_operator to 2025-01-21 00:00:00+00:00, run_after=2025-01-22 00:00:00+00:00
[2025-01-22T00:26:00.061+0000] {logging_mixin.py:190} INFO - [2025-01-22T00:26:00.061+0000] {dag.py:4180} INFO - Setting next_dagrun for example_branch_datetime_operator_2 to 2025-01-21 00:00:00+00:00, run_after=2025-01-22 00:00:00+00:00
[2025-01-22T00:26:00.065+0000] {logging_mixin.py:190} INFO - [2025-01-22T00:26:00.064+0000] {dag.py:4180} INFO - Setting next_dagrun for example_branch_datetime_operator_3 to 2025-01-21 00:00:00+00:00, run_after=2025-01-22 00:00:00+00:00
[2025-01-22T00:26:00.086+0000] {processor.py:208} INFO - Processing /home/airflow/.local/lib/python3.12/site-packages/airflow/example_dags/example_branch_datetime_operator.py took 0.120 seconds
[2025-01-22T00:26:30.179+0000] {processor.py:186} INFO - Started process (PID=3565) to work on /home/airflow/.local/lib/python3.12/site-packages/airflow/example_dags/example_branch_datetime_operator.py
[2025-01-22T00:26:30.181+0000] {processor.py:914} INFO - Processing file /home/airflow/.local/lib/python3.12/site-packages/airflow/example_dags/example_branch_datetime_operator.py for tasks to queue
[2025-01-22T00:26:30.184+0000] {logging_mixin.py:190} INFO - [2025-01-22T00:26:30.184+0000] {dagbag.py:588} INFO - Filling up the DagBag from /home/airflow/.local/lib/python3.12/site-packages/airflow/example_dags/example_branch_datetime_operator.py
[2025-01-22T00:26:30.201+0000] {processor.py:925} INFO - DAG(s) 'example_branch_datetime_operator', 'example_branch_datetime_operator_3', 'example_branch_datetime_operator_2' retrieved from /home/airflow/.local/lib/python3.12/site-packages/airflow/example_dags/example_branch_datetime_operator.py
[2025-01-22T00:26:30.227+0000] {logging_mixin.py:190} INFO - [2025-01-22T00:26:30.226+0000] {dag.py:3239} INFO - Sync 3 DAGs
[2025-01-22T00:26:30.253+0000] {logging_mixin.py:190} INFO - [2025-01-22T00:26:30.253+0000] {dag.py:4180} INFO - Setting next_dagrun for example_branch_datetime_operator to 2025-01-21 00:00:00+00:00, run_after=2025-01-22 00:00:00+00:00
[2025-01-22T00:26:30.259+0000] {logging_mixin.py:190} INFO - [2025-01-22T00:26:30.258+0000] {dag.py:4180} INFO - Setting next_dagrun for example_branch_datetime_operator_2 to 2025-01-21 00:00:00+00:00, run_after=2025-01-22 00:00:00+00:00
[2025-01-22T00:26:30.262+0000] {logging_mixin.py:190} INFO - [2025-01-22T00:26:30.261+0000] {dag.py:4180} INFO - Setting next_dagrun for example_branch_datetime_operator_3 to 2025-01-21 00:00:00+00:00, run_after=2025-01-22 00:00:00+00:00
[2025-01-22T00:26:30.280+0000] {processor.py:208} INFO - Processing /home/airflow/.local/lib/python3.12/site-packages/airflow/example_dags/example_branch_datetime_operator.py took 0.111 seconds
[2025-01-22T00:27:00.470+0000] {processor.py:186} INFO - Started process (PID=3628) to work on /home/airflow/.local/lib/python3.12/site-packages/airflow/example_dags/example_branch_datetime_operator.py
[2025-01-22T00:27:00.471+0000] {processor.py:914} INFO - Processing file /home/airflow/.local/lib/python3.12/site-packages/airflow/example_dags/example_branch_datetime_operator.py for tasks to queue
[2025-01-22T00:27:00.474+0000] {logging_mixin.py:190} INFO - [2025-01-22T00:27:00.473+0000] {dagbag.py:588} INFO - Filling up the DagBag from /home/airflow/.local/lib/python3.12/site-packages/airflow/example_dags/example_branch_datetime_operator.py
[2025-01-22T00:27:00.485+0000] {processor.py:925} INFO - DAG(s) 'example_branch_datetime_operator_2', 'example_branch_datetime_operator_3', 'example_branch_datetime_operator' retrieved from /home/airflow/.local/lib/python3.12/site-packages/airflow/example_dags/example_branch_datetime_operator.py
[2025-01-22T00:27:00.518+0000] {logging_mixin.py:190} INFO - [2025-01-22T00:27:00.517+0000] {dag.py:3239} INFO - Sync 3 DAGs
[2025-01-22T00:27:00.548+0000] {logging_mixin.py:190} INFO - [2025-01-22T00:27:00.547+0000] {dag.py:4180} INFO - Setting next_dagrun for example_branch_datetime_operator to 2025-01-21 00:00:00+00:00, run_after=2025-01-22 00:00:00+00:00
[2025-01-22T00:27:00.553+0000] {logging_mixin.py:190} INFO - [2025-01-22T00:27:00.553+0000] {dag.py:4180} INFO - Setting next_dagrun for example_branch_datetime_operator_2 to 2025-01-21 00:00:00+00:00, run_after=2025-01-22 00:00:00+00:00
[2025-01-22T00:27:00.557+0000] {logging_mixin.py:190} INFO - [2025-01-22T00:27:00.557+0000] {dag.py:4180} INFO - Setting next_dagrun for example_branch_datetime_operator_3 to 2025-01-21 00:00:00+00:00, run_after=2025-01-22 00:00:00+00:00
[2025-01-22T00:27:00.579+0000] {processor.py:208} INFO - Processing /home/airflow/.local/lib/python3.12/site-packages/airflow/example_dags/example_branch_datetime_operator.py took 0.117 seconds
[2025-01-22T00:27:30.826+0000] {processor.py:186} INFO - Started process (PID=3691) to work on /home/airflow/.local/lib/python3.12/site-packages/airflow/example_dags/example_branch_datetime_operator.py
[2025-01-22T00:27:30.827+0000] {processor.py:914} INFO - Processing file /home/airflow/.local/lib/python3.12/site-packages/airflow/example_dags/example_branch_datetime_operator.py for tasks to queue
[2025-01-22T00:27:30.832+0000] {logging_mixin.py:190} INFO - [2025-01-22T00:27:30.831+0000] {dagbag.py:588} INFO - Filling up the DagBag from /home/airflow/.local/lib/python3.12/site-packages/airflow/example_dags/example_branch_datetime_operator.py
[2025-01-22T00:27:30.848+0000] {processor.py:925} INFO - DAG(s) 'example_branch_datetime_operator', 'example_branch_datetime_operator_2', 'example_branch_datetime_operator_3' retrieved from /home/airflow/.local/lib/python3.12/site-packages/airflow/example_dags/example_branch_datetime_operator.py
[2025-01-22T00:27:30.875+0000] {logging_mixin.py:190} INFO - [2025-01-22T00:27:30.875+0000] {dag.py:3239} INFO - Sync 3 DAGs
[2025-01-22T00:27:30.902+0000] {logging_mixin.py:190} INFO - [2025-01-22T00:27:30.901+0000] {dag.py:4180} INFO - Setting next_dagrun for example_branch_datetime_operator to 2025-01-21 00:00:00+00:00, run_after=2025-01-22 00:00:00+00:00
[2025-01-22T00:27:30.908+0000] {logging_mixin.py:190} INFO - [2025-01-22T00:27:30.908+0000] {dag.py:4180} INFO - Setting next_dagrun for example_branch_datetime_operator_2 to 2025-01-21 00:00:00+00:00, run_after=2025-01-22 00:00:00+00:00
[2025-01-22T00:27:30.911+0000] {logging_mixin.py:190} INFO - [2025-01-22T00:27:30.911+0000] {dag.py:4180} INFO - Setting next_dagrun for example_branch_datetime_operator_3 to 2025-01-21 00:00:00+00:00, run_after=2025-01-22 00:00:00+00:00
[2025-01-22T00:27:30.930+0000] {processor.py:208} INFO - Processing /home/airflow/.local/lib/python3.12/site-packages/airflow/example_dags/example_branch_datetime_operator.py took 0.118 seconds
[2025-01-22T00:28:01.145+0000] {processor.py:186} INFO - Started process (PID=3754) to work on /home/airflow/.local/lib/python3.12/site-packages/airflow/example_dags/example_branch_datetime_operator.py
[2025-01-22T00:28:01.146+0000] {processor.py:914} INFO - Processing file /home/airflow/.local/lib/python3.12/site-packages/airflow/example_dags/example_branch_datetime_operator.py for tasks to queue
[2025-01-22T00:28:01.149+0000] {logging_mixin.py:190} INFO - [2025-01-22T00:28:01.148+0000] {dagbag.py:588} INFO - Filling up the DagBag from /home/airflow/.local/lib/python3.12/site-packages/airflow/example_dags/example_branch_datetime_operator.py
[2025-01-22T00:28:01.166+0000] {processor.py:925} INFO - DAG(s) 'example_branch_datetime_operator_2', 'example_branch_datetime_operator', 'example_branch_datetime_operator_3' retrieved from /home/airflow/.local/lib/python3.12/site-packages/airflow/example_dags/example_branch_datetime_operator.py
[2025-01-22T00:28:01.200+0000] {logging_mixin.py:190} INFO - [2025-01-22T00:28:01.199+0000] {dag.py:3239} INFO - Sync 3 DAGs
[2025-01-22T00:28:01.227+0000] {logging_mixin.py:190} INFO - [2025-01-22T00:28:01.226+0000] {dag.py:4180} INFO - Setting next_dagrun for example_branch_datetime_operator to 2025-01-21 00:00:00+00:00, run_after=2025-01-22 00:00:00+00:00
[2025-01-22T00:28:01.232+0000] {logging_mixin.py:190} INFO - [2025-01-22T00:28:01.232+0000] {dag.py:4180} INFO - Setting next_dagrun for example_branch_datetime_operator_2 to 2025-01-21 00:00:00+00:00, run_after=2025-01-22 00:00:00+00:00
[2025-01-22T00:28:01.236+0000] {logging_mixin.py:190} INFO - [2025-01-22T00:28:01.235+0000] {dag.py:4180} INFO - Setting next_dagrun for example_branch_datetime_operator_3 to 2025-01-21 00:00:00+00:00, run_after=2025-01-22 00:00:00+00:00
[2025-01-22T00:28:01.255+0000] {processor.py:208} INFO - Processing /home/airflow/.local/lib/python3.12/site-packages/airflow/example_dags/example_branch_datetime_operator.py took 0.119 seconds
[2025-01-22T00:28:31.508+0000] {processor.py:186} INFO - Started process (PID=3817) to work on /home/airflow/.local/lib/python3.12/site-packages/airflow/example_dags/example_branch_datetime_operator.py
[2025-01-22T00:28:31.509+0000] {processor.py:914} INFO - Processing file /home/airflow/.local/lib/python3.12/site-packages/airflow/example_dags/example_branch_datetime_operator.py for tasks to queue
[2025-01-22T00:28:31.512+0000] {logging_mixin.py:190} INFO - [2025-01-22T00:28:31.511+0000] {dagbag.py:588} INFO - Filling up the DagBag from /home/airflow/.local/lib/python3.12/site-packages/airflow/example_dags/example_branch_datetime_operator.py
[2025-01-22T00:28:31.529+0000] {processor.py:925} INFO - DAG(s) 'example_branch_datetime_operator_2', 'example_branch_datetime_operator_3', 'example_branch_datetime_operator' retrieved from /home/airflow/.local/lib/python3.12/site-packages/airflow/example_dags/example_branch_datetime_operator.py
[2025-01-22T00:28:31.574+0000] {logging_mixin.py:190} INFO - [2025-01-22T00:28:31.574+0000] {dag.py:3239} INFO - Sync 3 DAGs
[2025-01-22T00:28:31.610+0000] {logging_mixin.py:190} INFO - [2025-01-22T00:28:31.610+0000] {dag.py:4180} INFO - Setting next_dagrun for example_branch_datetime_operator to 2025-01-21 00:00:00+00:00, run_after=2025-01-22 00:00:00+00:00
[2025-01-22T00:28:31.619+0000] {logging_mixin.py:190} INFO - [2025-01-22T00:28:31.619+0000] {dag.py:4180} INFO - Setting next_dagrun for example_branch_datetime_operator_2 to 2025-01-21 00:00:00+00:00, run_after=2025-01-22 00:00:00+00:00
[2025-01-22T00:28:31.622+0000] {logging_mixin.py:190} INFO - [2025-01-22T00:28:31.622+0000] {dag.py:4180} INFO - Setting next_dagrun for example_branch_datetime_operator_3 to 2025-01-21 00:00:00+00:00, run_after=2025-01-22 00:00:00+00:00
[2025-01-22T00:28:31.646+0000] {processor.py:208} INFO - Processing /home/airflow/.local/lib/python3.12/site-packages/airflow/example_dags/example_branch_datetime_operator.py took 0.145 seconds
[2025-01-22T00:29:02.001+0000] {processor.py:186} INFO - Started process (PID=3881) to work on /home/airflow/.local/lib/python3.12/site-packages/airflow/example_dags/example_branch_datetime_operator.py
[2025-01-22T00:29:02.002+0000] {processor.py:914} INFO - Processing file /home/airflow/.local/lib/python3.12/site-packages/airflow/example_dags/example_branch_datetime_operator.py for tasks to queue
[2025-01-22T00:29:02.005+0000] {logging_mixin.py:190} INFO - [2025-01-22T00:29:02.004+0000] {dagbag.py:588} INFO - Filling up the DagBag from /home/airflow/.local/lib/python3.12/site-packages/airflow/example_dags/example_branch_datetime_operator.py
[2025-01-22T00:29:02.019+0000] {processor.py:925} INFO - DAG(s) 'example_branch_datetime_operator', 'example_branch_datetime_operator_3', 'example_branch_datetime_operator_2' retrieved from /home/airflow/.local/lib/python3.12/site-packages/airflow/example_dags/example_branch_datetime_operator.py
[2025-01-22T00:29:02.056+0000] {logging_mixin.py:190} INFO - [2025-01-22T00:29:02.055+0000] {dag.py:3239} INFO - Sync 3 DAGs
[2025-01-22T00:29:02.103+0000] {logging_mixin.py:190} INFO - [2025-01-22T00:29:02.102+0000] {dag.py:4180} INFO - Setting next_dagrun for example_branch_datetime_operator to 2025-01-21 00:00:00+00:00, run_after=2025-01-22 00:00:00+00:00
[2025-01-22T00:29:02.115+0000] {logging_mixin.py:190} INFO - [2025-01-22T00:29:02.114+0000] {dag.py:4180} INFO - Setting next_dagrun for example_branch_datetime_operator_2 to 2025-01-21 00:00:00+00:00, run_after=2025-01-22 00:00:00+00:00
[2025-01-22T00:29:02.120+0000] {logging_mixin.py:190} INFO - [2025-01-22T00:29:02.119+0000] {dag.py:4180} INFO - Setting next_dagrun for example_branch_datetime_operator_3 to 2025-01-21 00:00:00+00:00, run_after=2025-01-22 00:00:00+00:00
[2025-01-22T00:29:02.147+0000] {processor.py:208} INFO - Processing /home/airflow/.local/lib/python3.12/site-packages/airflow/example_dags/example_branch_datetime_operator.py took 0.155 seconds
[2025-01-22T00:29:32.536+0000] {processor.py:186} INFO - Started process (PID=3944) to work on /home/airflow/.local/lib/python3.12/site-packages/airflow/example_dags/example_branch_datetime_operator.py
[2025-01-22T00:29:32.537+0000] {processor.py:914} INFO - Processing file /home/airflow/.local/lib/python3.12/site-packages/airflow/example_dags/example_branch_datetime_operator.py for tasks to queue
[2025-01-22T00:29:32.539+0000] {logging_mixin.py:190} INFO - [2025-01-22T00:29:32.539+0000] {dagbag.py:588} INFO - Filling up the DagBag from /home/airflow/.local/lib/python3.12/site-packages/airflow/example_dags/example_branch_datetime_operator.py
[2025-01-22T00:29:32.551+0000] {processor.py:925} INFO - DAG(s) 'example_branch_datetime_operator_2', 'example_branch_datetime_operator_3', 'example_branch_datetime_operator' retrieved from /home/airflow/.local/lib/python3.12/site-packages/airflow/example_dags/example_branch_datetime_operator.py
[2025-01-22T00:29:32.580+0000] {logging_mixin.py:190} INFO - [2025-01-22T00:29:32.580+0000] {dag.py:3239} INFO - Sync 3 DAGs
[2025-01-22T00:29:32.612+0000] {logging_mixin.py:190} INFO - [2025-01-22T00:29:32.612+0000] {dag.py:4180} INFO - Setting next_dagrun for example_branch_datetime_operator to 2025-01-21 00:00:00+00:00, run_after=2025-01-22 00:00:00+00:00
[2025-01-22T00:29:32.618+0000] {logging_mixin.py:190} INFO - [2025-01-22T00:29:32.618+0000] {dag.py:4180} INFO - Setting next_dagrun for example_branch_datetime_operator_2 to 2025-01-21 00:00:00+00:00, run_after=2025-01-22 00:00:00+00:00
[2025-01-22T00:29:32.622+0000] {logging_mixin.py:190} INFO - [2025-01-22T00:29:32.621+0000] {dag.py:4180} INFO - Setting next_dagrun for example_branch_datetime_operator_3 to 2025-01-21 00:00:00+00:00, run_after=2025-01-22 00:00:00+00:00
[2025-01-22T00:29:32.639+0000] {processor.py:208} INFO - Processing /home/airflow/.local/lib/python3.12/site-packages/airflow/example_dags/example_branch_datetime_operator.py took 0.111 seconds
[2025-01-22T00:30:02.812+0000] {processor.py:186} INFO - Started process (PID=4007) to work on /home/airflow/.local/lib/python3.12/site-packages/airflow/example_dags/example_branch_datetime_operator.py
[2025-01-22T00:30:02.812+0000] {processor.py:914} INFO - Processing file /home/airflow/.local/lib/python3.12/site-packages/airflow/example_dags/example_branch_datetime_operator.py for tasks to queue
[2025-01-22T00:30:02.815+0000] {logging_mixin.py:190} INFO - [2025-01-22T00:30:02.814+0000] {dagbag.py:588} INFO - Filling up the DagBag from /home/airflow/.local/lib/python3.12/site-packages/airflow/example_dags/example_branch_datetime_operator.py
[2025-01-22T00:30:02.833+0000] {processor.py:925} INFO - DAG(s) 'example_branch_datetime_operator', 'example_branch_datetime_operator_3', 'example_branch_datetime_operator_2' retrieved from /home/airflow/.local/lib/python3.12/site-packages/airflow/example_dags/example_branch_datetime_operator.py
[2025-01-22T00:30:02.878+0000] {logging_mixin.py:190} INFO - [2025-01-22T00:30:02.878+0000] {dag.py:3239} INFO - Sync 3 DAGs
[2025-01-22T00:30:02.925+0000] {logging_mixin.py:190} INFO - [2025-01-22T00:30:02.924+0000] {dag.py:4180} INFO - Setting next_dagrun for example_branch_datetime_operator to 2025-01-21 00:00:00+00:00, run_after=2025-01-22 00:00:00+00:00
[2025-01-22T00:30:02.931+0000] {logging_mixin.py:190} INFO - [2025-01-22T00:30:02.931+0000] {dag.py:4180} INFO - Setting next_dagrun for example_branch_datetime_operator_2 to 2025-01-21 00:00:00+00:00, run_after=2025-01-22 00:00:00+00:00
[2025-01-22T00:30:02.934+0000] {logging_mixin.py:190} INFO - [2025-01-22T00:30:02.934+0000] {dag.py:4180} INFO - Setting next_dagrun for example_branch_datetime_operator_3 to 2025-01-21 00:00:00+00:00, run_after=2025-01-22 00:00:00+00:00
[2025-01-22T00:30:02.957+0000] {processor.py:208} INFO - Processing /home/airflow/.local/lib/python3.12/site-packages/airflow/example_dags/example_branch_datetime_operator.py took 0.154 seconds
[2025-01-22T00:30:33.045+0000] {processor.py:186} INFO - Started process (PID=4070) to work on /home/airflow/.local/lib/python3.12/site-packages/airflow/example_dags/example_branch_datetime_operator.py
[2025-01-22T00:30:33.046+0000] {processor.py:914} INFO - Processing file /home/airflow/.local/lib/python3.12/site-packages/airflow/example_dags/example_branch_datetime_operator.py for tasks to queue
[2025-01-22T00:30:33.049+0000] {logging_mixin.py:190} INFO - [2025-01-22T00:30:33.048+0000] {dagbag.py:588} INFO - Filling up the DagBag from /home/airflow/.local/lib/python3.12/site-packages/airflow/example_dags/example_branch_datetime_operator.py
[2025-01-22T00:30:33.060+0000] {processor.py:925} INFO - DAG(s) 'example_branch_datetime_operator_2', 'example_branch_datetime_operator', 'example_branch_datetime_operator_3' retrieved from /home/airflow/.local/lib/python3.12/site-packages/airflow/example_dags/example_branch_datetime_operator.py
[2025-01-22T00:30:33.090+0000] {logging_mixin.py:190} INFO - [2025-01-22T00:30:33.089+0000] {dag.py:3239} INFO - Sync 3 DAGs
[2025-01-22T00:30:33.118+0000] {logging_mixin.py:190} INFO - [2025-01-22T00:30:33.117+0000] {dag.py:4180} INFO - Setting next_dagrun for example_branch_datetime_operator to 2025-01-21 00:00:00+00:00, run_after=2025-01-22 00:00:00+00:00
[2025-01-22T00:30:33.123+0000] {logging_mixin.py:190} INFO - [2025-01-22T00:30:33.123+0000] {dag.py:4180} INFO - Setting next_dagrun for example_branch_datetime_operator_2 to 2025-01-21 00:00:00+00:00, run_after=2025-01-22 00:00:00+00:00
[2025-01-22T00:30:33.126+0000] {logging_mixin.py:190} INFO - [2025-01-22T00:30:33.126+0000] {dag.py:4180} INFO - Setting next_dagrun for example_branch_datetime_operator_3 to 2025-01-21 00:00:00+00:00, run_after=2025-01-22 00:00:00+00:00
[2025-01-22T00:30:33.144+0000] {processor.py:208} INFO - Processing /home/airflow/.local/lib/python3.12/site-packages/airflow/example_dags/example_branch_datetime_operator.py took 0.106 seconds
[2025-01-22T00:31:03.963+0000] {processor.py:186} INFO - Started process (PID=4133) to work on /home/airflow/.local/lib/python3.12/site-packages/airflow/example_dags/example_branch_datetime_operator.py
[2025-01-22T00:31:03.965+0000] {processor.py:914} INFO - Processing file /home/airflow/.local/lib/python3.12/site-packages/airflow/example_dags/example_branch_datetime_operator.py for tasks to queue
[2025-01-22T00:31:03.968+0000] {logging_mixin.py:190} INFO - [2025-01-22T00:31:03.967+0000] {dagbag.py:588} INFO - Filling up the DagBag from /home/airflow/.local/lib/python3.12/site-packages/airflow/example_dags/example_branch_datetime_operator.py
[2025-01-22T00:31:03.984+0000] {processor.py:925} INFO - DAG(s) 'example_branch_datetime_operator_2', 'example_branch_datetime_operator_3', 'example_branch_datetime_operator' retrieved from /home/airflow/.local/lib/python3.12/site-packages/airflow/example_dags/example_branch_datetime_operator.py
[2025-01-22T00:31:04.025+0000] {logging_mixin.py:190} INFO - [2025-01-22T00:31:04.025+0000] {dag.py:3239} INFO - Sync 3 DAGs
[2025-01-22T00:31:04.061+0000] {logging_mixin.py:190} INFO - [2025-01-22T00:31:04.060+0000] {dag.py:4180} INFO - Setting next_dagrun for example_branch_datetime_operator to 2025-01-21 00:00:00+00:00, run_after=2025-01-22 00:00:00+00:00
[2025-01-22T00:31:04.066+0000] {logging_mixin.py:190} INFO - [2025-01-22T00:31:04.066+0000] {dag.py:4180} INFO - Setting next_dagrun for example_branch_datetime_operator_2 to 2025-01-21 00:00:00+00:00, run_after=2025-01-22 00:00:00+00:00
[2025-01-22T00:31:04.070+0000] {logging_mixin.py:190} INFO - [2025-01-22T00:31:04.070+0000] {dag.py:4180} INFO - Setting next_dagrun for example_branch_datetime_operator_3 to 2025-01-21 00:00:00+00:00, run_after=2025-01-22 00:00:00+00:00
[2025-01-22T00:31:04.093+0000] {processor.py:208} INFO - Processing /home/airflow/.local/lib/python3.12/site-packages/airflow/example_dags/example_branch_datetime_operator.py took 0.137 seconds
[2025-01-22T00:31:34.825+0000] {processor.py:186} INFO - Started process (PID=4196) to work on /home/airflow/.local/lib/python3.12/site-packages/airflow/example_dags/example_branch_datetime_operator.py
[2025-01-22T00:31:34.831+0000] {processor.py:914} INFO - Processing file /home/airflow/.local/lib/python3.12/site-packages/airflow/example_dags/example_branch_datetime_operator.py for tasks to queue
[2025-01-22T00:31:34.845+0000] {logging_mixin.py:190} INFO - [2025-01-22T00:31:34.845+0000] {dagbag.py:588} INFO - Filling up the DagBag from /home/airflow/.local/lib/python3.12/site-packages/airflow/example_dags/example_branch_datetime_operator.py
[2025-01-22T00:31:34.882+0000] {processor.py:925} INFO - DAG(s) 'example_branch_datetime_operator_2', 'example_branch_datetime_operator', 'example_branch_datetime_operator_3' retrieved from /home/airflow/.local/lib/python3.12/site-packages/airflow/example_dags/example_branch_datetime_operator.py
[2025-01-22T00:31:34.969+0000] {logging_mixin.py:190} INFO - [2025-01-22T00:31:34.969+0000] {dag.py:3239} INFO - Sync 3 DAGs
[2025-01-22T00:31:35.030+0000] {logging_mixin.py:190} INFO - [2025-01-22T00:31:35.030+0000] {dag.py:4180} INFO - Setting next_dagrun for example_branch_datetime_operator to 2025-01-21 00:00:00+00:00, run_after=2025-01-22 00:00:00+00:00
[2025-01-22T00:31:35.044+0000] {logging_mixin.py:190} INFO - [2025-01-22T00:31:35.043+0000] {dag.py:4180} INFO - Setting next_dagrun for example_branch_datetime_operator_2 to 2025-01-21 00:00:00+00:00, run_after=2025-01-22 00:00:00+00:00
[2025-01-22T00:31:35.052+0000] {logging_mixin.py:190} INFO - [2025-01-22T00:31:35.052+0000] {dag.py:4180} INFO - Setting next_dagrun for example_branch_datetime_operator_3 to 2025-01-21 00:00:00+00:00, run_after=2025-01-22 00:00:00+00:00
[2025-01-22T00:31:35.118+0000] {processor.py:208} INFO - Processing /home/airflow/.local/lib/python3.12/site-packages/airflow/example_dags/example_branch_datetime_operator.py took 0.302 seconds
[2025-01-22T00:32:05.651+0000] {processor.py:186} INFO - Started process (PID=4260) to work on /home/airflow/.local/lib/python3.12/site-packages/airflow/example_dags/example_branch_datetime_operator.py
[2025-01-22T00:32:05.652+0000] {processor.py:914} INFO - Processing file /home/airflow/.local/lib/python3.12/site-packages/airflow/example_dags/example_branch_datetime_operator.py for tasks to queue
[2025-01-22T00:32:05.655+0000] {logging_mixin.py:190} INFO - [2025-01-22T00:32:05.655+0000] {dagbag.py:588} INFO - Filling up the DagBag from /home/airflow/.local/lib/python3.12/site-packages/airflow/example_dags/example_branch_datetime_operator.py
[2025-01-22T00:32:05.672+0000] {processor.py:925} INFO - DAG(s) 'example_branch_datetime_operator_2', 'example_branch_datetime_operator_3', 'example_branch_datetime_operator' retrieved from /home/airflow/.local/lib/python3.12/site-packages/airflow/example_dags/example_branch_datetime_operator.py
[2025-01-22T00:32:05.701+0000] {logging_mixin.py:190} INFO - [2025-01-22T00:32:05.701+0000] {dag.py:3239} INFO - Sync 3 DAGs
[2025-01-22T00:32:05.732+0000] {logging_mixin.py:190} INFO - [2025-01-22T00:32:05.731+0000] {dag.py:4180} INFO - Setting next_dagrun for example_branch_datetime_operator to 2025-01-21 00:00:00+00:00, run_after=2025-01-22 00:00:00+00:00
[2025-01-22T00:32:05.737+0000] {logging_mixin.py:190} INFO - [2025-01-22T00:32:05.737+0000] {dag.py:4180} INFO - Setting next_dagrun for example_branch_datetime_operator_2 to 2025-01-21 00:00:00+00:00, run_after=2025-01-22 00:00:00+00:00
[2025-01-22T00:32:05.740+0000] {logging_mixin.py:190} INFO - [2025-01-22T00:32:05.739+0000] {dag.py:4180} INFO - Setting next_dagrun for example_branch_datetime_operator_3 to 2025-01-21 00:00:00+00:00, run_after=2025-01-22 00:00:00+00:00
[2025-01-22T00:32:05.759+0000] {processor.py:208} INFO - Processing /home/airflow/.local/lib/python3.12/site-packages/airflow/example_dags/example_branch_datetime_operator.py took 0.116 seconds
[2025-01-22T00:32:36.442+0000] {processor.py:186} INFO - Started process (PID=4323) to work on /home/airflow/.local/lib/python3.12/site-packages/airflow/example_dags/example_branch_datetime_operator.py
[2025-01-22T00:32:36.443+0000] {processor.py:914} INFO - Processing file /home/airflow/.local/lib/python3.12/site-packages/airflow/example_dags/example_branch_datetime_operator.py for tasks to queue
[2025-01-22T00:32:36.446+0000] {logging_mixin.py:190} INFO - [2025-01-22T00:32:36.446+0000] {dagbag.py:588} INFO - Filling up the DagBag from /home/airflow/.local/lib/python3.12/site-packages/airflow/example_dags/example_branch_datetime_operator.py
[2025-01-22T00:32:36.458+0000] {processor.py:925} INFO - DAG(s) 'example_branch_datetime_operator_2', 'example_branch_datetime_operator_3', 'example_branch_datetime_operator' retrieved from /home/airflow/.local/lib/python3.12/site-packages/airflow/example_dags/example_branch_datetime_operator.py
[2025-01-22T00:32:36.491+0000] {logging_mixin.py:190} INFO - [2025-01-22T00:32:36.490+0000] {dag.py:3239} INFO - Sync 3 DAGs
[2025-01-22T00:32:36.518+0000] {logging_mixin.py:190} INFO - [2025-01-22T00:32:36.518+0000] {dag.py:4180} INFO - Setting next_dagrun for example_branch_datetime_operator to 2025-01-21 00:00:00+00:00, run_after=2025-01-22 00:00:00+00:00
[2025-01-22T00:32:36.524+0000] {logging_mixin.py:190} INFO - [2025-01-22T00:32:36.523+0000] {dag.py:4180} INFO - Setting next_dagrun for example_branch_datetime_operator_2 to 2025-01-21 00:00:00+00:00, run_after=2025-01-22 00:00:00+00:00
[2025-01-22T00:32:36.526+0000] {logging_mixin.py:190} INFO - [2025-01-22T00:32:36.526+0000] {dag.py:4180} INFO - Setting next_dagrun for example_branch_datetime_operator_3 to 2025-01-21 00:00:00+00:00, run_after=2025-01-22 00:00:00+00:00
[2025-01-22T00:32:36.545+0000] {processor.py:208} INFO - Processing /home/airflow/.local/lib/python3.12/site-packages/airflow/example_dags/example_branch_datetime_operator.py took 0.109 seconds
[2025-01-22T00:33:06.730+0000] {processor.py:186} INFO - Started process (PID=4386) to work on /home/airflow/.local/lib/python3.12/site-packages/airflow/example_dags/example_branch_datetime_operator.py
[2025-01-22T00:33:06.731+0000] {processor.py:914} INFO - Processing file /home/airflow/.local/lib/python3.12/site-packages/airflow/example_dags/example_branch_datetime_operator.py for tasks to queue
[2025-01-22T00:33:06.734+0000] {logging_mixin.py:190} INFO - [2025-01-22T00:33:06.734+0000] {dagbag.py:588} INFO - Filling up the DagBag from /home/airflow/.local/lib/python3.12/site-packages/airflow/example_dags/example_branch_datetime_operator.py
[2025-01-22T00:33:06.746+0000] {processor.py:925} INFO - DAG(s) 'example_branch_datetime_operator_3', 'example_branch_datetime_operator', 'example_branch_datetime_operator_2' retrieved from /home/airflow/.local/lib/python3.12/site-packages/airflow/example_dags/example_branch_datetime_operator.py
[2025-01-22T00:33:06.772+0000] {logging_mixin.py:190} INFO - [2025-01-22T00:33:06.771+0000] {dag.py:3239} INFO - Sync 3 DAGs
[2025-01-22T00:33:06.801+0000] {logging_mixin.py:190} INFO - [2025-01-22T00:33:06.801+0000] {dag.py:4180} INFO - Setting next_dagrun for example_branch_datetime_operator to 2025-01-21 00:00:00+00:00, run_after=2025-01-22 00:00:00+00:00
[2025-01-22T00:33:06.807+0000] {logging_mixin.py:190} INFO - [2025-01-22T00:33:06.807+0000] {dag.py:4180} INFO - Setting next_dagrun for example_branch_datetime_operator_2 to 2025-01-21 00:00:00+00:00, run_after=2025-01-22 00:00:00+00:00
[2025-01-22T00:33:06.810+0000] {logging_mixin.py:190} INFO - [2025-01-22T00:33:06.810+0000] {dag.py:4180} INFO - Setting next_dagrun for example_branch_datetime_operator_3 to 2025-01-21 00:00:00+00:00, run_after=2025-01-22 00:00:00+00:00
[2025-01-22T00:33:06.828+0000] {processor.py:208} INFO - Processing /home/airflow/.local/lib/python3.12/site-packages/airflow/example_dags/example_branch_datetime_operator.py took 0.104 seconds
[2025-01-22T00:33:37.119+0000] {processor.py:186} INFO - Started process (PID=4450) to work on /home/airflow/.local/lib/python3.12/site-packages/airflow/example_dags/example_branch_datetime_operator.py
[2025-01-22T00:33:37.120+0000] {processor.py:914} INFO - Processing file /home/airflow/.local/lib/python3.12/site-packages/airflow/example_dags/example_branch_datetime_operator.py for tasks to queue
[2025-01-22T00:33:37.124+0000] {logging_mixin.py:190} INFO - [2025-01-22T00:33:37.123+0000] {dagbag.py:588} INFO - Filling up the DagBag from /home/airflow/.local/lib/python3.12/site-packages/airflow/example_dags/example_branch_datetime_operator.py
[2025-01-22T00:33:37.143+0000] {processor.py:925} INFO - DAG(s) 'example_branch_datetime_operator_2', 'example_branch_datetime_operator_3', 'example_branch_datetime_operator' retrieved from /home/airflow/.local/lib/python3.12/site-packages/airflow/example_dags/example_branch_datetime_operator.py
[2025-01-22T00:33:37.192+0000] {logging_mixin.py:190} INFO - [2025-01-22T00:33:37.192+0000] {dag.py:3239} INFO - Sync 3 DAGs
[2025-01-22T00:33:37.243+0000] {logging_mixin.py:190} INFO - [2025-01-22T00:33:37.242+0000] {dag.py:4180} INFO - Setting next_dagrun for example_branch_datetime_operator to 2025-01-21 00:00:00+00:00, run_after=2025-01-22 00:00:00+00:00
[2025-01-22T00:33:37.251+0000] {logging_mixin.py:190} INFO - [2025-01-22T00:33:37.251+0000] {dag.py:4180} INFO - Setting next_dagrun for example_branch_datetime_operator_2 to 2025-01-21 00:00:00+00:00, run_after=2025-01-22 00:00:00+00:00
[2025-01-22T00:33:37.255+0000] {logging_mixin.py:190} INFO - [2025-01-22T00:33:37.254+0000] {dag.py:4180} INFO - Setting next_dagrun for example_branch_datetime_operator_3 to 2025-01-21 00:00:00+00:00, run_after=2025-01-22 00:00:00+00:00
[2025-01-22T00:33:37.277+0000] {processor.py:208} INFO - Processing /home/airflow/.local/lib/python3.12/site-packages/airflow/example_dags/example_branch_datetime_operator.py took 0.166 seconds
[2025-01-22T00:34:07.875+0000] {processor.py:186} INFO - Started process (PID=4514) to work on /home/airflow/.local/lib/python3.12/site-packages/airflow/example_dags/example_branch_datetime_operator.py
[2025-01-22T00:34:07.877+0000] {processor.py:914} INFO - Processing file /home/airflow/.local/lib/python3.12/site-packages/airflow/example_dags/example_branch_datetime_operator.py for tasks to queue
[2025-01-22T00:34:07.880+0000] {logging_mixin.py:190} INFO - [2025-01-22T00:34:07.879+0000] {dagbag.py:588} INFO - Filling up the DagBag from /home/airflow/.local/lib/python3.12/site-packages/airflow/example_dags/example_branch_datetime_operator.py
[2025-01-22T00:34:07.892+0000] {processor.py:925} INFO - DAG(s) 'example_branch_datetime_operator', 'example_branch_datetime_operator_2', 'example_branch_datetime_operator_3' retrieved from /home/airflow/.local/lib/python3.12/site-packages/airflow/example_dags/example_branch_datetime_operator.py
[2025-01-22T00:34:07.925+0000] {logging_mixin.py:190} INFO - [2025-01-22T00:34:07.925+0000] {dag.py:3239} INFO - Sync 3 DAGs
[2025-01-22T00:34:07.955+0000] {logging_mixin.py:190} INFO - [2025-01-22T00:34:07.954+0000] {dag.py:4180} INFO - Setting next_dagrun for example_branch_datetime_operator to 2025-01-21 00:00:00+00:00, run_after=2025-01-22 00:00:00+00:00
[2025-01-22T00:34:07.962+0000] {logging_mixin.py:190} INFO - [2025-01-22T00:34:07.962+0000] {dag.py:4180} INFO - Setting next_dagrun for example_branch_datetime_operator_2 to 2025-01-21 00:00:00+00:00, run_after=2025-01-22 00:00:00+00:00
[2025-01-22T00:34:07.966+0000] {logging_mixin.py:190} INFO - [2025-01-22T00:34:07.965+0000] {dag.py:4180} INFO - Setting next_dagrun for example_branch_datetime_operator_3 to 2025-01-21 00:00:00+00:00, run_after=2025-01-22 00:00:00+00:00
[2025-01-22T00:34:07.992+0000] {processor.py:208} INFO - Processing /home/airflow/.local/lib/python3.12/site-packages/airflow/example_dags/example_branch_datetime_operator.py took 0.124 seconds
[2025-01-22T00:34:38.147+0000] {processor.py:186} INFO - Started process (PID=4576) to work on /home/airflow/.local/lib/python3.12/site-packages/airflow/example_dags/example_branch_datetime_operator.py
[2025-01-22T00:34:38.150+0000] {processor.py:914} INFO - Processing file /home/airflow/.local/lib/python3.12/site-packages/airflow/example_dags/example_branch_datetime_operator.py for tasks to queue
[2025-01-22T00:34:38.160+0000] {logging_mixin.py:190} INFO - [2025-01-22T00:34:38.159+0000] {dagbag.py:588} INFO - Filling up the DagBag from /home/airflow/.local/lib/python3.12/site-packages/airflow/example_dags/example_branch_datetime_operator.py
[2025-01-22T00:34:38.193+0000] {processor.py:925} INFO - DAG(s) 'example_branch_datetime_operator', 'example_branch_datetime_operator_3', 'example_branch_datetime_operator_2' retrieved from /home/airflow/.local/lib/python3.12/site-packages/airflow/example_dags/example_branch_datetime_operator.py
[2025-01-22T00:34:38.234+0000] {logging_mixin.py:190} INFO - [2025-01-22T00:34:38.234+0000] {dag.py:3239} INFO - Sync 3 DAGs
[2025-01-22T00:34:38.276+0000] {logging_mixin.py:190} INFO - [2025-01-22T00:34:38.276+0000] {dag.py:4180} INFO - Setting next_dagrun for example_branch_datetime_operator to 2025-01-21 00:00:00+00:00, run_after=2025-01-22 00:00:00+00:00
[2025-01-22T00:34:38.287+0000] {logging_mixin.py:190} INFO - [2025-01-22T00:34:38.287+0000] {dag.py:4180} INFO - Setting next_dagrun for example_branch_datetime_operator_2 to 2025-01-21 00:00:00+00:00, run_after=2025-01-22 00:00:00+00:00
[2025-01-22T00:34:38.297+0000] {logging_mixin.py:190} INFO - [2025-01-22T00:34:38.297+0000] {dag.py:4180} INFO - Setting next_dagrun for example_branch_datetime_operator_3 to 2025-01-21 00:00:00+00:00, run_after=2025-01-22 00:00:00+00:00
[2025-01-22T00:34:38.339+0000] {processor.py:208} INFO - Processing /home/airflow/.local/lib/python3.12/site-packages/airflow/example_dags/example_branch_datetime_operator.py took 0.201 seconds
[2025-01-22T00:35:08.409+0000] {processor.py:186} INFO - Started process (PID=4639) to work on /home/airflow/.local/lib/python3.12/site-packages/airflow/example_dags/example_branch_datetime_operator.py
[2025-01-22T00:35:08.410+0000] {processor.py:914} INFO - Processing file /home/airflow/.local/lib/python3.12/site-packages/airflow/example_dags/example_branch_datetime_operator.py for tasks to queue
[2025-01-22T00:35:08.412+0000] {logging_mixin.py:190} INFO - [2025-01-22T00:35:08.412+0000] {dagbag.py:588} INFO - Filling up the DagBag from /home/airflow/.local/lib/python3.12/site-packages/airflow/example_dags/example_branch_datetime_operator.py
[2025-01-22T00:35:08.427+0000] {processor.py:925} INFO - DAG(s) 'example_branch_datetime_operator_2', 'example_branch_datetime_operator_3', 'example_branch_datetime_operator' retrieved from /home/airflow/.local/lib/python3.12/site-packages/airflow/example_dags/example_branch_datetime_operator.py
[2025-01-22T00:35:08.454+0000] {logging_mixin.py:190} INFO - [2025-01-22T00:35:08.454+0000] {dag.py:3239} INFO - Sync 3 DAGs
[2025-01-22T00:35:08.481+0000] {logging_mixin.py:190} INFO - [2025-01-22T00:35:08.481+0000] {dag.py:4180} INFO - Setting next_dagrun for example_branch_datetime_operator to 2025-01-21 00:00:00+00:00, run_after=2025-01-22 00:00:00+00:00
[2025-01-22T00:35:08.488+0000] {logging_mixin.py:190} INFO - [2025-01-22T00:35:08.488+0000] {dag.py:4180} INFO - Setting next_dagrun for example_branch_datetime_operator_2 to 2025-01-21 00:00:00+00:00, run_after=2025-01-22 00:00:00+00:00
[2025-01-22T00:35:08.492+0000] {logging_mixin.py:190} INFO - [2025-01-22T00:35:08.491+0000] {dag.py:4180} INFO - Setting next_dagrun for example_branch_datetime_operator_3 to 2025-01-21 00:00:00+00:00, run_after=2025-01-22 00:00:00+00:00
[2025-01-22T00:35:08.511+0000] {processor.py:208} INFO - Processing /home/airflow/.local/lib/python3.12/site-packages/airflow/example_dags/example_branch_datetime_operator.py took 0.110 seconds
[2025-01-22T00:35:38.931+0000] {processor.py:186} INFO - Started process (PID=4702) to work on /home/airflow/.local/lib/python3.12/site-packages/airflow/example_dags/example_branch_datetime_operator.py
[2025-01-22T00:35:38.933+0000] {processor.py:914} INFO - Processing file /home/airflow/.local/lib/python3.12/site-packages/airflow/example_dags/example_branch_datetime_operator.py for tasks to queue
[2025-01-22T00:35:38.937+0000] {logging_mixin.py:190} INFO - [2025-01-22T00:35:38.937+0000] {dagbag.py:588} INFO - Filling up the DagBag from /home/airflow/.local/lib/python3.12/site-packages/airflow/example_dags/example_branch_datetime_operator.py
[2025-01-22T00:35:38.969+0000] {processor.py:925} INFO - DAG(s) 'example_branch_datetime_operator_2', 'example_branch_datetime_operator', 'example_branch_datetime_operator_3' retrieved from /home/airflow/.local/lib/python3.12/site-packages/airflow/example_dags/example_branch_datetime_operator.py
[2025-01-22T00:35:39.100+0000] {logging_mixin.py:190} INFO - [2025-01-22T00:35:39.099+0000] {dag.py:3239} INFO - Sync 3 DAGs
[2025-01-22T00:35:39.161+0000] {logging_mixin.py:190} INFO - [2025-01-22T00:35:39.160+0000] {dag.py:4180} INFO - Setting next_dagrun for example_branch_datetime_operator to 2025-01-21 00:00:00+00:00, run_after=2025-01-22 00:00:00+00:00
[2025-01-22T00:35:39.168+0000] {logging_mixin.py:190} INFO - [2025-01-22T00:35:39.168+0000] {dag.py:4180} INFO - Setting next_dagrun for example_branch_datetime_operator_2 to 2025-01-21 00:00:00+00:00, run_after=2025-01-22 00:00:00+00:00
[2025-01-22T00:35:39.171+0000] {logging_mixin.py:190} INFO - [2025-01-22T00:35:39.171+0000] {dag.py:4180} INFO - Setting next_dagrun for example_branch_datetime_operator_3 to 2025-01-21 00:00:00+00:00, run_after=2025-01-22 00:00:00+00:00
[2025-01-22T00:35:39.210+0000] {processor.py:208} INFO - Processing /home/airflow/.local/lib/python3.12/site-packages/airflow/example_dags/example_branch_datetime_operator.py took 0.296 seconds
[2025-01-22T00:36:09.352+0000] {processor.py:186} INFO - Started process (PID=4765) to work on /home/airflow/.local/lib/python3.12/site-packages/airflow/example_dags/example_branch_datetime_operator.py
[2025-01-22T00:36:09.353+0000] {processor.py:914} INFO - Processing file /home/airflow/.local/lib/python3.12/site-packages/airflow/example_dags/example_branch_datetime_operator.py for tasks to queue
[2025-01-22T00:36:09.355+0000] {logging_mixin.py:190} INFO - [2025-01-22T00:36:09.355+0000] {dagbag.py:588} INFO - Filling up the DagBag from /home/airflow/.local/lib/python3.12/site-packages/airflow/example_dags/example_branch_datetime_operator.py
[2025-01-22T00:36:09.367+0000] {processor.py:925} INFO - DAG(s) 'example_branch_datetime_operator', 'example_branch_datetime_operator_2', 'example_branch_datetime_operator_3' retrieved from /home/airflow/.local/lib/python3.12/site-packages/airflow/example_dags/example_branch_datetime_operator.py
[2025-01-22T00:36:09.394+0000] {logging_mixin.py:190} INFO - [2025-01-22T00:36:09.393+0000] {dag.py:3239} INFO - Sync 3 DAGs
[2025-01-22T00:36:09.422+0000] {logging_mixin.py:190} INFO - [2025-01-22T00:36:09.422+0000] {dag.py:4180} INFO - Setting next_dagrun for example_branch_datetime_operator to 2025-01-21 00:00:00+00:00, run_after=2025-01-22 00:00:00+00:00
[2025-01-22T00:36:09.428+0000] {logging_mixin.py:190} INFO - [2025-01-22T00:36:09.428+0000] {dag.py:4180} INFO - Setting next_dagrun for example_branch_datetime_operator_2 to 2025-01-21 00:00:00+00:00, run_after=2025-01-22 00:00:00+00:00
[2025-01-22T00:36:09.432+0000] {logging_mixin.py:190} INFO - [2025-01-22T00:36:09.432+0000] {dag.py:4180} INFO - Setting next_dagrun for example_branch_datetime_operator_3 to 2025-01-21 00:00:00+00:00, run_after=2025-01-22 00:00:00+00:00
[2025-01-22T00:36:09.451+0000] {processor.py:208} INFO - Processing /home/airflow/.local/lib/python3.12/site-packages/airflow/example_dags/example_branch_datetime_operator.py took 0.105 seconds
[2025-01-22T00:36:40.488+0000] {processor.py:186} INFO - Started process (PID=4827) to work on /home/airflow/.local/lib/python3.12/site-packages/airflow/example_dags/example_branch_datetime_operator.py
[2025-01-22T00:36:40.489+0000] {processor.py:914} INFO - Processing file /home/airflow/.local/lib/python3.12/site-packages/airflow/example_dags/example_branch_datetime_operator.py for tasks to queue
[2025-01-22T00:36:40.491+0000] {logging_mixin.py:190} INFO - [2025-01-22T00:36:40.491+0000] {dagbag.py:588} INFO - Filling up the DagBag from /home/airflow/.local/lib/python3.12/site-packages/airflow/example_dags/example_branch_datetime_operator.py
[2025-01-22T00:36:40.504+0000] {processor.py:925} INFO - DAG(s) 'example_branch_datetime_operator_3', 'example_branch_datetime_operator_2', 'example_branch_datetime_operator' retrieved from /home/airflow/.local/lib/python3.12/site-packages/airflow/example_dags/example_branch_datetime_operator.py
[2025-01-22T00:36:40.534+0000] {logging_mixin.py:190} INFO - [2025-01-22T00:36:40.533+0000] {dag.py:3239} INFO - Sync 3 DAGs
[2025-01-22T00:36:40.561+0000] {logging_mixin.py:190} INFO - [2025-01-22T00:36:40.561+0000] {dag.py:4180} INFO - Setting next_dagrun for example_branch_datetime_operator to 2025-01-21 00:00:00+00:00, run_after=2025-01-22 00:00:00+00:00
[2025-01-22T00:36:40.568+0000] {logging_mixin.py:190} INFO - [2025-01-22T00:36:40.568+0000] {dag.py:4180} INFO - Setting next_dagrun for example_branch_datetime_operator_2 to 2025-01-21 00:00:00+00:00, run_after=2025-01-22 00:00:00+00:00
[2025-01-22T00:36:40.571+0000] {logging_mixin.py:190} INFO - [2025-01-22T00:36:40.571+0000] {dag.py:4180} INFO - Setting next_dagrun for example_branch_datetime_operator_3 to 2025-01-21 00:00:00+00:00, run_after=2025-01-22 00:00:00+00:00
[2025-01-22T00:36:40.591+0000] {processor.py:208} INFO - Processing /home/airflow/.local/lib/python3.12/site-packages/airflow/example_dags/example_branch_datetime_operator.py took 0.112 seconds
[2025-01-22T00:37:11.089+0000] {processor.py:186} INFO - Started process (PID=4890) to work on /home/airflow/.local/lib/python3.12/site-packages/airflow/example_dags/example_branch_datetime_operator.py
[2025-01-22T00:37:11.090+0000] {processor.py:914} INFO - Processing file /home/airflow/.local/lib/python3.12/site-packages/airflow/example_dags/example_branch_datetime_operator.py for tasks to queue
[2025-01-22T00:37:11.094+0000] {logging_mixin.py:190} INFO - [2025-01-22T00:37:11.093+0000] {dagbag.py:588} INFO - Filling up the DagBag from /home/airflow/.local/lib/python3.12/site-packages/airflow/example_dags/example_branch_datetime_operator.py
[2025-01-22T00:37:11.108+0000] {processor.py:925} INFO - DAG(s) 'example_branch_datetime_operator_3', 'example_branch_datetime_operator_2', 'example_branch_datetime_operator' retrieved from /home/airflow/.local/lib/python3.12/site-packages/airflow/example_dags/example_branch_datetime_operator.py
[2025-01-22T00:37:11.135+0000] {logging_mixin.py:190} INFO - [2025-01-22T00:37:11.135+0000] {dag.py:3239} INFO - Sync 3 DAGs
[2025-01-22T00:37:11.167+0000] {logging_mixin.py:190} INFO - [2025-01-22T00:37:11.166+0000] {dag.py:4180} INFO - Setting next_dagrun for example_branch_datetime_operator to 2025-01-21 00:00:00+00:00, run_after=2025-01-22 00:00:00+00:00
[2025-01-22T00:37:11.173+0000] {logging_mixin.py:190} INFO - [2025-01-22T00:37:11.172+0000] {dag.py:4180} INFO - Setting next_dagrun for example_branch_datetime_operator_2 to 2025-01-21 00:00:00+00:00, run_after=2025-01-22 00:00:00+00:00
[2025-01-22T00:37:11.175+0000] {logging_mixin.py:190} INFO - [2025-01-22T00:37:11.175+0000] {dag.py:4180} INFO - Setting next_dagrun for example_branch_datetime_operator_3 to 2025-01-21 00:00:00+00:00, run_after=2025-01-22 00:00:00+00:00
[2025-01-22T00:37:11.195+0000] {processor.py:208} INFO - Processing /home/airflow/.local/lib/python3.12/site-packages/airflow/example_dags/example_branch_datetime_operator.py took 0.113 seconds
[2025-01-22T00:37:42.227+0000] {processor.py:186} INFO - Started process (PID=4954) to work on /home/airflow/.local/lib/python3.12/site-packages/airflow/example_dags/example_branch_datetime_operator.py
[2025-01-22T00:37:42.229+0000] {processor.py:914} INFO - Processing file /home/airflow/.local/lib/python3.12/site-packages/airflow/example_dags/example_branch_datetime_operator.py for tasks to queue
[2025-01-22T00:37:42.238+0000] {logging_mixin.py:190} INFO - [2025-01-22T00:37:42.238+0000] {dagbag.py:588} INFO - Filling up the DagBag from /home/airflow/.local/lib/python3.12/site-packages/airflow/example_dags/example_branch_datetime_operator.py
[2025-01-22T00:37:42.260+0000] {processor.py:925} INFO - DAG(s) 'example_branch_datetime_operator_2', 'example_branch_datetime_operator_3', 'example_branch_datetime_operator' retrieved from /home/airflow/.local/lib/python3.12/site-packages/airflow/example_dags/example_branch_datetime_operator.py
[2025-01-22T00:37:42.300+0000] {logging_mixin.py:190} INFO - [2025-01-22T00:37:42.299+0000] {dag.py:3239} INFO - Sync 3 DAGs
[2025-01-22T00:37:42.327+0000] {logging_mixin.py:190} INFO - [2025-01-22T00:37:42.326+0000] {dag.py:4180} INFO - Setting next_dagrun for example_branch_datetime_operator to 2025-01-21 00:00:00+00:00, run_after=2025-01-22 00:00:00+00:00
[2025-01-22T00:37:42.334+0000] {logging_mixin.py:190} INFO - [2025-01-22T00:37:42.333+0000] {dag.py:4180} INFO - Setting next_dagrun for example_branch_datetime_operator_2 to 2025-01-21 00:00:00+00:00, run_after=2025-01-22 00:00:00+00:00
[2025-01-22T00:37:42.337+0000] {logging_mixin.py:190} INFO - [2025-01-22T00:37:42.337+0000] {dag.py:4180} INFO - Setting next_dagrun for example_branch_datetime_operator_3 to 2025-01-21 00:00:00+00:00, run_after=2025-01-22 00:00:00+00:00
[2025-01-22T00:37:42.365+0000] {processor.py:208} INFO - Processing /home/airflow/.local/lib/python3.12/site-packages/airflow/example_dags/example_branch_datetime_operator.py took 0.148 seconds
[2025-01-22T00:38:12.552+0000] {processor.py:186} INFO - Started process (PID=5017) to work on /home/airflow/.local/lib/python3.12/site-packages/airflow/example_dags/example_branch_datetime_operator.py
[2025-01-22T00:38:12.561+0000] {processor.py:914} INFO - Processing file /home/airflow/.local/lib/python3.12/site-packages/airflow/example_dags/example_branch_datetime_operator.py for tasks to queue
[2025-01-22T00:38:12.579+0000] {logging_mixin.py:190} INFO - [2025-01-22T00:38:12.577+0000] {dagbag.py:588} INFO - Filling up the DagBag from /home/airflow/.local/lib/python3.12/site-packages/airflow/example_dags/example_branch_datetime_operator.py
[2025-01-22T00:38:12.604+0000] {processor.py:925} INFO - DAG(s) 'example_branch_datetime_operator_3', 'example_branch_datetime_operator', 'example_branch_datetime_operator_2' retrieved from /home/airflow/.local/lib/python3.12/site-packages/airflow/example_dags/example_branch_datetime_operator.py
[2025-01-22T00:38:12.668+0000] {logging_mixin.py:190} INFO - [2025-01-22T00:38:12.668+0000] {dag.py:3239} INFO - Sync 3 DAGs
[2025-01-22T00:38:12.706+0000] {logging_mixin.py:190} INFO - [2025-01-22T00:38:12.706+0000] {dag.py:4180} INFO - Setting next_dagrun for example_branch_datetime_operator to 2025-01-21 00:00:00+00:00, run_after=2025-01-22 00:00:00+00:00
[2025-01-22T00:38:12.714+0000] {logging_mixin.py:190} INFO - [2025-01-22T00:38:12.714+0000] {dag.py:4180} INFO - Setting next_dagrun for example_branch_datetime_operator_2 to 2025-01-21 00:00:00+00:00, run_after=2025-01-22 00:00:00+00:00
[2025-01-22T00:38:12.718+0000] {logging_mixin.py:190} INFO - [2025-01-22T00:38:12.717+0000] {dag.py:4180} INFO - Setting next_dagrun for example_branch_datetime_operator_3 to 2025-01-21 00:00:00+00:00, run_after=2025-01-22 00:00:00+00:00
[2025-01-22T00:38:12.743+0000] {processor.py:208} INFO - Processing /home/airflow/.local/lib/python3.12/site-packages/airflow/example_dags/example_branch_datetime_operator.py took 0.206 seconds
[2025-01-22T00:38:43.272+0000] {processor.py:186} INFO - Started process (PID=5080) to work on /home/airflow/.local/lib/python3.12/site-packages/airflow/example_dags/example_branch_datetime_operator.py
[2025-01-22T00:38:43.273+0000] {processor.py:914} INFO - Processing file /home/airflow/.local/lib/python3.12/site-packages/airflow/example_dags/example_branch_datetime_operator.py for tasks to queue
[2025-01-22T00:38:43.277+0000] {logging_mixin.py:190} INFO - [2025-01-22T00:38:43.276+0000] {dagbag.py:588} INFO - Filling up the DagBag from /home/airflow/.local/lib/python3.12/site-packages/airflow/example_dags/example_branch_datetime_operator.py
[2025-01-22T00:38:43.295+0000] {processor.py:925} INFO - DAG(s) 'example_branch_datetime_operator', 'example_branch_datetime_operator_2', 'example_branch_datetime_operator_3' retrieved from /home/airflow/.local/lib/python3.12/site-packages/airflow/example_dags/example_branch_datetime_operator.py
[2025-01-22T00:38:43.341+0000] {logging_mixin.py:190} INFO - [2025-01-22T00:38:43.341+0000] {dag.py:3239} INFO - Sync 3 DAGs
[2025-01-22T00:38:43.379+0000] {logging_mixin.py:190} INFO - [2025-01-22T00:38:43.379+0000] {dag.py:4180} INFO - Setting next_dagrun for example_branch_datetime_operator to 2025-01-21 00:00:00+00:00, run_after=2025-01-22 00:00:00+00:00
[2025-01-22T00:38:43.390+0000] {logging_mixin.py:190} INFO - [2025-01-22T00:38:43.389+0000] {dag.py:4180} INFO - Setting next_dagrun for example_branch_datetime_operator_2 to 2025-01-21 00:00:00+00:00, run_after=2025-01-22 00:00:00+00:00
[2025-01-22T00:38:43.393+0000] {logging_mixin.py:190} INFO - [2025-01-22T00:38:43.393+0000] {dag.py:4180} INFO - Setting next_dagrun for example_branch_datetime_operator_3 to 2025-01-21 00:00:00+00:00, run_after=2025-01-22 00:00:00+00:00
[2025-01-22T00:38:43.411+0000] {processor.py:208} INFO - Processing /home/airflow/.local/lib/python3.12/site-packages/airflow/example_dags/example_branch_datetime_operator.py took 0.150 seconds
[2025-01-22T00:39:13.706+0000] {processor.py:186} INFO - Started process (PID=5143) to work on /home/airflow/.local/lib/python3.12/site-packages/airflow/example_dags/example_branch_datetime_operator.py
[2025-01-22T00:39:13.707+0000] {processor.py:914} INFO - Processing file /home/airflow/.local/lib/python3.12/site-packages/airflow/example_dags/example_branch_datetime_operator.py for tasks to queue
[2025-01-22T00:39:13.710+0000] {logging_mixin.py:190} INFO - [2025-01-22T00:39:13.709+0000] {dagbag.py:588} INFO - Filling up the DagBag from /home/airflow/.local/lib/python3.12/site-packages/airflow/example_dags/example_branch_datetime_operator.py
[2025-01-22T00:39:13.728+0000] {processor.py:925} INFO - DAG(s) 'example_branch_datetime_operator', 'example_branch_datetime_operator_2', 'example_branch_datetime_operator_3' retrieved from /home/airflow/.local/lib/python3.12/site-packages/airflow/example_dags/example_branch_datetime_operator.py
[2025-01-22T00:39:13.775+0000] {logging_mixin.py:190} INFO - [2025-01-22T00:39:13.775+0000] {dag.py:3239} INFO - Sync 3 DAGs
[2025-01-22T00:39:13.829+0000] {logging_mixin.py:190} INFO - [2025-01-22T00:39:13.829+0000] {dag.py:4180} INFO - Setting next_dagrun for example_branch_datetime_operator to 2025-01-21 00:00:00+00:00, run_after=2025-01-22 00:00:00+00:00
[2025-01-22T00:39:13.859+0000] {logging_mixin.py:190} INFO - [2025-01-22T00:39:13.859+0000] {dag.py:4180} INFO - Setting next_dagrun for example_branch_datetime_operator_2 to 2025-01-21 00:00:00+00:00, run_after=2025-01-22 00:00:00+00:00
[2025-01-22T00:39:13.864+0000] {logging_mixin.py:190} INFO - [2025-01-22T00:39:13.864+0000] {dag.py:4180} INFO - Setting next_dagrun for example_branch_datetime_operator_3 to 2025-01-21 00:00:00+00:00, run_after=2025-01-22 00:00:00+00:00
[2025-01-22T00:39:13.889+0000] {processor.py:208} INFO - Processing /home/airflow/.local/lib/python3.12/site-packages/airflow/example_dags/example_branch_datetime_operator.py took 0.191 seconds
[2025-01-22T00:39:44.250+0000] {processor.py:186} INFO - Started process (PID=5206) to work on /home/airflow/.local/lib/python3.12/site-packages/airflow/example_dags/example_branch_datetime_operator.py
[2025-01-22T00:39:44.251+0000] {processor.py:914} INFO - Processing file /home/airflow/.local/lib/python3.12/site-packages/airflow/example_dags/example_branch_datetime_operator.py for tasks to queue
[2025-01-22T00:39:44.264+0000] {logging_mixin.py:190} INFO - [2025-01-22T00:39:44.263+0000] {dagbag.py:588} INFO - Filling up the DagBag from /home/airflow/.local/lib/python3.12/site-packages/airflow/example_dags/example_branch_datetime_operator.py
[2025-01-22T00:39:44.312+0000] {processor.py:925} INFO - DAG(s) 'example_branch_datetime_operator_2', 'example_branch_datetime_operator_3', 'example_branch_datetime_operator' retrieved from /home/airflow/.local/lib/python3.12/site-packages/airflow/example_dags/example_branch_datetime_operator.py
[2025-01-22T00:39:44.390+0000] {logging_mixin.py:190} INFO - [2025-01-22T00:39:44.390+0000] {dag.py:3239} INFO - Sync 3 DAGs
[2025-01-22T00:39:44.478+0000] {logging_mixin.py:190} INFO - [2025-01-22T00:39:44.478+0000] {dag.py:4180} INFO - Setting next_dagrun for example_branch_datetime_operator to 2025-01-21 00:00:00+00:00, run_after=2025-01-22 00:00:00+00:00
[2025-01-22T00:39:44.510+0000] {logging_mixin.py:190} INFO - [2025-01-22T00:39:44.510+0000] {dag.py:4180} INFO - Setting next_dagrun for example_branch_datetime_operator_2 to 2025-01-21 00:00:00+00:00, run_after=2025-01-22 00:00:00+00:00
[2025-01-22T00:39:44.515+0000] {logging_mixin.py:190} INFO - [2025-01-22T00:39:44.515+0000] {dag.py:4180} INFO - Setting next_dagrun for example_branch_datetime_operator_3 to 2025-01-21 00:00:00+00:00, run_after=2025-01-22 00:00:00+00:00
[2025-01-22T00:39:44.576+0000] {processor.py:208} INFO - Processing /home/airflow/.local/lib/python3.12/site-packages/airflow/example_dags/example_branch_datetime_operator.py took 0.341 seconds
[2025-01-22T00:40:15.597+0000] {processor.py:186} INFO - Started process (PID=5269) to work on /home/airflow/.local/lib/python3.12/site-packages/airflow/example_dags/example_branch_datetime_operator.py
[2025-01-22T00:40:15.600+0000] {processor.py:914} INFO - Processing file /home/airflow/.local/lib/python3.12/site-packages/airflow/example_dags/example_branch_datetime_operator.py for tasks to queue
[2025-01-22T00:40:15.603+0000] {logging_mixin.py:190} INFO - [2025-01-22T00:40:15.602+0000] {dagbag.py:588} INFO - Filling up the DagBag from /home/airflow/.local/lib/python3.12/site-packages/airflow/example_dags/example_branch_datetime_operator.py
[2025-01-22T00:40:15.623+0000] {processor.py:925} INFO - DAG(s) 'example_branch_datetime_operator', 'example_branch_datetime_operator_2', 'example_branch_datetime_operator_3' retrieved from /home/airflow/.local/lib/python3.12/site-packages/airflow/example_dags/example_branch_datetime_operator.py
[2025-01-22T00:40:15.673+0000] {logging_mixin.py:190} INFO - [2025-01-22T00:40:15.673+0000] {dag.py:3239} INFO - Sync 3 DAGs
[2025-01-22T00:40:15.710+0000] {logging_mixin.py:190} INFO - [2025-01-22T00:40:15.710+0000] {dag.py:4180} INFO - Setting next_dagrun for example_branch_datetime_operator to 2025-01-21 00:00:00+00:00, run_after=2025-01-22 00:00:00+00:00
[2025-01-22T00:40:15.718+0000] {logging_mixin.py:190} INFO - [2025-01-22T00:40:15.718+0000] {dag.py:4180} INFO - Setting next_dagrun for example_branch_datetime_operator_2 to 2025-01-21 00:00:00+00:00, run_after=2025-01-22 00:00:00+00:00
[2025-01-22T00:40:15.722+0000] {logging_mixin.py:190} INFO - [2025-01-22T00:40:15.722+0000] {dag.py:4180} INFO - Setting next_dagrun for example_branch_datetime_operator_3 to 2025-01-21 00:00:00+00:00, run_after=2025-01-22 00:00:00+00:00
[2025-01-22T00:40:15.747+0000] {processor.py:208} INFO - Processing /home/airflow/.local/lib/python3.12/site-packages/airflow/example_dags/example_branch_datetime_operator.py took 0.158 seconds
[2025-01-22T00:40:45.993+0000] {processor.py:186} INFO - Started process (PID=5332) to work on /home/airflow/.local/lib/python3.12/site-packages/airflow/example_dags/example_branch_datetime_operator.py
[2025-01-22T00:40:46.001+0000] {processor.py:914} INFO - Processing file /home/airflow/.local/lib/python3.12/site-packages/airflow/example_dags/example_branch_datetime_operator.py for tasks to queue
[2025-01-22T00:40:46.006+0000] {logging_mixin.py:190} INFO - [2025-01-22T00:40:46.004+0000] {dagbag.py:588} INFO - Filling up the DagBag from /home/airflow/.local/lib/python3.12/site-packages/airflow/example_dags/example_branch_datetime_operator.py
[2025-01-22T00:40:46.044+0000] {processor.py:925} INFO - DAG(s) 'example_branch_datetime_operator', 'example_branch_datetime_operator_2', 'example_branch_datetime_operator_3' retrieved from /home/airflow/.local/lib/python3.12/site-packages/airflow/example_dags/example_branch_datetime_operator.py
[2025-01-22T00:40:46.150+0000] {logging_mixin.py:190} INFO - [2025-01-22T00:40:46.150+0000] {dag.py:3239} INFO - Sync 3 DAGs
[2025-01-22T00:40:46.186+0000] {logging_mixin.py:190} INFO - [2025-01-22T00:40:46.186+0000] {dag.py:4180} INFO - Setting next_dagrun for example_branch_datetime_operator to 2025-01-21 00:00:00+00:00, run_after=2025-01-22 00:00:00+00:00
[2025-01-22T00:40:46.193+0000] {logging_mixin.py:190} INFO - [2025-01-22T00:40:46.193+0000] {dag.py:4180} INFO - Setting next_dagrun for example_branch_datetime_operator_2 to 2025-01-21 00:00:00+00:00, run_after=2025-01-22 00:00:00+00:00
[2025-01-22T00:40:46.197+0000] {logging_mixin.py:190} INFO - [2025-01-22T00:40:46.196+0000] {dag.py:4180} INFO - Setting next_dagrun for example_branch_datetime_operator_3 to 2025-01-21 00:00:00+00:00, run_after=2025-01-22 00:00:00+00:00
[2025-01-22T00:40:46.217+0000] {processor.py:208} INFO - Processing /home/airflow/.local/lib/python3.12/site-packages/airflow/example_dags/example_branch_datetime_operator.py took 0.231 seconds
[2025-01-22T00:41:16.564+0000] {processor.py:186} INFO - Started process (PID=5395) to work on /home/airflow/.local/lib/python3.12/site-packages/airflow/example_dags/example_branch_datetime_operator.py
[2025-01-22T00:41:16.565+0000] {processor.py:914} INFO - Processing file /home/airflow/.local/lib/python3.12/site-packages/airflow/example_dags/example_branch_datetime_operator.py for tasks to queue
[2025-01-22T00:41:16.568+0000] {logging_mixin.py:190} INFO - [2025-01-22T00:41:16.567+0000] {dagbag.py:588} INFO - Filling up the DagBag from /home/airflow/.local/lib/python3.12/site-packages/airflow/example_dags/example_branch_datetime_operator.py
[2025-01-22T00:41:16.581+0000] {processor.py:925} INFO - DAG(s) 'example_branch_datetime_operator_2', 'example_branch_datetime_operator', 'example_branch_datetime_operator_3' retrieved from /home/airflow/.local/lib/python3.12/site-packages/airflow/example_dags/example_branch_datetime_operator.py
[2025-01-22T00:41:16.614+0000] {logging_mixin.py:190} INFO - [2025-01-22T00:41:16.613+0000] {dag.py:3239} INFO - Sync 3 DAGs
[2025-01-22T00:41:16.647+0000] {logging_mixin.py:190} INFO - [2025-01-22T00:41:16.646+0000] {dag.py:4180} INFO - Setting next_dagrun for example_branch_datetime_operator to 2025-01-21 00:00:00+00:00, run_after=2025-01-22 00:00:00+00:00
[2025-01-22T00:41:16.653+0000] {logging_mixin.py:190} INFO - [2025-01-22T00:41:16.653+0000] {dag.py:4180} INFO - Setting next_dagrun for example_branch_datetime_operator_2 to 2025-01-21 00:00:00+00:00, run_after=2025-01-22 00:00:00+00:00
[2025-01-22T00:41:16.656+0000] {logging_mixin.py:190} INFO - [2025-01-22T00:41:16.656+0000] {dag.py:4180} INFO - Setting next_dagrun for example_branch_datetime_operator_3 to 2025-01-21 00:00:00+00:00, run_after=2025-01-22 00:00:00+00:00
[2025-01-22T00:41:16.679+0000] {processor.py:208} INFO - Processing /home/airflow/.local/lib/python3.12/site-packages/airflow/example_dags/example_branch_datetime_operator.py took 0.124 seconds
[2025-01-22T00:41:47.465+0000] {processor.py:186} INFO - Started process (PID=5459) to work on /home/airflow/.local/lib/python3.12/site-packages/airflow/example_dags/example_branch_datetime_operator.py
[2025-01-22T00:41:47.468+0000] {processor.py:914} INFO - Processing file /home/airflow/.local/lib/python3.12/site-packages/airflow/example_dags/example_branch_datetime_operator.py for tasks to queue
[2025-01-22T00:41:47.471+0000] {logging_mixin.py:190} INFO - [2025-01-22T00:41:47.470+0000] {dagbag.py:588} INFO - Filling up the DagBag from /home/airflow/.local/lib/python3.12/site-packages/airflow/example_dags/example_branch_datetime_operator.py
[2025-01-22T00:41:47.490+0000] {processor.py:925} INFO - DAG(s) 'example_branch_datetime_operator_3', 'example_branch_datetime_operator', 'example_branch_datetime_operator_2' retrieved from /home/airflow/.local/lib/python3.12/site-packages/airflow/example_dags/example_branch_datetime_operator.py
[2025-01-22T00:41:47.516+0000] {logging_mixin.py:190} INFO - [2025-01-22T00:41:47.516+0000] {dag.py:3239} INFO - Sync 3 DAGs
[2025-01-22T00:41:47.544+0000] {logging_mixin.py:190} INFO - [2025-01-22T00:41:47.544+0000] {dag.py:4180} INFO - Setting next_dagrun for example_branch_datetime_operator to 2025-01-21 00:00:00+00:00, run_after=2025-01-22 00:00:00+00:00
[2025-01-22T00:41:47.550+0000] {logging_mixin.py:190} INFO - [2025-01-22T00:41:47.550+0000] {dag.py:4180} INFO - Setting next_dagrun for example_branch_datetime_operator_2 to 2025-01-21 00:00:00+00:00, run_after=2025-01-22 00:00:00+00:00
[2025-01-22T00:41:47.553+0000] {logging_mixin.py:190} INFO - [2025-01-22T00:41:47.552+0000] {dag.py:4180} INFO - Setting next_dagrun for example_branch_datetime_operator_3 to 2025-01-21 00:00:00+00:00, run_after=2025-01-22 00:00:00+00:00
[2025-01-22T00:41:47.570+0000] {processor.py:208} INFO - Processing /home/airflow/.local/lib/python3.12/site-packages/airflow/example_dags/example_branch_datetime_operator.py took 0.115 seconds
[2025-01-22T00:42:18.010+0000] {processor.py:186} INFO - Started process (PID=5522) to work on /home/airflow/.local/lib/python3.12/site-packages/airflow/example_dags/example_branch_datetime_operator.py
[2025-01-22T00:42:18.011+0000] {processor.py:914} INFO - Processing file /home/airflow/.local/lib/python3.12/site-packages/airflow/example_dags/example_branch_datetime_operator.py for tasks to queue
[2025-01-22T00:42:18.014+0000] {logging_mixin.py:190} INFO - [2025-01-22T00:42:18.013+0000] {dagbag.py:588} INFO - Filling up the DagBag from /home/airflow/.local/lib/python3.12/site-packages/airflow/example_dags/example_branch_datetime_operator.py
[2025-01-22T00:42:18.031+0000] {processor.py:925} INFO - DAG(s) 'example_branch_datetime_operator', 'example_branch_datetime_operator_2', 'example_branch_datetime_operator_3' retrieved from /home/airflow/.local/lib/python3.12/site-packages/airflow/example_dags/example_branch_datetime_operator.py
[2025-01-22T00:42:18.059+0000] {logging_mixin.py:190} INFO - [2025-01-22T00:42:18.059+0000] {dag.py:3239} INFO - Sync 3 DAGs
[2025-01-22T00:42:18.090+0000] {logging_mixin.py:190} INFO - [2025-01-22T00:42:18.090+0000] {dag.py:4180} INFO - Setting next_dagrun for example_branch_datetime_operator to 2025-01-21 00:00:00+00:00, run_after=2025-01-22 00:00:00+00:00
[2025-01-22T00:42:18.097+0000] {logging_mixin.py:190} INFO - [2025-01-22T00:42:18.097+0000] {dag.py:4180} INFO - Setting next_dagrun for example_branch_datetime_operator_2 to 2025-01-21 00:00:00+00:00, run_after=2025-01-22 00:00:00+00:00
[2025-01-22T00:42:18.101+0000] {logging_mixin.py:190} INFO - [2025-01-22T00:42:18.100+0000] {dag.py:4180} INFO - Setting next_dagrun for example_branch_datetime_operator_3 to 2025-01-21 00:00:00+00:00, run_after=2025-01-22 00:00:00+00:00
[2025-01-22T00:42:18.121+0000] {processor.py:208} INFO - Processing /home/airflow/.local/lib/python3.12/site-packages/airflow/example_dags/example_branch_datetime_operator.py took 0.118 seconds
