[2025-01-22T00:00:05.436+0000] {processor.py:186} INFO - Started process (PID=323) to work on /home/airflow/.local/lib/python3.12/site-packages/airflow/example_dags/example_dag_decorator.py
[2025-01-22T00:00:05.438+0000] {processor.py:914} INFO - Processing file /home/airflow/.local/lib/python3.12/site-packages/airflow/example_dags/example_dag_decorator.py for tasks to queue
[2025-01-22T00:00:05.441+0000] {logging_mixin.py:190} INFO - [2025-01-22T00:00:05.441+0000] {dagbag.py:588} INFO - Filling up the DagBag from /home/airflow/.local/lib/python3.12/site-packages/airflow/example_dags/example_dag_decorator.py
[2025-01-22T00:00:05.458+0000] {processor.py:925} INFO - DAG(s) 'example_dag_decorator' retrieved from /home/airflow/.local/lib/python3.12/site-packages/airflow/example_dags/example_dag_decorator.py
[2025-01-22T00:00:05.760+0000] {logging_mixin.py:190} INFO - [2025-01-22T00:00:05.759+0000] {dag.py:3239} INFO - Sync 1 DAGs
[2025-01-22T00:00:05.807+0000] {logging_mixin.py:190} INFO - [2025-01-22T00:00:05.807+0000] {dag.py:4180} INFO - Setting next_dagrun for example_dag_decorator to None, run_after=None
[2025-01-22T00:00:05.883+0000] {processor.py:208} INFO - Processing /home/airflow/.local/lib/python3.12/site-packages/airflow/example_dags/example_dag_decorator.py took 0.456 seconds
[2025-01-22T00:00:36.601+0000] {processor.py:186} INFO - Started process (PID=386) to work on /home/airflow/.local/lib/python3.12/site-packages/airflow/example_dags/example_dag_decorator.py
[2025-01-22T00:00:36.602+0000] {processor.py:914} INFO - Processing file /home/airflow/.local/lib/python3.12/site-packages/airflow/example_dags/example_dag_decorator.py for tasks to queue
[2025-01-22T00:00:36.605+0000] {logging_mixin.py:190} INFO - [2025-01-22T00:00:36.604+0000] {dagbag.py:588} INFO - Filling up the DagBag from /home/airflow/.local/lib/python3.12/site-packages/airflow/example_dags/example_dag_decorator.py
[2025-01-22T00:00:36.621+0000] {processor.py:925} INFO - DAG(s) 'example_dag_decorator' retrieved from /home/airflow/.local/lib/python3.12/site-packages/airflow/example_dags/example_dag_decorator.py
[2025-01-22T00:00:36.778+0000] {logging_mixin.py:190} INFO - [2025-01-22T00:00:36.777+0000] {dag.py:3239} INFO - Sync 1 DAGs
[2025-01-22T00:00:36.793+0000] {logging_mixin.py:190} INFO - [2025-01-22T00:00:36.793+0000] {dag.py:4180} INFO - Setting next_dagrun for example_dag_decorator to None, run_after=None
[2025-01-22T00:00:36.823+0000] {processor.py:208} INFO - Processing /home/airflow/.local/lib/python3.12/site-packages/airflow/example_dags/example_dag_decorator.py took 0.228 seconds
[2025-01-22T00:01:07.010+0000] {processor.py:186} INFO - Started process (PID=449) to work on /home/airflow/.local/lib/python3.12/site-packages/airflow/example_dags/example_dag_decorator.py
[2025-01-22T00:01:07.011+0000] {processor.py:914} INFO - Processing file /home/airflow/.local/lib/python3.12/site-packages/airflow/example_dags/example_dag_decorator.py for tasks to queue
[2025-01-22T00:01:07.014+0000] {logging_mixin.py:190} INFO - [2025-01-22T00:01:07.013+0000] {dagbag.py:588} INFO - Filling up the DagBag from /home/airflow/.local/lib/python3.12/site-packages/airflow/example_dags/example_dag_decorator.py
[2025-01-22T00:01:07.028+0000] {processor.py:925} INFO - DAG(s) 'example_dag_decorator' retrieved from /home/airflow/.local/lib/python3.12/site-packages/airflow/example_dags/example_dag_decorator.py
[2025-01-22T00:01:07.235+0000] {logging_mixin.py:190} INFO - [2025-01-22T00:01:07.234+0000] {dag.py:3239} INFO - Sync 1 DAGs
[2025-01-22T00:01:07.250+0000] {logging_mixin.py:190} INFO - [2025-01-22T00:01:07.250+0000] {dag.py:4180} INFO - Setting next_dagrun for example_dag_decorator to None, run_after=None
[2025-01-22T00:01:07.273+0000] {processor.py:208} INFO - Processing /home/airflow/.local/lib/python3.12/site-packages/airflow/example_dags/example_dag_decorator.py took 0.271 seconds
[2025-01-22T00:01:40.058+0000] {processor.py:186} INFO - Started process (PID=512) to work on /home/airflow/.local/lib/python3.12/site-packages/airflow/example_dags/example_dag_decorator.py
[2025-01-22T00:01:40.059+0000] {processor.py:914} INFO - Processing file /home/airflow/.local/lib/python3.12/site-packages/airflow/example_dags/example_dag_decorator.py for tasks to queue
[2025-01-22T00:01:40.064+0000] {logging_mixin.py:190} INFO - [2025-01-22T00:01:40.063+0000] {dagbag.py:588} INFO - Filling up the DagBag from /home/airflow/.local/lib/python3.12/site-packages/airflow/example_dags/example_dag_decorator.py
[2025-01-22T00:01:40.101+0000] {processor.py:925} INFO - DAG(s) 'example_dag_decorator' retrieved from /home/airflow/.local/lib/python3.12/site-packages/airflow/example_dags/example_dag_decorator.py
[2025-01-22T00:01:40.515+0000] {logging_mixin.py:190} INFO - [2025-01-22T00:01:40.514+0000] {dag.py:3239} INFO - Sync 1 DAGs
[2025-01-22T00:01:40.575+0000] {logging_mixin.py:190} INFO - [2025-01-22T00:01:40.574+0000] {dag.py:4180} INFO - Setting next_dagrun for example_dag_decorator to None, run_after=None
[2025-01-22T00:01:40.635+0000] {processor.py:208} INFO - Processing /home/airflow/.local/lib/python3.12/site-packages/airflow/example_dags/example_dag_decorator.py took 0.595 seconds
[2025-01-22T00:02:11.470+0000] {processor.py:186} INFO - Started process (PID=581) to work on /home/airflow/.local/lib/python3.12/site-packages/airflow/example_dags/example_dag_decorator.py
[2025-01-22T00:02:11.472+0000] {processor.py:914} INFO - Processing file /home/airflow/.local/lib/python3.12/site-packages/airflow/example_dags/example_dag_decorator.py for tasks to queue
[2025-01-22T00:02:11.475+0000] {logging_mixin.py:190} INFO - [2025-01-22T00:02:11.475+0000] {dagbag.py:588} INFO - Filling up the DagBag from /home/airflow/.local/lib/python3.12/site-packages/airflow/example_dags/example_dag_decorator.py
[2025-01-22T00:02:11.496+0000] {processor.py:925} INFO - DAG(s) 'example_dag_decorator' retrieved from /home/airflow/.local/lib/python3.12/site-packages/airflow/example_dags/example_dag_decorator.py
[2025-01-22T00:02:11.660+0000] {logging_mixin.py:190} INFO - [2025-01-22T00:02:11.659+0000] {dag.py:3239} INFO - Sync 1 DAGs
[2025-01-22T00:02:11.677+0000] {logging_mixin.py:190} INFO - [2025-01-22T00:02:11.677+0000] {dag.py:4180} INFO - Setting next_dagrun for example_dag_decorator to None, run_after=None
[2025-01-22T00:02:11.705+0000] {processor.py:208} INFO - Processing /home/airflow/.local/lib/python3.12/site-packages/airflow/example_dags/example_dag_decorator.py took 0.250 seconds
[2025-01-22T00:02:42.989+0000] {processor.py:186} INFO - Started process (PID=645) to work on /home/airflow/.local/lib/python3.12/site-packages/airflow/example_dags/example_dag_decorator.py
[2025-01-22T00:02:42.991+0000] {processor.py:914} INFO - Processing file /home/airflow/.local/lib/python3.12/site-packages/airflow/example_dags/example_dag_decorator.py for tasks to queue
[2025-01-22T00:02:42.993+0000] {logging_mixin.py:190} INFO - [2025-01-22T00:02:42.993+0000] {dagbag.py:588} INFO - Filling up the DagBag from /home/airflow/.local/lib/python3.12/site-packages/airflow/example_dags/example_dag_decorator.py
[2025-01-22T00:02:43.008+0000] {processor.py:925} INFO - DAG(s) 'example_dag_decorator' retrieved from /home/airflow/.local/lib/python3.12/site-packages/airflow/example_dags/example_dag_decorator.py
[2025-01-22T00:02:43.166+0000] {logging_mixin.py:190} INFO - [2025-01-22T00:02:43.166+0000] {dag.py:3239} INFO - Sync 1 DAGs
[2025-01-22T00:02:43.183+0000] {logging_mixin.py:190} INFO - [2025-01-22T00:02:43.183+0000] {dag.py:4180} INFO - Setting next_dagrun for example_dag_decorator to None, run_after=None
[2025-01-22T00:02:43.210+0000] {processor.py:208} INFO - Processing /home/airflow/.local/lib/python3.12/site-packages/airflow/example_dags/example_dag_decorator.py took 0.232 seconds
[2025-01-22T00:03:14.961+0000] {processor.py:186} INFO - Started process (PID=709) to work on /home/airflow/.local/lib/python3.12/site-packages/airflow/example_dags/example_dag_decorator.py
[2025-01-22T00:03:14.962+0000] {processor.py:914} INFO - Processing file /home/airflow/.local/lib/python3.12/site-packages/airflow/example_dags/example_dag_decorator.py for tasks to queue
[2025-01-22T00:03:14.966+0000] {logging_mixin.py:190} INFO - [2025-01-22T00:03:14.965+0000] {dagbag.py:588} INFO - Filling up the DagBag from /home/airflow/.local/lib/python3.12/site-packages/airflow/example_dags/example_dag_decorator.py
[2025-01-22T00:03:14.982+0000] {processor.py:925} INFO - DAG(s) 'example_dag_decorator' retrieved from /home/airflow/.local/lib/python3.12/site-packages/airflow/example_dags/example_dag_decorator.py
[2025-01-22T00:03:15.145+0000] {logging_mixin.py:190} INFO - [2025-01-22T00:03:15.144+0000] {dag.py:3239} INFO - Sync 1 DAGs
[2025-01-22T00:03:15.162+0000] {logging_mixin.py:190} INFO - [2025-01-22T00:03:15.162+0000] {dag.py:4180} INFO - Setting next_dagrun for example_dag_decorator to None, run_after=None
[2025-01-22T00:03:15.188+0000] {processor.py:208} INFO - Processing /home/airflow/.local/lib/python3.12/site-packages/airflow/example_dags/example_dag_decorator.py took 0.235 seconds
[2025-01-22T00:03:46.029+0000] {processor.py:186} INFO - Started process (PID=772) to work on /home/airflow/.local/lib/python3.12/site-packages/airflow/example_dags/example_dag_decorator.py
[2025-01-22T00:03:46.030+0000] {processor.py:914} INFO - Processing file /home/airflow/.local/lib/python3.12/site-packages/airflow/example_dags/example_dag_decorator.py for tasks to queue
[2025-01-22T00:03:46.033+0000] {logging_mixin.py:190} INFO - [2025-01-22T00:03:46.033+0000] {dagbag.py:588} INFO - Filling up the DagBag from /home/airflow/.local/lib/python3.12/site-packages/airflow/example_dags/example_dag_decorator.py
[2025-01-22T00:03:46.047+0000] {processor.py:925} INFO - DAG(s) 'example_dag_decorator' retrieved from /home/airflow/.local/lib/python3.12/site-packages/airflow/example_dags/example_dag_decorator.py
[2025-01-22T00:03:46.174+0000] {logging_mixin.py:190} INFO - [2025-01-22T00:03:46.173+0000] {dag.py:3239} INFO - Sync 1 DAGs
[2025-01-22T00:03:46.191+0000] {logging_mixin.py:190} INFO - [2025-01-22T00:03:46.191+0000] {dag.py:4180} INFO - Setting next_dagrun for example_dag_decorator to None, run_after=None
[2025-01-22T00:03:46.214+0000] {processor.py:208} INFO - Processing /home/airflow/.local/lib/python3.12/site-packages/airflow/example_dags/example_dag_decorator.py took 0.190 seconds
[2025-01-22T00:04:17.897+0000] {processor.py:186} INFO - Started process (PID=836) to work on /home/airflow/.local/lib/python3.12/site-packages/airflow/example_dags/example_dag_decorator.py
[2025-01-22T00:04:17.898+0000] {processor.py:914} INFO - Processing file /home/airflow/.local/lib/python3.12/site-packages/airflow/example_dags/example_dag_decorator.py for tasks to queue
[2025-01-22T00:04:17.900+0000] {logging_mixin.py:190} INFO - [2025-01-22T00:04:17.900+0000] {dagbag.py:588} INFO - Filling up the DagBag from /home/airflow/.local/lib/python3.12/site-packages/airflow/example_dags/example_dag_decorator.py
[2025-01-22T00:04:17.911+0000] {processor.py:925} INFO - DAG(s) 'example_dag_decorator' retrieved from /home/airflow/.local/lib/python3.12/site-packages/airflow/example_dags/example_dag_decorator.py
[2025-01-22T00:04:18.036+0000] {logging_mixin.py:190} INFO - [2025-01-22T00:04:18.036+0000] {dag.py:3239} INFO - Sync 1 DAGs
[2025-01-22T00:04:18.050+0000] {logging_mixin.py:190} INFO - [2025-01-22T00:04:18.050+0000] {dag.py:4180} INFO - Setting next_dagrun for example_dag_decorator to None, run_after=None
[2025-01-22T00:04:18.071+0000] {processor.py:208} INFO - Processing /home/airflow/.local/lib/python3.12/site-packages/airflow/example_dags/example_dag_decorator.py took 0.180 seconds
[2025-01-22T00:04:49.307+0000] {processor.py:186} INFO - Started process (PID=900) to work on /home/airflow/.local/lib/python3.12/site-packages/airflow/example_dags/example_dag_decorator.py
[2025-01-22T00:04:49.309+0000] {processor.py:914} INFO - Processing file /home/airflow/.local/lib/python3.12/site-packages/airflow/example_dags/example_dag_decorator.py for tasks to queue
[2025-01-22T00:04:49.312+0000] {logging_mixin.py:190} INFO - [2025-01-22T00:04:49.311+0000] {dagbag.py:588} INFO - Filling up the DagBag from /home/airflow/.local/lib/python3.12/site-packages/airflow/example_dags/example_dag_decorator.py
[2025-01-22T00:04:49.329+0000] {processor.py:925} INFO - DAG(s) 'example_dag_decorator' retrieved from /home/airflow/.local/lib/python3.12/site-packages/airflow/example_dags/example_dag_decorator.py
[2025-01-22T00:04:49.506+0000] {logging_mixin.py:190} INFO - [2025-01-22T00:04:49.505+0000] {dag.py:3239} INFO - Sync 1 DAGs
[2025-01-22T00:04:49.525+0000] {logging_mixin.py:190} INFO - [2025-01-22T00:04:49.524+0000] {dag.py:4180} INFO - Setting next_dagrun for example_dag_decorator to None, run_after=None
[2025-01-22T00:04:49.553+0000] {processor.py:208} INFO - Processing /home/airflow/.local/lib/python3.12/site-packages/airflow/example_dags/example_dag_decorator.py took 0.253 seconds
[2025-01-22T00:05:20.720+0000] {processor.py:186} INFO - Started process (PID=963) to work on /home/airflow/.local/lib/python3.12/site-packages/airflow/example_dags/example_dag_decorator.py
[2025-01-22T00:05:20.721+0000] {processor.py:914} INFO - Processing file /home/airflow/.local/lib/python3.12/site-packages/airflow/example_dags/example_dag_decorator.py for tasks to queue
[2025-01-22T00:05:20.724+0000] {logging_mixin.py:190} INFO - [2025-01-22T00:05:20.723+0000] {dagbag.py:588} INFO - Filling up the DagBag from /home/airflow/.local/lib/python3.12/site-packages/airflow/example_dags/example_dag_decorator.py
[2025-01-22T00:05:20.740+0000] {processor.py:925} INFO - DAG(s) 'example_dag_decorator' retrieved from /home/airflow/.local/lib/python3.12/site-packages/airflow/example_dags/example_dag_decorator.py
[2025-01-22T00:05:20.879+0000] {logging_mixin.py:190} INFO - [2025-01-22T00:05:20.879+0000] {dag.py:3239} INFO - Sync 1 DAGs
[2025-01-22T00:05:20.894+0000] {logging_mixin.py:190} INFO - [2025-01-22T00:05:20.894+0000] {dag.py:4180} INFO - Setting next_dagrun for example_dag_decorator to None, run_after=None
[2025-01-22T00:05:20.915+0000] {processor.py:208} INFO - Processing /home/airflow/.local/lib/python3.12/site-packages/airflow/example_dags/example_dag_decorator.py took 0.202 seconds
[2025-01-22T00:05:56.062+0000] {processor.py:186} INFO - Started process (PID=1029) to work on /home/airflow/.local/lib/python3.12/site-packages/airflow/example_dags/example_dag_decorator.py
[2025-01-22T00:05:56.063+0000] {processor.py:914} INFO - Processing file /home/airflow/.local/lib/python3.12/site-packages/airflow/example_dags/example_dag_decorator.py for tasks to queue
[2025-01-22T00:05:56.079+0000] {logging_mixin.py:190} INFO - [2025-01-22T00:05:56.078+0000] {dagbag.py:588} INFO - Filling up the DagBag from /home/airflow/.local/lib/python3.12/site-packages/airflow/example_dags/example_dag_decorator.py
[2025-01-22T00:05:56.112+0000] {processor.py:925} INFO - DAG(s) 'example_dag_decorator' retrieved from /home/airflow/.local/lib/python3.12/site-packages/airflow/example_dags/example_dag_decorator.py
[2025-01-22T00:05:56.546+0000] {logging_mixin.py:190} INFO - [2025-01-22T00:05:56.546+0000] {dag.py:3239} INFO - Sync 1 DAGs
[2025-01-22T00:05:56.593+0000] {logging_mixin.py:190} INFO - [2025-01-22T00:05:56.593+0000] {dag.py:4180} INFO - Setting next_dagrun for example_dag_decorator to None, run_after=None
[2025-01-22T00:05:56.711+0000] {processor.py:208} INFO - Processing /home/airflow/.local/lib/python3.12/site-packages/airflow/example_dags/example_dag_decorator.py took 0.656 seconds
[2025-01-22T00:06:27.735+0000] {processor.py:186} INFO - Started process (PID=1094) to work on /home/airflow/.local/lib/python3.12/site-packages/airflow/example_dags/example_dag_decorator.py
[2025-01-22T00:06:27.737+0000] {processor.py:914} INFO - Processing file /home/airflow/.local/lib/python3.12/site-packages/airflow/example_dags/example_dag_decorator.py for tasks to queue
[2025-01-22T00:06:27.740+0000] {logging_mixin.py:190} INFO - [2025-01-22T00:06:27.740+0000] {dagbag.py:588} INFO - Filling up the DagBag from /home/airflow/.local/lib/python3.12/site-packages/airflow/example_dags/example_dag_decorator.py
[2025-01-22T00:06:27.757+0000] {processor.py:925} INFO - DAG(s) 'example_dag_decorator' retrieved from /home/airflow/.local/lib/python3.12/site-packages/airflow/example_dags/example_dag_decorator.py
[2025-01-22T00:06:27.913+0000] {logging_mixin.py:190} INFO - [2025-01-22T00:06:27.913+0000] {dag.py:3239} INFO - Sync 1 DAGs
[2025-01-22T00:06:27.930+0000] {logging_mixin.py:190} INFO - [2025-01-22T00:06:27.930+0000] {dag.py:4180} INFO - Setting next_dagrun for example_dag_decorator to None, run_after=None
[2025-01-22T00:06:27.959+0000] {processor.py:208} INFO - Processing /home/airflow/.local/lib/python3.12/site-packages/airflow/example_dags/example_dag_decorator.py took 0.235 seconds
[2025-01-22T00:06:58.054+0000] {processor.py:186} INFO - Started process (PID=1156) to work on /home/airflow/.local/lib/python3.12/site-packages/airflow/example_dags/example_dag_decorator.py
[2025-01-22T00:06:58.055+0000] {processor.py:914} INFO - Processing file /home/airflow/.local/lib/python3.12/site-packages/airflow/example_dags/example_dag_decorator.py for tasks to queue
[2025-01-22T00:06:58.058+0000] {logging_mixin.py:190} INFO - [2025-01-22T00:06:58.058+0000] {dagbag.py:588} INFO - Filling up the DagBag from /home/airflow/.local/lib/python3.12/site-packages/airflow/example_dags/example_dag_decorator.py
[2025-01-22T00:06:58.073+0000] {processor.py:925} INFO - DAG(s) 'example_dag_decorator' retrieved from /home/airflow/.local/lib/python3.12/site-packages/airflow/example_dags/example_dag_decorator.py
[2025-01-22T00:06:58.227+0000] {logging_mixin.py:190} INFO - [2025-01-22T00:06:58.226+0000] {dag.py:3239} INFO - Sync 1 DAGs
[2025-01-22T00:06:58.248+0000] {logging_mixin.py:190} INFO - [2025-01-22T00:06:58.248+0000] {dag.py:4180} INFO - Setting next_dagrun for example_dag_decorator to None, run_after=None
[2025-01-22T00:06:58.303+0000] {processor.py:208} INFO - Processing /home/airflow/.local/lib/python3.12/site-packages/airflow/example_dags/example_dag_decorator.py took 0.257 seconds
[2025-01-22T00:07:29.222+0000] {processor.py:186} INFO - Started process (PID=1221) to work on /home/airflow/.local/lib/python3.12/site-packages/airflow/example_dags/example_dag_decorator.py
[2025-01-22T00:07:29.223+0000] {processor.py:914} INFO - Processing file /home/airflow/.local/lib/python3.12/site-packages/airflow/example_dags/example_dag_decorator.py for tasks to queue
[2025-01-22T00:07:29.225+0000] {logging_mixin.py:190} INFO - [2025-01-22T00:07:29.225+0000] {dagbag.py:588} INFO - Filling up the DagBag from /home/airflow/.local/lib/python3.12/site-packages/airflow/example_dags/example_dag_decorator.py
[2025-01-22T00:07:29.238+0000] {processor.py:925} INFO - DAG(s) 'example_dag_decorator' retrieved from /home/airflow/.local/lib/python3.12/site-packages/airflow/example_dags/example_dag_decorator.py
[2025-01-22T00:07:29.364+0000] {logging_mixin.py:190} INFO - [2025-01-22T00:07:29.364+0000] {dag.py:3239} INFO - Sync 1 DAGs
[2025-01-22T00:07:29.377+0000] {logging_mixin.py:190} INFO - [2025-01-22T00:07:29.376+0000] {dag.py:4180} INFO - Setting next_dagrun for example_dag_decorator to None, run_after=None
[2025-01-22T00:07:29.401+0000] {processor.py:208} INFO - Processing /home/airflow/.local/lib/python3.12/site-packages/airflow/example_dags/example_dag_decorator.py took 0.186 seconds
[2025-01-22T00:08:00.247+0000] {processor.py:186} INFO - Started process (PID=1286) to work on /home/airflow/.local/lib/python3.12/site-packages/airflow/example_dags/example_dag_decorator.py
[2025-01-22T00:08:00.248+0000] {processor.py:914} INFO - Processing file /home/airflow/.local/lib/python3.12/site-packages/airflow/example_dags/example_dag_decorator.py for tasks to queue
[2025-01-22T00:08:00.250+0000] {logging_mixin.py:190} INFO - [2025-01-22T00:08:00.250+0000] {dagbag.py:588} INFO - Filling up the DagBag from /home/airflow/.local/lib/python3.12/site-packages/airflow/example_dags/example_dag_decorator.py
[2025-01-22T00:08:00.272+0000] {processor.py:925} INFO - DAG(s) 'example_dag_decorator' retrieved from /home/airflow/.local/lib/python3.12/site-packages/airflow/example_dags/example_dag_decorator.py
[2025-01-22T00:08:00.513+0000] {logging_mixin.py:190} INFO - [2025-01-22T00:08:00.513+0000] {dag.py:3239} INFO - Sync 1 DAGs
[2025-01-22T00:08:00.535+0000] {logging_mixin.py:190} INFO - [2025-01-22T00:08:00.535+0000] {dag.py:4180} INFO - Setting next_dagrun for example_dag_decorator to None, run_after=None
[2025-01-22T00:08:00.580+0000] {processor.py:208} INFO - Processing /home/airflow/.local/lib/python3.12/site-packages/airflow/example_dags/example_dag_decorator.py took 0.341 seconds
[2025-01-22T00:08:33.660+0000] {processor.py:186} INFO - Started process (PID=1351) to work on /home/airflow/.local/lib/python3.12/site-packages/airflow/example_dags/example_dag_decorator.py
[2025-01-22T00:08:33.673+0000] {processor.py:914} INFO - Processing file /home/airflow/.local/lib/python3.12/site-packages/airflow/example_dags/example_dag_decorator.py for tasks to queue
[2025-01-22T00:08:33.677+0000] {logging_mixin.py:190} INFO - [2025-01-22T00:08:33.676+0000] {dagbag.py:588} INFO - Filling up the DagBag from /home/airflow/.local/lib/python3.12/site-packages/airflow/example_dags/example_dag_decorator.py
[2025-01-22T00:08:33.723+0000] {processor.py:925} INFO - DAG(s) 'example_dag_decorator' retrieved from /home/airflow/.local/lib/python3.12/site-packages/airflow/example_dags/example_dag_decorator.py
[2025-01-22T00:08:34.148+0000] {logging_mixin.py:190} INFO - [2025-01-22T00:08:34.147+0000] {dag.py:3239} INFO - Sync 1 DAGs
[2025-01-22T00:08:34.187+0000] {logging_mixin.py:190} INFO - [2025-01-22T00:08:34.187+0000] {dag.py:4180} INFO - Setting next_dagrun for example_dag_decorator to None, run_after=None
[2025-01-22T00:08:34.274+0000] {processor.py:208} INFO - Processing /home/airflow/.local/lib/python3.12/site-packages/airflow/example_dags/example_dag_decorator.py took 0.625 seconds
[2025-01-22T00:09:04.415+0000] {processor.py:186} INFO - Started process (PID=1414) to work on /home/airflow/.local/lib/python3.12/site-packages/airflow/example_dags/example_dag_decorator.py
[2025-01-22T00:09:04.416+0000] {processor.py:914} INFO - Processing file /home/airflow/.local/lib/python3.12/site-packages/airflow/example_dags/example_dag_decorator.py for tasks to queue
[2025-01-22T00:09:04.422+0000] {logging_mixin.py:190} INFO - [2025-01-22T00:09:04.421+0000] {dagbag.py:588} INFO - Filling up the DagBag from /home/airflow/.local/lib/python3.12/site-packages/airflow/example_dags/example_dag_decorator.py
[2025-01-22T00:09:04.457+0000] {processor.py:925} INFO - DAG(s) 'example_dag_decorator' retrieved from /home/airflow/.local/lib/python3.12/site-packages/airflow/example_dags/example_dag_decorator.py
[2025-01-22T00:09:04.488+0000] {logging_mixin.py:190} INFO - [2025-01-22T00:09:04.487+0000] {dag.py:3239} INFO - Sync 1 DAGs
[2025-01-22T00:09:04.516+0000] {logging_mixin.py:190} INFO - [2025-01-22T00:09:04.516+0000] {dag.py:4180} INFO - Setting next_dagrun for example_dag_decorator to None, run_after=None
[2025-01-22T00:09:04.562+0000] {processor.py:208} INFO - Processing /home/airflow/.local/lib/python3.12/site-packages/airflow/example_dags/example_dag_decorator.py took 0.157 seconds
[2025-01-22T00:09:36.219+0000] {processor.py:186} INFO - Started process (PID=1477) to work on /home/airflow/.local/lib/python3.12/site-packages/airflow/example_dags/example_dag_decorator.py
[2025-01-22T00:09:36.226+0000] {processor.py:914} INFO - Processing file /home/airflow/.local/lib/python3.12/site-packages/airflow/example_dags/example_dag_decorator.py for tasks to queue
[2025-01-22T00:09:36.233+0000] {logging_mixin.py:190} INFO - [2025-01-22T00:09:36.229+0000] {dagbag.py:588} INFO - Filling up the DagBag from /home/airflow/.local/lib/python3.12/site-packages/airflow/example_dags/example_dag_decorator.py
[2025-01-22T00:09:36.268+0000] {processor.py:925} INFO - DAG(s) 'example_dag_decorator' retrieved from /home/airflow/.local/lib/python3.12/site-packages/airflow/example_dags/example_dag_decorator.py
[2025-01-22T00:09:36.587+0000] {logging_mixin.py:190} INFO - [2025-01-22T00:09:36.586+0000] {dag.py:3239} INFO - Sync 1 DAGs
[2025-01-22T00:09:36.621+0000] {logging_mixin.py:190} INFO - [2025-01-22T00:09:36.621+0000] {dag.py:4180} INFO - Setting next_dagrun for example_dag_decorator to None, run_after=None
[2025-01-22T00:09:36.658+0000] {processor.py:208} INFO - Processing /home/airflow/.local/lib/python3.12/site-packages/airflow/example_dags/example_dag_decorator.py took 0.446 seconds
[2025-01-22T00:10:06.727+0000] {processor.py:186} INFO - Started process (PID=1540) to work on /home/airflow/.local/lib/python3.12/site-packages/airflow/example_dags/example_dag_decorator.py
[2025-01-22T00:10:06.728+0000] {processor.py:914} INFO - Processing file /home/airflow/.local/lib/python3.12/site-packages/airflow/example_dags/example_dag_decorator.py for tasks to queue
[2025-01-22T00:10:06.731+0000] {logging_mixin.py:190} INFO - [2025-01-22T00:10:06.731+0000] {dagbag.py:588} INFO - Filling up the DagBag from /home/airflow/.local/lib/python3.12/site-packages/airflow/example_dags/example_dag_decorator.py
[2025-01-22T00:10:06.749+0000] {processor.py:925} INFO - DAG(s) 'example_dag_decorator' retrieved from /home/airflow/.local/lib/python3.12/site-packages/airflow/example_dags/example_dag_decorator.py
[2025-01-22T00:10:06.941+0000] {logging_mixin.py:190} INFO - [2025-01-22T00:10:06.940+0000] {dag.py:3239} INFO - Sync 1 DAGs
[2025-01-22T00:10:06.961+0000] {logging_mixin.py:190} INFO - [2025-01-22T00:10:06.960+0000] {dag.py:4180} INFO - Setting next_dagrun for example_dag_decorator to None, run_after=None
[2025-01-22T00:10:06.989+0000] {processor.py:208} INFO - Processing /home/airflow/.local/lib/python3.12/site-packages/airflow/example_dags/example_dag_decorator.py took 0.272 seconds
[2025-01-22T00:10:38.014+0000] {processor.py:186} INFO - Started process (PID=1602) to work on /home/airflow/.local/lib/python3.12/site-packages/airflow/example_dags/example_dag_decorator.py
[2025-01-22T00:10:38.016+0000] {processor.py:914} INFO - Processing file /home/airflow/.local/lib/python3.12/site-packages/airflow/example_dags/example_dag_decorator.py for tasks to queue
[2025-01-22T00:10:38.018+0000] {logging_mixin.py:190} INFO - [2025-01-22T00:10:38.018+0000] {dagbag.py:588} INFO - Filling up the DagBag from /home/airflow/.local/lib/python3.12/site-packages/airflow/example_dags/example_dag_decorator.py
[2025-01-22T00:10:38.031+0000] {processor.py:925} INFO - DAG(s) 'example_dag_decorator' retrieved from /home/airflow/.local/lib/python3.12/site-packages/airflow/example_dags/example_dag_decorator.py
[2025-01-22T00:10:38.186+0000] {logging_mixin.py:190} INFO - [2025-01-22T00:10:38.185+0000] {dag.py:3239} INFO - Sync 1 DAGs
[2025-01-22T00:10:38.201+0000] {logging_mixin.py:190} INFO - [2025-01-22T00:10:38.201+0000] {dag.py:4180} INFO - Setting next_dagrun for example_dag_decorator to None, run_after=None
[2025-01-22T00:10:38.226+0000] {processor.py:208} INFO - Processing /home/airflow/.local/lib/python3.12/site-packages/airflow/example_dags/example_dag_decorator.py took 0.218 seconds
[2025-01-22T00:11:08.468+0000] {processor.py:186} INFO - Started process (PID=1665) to work on /home/airflow/.local/lib/python3.12/site-packages/airflow/example_dags/example_dag_decorator.py
[2025-01-22T00:11:08.472+0000] {processor.py:914} INFO - Processing file /home/airflow/.local/lib/python3.12/site-packages/airflow/example_dags/example_dag_decorator.py for tasks to queue
[2025-01-22T00:11:08.476+0000] {logging_mixin.py:190} INFO - [2025-01-22T00:11:08.476+0000] {dagbag.py:588} INFO - Filling up the DagBag from /home/airflow/.local/lib/python3.12/site-packages/airflow/example_dags/example_dag_decorator.py
[2025-01-22T00:11:08.519+0000] {processor.py:925} INFO - DAG(s) 'example_dag_decorator' retrieved from /home/airflow/.local/lib/python3.12/site-packages/airflow/example_dags/example_dag_decorator.py
[2025-01-22T00:11:08.985+0000] {logging_mixin.py:190} INFO - [2025-01-22T00:11:08.984+0000] {dag.py:3239} INFO - Sync 1 DAGs
[2025-01-22T00:11:09.020+0000] {logging_mixin.py:190} INFO - [2025-01-22T00:11:09.019+0000] {dag.py:4180} INFO - Setting next_dagrun for example_dag_decorator to None, run_after=None
[2025-01-22T00:11:09.089+0000] {processor.py:208} INFO - Processing /home/airflow/.local/lib/python3.12/site-packages/airflow/example_dags/example_dag_decorator.py took 0.637 seconds
[2025-01-22T00:11:39.258+0000] {processor.py:186} INFO - Started process (PID=1728) to work on /home/airflow/.local/lib/python3.12/site-packages/airflow/example_dags/example_dag_decorator.py
[2025-01-22T00:11:39.259+0000] {processor.py:914} INFO - Processing file /home/airflow/.local/lib/python3.12/site-packages/airflow/example_dags/example_dag_decorator.py for tasks to queue
[2025-01-22T00:11:39.262+0000] {logging_mixin.py:190} INFO - [2025-01-22T00:11:39.262+0000] {dagbag.py:588} INFO - Filling up the DagBag from /home/airflow/.local/lib/python3.12/site-packages/airflow/example_dags/example_dag_decorator.py
[2025-01-22T00:11:39.278+0000] {processor.py:925} INFO - DAG(s) 'example_dag_decorator' retrieved from /home/airflow/.local/lib/python3.12/site-packages/airflow/example_dags/example_dag_decorator.py
[2025-01-22T00:11:39.434+0000] {logging_mixin.py:190} INFO - [2025-01-22T00:11:39.434+0000] {dag.py:3239} INFO - Sync 1 DAGs
[2025-01-22T00:11:39.451+0000] {logging_mixin.py:190} INFO - [2025-01-22T00:11:39.451+0000] {dag.py:4180} INFO - Setting next_dagrun for example_dag_decorator to None, run_after=None
[2025-01-22T00:11:39.477+0000] {processor.py:208} INFO - Processing /home/airflow/.local/lib/python3.12/site-packages/airflow/example_dags/example_dag_decorator.py took 0.231 seconds
[2025-01-22T00:12:09.547+0000] {processor.py:186} INFO - Started process (PID=1792) to work on /home/airflow/.local/lib/python3.12/site-packages/airflow/example_dags/example_dag_decorator.py
[2025-01-22T00:12:09.548+0000] {processor.py:914} INFO - Processing file /home/airflow/.local/lib/python3.12/site-packages/airflow/example_dags/example_dag_decorator.py for tasks to queue
[2025-01-22T00:12:09.550+0000] {logging_mixin.py:190} INFO - [2025-01-22T00:12:09.550+0000] {dagbag.py:588} INFO - Filling up the DagBag from /home/airflow/.local/lib/python3.12/site-packages/airflow/example_dags/example_dag_decorator.py
[2025-01-22T00:12:09.563+0000] {processor.py:925} INFO - DAG(s) 'example_dag_decorator' retrieved from /home/airflow/.local/lib/python3.12/site-packages/airflow/example_dags/example_dag_decorator.py
[2025-01-22T00:12:09.589+0000] {logging_mixin.py:190} INFO - [2025-01-22T00:12:09.589+0000] {dag.py:3239} INFO - Sync 1 DAGs
[2025-01-22T00:12:09.604+0000] {logging_mixin.py:190} INFO - [2025-01-22T00:12:09.604+0000] {dag.py:4180} INFO - Setting next_dagrun for example_dag_decorator to None, run_after=None
[2025-01-22T00:12:09.627+0000] {processor.py:208} INFO - Processing /home/airflow/.local/lib/python3.12/site-packages/airflow/example_dags/example_dag_decorator.py took 0.087 seconds
[2025-01-22T00:12:40.167+0000] {processor.py:186} INFO - Started process (PID=1855) to work on /home/airflow/.local/lib/python3.12/site-packages/airflow/example_dags/example_dag_decorator.py
[2025-01-22T00:12:40.168+0000] {processor.py:914} INFO - Processing file /home/airflow/.local/lib/python3.12/site-packages/airflow/example_dags/example_dag_decorator.py for tasks to queue
[2025-01-22T00:12:40.171+0000] {logging_mixin.py:190} INFO - [2025-01-22T00:12:40.171+0000] {dagbag.py:588} INFO - Filling up the DagBag from /home/airflow/.local/lib/python3.12/site-packages/airflow/example_dags/example_dag_decorator.py
[2025-01-22T00:12:40.185+0000] {processor.py:925} INFO - DAG(s) 'example_dag_decorator' retrieved from /home/airflow/.local/lib/python3.12/site-packages/airflow/example_dags/example_dag_decorator.py
[2025-01-22T00:12:40.387+0000] {logging_mixin.py:190} INFO - [2025-01-22T00:12:40.387+0000] {dag.py:3239} INFO - Sync 1 DAGs
[2025-01-22T00:12:40.399+0000] {logging_mixin.py:190} INFO - [2025-01-22T00:12:40.399+0000] {dag.py:4180} INFO - Setting next_dagrun for example_dag_decorator to None, run_after=None
[2025-01-22T00:12:40.428+0000] {processor.py:208} INFO - Processing /home/airflow/.local/lib/python3.12/site-packages/airflow/example_dags/example_dag_decorator.py took 0.268 seconds
[2025-01-22T00:13:10.855+0000] {processor.py:186} INFO - Started process (PID=1917) to work on /home/airflow/.local/lib/python3.12/site-packages/airflow/example_dags/example_dag_decorator.py
[2025-01-22T00:13:10.856+0000] {processor.py:914} INFO - Processing file /home/airflow/.local/lib/python3.12/site-packages/airflow/example_dags/example_dag_decorator.py for tasks to queue
[2025-01-22T00:13:10.859+0000] {logging_mixin.py:190} INFO - [2025-01-22T00:13:10.858+0000] {dagbag.py:588} INFO - Filling up the DagBag from /home/airflow/.local/lib/python3.12/site-packages/airflow/example_dags/example_dag_decorator.py
[2025-01-22T00:13:10.874+0000] {processor.py:925} INFO - DAG(s) 'example_dag_decorator' retrieved from /home/airflow/.local/lib/python3.12/site-packages/airflow/example_dags/example_dag_decorator.py
[2025-01-22T00:13:11.068+0000] {logging_mixin.py:190} INFO - [2025-01-22T00:13:11.067+0000] {dag.py:3239} INFO - Sync 1 DAGs
[2025-01-22T00:13:11.087+0000] {logging_mixin.py:190} INFO - [2025-01-22T00:13:11.086+0000] {dag.py:4180} INFO - Setting next_dagrun for example_dag_decorator to None, run_after=None
[2025-01-22T00:13:11.112+0000] {processor.py:208} INFO - Processing /home/airflow/.local/lib/python3.12/site-packages/airflow/example_dags/example_dag_decorator.py took 0.263 seconds
[2025-01-22T00:13:41.462+0000] {processor.py:186} INFO - Started process (PID=1980) to work on /home/airflow/.local/lib/python3.12/site-packages/airflow/example_dags/example_dag_decorator.py
[2025-01-22T00:13:41.463+0000] {processor.py:914} INFO - Processing file /home/airflow/.local/lib/python3.12/site-packages/airflow/example_dags/example_dag_decorator.py for tasks to queue
[2025-01-22T00:13:41.466+0000] {logging_mixin.py:190} INFO - [2025-01-22T00:13:41.466+0000] {dagbag.py:588} INFO - Filling up the DagBag from /home/airflow/.local/lib/python3.12/site-packages/airflow/example_dags/example_dag_decorator.py
[2025-01-22T00:13:41.484+0000] {processor.py:925} INFO - DAG(s) 'example_dag_decorator' retrieved from /home/airflow/.local/lib/python3.12/site-packages/airflow/example_dags/example_dag_decorator.py
[2025-01-22T00:13:41.647+0000] {logging_mixin.py:190} INFO - [2025-01-22T00:13:41.647+0000] {dag.py:3239} INFO - Sync 1 DAGs
[2025-01-22T00:13:41.662+0000] {logging_mixin.py:190} INFO - [2025-01-22T00:13:41.662+0000] {dag.py:4180} INFO - Setting next_dagrun for example_dag_decorator to None, run_after=None
[2025-01-22T00:13:41.681+0000] {processor.py:208} INFO - Processing /home/airflow/.local/lib/python3.12/site-packages/airflow/example_dags/example_dag_decorator.py took 0.230 seconds
[2025-01-22T00:14:12.046+0000] {processor.py:186} INFO - Started process (PID=2042) to work on /home/airflow/.local/lib/python3.12/site-packages/airflow/example_dags/example_dag_decorator.py
[2025-01-22T00:14:12.047+0000] {processor.py:914} INFO - Processing file /home/airflow/.local/lib/python3.12/site-packages/airflow/example_dags/example_dag_decorator.py for tasks to queue
[2025-01-22T00:14:12.050+0000] {logging_mixin.py:190} INFO - [2025-01-22T00:14:12.049+0000] {dagbag.py:588} INFO - Filling up the DagBag from /home/airflow/.local/lib/python3.12/site-packages/airflow/example_dags/example_dag_decorator.py
[2025-01-22T00:14:12.067+0000] {processor.py:925} INFO - DAG(s) 'example_dag_decorator' retrieved from /home/airflow/.local/lib/python3.12/site-packages/airflow/example_dags/example_dag_decorator.py
[2025-01-22T00:14:12.295+0000] {logging_mixin.py:190} INFO - [2025-01-22T00:14:12.294+0000] {dag.py:3239} INFO - Sync 1 DAGs
[2025-01-22T00:14:12.318+0000] {logging_mixin.py:190} INFO - [2025-01-22T00:14:12.318+0000] {dag.py:4180} INFO - Setting next_dagrun for example_dag_decorator to None, run_after=None
[2025-01-22T00:14:12.351+0000] {processor.py:208} INFO - Processing /home/airflow/.local/lib/python3.12/site-packages/airflow/example_dags/example_dag_decorator.py took 0.313 seconds
[2025-01-22T00:14:42.511+0000] {processor.py:186} INFO - Started process (PID=2105) to work on /home/airflow/.local/lib/python3.12/site-packages/airflow/example_dags/example_dag_decorator.py
[2025-01-22T00:14:42.512+0000] {processor.py:914} INFO - Processing file /home/airflow/.local/lib/python3.12/site-packages/airflow/example_dags/example_dag_decorator.py for tasks to queue
[2025-01-22T00:14:42.515+0000] {logging_mixin.py:190} INFO - [2025-01-22T00:14:42.514+0000] {dagbag.py:588} INFO - Filling up the DagBag from /home/airflow/.local/lib/python3.12/site-packages/airflow/example_dags/example_dag_decorator.py
[2025-01-22T00:14:42.528+0000] {processor.py:925} INFO - DAG(s) 'example_dag_decorator' retrieved from /home/airflow/.local/lib/python3.12/site-packages/airflow/example_dags/example_dag_decorator.py
[2025-01-22T00:14:42.658+0000] {logging_mixin.py:190} INFO - [2025-01-22T00:14:42.658+0000] {dag.py:3239} INFO - Sync 1 DAGs
[2025-01-22T00:14:42.673+0000] {logging_mixin.py:190} INFO - [2025-01-22T00:14:42.673+0000] {dag.py:4180} INFO - Setting next_dagrun for example_dag_decorator to None, run_after=None
[2025-01-22T00:14:42.698+0000] {processor.py:208} INFO - Processing /home/airflow/.local/lib/python3.12/site-packages/airflow/example_dags/example_dag_decorator.py took 0.195 seconds
[2025-01-22T00:15:13.389+0000] {processor.py:186} INFO - Started process (PID=2168) to work on /home/airflow/.local/lib/python3.12/site-packages/airflow/example_dags/example_dag_decorator.py
[2025-01-22T00:15:13.390+0000] {processor.py:914} INFO - Processing file /home/airflow/.local/lib/python3.12/site-packages/airflow/example_dags/example_dag_decorator.py for tasks to queue
[2025-01-22T00:15:13.393+0000] {logging_mixin.py:190} INFO - [2025-01-22T00:15:13.393+0000] {dagbag.py:588} INFO - Filling up the DagBag from /home/airflow/.local/lib/python3.12/site-packages/airflow/example_dags/example_dag_decorator.py
[2025-01-22T00:15:13.416+0000] {processor.py:925} INFO - DAG(s) 'example_dag_decorator' retrieved from /home/airflow/.local/lib/python3.12/site-packages/airflow/example_dags/example_dag_decorator.py
[2025-01-22T00:15:13.546+0000] {logging_mixin.py:190} INFO - [2025-01-22T00:15:13.545+0000] {dag.py:3239} INFO - Sync 1 DAGs
[2025-01-22T00:15:13.560+0000] {logging_mixin.py:190} INFO - [2025-01-22T00:15:13.560+0000] {dag.py:4180} INFO - Setting next_dagrun for example_dag_decorator to None, run_after=None
[2025-01-22T00:15:13.583+0000] {processor.py:208} INFO - Processing /home/airflow/.local/lib/python3.12/site-packages/airflow/example_dags/example_dag_decorator.py took 0.200 seconds
[2025-01-22T00:15:44.303+0000] {processor.py:186} INFO - Started process (PID=2231) to work on /home/airflow/.local/lib/python3.12/site-packages/airflow/example_dags/example_dag_decorator.py
[2025-01-22T00:15:44.304+0000] {processor.py:914} INFO - Processing file /home/airflow/.local/lib/python3.12/site-packages/airflow/example_dags/example_dag_decorator.py for tasks to queue
[2025-01-22T00:15:44.308+0000] {logging_mixin.py:190} INFO - [2025-01-22T00:15:44.307+0000] {dagbag.py:588} INFO - Filling up the DagBag from /home/airflow/.local/lib/python3.12/site-packages/airflow/example_dags/example_dag_decorator.py
[2025-01-22T00:15:44.323+0000] {processor.py:925} INFO - DAG(s) 'example_dag_decorator' retrieved from /home/airflow/.local/lib/python3.12/site-packages/airflow/example_dags/example_dag_decorator.py
[2025-01-22T00:15:44.346+0000] {logging_mixin.py:190} INFO - [2025-01-22T00:15:44.346+0000] {dag.py:3239} INFO - Sync 1 DAGs
[2025-01-22T00:15:44.364+0000] {logging_mixin.py:190} INFO - [2025-01-22T00:15:44.363+0000] {dag.py:4180} INFO - Setting next_dagrun for example_dag_decorator to None, run_after=None
[2025-01-22T00:15:44.383+0000] {processor.py:208} INFO - Processing /home/airflow/.local/lib/python3.12/site-packages/airflow/example_dags/example_dag_decorator.py took 0.087 seconds
[2025-01-22T00:16:14.715+0000] {processor.py:186} INFO - Started process (PID=2294) to work on /home/airflow/.local/lib/python3.12/site-packages/airflow/example_dags/example_dag_decorator.py
[2025-01-22T00:16:14.723+0000] {processor.py:914} INFO - Processing file /home/airflow/.local/lib/python3.12/site-packages/airflow/example_dags/example_dag_decorator.py for tasks to queue
[2025-01-22T00:16:14.727+0000] {logging_mixin.py:190} INFO - [2025-01-22T00:16:14.726+0000] {dagbag.py:588} INFO - Filling up the DagBag from /home/airflow/.local/lib/python3.12/site-packages/airflow/example_dags/example_dag_decorator.py
[2025-01-22T00:16:14.739+0000] {processor.py:925} INFO - DAG(s) 'example_dag_decorator' retrieved from /home/airflow/.local/lib/python3.12/site-packages/airflow/example_dags/example_dag_decorator.py
[2025-01-22T00:16:14.859+0000] {logging_mixin.py:190} INFO - [2025-01-22T00:16:14.859+0000] {dag.py:3239} INFO - Sync 1 DAGs
[2025-01-22T00:16:14.874+0000] {logging_mixin.py:190} INFO - [2025-01-22T00:16:14.874+0000] {dag.py:4180} INFO - Setting next_dagrun for example_dag_decorator to None, run_after=None
[2025-01-22T00:16:14.894+0000] {processor.py:208} INFO - Processing /home/airflow/.local/lib/python3.12/site-packages/airflow/example_dags/example_dag_decorator.py took 0.187 seconds
[2025-01-22T00:16:45.091+0000] {processor.py:186} INFO - Started process (PID=2357) to work on /home/airflow/.local/lib/python3.12/site-packages/airflow/example_dags/example_dag_decorator.py
[2025-01-22T00:16:45.092+0000] {processor.py:914} INFO - Processing file /home/airflow/.local/lib/python3.12/site-packages/airflow/example_dags/example_dag_decorator.py for tasks to queue
[2025-01-22T00:16:45.099+0000] {logging_mixin.py:190} INFO - [2025-01-22T00:16:45.099+0000] {dagbag.py:588} INFO - Filling up the DagBag from /home/airflow/.local/lib/python3.12/site-packages/airflow/example_dags/example_dag_decorator.py
[2025-01-22T00:16:45.126+0000] {processor.py:925} INFO - DAG(s) 'example_dag_decorator' retrieved from /home/airflow/.local/lib/python3.12/site-packages/airflow/example_dags/example_dag_decorator.py
[2025-01-22T00:16:45.300+0000] {logging_mixin.py:190} INFO - [2025-01-22T00:16:45.300+0000] {dag.py:3239} INFO - Sync 1 DAGs
[2025-01-22T00:16:45.332+0000] {logging_mixin.py:190} INFO - [2025-01-22T00:16:45.331+0000] {dag.py:4180} INFO - Setting next_dagrun for example_dag_decorator to None, run_after=None
[2025-01-22T00:16:45.355+0000] {processor.py:208} INFO - Processing /home/airflow/.local/lib/python3.12/site-packages/airflow/example_dags/example_dag_decorator.py took 0.273 seconds
[2025-01-22T00:17:15.491+0000] {processor.py:186} INFO - Started process (PID=2428) to work on /home/airflow/.local/lib/python3.12/site-packages/airflow/example_dags/example_dag_decorator.py
[2025-01-22T00:17:15.492+0000] {processor.py:914} INFO - Processing file /home/airflow/.local/lib/python3.12/site-packages/airflow/example_dags/example_dag_decorator.py for tasks to queue
[2025-01-22T00:17:15.501+0000] {logging_mixin.py:190} INFO - [2025-01-22T00:17:15.500+0000] {dagbag.py:588} INFO - Filling up the DagBag from /home/airflow/.local/lib/python3.12/site-packages/airflow/example_dags/example_dag_decorator.py
[2025-01-22T00:17:15.529+0000] {processor.py:925} INFO - DAG(s) 'example_dag_decorator' retrieved from /home/airflow/.local/lib/python3.12/site-packages/airflow/example_dags/example_dag_decorator.py
[2025-01-22T00:17:15.694+0000] {logging_mixin.py:190} INFO - [2025-01-22T00:17:15.694+0000] {dag.py:3239} INFO - Sync 1 DAGs
[2025-01-22T00:17:15.872+0000] {logging_mixin.py:190} INFO - [2025-01-22T00:17:15.871+0000] {dag.py:4180} INFO - Setting next_dagrun for example_dag_decorator to None, run_after=None
[2025-01-22T00:17:15.895+0000] {processor.py:208} INFO - Processing /home/airflow/.local/lib/python3.12/site-packages/airflow/example_dags/example_dag_decorator.py took 0.413 seconds
[2025-01-22T00:17:46.928+0000] {processor.py:186} INFO - Started process (PID=2493) to work on /home/airflow/.local/lib/python3.12/site-packages/airflow/example_dags/example_dag_decorator.py
[2025-01-22T00:17:46.929+0000] {processor.py:914} INFO - Processing file /home/airflow/.local/lib/python3.12/site-packages/airflow/example_dags/example_dag_decorator.py for tasks to queue
[2025-01-22T00:17:46.933+0000] {logging_mixin.py:190} INFO - [2025-01-22T00:17:46.932+0000] {dagbag.py:588} INFO - Filling up the DagBag from /home/airflow/.local/lib/python3.12/site-packages/airflow/example_dags/example_dag_decorator.py
[2025-01-22T00:17:46.944+0000] {processor.py:925} INFO - DAG(s) 'example_dag_decorator' retrieved from /home/airflow/.local/lib/python3.12/site-packages/airflow/example_dags/example_dag_decorator.py
[2025-01-22T00:17:47.051+0000] {logging_mixin.py:190} INFO - [2025-01-22T00:17:47.050+0000] {dag.py:3239} INFO - Sync 1 DAGs
[2025-01-22T00:17:47.245+0000] {logging_mixin.py:190} INFO - [2025-01-22T00:17:47.245+0000] {dag.py:4180} INFO - Setting next_dagrun for example_dag_decorator to None, run_after=None
[2025-01-22T00:17:47.269+0000] {processor.py:208} INFO - Processing /home/airflow/.local/lib/python3.12/site-packages/airflow/example_dags/example_dag_decorator.py took 0.348 seconds
[2025-01-22T00:18:18.288+0000] {processor.py:186} INFO - Started process (PID=2556) to work on /home/airflow/.local/lib/python3.12/site-packages/airflow/example_dags/example_dag_decorator.py
[2025-01-22T00:18:18.289+0000] {processor.py:914} INFO - Processing file /home/airflow/.local/lib/python3.12/site-packages/airflow/example_dags/example_dag_decorator.py for tasks to queue
[2025-01-22T00:18:18.291+0000] {logging_mixin.py:190} INFO - [2025-01-22T00:18:18.291+0000] {dagbag.py:588} INFO - Filling up the DagBag from /home/airflow/.local/lib/python3.12/site-packages/airflow/example_dags/example_dag_decorator.py
[2025-01-22T00:18:18.311+0000] {processor.py:925} INFO - DAG(s) 'example_dag_decorator' retrieved from /home/airflow/.local/lib/python3.12/site-packages/airflow/example_dags/example_dag_decorator.py
[2025-01-22T00:18:18.344+0000] {logging_mixin.py:190} INFO - [2025-01-22T00:18:18.344+0000] {dag.py:3239} INFO - Sync 1 DAGs
[2025-01-22T00:18:18.366+0000] {logging_mixin.py:190} INFO - [2025-01-22T00:18:18.365+0000] {dag.py:4180} INFO - Setting next_dagrun for example_dag_decorator to None, run_after=None
[2025-01-22T00:18:18.394+0000] {processor.py:208} INFO - Processing /home/airflow/.local/lib/python3.12/site-packages/airflow/example_dags/example_dag_decorator.py took 0.113 seconds
[2025-01-22T00:18:48.482+0000] {processor.py:186} INFO - Started process (PID=2620) to work on /home/airflow/.local/lib/python3.12/site-packages/airflow/example_dags/example_dag_decorator.py
[2025-01-22T00:18:48.483+0000] {processor.py:914} INFO - Processing file /home/airflow/.local/lib/python3.12/site-packages/airflow/example_dags/example_dag_decorator.py for tasks to queue
[2025-01-22T00:18:48.485+0000] {logging_mixin.py:190} INFO - [2025-01-22T00:18:48.485+0000] {dagbag.py:588} INFO - Filling up the DagBag from /home/airflow/.local/lib/python3.12/site-packages/airflow/example_dags/example_dag_decorator.py
[2025-01-22T00:18:48.502+0000] {processor.py:925} INFO - DAG(s) 'example_dag_decorator' retrieved from /home/airflow/.local/lib/python3.12/site-packages/airflow/example_dags/example_dag_decorator.py
[2025-01-22T00:18:48.530+0000] {logging_mixin.py:190} INFO - [2025-01-22T00:18:48.530+0000] {dag.py:3239} INFO - Sync 1 DAGs
[2025-01-22T00:18:48.554+0000] {logging_mixin.py:190} INFO - [2025-01-22T00:18:48.554+0000] {dag.py:4180} INFO - Setting next_dagrun for example_dag_decorator to None, run_after=None
[2025-01-22T00:18:48.580+0000] {processor.py:208} INFO - Processing /home/airflow/.local/lib/python3.12/site-packages/airflow/example_dags/example_dag_decorator.py took 0.106 seconds
[2025-01-22T00:19:19.482+0000] {processor.py:186} INFO - Started process (PID=2682) to work on /home/airflow/.local/lib/python3.12/site-packages/airflow/example_dags/example_dag_decorator.py
[2025-01-22T00:19:19.483+0000] {processor.py:914} INFO - Processing file /home/airflow/.local/lib/python3.12/site-packages/airflow/example_dags/example_dag_decorator.py for tasks to queue
[2025-01-22T00:19:19.485+0000] {logging_mixin.py:190} INFO - [2025-01-22T00:19:19.485+0000] {dagbag.py:588} INFO - Filling up the DagBag from /home/airflow/.local/lib/python3.12/site-packages/airflow/example_dags/example_dag_decorator.py
[2025-01-22T00:19:19.501+0000] {processor.py:925} INFO - DAG(s) 'example_dag_decorator' retrieved from /home/airflow/.local/lib/python3.12/site-packages/airflow/example_dags/example_dag_decorator.py
[2025-01-22T00:19:19.622+0000] {logging_mixin.py:190} INFO - [2025-01-22T00:19:19.621+0000] {dag.py:3239} INFO - Sync 1 DAGs
[2025-01-22T00:19:19.636+0000] {logging_mixin.py:190} INFO - [2025-01-22T00:19:19.636+0000] {dag.py:4180} INFO - Setting next_dagrun for example_dag_decorator to None, run_after=None
[2025-01-22T00:19:19.660+0000] {processor.py:208} INFO - Processing /home/airflow/.local/lib/python3.12/site-packages/airflow/example_dags/example_dag_decorator.py took 0.187 seconds
[2025-01-22T00:19:50.397+0000] {processor.py:186} INFO - Started process (PID=2745) to work on /home/airflow/.local/lib/python3.12/site-packages/airflow/example_dags/example_dag_decorator.py
[2025-01-22T00:19:50.398+0000] {processor.py:914} INFO - Processing file /home/airflow/.local/lib/python3.12/site-packages/airflow/example_dags/example_dag_decorator.py for tasks to queue
[2025-01-22T00:19:50.401+0000] {logging_mixin.py:190} INFO - [2025-01-22T00:19:50.401+0000] {dagbag.py:588} INFO - Filling up the DagBag from /home/airflow/.local/lib/python3.12/site-packages/airflow/example_dags/example_dag_decorator.py
[2025-01-22T00:19:50.418+0000] {processor.py:925} INFO - DAG(s) 'example_dag_decorator' retrieved from /home/airflow/.local/lib/python3.12/site-packages/airflow/example_dags/example_dag_decorator.py
[2025-01-22T00:19:50.690+0000] {logging_mixin.py:190} INFO - [2025-01-22T00:19:50.690+0000] {dag.py:3239} INFO - Sync 1 DAGs
[2025-01-22T00:19:50.703+0000] {logging_mixin.py:190} INFO - [2025-01-22T00:19:50.702+0000] {dag.py:4180} INFO - Setting next_dagrun for example_dag_decorator to None, run_after=None
[2025-01-22T00:19:50.722+0000] {processor.py:208} INFO - Processing /home/airflow/.local/lib/python3.12/site-packages/airflow/example_dags/example_dag_decorator.py took 0.332 seconds
[2025-01-22T00:20:20.831+0000] {processor.py:186} INFO - Started process (PID=2809) to work on /home/airflow/.local/lib/python3.12/site-packages/airflow/example_dags/example_dag_decorator.py
[2025-01-22T00:20:20.832+0000] {processor.py:914} INFO - Processing file /home/airflow/.local/lib/python3.12/site-packages/airflow/example_dags/example_dag_decorator.py for tasks to queue
[2025-01-22T00:20:20.835+0000] {logging_mixin.py:190} INFO - [2025-01-22T00:20:20.835+0000] {dagbag.py:588} INFO - Filling up the DagBag from /home/airflow/.local/lib/python3.12/site-packages/airflow/example_dags/example_dag_decorator.py
[2025-01-22T00:20:20.847+0000] {processor.py:925} INFO - DAG(s) 'example_dag_decorator' retrieved from /home/airflow/.local/lib/python3.12/site-packages/airflow/example_dags/example_dag_decorator.py
[2025-01-22T00:20:20.870+0000] {logging_mixin.py:190} INFO - [2025-01-22T00:20:20.870+0000] {dag.py:3239} INFO - Sync 1 DAGs
[2025-01-22T00:20:20.889+0000] {logging_mixin.py:190} INFO - [2025-01-22T00:20:20.888+0000] {dag.py:4180} INFO - Setting next_dagrun for example_dag_decorator to None, run_after=None
[2025-01-22T00:20:20.914+0000] {processor.py:208} INFO - Processing /home/airflow/.local/lib/python3.12/site-packages/airflow/example_dags/example_dag_decorator.py took 0.088 seconds
[2025-01-22T00:20:51.019+0000] {processor.py:186} INFO - Started process (PID=2870) to work on /home/airflow/.local/lib/python3.12/site-packages/airflow/example_dags/example_dag_decorator.py
[2025-01-22T00:20:51.020+0000] {processor.py:914} INFO - Processing file /home/airflow/.local/lib/python3.12/site-packages/airflow/example_dags/example_dag_decorator.py for tasks to queue
[2025-01-22T00:20:51.023+0000] {logging_mixin.py:190} INFO - [2025-01-22T00:20:51.023+0000] {dagbag.py:588} INFO - Filling up the DagBag from /home/airflow/.local/lib/python3.12/site-packages/airflow/example_dags/example_dag_decorator.py
[2025-01-22T00:20:51.037+0000] {processor.py:925} INFO - DAG(s) 'example_dag_decorator' retrieved from /home/airflow/.local/lib/python3.12/site-packages/airflow/example_dags/example_dag_decorator.py
[2025-01-22T00:20:51.063+0000] {logging_mixin.py:190} INFO - [2025-01-22T00:20:51.063+0000] {dag.py:3239} INFO - Sync 1 DAGs
[2025-01-22T00:20:51.082+0000] {logging_mixin.py:190} INFO - [2025-01-22T00:20:51.082+0000] {dag.py:4180} INFO - Setting next_dagrun for example_dag_decorator to None, run_after=None
[2025-01-22T00:20:51.102+0000] {processor.py:208} INFO - Processing /home/airflow/.local/lib/python3.12/site-packages/airflow/example_dags/example_dag_decorator.py took 0.093 seconds
[2025-01-22T00:21:21.735+0000] {processor.py:186} INFO - Started process (PID=2933) to work on /home/airflow/.local/lib/python3.12/site-packages/airflow/example_dags/example_dag_decorator.py
[2025-01-22T00:21:21.736+0000] {processor.py:914} INFO - Processing file /home/airflow/.local/lib/python3.12/site-packages/airflow/example_dags/example_dag_decorator.py for tasks to queue
[2025-01-22T00:21:21.739+0000] {logging_mixin.py:190} INFO - [2025-01-22T00:21:21.739+0000] {dagbag.py:588} INFO - Filling up the DagBag from /home/airflow/.local/lib/python3.12/site-packages/airflow/example_dags/example_dag_decorator.py
[2025-01-22T00:21:21.752+0000] {processor.py:925} INFO - DAG(s) 'example_dag_decorator' retrieved from /home/airflow/.local/lib/python3.12/site-packages/airflow/example_dags/example_dag_decorator.py
[2025-01-22T00:21:22.032+0000] {logging_mixin.py:190} INFO - [2025-01-22T00:21:22.031+0000] {dag.py:3239} INFO - Sync 1 DAGs
[2025-01-22T00:21:22.042+0000] {logging_mixin.py:190} INFO - [2025-01-22T00:21:22.042+0000] {dag.py:4180} INFO - Setting next_dagrun for example_dag_decorator to None, run_after=None
[2025-01-22T00:21:22.068+0000] {processor.py:208} INFO - Processing /home/airflow/.local/lib/python3.12/site-packages/airflow/example_dags/example_dag_decorator.py took 0.339 seconds
[2025-01-22T00:21:52.799+0000] {processor.py:186} INFO - Started process (PID=2995) to work on /home/airflow/.local/lib/python3.12/site-packages/airflow/example_dags/example_dag_decorator.py
[2025-01-22T00:21:52.800+0000] {processor.py:914} INFO - Processing file /home/airflow/.local/lib/python3.12/site-packages/airflow/example_dags/example_dag_decorator.py for tasks to queue
[2025-01-22T00:21:52.805+0000] {logging_mixin.py:190} INFO - [2025-01-22T00:21:52.804+0000] {dagbag.py:588} INFO - Filling up the DagBag from /home/airflow/.local/lib/python3.12/site-packages/airflow/example_dags/example_dag_decorator.py
[2025-01-22T00:21:52.829+0000] {processor.py:925} INFO - DAG(s) 'example_dag_decorator' retrieved from /home/airflow/.local/lib/python3.12/site-packages/airflow/example_dags/example_dag_decorator.py
[2025-01-22T00:21:53.688+0000] {logging_mixin.py:190} INFO - [2025-01-22T00:21:53.688+0000] {dag.py:3239} INFO - Sync 1 DAGs
[2025-01-22T00:21:53.736+0000] {logging_mixin.py:190} INFO - [2025-01-22T00:21:53.736+0000] {dag.py:4180} INFO - Setting next_dagrun for example_dag_decorator to None, run_after=None
[2025-01-22T00:21:53.798+0000] {processor.py:208} INFO - Processing /home/airflow/.local/lib/python3.12/site-packages/airflow/example_dags/example_dag_decorator.py took 1.011 seconds
[2025-01-22T00:22:24.056+0000] {processor.py:186} INFO - Started process (PID=3057) to work on /home/airflow/.local/lib/python3.12/site-packages/airflow/example_dags/example_dag_decorator.py
[2025-01-22T00:22:24.057+0000] {processor.py:914} INFO - Processing file /home/airflow/.local/lib/python3.12/site-packages/airflow/example_dags/example_dag_decorator.py for tasks to queue
[2025-01-22T00:22:24.059+0000] {logging_mixin.py:190} INFO - [2025-01-22T00:22:24.059+0000] {dagbag.py:588} INFO - Filling up the DagBag from /home/airflow/.local/lib/python3.12/site-packages/airflow/example_dags/example_dag_decorator.py
[2025-01-22T00:22:24.076+0000] {processor.py:925} INFO - DAG(s) 'example_dag_decorator' retrieved from /home/airflow/.local/lib/python3.12/site-packages/airflow/example_dags/example_dag_decorator.py
[2025-01-22T00:22:24.423+0000] {logging_mixin.py:190} INFO - [2025-01-22T00:22:24.423+0000] {dag.py:3239} INFO - Sync 1 DAGs
[2025-01-22T00:22:24.438+0000] {logging_mixin.py:190} INFO - [2025-01-22T00:22:24.438+0000] {dag.py:4180} INFO - Setting next_dagrun for example_dag_decorator to None, run_after=None
[2025-01-22T00:22:24.457+0000] {processor.py:208} INFO - Processing /home/airflow/.local/lib/python3.12/site-packages/airflow/example_dags/example_dag_decorator.py took 0.407 seconds
[2025-01-22T00:22:54.641+0000] {processor.py:186} INFO - Started process (PID=3120) to work on /home/airflow/.local/lib/python3.12/site-packages/airflow/example_dags/example_dag_decorator.py
[2025-01-22T00:22:54.642+0000] {processor.py:914} INFO - Processing file /home/airflow/.local/lib/python3.12/site-packages/airflow/example_dags/example_dag_decorator.py for tasks to queue
[2025-01-22T00:22:54.644+0000] {logging_mixin.py:190} INFO - [2025-01-22T00:22:54.644+0000] {dagbag.py:588} INFO - Filling up the DagBag from /home/airflow/.local/lib/python3.12/site-packages/airflow/example_dags/example_dag_decorator.py
[2025-01-22T00:22:54.656+0000] {processor.py:925} INFO - DAG(s) 'example_dag_decorator' retrieved from /home/airflow/.local/lib/python3.12/site-packages/airflow/example_dags/example_dag_decorator.py
[2025-01-22T00:22:54.756+0000] {logging_mixin.py:190} INFO - [2025-01-22T00:22:54.756+0000] {dag.py:3239} INFO - Sync 1 DAGs
[2025-01-22T00:22:54.767+0000] {logging_mixin.py:190} INFO - [2025-01-22T00:22:54.767+0000] {dag.py:4180} INFO - Setting next_dagrun for example_dag_decorator to None, run_after=None
[2025-01-22T00:22:54.784+0000] {processor.py:208} INFO - Processing /home/airflow/.local/lib/python3.12/site-packages/airflow/example_dags/example_dag_decorator.py took 0.156 seconds
[2025-01-22T00:23:25.138+0000] {processor.py:186} INFO - Started process (PID=3183) to work on /home/airflow/.local/lib/python3.12/site-packages/airflow/example_dags/example_dag_decorator.py
[2025-01-22T00:23:25.139+0000] {processor.py:914} INFO - Processing file /home/airflow/.local/lib/python3.12/site-packages/airflow/example_dags/example_dag_decorator.py for tasks to queue
[2025-01-22T00:23:25.142+0000] {logging_mixin.py:190} INFO - [2025-01-22T00:23:25.142+0000] {dagbag.py:588} INFO - Filling up the DagBag from /home/airflow/.local/lib/python3.12/site-packages/airflow/example_dags/example_dag_decorator.py
[2025-01-22T00:23:25.155+0000] {processor.py:925} INFO - DAG(s) 'example_dag_decorator' retrieved from /home/airflow/.local/lib/python3.12/site-packages/airflow/example_dags/example_dag_decorator.py
[2025-01-22T00:23:25.294+0000] {logging_mixin.py:190} INFO - [2025-01-22T00:23:25.294+0000] {dag.py:3239} INFO - Sync 1 DAGs
[2025-01-22T00:23:25.307+0000] {logging_mixin.py:190} INFO - [2025-01-22T00:23:25.306+0000] {dag.py:4180} INFO - Setting next_dagrun for example_dag_decorator to None, run_after=None
[2025-01-22T00:23:25.328+0000] {processor.py:208} INFO - Processing /home/airflow/.local/lib/python3.12/site-packages/airflow/example_dags/example_dag_decorator.py took 0.197 seconds
[2025-01-22T00:23:55.799+0000] {processor.py:186} INFO - Started process (PID=3245) to work on /home/airflow/.local/lib/python3.12/site-packages/airflow/example_dags/example_dag_decorator.py
[2025-01-22T00:23:55.800+0000] {processor.py:914} INFO - Processing file /home/airflow/.local/lib/python3.12/site-packages/airflow/example_dags/example_dag_decorator.py for tasks to queue
[2025-01-22T00:23:55.803+0000] {logging_mixin.py:190} INFO - [2025-01-22T00:23:55.803+0000] {dagbag.py:588} INFO - Filling up the DagBag from /home/airflow/.local/lib/python3.12/site-packages/airflow/example_dags/example_dag_decorator.py
[2025-01-22T00:23:55.816+0000] {processor.py:925} INFO - DAG(s) 'example_dag_decorator' retrieved from /home/airflow/.local/lib/python3.12/site-packages/airflow/example_dags/example_dag_decorator.py
[2025-01-22T00:23:55.935+0000] {logging_mixin.py:190} INFO - [2025-01-22T00:23:55.935+0000] {dag.py:3239} INFO - Sync 1 DAGs
[2025-01-22T00:23:55.947+0000] {logging_mixin.py:190} INFO - [2025-01-22T00:23:55.947+0000] {dag.py:4180} INFO - Setting next_dagrun for example_dag_decorator to None, run_after=None
[2025-01-22T00:23:55.966+0000] {processor.py:208} INFO - Processing /home/airflow/.local/lib/python3.12/site-packages/airflow/example_dags/example_dag_decorator.py took 0.177 seconds
[2025-01-22T00:24:26.592+0000] {processor.py:186} INFO - Started process (PID=3309) to work on /home/airflow/.local/lib/python3.12/site-packages/airflow/example_dags/example_dag_decorator.py
[2025-01-22T00:24:26.593+0000] {processor.py:914} INFO - Processing file /home/airflow/.local/lib/python3.12/site-packages/airflow/example_dags/example_dag_decorator.py for tasks to queue
[2025-01-22T00:24:26.596+0000] {logging_mixin.py:190} INFO - [2025-01-22T00:24:26.596+0000] {dagbag.py:588} INFO - Filling up the DagBag from /home/airflow/.local/lib/python3.12/site-packages/airflow/example_dags/example_dag_decorator.py
[2025-01-22T00:24:26.621+0000] {processor.py:925} INFO - DAG(s) 'example_dag_decorator' retrieved from /home/airflow/.local/lib/python3.12/site-packages/airflow/example_dags/example_dag_decorator.py
[2025-01-22T00:24:26.811+0000] {logging_mixin.py:190} INFO - [2025-01-22T00:24:26.810+0000] {dag.py:3239} INFO - Sync 1 DAGs
[2025-01-22T00:24:26.826+0000] {logging_mixin.py:190} INFO - [2025-01-22T00:24:26.826+0000] {dag.py:4180} INFO - Setting next_dagrun for example_dag_decorator to None, run_after=None
[2025-01-22T00:24:26.855+0000] {processor.py:208} INFO - Processing /home/airflow/.local/lib/python3.12/site-packages/airflow/example_dags/example_dag_decorator.py took 0.271 seconds
[2025-01-22T00:24:57.065+0000] {processor.py:186} INFO - Started process (PID=3372) to work on /home/airflow/.local/lib/python3.12/site-packages/airflow/example_dags/example_dag_decorator.py
[2025-01-22T00:24:57.066+0000] {processor.py:914} INFO - Processing file /home/airflow/.local/lib/python3.12/site-packages/airflow/example_dags/example_dag_decorator.py for tasks to queue
[2025-01-22T00:24:57.069+0000] {logging_mixin.py:190} INFO - [2025-01-22T00:24:57.068+0000] {dagbag.py:588} INFO - Filling up the DagBag from /home/airflow/.local/lib/python3.12/site-packages/airflow/example_dags/example_dag_decorator.py
[2025-01-22T00:24:57.095+0000] {processor.py:925} INFO - DAG(s) 'example_dag_decorator' retrieved from /home/airflow/.local/lib/python3.12/site-packages/airflow/example_dags/example_dag_decorator.py
[2025-01-22T00:24:57.291+0000] {logging_mixin.py:190} INFO - [2025-01-22T00:24:57.290+0000] {dag.py:3239} INFO - Sync 1 DAGs
[2025-01-22T00:24:57.307+0000] {logging_mixin.py:190} INFO - [2025-01-22T00:24:57.307+0000] {dag.py:4180} INFO - Setting next_dagrun for example_dag_decorator to None, run_after=None
[2025-01-22T00:24:57.329+0000] {processor.py:208} INFO - Processing /home/airflow/.local/lib/python3.12/site-packages/airflow/example_dags/example_dag_decorator.py took 0.270 seconds
[2025-01-22T00:25:27.392+0000] {processor.py:186} INFO - Started process (PID=3435) to work on /home/airflow/.local/lib/python3.12/site-packages/airflow/example_dags/example_dag_decorator.py
[2025-01-22T00:25:27.393+0000] {processor.py:914} INFO - Processing file /home/airflow/.local/lib/python3.12/site-packages/airflow/example_dags/example_dag_decorator.py for tasks to queue
[2025-01-22T00:25:27.396+0000] {logging_mixin.py:190} INFO - [2025-01-22T00:25:27.396+0000] {dagbag.py:588} INFO - Filling up the DagBag from /home/airflow/.local/lib/python3.12/site-packages/airflow/example_dags/example_dag_decorator.py
[2025-01-22T00:25:27.410+0000] {processor.py:925} INFO - DAG(s) 'example_dag_decorator' retrieved from /home/airflow/.local/lib/python3.12/site-packages/airflow/example_dags/example_dag_decorator.py
[2025-01-22T00:25:27.565+0000] {logging_mixin.py:190} INFO - [2025-01-22T00:25:27.564+0000] {dag.py:3239} INFO - Sync 1 DAGs
[2025-01-22T00:25:27.580+0000] {logging_mixin.py:190} INFO - [2025-01-22T00:25:27.580+0000] {dag.py:4180} INFO - Setting next_dagrun for example_dag_decorator to None, run_after=None
[2025-01-22T00:25:27.602+0000] {processor.py:208} INFO - Processing /home/airflow/.local/lib/python3.12/site-packages/airflow/example_dags/example_dag_decorator.py took 0.219 seconds
[2025-01-22T00:25:57.643+0000] {processor.py:186} INFO - Started process (PID=3499) to work on /home/airflow/.local/lib/python3.12/site-packages/airflow/example_dags/example_dag_decorator.py
[2025-01-22T00:25:57.644+0000] {processor.py:914} INFO - Processing file /home/airflow/.local/lib/python3.12/site-packages/airflow/example_dags/example_dag_decorator.py for tasks to queue
[2025-01-22T00:25:57.648+0000] {logging_mixin.py:190} INFO - [2025-01-22T00:25:57.647+0000] {dagbag.py:588} INFO - Filling up the DagBag from /home/airflow/.local/lib/python3.12/site-packages/airflow/example_dags/example_dag_decorator.py
[2025-01-22T00:25:57.663+0000] {processor.py:925} INFO - DAG(s) 'example_dag_decorator' retrieved from /home/airflow/.local/lib/python3.12/site-packages/airflow/example_dags/example_dag_decorator.py
[2025-01-22T00:25:57.768+0000] {logging_mixin.py:190} INFO - [2025-01-22T00:25:57.768+0000] {dag.py:3239} INFO - Sync 1 DAGs
[2025-01-22T00:25:57.780+0000] {logging_mixin.py:190} INFO - [2025-01-22T00:25:57.779+0000] {dag.py:4180} INFO - Setting next_dagrun for example_dag_decorator to None, run_after=None
[2025-01-22T00:25:57.798+0000] {processor.py:208} INFO - Processing /home/airflow/.local/lib/python3.12/site-packages/airflow/example_dags/example_dag_decorator.py took 0.161 seconds
[2025-01-22T00:26:27.850+0000] {processor.py:186} INFO - Started process (PID=3562) to work on /home/airflow/.local/lib/python3.12/site-packages/airflow/example_dags/example_dag_decorator.py
[2025-01-22T00:26:27.851+0000] {processor.py:914} INFO - Processing file /home/airflow/.local/lib/python3.12/site-packages/airflow/example_dags/example_dag_decorator.py for tasks to queue
[2025-01-22T00:26:27.853+0000] {logging_mixin.py:190} INFO - [2025-01-22T00:26:27.853+0000] {dagbag.py:588} INFO - Filling up the DagBag from /home/airflow/.local/lib/python3.12/site-packages/airflow/example_dags/example_dag_decorator.py
[2025-01-22T00:26:27.865+0000] {processor.py:925} INFO - DAG(s) 'example_dag_decorator' retrieved from /home/airflow/.local/lib/python3.12/site-packages/airflow/example_dags/example_dag_decorator.py
[2025-01-22T00:26:27.965+0000] {logging_mixin.py:190} INFO - [2025-01-22T00:26:27.964+0000] {dag.py:3239} INFO - Sync 1 DAGs
[2025-01-22T00:26:27.976+0000] {logging_mixin.py:190} INFO - [2025-01-22T00:26:27.976+0000] {dag.py:4180} INFO - Setting next_dagrun for example_dag_decorator to None, run_after=None
[2025-01-22T00:26:27.994+0000] {processor.py:208} INFO - Processing /home/airflow/.local/lib/python3.12/site-packages/airflow/example_dags/example_dag_decorator.py took 0.149 seconds
[2025-01-22T00:26:58.151+0000] {processor.py:186} INFO - Started process (PID=3624) to work on /home/airflow/.local/lib/python3.12/site-packages/airflow/example_dags/example_dag_decorator.py
[2025-01-22T00:26:58.152+0000] {processor.py:914} INFO - Processing file /home/airflow/.local/lib/python3.12/site-packages/airflow/example_dags/example_dag_decorator.py for tasks to queue
[2025-01-22T00:26:58.155+0000] {logging_mixin.py:190} INFO - [2025-01-22T00:26:58.155+0000] {dagbag.py:588} INFO - Filling up the DagBag from /home/airflow/.local/lib/python3.12/site-packages/airflow/example_dags/example_dag_decorator.py
[2025-01-22T00:26:58.167+0000] {processor.py:925} INFO - DAG(s) 'example_dag_decorator' retrieved from /home/airflow/.local/lib/python3.12/site-packages/airflow/example_dags/example_dag_decorator.py
[2025-01-22T00:26:58.327+0000] {logging_mixin.py:190} INFO - [2025-01-22T00:26:58.327+0000] {dag.py:3239} INFO - Sync 1 DAGs
[2025-01-22T00:26:58.340+0000] {logging_mixin.py:190} INFO - [2025-01-22T00:26:58.340+0000] {dag.py:4180} INFO - Setting next_dagrun for example_dag_decorator to None, run_after=None
[2025-01-22T00:26:58.362+0000] {processor.py:208} INFO - Processing /home/airflow/.local/lib/python3.12/site-packages/airflow/example_dags/example_dag_decorator.py took 0.217 seconds
[2025-01-22T00:27:28.458+0000] {processor.py:186} INFO - Started process (PID=3687) to work on /home/airflow/.local/lib/python3.12/site-packages/airflow/example_dags/example_dag_decorator.py
[2025-01-22T00:27:28.459+0000] {processor.py:914} INFO - Processing file /home/airflow/.local/lib/python3.12/site-packages/airflow/example_dags/example_dag_decorator.py for tasks to queue
[2025-01-22T00:27:28.463+0000] {logging_mixin.py:190} INFO - [2025-01-22T00:27:28.463+0000] {dagbag.py:588} INFO - Filling up the DagBag from /home/airflow/.local/lib/python3.12/site-packages/airflow/example_dags/example_dag_decorator.py
[2025-01-22T00:27:28.481+0000] {processor.py:925} INFO - DAG(s) 'example_dag_decorator' retrieved from /home/airflow/.local/lib/python3.12/site-packages/airflow/example_dags/example_dag_decorator.py
[2025-01-22T00:27:28.626+0000] {logging_mixin.py:190} INFO - [2025-01-22T00:27:28.626+0000] {dag.py:3239} INFO - Sync 1 DAGs
[2025-01-22T00:27:28.646+0000] {logging_mixin.py:190} INFO - [2025-01-22T00:27:28.646+0000] {dag.py:4180} INFO - Setting next_dagrun for example_dag_decorator to None, run_after=None
[2025-01-22T00:27:28.670+0000] {processor.py:208} INFO - Processing /home/airflow/.local/lib/python3.12/site-packages/airflow/example_dags/example_dag_decorator.py took 0.219 seconds
[2025-01-22T00:27:58.843+0000] {processor.py:186} INFO - Started process (PID=3750) to work on /home/airflow/.local/lib/python3.12/site-packages/airflow/example_dags/example_dag_decorator.py
[2025-01-22T00:27:58.844+0000] {processor.py:914} INFO - Processing file /home/airflow/.local/lib/python3.12/site-packages/airflow/example_dags/example_dag_decorator.py for tasks to queue
[2025-01-22T00:27:58.847+0000] {logging_mixin.py:190} INFO - [2025-01-22T00:27:58.846+0000] {dagbag.py:588} INFO - Filling up the DagBag from /home/airflow/.local/lib/python3.12/site-packages/airflow/example_dags/example_dag_decorator.py
[2025-01-22T00:27:58.861+0000] {processor.py:925} INFO - DAG(s) 'example_dag_decorator' retrieved from /home/airflow/.local/lib/python3.12/site-packages/airflow/example_dags/example_dag_decorator.py
[2025-01-22T00:27:58.992+0000] {logging_mixin.py:190} INFO - [2025-01-22T00:27:58.992+0000] {dag.py:3239} INFO - Sync 1 DAGs
[2025-01-22T00:27:59.008+0000] {logging_mixin.py:190} INFO - [2025-01-22T00:27:59.008+0000] {dag.py:4180} INFO - Setting next_dagrun for example_dag_decorator to None, run_after=None
[2025-01-22T00:27:59.031+0000] {processor.py:208} INFO - Processing /home/airflow/.local/lib/python3.12/site-packages/airflow/example_dags/example_dag_decorator.py took 0.194 seconds
[2025-01-22T00:28:29.193+0000] {processor.py:186} INFO - Started process (PID=3813) to work on /home/airflow/.local/lib/python3.12/site-packages/airflow/example_dags/example_dag_decorator.py
[2025-01-22T00:28:29.194+0000] {processor.py:914} INFO - Processing file /home/airflow/.local/lib/python3.12/site-packages/airflow/example_dags/example_dag_decorator.py for tasks to queue
[2025-01-22T00:28:29.198+0000] {logging_mixin.py:190} INFO - [2025-01-22T00:28:29.197+0000] {dagbag.py:588} INFO - Filling up the DagBag from /home/airflow/.local/lib/python3.12/site-packages/airflow/example_dags/example_dag_decorator.py
[2025-01-22T00:28:29.215+0000] {processor.py:925} INFO - DAG(s) 'example_dag_decorator' retrieved from /home/airflow/.local/lib/python3.12/site-packages/airflow/example_dags/example_dag_decorator.py
[2025-01-22T00:28:29.391+0000] {logging_mixin.py:190} INFO - [2025-01-22T00:28:29.390+0000] {dag.py:3239} INFO - Sync 1 DAGs
[2025-01-22T00:28:29.411+0000] {logging_mixin.py:190} INFO - [2025-01-22T00:28:29.411+0000] {dag.py:4180} INFO - Setting next_dagrun for example_dag_decorator to None, run_after=None
[2025-01-22T00:28:29.445+0000] {processor.py:208} INFO - Processing /home/airflow/.local/lib/python3.12/site-packages/airflow/example_dags/example_dag_decorator.py took 0.259 seconds
[2025-01-22T00:28:59.734+0000] {processor.py:186} INFO - Started process (PID=3877) to work on /home/airflow/.local/lib/python3.12/site-packages/airflow/example_dags/example_dag_decorator.py
[2025-01-22T00:28:59.751+0000] {processor.py:914} INFO - Processing file /home/airflow/.local/lib/python3.12/site-packages/airflow/example_dags/example_dag_decorator.py for tasks to queue
[2025-01-22T00:28:59.754+0000] {logging_mixin.py:190} INFO - [2025-01-22T00:28:59.753+0000] {dagbag.py:588} INFO - Filling up the DagBag from /home/airflow/.local/lib/python3.12/site-packages/airflow/example_dags/example_dag_decorator.py
[2025-01-22T00:28:59.765+0000] {processor.py:925} INFO - DAG(s) 'example_dag_decorator' retrieved from /home/airflow/.local/lib/python3.12/site-packages/airflow/example_dags/example_dag_decorator.py
[2025-01-22T00:28:59.906+0000] {logging_mixin.py:190} INFO - [2025-01-22T00:28:59.905+0000] {dag.py:3239} INFO - Sync 1 DAGs
[2025-01-22T00:28:59.920+0000] {logging_mixin.py:190} INFO - [2025-01-22T00:28:59.920+0000] {dag.py:4180} INFO - Setting next_dagrun for example_dag_decorator to None, run_after=None
[2025-01-22T00:28:59.939+0000] {processor.py:208} INFO - Processing /home/airflow/.local/lib/python3.12/site-packages/airflow/example_dags/example_dag_decorator.py took 0.217 seconds
[2025-01-22T00:29:30.182+0000] {processor.py:186} INFO - Started process (PID=3940) to work on /home/airflow/.local/lib/python3.12/site-packages/airflow/example_dags/example_dag_decorator.py
[2025-01-22T00:29:30.183+0000] {processor.py:914} INFO - Processing file /home/airflow/.local/lib/python3.12/site-packages/airflow/example_dags/example_dag_decorator.py for tasks to queue
[2025-01-22T00:29:30.190+0000] {logging_mixin.py:190} INFO - [2025-01-22T00:29:30.190+0000] {dagbag.py:588} INFO - Filling up the DagBag from /home/airflow/.local/lib/python3.12/site-packages/airflow/example_dags/example_dag_decorator.py
[2025-01-22T00:29:30.212+0000] {processor.py:925} INFO - DAG(s) 'example_dag_decorator' retrieved from /home/airflow/.local/lib/python3.12/site-packages/airflow/example_dags/example_dag_decorator.py
[2025-01-22T00:29:30.365+0000] {logging_mixin.py:190} INFO - [2025-01-22T00:29:30.365+0000] {dag.py:3239} INFO - Sync 1 DAGs
[2025-01-22T00:29:30.384+0000] {logging_mixin.py:190} INFO - [2025-01-22T00:29:30.384+0000] {dag.py:4180} INFO - Setting next_dagrun for example_dag_decorator to None, run_after=None
[2025-01-22T00:29:30.413+0000] {processor.py:208} INFO - Processing /home/airflow/.local/lib/python3.12/site-packages/airflow/example_dags/example_dag_decorator.py took 0.239 seconds
[2025-01-22T00:30:00.522+0000] {processor.py:186} INFO - Started process (PID=4003) to work on /home/airflow/.local/lib/python3.12/site-packages/airflow/example_dags/example_dag_decorator.py
[2025-01-22T00:30:00.523+0000] {processor.py:914} INFO - Processing file /home/airflow/.local/lib/python3.12/site-packages/airflow/example_dags/example_dag_decorator.py for tasks to queue
[2025-01-22T00:30:00.526+0000] {logging_mixin.py:190} INFO - [2025-01-22T00:30:00.526+0000] {dagbag.py:588} INFO - Filling up the DagBag from /home/airflow/.local/lib/python3.12/site-packages/airflow/example_dags/example_dag_decorator.py
[2025-01-22T00:30:00.541+0000] {processor.py:925} INFO - DAG(s) 'example_dag_decorator' retrieved from /home/airflow/.local/lib/python3.12/site-packages/airflow/example_dags/example_dag_decorator.py
[2025-01-22T00:30:00.696+0000] {logging_mixin.py:190} INFO - [2025-01-22T00:30:00.695+0000] {dag.py:3239} INFO - Sync 1 DAGs
[2025-01-22T00:30:00.713+0000] {logging_mixin.py:190} INFO - [2025-01-22T00:30:00.712+0000] {dag.py:4180} INFO - Setting next_dagrun for example_dag_decorator to None, run_after=None
[2025-01-22T00:30:00.736+0000] {processor.py:208} INFO - Processing /home/airflow/.local/lib/python3.12/site-packages/airflow/example_dags/example_dag_decorator.py took 0.223 seconds
[2025-01-22T00:30:30.785+0000] {processor.py:186} INFO - Started process (PID=4066) to work on /home/airflow/.local/lib/python3.12/site-packages/airflow/example_dags/example_dag_decorator.py
[2025-01-22T00:30:30.787+0000] {processor.py:914} INFO - Processing file /home/airflow/.local/lib/python3.12/site-packages/airflow/example_dags/example_dag_decorator.py for tasks to queue
[2025-01-22T00:30:30.794+0000] {logging_mixin.py:190} INFO - [2025-01-22T00:30:30.794+0000] {dagbag.py:588} INFO - Filling up the DagBag from /home/airflow/.local/lib/python3.12/site-packages/airflow/example_dags/example_dag_decorator.py
[2025-01-22T00:30:30.814+0000] {processor.py:925} INFO - DAG(s) 'example_dag_decorator' retrieved from /home/airflow/.local/lib/python3.12/site-packages/airflow/example_dags/example_dag_decorator.py
[2025-01-22T00:30:30.951+0000] {logging_mixin.py:190} INFO - [2025-01-22T00:30:30.950+0000] {dag.py:3239} INFO - Sync 1 DAGs
[2025-01-22T00:30:30.964+0000] {logging_mixin.py:190} INFO - [2025-01-22T00:30:30.964+0000] {dag.py:4180} INFO - Setting next_dagrun for example_dag_decorator to None, run_after=None
[2025-01-22T00:30:30.983+0000] {processor.py:208} INFO - Processing /home/airflow/.local/lib/python3.12/site-packages/airflow/example_dags/example_dag_decorator.py took 0.206 seconds
[2025-01-22T00:31:01.687+0000] {processor.py:186} INFO - Started process (PID=4129) to work on /home/airflow/.local/lib/python3.12/site-packages/airflow/example_dags/example_dag_decorator.py
[2025-01-22T00:31:01.689+0000] {processor.py:914} INFO - Processing file /home/airflow/.local/lib/python3.12/site-packages/airflow/example_dags/example_dag_decorator.py for tasks to queue
[2025-01-22T00:31:01.692+0000] {logging_mixin.py:190} INFO - [2025-01-22T00:31:01.691+0000] {dagbag.py:588} INFO - Filling up the DagBag from /home/airflow/.local/lib/python3.12/site-packages/airflow/example_dags/example_dag_decorator.py
[2025-01-22T00:31:01.709+0000] {processor.py:925} INFO - DAG(s) 'example_dag_decorator' retrieved from /home/airflow/.local/lib/python3.12/site-packages/airflow/example_dags/example_dag_decorator.py
[2025-01-22T00:31:01.849+0000] {logging_mixin.py:190} INFO - [2025-01-22T00:31:01.849+0000] {dag.py:3239} INFO - Sync 1 DAGs
[2025-01-22T00:31:01.863+0000] {logging_mixin.py:190} INFO - [2025-01-22T00:31:01.863+0000] {dag.py:4180} INFO - Setting next_dagrun for example_dag_decorator to None, run_after=None
[2025-01-22T00:31:01.884+0000] {processor.py:208} INFO - Processing /home/airflow/.local/lib/python3.12/site-packages/airflow/example_dags/example_dag_decorator.py took 0.205 seconds
[2025-01-22T00:31:32.255+0000] {processor.py:186} INFO - Started process (PID=4192) to work on /home/airflow/.local/lib/python3.12/site-packages/airflow/example_dags/example_dag_decorator.py
[2025-01-22T00:31:32.256+0000] {processor.py:914} INFO - Processing file /home/airflow/.local/lib/python3.12/site-packages/airflow/example_dags/example_dag_decorator.py for tasks to queue
[2025-01-22T00:31:32.261+0000] {logging_mixin.py:190} INFO - [2025-01-22T00:31:32.261+0000] {dagbag.py:588} INFO - Filling up the DagBag from /home/airflow/.local/lib/python3.12/site-packages/airflow/example_dags/example_dag_decorator.py
[2025-01-22T00:31:32.294+0000] {processor.py:925} INFO - DAG(s) 'example_dag_decorator' retrieved from /home/airflow/.local/lib/python3.12/site-packages/airflow/example_dags/example_dag_decorator.py
[2025-01-22T00:31:32.520+0000] {logging_mixin.py:190} INFO - [2025-01-22T00:31:32.520+0000] {dag.py:3239} INFO - Sync 1 DAGs
[2025-01-22T00:31:32.541+0000] {logging_mixin.py:190} INFO - [2025-01-22T00:31:32.541+0000] {dag.py:4180} INFO - Setting next_dagrun for example_dag_decorator to None, run_after=None
[2025-01-22T00:31:32.569+0000] {processor.py:208} INFO - Processing /home/airflow/.local/lib/python3.12/site-packages/airflow/example_dags/example_dag_decorator.py took 0.329 seconds
[2025-01-22T00:32:03.125+0000] {processor.py:186} INFO - Started process (PID=4256) to work on /home/airflow/.local/lib/python3.12/site-packages/airflow/example_dags/example_dag_decorator.py
[2025-01-22T00:32:03.126+0000] {processor.py:914} INFO - Processing file /home/airflow/.local/lib/python3.12/site-packages/airflow/example_dags/example_dag_decorator.py for tasks to queue
[2025-01-22T00:32:03.129+0000] {logging_mixin.py:190} INFO - [2025-01-22T00:32:03.128+0000] {dagbag.py:588} INFO - Filling up the DagBag from /home/airflow/.local/lib/python3.12/site-packages/airflow/example_dags/example_dag_decorator.py
[2025-01-22T00:32:03.142+0000] {processor.py:925} INFO - DAG(s) 'example_dag_decorator' retrieved from /home/airflow/.local/lib/python3.12/site-packages/airflow/example_dags/example_dag_decorator.py
[2025-01-22T00:32:03.271+0000] {logging_mixin.py:190} INFO - [2025-01-22T00:32:03.271+0000] {dag.py:3239} INFO - Sync 1 DAGs
[2025-01-22T00:32:03.293+0000] {logging_mixin.py:190} INFO - [2025-01-22T00:32:03.293+0000] {dag.py:4180} INFO - Setting next_dagrun for example_dag_decorator to None, run_after=None
[2025-01-22T00:32:03.324+0000] {processor.py:208} INFO - Processing /home/airflow/.local/lib/python3.12/site-packages/airflow/example_dags/example_dag_decorator.py took 0.204 seconds
[2025-01-22T00:32:33.496+0000] {processor.py:186} INFO - Started process (PID=4318) to work on /home/airflow/.local/lib/python3.12/site-packages/airflow/example_dags/example_dag_decorator.py
[2025-01-22T00:32:33.497+0000] {processor.py:914} INFO - Processing file /home/airflow/.local/lib/python3.12/site-packages/airflow/example_dags/example_dag_decorator.py for tasks to queue
[2025-01-22T00:32:33.501+0000] {logging_mixin.py:190} INFO - [2025-01-22T00:32:33.500+0000] {dagbag.py:588} INFO - Filling up the DagBag from /home/airflow/.local/lib/python3.12/site-packages/airflow/example_dags/example_dag_decorator.py
[2025-01-22T00:32:33.514+0000] {processor.py:925} INFO - DAG(s) 'example_dag_decorator' retrieved from /home/airflow/.local/lib/python3.12/site-packages/airflow/example_dags/example_dag_decorator.py
[2025-01-22T00:32:33.653+0000] {logging_mixin.py:190} INFO - [2025-01-22T00:32:33.653+0000] {dag.py:3239} INFO - Sync 1 DAGs
[2025-01-22T00:32:33.667+0000] {logging_mixin.py:190} INFO - [2025-01-22T00:32:33.667+0000] {dag.py:4180} INFO - Setting next_dagrun for example_dag_decorator to None, run_after=None
[2025-01-22T00:32:33.686+0000] {processor.py:208} INFO - Processing /home/airflow/.local/lib/python3.12/site-packages/airflow/example_dags/example_dag_decorator.py took 0.198 seconds
[2025-01-22T00:33:04.227+0000] {processor.py:186} INFO - Started process (PID=4381) to work on /home/airflow/.local/lib/python3.12/site-packages/airflow/example_dags/example_dag_decorator.py
[2025-01-22T00:33:04.228+0000] {processor.py:914} INFO - Processing file /home/airflow/.local/lib/python3.12/site-packages/airflow/example_dags/example_dag_decorator.py for tasks to queue
[2025-01-22T00:33:04.232+0000] {logging_mixin.py:190} INFO - [2025-01-22T00:33:04.231+0000] {dagbag.py:588} INFO - Filling up the DagBag from /home/airflow/.local/lib/python3.12/site-packages/airflow/example_dags/example_dag_decorator.py
[2025-01-22T00:33:04.243+0000] {processor.py:925} INFO - DAG(s) 'example_dag_decorator' retrieved from /home/airflow/.local/lib/python3.12/site-packages/airflow/example_dags/example_dag_decorator.py
[2025-01-22T00:33:04.269+0000] {logging_mixin.py:190} INFO - [2025-01-22T00:33:04.268+0000] {dag.py:3239} INFO - Sync 1 DAGs
[2025-01-22T00:33:04.284+0000] {logging_mixin.py:190} INFO - [2025-01-22T00:33:04.284+0000] {dag.py:4180} INFO - Setting next_dagrun for example_dag_decorator to None, run_after=None
[2025-01-22T00:33:04.306+0000] {processor.py:208} INFO - Processing /home/airflow/.local/lib/python3.12/site-packages/airflow/example_dags/example_dag_decorator.py took 0.086 seconds
[2025-01-22T00:33:35.123+0000] {processor.py:186} INFO - Started process (PID=4445) to work on /home/airflow/.local/lib/python3.12/site-packages/airflow/example_dags/example_dag_decorator.py
[2025-01-22T00:33:35.124+0000] {processor.py:914} INFO - Processing file /home/airflow/.local/lib/python3.12/site-packages/airflow/example_dags/example_dag_decorator.py for tasks to queue
[2025-01-22T00:33:35.127+0000] {logging_mixin.py:190} INFO - [2025-01-22T00:33:35.126+0000] {dagbag.py:588} INFO - Filling up the DagBag from /home/airflow/.local/lib/python3.12/site-packages/airflow/example_dags/example_dag_decorator.py
[2025-01-22T00:33:35.139+0000] {processor.py:925} INFO - DAG(s) 'example_dag_decorator' retrieved from /home/airflow/.local/lib/python3.12/site-packages/airflow/example_dags/example_dag_decorator.py
[2025-01-22T00:33:35.283+0000] {logging_mixin.py:190} INFO - [2025-01-22T00:33:35.283+0000] {dag.py:3239} INFO - Sync 1 DAGs
[2025-01-22T00:33:35.296+0000] {logging_mixin.py:190} INFO - [2025-01-22T00:33:35.296+0000] {dag.py:4180} INFO - Setting next_dagrun for example_dag_decorator to None, run_after=None
[2025-01-22T00:33:35.317+0000] {processor.py:208} INFO - Processing /home/airflow/.local/lib/python3.12/site-packages/airflow/example_dags/example_dag_decorator.py took 0.199 seconds
[2025-01-22T00:34:05.456+0000] {processor.py:186} INFO - Started process (PID=4509) to work on /home/airflow/.local/lib/python3.12/site-packages/airflow/example_dags/example_dag_decorator.py
[2025-01-22T00:34:05.457+0000] {processor.py:914} INFO - Processing file /home/airflow/.local/lib/python3.12/site-packages/airflow/example_dags/example_dag_decorator.py for tasks to queue
[2025-01-22T00:34:05.460+0000] {logging_mixin.py:190} INFO - [2025-01-22T00:34:05.460+0000] {dagbag.py:588} INFO - Filling up the DagBag from /home/airflow/.local/lib/python3.12/site-packages/airflow/example_dags/example_dag_decorator.py
[2025-01-22T00:34:05.475+0000] {processor.py:925} INFO - DAG(s) 'example_dag_decorator' retrieved from /home/airflow/.local/lib/python3.12/site-packages/airflow/example_dags/example_dag_decorator.py
[2025-01-22T00:34:05.621+0000] {logging_mixin.py:190} INFO - [2025-01-22T00:34:05.620+0000] {dag.py:3239} INFO - Sync 1 DAGs
[2025-01-22T00:34:05.639+0000] {logging_mixin.py:190} INFO - [2025-01-22T00:34:05.639+0000] {dag.py:4180} INFO - Setting next_dagrun for example_dag_decorator to None, run_after=None
[2025-01-22T00:34:05.665+0000] {processor.py:208} INFO - Processing /home/airflow/.local/lib/python3.12/site-packages/airflow/example_dags/example_dag_decorator.py took 0.216 seconds
[2025-01-22T00:34:35.871+0000] {processor.py:186} INFO - Started process (PID=4572) to work on /home/airflow/.local/lib/python3.12/site-packages/airflow/example_dags/example_dag_decorator.py
[2025-01-22T00:34:35.872+0000] {processor.py:914} INFO - Processing file /home/airflow/.local/lib/python3.12/site-packages/airflow/example_dags/example_dag_decorator.py for tasks to queue
[2025-01-22T00:34:35.878+0000] {logging_mixin.py:190} INFO - [2025-01-22T00:34:35.874+0000] {dagbag.py:588} INFO - Filling up the DagBag from /home/airflow/.local/lib/python3.12/site-packages/airflow/example_dags/example_dag_decorator.py
[2025-01-22T00:34:35.898+0000] {processor.py:925} INFO - DAG(s) 'example_dag_decorator' retrieved from /home/airflow/.local/lib/python3.12/site-packages/airflow/example_dags/example_dag_decorator.py
[2025-01-22T00:34:36.011+0000] {logging_mixin.py:190} INFO - [2025-01-22T00:34:36.011+0000] {dag.py:3239} INFO - Sync 1 DAGs
[2025-01-22T00:34:36.022+0000] {logging_mixin.py:190} INFO - [2025-01-22T00:34:36.022+0000] {dag.py:4180} INFO - Setting next_dagrun for example_dag_decorator to None, run_after=None
[2025-01-22T00:34:36.040+0000] {processor.py:208} INFO - Processing /home/airflow/.local/lib/python3.12/site-packages/airflow/example_dags/example_dag_decorator.py took 0.175 seconds
[2025-01-22T00:35:06.156+0000] {processor.py:186} INFO - Started process (PID=4635) to work on /home/airflow/.local/lib/python3.12/site-packages/airflow/example_dags/example_dag_decorator.py
[2025-01-22T00:35:06.157+0000] {processor.py:914} INFO - Processing file /home/airflow/.local/lib/python3.12/site-packages/airflow/example_dags/example_dag_decorator.py for tasks to queue
[2025-01-22T00:35:06.160+0000] {logging_mixin.py:190} INFO - [2025-01-22T00:35:06.159+0000] {dagbag.py:588} INFO - Filling up the DagBag from /home/airflow/.local/lib/python3.12/site-packages/airflow/example_dags/example_dag_decorator.py
[2025-01-22T00:35:06.174+0000] {processor.py:925} INFO - DAG(s) 'example_dag_decorator' retrieved from /home/airflow/.local/lib/python3.12/site-packages/airflow/example_dags/example_dag_decorator.py
[2025-01-22T00:35:06.302+0000] {logging_mixin.py:190} INFO - [2025-01-22T00:35:06.302+0000] {dag.py:3239} INFO - Sync 1 DAGs
[2025-01-22T00:35:06.314+0000] {logging_mixin.py:190} INFO - [2025-01-22T00:35:06.313+0000] {dag.py:4180} INFO - Setting next_dagrun for example_dag_decorator to None, run_after=None
[2025-01-22T00:35:06.333+0000] {processor.py:208} INFO - Processing /home/airflow/.local/lib/python3.12/site-packages/airflow/example_dags/example_dag_decorator.py took 0.184 seconds
[2025-01-22T00:35:36.566+0000] {processor.py:186} INFO - Started process (PID=4698) to work on /home/airflow/.local/lib/python3.12/site-packages/airflow/example_dags/example_dag_decorator.py
[2025-01-22T00:35:36.567+0000] {processor.py:914} INFO - Processing file /home/airflow/.local/lib/python3.12/site-packages/airflow/example_dags/example_dag_decorator.py for tasks to queue
[2025-01-22T00:35:36.571+0000] {logging_mixin.py:190} INFO - [2025-01-22T00:35:36.571+0000] {dagbag.py:588} INFO - Filling up the DagBag from /home/airflow/.local/lib/python3.12/site-packages/airflow/example_dags/example_dag_decorator.py
[2025-01-22T00:35:36.593+0000] {processor.py:925} INFO - DAG(s) 'example_dag_decorator' retrieved from /home/airflow/.local/lib/python3.12/site-packages/airflow/example_dags/example_dag_decorator.py
[2025-01-22T00:35:36.788+0000] {logging_mixin.py:190} INFO - [2025-01-22T00:35:36.788+0000] {dag.py:3239} INFO - Sync 1 DAGs
[2025-01-22T00:35:36.813+0000] {logging_mixin.py:190} INFO - [2025-01-22T00:35:36.813+0000] {dag.py:4180} INFO - Setting next_dagrun for example_dag_decorator to None, run_after=None
[2025-01-22T00:35:36.835+0000] {processor.py:208} INFO - Processing /home/airflow/.local/lib/python3.12/site-packages/airflow/example_dags/example_dag_decorator.py took 0.276 seconds
[2025-01-22T00:36:06.890+0000] {processor.py:186} INFO - Started process (PID=4761) to work on /home/airflow/.local/lib/python3.12/site-packages/airflow/example_dags/example_dag_decorator.py
[2025-01-22T00:36:06.892+0000] {processor.py:914} INFO - Processing file /home/airflow/.local/lib/python3.12/site-packages/airflow/example_dags/example_dag_decorator.py for tasks to queue
[2025-01-22T00:36:06.896+0000] {logging_mixin.py:190} INFO - [2025-01-22T00:36:06.895+0000] {dagbag.py:588} INFO - Filling up the DagBag from /home/airflow/.local/lib/python3.12/site-packages/airflow/example_dags/example_dag_decorator.py
[2025-01-22T00:36:06.912+0000] {processor.py:925} INFO - DAG(s) 'example_dag_decorator' retrieved from /home/airflow/.local/lib/python3.12/site-packages/airflow/example_dags/example_dag_decorator.py
[2025-01-22T00:36:07.033+0000] {logging_mixin.py:190} INFO - [2025-01-22T00:36:07.033+0000] {dag.py:3239} INFO - Sync 1 DAGs
[2025-01-22T00:36:07.046+0000] {logging_mixin.py:190} INFO - [2025-01-22T00:36:07.046+0000] {dag.py:4180} INFO - Setting next_dagrun for example_dag_decorator to None, run_after=None
[2025-01-22T00:36:07.066+0000] {processor.py:208} INFO - Processing /home/airflow/.local/lib/python3.12/site-packages/airflow/example_dags/example_dag_decorator.py took 0.183 seconds
[2025-01-22T00:36:38.062+0000] {processor.py:186} INFO - Started process (PID=4823) to work on /home/airflow/.local/lib/python3.12/site-packages/airflow/example_dags/example_dag_decorator.py
[2025-01-22T00:36:38.064+0000] {processor.py:914} INFO - Processing file /home/airflow/.local/lib/python3.12/site-packages/airflow/example_dags/example_dag_decorator.py for tasks to queue
[2025-01-22T00:36:38.079+0000] {logging_mixin.py:190} INFO - [2025-01-22T00:36:38.079+0000] {dagbag.py:588} INFO - Filling up the DagBag from /home/airflow/.local/lib/python3.12/site-packages/airflow/example_dags/example_dag_decorator.py
[2025-01-22T00:36:38.113+0000] {processor.py:925} INFO - DAG(s) 'example_dag_decorator' retrieved from /home/airflow/.local/lib/python3.12/site-packages/airflow/example_dags/example_dag_decorator.py
[2025-01-22T00:36:38.346+0000] {logging_mixin.py:190} INFO - [2025-01-22T00:36:38.345+0000] {dag.py:3239} INFO - Sync 1 DAGs
[2025-01-22T00:36:38.365+0000] {logging_mixin.py:190} INFO - [2025-01-22T00:36:38.365+0000] {dag.py:4180} INFO - Setting next_dagrun for example_dag_decorator to None, run_after=None
[2025-01-22T00:36:38.393+0000] {processor.py:208} INFO - Processing /home/airflow/.local/lib/python3.12/site-packages/airflow/example_dags/example_dag_decorator.py took 0.338 seconds
[2025-01-22T00:37:08.846+0000] {processor.py:186} INFO - Started process (PID=4886) to work on /home/airflow/.local/lib/python3.12/site-packages/airflow/example_dags/example_dag_decorator.py
[2025-01-22T00:37:08.847+0000] {processor.py:914} INFO - Processing file /home/airflow/.local/lib/python3.12/site-packages/airflow/example_dags/example_dag_decorator.py for tasks to queue
[2025-01-22T00:37:08.850+0000] {logging_mixin.py:190} INFO - [2025-01-22T00:37:08.850+0000] {dagbag.py:588} INFO - Filling up the DagBag from /home/airflow/.local/lib/python3.12/site-packages/airflow/example_dags/example_dag_decorator.py
[2025-01-22T00:37:08.862+0000] {processor.py:925} INFO - DAG(s) 'example_dag_decorator' retrieved from /home/airflow/.local/lib/python3.12/site-packages/airflow/example_dags/example_dag_decorator.py
[2025-01-22T00:37:08.992+0000] {logging_mixin.py:190} INFO - [2025-01-22T00:37:08.992+0000] {dag.py:3239} INFO - Sync 1 DAGs
[2025-01-22T00:37:09.008+0000] {logging_mixin.py:190} INFO - [2025-01-22T00:37:09.008+0000] {dag.py:4180} INFO - Setting next_dagrun for example_dag_decorator to None, run_after=None
[2025-01-22T00:37:09.031+0000] {processor.py:208} INFO - Processing /home/airflow/.local/lib/python3.12/site-packages/airflow/example_dags/example_dag_decorator.py took 0.192 seconds
[2025-01-22T00:37:39.920+0000] {processor.py:186} INFO - Started process (PID=4950) to work on /home/airflow/.local/lib/python3.12/site-packages/airflow/example_dags/example_dag_decorator.py
[2025-01-22T00:37:39.921+0000] {processor.py:914} INFO - Processing file /home/airflow/.local/lib/python3.12/site-packages/airflow/example_dags/example_dag_decorator.py for tasks to queue
[2025-01-22T00:37:39.925+0000] {logging_mixin.py:190} INFO - [2025-01-22T00:37:39.924+0000] {dagbag.py:588} INFO - Filling up the DagBag from /home/airflow/.local/lib/python3.12/site-packages/airflow/example_dags/example_dag_decorator.py
[2025-01-22T00:37:39.944+0000] {processor.py:925} INFO - DAG(s) 'example_dag_decorator' retrieved from /home/airflow/.local/lib/python3.12/site-packages/airflow/example_dags/example_dag_decorator.py
[2025-01-22T00:37:40.082+0000] {logging_mixin.py:190} INFO - [2025-01-22T00:37:40.082+0000] {dag.py:3239} INFO - Sync 1 DAGs
[2025-01-22T00:37:40.098+0000] {logging_mixin.py:190} INFO - [2025-01-22T00:37:40.098+0000] {dag.py:4180} INFO - Setting next_dagrun for example_dag_decorator to None, run_after=None
[2025-01-22T00:37:40.121+0000] {processor.py:208} INFO - Processing /home/airflow/.local/lib/python3.12/site-packages/airflow/example_dags/example_dag_decorator.py took 0.210 seconds
[2025-01-22T00:38:10.794+0000] {processor.py:186} INFO - Started process (PID=5012) to work on /home/airflow/.local/lib/python3.12/site-packages/airflow/example_dags/example_dag_decorator.py
[2025-01-22T00:38:10.796+0000] {processor.py:914} INFO - Processing file /home/airflow/.local/lib/python3.12/site-packages/airflow/example_dags/example_dag_decorator.py for tasks to queue
[2025-01-22T00:38:10.799+0000] {logging_mixin.py:190} INFO - [2025-01-22T00:38:10.799+0000] {dagbag.py:588} INFO - Filling up the DagBag from /home/airflow/.local/lib/python3.12/site-packages/airflow/example_dags/example_dag_decorator.py
[2025-01-22T00:38:10.821+0000] {processor.py:925} INFO - DAG(s) 'example_dag_decorator' retrieved from /home/airflow/.local/lib/python3.12/site-packages/airflow/example_dags/example_dag_decorator.py
[2025-01-22T00:38:10.853+0000] {logging_mixin.py:190} INFO - [2025-01-22T00:38:10.853+0000] {dag.py:3239} INFO - Sync 1 DAGs
[2025-01-22T00:38:10.882+0000] {logging_mixin.py:190} INFO - [2025-01-22T00:38:10.882+0000] {dag.py:4180} INFO - Setting next_dagrun for example_dag_decorator to None, run_after=None
[2025-01-22T00:38:10.920+0000] {processor.py:208} INFO - Processing /home/airflow/.local/lib/python3.12/site-packages/airflow/example_dags/example_dag_decorator.py took 0.132 seconds
[2025-01-22T00:38:41.109+0000] {processor.py:186} INFO - Started process (PID=5074) to work on /home/airflow/.local/lib/python3.12/site-packages/airflow/example_dags/example_dag_decorator.py
[2025-01-22T00:38:41.111+0000] {processor.py:914} INFO - Processing file /home/airflow/.local/lib/python3.12/site-packages/airflow/example_dags/example_dag_decorator.py for tasks to queue
[2025-01-22T00:38:41.114+0000] {logging_mixin.py:190} INFO - [2025-01-22T00:38:41.114+0000] {dagbag.py:588} INFO - Filling up the DagBag from /home/airflow/.local/lib/python3.12/site-packages/airflow/example_dags/example_dag_decorator.py
[2025-01-22T00:38:41.130+0000] {processor.py:925} INFO - DAG(s) 'example_dag_decorator' retrieved from /home/airflow/.local/lib/python3.12/site-packages/airflow/example_dags/example_dag_decorator.py
[2025-01-22T00:38:41.377+0000] {logging_mixin.py:190} INFO - [2025-01-22T00:38:41.376+0000] {dag.py:3239} INFO - Sync 1 DAGs
[2025-01-22T00:38:41.394+0000] {logging_mixin.py:190} INFO - [2025-01-22T00:38:41.394+0000] {dag.py:4180} INFO - Setting next_dagrun for example_dag_decorator to None, run_after=None
[2025-01-22T00:38:41.438+0000] {processor.py:208} INFO - Processing /home/airflow/.local/lib/python3.12/site-packages/airflow/example_dags/example_dag_decorator.py took 0.334 seconds
[2025-01-22T00:39:12.289+0000] {processor.py:186} INFO - Started process (PID=5137) to work on /home/airflow/.local/lib/python3.12/site-packages/airflow/example_dags/example_dag_decorator.py
[2025-01-22T00:39:12.290+0000] {processor.py:914} INFO - Processing file /home/airflow/.local/lib/python3.12/site-packages/airflow/example_dags/example_dag_decorator.py for tasks to queue
[2025-01-22T00:39:12.294+0000] {logging_mixin.py:190} INFO - [2025-01-22T00:39:12.293+0000] {dagbag.py:588} INFO - Filling up the DagBag from /home/airflow/.local/lib/python3.12/site-packages/airflow/example_dags/example_dag_decorator.py
[2025-01-22T00:39:12.305+0000] {processor.py:925} INFO - DAG(s) 'example_dag_decorator' retrieved from /home/airflow/.local/lib/python3.12/site-packages/airflow/example_dags/example_dag_decorator.py
[2025-01-22T00:39:12.331+0000] {logging_mixin.py:190} INFO - [2025-01-22T00:39:12.331+0000] {dag.py:3239} INFO - Sync 1 DAGs
[2025-01-22T00:39:12.346+0000] {logging_mixin.py:190} INFO - [2025-01-22T00:39:12.345+0000] {dag.py:4180} INFO - Setting next_dagrun for example_dag_decorator to None, run_after=None
[2025-01-22T00:39:12.393+0000] {processor.py:208} INFO - Processing /home/airflow/.local/lib/python3.12/site-packages/airflow/example_dags/example_dag_decorator.py took 0.114 seconds
[2025-01-22T00:39:42.853+0000] {processor.py:186} INFO - Started process (PID=5201) to work on /home/airflow/.local/lib/python3.12/site-packages/airflow/example_dags/example_dag_decorator.py
[2025-01-22T00:39:42.854+0000] {processor.py:914} INFO - Processing file /home/airflow/.local/lib/python3.12/site-packages/airflow/example_dags/example_dag_decorator.py for tasks to queue
[2025-01-22T00:39:42.858+0000] {logging_mixin.py:190} INFO - [2025-01-22T00:39:42.857+0000] {dagbag.py:588} INFO - Filling up the DagBag from /home/airflow/.local/lib/python3.12/site-packages/airflow/example_dags/example_dag_decorator.py
[2025-01-22T00:39:42.872+0000] {processor.py:925} INFO - DAG(s) 'example_dag_decorator' retrieved from /home/airflow/.local/lib/python3.12/site-packages/airflow/example_dags/example_dag_decorator.py
[2025-01-22T00:39:43.094+0000] {logging_mixin.py:190} INFO - [2025-01-22T00:39:43.094+0000] {dag.py:3239} INFO - Sync 1 DAGs
[2025-01-22T00:39:43.124+0000] {logging_mixin.py:190} INFO - [2025-01-22T00:39:43.124+0000] {dag.py:4180} INFO - Setting next_dagrun for example_dag_decorator to None, run_after=None
[2025-01-22T00:39:43.152+0000] {processor.py:208} INFO - Processing /home/airflow/.local/lib/python3.12/site-packages/airflow/example_dags/example_dag_decorator.py took 0.306 seconds
[2025-01-22T00:40:13.264+0000] {processor.py:186} INFO - Started process (PID=5265) to work on /home/airflow/.local/lib/python3.12/site-packages/airflow/example_dags/example_dag_decorator.py
[2025-01-22T00:40:13.265+0000] {processor.py:914} INFO - Processing file /home/airflow/.local/lib/python3.12/site-packages/airflow/example_dags/example_dag_decorator.py for tasks to queue
[2025-01-22T00:40:13.268+0000] {logging_mixin.py:190} INFO - [2025-01-22T00:40:13.268+0000] {dagbag.py:588} INFO - Filling up the DagBag from /home/airflow/.local/lib/python3.12/site-packages/airflow/example_dags/example_dag_decorator.py
[2025-01-22T00:40:13.284+0000] {processor.py:925} INFO - DAG(s) 'example_dag_decorator' retrieved from /home/airflow/.local/lib/python3.12/site-packages/airflow/example_dags/example_dag_decorator.py
[2025-01-22T00:40:13.442+0000] {logging_mixin.py:190} INFO - [2025-01-22T00:40:13.442+0000] {dag.py:3239} INFO - Sync 1 DAGs
[2025-01-22T00:40:13.457+0000] {logging_mixin.py:190} INFO - [2025-01-22T00:40:13.457+0000] {dag.py:4180} INFO - Setting next_dagrun for example_dag_decorator to None, run_after=None
[2025-01-22T00:40:13.479+0000] {processor.py:208} INFO - Processing /home/airflow/.local/lib/python3.12/site-packages/airflow/example_dags/example_dag_decorator.py took 0.223 seconds
[2025-01-22T00:40:43.579+0000] {processor.py:186} INFO - Started process (PID=5328) to work on /home/airflow/.local/lib/python3.12/site-packages/airflow/example_dags/example_dag_decorator.py
[2025-01-22T00:40:43.581+0000] {processor.py:914} INFO - Processing file /home/airflow/.local/lib/python3.12/site-packages/airflow/example_dags/example_dag_decorator.py for tasks to queue
[2025-01-22T00:40:43.585+0000] {logging_mixin.py:190} INFO - [2025-01-22T00:40:43.585+0000] {dagbag.py:588} INFO - Filling up the DagBag from /home/airflow/.local/lib/python3.12/site-packages/airflow/example_dags/example_dag_decorator.py
[2025-01-22T00:40:43.608+0000] {processor.py:925} INFO - DAG(s) 'example_dag_decorator' retrieved from /home/airflow/.local/lib/python3.12/site-packages/airflow/example_dags/example_dag_decorator.py
[2025-01-22T00:40:43.819+0000] {logging_mixin.py:190} INFO - [2025-01-22T00:40:43.818+0000] {dag.py:3239} INFO - Sync 1 DAGs
[2025-01-22T00:40:43.838+0000] {logging_mixin.py:190} INFO - [2025-01-22T00:40:43.837+0000] {dag.py:4180} INFO - Setting next_dagrun for example_dag_decorator to None, run_after=None
[2025-01-22T00:40:43.869+0000] {processor.py:208} INFO - Processing /home/airflow/.local/lib/python3.12/site-packages/airflow/example_dags/example_dag_decorator.py took 0.303 seconds
[2025-01-22T00:41:14.249+0000] {processor.py:186} INFO - Started process (PID=5390) to work on /home/airflow/.local/lib/python3.12/site-packages/airflow/example_dags/example_dag_decorator.py
[2025-01-22T00:41:14.250+0000] {processor.py:914} INFO - Processing file /home/airflow/.local/lib/python3.12/site-packages/airflow/example_dags/example_dag_decorator.py for tasks to queue
[2025-01-22T00:41:14.253+0000] {logging_mixin.py:190} INFO - [2025-01-22T00:41:14.253+0000] {dagbag.py:588} INFO - Filling up the DagBag from /home/airflow/.local/lib/python3.12/site-packages/airflow/example_dags/example_dag_decorator.py
[2025-01-22T00:41:14.272+0000] {processor.py:925} INFO - DAG(s) 'example_dag_decorator' retrieved from /home/airflow/.local/lib/python3.12/site-packages/airflow/example_dags/example_dag_decorator.py
[2025-01-22T00:41:14.431+0000] {logging_mixin.py:190} INFO - [2025-01-22T00:41:14.431+0000] {dag.py:3239} INFO - Sync 1 DAGs
[2025-01-22T00:41:14.447+0000] {logging_mixin.py:190} INFO - [2025-01-22T00:41:14.447+0000] {dag.py:4180} INFO - Setting next_dagrun for example_dag_decorator to None, run_after=None
[2025-01-22T00:41:14.474+0000] {processor.py:208} INFO - Processing /home/airflow/.local/lib/python3.12/site-packages/airflow/example_dags/example_dag_decorator.py took 0.233 seconds
[2025-01-22T00:41:44.729+0000] {processor.py:186} INFO - Started process (PID=5453) to work on /home/airflow/.local/lib/python3.12/site-packages/airflow/example_dags/example_dag_decorator.py
[2025-01-22T00:41:44.730+0000] {processor.py:914} INFO - Processing file /home/airflow/.local/lib/python3.12/site-packages/airflow/example_dags/example_dag_decorator.py for tasks to queue
[2025-01-22T00:41:44.733+0000] {logging_mixin.py:190} INFO - [2025-01-22T00:41:44.732+0000] {dagbag.py:588} INFO - Filling up the DagBag from /home/airflow/.local/lib/python3.12/site-packages/airflow/example_dags/example_dag_decorator.py
[2025-01-22T00:41:44.746+0000] {processor.py:925} INFO - DAG(s) 'example_dag_decorator' retrieved from /home/airflow/.local/lib/python3.12/site-packages/airflow/example_dags/example_dag_decorator.py
[2025-01-22T00:41:44.873+0000] {logging_mixin.py:190} INFO - [2025-01-22T00:41:44.873+0000] {dag.py:3239} INFO - Sync 1 DAGs
[2025-01-22T00:41:44.886+0000] {logging_mixin.py:190} INFO - [2025-01-22T00:41:44.886+0000] {dag.py:4180} INFO - Setting next_dagrun for example_dag_decorator to None, run_after=None
[2025-01-22T00:41:44.913+0000] {processor.py:208} INFO - Processing /home/airflow/.local/lib/python3.12/site-packages/airflow/example_dags/example_dag_decorator.py took 0.189 seconds
[2025-01-22T00:42:15.553+0000] {processor.py:186} INFO - Started process (PID=5515) to work on /home/airflow/.local/lib/python3.12/site-packages/airflow/example_dags/example_dag_decorator.py
[2025-01-22T00:42:15.554+0000] {processor.py:914} INFO - Processing file /home/airflow/.local/lib/python3.12/site-packages/airflow/example_dags/example_dag_decorator.py for tasks to queue
[2025-01-22T00:42:15.556+0000] {logging_mixin.py:190} INFO - [2025-01-22T00:42:15.556+0000] {dagbag.py:588} INFO - Filling up the DagBag from /home/airflow/.local/lib/python3.12/site-packages/airflow/example_dags/example_dag_decorator.py
[2025-01-22T00:42:15.568+0000] {processor.py:925} INFO - DAG(s) 'example_dag_decorator' retrieved from /home/airflow/.local/lib/python3.12/site-packages/airflow/example_dags/example_dag_decorator.py
[2025-01-22T00:42:15.589+0000] {logging_mixin.py:190} INFO - [2025-01-22T00:42:15.589+0000] {dag.py:3239} INFO - Sync 1 DAGs
[2025-01-22T00:42:15.608+0000] {logging_mixin.py:190} INFO - [2025-01-22T00:42:15.608+0000] {dag.py:4180} INFO - Setting next_dagrun for example_dag_decorator to None, run_after=None
[2025-01-22T00:42:15.631+0000] {processor.py:208} INFO - Processing /home/airflow/.local/lib/python3.12/site-packages/airflow/example_dags/example_dag_decorator.py took 0.084 seconds
[2025-01-22T00:42:46.134+0000] {processor.py:186} INFO - Started process (PID=5577) to work on /home/airflow/.local/lib/python3.12/site-packages/airflow/example_dags/example_dag_decorator.py
[2025-01-22T00:42:46.135+0000] {processor.py:914} INFO - Processing file /home/airflow/.local/lib/python3.12/site-packages/airflow/example_dags/example_dag_decorator.py for tasks to queue
[2025-01-22T00:42:46.139+0000] {logging_mixin.py:190} INFO - [2025-01-22T00:42:46.138+0000] {dagbag.py:588} INFO - Filling up the DagBag from /home/airflow/.local/lib/python3.12/site-packages/airflow/example_dags/example_dag_decorator.py
[2025-01-22T00:42:46.150+0000] {processor.py:925} INFO - DAG(s) 'example_dag_decorator' retrieved from /home/airflow/.local/lib/python3.12/site-packages/airflow/example_dags/example_dag_decorator.py
[2025-01-22T00:42:46.289+0000] {logging_mixin.py:190} INFO - [2025-01-22T00:42:46.289+0000] {dag.py:3239} INFO - Sync 1 DAGs
[2025-01-22T00:42:46.306+0000] {logging_mixin.py:190} INFO - [2025-01-22T00:42:46.306+0000] {dag.py:4180} INFO - Setting next_dagrun for example_dag_decorator to None, run_after=None
[2025-01-22T00:42:46.330+0000] {processor.py:208} INFO - Processing /home/airflow/.local/lib/python3.12/site-packages/airflow/example_dags/example_dag_decorator.py took 0.202 seconds
