[2025-01-22T00:00:04.967+0000] {processor.py:186} INFO - Started process (PID=318) to work on /home/airflow/.local/lib/python3.12/site-packages/airflow/example_dags/example_task_group_decorator.py
[2025-01-22T00:00:04.969+0000] {processor.py:914} INFO - Processing file /home/airflow/.local/lib/python3.12/site-packages/airflow/example_dags/example_task_group_decorator.py for tasks to queue
[2025-01-22T00:00:04.974+0000] {logging_mixin.py:190} INFO - [2025-01-22T00:00:04.973+0000] {dagbag.py:588} INFO - Filling up the DagBag from /home/airflow/.local/lib/python3.12/site-packages/airflow/example_dags/example_task_group_decorator.py
[2025-01-22T00:00:05.011+0000] {processor.py:925} INFO - DAG(s) 'example_task_group_decorator' retrieved from /home/airflow/.local/lib/python3.12/site-packages/airflow/example_dags/example_task_group_decorator.py
[2025-01-22T00:00:05.067+0000] {logging_mixin.py:190} INFO - [2025-01-22T00:00:05.067+0000] {dag.py:3239} INFO - Sync 1 DAGs
[2025-01-22T00:00:05.088+0000] {logging_mixin.py:190} INFO - [2025-01-22T00:00:05.088+0000] {dag.py:4180} INFO - Setting next_dagrun for example_task_group_decorator to None, run_after=None
[2025-01-22T00:00:05.108+0000] {processor.py:208} INFO - Processing /home/airflow/.local/lib/python3.12/site-packages/airflow/example_dags/example_task_group_decorator.py took 0.152 seconds
[2025-01-22T00:00:36.085+0000] {processor.py:186} INFO - Started process (PID=381) to work on /home/airflow/.local/lib/python3.12/site-packages/airflow/example_dags/example_task_group_decorator.py
[2025-01-22T00:00:36.087+0000] {processor.py:914} INFO - Processing file /home/airflow/.local/lib/python3.12/site-packages/airflow/example_dags/example_task_group_decorator.py for tasks to queue
[2025-01-22T00:00:36.090+0000] {logging_mixin.py:190} INFO - [2025-01-22T00:00:36.090+0000] {dagbag.py:588} INFO - Filling up the DagBag from /home/airflow/.local/lib/python3.12/site-packages/airflow/example_dags/example_task_group_decorator.py
[2025-01-22T00:00:36.118+0000] {processor.py:925} INFO - DAG(s) 'example_task_group_decorator' retrieved from /home/airflow/.local/lib/python3.12/site-packages/airflow/example_dags/example_task_group_decorator.py
[2025-01-22T00:00:36.177+0000] {logging_mixin.py:190} INFO - [2025-01-22T00:00:36.177+0000] {dag.py:3239} INFO - Sync 1 DAGs
[2025-01-22T00:00:36.199+0000] {logging_mixin.py:190} INFO - [2025-01-22T00:00:36.198+0000] {dag.py:4180} INFO - Setting next_dagrun for example_task_group_decorator to None, run_after=None
[2025-01-22T00:00:36.224+0000] {processor.py:208} INFO - Processing /home/airflow/.local/lib/python3.12/site-packages/airflow/example_dags/example_task_group_decorator.py took 0.150 seconds
[2025-01-22T00:01:06.439+0000] {processor.py:186} INFO - Started process (PID=444) to work on /home/airflow/.local/lib/python3.12/site-packages/airflow/example_dags/example_task_group_decorator.py
[2025-01-22T00:01:06.440+0000] {processor.py:914} INFO - Processing file /home/airflow/.local/lib/python3.12/site-packages/airflow/example_dags/example_task_group_decorator.py for tasks to queue
[2025-01-22T00:01:06.443+0000] {logging_mixin.py:190} INFO - [2025-01-22T00:01:06.442+0000] {dagbag.py:588} INFO - Filling up the DagBag from /home/airflow/.local/lib/python3.12/site-packages/airflow/example_dags/example_task_group_decorator.py
[2025-01-22T00:01:06.467+0000] {processor.py:925} INFO - DAG(s) 'example_task_group_decorator' retrieved from /home/airflow/.local/lib/python3.12/site-packages/airflow/example_dags/example_task_group_decorator.py
[2025-01-22T00:01:06.499+0000] {logging_mixin.py:190} INFO - [2025-01-22T00:01:06.498+0000] {dag.py:3239} INFO - Sync 1 DAGs
[2025-01-22T00:01:06.525+0000] {logging_mixin.py:190} INFO - [2025-01-22T00:01:06.525+0000] {dag.py:4180} INFO - Setting next_dagrun for example_task_group_decorator to None, run_after=None
[2025-01-22T00:01:06.573+0000] {processor.py:208} INFO - Processing /home/airflow/.local/lib/python3.12/site-packages/airflow/example_dags/example_task_group_decorator.py took 0.142 seconds
[2025-01-22T00:01:39.107+0000] {processor.py:186} INFO - Started process (PID=507) to work on /home/airflow/.local/lib/python3.12/site-packages/airflow/example_dags/example_task_group_decorator.py
[2025-01-22T00:01:39.115+0000] {processor.py:914} INFO - Processing file /home/airflow/.local/lib/python3.12/site-packages/airflow/example_dags/example_task_group_decorator.py for tasks to queue
[2025-01-22T00:01:39.130+0000] {logging_mixin.py:190} INFO - [2025-01-22T00:01:39.130+0000] {dagbag.py:588} INFO - Filling up the DagBag from /home/airflow/.local/lib/python3.12/site-packages/airflow/example_dags/example_task_group_decorator.py
[2025-01-22T00:01:39.182+0000] {processor.py:925} INFO - DAG(s) 'example_task_group_decorator' retrieved from /home/airflow/.local/lib/python3.12/site-packages/airflow/example_dags/example_task_group_decorator.py
[2025-01-22T00:01:39.257+0000] {logging_mixin.py:190} INFO - [2025-01-22T00:01:39.257+0000] {dag.py:3239} INFO - Sync 1 DAGs
[2025-01-22T00:01:39.316+0000] {logging_mixin.py:190} INFO - [2025-01-22T00:01:39.316+0000] {dag.py:4180} INFO - Setting next_dagrun for example_task_group_decorator to None, run_after=None
[2025-01-22T00:01:39.388+0000] {processor.py:208} INFO - Processing /home/airflow/.local/lib/python3.12/site-packages/airflow/example_dags/example_task_group_decorator.py took 0.298 seconds
[2025-01-22T00:02:09.898+0000] {processor.py:186} INFO - Started process (PID=570) to work on /home/airflow/.local/lib/python3.12/site-packages/airflow/example_dags/example_task_group_decorator.py
[2025-01-22T00:02:09.899+0000] {processor.py:914} INFO - Processing file /home/airflow/.local/lib/python3.12/site-packages/airflow/example_dags/example_task_group_decorator.py for tasks to queue
[2025-01-22T00:02:09.902+0000] {logging_mixin.py:190} INFO - [2025-01-22T00:02:09.902+0000] {dagbag.py:588} INFO - Filling up the DagBag from /home/airflow/.local/lib/python3.12/site-packages/airflow/example_dags/example_task_group_decorator.py
[2025-01-22T00:02:09.919+0000] {processor.py:925} INFO - DAG(s) 'example_task_group_decorator' retrieved from /home/airflow/.local/lib/python3.12/site-packages/airflow/example_dags/example_task_group_decorator.py
[2025-01-22T00:02:09.957+0000] {logging_mixin.py:190} INFO - [2025-01-22T00:02:09.957+0000] {dag.py:3239} INFO - Sync 1 DAGs
[2025-01-22T00:02:09.974+0000] {logging_mixin.py:190} INFO - [2025-01-22T00:02:09.973+0000] {dag.py:4180} INFO - Setting next_dagrun for example_task_group_decorator to None, run_after=None
[2025-01-22T00:02:09.997+0000] {processor.py:208} INFO - Processing /home/airflow/.local/lib/python3.12/site-packages/airflow/example_dags/example_task_group_decorator.py took 0.107 seconds
[2025-01-22T00:02:42.437+0000] {processor.py:186} INFO - Started process (PID=640) to work on /home/airflow/.local/lib/python3.12/site-packages/airflow/example_dags/example_task_group_decorator.py
[2025-01-22T00:02:42.439+0000] {processor.py:914} INFO - Processing file /home/airflow/.local/lib/python3.12/site-packages/airflow/example_dags/example_task_group_decorator.py for tasks to queue
[2025-01-22T00:02:42.443+0000] {logging_mixin.py:190} INFO - [2025-01-22T00:02:42.443+0000] {dagbag.py:588} INFO - Filling up the DagBag from /home/airflow/.local/lib/python3.12/site-packages/airflow/example_dags/example_task_group_decorator.py
[2025-01-22T00:02:42.476+0000] {processor.py:925} INFO - DAG(s) 'example_task_group_decorator' retrieved from /home/airflow/.local/lib/python3.12/site-packages/airflow/example_dags/example_task_group_decorator.py
[2025-01-22T00:02:42.540+0000] {logging_mixin.py:190} INFO - [2025-01-22T00:02:42.540+0000] {dag.py:3239} INFO - Sync 1 DAGs
[2025-01-22T00:02:42.573+0000] {logging_mixin.py:190} INFO - [2025-01-22T00:02:42.573+0000] {dag.py:4180} INFO - Setting next_dagrun for example_task_group_decorator to None, run_after=None
[2025-01-22T00:02:42.605+0000] {processor.py:208} INFO - Processing /home/airflow/.local/lib/python3.12/site-packages/airflow/example_dags/example_task_group_decorator.py took 0.177 seconds
[2025-01-22T00:03:14.436+0000] {processor.py:186} INFO - Started process (PID=704) to work on /home/airflow/.local/lib/python3.12/site-packages/airflow/example_dags/example_task_group_decorator.py
[2025-01-22T00:03:14.438+0000] {processor.py:914} INFO - Processing file /home/airflow/.local/lib/python3.12/site-packages/airflow/example_dags/example_task_group_decorator.py for tasks to queue
[2025-01-22T00:03:14.440+0000] {logging_mixin.py:190} INFO - [2025-01-22T00:03:14.440+0000] {dagbag.py:588} INFO - Filling up the DagBag from /home/airflow/.local/lib/python3.12/site-packages/airflow/example_dags/example_task_group_decorator.py
[2025-01-22T00:03:14.465+0000] {processor.py:925} INFO - DAG(s) 'example_task_group_decorator' retrieved from /home/airflow/.local/lib/python3.12/site-packages/airflow/example_dags/example_task_group_decorator.py
[2025-01-22T00:03:14.499+0000] {logging_mixin.py:190} INFO - [2025-01-22T00:03:14.499+0000] {dag.py:3239} INFO - Sync 1 DAGs
[2025-01-22T00:03:14.519+0000] {logging_mixin.py:190} INFO - [2025-01-22T00:03:14.518+0000] {dag.py:4180} INFO - Setting next_dagrun for example_task_group_decorator to None, run_after=None
[2025-01-22T00:03:14.547+0000] {processor.py:208} INFO - Processing /home/airflow/.local/lib/python3.12/site-packages/airflow/example_dags/example_task_group_decorator.py took 0.117 seconds
[2025-01-22T00:03:45.723+0000] {processor.py:186} INFO - Started process (PID=767) to work on /home/airflow/.local/lib/python3.12/site-packages/airflow/example_dags/example_task_group_decorator.py
[2025-01-22T00:03:45.724+0000] {processor.py:914} INFO - Processing file /home/airflow/.local/lib/python3.12/site-packages/airflow/example_dags/example_task_group_decorator.py for tasks to queue
[2025-01-22T00:03:45.726+0000] {logging_mixin.py:190} INFO - [2025-01-22T00:03:45.726+0000] {dagbag.py:588} INFO - Filling up the DagBag from /home/airflow/.local/lib/python3.12/site-packages/airflow/example_dags/example_task_group_decorator.py
[2025-01-22T00:03:45.744+0000] {processor.py:925} INFO - DAG(s) 'example_task_group_decorator' retrieved from /home/airflow/.local/lib/python3.12/site-packages/airflow/example_dags/example_task_group_decorator.py
[2025-01-22T00:03:45.768+0000] {logging_mixin.py:190} INFO - [2025-01-22T00:03:45.768+0000] {dag.py:3239} INFO - Sync 1 DAGs
[2025-01-22T00:03:45.783+0000] {logging_mixin.py:190} INFO - [2025-01-22T00:03:45.783+0000] {dag.py:4180} INFO - Setting next_dagrun for example_task_group_decorator to None, run_after=None
[2025-01-22T00:03:45.804+0000] {processor.py:208} INFO - Processing /home/airflow/.local/lib/python3.12/site-packages/airflow/example_dags/example_task_group_decorator.py took 0.089 seconds
[2025-01-22T00:04:17.430+0000] {processor.py:186} INFO - Started process (PID=831) to work on /home/airflow/.local/lib/python3.12/site-packages/airflow/example_dags/example_task_group_decorator.py
[2025-01-22T00:04:17.431+0000] {processor.py:914} INFO - Processing file /home/airflow/.local/lib/python3.12/site-packages/airflow/example_dags/example_task_group_decorator.py for tasks to queue
[2025-01-22T00:04:17.433+0000] {logging_mixin.py:190} INFO - [2025-01-22T00:04:17.433+0000] {dagbag.py:588} INFO - Filling up the DagBag from /home/airflow/.local/lib/python3.12/site-packages/airflow/example_dags/example_task_group_decorator.py
[2025-01-22T00:04:17.454+0000] {processor.py:925} INFO - DAG(s) 'example_task_group_decorator' retrieved from /home/airflow/.local/lib/python3.12/site-packages/airflow/example_dags/example_task_group_decorator.py
[2025-01-22T00:04:17.494+0000] {logging_mixin.py:190} INFO - [2025-01-22T00:04:17.494+0000] {dag.py:3239} INFO - Sync 1 DAGs
[2025-01-22T00:04:17.511+0000] {logging_mixin.py:190} INFO - [2025-01-22T00:04:17.511+0000] {dag.py:4180} INFO - Setting next_dagrun for example_task_group_decorator to None, run_after=None
[2025-01-22T00:04:17.534+0000] {processor.py:208} INFO - Processing /home/airflow/.local/lib/python3.12/site-packages/airflow/example_dags/example_task_group_decorator.py took 0.111 seconds
[2025-01-22T00:04:48.803+0000] {processor.py:186} INFO - Started process (PID=894) to work on /home/airflow/.local/lib/python3.12/site-packages/airflow/example_dags/example_task_group_decorator.py
[2025-01-22T00:04:48.810+0000] {processor.py:914} INFO - Processing file /home/airflow/.local/lib/python3.12/site-packages/airflow/example_dags/example_task_group_decorator.py for tasks to queue
[2025-01-22T00:04:48.814+0000] {logging_mixin.py:190} INFO - [2025-01-22T00:04:48.813+0000] {dagbag.py:588} INFO - Filling up the DagBag from /home/airflow/.local/lib/python3.12/site-packages/airflow/example_dags/example_task_group_decorator.py
[2025-01-22T00:04:48.849+0000] {processor.py:925} INFO - DAG(s) 'example_task_group_decorator' retrieved from /home/airflow/.local/lib/python3.12/site-packages/airflow/example_dags/example_task_group_decorator.py
[2025-01-22T00:04:48.909+0000] {logging_mixin.py:190} INFO - [2025-01-22T00:04:48.908+0000] {dag.py:3239} INFO - Sync 1 DAGs
[2025-01-22T00:04:48.940+0000] {logging_mixin.py:190} INFO - [2025-01-22T00:04:48.940+0000] {dag.py:4180} INFO - Setting next_dagrun for example_task_group_decorator to None, run_after=None
[2025-01-22T00:04:48.976+0000] {processor.py:208} INFO - Processing /home/airflow/.local/lib/python3.12/site-packages/airflow/example_dags/example_task_group_decorator.py took 0.183 seconds
[2025-01-22T00:05:20.326+0000] {processor.py:186} INFO - Started process (PID=958) to work on /home/airflow/.local/lib/python3.12/site-packages/airflow/example_dags/example_task_group_decorator.py
[2025-01-22T00:05:20.327+0000] {processor.py:914} INFO - Processing file /home/airflow/.local/lib/python3.12/site-packages/airflow/example_dags/example_task_group_decorator.py for tasks to queue
[2025-01-22T00:05:20.330+0000] {logging_mixin.py:190} INFO - [2025-01-22T00:05:20.329+0000] {dagbag.py:588} INFO - Filling up the DagBag from /home/airflow/.local/lib/python3.12/site-packages/airflow/example_dags/example_task_group_decorator.py
[2025-01-22T00:05:20.352+0000] {processor.py:925} INFO - DAG(s) 'example_task_group_decorator' retrieved from /home/airflow/.local/lib/python3.12/site-packages/airflow/example_dags/example_task_group_decorator.py
[2025-01-22T00:05:20.380+0000] {logging_mixin.py:190} INFO - [2025-01-22T00:05:20.380+0000] {dag.py:3239} INFO - Sync 1 DAGs
[2025-01-22T00:05:20.398+0000] {logging_mixin.py:190} INFO - [2025-01-22T00:05:20.398+0000] {dag.py:4180} INFO - Setting next_dagrun for example_task_group_decorator to None, run_after=None
[2025-01-22T00:05:20.421+0000] {processor.py:208} INFO - Processing /home/airflow/.local/lib/python3.12/site-packages/airflow/example_dags/example_task_group_decorator.py took 0.103 seconds
[2025-01-22T00:05:54.871+0000] {processor.py:186} INFO - Started process (PID=1024) to work on /home/airflow/.local/lib/python3.12/site-packages/airflow/example_dags/example_task_group_decorator.py
[2025-01-22T00:05:54.874+0000] {processor.py:914} INFO - Processing file /home/airflow/.local/lib/python3.12/site-packages/airflow/example_dags/example_task_group_decorator.py for tasks to queue
[2025-01-22T00:05:54.885+0000] {logging_mixin.py:190} INFO - [2025-01-22T00:05:54.884+0000] {dagbag.py:588} INFO - Filling up the DagBag from /home/airflow/.local/lib/python3.12/site-packages/airflow/example_dags/example_task_group_decorator.py
[2025-01-22T00:05:54.948+0000] {processor.py:925} INFO - DAG(s) 'example_task_group_decorator' retrieved from /home/airflow/.local/lib/python3.12/site-packages/airflow/example_dags/example_task_group_decorator.py
[2025-01-22T00:05:55.013+0000] {logging_mixin.py:190} INFO - [2025-01-22T00:05:55.013+0000] {dag.py:3239} INFO - Sync 1 DAGs
[2025-01-22T00:05:55.071+0000] {logging_mixin.py:190} INFO - [2025-01-22T00:05:55.071+0000] {dag.py:4180} INFO - Setting next_dagrun for example_task_group_decorator to None, run_after=None
[2025-01-22T00:05:55.122+0000] {processor.py:208} INFO - Processing /home/airflow/.local/lib/python3.12/site-packages/airflow/example_dags/example_task_group_decorator.py took 0.268 seconds
[2025-01-22T00:06:25.223+0000] {processor.py:186} INFO - Started process (PID=1087) to work on /home/airflow/.local/lib/python3.12/site-packages/airflow/example_dags/example_task_group_decorator.py
[2025-01-22T00:06:25.224+0000] {processor.py:914} INFO - Processing file /home/airflow/.local/lib/python3.12/site-packages/airflow/example_dags/example_task_group_decorator.py for tasks to queue
[2025-01-22T00:06:25.226+0000] {logging_mixin.py:190} INFO - [2025-01-22T00:06:25.226+0000] {dagbag.py:588} INFO - Filling up the DagBag from /home/airflow/.local/lib/python3.12/site-packages/airflow/example_dags/example_task_group_decorator.py
[2025-01-22T00:06:25.244+0000] {processor.py:925} INFO - DAG(s) 'example_task_group_decorator' retrieved from /home/airflow/.local/lib/python3.12/site-packages/airflow/example_dags/example_task_group_decorator.py
[2025-01-22T00:06:25.306+0000] {logging_mixin.py:190} INFO - [2025-01-22T00:06:25.306+0000] {dag.py:3239} INFO - Sync 1 DAGs
[2025-01-22T00:06:25.379+0000] {logging_mixin.py:190} INFO - [2025-01-22T00:06:25.379+0000] {dag.py:4180} INFO - Setting next_dagrun for example_task_group_decorator to None, run_after=None
[2025-01-22T00:06:25.457+0000] {processor.py:208} INFO - Processing /home/airflow/.local/lib/python3.12/site-packages/airflow/example_dags/example_task_group_decorator.py took 0.231 seconds
[2025-01-22T00:06:56.365+0000] {processor.py:186} INFO - Started process (PID=1149) to work on /home/airflow/.local/lib/python3.12/site-packages/airflow/example_dags/example_task_group_decorator.py
[2025-01-22T00:06:56.366+0000] {processor.py:914} INFO - Processing file /home/airflow/.local/lib/python3.12/site-packages/airflow/example_dags/example_task_group_decorator.py for tasks to queue
[2025-01-22T00:06:56.368+0000] {logging_mixin.py:190} INFO - [2025-01-22T00:06:56.368+0000] {dagbag.py:588} INFO - Filling up the DagBag from /home/airflow/.local/lib/python3.12/site-packages/airflow/example_dags/example_task_group_decorator.py
[2025-01-22T00:06:56.384+0000] {processor.py:925} INFO - DAG(s) 'example_task_group_decorator' retrieved from /home/airflow/.local/lib/python3.12/site-packages/airflow/example_dags/example_task_group_decorator.py
[2025-01-22T00:06:56.407+0000] {logging_mixin.py:190} INFO - [2025-01-22T00:06:56.407+0000] {dag.py:3239} INFO - Sync 1 DAGs
[2025-01-22T00:06:56.428+0000] {logging_mixin.py:190} INFO - [2025-01-22T00:06:56.428+0000] {dag.py:4180} INFO - Setting next_dagrun for example_task_group_decorator to None, run_after=None
[2025-01-22T00:06:56.449+0000] {processor.py:208} INFO - Processing /home/airflow/.local/lib/python3.12/site-packages/airflow/example_dags/example_task_group_decorator.py took 0.090 seconds
[2025-01-22T00:07:27.597+0000] {processor.py:186} INFO - Started process (PID=1212) to work on /home/airflow/.local/lib/python3.12/site-packages/airflow/example_dags/example_task_group_decorator.py
[2025-01-22T00:07:27.598+0000] {processor.py:914} INFO - Processing file /home/airflow/.local/lib/python3.12/site-packages/airflow/example_dags/example_task_group_decorator.py for tasks to queue
[2025-01-22T00:07:27.601+0000] {logging_mixin.py:190} INFO - [2025-01-22T00:07:27.601+0000] {dagbag.py:588} INFO - Filling up the DagBag from /home/airflow/.local/lib/python3.12/site-packages/airflow/example_dags/example_task_group_decorator.py
[2025-01-22T00:07:27.626+0000] {processor.py:925} INFO - DAG(s) 'example_task_group_decorator' retrieved from /home/airflow/.local/lib/python3.12/site-packages/airflow/example_dags/example_task_group_decorator.py
[2025-01-22T00:07:27.657+0000] {logging_mixin.py:190} INFO - [2025-01-22T00:07:27.656+0000] {dag.py:3239} INFO - Sync 1 DAGs
[2025-01-22T00:07:27.677+0000] {logging_mixin.py:190} INFO - [2025-01-22T00:07:27.677+0000] {dag.py:4180} INFO - Setting next_dagrun for example_task_group_decorator to None, run_after=None
[2025-01-22T00:07:27.706+0000] {processor.py:208} INFO - Processing /home/airflow/.local/lib/python3.12/site-packages/airflow/example_dags/example_task_group_decorator.py took 0.115 seconds
[2025-01-22T00:07:57.830+0000] {processor.py:186} INFO - Started process (PID=1275) to work on /home/airflow/.local/lib/python3.12/site-packages/airflow/example_dags/example_task_group_decorator.py
[2025-01-22T00:07:57.831+0000] {processor.py:914} INFO - Processing file /home/airflow/.local/lib/python3.12/site-packages/airflow/example_dags/example_task_group_decorator.py for tasks to queue
[2025-01-22T00:07:57.834+0000] {logging_mixin.py:190} INFO - [2025-01-22T00:07:57.834+0000] {dagbag.py:588} INFO - Filling up the DagBag from /home/airflow/.local/lib/python3.12/site-packages/airflow/example_dags/example_task_group_decorator.py
[2025-01-22T00:07:57.849+0000] {processor.py:925} INFO - DAG(s) 'example_task_group_decorator' retrieved from /home/airflow/.local/lib/python3.12/site-packages/airflow/example_dags/example_task_group_decorator.py
[2025-01-22T00:07:57.880+0000] {logging_mixin.py:190} INFO - [2025-01-22T00:07:57.880+0000] {dag.py:3239} INFO - Sync 1 DAGs
[2025-01-22T00:07:57.898+0000] {logging_mixin.py:190} INFO - [2025-01-22T00:07:57.898+0000] {dag.py:4180} INFO - Setting next_dagrun for example_task_group_decorator to None, run_after=None
[2025-01-22T00:07:57.919+0000] {processor.py:208} INFO - Processing /home/airflow/.local/lib/python3.12/site-packages/airflow/example_dags/example_task_group_decorator.py took 0.096 seconds
[2025-01-22T00:08:29.499+0000] {processor.py:186} INFO - Started process (PID=1339) to work on /home/airflow/.local/lib/python3.12/site-packages/airflow/example_dags/example_task_group_decorator.py
[2025-01-22T00:08:29.514+0000] {processor.py:914} INFO - Processing file /home/airflow/.local/lib/python3.12/site-packages/airflow/example_dags/example_task_group_decorator.py for tasks to queue
[2025-01-22T00:08:29.519+0000] {logging_mixin.py:190} INFO - [2025-01-22T00:08:29.519+0000] {dagbag.py:588} INFO - Filling up the DagBag from /home/airflow/.local/lib/python3.12/site-packages/airflow/example_dags/example_task_group_decorator.py
[2025-01-22T00:08:29.583+0000] {processor.py:925} INFO - DAG(s) 'example_task_group_decorator' retrieved from /home/airflow/.local/lib/python3.12/site-packages/airflow/example_dags/example_task_group_decorator.py
[2025-01-22T00:08:29.737+0000] {logging_mixin.py:190} INFO - [2025-01-22T00:08:29.737+0000] {dag.py:3239} INFO - Sync 1 DAGs
[2025-01-22T00:08:29.850+0000] {logging_mixin.py:190} INFO - [2025-01-22T00:08:29.850+0000] {dag.py:4180} INFO - Setting next_dagrun for example_task_group_decorator to None, run_after=None
[2025-01-22T00:08:29.943+0000] {processor.py:208} INFO - Processing /home/airflow/.local/lib/python3.12/site-packages/airflow/example_dags/example_task_group_decorator.py took 0.461 seconds
[2025-01-22T00:09:00.801+0000] {processor.py:186} INFO - Started process (PID=1401) to work on /home/airflow/.local/lib/python3.12/site-packages/airflow/example_dags/example_task_group_decorator.py
[2025-01-22T00:09:00.803+0000] {processor.py:914} INFO - Processing file /home/airflow/.local/lib/python3.12/site-packages/airflow/example_dags/example_task_group_decorator.py for tasks to queue
[2025-01-22T00:09:00.816+0000] {logging_mixin.py:190} INFO - [2025-01-22T00:09:00.815+0000] {dagbag.py:588} INFO - Filling up the DagBag from /home/airflow/.local/lib/python3.12/site-packages/airflow/example_dags/example_task_group_decorator.py
[2025-01-22T00:09:00.883+0000] {processor.py:925} INFO - DAG(s) 'example_task_group_decorator' retrieved from /home/airflow/.local/lib/python3.12/site-packages/airflow/example_dags/example_task_group_decorator.py
[2025-01-22T00:09:00.961+0000] {logging_mixin.py:190} INFO - [2025-01-22T00:09:00.961+0000] {dag.py:3239} INFO - Sync 1 DAGs
[2025-01-22T00:09:01.023+0000] {logging_mixin.py:190} INFO - [2025-01-22T00:09:01.022+0000] {dag.py:4180} INFO - Setting next_dagrun for example_task_group_decorator to None, run_after=None
[2025-01-22T00:09:01.086+0000] {processor.py:208} INFO - Processing /home/airflow/.local/lib/python3.12/site-packages/airflow/example_dags/example_task_group_decorator.py took 0.302 seconds
[2025-01-22T00:09:31.548+0000] {processor.py:186} INFO - Started process (PID=1464) to work on /home/airflow/.local/lib/python3.12/site-packages/airflow/example_dags/example_task_group_decorator.py
[2025-01-22T00:09:31.550+0000] {processor.py:914} INFO - Processing file /home/airflow/.local/lib/python3.12/site-packages/airflow/example_dags/example_task_group_decorator.py for tasks to queue
[2025-01-22T00:09:31.560+0000] {logging_mixin.py:190} INFO - [2025-01-22T00:09:31.559+0000] {dagbag.py:588} INFO - Filling up the DagBag from /home/airflow/.local/lib/python3.12/site-packages/airflow/example_dags/example_task_group_decorator.py
[2025-01-22T00:09:31.590+0000] {processor.py:925} INFO - DAG(s) 'example_task_group_decorator' retrieved from /home/airflow/.local/lib/python3.12/site-packages/airflow/example_dags/example_task_group_decorator.py
[2025-01-22T00:09:31.656+0000] {logging_mixin.py:190} INFO - [2025-01-22T00:09:31.656+0000] {dag.py:3239} INFO - Sync 1 DAGs
[2025-01-22T00:09:31.692+0000] {logging_mixin.py:190} INFO - [2025-01-22T00:09:31.691+0000] {dag.py:4180} INFO - Setting next_dagrun for example_task_group_decorator to None, run_after=None
[2025-01-22T00:09:31.790+0000] {processor.py:208} INFO - Processing /home/airflow/.local/lib/python3.12/site-packages/airflow/example_dags/example_task_group_decorator.py took 0.255 seconds
[2025-01-22T00:10:02.349+0000] {processor.py:186} INFO - Started process (PID=1526) to work on /home/airflow/.local/lib/python3.12/site-packages/airflow/example_dags/example_task_group_decorator.py
[2025-01-22T00:10:02.352+0000] {processor.py:914} INFO - Processing file /home/airflow/.local/lib/python3.12/site-packages/airflow/example_dags/example_task_group_decorator.py for tasks to queue
[2025-01-22T00:10:02.355+0000] {logging_mixin.py:190} INFO - [2025-01-22T00:10:02.354+0000] {dagbag.py:588} INFO - Filling up the DagBag from /home/airflow/.local/lib/python3.12/site-packages/airflow/example_dags/example_task_group_decorator.py
[2025-01-22T00:10:02.396+0000] {processor.py:925} INFO - DAG(s) 'example_task_group_decorator' retrieved from /home/airflow/.local/lib/python3.12/site-packages/airflow/example_dags/example_task_group_decorator.py
[2025-01-22T00:10:02.464+0000] {logging_mixin.py:190} INFO - [2025-01-22T00:10:02.464+0000] {dag.py:3239} INFO - Sync 1 DAGs
[2025-01-22T00:10:02.489+0000] {logging_mixin.py:190} INFO - [2025-01-22T00:10:02.488+0000] {dag.py:4180} INFO - Setting next_dagrun for example_task_group_decorator to None, run_after=None
[2025-01-22T00:10:02.539+0000] {processor.py:208} INFO - Processing /home/airflow/.local/lib/python3.12/site-packages/airflow/example_dags/example_task_group_decorator.py took 0.200 seconds
[2025-01-22T00:10:32.676+0000] {processor.py:186} INFO - Started process (PID=1589) to work on /home/airflow/.local/lib/python3.12/site-packages/airflow/example_dags/example_task_group_decorator.py
[2025-01-22T00:10:32.677+0000] {processor.py:914} INFO - Processing file /home/airflow/.local/lib/python3.12/site-packages/airflow/example_dags/example_task_group_decorator.py for tasks to queue
[2025-01-22T00:10:32.680+0000] {logging_mixin.py:190} INFO - [2025-01-22T00:10:32.680+0000] {dagbag.py:588} INFO - Filling up the DagBag from /home/airflow/.local/lib/python3.12/site-packages/airflow/example_dags/example_task_group_decorator.py
[2025-01-22T00:10:32.718+0000] {processor.py:925} INFO - DAG(s) 'example_task_group_decorator' retrieved from /home/airflow/.local/lib/python3.12/site-packages/airflow/example_dags/example_task_group_decorator.py
[2025-01-22T00:10:32.763+0000] {logging_mixin.py:190} INFO - [2025-01-22T00:10:32.762+0000] {dag.py:3239} INFO - Sync 1 DAGs
[2025-01-22T00:10:32.797+0000] {logging_mixin.py:190} INFO - [2025-01-22T00:10:32.796+0000] {dag.py:4180} INFO - Setting next_dagrun for example_task_group_decorator to None, run_after=None
[2025-01-22T00:10:32.838+0000] {processor.py:208} INFO - Processing /home/airflow/.local/lib/python3.12/site-packages/airflow/example_dags/example_task_group_decorator.py took 0.173 seconds
[2025-01-22T00:11:03.059+0000] {processor.py:186} INFO - Started process (PID=1652) to work on /home/airflow/.local/lib/python3.12/site-packages/airflow/example_dags/example_task_group_decorator.py
[2025-01-22T00:11:03.060+0000] {processor.py:914} INFO - Processing file /home/airflow/.local/lib/python3.12/site-packages/airflow/example_dags/example_task_group_decorator.py for tasks to queue
[2025-01-22T00:11:03.063+0000] {logging_mixin.py:190} INFO - [2025-01-22T00:11:03.063+0000] {dagbag.py:588} INFO - Filling up the DagBag from /home/airflow/.local/lib/python3.12/site-packages/airflow/example_dags/example_task_group_decorator.py
[2025-01-22T00:11:03.104+0000] {processor.py:925} INFO - DAG(s) 'example_task_group_decorator' retrieved from /home/airflow/.local/lib/python3.12/site-packages/airflow/example_dags/example_task_group_decorator.py
[2025-01-22T00:11:03.156+0000] {logging_mixin.py:190} INFO - [2025-01-22T00:11:03.155+0000] {dag.py:3239} INFO - Sync 1 DAGs
[2025-01-22T00:11:03.192+0000] {logging_mixin.py:190} INFO - [2025-01-22T00:11:03.183+0000] {dag.py:4180} INFO - Setting next_dagrun for example_task_group_decorator to None, run_after=None
[2025-01-22T00:11:03.225+0000] {processor.py:208} INFO - Processing /home/airflow/.local/lib/python3.12/site-packages/airflow/example_dags/example_task_group_decorator.py took 0.182 seconds
[2025-01-22T00:11:33.572+0000] {processor.py:186} INFO - Started process (PID=1715) to work on /home/airflow/.local/lib/python3.12/site-packages/airflow/example_dags/example_task_group_decorator.py
[2025-01-22T00:11:33.573+0000] {processor.py:914} INFO - Processing file /home/airflow/.local/lib/python3.12/site-packages/airflow/example_dags/example_task_group_decorator.py for tasks to queue
[2025-01-22T00:11:33.576+0000] {logging_mixin.py:190} INFO - [2025-01-22T00:11:33.575+0000] {dagbag.py:588} INFO - Filling up the DagBag from /home/airflow/.local/lib/python3.12/site-packages/airflow/example_dags/example_task_group_decorator.py
[2025-01-22T00:11:33.595+0000] {processor.py:925} INFO - DAG(s) 'example_task_group_decorator' retrieved from /home/airflow/.local/lib/python3.12/site-packages/airflow/example_dags/example_task_group_decorator.py
[2025-01-22T00:11:33.627+0000] {logging_mixin.py:190} INFO - [2025-01-22T00:11:33.627+0000] {dag.py:3239} INFO - Sync 1 DAGs
[2025-01-22T00:11:33.655+0000] {logging_mixin.py:190} INFO - [2025-01-22T00:11:33.655+0000] {dag.py:4180} INFO - Setting next_dagrun for example_task_group_decorator to None, run_after=None
[2025-01-22T00:11:33.680+0000] {processor.py:208} INFO - Processing /home/airflow/.local/lib/python3.12/site-packages/airflow/example_dags/example_task_group_decorator.py took 0.115 seconds
[2025-01-22T00:12:03.869+0000] {processor.py:186} INFO - Started process (PID=1778) to work on /home/airflow/.local/lib/python3.12/site-packages/airflow/example_dags/example_task_group_decorator.py
[2025-01-22T00:12:03.870+0000] {processor.py:914} INFO - Processing file /home/airflow/.local/lib/python3.12/site-packages/airflow/example_dags/example_task_group_decorator.py for tasks to queue
[2025-01-22T00:12:03.874+0000] {logging_mixin.py:190} INFO - [2025-01-22T00:12:03.873+0000] {dagbag.py:588} INFO - Filling up the DagBag from /home/airflow/.local/lib/python3.12/site-packages/airflow/example_dags/example_task_group_decorator.py
[2025-01-22T00:12:03.896+0000] {processor.py:925} INFO - DAG(s) 'example_task_group_decorator' retrieved from /home/airflow/.local/lib/python3.12/site-packages/airflow/example_dags/example_task_group_decorator.py
[2025-01-22T00:12:03.935+0000] {logging_mixin.py:190} INFO - [2025-01-22T00:12:03.935+0000] {dag.py:3239} INFO - Sync 1 DAGs
[2025-01-22T00:12:03.965+0000] {logging_mixin.py:190} INFO - [2025-01-22T00:12:03.965+0000] {dag.py:4180} INFO - Setting next_dagrun for example_task_group_decorator to None, run_after=None
[2025-01-22T00:12:03.993+0000] {processor.py:208} INFO - Processing /home/airflow/.local/lib/python3.12/site-packages/airflow/example_dags/example_task_group_decorator.py took 0.132 seconds
[2025-01-22T00:12:34.284+0000] {processor.py:186} INFO - Started process (PID=1842) to work on /home/airflow/.local/lib/python3.12/site-packages/airflow/example_dags/example_task_group_decorator.py
[2025-01-22T00:12:34.286+0000] {processor.py:914} INFO - Processing file /home/airflow/.local/lib/python3.12/site-packages/airflow/example_dags/example_task_group_decorator.py for tasks to queue
[2025-01-22T00:12:34.288+0000] {logging_mixin.py:190} INFO - [2025-01-22T00:12:34.288+0000] {dagbag.py:588} INFO - Filling up the DagBag from /home/airflow/.local/lib/python3.12/site-packages/airflow/example_dags/example_task_group_decorator.py
[2025-01-22T00:12:34.304+0000] {processor.py:925} INFO - DAG(s) 'example_task_group_decorator' retrieved from /home/airflow/.local/lib/python3.12/site-packages/airflow/example_dags/example_task_group_decorator.py
[2025-01-22T00:12:34.334+0000] {logging_mixin.py:190} INFO - [2025-01-22T00:12:34.333+0000] {dag.py:3239} INFO - Sync 1 DAGs
[2025-01-22T00:12:34.351+0000] {logging_mixin.py:190} INFO - [2025-01-22T00:12:34.350+0000] {dag.py:4180} INFO - Setting next_dagrun for example_task_group_decorator to None, run_after=None
[2025-01-22T00:12:34.372+0000] {processor.py:208} INFO - Processing /home/airflow/.local/lib/python3.12/site-packages/airflow/example_dags/example_task_group_decorator.py took 0.095 seconds
[2025-01-22T00:13:04.725+0000] {processor.py:186} INFO - Started process (PID=1905) to work on /home/airflow/.local/lib/python3.12/site-packages/airflow/example_dags/example_task_group_decorator.py
[2025-01-22T00:13:04.726+0000] {processor.py:914} INFO - Processing file /home/airflow/.local/lib/python3.12/site-packages/airflow/example_dags/example_task_group_decorator.py for tasks to queue
[2025-01-22T00:13:04.729+0000] {logging_mixin.py:190} INFO - [2025-01-22T00:13:04.728+0000] {dagbag.py:588} INFO - Filling up the DagBag from /home/airflow/.local/lib/python3.12/site-packages/airflow/example_dags/example_task_group_decorator.py
[2025-01-22T00:13:04.758+0000] {processor.py:925} INFO - DAG(s) 'example_task_group_decorator' retrieved from /home/airflow/.local/lib/python3.12/site-packages/airflow/example_dags/example_task_group_decorator.py
[2025-01-22T00:13:04.795+0000] {logging_mixin.py:190} INFO - [2025-01-22T00:13:04.794+0000] {dag.py:3239} INFO - Sync 1 DAGs
[2025-01-22T00:13:04.812+0000] {logging_mixin.py:190} INFO - [2025-01-22T00:13:04.812+0000] {dag.py:4180} INFO - Setting next_dagrun for example_task_group_decorator to None, run_after=None
[2025-01-22T00:13:04.833+0000] {processor.py:208} INFO - Processing /home/airflow/.local/lib/python3.12/site-packages/airflow/example_dags/example_task_group_decorator.py took 0.118 seconds
[2025-01-22T00:13:35.362+0000] {processor.py:186} INFO - Started process (PID=1968) to work on /home/airflow/.local/lib/python3.12/site-packages/airflow/example_dags/example_task_group_decorator.py
[2025-01-22T00:13:35.363+0000] {processor.py:914} INFO - Processing file /home/airflow/.local/lib/python3.12/site-packages/airflow/example_dags/example_task_group_decorator.py for tasks to queue
[2025-01-22T00:13:35.366+0000] {logging_mixin.py:190} INFO - [2025-01-22T00:13:35.365+0000] {dagbag.py:588} INFO - Filling up the DagBag from /home/airflow/.local/lib/python3.12/site-packages/airflow/example_dags/example_task_group_decorator.py
[2025-01-22T00:13:35.386+0000] {processor.py:925} INFO - DAG(s) 'example_task_group_decorator' retrieved from /home/airflow/.local/lib/python3.12/site-packages/airflow/example_dags/example_task_group_decorator.py
[2025-01-22T00:13:35.415+0000] {logging_mixin.py:190} INFO - [2025-01-22T00:13:35.414+0000] {dag.py:3239} INFO - Sync 1 DAGs
[2025-01-22T00:13:35.432+0000] {logging_mixin.py:190} INFO - [2025-01-22T00:13:35.432+0000] {dag.py:4180} INFO - Setting next_dagrun for example_task_group_decorator to None, run_after=None
[2025-01-22T00:13:35.456+0000] {processor.py:208} INFO - Processing /home/airflow/.local/lib/python3.12/site-packages/airflow/example_dags/example_task_group_decorator.py took 0.100 seconds
[2025-01-22T00:14:06.139+0000] {processor.py:186} INFO - Started process (PID=2030) to work on /home/airflow/.local/lib/python3.12/site-packages/airflow/example_dags/example_task_group_decorator.py
[2025-01-22T00:14:06.140+0000] {processor.py:914} INFO - Processing file /home/airflow/.local/lib/python3.12/site-packages/airflow/example_dags/example_task_group_decorator.py for tasks to queue
[2025-01-22T00:14:06.142+0000] {logging_mixin.py:190} INFO - [2025-01-22T00:14:06.142+0000] {dagbag.py:588} INFO - Filling up the DagBag from /home/airflow/.local/lib/python3.12/site-packages/airflow/example_dags/example_task_group_decorator.py
[2025-01-22T00:14:06.161+0000] {processor.py:925} INFO - DAG(s) 'example_task_group_decorator' retrieved from /home/airflow/.local/lib/python3.12/site-packages/airflow/example_dags/example_task_group_decorator.py
[2025-01-22T00:14:06.191+0000] {logging_mixin.py:190} INFO - [2025-01-22T00:14:06.191+0000] {dag.py:3239} INFO - Sync 1 DAGs
[2025-01-22T00:14:06.208+0000] {logging_mixin.py:190} INFO - [2025-01-22T00:14:06.208+0000] {dag.py:4180} INFO - Setting next_dagrun for example_task_group_decorator to None, run_after=None
[2025-01-22T00:14:06.232+0000] {processor.py:208} INFO - Processing /home/airflow/.local/lib/python3.12/site-packages/airflow/example_dags/example_task_group_decorator.py took 0.100 seconds
[2025-01-22T00:14:36.567+0000] {processor.py:186} INFO - Started process (PID=2093) to work on /home/airflow/.local/lib/python3.12/site-packages/airflow/example_dags/example_task_group_decorator.py
[2025-01-22T00:14:36.571+0000] {processor.py:914} INFO - Processing file /home/airflow/.local/lib/python3.12/site-packages/airflow/example_dags/example_task_group_decorator.py for tasks to queue
[2025-01-22T00:14:36.574+0000] {logging_mixin.py:190} INFO - [2025-01-22T00:14:36.574+0000] {dagbag.py:588} INFO - Filling up the DagBag from /home/airflow/.local/lib/python3.12/site-packages/airflow/example_dags/example_task_group_decorator.py
[2025-01-22T00:14:36.593+0000] {processor.py:925} INFO - DAG(s) 'example_task_group_decorator' retrieved from /home/airflow/.local/lib/python3.12/site-packages/airflow/example_dags/example_task_group_decorator.py
[2025-01-22T00:14:36.617+0000] {logging_mixin.py:190} INFO - [2025-01-22T00:14:36.617+0000] {dag.py:3239} INFO - Sync 1 DAGs
[2025-01-22T00:14:36.641+0000] {logging_mixin.py:190} INFO - [2025-01-22T00:14:36.641+0000] {dag.py:4180} INFO - Setting next_dagrun for example_task_group_decorator to None, run_after=None
[2025-01-22T00:14:36.676+0000] {processor.py:208} INFO - Processing /home/airflow/.local/lib/python3.12/site-packages/airflow/example_dags/example_task_group_decorator.py took 0.114 seconds
[2025-01-22T00:15:07.300+0000] {processor.py:186} INFO - Started process (PID=2156) to work on /home/airflow/.local/lib/python3.12/site-packages/airflow/example_dags/example_task_group_decorator.py
[2025-01-22T00:15:07.302+0000] {processor.py:914} INFO - Processing file /home/airflow/.local/lib/python3.12/site-packages/airflow/example_dags/example_task_group_decorator.py for tasks to queue
[2025-01-22T00:15:07.305+0000] {logging_mixin.py:190} INFO - [2025-01-22T00:15:07.304+0000] {dagbag.py:588} INFO - Filling up the DagBag from /home/airflow/.local/lib/python3.12/site-packages/airflow/example_dags/example_task_group_decorator.py
[2025-01-22T00:15:07.327+0000] {processor.py:925} INFO - DAG(s) 'example_task_group_decorator' retrieved from /home/airflow/.local/lib/python3.12/site-packages/airflow/example_dags/example_task_group_decorator.py
[2025-01-22T00:15:07.352+0000] {logging_mixin.py:190} INFO - [2025-01-22T00:15:07.352+0000] {dag.py:3239} INFO - Sync 1 DAGs
[2025-01-22T00:15:07.368+0000] {logging_mixin.py:190} INFO - [2025-01-22T00:15:07.368+0000] {dag.py:4180} INFO - Setting next_dagrun for example_task_group_decorator to None, run_after=None
[2025-01-22T00:15:07.389+0000] {processor.py:208} INFO - Processing /home/airflow/.local/lib/python3.12/site-packages/airflow/example_dags/example_task_group_decorator.py took 0.096 seconds
[2025-01-22T00:15:38.093+0000] {processor.py:186} INFO - Started process (PID=2219) to work on /home/airflow/.local/lib/python3.12/site-packages/airflow/example_dags/example_task_group_decorator.py
[2025-01-22T00:15:38.095+0000] {processor.py:914} INFO - Processing file /home/airflow/.local/lib/python3.12/site-packages/airflow/example_dags/example_task_group_decorator.py for tasks to queue
[2025-01-22T00:15:38.098+0000] {logging_mixin.py:190} INFO - [2025-01-22T00:15:38.097+0000] {dagbag.py:588} INFO - Filling up the DagBag from /home/airflow/.local/lib/python3.12/site-packages/airflow/example_dags/example_task_group_decorator.py
[2025-01-22T00:15:38.122+0000] {processor.py:925} INFO - DAG(s) 'example_task_group_decorator' retrieved from /home/airflow/.local/lib/python3.12/site-packages/airflow/example_dags/example_task_group_decorator.py
[2025-01-22T00:15:38.162+0000] {logging_mixin.py:190} INFO - [2025-01-22T00:15:38.161+0000] {dag.py:3239} INFO - Sync 1 DAGs
[2025-01-22T00:15:38.180+0000] {logging_mixin.py:190} INFO - [2025-01-22T00:15:38.180+0000] {dag.py:4180} INFO - Setting next_dagrun for example_task_group_decorator to None, run_after=None
[2025-01-22T00:15:38.206+0000] {processor.py:208} INFO - Processing /home/airflow/.local/lib/python3.12/site-packages/airflow/example_dags/example_task_group_decorator.py took 0.120 seconds
[2025-01-22T00:16:08.762+0000] {processor.py:186} INFO - Started process (PID=2282) to work on /home/airflow/.local/lib/python3.12/site-packages/airflow/example_dags/example_task_group_decorator.py
[2025-01-22T00:16:08.763+0000] {processor.py:914} INFO - Processing file /home/airflow/.local/lib/python3.12/site-packages/airflow/example_dags/example_task_group_decorator.py for tasks to queue
[2025-01-22T00:16:08.766+0000] {logging_mixin.py:190} INFO - [2025-01-22T00:16:08.765+0000] {dagbag.py:588} INFO - Filling up the DagBag from /home/airflow/.local/lib/python3.12/site-packages/airflow/example_dags/example_task_group_decorator.py
[2025-01-22T00:16:08.785+0000] {processor.py:925} INFO - DAG(s) 'example_task_group_decorator' retrieved from /home/airflow/.local/lib/python3.12/site-packages/airflow/example_dags/example_task_group_decorator.py
[2025-01-22T00:16:08.814+0000] {logging_mixin.py:190} INFO - [2025-01-22T00:16:08.814+0000] {dag.py:3239} INFO - Sync 1 DAGs
[2025-01-22T00:16:08.830+0000] {logging_mixin.py:190} INFO - [2025-01-22T00:16:08.830+0000] {dag.py:4180} INFO - Setting next_dagrun for example_task_group_decorator to None, run_after=None
[2025-01-22T00:16:08.856+0000] {processor.py:208} INFO - Processing /home/airflow/.local/lib/python3.12/site-packages/airflow/example_dags/example_task_group_decorator.py took 0.101 seconds
[2025-01-22T00:16:39.086+0000] {processor.py:186} INFO - Started process (PID=2345) to work on /home/airflow/.local/lib/python3.12/site-packages/airflow/example_dags/example_task_group_decorator.py
[2025-01-22T00:16:39.088+0000] {processor.py:914} INFO - Processing file /home/airflow/.local/lib/python3.12/site-packages/airflow/example_dags/example_task_group_decorator.py for tasks to queue
[2025-01-22T00:16:39.090+0000] {logging_mixin.py:190} INFO - [2025-01-22T00:16:39.090+0000] {dagbag.py:588} INFO - Filling up the DagBag from /home/airflow/.local/lib/python3.12/site-packages/airflow/example_dags/example_task_group_decorator.py
[2025-01-22T00:16:39.115+0000] {processor.py:925} INFO - DAG(s) 'example_task_group_decorator' retrieved from /home/airflow/.local/lib/python3.12/site-packages/airflow/example_dags/example_task_group_decorator.py
[2025-01-22T00:16:39.157+0000] {logging_mixin.py:190} INFO - [2025-01-22T00:16:39.157+0000] {dag.py:3239} INFO - Sync 1 DAGs
[2025-01-22T00:16:39.174+0000] {logging_mixin.py:190} INFO - [2025-01-22T00:16:39.174+0000] {dag.py:4180} INFO - Setting next_dagrun for example_task_group_decorator to None, run_after=None
[2025-01-22T00:16:39.200+0000] {processor.py:208} INFO - Processing /home/airflow/.local/lib/python3.12/site-packages/airflow/example_dags/example_task_group_decorator.py took 0.121 seconds
[2025-01-22T00:17:10.265+0000] {processor.py:186} INFO - Started process (PID=2408) to work on /home/airflow/.local/lib/python3.12/site-packages/airflow/example_dags/example_task_group_decorator.py
[2025-01-22T00:17:10.266+0000] {processor.py:914} INFO - Processing file /home/airflow/.local/lib/python3.12/site-packages/airflow/example_dags/example_task_group_decorator.py for tasks to queue
[2025-01-22T00:17:10.269+0000] {logging_mixin.py:190} INFO - [2025-01-22T00:17:10.268+0000] {dagbag.py:588} INFO - Filling up the DagBag from /home/airflow/.local/lib/python3.12/site-packages/airflow/example_dags/example_task_group_decorator.py
[2025-01-22T00:17:10.286+0000] {processor.py:925} INFO - DAG(s) 'example_task_group_decorator' retrieved from /home/airflow/.local/lib/python3.12/site-packages/airflow/example_dags/example_task_group_decorator.py
[2025-01-22T00:17:10.331+0000] {logging_mixin.py:190} INFO - [2025-01-22T00:17:10.331+0000] {dag.py:3239} INFO - Sync 1 DAGs
[2025-01-22T00:17:10.355+0000] {logging_mixin.py:190} INFO - [2025-01-22T00:17:10.355+0000] {dag.py:4180} INFO - Setting next_dagrun for example_task_group_decorator to None, run_after=None
[2025-01-22T00:17:10.378+0000] {processor.py:208} INFO - Processing /home/airflow/.local/lib/python3.12/site-packages/airflow/example_dags/example_task_group_decorator.py took 0.120 seconds
[2025-01-22T00:17:41.280+0000] {processor.py:186} INFO - Started process (PID=2472) to work on /home/airflow/.local/lib/python3.12/site-packages/airflow/example_dags/example_task_group_decorator.py
[2025-01-22T00:17:41.281+0000] {processor.py:914} INFO - Processing file /home/airflow/.local/lib/python3.12/site-packages/airflow/example_dags/example_task_group_decorator.py for tasks to queue
[2025-01-22T00:17:41.284+0000] {logging_mixin.py:190} INFO - [2025-01-22T00:17:41.284+0000] {dagbag.py:588} INFO - Filling up the DagBag from /home/airflow/.local/lib/python3.12/site-packages/airflow/example_dags/example_task_group_decorator.py
[2025-01-22T00:17:41.306+0000] {processor.py:925} INFO - DAG(s) 'example_task_group_decorator' retrieved from /home/airflow/.local/lib/python3.12/site-packages/airflow/example_dags/example_task_group_decorator.py
[2025-01-22T00:17:41.335+0000] {logging_mixin.py:190} INFO - [2025-01-22T00:17:41.335+0000] {dag.py:3239} INFO - Sync 1 DAGs
[2025-01-22T00:17:41.357+0000] {logging_mixin.py:190} INFO - [2025-01-22T00:17:41.357+0000] {dag.py:4180} INFO - Setting next_dagrun for example_task_group_decorator to None, run_after=None
[2025-01-22T00:17:41.382+0000] {processor.py:208} INFO - Processing /home/airflow/.local/lib/python3.12/site-packages/airflow/example_dags/example_task_group_decorator.py took 0.110 seconds
[2025-01-22T00:18:12.755+0000] {processor.py:186} INFO - Started process (PID=2536) to work on /home/airflow/.local/lib/python3.12/site-packages/airflow/example_dags/example_task_group_decorator.py
[2025-01-22T00:18:12.756+0000] {processor.py:914} INFO - Processing file /home/airflow/.local/lib/python3.12/site-packages/airflow/example_dags/example_task_group_decorator.py for tasks to queue
[2025-01-22T00:18:12.759+0000] {logging_mixin.py:190} INFO - [2025-01-22T00:18:12.758+0000] {dagbag.py:588} INFO - Filling up the DagBag from /home/airflow/.local/lib/python3.12/site-packages/airflow/example_dags/example_task_group_decorator.py
[2025-01-22T00:18:12.791+0000] {processor.py:925} INFO - DAG(s) 'example_task_group_decorator' retrieved from /home/airflow/.local/lib/python3.12/site-packages/airflow/example_dags/example_task_group_decorator.py
[2025-01-22T00:18:12.842+0000] {logging_mixin.py:190} INFO - [2025-01-22T00:18:12.842+0000] {dag.py:3239} INFO - Sync 1 DAGs
[2025-01-22T00:18:12.863+0000] {logging_mixin.py:190} INFO - [2025-01-22T00:18:12.863+0000] {dag.py:4180} INFO - Setting next_dagrun for example_task_group_decorator to None, run_after=None
[2025-01-22T00:18:12.894+0000] {processor.py:208} INFO - Processing /home/airflow/.local/lib/python3.12/site-packages/airflow/example_dags/example_task_group_decorator.py took 0.149 seconds
[2025-01-22T00:18:43.228+0000] {processor.py:186} INFO - Started process (PID=2596) to work on /home/airflow/.local/lib/python3.12/site-packages/airflow/example_dags/example_task_group_decorator.py
[2025-01-22T00:18:43.229+0000] {processor.py:914} INFO - Processing file /home/airflow/.local/lib/python3.12/site-packages/airflow/example_dags/example_task_group_decorator.py for tasks to queue
[2025-01-22T00:18:43.231+0000] {logging_mixin.py:190} INFO - [2025-01-22T00:18:43.231+0000] {dagbag.py:588} INFO - Filling up the DagBag from /home/airflow/.local/lib/python3.12/site-packages/airflow/example_dags/example_task_group_decorator.py
[2025-01-22T00:18:43.251+0000] {processor.py:925} INFO - DAG(s) 'example_task_group_decorator' retrieved from /home/airflow/.local/lib/python3.12/site-packages/airflow/example_dags/example_task_group_decorator.py
[2025-01-22T00:18:43.279+0000] {logging_mixin.py:190} INFO - [2025-01-22T00:18:43.278+0000] {dag.py:3239} INFO - Sync 1 DAGs
[2025-01-22T00:18:43.310+0000] {logging_mixin.py:190} INFO - [2025-01-22T00:18:43.310+0000] {dag.py:4180} INFO - Setting next_dagrun for example_task_group_decorator to None, run_after=None
[2025-01-22T00:18:43.353+0000] {processor.py:208} INFO - Processing /home/airflow/.local/lib/python3.12/site-packages/airflow/example_dags/example_task_group_decorator.py took 0.132 seconds
[2025-01-22T00:19:13.547+0000] {processor.py:186} INFO - Started process (PID=2660) to work on /home/airflow/.local/lib/python3.12/site-packages/airflow/example_dags/example_task_group_decorator.py
[2025-01-22T00:19:13.548+0000] {processor.py:914} INFO - Processing file /home/airflow/.local/lib/python3.12/site-packages/airflow/example_dags/example_task_group_decorator.py for tasks to queue
[2025-01-22T00:19:13.551+0000] {logging_mixin.py:190} INFO - [2025-01-22T00:19:13.550+0000] {dagbag.py:588} INFO - Filling up the DagBag from /home/airflow/.local/lib/python3.12/site-packages/airflow/example_dags/example_task_group_decorator.py
[2025-01-22T00:19:13.567+0000] {processor.py:925} INFO - DAG(s) 'example_task_group_decorator' retrieved from /home/airflow/.local/lib/python3.12/site-packages/airflow/example_dags/example_task_group_decorator.py
[2025-01-22T00:19:13.592+0000] {logging_mixin.py:190} INFO - [2025-01-22T00:19:13.592+0000] {dag.py:3239} INFO - Sync 1 DAGs
[2025-01-22T00:19:13.614+0000] {logging_mixin.py:190} INFO - [2025-01-22T00:19:13.613+0000] {dag.py:4180} INFO - Setting next_dagrun for example_task_group_decorator to None, run_after=None
[2025-01-22T00:19:13.636+0000] {processor.py:208} INFO - Processing /home/airflow/.local/lib/python3.12/site-packages/airflow/example_dags/example_task_group_decorator.py took 0.096 seconds
[2025-01-22T00:19:44.655+0000] {processor.py:186} INFO - Started process (PID=2722) to work on /home/airflow/.local/lib/python3.12/site-packages/airflow/example_dags/example_task_group_decorator.py
[2025-01-22T00:19:44.656+0000] {processor.py:914} INFO - Processing file /home/airflow/.local/lib/python3.12/site-packages/airflow/example_dags/example_task_group_decorator.py for tasks to queue
[2025-01-22T00:19:44.658+0000] {logging_mixin.py:190} INFO - [2025-01-22T00:19:44.658+0000] {dagbag.py:588} INFO - Filling up the DagBag from /home/airflow/.local/lib/python3.12/site-packages/airflow/example_dags/example_task_group_decorator.py
[2025-01-22T00:19:44.681+0000] {processor.py:925} INFO - DAG(s) 'example_task_group_decorator' retrieved from /home/airflow/.local/lib/python3.12/site-packages/airflow/example_dags/example_task_group_decorator.py
[2025-01-22T00:19:44.712+0000] {logging_mixin.py:190} INFO - [2025-01-22T00:19:44.711+0000] {dag.py:3239} INFO - Sync 1 DAGs
[2025-01-22T00:19:44.729+0000] {logging_mixin.py:190} INFO - [2025-01-22T00:19:44.729+0000] {dag.py:4180} INFO - Setting next_dagrun for example_task_group_decorator to None, run_after=None
[2025-01-22T00:19:44.753+0000] {processor.py:208} INFO - Processing /home/airflow/.local/lib/python3.12/site-packages/airflow/example_dags/example_task_group_decorator.py took 0.104 seconds
[2025-01-22T00:20:14.907+0000] {processor.py:186} INFO - Started process (PID=2785) to work on /home/airflow/.local/lib/python3.12/site-packages/airflow/example_dags/example_task_group_decorator.py
[2025-01-22T00:20:14.907+0000] {processor.py:914} INFO - Processing file /home/airflow/.local/lib/python3.12/site-packages/airflow/example_dags/example_task_group_decorator.py for tasks to queue
[2025-01-22T00:20:14.910+0000] {logging_mixin.py:190} INFO - [2025-01-22T00:20:14.909+0000] {dagbag.py:588} INFO - Filling up the DagBag from /home/airflow/.local/lib/python3.12/site-packages/airflow/example_dags/example_task_group_decorator.py
[2025-01-22T00:20:14.926+0000] {processor.py:925} INFO - DAG(s) 'example_task_group_decorator' retrieved from /home/airflow/.local/lib/python3.12/site-packages/airflow/example_dags/example_task_group_decorator.py
[2025-01-22T00:20:14.956+0000] {logging_mixin.py:190} INFO - [2025-01-22T00:20:14.956+0000] {dag.py:3239} INFO - Sync 1 DAGs
[2025-01-22T00:20:14.971+0000] {logging_mixin.py:190} INFO - [2025-01-22T00:20:14.970+0000] {dag.py:4180} INFO - Setting next_dagrun for example_task_group_decorator to None, run_after=None
[2025-01-22T00:20:14.988+0000] {processor.py:208} INFO - Processing /home/airflow/.local/lib/python3.12/site-packages/airflow/example_dags/example_task_group_decorator.py took 0.087 seconds
[2025-01-22T00:20:45.515+0000] {processor.py:186} INFO - Started process (PID=2847) to work on /home/airflow/.local/lib/python3.12/site-packages/airflow/example_dags/example_task_group_decorator.py
[2025-01-22T00:20:45.516+0000] {processor.py:914} INFO - Processing file /home/airflow/.local/lib/python3.12/site-packages/airflow/example_dags/example_task_group_decorator.py for tasks to queue
[2025-01-22T00:20:45.519+0000] {logging_mixin.py:190} INFO - [2025-01-22T00:20:45.518+0000] {dagbag.py:588} INFO - Filling up the DagBag from /home/airflow/.local/lib/python3.12/site-packages/airflow/example_dags/example_task_group_decorator.py
[2025-01-22T00:20:45.539+0000] {processor.py:925} INFO - DAG(s) 'example_task_group_decorator' retrieved from /home/airflow/.local/lib/python3.12/site-packages/airflow/example_dags/example_task_group_decorator.py
[2025-01-22T00:20:45.572+0000] {logging_mixin.py:190} INFO - [2025-01-22T00:20:45.572+0000] {dag.py:3239} INFO - Sync 1 DAGs
[2025-01-22T00:20:45.590+0000] {logging_mixin.py:190} INFO - [2025-01-22T00:20:45.590+0000] {dag.py:4180} INFO - Setting next_dagrun for example_task_group_decorator to None, run_after=None
[2025-01-22T00:20:45.620+0000] {processor.py:208} INFO - Processing /home/airflow/.local/lib/python3.12/site-packages/airflow/example_dags/example_task_group_decorator.py took 0.113 seconds
[2025-01-22T00:21:15.833+0000] {processor.py:186} INFO - Started process (PID=2910) to work on /home/airflow/.local/lib/python3.12/site-packages/airflow/example_dags/example_task_group_decorator.py
[2025-01-22T00:21:15.834+0000] {processor.py:914} INFO - Processing file /home/airflow/.local/lib/python3.12/site-packages/airflow/example_dags/example_task_group_decorator.py for tasks to queue
[2025-01-22T00:21:15.837+0000] {logging_mixin.py:190} INFO - [2025-01-22T00:21:15.836+0000] {dagbag.py:588} INFO - Filling up the DagBag from /home/airflow/.local/lib/python3.12/site-packages/airflow/example_dags/example_task_group_decorator.py
[2025-01-22T00:21:15.855+0000] {processor.py:925} INFO - DAG(s) 'example_task_group_decorator' retrieved from /home/airflow/.local/lib/python3.12/site-packages/airflow/example_dags/example_task_group_decorator.py
[2025-01-22T00:21:15.886+0000] {logging_mixin.py:190} INFO - [2025-01-22T00:21:15.886+0000] {dag.py:3239} INFO - Sync 1 DAGs
[2025-01-22T00:21:15.902+0000] {logging_mixin.py:190} INFO - [2025-01-22T00:21:15.902+0000] {dag.py:4180} INFO - Setting next_dagrun for example_task_group_decorator to None, run_after=None
[2025-01-22T00:21:15.924+0000] {processor.py:208} INFO - Processing /home/airflow/.local/lib/python3.12/site-packages/airflow/example_dags/example_task_group_decorator.py took 0.097 seconds
[2025-01-22T00:21:46.873+0000] {processor.py:186} INFO - Started process (PID=2979) to work on /home/airflow/.local/lib/python3.12/site-packages/airflow/example_dags/example_task_group_decorator.py
[2025-01-22T00:21:46.874+0000] {processor.py:914} INFO - Processing file /home/airflow/.local/lib/python3.12/site-packages/airflow/example_dags/example_task_group_decorator.py for tasks to queue
[2025-01-22T00:21:46.879+0000] {logging_mixin.py:190} INFO - [2025-01-22T00:21:46.878+0000] {dagbag.py:588} INFO - Filling up the DagBag from /home/airflow/.local/lib/python3.12/site-packages/airflow/example_dags/example_task_group_decorator.py
[2025-01-22T00:21:46.925+0000] {processor.py:925} INFO - DAG(s) 'example_task_group_decorator' retrieved from /home/airflow/.local/lib/python3.12/site-packages/airflow/example_dags/example_task_group_decorator.py
[2025-01-22T00:21:46.988+0000] {logging_mixin.py:190} INFO - [2025-01-22T00:21:46.986+0000] {dag.py:3239} INFO - Sync 1 DAGs
[2025-01-22T00:21:47.009+0000] {logging_mixin.py:190} INFO - [2025-01-22T00:21:47.008+0000] {dag.py:4180} INFO - Setting next_dagrun for example_task_group_decorator to None, run_after=None
[2025-01-22T00:21:47.048+0000] {processor.py:208} INFO - Processing /home/airflow/.local/lib/python3.12/site-packages/airflow/example_dags/example_task_group_decorator.py took 0.186 seconds
[2025-01-22T00:22:17.744+0000] {processor.py:186} INFO - Started process (PID=3042) to work on /home/airflow/.local/lib/python3.12/site-packages/airflow/example_dags/example_task_group_decorator.py
[2025-01-22T00:22:17.746+0000] {processor.py:914} INFO - Processing file /home/airflow/.local/lib/python3.12/site-packages/airflow/example_dags/example_task_group_decorator.py for tasks to queue
[2025-01-22T00:22:17.748+0000] {logging_mixin.py:190} INFO - [2025-01-22T00:22:17.748+0000] {dagbag.py:588} INFO - Filling up the DagBag from /home/airflow/.local/lib/python3.12/site-packages/airflow/example_dags/example_task_group_decorator.py
[2025-01-22T00:22:17.787+0000] {processor.py:925} INFO - DAG(s) 'example_task_group_decorator' retrieved from /home/airflow/.local/lib/python3.12/site-packages/airflow/example_dags/example_task_group_decorator.py
[2025-01-22T00:22:17.823+0000] {logging_mixin.py:190} INFO - [2025-01-22T00:22:17.823+0000] {dag.py:3239} INFO - Sync 1 DAGs
[2025-01-22T00:22:18.016+0000] {logging_mixin.py:190} INFO - [2025-01-22T00:22:18.016+0000] {dag.py:4180} INFO - Setting next_dagrun for example_task_group_decorator to None, run_after=None
[2025-01-22T00:22:18.037+0000] {processor.py:208} INFO - Processing /home/airflow/.local/lib/python3.12/site-packages/airflow/example_dags/example_task_group_decorator.py took 0.300 seconds
[2025-01-22T00:22:48.410+0000] {processor.py:186} INFO - Started process (PID=3105) to work on /home/airflow/.local/lib/python3.12/site-packages/airflow/example_dags/example_task_group_decorator.py
[2025-01-22T00:22:48.411+0000] {processor.py:914} INFO - Processing file /home/airflow/.local/lib/python3.12/site-packages/airflow/example_dags/example_task_group_decorator.py for tasks to queue
[2025-01-22T00:22:48.414+0000] {logging_mixin.py:190} INFO - [2025-01-22T00:22:48.413+0000] {dagbag.py:588} INFO - Filling up the DagBag from /home/airflow/.local/lib/python3.12/site-packages/airflow/example_dags/example_task_group_decorator.py
[2025-01-22T00:22:48.431+0000] {processor.py:925} INFO - DAG(s) 'example_task_group_decorator' retrieved from /home/airflow/.local/lib/python3.12/site-packages/airflow/example_dags/example_task_group_decorator.py
[2025-01-22T00:22:48.455+0000] {logging_mixin.py:190} INFO - [2025-01-22T00:22:48.455+0000] {dag.py:3239} INFO - Sync 1 DAGs
[2025-01-22T00:22:48.468+0000] {logging_mixin.py:190} INFO - [2025-01-22T00:22:48.468+0000] {dag.py:4180} INFO - Setting next_dagrun for example_task_group_decorator to None, run_after=None
[2025-01-22T00:22:48.485+0000] {processor.py:208} INFO - Processing /home/airflow/.local/lib/python3.12/site-packages/airflow/example_dags/example_task_group_decorator.py took 0.083 seconds
[2025-01-22T00:23:19.416+0000] {processor.py:186} INFO - Started process (PID=3168) to work on /home/airflow/.local/lib/python3.12/site-packages/airflow/example_dags/example_task_group_decorator.py
[2025-01-22T00:23:19.417+0000] {processor.py:914} INFO - Processing file /home/airflow/.local/lib/python3.12/site-packages/airflow/example_dags/example_task_group_decorator.py for tasks to queue
[2025-01-22T00:23:19.419+0000] {logging_mixin.py:190} INFO - [2025-01-22T00:23:19.419+0000] {dagbag.py:588} INFO - Filling up the DagBag from /home/airflow/.local/lib/python3.12/site-packages/airflow/example_dags/example_task_group_decorator.py
[2025-01-22T00:23:19.437+0000] {processor.py:925} INFO - DAG(s) 'example_task_group_decorator' retrieved from /home/airflow/.local/lib/python3.12/site-packages/airflow/example_dags/example_task_group_decorator.py
[2025-01-22T00:23:19.463+0000] {logging_mixin.py:190} INFO - [2025-01-22T00:23:19.462+0000] {dag.py:3239} INFO - Sync 1 DAGs
[2025-01-22T00:23:19.480+0000] {logging_mixin.py:190} INFO - [2025-01-22T00:23:19.480+0000] {dag.py:4180} INFO - Setting next_dagrun for example_task_group_decorator to None, run_after=None
[2025-01-22T00:23:19.499+0000] {processor.py:208} INFO - Processing /home/airflow/.local/lib/python3.12/site-packages/airflow/example_dags/example_task_group_decorator.py took 0.092 seconds
[2025-01-22T00:23:49.660+0000] {processor.py:186} INFO - Started process (PID=3231) to work on /home/airflow/.local/lib/python3.12/site-packages/airflow/example_dags/example_task_group_decorator.py
[2025-01-22T00:23:49.661+0000] {processor.py:914} INFO - Processing file /home/airflow/.local/lib/python3.12/site-packages/airflow/example_dags/example_task_group_decorator.py for tasks to queue
[2025-01-22T00:23:49.663+0000] {logging_mixin.py:190} INFO - [2025-01-22T00:23:49.663+0000] {dagbag.py:588} INFO - Filling up the DagBag from /home/airflow/.local/lib/python3.12/site-packages/airflow/example_dags/example_task_group_decorator.py
[2025-01-22T00:23:49.683+0000] {processor.py:925} INFO - DAG(s) 'example_task_group_decorator' retrieved from /home/airflow/.local/lib/python3.12/site-packages/airflow/example_dags/example_task_group_decorator.py
[2025-01-22T00:23:49.706+0000] {logging_mixin.py:190} INFO - [2025-01-22T00:23:49.706+0000] {dag.py:3239} INFO - Sync 1 DAGs
[2025-01-22T00:23:49.719+0000] {logging_mixin.py:190} INFO - [2025-01-22T00:23:49.719+0000] {dag.py:4180} INFO - Setting next_dagrun for example_task_group_decorator to None, run_after=None
[2025-01-22T00:23:49.736+0000] {processor.py:208} INFO - Processing /home/airflow/.local/lib/python3.12/site-packages/airflow/example_dags/example_task_group_decorator.py took 0.082 seconds
[2025-01-22T00:24:19.968+0000] {processor.py:186} INFO - Started process (PID=3294) to work on /home/airflow/.local/lib/python3.12/site-packages/airflow/example_dags/example_task_group_decorator.py
[2025-01-22T00:24:19.969+0000] {processor.py:914} INFO - Processing file /home/airflow/.local/lib/python3.12/site-packages/airflow/example_dags/example_task_group_decorator.py for tasks to queue
[2025-01-22T00:24:19.971+0000] {logging_mixin.py:190} INFO - [2025-01-22T00:24:19.970+0000] {dagbag.py:588} INFO - Filling up the DagBag from /home/airflow/.local/lib/python3.12/site-packages/airflow/example_dags/example_task_group_decorator.py
[2025-01-22T00:24:19.985+0000] {processor.py:925} INFO - DAG(s) 'example_task_group_decorator' retrieved from /home/airflow/.local/lib/python3.12/site-packages/airflow/example_dags/example_task_group_decorator.py
[2025-01-22T00:24:20.012+0000] {logging_mixin.py:190} INFO - [2025-01-22T00:24:20.011+0000] {dag.py:3239} INFO - Sync 1 DAGs
[2025-01-22T00:24:20.026+0000] {logging_mixin.py:190} INFO - [2025-01-22T00:24:20.025+0000] {dag.py:4180} INFO - Setting next_dagrun for example_task_group_decorator to None, run_after=None
[2025-01-22T00:24:20.045+0000] {processor.py:208} INFO - Processing /home/airflow/.local/lib/python3.12/site-packages/airflow/example_dags/example_task_group_decorator.py took 0.083 seconds
[2025-01-22T00:24:50.182+0000] {processor.py:186} INFO - Started process (PID=3357) to work on /home/airflow/.local/lib/python3.12/site-packages/airflow/example_dags/example_task_group_decorator.py
[2025-01-22T00:24:50.185+0000] {processor.py:914} INFO - Processing file /home/airflow/.local/lib/python3.12/site-packages/airflow/example_dags/example_task_group_decorator.py for tasks to queue
[2025-01-22T00:24:50.187+0000] {logging_mixin.py:190} INFO - [2025-01-22T00:24:50.187+0000] {dagbag.py:588} INFO - Filling up the DagBag from /home/airflow/.local/lib/python3.12/site-packages/airflow/example_dags/example_task_group_decorator.py
[2025-01-22T00:24:50.207+0000] {processor.py:925} INFO - DAG(s) 'example_task_group_decorator' retrieved from /home/airflow/.local/lib/python3.12/site-packages/airflow/example_dags/example_task_group_decorator.py
[2025-01-22T00:24:50.234+0000] {logging_mixin.py:190} INFO - [2025-01-22T00:24:50.233+0000] {dag.py:3239} INFO - Sync 1 DAGs
[2025-01-22T00:24:50.249+0000] {logging_mixin.py:190} INFO - [2025-01-22T00:24:50.249+0000] {dag.py:4180} INFO - Setting next_dagrun for example_task_group_decorator to None, run_after=None
[2025-01-22T00:24:50.273+0000] {processor.py:208} INFO - Processing /home/airflow/.local/lib/python3.12/site-packages/airflow/example_dags/example_task_group_decorator.py took 0.098 seconds
[2025-01-22T00:25:21.070+0000] {processor.py:186} INFO - Started process (PID=3420) to work on /home/airflow/.local/lib/python3.12/site-packages/airflow/example_dags/example_task_group_decorator.py
[2025-01-22T00:25:21.071+0000] {processor.py:914} INFO - Processing file /home/airflow/.local/lib/python3.12/site-packages/airflow/example_dags/example_task_group_decorator.py for tasks to queue
[2025-01-22T00:25:21.075+0000] {logging_mixin.py:190} INFO - [2025-01-22T00:25:21.074+0000] {dagbag.py:588} INFO - Filling up the DagBag from /home/airflow/.local/lib/python3.12/site-packages/airflow/example_dags/example_task_group_decorator.py
[2025-01-22T00:25:21.089+0000] {processor.py:925} INFO - DAG(s) 'example_task_group_decorator' retrieved from /home/airflow/.local/lib/python3.12/site-packages/airflow/example_dags/example_task_group_decorator.py
[2025-01-22T00:25:21.114+0000] {logging_mixin.py:190} INFO - [2025-01-22T00:25:21.113+0000] {dag.py:3239} INFO - Sync 1 DAGs
[2025-01-22T00:25:21.128+0000] {logging_mixin.py:190} INFO - [2025-01-22T00:25:21.128+0000] {dag.py:4180} INFO - Setting next_dagrun for example_task_group_decorator to None, run_after=None
[2025-01-22T00:25:21.148+0000] {processor.py:208} INFO - Processing /home/airflow/.local/lib/python3.12/site-packages/airflow/example_dags/example_task_group_decorator.py took 0.084 seconds
[2025-01-22T00:25:51.339+0000] {processor.py:186} INFO - Started process (PID=3483) to work on /home/airflow/.local/lib/python3.12/site-packages/airflow/example_dags/example_task_group_decorator.py
[2025-01-22T00:25:51.340+0000] {processor.py:914} INFO - Processing file /home/airflow/.local/lib/python3.12/site-packages/airflow/example_dags/example_task_group_decorator.py for tasks to queue
[2025-01-22T00:25:51.343+0000] {logging_mixin.py:190} INFO - [2025-01-22T00:25:51.342+0000] {dagbag.py:588} INFO - Filling up the DagBag from /home/airflow/.local/lib/python3.12/site-packages/airflow/example_dags/example_task_group_decorator.py
[2025-01-22T00:25:51.358+0000] {processor.py:925} INFO - DAG(s) 'example_task_group_decorator' retrieved from /home/airflow/.local/lib/python3.12/site-packages/airflow/example_dags/example_task_group_decorator.py
[2025-01-22T00:25:51.382+0000] {logging_mixin.py:190} INFO - [2025-01-22T00:25:51.382+0000] {dag.py:3239} INFO - Sync 1 DAGs
[2025-01-22T00:25:51.401+0000] {logging_mixin.py:190} INFO - [2025-01-22T00:25:51.401+0000] {dag.py:4180} INFO - Setting next_dagrun for example_task_group_decorator to None, run_after=None
[2025-01-22T00:25:51.421+0000] {processor.py:208} INFO - Processing /home/airflow/.local/lib/python3.12/site-packages/airflow/example_dags/example_task_group_decorator.py took 0.088 seconds
[2025-01-22T00:26:21.860+0000] {processor.py:186} INFO - Started process (PID=3546) to work on /home/airflow/.local/lib/python3.12/site-packages/airflow/example_dags/example_task_group_decorator.py
[2025-01-22T00:26:21.861+0000] {processor.py:914} INFO - Processing file /home/airflow/.local/lib/python3.12/site-packages/airflow/example_dags/example_task_group_decorator.py for tasks to queue
[2025-01-22T00:26:21.863+0000] {logging_mixin.py:190} INFO - [2025-01-22T00:26:21.863+0000] {dagbag.py:588} INFO - Filling up the DagBag from /home/airflow/.local/lib/python3.12/site-packages/airflow/example_dags/example_task_group_decorator.py
[2025-01-22T00:26:21.878+0000] {processor.py:925} INFO - DAG(s) 'example_task_group_decorator' retrieved from /home/airflow/.local/lib/python3.12/site-packages/airflow/example_dags/example_task_group_decorator.py
[2025-01-22T00:26:21.904+0000] {logging_mixin.py:190} INFO - [2025-01-22T00:26:21.904+0000] {dag.py:3239} INFO - Sync 1 DAGs
[2025-01-22T00:26:21.918+0000] {logging_mixin.py:190} INFO - [2025-01-22T00:26:21.917+0000] {dag.py:4180} INFO - Setting next_dagrun for example_task_group_decorator to None, run_after=None
[2025-01-22T00:26:21.934+0000] {processor.py:208} INFO - Processing /home/airflow/.local/lib/python3.12/site-packages/airflow/example_dags/example_task_group_decorator.py took 0.080 seconds
[2025-01-22T00:26:52.270+0000] {processor.py:186} INFO - Started process (PID=3609) to work on /home/airflow/.local/lib/python3.12/site-packages/airflow/example_dags/example_task_group_decorator.py
[2025-01-22T00:26:52.271+0000] {processor.py:914} INFO - Processing file /home/airflow/.local/lib/python3.12/site-packages/airflow/example_dags/example_task_group_decorator.py for tasks to queue
[2025-01-22T00:26:52.273+0000] {logging_mixin.py:190} INFO - [2025-01-22T00:26:52.273+0000] {dagbag.py:588} INFO - Filling up the DagBag from /home/airflow/.local/lib/python3.12/site-packages/airflow/example_dags/example_task_group_decorator.py
[2025-01-22T00:26:52.287+0000] {processor.py:925} INFO - DAG(s) 'example_task_group_decorator' retrieved from /home/airflow/.local/lib/python3.12/site-packages/airflow/example_dags/example_task_group_decorator.py
[2025-01-22T00:26:52.310+0000] {logging_mixin.py:190} INFO - [2025-01-22T00:26:52.310+0000] {dag.py:3239} INFO - Sync 1 DAGs
[2025-01-22T00:26:52.324+0000] {logging_mixin.py:190} INFO - [2025-01-22T00:26:52.324+0000] {dag.py:4180} INFO - Setting next_dagrun for example_task_group_decorator to None, run_after=None
[2025-01-22T00:26:52.340+0000] {processor.py:208} INFO - Processing /home/airflow/.local/lib/python3.12/site-packages/airflow/example_dags/example_task_group_decorator.py took 0.076 seconds
[2025-01-22T00:27:22.498+0000] {processor.py:186} INFO - Started process (PID=3672) to work on /home/airflow/.local/lib/python3.12/site-packages/airflow/example_dags/example_task_group_decorator.py
[2025-01-22T00:27:22.499+0000] {processor.py:914} INFO - Processing file /home/airflow/.local/lib/python3.12/site-packages/airflow/example_dags/example_task_group_decorator.py for tasks to queue
[2025-01-22T00:27:22.503+0000] {logging_mixin.py:190} INFO - [2025-01-22T00:27:22.501+0000] {dagbag.py:588} INFO - Filling up the DagBag from /home/airflow/.local/lib/python3.12/site-packages/airflow/example_dags/example_task_group_decorator.py
[2025-01-22T00:27:22.518+0000] {processor.py:925} INFO - DAG(s) 'example_task_group_decorator' retrieved from /home/airflow/.local/lib/python3.12/site-packages/airflow/example_dags/example_task_group_decorator.py
[2025-01-22T00:27:22.544+0000] {logging_mixin.py:190} INFO - [2025-01-22T00:27:22.544+0000] {dag.py:3239} INFO - Sync 1 DAGs
[2025-01-22T00:27:22.562+0000] {logging_mixin.py:190} INFO - [2025-01-22T00:27:22.561+0000] {dag.py:4180} INFO - Setting next_dagrun for example_task_group_decorator to None, run_after=None
[2025-01-22T00:27:22.580+0000] {processor.py:208} INFO - Processing /home/airflow/.local/lib/python3.12/site-packages/airflow/example_dags/example_task_group_decorator.py took 0.087 seconds
[2025-01-22T00:27:52.723+0000] {processor.py:186} INFO - Started process (PID=3735) to work on /home/airflow/.local/lib/python3.12/site-packages/airflow/example_dags/example_task_group_decorator.py
[2025-01-22T00:27:52.724+0000] {processor.py:914} INFO - Processing file /home/airflow/.local/lib/python3.12/site-packages/airflow/example_dags/example_task_group_decorator.py for tasks to queue
[2025-01-22T00:27:52.726+0000] {logging_mixin.py:190} INFO - [2025-01-22T00:27:52.726+0000] {dagbag.py:588} INFO - Filling up the DagBag from /home/airflow/.local/lib/python3.12/site-packages/airflow/example_dags/example_task_group_decorator.py
[2025-01-22T00:27:52.742+0000] {processor.py:925} INFO - DAG(s) 'example_task_group_decorator' retrieved from /home/airflow/.local/lib/python3.12/site-packages/airflow/example_dags/example_task_group_decorator.py
[2025-01-22T00:27:52.772+0000] {logging_mixin.py:190} INFO - [2025-01-22T00:27:52.772+0000] {dag.py:3239} INFO - Sync 1 DAGs
[2025-01-22T00:27:52.787+0000] {logging_mixin.py:190} INFO - [2025-01-22T00:27:52.787+0000] {dag.py:4180} INFO - Setting next_dagrun for example_task_group_decorator to None, run_after=None
[2025-01-22T00:27:52.806+0000] {processor.py:208} INFO - Processing /home/airflow/.local/lib/python3.12/site-packages/airflow/example_dags/example_task_group_decorator.py took 0.088 seconds
[2025-01-22T00:28:23.088+0000] {processor.py:186} INFO - Started process (PID=3797) to work on /home/airflow/.local/lib/python3.12/site-packages/airflow/example_dags/example_task_group_decorator.py
[2025-01-22T00:28:23.093+0000] {processor.py:914} INFO - Processing file /home/airflow/.local/lib/python3.12/site-packages/airflow/example_dags/example_task_group_decorator.py for tasks to queue
[2025-01-22T00:28:23.096+0000] {logging_mixin.py:190} INFO - [2025-01-22T00:28:23.096+0000] {dagbag.py:588} INFO - Filling up the DagBag from /home/airflow/.local/lib/python3.12/site-packages/airflow/example_dags/example_task_group_decorator.py
[2025-01-22T00:28:23.113+0000] {processor.py:925} INFO - DAG(s) 'example_task_group_decorator' retrieved from /home/airflow/.local/lib/python3.12/site-packages/airflow/example_dags/example_task_group_decorator.py
[2025-01-22T00:28:23.137+0000] {logging_mixin.py:190} INFO - [2025-01-22T00:28:23.137+0000] {dag.py:3239} INFO - Sync 1 DAGs
[2025-01-22T00:28:23.164+0000] {logging_mixin.py:190} INFO - [2025-01-22T00:28:23.164+0000] {dag.py:4180} INFO - Setting next_dagrun for example_task_group_decorator to None, run_after=None
[2025-01-22T00:28:23.186+0000] {processor.py:208} INFO - Processing /home/airflow/.local/lib/python3.12/site-packages/airflow/example_dags/example_task_group_decorator.py took 0.103 seconds
[2025-01-22T00:28:53.564+0000] {processor.py:186} INFO - Started process (PID=3861) to work on /home/airflow/.local/lib/python3.12/site-packages/airflow/example_dags/example_task_group_decorator.py
[2025-01-22T00:28:53.565+0000] {processor.py:914} INFO - Processing file /home/airflow/.local/lib/python3.12/site-packages/airflow/example_dags/example_task_group_decorator.py for tasks to queue
[2025-01-22T00:28:53.567+0000] {logging_mixin.py:190} INFO - [2025-01-22T00:28:53.567+0000] {dagbag.py:588} INFO - Filling up the DagBag from /home/airflow/.local/lib/python3.12/site-packages/airflow/example_dags/example_task_group_decorator.py
[2025-01-22T00:28:53.582+0000] {processor.py:925} INFO - DAG(s) 'example_task_group_decorator' retrieved from /home/airflow/.local/lib/python3.12/site-packages/airflow/example_dags/example_task_group_decorator.py
[2025-01-22T00:28:53.605+0000] {logging_mixin.py:190} INFO - [2025-01-22T00:28:53.605+0000] {dag.py:3239} INFO - Sync 1 DAGs
[2025-01-22T00:28:53.621+0000] {logging_mixin.py:190} INFO - [2025-01-22T00:28:53.621+0000] {dag.py:4180} INFO - Setting next_dagrun for example_task_group_decorator to None, run_after=None
[2025-01-22T00:28:53.645+0000] {processor.py:208} INFO - Processing /home/airflow/.local/lib/python3.12/site-packages/airflow/example_dags/example_task_group_decorator.py took 0.087 seconds
[2025-01-22T00:29:24.021+0000] {processor.py:186} INFO - Started process (PID=3924) to work on /home/airflow/.local/lib/python3.12/site-packages/airflow/example_dags/example_task_group_decorator.py
[2025-01-22T00:29:24.022+0000] {processor.py:914} INFO - Processing file /home/airflow/.local/lib/python3.12/site-packages/airflow/example_dags/example_task_group_decorator.py for tasks to queue
[2025-01-22T00:29:24.024+0000] {logging_mixin.py:190} INFO - [2025-01-22T00:29:24.024+0000] {dagbag.py:588} INFO - Filling up the DagBag from /home/airflow/.local/lib/python3.12/site-packages/airflow/example_dags/example_task_group_decorator.py
[2025-01-22T00:29:24.040+0000] {processor.py:925} INFO - DAG(s) 'example_task_group_decorator' retrieved from /home/airflow/.local/lib/python3.12/site-packages/airflow/example_dags/example_task_group_decorator.py
[2025-01-22T00:29:24.062+0000] {logging_mixin.py:190} INFO - [2025-01-22T00:29:24.062+0000] {dag.py:3239} INFO - Sync 1 DAGs
[2025-01-22T00:29:24.076+0000] {logging_mixin.py:190} INFO - [2025-01-22T00:29:24.076+0000] {dag.py:4180} INFO - Setting next_dagrun for example_task_group_decorator to None, run_after=None
[2025-01-22T00:29:24.095+0000] {processor.py:208} INFO - Processing /home/airflow/.local/lib/python3.12/site-packages/airflow/example_dags/example_task_group_decorator.py took 0.079 seconds
[2025-01-22T00:29:54.479+0000] {processor.py:186} INFO - Started process (PID=3987) to work on /home/airflow/.local/lib/python3.12/site-packages/airflow/example_dags/example_task_group_decorator.py
[2025-01-22T00:29:54.480+0000] {processor.py:914} INFO - Processing file /home/airflow/.local/lib/python3.12/site-packages/airflow/example_dags/example_task_group_decorator.py for tasks to queue
[2025-01-22T00:29:54.483+0000] {logging_mixin.py:190} INFO - [2025-01-22T00:29:54.482+0000] {dagbag.py:588} INFO - Filling up the DagBag from /home/airflow/.local/lib/python3.12/site-packages/airflow/example_dags/example_task_group_decorator.py
[2025-01-22T00:29:54.503+0000] {processor.py:925} INFO - DAG(s) 'example_task_group_decorator' retrieved from /home/airflow/.local/lib/python3.12/site-packages/airflow/example_dags/example_task_group_decorator.py
[2025-01-22T00:29:54.527+0000] {logging_mixin.py:190} INFO - [2025-01-22T00:29:54.527+0000] {dag.py:3239} INFO - Sync 1 DAGs
[2025-01-22T00:29:54.541+0000] {logging_mixin.py:190} INFO - [2025-01-22T00:29:54.541+0000] {dag.py:4180} INFO - Setting next_dagrun for example_task_group_decorator to None, run_after=None
[2025-01-22T00:29:54.559+0000] {processor.py:208} INFO - Processing /home/airflow/.local/lib/python3.12/site-packages/airflow/example_dags/example_task_group_decorator.py took 0.086 seconds
[2025-01-22T00:30:24.696+0000] {processor.py:186} INFO - Started process (PID=4050) to work on /home/airflow/.local/lib/python3.12/site-packages/airflow/example_dags/example_task_group_decorator.py
[2025-01-22T00:30:24.697+0000] {processor.py:914} INFO - Processing file /home/airflow/.local/lib/python3.12/site-packages/airflow/example_dags/example_task_group_decorator.py for tasks to queue
[2025-01-22T00:30:24.700+0000] {logging_mixin.py:190} INFO - [2025-01-22T00:30:24.700+0000] {dagbag.py:588} INFO - Filling up the DagBag from /home/airflow/.local/lib/python3.12/site-packages/airflow/example_dags/example_task_group_decorator.py
[2025-01-22T00:30:24.714+0000] {processor.py:925} INFO - DAG(s) 'example_task_group_decorator' retrieved from /home/airflow/.local/lib/python3.12/site-packages/airflow/example_dags/example_task_group_decorator.py
[2025-01-22T00:30:24.735+0000] {logging_mixin.py:190} INFO - [2025-01-22T00:30:24.735+0000] {dag.py:3239} INFO - Sync 1 DAGs
[2025-01-22T00:30:24.748+0000] {logging_mixin.py:190} INFO - [2025-01-22T00:30:24.748+0000] {dag.py:4180} INFO - Setting next_dagrun for example_task_group_decorator to None, run_after=None
[2025-01-22T00:30:24.766+0000] {processor.py:208} INFO - Processing /home/airflow/.local/lib/python3.12/site-packages/airflow/example_dags/example_task_group_decorator.py took 0.075 seconds
[2025-01-22T00:30:55.036+0000] {processor.py:186} INFO - Started process (PID=4113) to work on /home/airflow/.local/lib/python3.12/site-packages/airflow/example_dags/example_task_group_decorator.py
[2025-01-22T00:30:55.037+0000] {processor.py:914} INFO - Processing file /home/airflow/.local/lib/python3.12/site-packages/airflow/example_dags/example_task_group_decorator.py for tasks to queue
[2025-01-22T00:30:55.040+0000] {logging_mixin.py:190} INFO - [2025-01-22T00:30:55.039+0000] {dagbag.py:588} INFO - Filling up the DagBag from /home/airflow/.local/lib/python3.12/site-packages/airflow/example_dags/example_task_group_decorator.py
[2025-01-22T00:30:55.060+0000] {processor.py:925} INFO - DAG(s) 'example_task_group_decorator' retrieved from /home/airflow/.local/lib/python3.12/site-packages/airflow/example_dags/example_task_group_decorator.py
[2025-01-22T00:30:55.084+0000] {logging_mixin.py:190} INFO - [2025-01-22T00:30:55.084+0000] {dag.py:3239} INFO - Sync 1 DAGs
[2025-01-22T00:30:55.102+0000] {logging_mixin.py:190} INFO - [2025-01-22T00:30:55.102+0000] {dag.py:4180} INFO - Setting next_dagrun for example_task_group_decorator to None, run_after=None
[2025-01-22T00:30:55.128+0000] {processor.py:208} INFO - Processing /home/airflow/.local/lib/python3.12/site-packages/airflow/example_dags/example_task_group_decorator.py took 0.101 seconds
[2025-01-22T00:31:25.781+0000] {processor.py:186} INFO - Started process (PID=4176) to work on /home/airflow/.local/lib/python3.12/site-packages/airflow/example_dags/example_task_group_decorator.py
[2025-01-22T00:31:25.791+0000] {processor.py:914} INFO - Processing file /home/airflow/.local/lib/python3.12/site-packages/airflow/example_dags/example_task_group_decorator.py for tasks to queue
[2025-01-22T00:31:25.794+0000] {logging_mixin.py:190} INFO - [2025-01-22T00:31:25.793+0000] {dagbag.py:588} INFO - Filling up the DagBag from /home/airflow/.local/lib/python3.12/site-packages/airflow/example_dags/example_task_group_decorator.py
[2025-01-22T00:31:25.817+0000] {processor.py:925} INFO - DAG(s) 'example_task_group_decorator' retrieved from /home/airflow/.local/lib/python3.12/site-packages/airflow/example_dags/example_task_group_decorator.py
[2025-01-22T00:31:25.856+0000] {logging_mixin.py:190} INFO - [2025-01-22T00:31:25.856+0000] {dag.py:3239} INFO - Sync 1 DAGs
[2025-01-22T00:31:25.873+0000] {logging_mixin.py:190} INFO - [2025-01-22T00:31:25.873+0000] {dag.py:4180} INFO - Setting next_dagrun for example_task_group_decorator to None, run_after=None
[2025-01-22T00:31:25.896+0000] {processor.py:208} INFO - Processing /home/airflow/.local/lib/python3.12/site-packages/airflow/example_dags/example_task_group_decorator.py took 0.121 seconds
[2025-01-22T00:31:56.026+0000] {processor.py:186} INFO - Started process (PID=4240) to work on /home/airflow/.local/lib/python3.12/site-packages/airflow/example_dags/example_task_group_decorator.py
[2025-01-22T00:31:56.027+0000] {processor.py:914} INFO - Processing file /home/airflow/.local/lib/python3.12/site-packages/airflow/example_dags/example_task_group_decorator.py for tasks to queue
[2025-01-22T00:31:56.029+0000] {logging_mixin.py:190} INFO - [2025-01-22T00:31:56.029+0000] {dagbag.py:588} INFO - Filling up the DagBag from /home/airflow/.local/lib/python3.12/site-packages/airflow/example_dags/example_task_group_decorator.py
[2025-01-22T00:31:56.043+0000] {processor.py:925} INFO - DAG(s) 'example_task_group_decorator' retrieved from /home/airflow/.local/lib/python3.12/site-packages/airflow/example_dags/example_task_group_decorator.py
[2025-01-22T00:31:56.068+0000] {logging_mixin.py:190} INFO - [2025-01-22T00:31:56.067+0000] {dag.py:3239} INFO - Sync 1 DAGs
[2025-01-22T00:31:56.081+0000] {logging_mixin.py:190} INFO - [2025-01-22T00:31:56.080+0000] {dag.py:4180} INFO - Setting next_dagrun for example_task_group_decorator to None, run_after=None
[2025-01-22T00:31:56.098+0000] {processor.py:208} INFO - Processing /home/airflow/.local/lib/python3.12/site-packages/airflow/example_dags/example_task_group_decorator.py took 0.078 seconds
[2025-01-22T00:32:26.380+0000] {processor.py:186} INFO - Started process (PID=4303) to work on /home/airflow/.local/lib/python3.12/site-packages/airflow/example_dags/example_task_group_decorator.py
[2025-01-22T00:32:26.381+0000] {processor.py:914} INFO - Processing file /home/airflow/.local/lib/python3.12/site-packages/airflow/example_dags/example_task_group_decorator.py for tasks to queue
[2025-01-22T00:32:26.383+0000] {logging_mixin.py:190} INFO - [2025-01-22T00:32:26.383+0000] {dagbag.py:588} INFO - Filling up the DagBag from /home/airflow/.local/lib/python3.12/site-packages/airflow/example_dags/example_task_group_decorator.py
[2025-01-22T00:32:26.400+0000] {processor.py:925} INFO - DAG(s) 'example_task_group_decorator' retrieved from /home/airflow/.local/lib/python3.12/site-packages/airflow/example_dags/example_task_group_decorator.py
[2025-01-22T00:32:26.423+0000] {logging_mixin.py:190} INFO - [2025-01-22T00:32:26.423+0000] {dag.py:3239} INFO - Sync 1 DAGs
[2025-01-22T00:32:26.439+0000] {logging_mixin.py:190} INFO - [2025-01-22T00:32:26.439+0000] {dag.py:4180} INFO - Setting next_dagrun for example_task_group_decorator to None, run_after=None
[2025-01-22T00:32:26.458+0000] {processor.py:208} INFO - Processing /home/airflow/.local/lib/python3.12/site-packages/airflow/example_dags/example_task_group_decorator.py took 0.084 seconds
[2025-01-22T00:32:56.879+0000] {processor.py:186} INFO - Started process (PID=4366) to work on /home/airflow/.local/lib/python3.12/site-packages/airflow/example_dags/example_task_group_decorator.py
[2025-01-22T00:32:56.880+0000] {processor.py:914} INFO - Processing file /home/airflow/.local/lib/python3.12/site-packages/airflow/example_dags/example_task_group_decorator.py for tasks to queue
[2025-01-22T00:32:56.883+0000] {logging_mixin.py:190} INFO - [2025-01-22T00:32:56.882+0000] {dagbag.py:588} INFO - Filling up the DagBag from /home/airflow/.local/lib/python3.12/site-packages/airflow/example_dags/example_task_group_decorator.py
[2025-01-22T00:32:56.897+0000] {processor.py:925} INFO - DAG(s) 'example_task_group_decorator' retrieved from /home/airflow/.local/lib/python3.12/site-packages/airflow/example_dags/example_task_group_decorator.py
[2025-01-22T00:32:56.927+0000] {logging_mixin.py:190} INFO - [2025-01-22T00:32:56.927+0000] {dag.py:3239} INFO - Sync 1 DAGs
[2025-01-22T00:32:56.941+0000] {logging_mixin.py:190} INFO - [2025-01-22T00:32:56.941+0000] {dag.py:4180} INFO - Setting next_dagrun for example_task_group_decorator to None, run_after=None
[2025-01-22T00:32:56.958+0000] {processor.py:208} INFO - Processing /home/airflow/.local/lib/python3.12/site-packages/airflow/example_dags/example_task_group_decorator.py took 0.086 seconds
[2025-01-22T00:33:27.046+0000] {processor.py:186} INFO - Started process (PID=4430) to work on /home/airflow/.local/lib/python3.12/site-packages/airflow/example_dags/example_task_group_decorator.py
[2025-01-22T00:33:27.047+0000] {processor.py:914} INFO - Processing file /home/airflow/.local/lib/python3.12/site-packages/airflow/example_dags/example_task_group_decorator.py for tasks to queue
[2025-01-22T00:33:27.052+0000] {logging_mixin.py:190} INFO - [2025-01-22T00:33:27.052+0000] {dagbag.py:588} INFO - Filling up the DagBag from /home/airflow/.local/lib/python3.12/site-packages/airflow/example_dags/example_task_group_decorator.py
[2025-01-22T00:33:27.077+0000] {processor.py:925} INFO - DAG(s) 'example_task_group_decorator' retrieved from /home/airflow/.local/lib/python3.12/site-packages/airflow/example_dags/example_task_group_decorator.py
[2025-01-22T00:33:27.115+0000] {logging_mixin.py:190} INFO - [2025-01-22T00:33:27.114+0000] {dag.py:3239} INFO - Sync 1 DAGs
[2025-01-22T00:33:27.135+0000] {logging_mixin.py:190} INFO - [2025-01-22T00:33:27.135+0000] {dag.py:4180} INFO - Setting next_dagrun for example_task_group_decorator to None, run_after=None
[2025-01-22T00:33:27.164+0000] {processor.py:208} INFO - Processing /home/airflow/.local/lib/python3.12/site-packages/airflow/example_dags/example_task_group_decorator.py took 0.124 seconds
[2025-01-22T00:33:58.034+0000] {processor.py:186} INFO - Started process (PID=4494) to work on /home/airflow/.local/lib/python3.12/site-packages/airflow/example_dags/example_task_group_decorator.py
[2025-01-22T00:33:58.035+0000] {processor.py:914} INFO - Processing file /home/airflow/.local/lib/python3.12/site-packages/airflow/example_dags/example_task_group_decorator.py for tasks to queue
[2025-01-22T00:33:58.038+0000] {logging_mixin.py:190} INFO - [2025-01-22T00:33:58.038+0000] {dagbag.py:588} INFO - Filling up the DagBag from /home/airflow/.local/lib/python3.12/site-packages/airflow/example_dags/example_task_group_decorator.py
[2025-01-22T00:33:58.065+0000] {processor.py:925} INFO - DAG(s) 'example_task_group_decorator' retrieved from /home/airflow/.local/lib/python3.12/site-packages/airflow/example_dags/example_task_group_decorator.py
[2025-01-22T00:33:58.100+0000] {logging_mixin.py:190} INFO - [2025-01-22T00:33:58.100+0000] {dag.py:3239} INFO - Sync 1 DAGs
[2025-01-22T00:33:58.119+0000] {logging_mixin.py:190} INFO - [2025-01-22T00:33:58.119+0000] {dag.py:4180} INFO - Setting next_dagrun for example_task_group_decorator to None, run_after=None
[2025-01-22T00:33:58.144+0000] {processor.py:208} INFO - Processing /home/airflow/.local/lib/python3.12/site-packages/airflow/example_dags/example_task_group_decorator.py took 0.119 seconds
[2025-01-22T00:34:28.602+0000] {processor.py:186} INFO - Started process (PID=4556) to work on /home/airflow/.local/lib/python3.12/site-packages/airflow/example_dags/example_task_group_decorator.py
[2025-01-22T00:34:28.603+0000] {processor.py:914} INFO - Processing file /home/airflow/.local/lib/python3.12/site-packages/airflow/example_dags/example_task_group_decorator.py for tasks to queue
[2025-01-22T00:34:28.606+0000] {logging_mixin.py:190} INFO - [2025-01-22T00:34:28.605+0000] {dagbag.py:588} INFO - Filling up the DagBag from /home/airflow/.local/lib/python3.12/site-packages/airflow/example_dags/example_task_group_decorator.py
[2025-01-22T00:34:28.620+0000] {processor.py:925} INFO - DAG(s) 'example_task_group_decorator' retrieved from /home/airflow/.local/lib/python3.12/site-packages/airflow/example_dags/example_task_group_decorator.py
[2025-01-22T00:34:28.642+0000] {logging_mixin.py:190} INFO - [2025-01-22T00:34:28.642+0000] {dag.py:3239} INFO - Sync 1 DAGs
[2025-01-22T00:34:28.655+0000] {logging_mixin.py:190} INFO - [2025-01-22T00:34:28.655+0000] {dag.py:4180} INFO - Setting next_dagrun for example_task_group_decorator to None, run_after=None
[2025-01-22T00:34:28.672+0000] {processor.py:208} INFO - Processing /home/airflow/.local/lib/python3.12/site-packages/airflow/example_dags/example_task_group_decorator.py took 0.074 seconds
[2025-01-22T00:34:59.011+0000] {processor.py:186} INFO - Started process (PID=4619) to work on /home/airflow/.local/lib/python3.12/site-packages/airflow/example_dags/example_task_group_decorator.py
[2025-01-22T00:34:59.012+0000] {processor.py:914} INFO - Processing file /home/airflow/.local/lib/python3.12/site-packages/airflow/example_dags/example_task_group_decorator.py for tasks to queue
[2025-01-22T00:34:59.015+0000] {logging_mixin.py:190} INFO - [2025-01-22T00:34:59.014+0000] {dagbag.py:588} INFO - Filling up the DagBag from /home/airflow/.local/lib/python3.12/site-packages/airflow/example_dags/example_task_group_decorator.py
[2025-01-22T00:34:59.031+0000] {processor.py:925} INFO - DAG(s) 'example_task_group_decorator' retrieved from /home/airflow/.local/lib/python3.12/site-packages/airflow/example_dags/example_task_group_decorator.py
[2025-01-22T00:34:59.059+0000] {logging_mixin.py:190} INFO - [2025-01-22T00:34:59.059+0000] {dag.py:3239} INFO - Sync 1 DAGs
[2025-01-22T00:34:59.076+0000] {logging_mixin.py:190} INFO - [2025-01-22T00:34:59.076+0000] {dag.py:4180} INFO - Setting next_dagrun for example_task_group_decorator to None, run_after=None
[2025-01-22T00:34:59.098+0000] {processor.py:208} INFO - Processing /home/airflow/.local/lib/python3.12/site-packages/airflow/example_dags/example_task_group_decorator.py took 0.095 seconds
[2025-01-22T00:35:29.503+0000] {processor.py:186} INFO - Started process (PID=4685) to work on /home/airflow/.local/lib/python3.12/site-packages/airflow/example_dags/example_task_group_decorator.py
[2025-01-22T00:35:29.505+0000] {processor.py:914} INFO - Processing file /home/airflow/.local/lib/python3.12/site-packages/airflow/example_dags/example_task_group_decorator.py for tasks to queue
[2025-01-22T00:35:29.507+0000] {logging_mixin.py:190} INFO - [2025-01-22T00:35:29.507+0000] {dagbag.py:588} INFO - Filling up the DagBag from /home/airflow/.local/lib/python3.12/site-packages/airflow/example_dags/example_task_group_decorator.py
[2025-01-22T00:35:29.527+0000] {processor.py:925} INFO - DAG(s) 'example_task_group_decorator' retrieved from /home/airflow/.local/lib/python3.12/site-packages/airflow/example_dags/example_task_group_decorator.py
[2025-01-22T00:35:29.548+0000] {logging_mixin.py:190} INFO - [2025-01-22T00:35:29.547+0000] {dag.py:3239} INFO - Sync 1 DAGs
[2025-01-22T00:35:29.561+0000] {logging_mixin.py:190} INFO - [2025-01-22T00:35:29.561+0000] {dag.py:4180} INFO - Setting next_dagrun for example_task_group_decorator to None, run_after=None
[2025-01-22T00:35:29.578+0000] {processor.py:208} INFO - Processing /home/airflow/.local/lib/python3.12/site-packages/airflow/example_dags/example_task_group_decorator.py took 0.082 seconds
[2025-01-22T00:35:59.808+0000] {processor.py:186} INFO - Started process (PID=4748) to work on /home/airflow/.local/lib/python3.12/site-packages/airflow/example_dags/example_task_group_decorator.py
[2025-01-22T00:35:59.809+0000] {processor.py:914} INFO - Processing file /home/airflow/.local/lib/python3.12/site-packages/airflow/example_dags/example_task_group_decorator.py for tasks to queue
[2025-01-22T00:35:59.811+0000] {logging_mixin.py:190} INFO - [2025-01-22T00:35:59.811+0000] {dagbag.py:588} INFO - Filling up the DagBag from /home/airflow/.local/lib/python3.12/site-packages/airflow/example_dags/example_task_group_decorator.py
[2025-01-22T00:35:59.831+0000] {processor.py:925} INFO - DAG(s) 'example_task_group_decorator' retrieved from /home/airflow/.local/lib/python3.12/site-packages/airflow/example_dags/example_task_group_decorator.py
[2025-01-22T00:35:59.853+0000] {logging_mixin.py:190} INFO - [2025-01-22T00:35:59.852+0000] {dag.py:3239} INFO - Sync 1 DAGs
[2025-01-22T00:35:59.867+0000] {logging_mixin.py:190} INFO - [2025-01-22T00:35:59.867+0000] {dag.py:4180} INFO - Setting next_dagrun for example_task_group_decorator to None, run_after=None
[2025-01-22T00:35:59.891+0000] {processor.py:208} INFO - Processing /home/airflow/.local/lib/python3.12/site-packages/airflow/example_dags/example_task_group_decorator.py took 0.088 seconds
[2025-01-22T00:36:30.550+0000] {processor.py:186} INFO - Started process (PID=4810) to work on /home/airflow/.local/lib/python3.12/site-packages/airflow/example_dags/example_task_group_decorator.py
[2025-01-22T00:36:30.551+0000] {processor.py:914} INFO - Processing file /home/airflow/.local/lib/python3.12/site-packages/airflow/example_dags/example_task_group_decorator.py for tasks to queue
[2025-01-22T00:36:30.555+0000] {logging_mixin.py:190} INFO - [2025-01-22T00:36:30.554+0000] {dagbag.py:588} INFO - Filling up the DagBag from /home/airflow/.local/lib/python3.12/site-packages/airflow/example_dags/example_task_group_decorator.py
[2025-01-22T00:36:30.582+0000] {processor.py:925} INFO - DAG(s) 'example_task_group_decorator' retrieved from /home/airflow/.local/lib/python3.12/site-packages/airflow/example_dags/example_task_group_decorator.py
[2025-01-22T00:36:30.611+0000] {logging_mixin.py:190} INFO - [2025-01-22T00:36:30.611+0000] {dag.py:3239} INFO - Sync 1 DAGs
[2025-01-22T00:36:30.626+0000] {logging_mixin.py:190} INFO - [2025-01-22T00:36:30.626+0000] {dag.py:4180} INFO - Setting next_dagrun for example_task_group_decorator to None, run_after=None
[2025-01-22T00:36:30.647+0000] {processor.py:208} INFO - Processing /home/airflow/.local/lib/python3.12/site-packages/airflow/example_dags/example_task_group_decorator.py took 0.103 seconds
[2025-01-22T00:37:00.828+0000] {processor.py:186} INFO - Started process (PID=4872) to work on /home/airflow/.local/lib/python3.12/site-packages/airflow/example_dags/example_task_group_decorator.py
[2025-01-22T00:37:00.829+0000] {processor.py:914} INFO - Processing file /home/airflow/.local/lib/python3.12/site-packages/airflow/example_dags/example_task_group_decorator.py for tasks to queue
[2025-01-22T00:37:00.832+0000] {logging_mixin.py:190} INFO - [2025-01-22T00:37:00.831+0000] {dagbag.py:588} INFO - Filling up the DagBag from /home/airflow/.local/lib/python3.12/site-packages/airflow/example_dags/example_task_group_decorator.py
[2025-01-22T00:37:00.848+0000] {processor.py:925} INFO - DAG(s) 'example_task_group_decorator' retrieved from /home/airflow/.local/lib/python3.12/site-packages/airflow/example_dags/example_task_group_decorator.py
[2025-01-22T00:37:00.869+0000] {logging_mixin.py:190} INFO - [2025-01-22T00:37:00.869+0000] {dag.py:3239} INFO - Sync 1 DAGs
[2025-01-22T00:37:00.884+0000] {logging_mixin.py:190} INFO - [2025-01-22T00:37:00.884+0000] {dag.py:4180} INFO - Setting next_dagrun for example_task_group_decorator to None, run_after=None
[2025-01-22T00:37:00.902+0000] {processor.py:208} INFO - Processing /home/airflow/.local/lib/python3.12/site-packages/airflow/example_dags/example_task_group_decorator.py took 0.082 seconds
[2025-01-22T00:37:31.459+0000] {processor.py:186} INFO - Started process (PID=4936) to work on /home/airflow/.local/lib/python3.12/site-packages/airflow/example_dags/example_task_group_decorator.py
[2025-01-22T00:37:31.460+0000] {processor.py:914} INFO - Processing file /home/airflow/.local/lib/python3.12/site-packages/airflow/example_dags/example_task_group_decorator.py for tasks to queue
[2025-01-22T00:37:31.463+0000] {logging_mixin.py:190} INFO - [2025-01-22T00:37:31.462+0000] {dagbag.py:588} INFO - Filling up the DagBag from /home/airflow/.local/lib/python3.12/site-packages/airflow/example_dags/example_task_group_decorator.py
[2025-01-22T00:37:31.483+0000] {processor.py:925} INFO - DAG(s) 'example_task_group_decorator' retrieved from /home/airflow/.local/lib/python3.12/site-packages/airflow/example_dags/example_task_group_decorator.py
[2025-01-22T00:37:31.511+0000] {logging_mixin.py:190} INFO - [2025-01-22T00:37:31.511+0000] {dag.py:3239} INFO - Sync 1 DAGs
[2025-01-22T00:37:31.527+0000] {logging_mixin.py:190} INFO - [2025-01-22T00:37:31.527+0000] {dag.py:4180} INFO - Setting next_dagrun for example_task_group_decorator to None, run_after=None
[2025-01-22T00:37:31.545+0000] {processor.py:208} INFO - Processing /home/airflow/.local/lib/python3.12/site-packages/airflow/example_dags/example_task_group_decorator.py took 0.092 seconds
[2025-01-22T00:38:02.975+0000] {processor.py:186} INFO - Started process (PID=4998) to work on /home/airflow/.local/lib/python3.12/site-packages/airflow/example_dags/example_task_group_decorator.py
[2025-01-22T00:38:02.976+0000] {processor.py:914} INFO - Processing file /home/airflow/.local/lib/python3.12/site-packages/airflow/example_dags/example_task_group_decorator.py for tasks to queue
[2025-01-22T00:38:02.980+0000] {logging_mixin.py:190} INFO - [2025-01-22T00:38:02.979+0000] {dagbag.py:588} INFO - Filling up the DagBag from /home/airflow/.local/lib/python3.12/site-packages/airflow/example_dags/example_task_group_decorator.py
[2025-01-22T00:38:02.997+0000] {processor.py:925} INFO - DAG(s) 'example_task_group_decorator' retrieved from /home/airflow/.local/lib/python3.12/site-packages/airflow/example_dags/example_task_group_decorator.py
[2025-01-22T00:38:03.028+0000] {logging_mixin.py:190} INFO - [2025-01-22T00:38:03.028+0000] {dag.py:3239} INFO - Sync 1 DAGs
[2025-01-22T00:38:03.047+0000] {logging_mixin.py:190} INFO - [2025-01-22T00:38:03.046+0000] {dag.py:4180} INFO - Setting next_dagrun for example_task_group_decorator to None, run_after=None
[2025-01-22T00:38:03.069+0000] {processor.py:208} INFO - Processing /home/airflow/.local/lib/python3.12/site-packages/airflow/example_dags/example_task_group_decorator.py took 0.100 seconds
[2025-01-22T00:38:34.093+0000] {processor.py:186} INFO - Started process (PID=5061) to work on /home/airflow/.local/lib/python3.12/site-packages/airflow/example_dags/example_task_group_decorator.py
[2025-01-22T00:38:34.094+0000] {processor.py:914} INFO - Processing file /home/airflow/.local/lib/python3.12/site-packages/airflow/example_dags/example_task_group_decorator.py for tasks to queue
[2025-01-22T00:38:34.096+0000] {logging_mixin.py:190} INFO - [2025-01-22T00:38:34.096+0000] {dagbag.py:588} INFO - Filling up the DagBag from /home/airflow/.local/lib/python3.12/site-packages/airflow/example_dags/example_task_group_decorator.py
[2025-01-22T00:38:34.119+0000] {processor.py:925} INFO - DAG(s) 'example_task_group_decorator' retrieved from /home/airflow/.local/lib/python3.12/site-packages/airflow/example_dags/example_task_group_decorator.py
[2025-01-22T00:38:34.144+0000] {logging_mixin.py:190} INFO - [2025-01-22T00:38:34.144+0000] {dag.py:3239} INFO - Sync 1 DAGs
[2025-01-22T00:38:34.168+0000] {logging_mixin.py:190} INFO - [2025-01-22T00:38:34.167+0000] {dag.py:4180} INFO - Setting next_dagrun for example_task_group_decorator to None, run_after=None
[2025-01-22T00:38:34.191+0000] {processor.py:208} INFO - Processing /home/airflow/.local/lib/python3.12/site-packages/airflow/example_dags/example_task_group_decorator.py took 0.103 seconds
[2025-01-22T00:39:04.306+0000] {processor.py:186} INFO - Started process (PID=5123) to work on /home/airflow/.local/lib/python3.12/site-packages/airflow/example_dags/example_task_group_decorator.py
[2025-01-22T00:39:04.307+0000] {processor.py:914} INFO - Processing file /home/airflow/.local/lib/python3.12/site-packages/airflow/example_dags/example_task_group_decorator.py for tasks to queue
[2025-01-22T00:39:04.309+0000] {logging_mixin.py:190} INFO - [2025-01-22T00:39:04.309+0000] {dagbag.py:588} INFO - Filling up the DagBag from /home/airflow/.local/lib/python3.12/site-packages/airflow/example_dags/example_task_group_decorator.py
[2025-01-22T00:39:04.323+0000] {processor.py:925} INFO - DAG(s) 'example_task_group_decorator' retrieved from /home/airflow/.local/lib/python3.12/site-packages/airflow/example_dags/example_task_group_decorator.py
[2025-01-22T00:39:04.344+0000] {logging_mixin.py:190} INFO - [2025-01-22T00:39:04.344+0000] {dag.py:3239} INFO - Sync 1 DAGs
[2025-01-22T00:39:04.357+0000] {logging_mixin.py:190} INFO - [2025-01-22T00:39:04.357+0000] {dag.py:4180} INFO - Setting next_dagrun for example_task_group_decorator to None, run_after=None
[2025-01-22T00:39:04.376+0000] {processor.py:208} INFO - Processing /home/airflow/.local/lib/python3.12/site-packages/airflow/example_dags/example_task_group_decorator.py took 0.076 seconds
[2025-01-22T00:39:34.608+0000] {processor.py:186} INFO - Started process (PID=5187) to work on /home/airflow/.local/lib/python3.12/site-packages/airflow/example_dags/example_task_group_decorator.py
[2025-01-22T00:39:34.609+0000] {processor.py:914} INFO - Processing file /home/airflow/.local/lib/python3.12/site-packages/airflow/example_dags/example_task_group_decorator.py for tasks to queue
[2025-01-22T00:39:34.611+0000] {logging_mixin.py:190} INFO - [2025-01-22T00:39:34.611+0000] {dagbag.py:588} INFO - Filling up the DagBag from /home/airflow/.local/lib/python3.12/site-packages/airflow/example_dags/example_task_group_decorator.py
[2025-01-22T00:39:34.630+0000] {processor.py:925} INFO - DAG(s) 'example_task_group_decorator' retrieved from /home/airflow/.local/lib/python3.12/site-packages/airflow/example_dags/example_task_group_decorator.py
[2025-01-22T00:39:34.655+0000] {logging_mixin.py:190} INFO - [2025-01-22T00:39:34.655+0000] {dag.py:3239} INFO - Sync 1 DAGs
[2025-01-22T00:39:34.671+0000] {logging_mixin.py:190} INFO - [2025-01-22T00:39:34.671+0000] {dag.py:4180} INFO - Setting next_dagrun for example_task_group_decorator to None, run_after=None
[2025-01-22T00:39:34.693+0000] {processor.py:208} INFO - Processing /home/airflow/.local/lib/python3.12/site-packages/airflow/example_dags/example_task_group_decorator.py took 0.091 seconds
[2025-01-22T00:40:05.489+0000] {processor.py:186} INFO - Started process (PID=5252) to work on /home/airflow/.local/lib/python3.12/site-packages/airflow/example_dags/example_task_group_decorator.py
[2025-01-22T00:40:05.490+0000] {processor.py:914} INFO - Processing file /home/airflow/.local/lib/python3.12/site-packages/airflow/example_dags/example_task_group_decorator.py for tasks to queue
[2025-01-22T00:40:05.492+0000] {logging_mixin.py:190} INFO - [2025-01-22T00:40:05.492+0000] {dagbag.py:588} INFO - Filling up the DagBag from /home/airflow/.local/lib/python3.12/site-packages/airflow/example_dags/example_task_group_decorator.py
[2025-01-22T00:40:05.510+0000] {processor.py:925} INFO - DAG(s) 'example_task_group_decorator' retrieved from /home/airflow/.local/lib/python3.12/site-packages/airflow/example_dags/example_task_group_decorator.py
[2025-01-22T00:40:05.540+0000] {logging_mixin.py:190} INFO - [2025-01-22T00:40:05.540+0000] {dag.py:3239} INFO - Sync 1 DAGs
[2025-01-22T00:40:05.560+0000] {logging_mixin.py:190} INFO - [2025-01-22T00:40:05.559+0000] {dag.py:4180} INFO - Setting next_dagrun for example_task_group_decorator to None, run_after=None
[2025-01-22T00:40:05.583+0000] {processor.py:208} INFO - Processing /home/airflow/.local/lib/python3.12/site-packages/airflow/example_dags/example_task_group_decorator.py took 0.099 seconds
[2025-01-22T00:40:35.803+0000] {processor.py:186} INFO - Started process (PID=5315) to work on /home/airflow/.local/lib/python3.12/site-packages/airflow/example_dags/example_task_group_decorator.py
[2025-01-22T00:40:35.804+0000] {processor.py:914} INFO - Processing file /home/airflow/.local/lib/python3.12/site-packages/airflow/example_dags/example_task_group_decorator.py for tasks to queue
[2025-01-22T00:40:35.807+0000] {logging_mixin.py:190} INFO - [2025-01-22T00:40:35.807+0000] {dagbag.py:588} INFO - Filling up the DagBag from /home/airflow/.local/lib/python3.12/site-packages/airflow/example_dags/example_task_group_decorator.py
[2025-01-22T00:40:35.850+0000] {processor.py:925} INFO - DAG(s) 'example_task_group_decorator' retrieved from /home/airflow/.local/lib/python3.12/site-packages/airflow/example_dags/example_task_group_decorator.py
[2025-01-22T00:40:35.924+0000] {logging_mixin.py:190} INFO - [2025-01-22T00:40:35.924+0000] {dag.py:3239} INFO - Sync 1 DAGs
[2025-01-22T00:40:35.979+0000] {logging_mixin.py:190} INFO - [2025-01-22T00:40:35.978+0000] {dag.py:4180} INFO - Setting next_dagrun for example_task_group_decorator to None, run_after=None
[2025-01-22T00:40:36.019+0000] {processor.py:208} INFO - Processing /home/airflow/.local/lib/python3.12/site-packages/airflow/example_dags/example_task_group_decorator.py took 0.224 seconds
[2025-01-22T00:41:06.710+0000] {processor.py:186} INFO - Started process (PID=5378) to work on /home/airflow/.local/lib/python3.12/site-packages/airflow/example_dags/example_task_group_decorator.py
[2025-01-22T00:41:06.711+0000] {processor.py:914} INFO - Processing file /home/airflow/.local/lib/python3.12/site-packages/airflow/example_dags/example_task_group_decorator.py for tasks to queue
[2025-01-22T00:41:06.714+0000] {logging_mixin.py:190} INFO - [2025-01-22T00:41:06.713+0000] {dagbag.py:588} INFO - Filling up the DagBag from /home/airflow/.local/lib/python3.12/site-packages/airflow/example_dags/example_task_group_decorator.py
[2025-01-22T00:41:06.729+0000] {processor.py:925} INFO - DAG(s) 'example_task_group_decorator' retrieved from /home/airflow/.local/lib/python3.12/site-packages/airflow/example_dags/example_task_group_decorator.py
[2025-01-22T00:41:06.754+0000] {logging_mixin.py:190} INFO - [2025-01-22T00:41:06.754+0000] {dag.py:3239} INFO - Sync 1 DAGs
[2025-01-22T00:41:06.767+0000] {logging_mixin.py:190} INFO - [2025-01-22T00:41:06.767+0000] {dag.py:4180} INFO - Setting next_dagrun for example_task_group_decorator to None, run_after=None
[2025-01-22T00:41:06.785+0000] {processor.py:208} INFO - Processing /home/airflow/.local/lib/python3.12/site-packages/airflow/example_dags/example_task_group_decorator.py took 0.080 seconds
[2025-01-22T00:41:37.686+0000] {processor.py:186} INFO - Started process (PID=5441) to work on /home/airflow/.local/lib/python3.12/site-packages/airflow/example_dags/example_task_group_decorator.py
[2025-01-22T00:41:37.687+0000] {processor.py:914} INFO - Processing file /home/airflow/.local/lib/python3.12/site-packages/airflow/example_dags/example_task_group_decorator.py for tasks to queue
[2025-01-22T00:41:37.689+0000] {logging_mixin.py:190} INFO - [2025-01-22T00:41:37.689+0000] {dagbag.py:588} INFO - Filling up the DagBag from /home/airflow/.local/lib/python3.12/site-packages/airflow/example_dags/example_task_group_decorator.py
[2025-01-22T00:41:37.708+0000] {processor.py:925} INFO - DAG(s) 'example_task_group_decorator' retrieved from /home/airflow/.local/lib/python3.12/site-packages/airflow/example_dags/example_task_group_decorator.py
[2025-01-22T00:41:37.732+0000] {logging_mixin.py:190} INFO - [2025-01-22T00:41:37.732+0000] {dag.py:3239} INFO - Sync 1 DAGs
[2025-01-22T00:41:37.747+0000] {logging_mixin.py:190} INFO - [2025-01-22T00:41:37.746+0000] {dag.py:4180} INFO - Setting next_dagrun for example_task_group_decorator to None, run_after=None
[2025-01-22T00:41:37.768+0000] {processor.py:208} INFO - Processing /home/airflow/.local/lib/python3.12/site-packages/airflow/example_dags/example_task_group_decorator.py took 0.088 seconds
[2025-01-22T00:42:08.078+0000] {processor.py:186} INFO - Started process (PID=5504) to work on /home/airflow/.local/lib/python3.12/site-packages/airflow/example_dags/example_task_group_decorator.py
[2025-01-22T00:42:08.079+0000] {processor.py:914} INFO - Processing file /home/airflow/.local/lib/python3.12/site-packages/airflow/example_dags/example_task_group_decorator.py for tasks to queue
[2025-01-22T00:42:08.082+0000] {logging_mixin.py:190} INFO - [2025-01-22T00:42:08.081+0000] {dagbag.py:588} INFO - Filling up the DagBag from /home/airflow/.local/lib/python3.12/site-packages/airflow/example_dags/example_task_group_decorator.py
[2025-01-22T00:42:08.106+0000] {processor.py:925} INFO - DAG(s) 'example_task_group_decorator' retrieved from /home/airflow/.local/lib/python3.12/site-packages/airflow/example_dags/example_task_group_decorator.py
[2025-01-22T00:42:08.133+0000] {logging_mixin.py:190} INFO - [2025-01-22T00:42:08.133+0000] {dag.py:3239} INFO - Sync 1 DAGs
[2025-01-22T00:42:08.162+0000] {logging_mixin.py:190} INFO - [2025-01-22T00:42:08.162+0000] {dag.py:4180} INFO - Setting next_dagrun for example_task_group_decorator to None, run_after=None
[2025-01-22T00:42:08.184+0000] {processor.py:208} INFO - Processing /home/airflow/.local/lib/python3.12/site-packages/airflow/example_dags/example_task_group_decorator.py took 0.112 seconds
[2025-01-22T00:42:38.742+0000] {processor.py:186} INFO - Started process (PID=5567) to work on /home/airflow/.local/lib/python3.12/site-packages/airflow/example_dags/example_task_group_decorator.py
[2025-01-22T00:42:38.744+0000] {processor.py:914} INFO - Processing file /home/airflow/.local/lib/python3.12/site-packages/airflow/example_dags/example_task_group_decorator.py for tasks to queue
[2025-01-22T00:42:38.747+0000] {logging_mixin.py:190} INFO - [2025-01-22T00:42:38.746+0000] {dagbag.py:588} INFO - Filling up the DagBag from /home/airflow/.local/lib/python3.12/site-packages/airflow/example_dags/example_task_group_decorator.py
[2025-01-22T00:42:38.767+0000] {processor.py:925} INFO - DAG(s) 'example_task_group_decorator' retrieved from /home/airflow/.local/lib/python3.12/site-packages/airflow/example_dags/example_task_group_decorator.py
[2025-01-22T00:42:38.792+0000] {logging_mixin.py:190} INFO - [2025-01-22T00:42:38.792+0000] {dag.py:3239} INFO - Sync 1 DAGs
[2025-01-22T00:42:38.811+0000] {logging_mixin.py:190} INFO - [2025-01-22T00:42:38.811+0000] {dag.py:4180} INFO - Setting next_dagrun for example_task_group_decorator to None, run_after=None
[2025-01-22T00:42:38.833+0000] {processor.py:208} INFO - Processing /home/airflow/.local/lib/python3.12/site-packages/airflow/example_dags/example_task_group_decorator.py took 0.100 seconds
