[2025-01-26T17:27:29.100+0000] {processor.py:186} INFO - Started process (PID=85) to work on /home/airflow/.local/lib/python3.12/site-packages/airflow/example_dags/example_branch_operator.py
[2025-01-26T17:27:29.106+0000] {processor.py:914} INFO - Processing file /home/airflow/.local/lib/python3.12/site-packages/airflow/example_dags/example_branch_operator.py for tasks to queue
[2025-01-26T17:27:29.113+0000] {logging_mixin.py:190} INFO - [2025-01-26T17:27:29.112+0000] {dagbag.py:588} INFO - Filling up the DagBag from /home/airflow/.local/lib/python3.12/site-packages/airflow/example_dags/example_branch_operator.py
[2025-01-26T17:27:29.177+0000] {processor.py:925} INFO - DAG(s) 'example_branch_operator' retrieved from /home/airflow/.local/lib/python3.12/site-packages/airflow/example_dags/example_branch_operator.py
[2025-01-26T17:27:29.653+0000] {logging_mixin.py:190} INFO - [2025-01-26T17:27:29.653+0000] {dag.py:3239} INFO - Sync 1 DAGs
[2025-01-26T17:27:29.740+0000] {logging_mixin.py:190} INFO - [2025-01-26T17:27:29.740+0000] {dag.py:4180} INFO - Setting next_dagrun for example_branch_operator to 2025-01-25 00:00:00+00:00, run_after=2025-01-26 00:00:00+00:00
[2025-01-26T17:27:29.821+0000] {processor.py:208} INFO - Processing /home/airflow/.local/lib/python3.12/site-packages/airflow/example_dags/example_branch_operator.py took 0.728 seconds
[2025-01-26T17:28:00.211+0000] {processor.py:186} INFO - Started process (PID=149) to work on /home/airflow/.local/lib/python3.12/site-packages/airflow/example_dags/example_branch_operator.py
[2025-01-26T17:28:00.213+0000] {processor.py:914} INFO - Processing file /home/airflow/.local/lib/python3.12/site-packages/airflow/example_dags/example_branch_operator.py for tasks to queue
[2025-01-26T17:28:00.231+0000] {logging_mixin.py:190} INFO - [2025-01-26T17:28:00.231+0000] {dagbag.py:588} INFO - Filling up the DagBag from /home/airflow/.local/lib/python3.12/site-packages/airflow/example_dags/example_branch_operator.py
[2025-01-26T17:28:00.307+0000] {processor.py:925} INFO - DAG(s) 'example_branch_operator' retrieved from /home/airflow/.local/lib/python3.12/site-packages/airflow/example_dags/example_branch_operator.py
[2025-01-26T17:28:00.407+0000] {logging_mixin.py:190} INFO - [2025-01-26T17:28:00.407+0000] {dag.py:3239} INFO - Sync 1 DAGs
[2025-01-26T17:28:00.504+0000] {logging_mixin.py:190} INFO - [2025-01-26T17:28:00.504+0000] {dag.py:4180} INFO - Setting next_dagrun for example_branch_operator to 2025-01-25 00:00:00+00:00, run_after=2025-01-26 00:00:00+00:00
[2025-01-26T17:28:00.569+0000] {processor.py:208} INFO - Processing /home/airflow/.local/lib/python3.12/site-packages/airflow/example_dags/example_branch_operator.py took 0.377 seconds
[2025-01-26T17:28:31.993+0000] {processor.py:186} INFO - Started process (PID=218) to work on /home/airflow/.local/lib/python3.12/site-packages/airflow/example_dags/example_branch_operator.py
[2025-01-26T17:28:31.995+0000] {processor.py:914} INFO - Processing file /home/airflow/.local/lib/python3.12/site-packages/airflow/example_dags/example_branch_operator.py for tasks to queue
[2025-01-26T17:28:31.998+0000] {logging_mixin.py:190} INFO - [2025-01-26T17:28:31.997+0000] {dagbag.py:588} INFO - Filling up the DagBag from /home/airflow/.local/lib/python3.12/site-packages/airflow/example_dags/example_branch_operator.py
[2025-01-26T17:28:32.031+0000] {processor.py:925} INFO - DAG(s) 'example_branch_operator' retrieved from /home/airflow/.local/lib/python3.12/site-packages/airflow/example_dags/example_branch_operator.py
[2025-01-26T17:28:32.093+0000] {logging_mixin.py:190} INFO - [2025-01-26T17:28:32.092+0000] {dag.py:3239} INFO - Sync 1 DAGs
[2025-01-26T17:28:32.126+0000] {logging_mixin.py:190} INFO - [2025-01-26T17:28:32.125+0000] {dag.py:4180} INFO - Setting next_dagrun for example_branch_operator to 2025-01-25 00:00:00+00:00, run_after=2025-01-26 00:00:00+00:00
[2025-01-26T17:28:32.162+0000] {processor.py:208} INFO - Processing /home/airflow/.local/lib/python3.12/site-packages/airflow/example_dags/example_branch_operator.py took 0.176 seconds
[2025-01-26T17:29:04.610+0000] {processor.py:186} INFO - Started process (PID=280) to work on /home/airflow/.local/lib/python3.12/site-packages/airflow/example_dags/example_branch_operator.py
[2025-01-26T17:29:04.612+0000] {processor.py:914} INFO - Processing file /home/airflow/.local/lib/python3.12/site-packages/airflow/example_dags/example_branch_operator.py for tasks to queue
[2025-01-26T17:29:04.621+0000] {logging_mixin.py:190} INFO - [2025-01-26T17:29:04.620+0000] {dagbag.py:588} INFO - Filling up the DagBag from /home/airflow/.local/lib/python3.12/site-packages/airflow/example_dags/example_branch_operator.py
[2025-01-26T17:29:04.655+0000] {processor.py:925} INFO - DAG(s) 'example_branch_operator' retrieved from /home/airflow/.local/lib/python3.12/site-packages/airflow/example_dags/example_branch_operator.py
[2025-01-26T17:29:04.710+0000] {logging_mixin.py:190} INFO - [2025-01-26T17:29:04.709+0000] {dag.py:3239} INFO - Sync 1 DAGs
[2025-01-26T17:29:04.736+0000] {logging_mixin.py:190} INFO - [2025-01-26T17:29:04.735+0000] {dag.py:4180} INFO - Setting next_dagrun for example_branch_operator to 2025-01-25 00:00:00+00:00, run_after=2025-01-26 00:00:00+00:00
[2025-01-26T17:29:04.756+0000] {processor.py:208} INFO - Processing /home/airflow/.local/lib/python3.12/site-packages/airflow/example_dags/example_branch_operator.py took 0.158 seconds
[2025-01-26T17:29:37.451+0000] {processor.py:186} INFO - Started process (PID=342) to work on /home/airflow/.local/lib/python3.12/site-packages/airflow/example_dags/example_branch_operator.py
[2025-01-26T17:29:37.452+0000] {processor.py:914} INFO - Processing file /home/airflow/.local/lib/python3.12/site-packages/airflow/example_dags/example_branch_operator.py for tasks to queue
[2025-01-26T17:29:37.455+0000] {logging_mixin.py:190} INFO - [2025-01-26T17:29:37.455+0000] {dagbag.py:588} INFO - Filling up the DagBag from /home/airflow/.local/lib/python3.12/site-packages/airflow/example_dags/example_branch_operator.py
[2025-01-26T17:29:37.489+0000] {processor.py:925} INFO - DAG(s) 'example_branch_operator' retrieved from /home/airflow/.local/lib/python3.12/site-packages/airflow/example_dags/example_branch_operator.py
[2025-01-26T17:29:37.556+0000] {logging_mixin.py:190} INFO - [2025-01-26T17:29:37.556+0000] {dag.py:3239} INFO - Sync 1 DAGs
[2025-01-26T17:29:37.601+0000] {logging_mixin.py:190} INFO - [2025-01-26T17:29:37.600+0000] {dag.py:4180} INFO - Setting next_dagrun for example_branch_operator to 2025-01-25 00:00:00+00:00, run_after=2025-01-26 00:00:00+00:00
[2025-01-26T17:29:37.637+0000] {processor.py:208} INFO - Processing /home/airflow/.local/lib/python3.12/site-packages/airflow/example_dags/example_branch_operator.py took 0.198 seconds
[2025-01-26T17:30:07.893+0000] {processor.py:186} INFO - Started process (PID=405) to work on /home/airflow/.local/lib/python3.12/site-packages/airflow/example_dags/example_branch_operator.py
[2025-01-26T17:30:07.894+0000] {processor.py:914} INFO - Processing file /home/airflow/.local/lib/python3.12/site-packages/airflow/example_dags/example_branch_operator.py for tasks to queue
[2025-01-26T17:30:07.897+0000] {logging_mixin.py:190} INFO - [2025-01-26T17:30:07.896+0000] {dagbag.py:588} INFO - Filling up the DagBag from /home/airflow/.local/lib/python3.12/site-packages/airflow/example_dags/example_branch_operator.py
[2025-01-26T17:30:07.920+0000] {processor.py:925} INFO - DAG(s) 'example_branch_operator' retrieved from /home/airflow/.local/lib/python3.12/site-packages/airflow/example_dags/example_branch_operator.py
[2025-01-26T17:30:07.952+0000] {logging_mixin.py:190} INFO - [2025-01-26T17:30:07.952+0000] {dag.py:3239} INFO - Sync 1 DAGs
[2025-01-26T17:30:07.985+0000] {logging_mixin.py:190} INFO - [2025-01-26T17:30:07.984+0000] {dag.py:4180} INFO - Setting next_dagrun for example_branch_operator to 2025-01-25 00:00:00+00:00, run_after=2025-01-26 00:00:00+00:00
[2025-01-26T17:30:08.010+0000] {processor.py:208} INFO - Processing /home/airflow/.local/lib/python3.12/site-packages/airflow/example_dags/example_branch_operator.py took 0.125 seconds
[2025-01-26T17:30:39.083+0000] {processor.py:186} INFO - Started process (PID=468) to work on /home/airflow/.local/lib/python3.12/site-packages/airflow/example_dags/example_branch_operator.py
[2025-01-26T17:30:39.085+0000] {processor.py:914} INFO - Processing file /home/airflow/.local/lib/python3.12/site-packages/airflow/example_dags/example_branch_operator.py for tasks to queue
[2025-01-26T17:30:39.090+0000] {logging_mixin.py:190} INFO - [2025-01-26T17:30:39.088+0000] {dagbag.py:588} INFO - Filling up the DagBag from /home/airflow/.local/lib/python3.12/site-packages/airflow/example_dags/example_branch_operator.py
[2025-01-26T17:30:39.116+0000] {processor.py:925} INFO - DAG(s) 'example_branch_operator' retrieved from /home/airflow/.local/lib/python3.12/site-packages/airflow/example_dags/example_branch_operator.py
[2025-01-26T17:30:39.155+0000] {logging_mixin.py:190} INFO - [2025-01-26T17:30:39.154+0000] {dag.py:3239} INFO - Sync 1 DAGs
[2025-01-26T17:30:39.188+0000] {logging_mixin.py:190} INFO - [2025-01-26T17:30:39.188+0000] {dag.py:4180} INFO - Setting next_dagrun for example_branch_operator to 2025-01-25 00:00:00+00:00, run_after=2025-01-26 00:00:00+00:00
[2025-01-26T17:30:39.217+0000] {processor.py:208} INFO - Processing /home/airflow/.local/lib/python3.12/site-packages/airflow/example_dags/example_branch_operator.py took 0.142 seconds
[2025-01-26T17:31:12.019+0000] {processor.py:186} INFO - Started process (PID=531) to work on /home/airflow/.local/lib/python3.12/site-packages/airflow/example_dags/example_branch_operator.py
[2025-01-26T17:31:12.020+0000] {processor.py:914} INFO - Processing file /home/airflow/.local/lib/python3.12/site-packages/airflow/example_dags/example_branch_operator.py for tasks to queue
[2025-01-26T17:31:12.022+0000] {logging_mixin.py:190} INFO - [2025-01-26T17:31:12.022+0000] {dagbag.py:588} INFO - Filling up the DagBag from /home/airflow/.local/lib/python3.12/site-packages/airflow/example_dags/example_branch_operator.py
[2025-01-26T17:31:12.044+0000] {processor.py:925} INFO - DAG(s) 'example_branch_operator' retrieved from /home/airflow/.local/lib/python3.12/site-packages/airflow/example_dags/example_branch_operator.py
[2025-01-26T17:31:12.074+0000] {logging_mixin.py:190} INFO - [2025-01-26T17:31:12.074+0000] {dag.py:3239} INFO - Sync 1 DAGs
[2025-01-26T17:31:12.130+0000] {logging_mixin.py:190} INFO - [2025-01-26T17:31:12.130+0000] {dag.py:4180} INFO - Setting next_dagrun for example_branch_operator to 2025-01-25 00:00:00+00:00, run_after=2025-01-26 00:00:00+00:00
[2025-01-26T17:31:12.157+0000] {processor.py:208} INFO - Processing /home/airflow/.local/lib/python3.12/site-packages/airflow/example_dags/example_branch_operator.py took 0.143 seconds
[2025-01-26T17:31:42.393+0000] {processor.py:186} INFO - Started process (PID=593) to work on /home/airflow/.local/lib/python3.12/site-packages/airflow/example_dags/example_branch_operator.py
[2025-01-26T17:31:42.394+0000] {processor.py:914} INFO - Processing file /home/airflow/.local/lib/python3.12/site-packages/airflow/example_dags/example_branch_operator.py for tasks to queue
[2025-01-26T17:31:42.397+0000] {logging_mixin.py:190} INFO - [2025-01-26T17:31:42.396+0000] {dagbag.py:588} INFO - Filling up the DagBag from /home/airflow/.local/lib/python3.12/site-packages/airflow/example_dags/example_branch_operator.py
[2025-01-26T17:31:42.417+0000] {processor.py:925} INFO - DAG(s) 'example_branch_operator' retrieved from /home/airflow/.local/lib/python3.12/site-packages/airflow/example_dags/example_branch_operator.py
[2025-01-26T17:31:42.449+0000] {logging_mixin.py:190} INFO - [2025-01-26T17:31:42.448+0000] {dag.py:3239} INFO - Sync 1 DAGs
[2025-01-26T17:31:42.476+0000] {logging_mixin.py:190} INFO - [2025-01-26T17:31:42.476+0000] {dag.py:4180} INFO - Setting next_dagrun for example_branch_operator to 2025-01-25 00:00:00+00:00, run_after=2025-01-26 00:00:00+00:00
[2025-01-26T17:31:42.506+0000] {processor.py:208} INFO - Processing /home/airflow/.local/lib/python3.12/site-packages/airflow/example_dags/example_branch_operator.py took 0.118 seconds
[2025-01-26T17:32:13.468+0000] {processor.py:186} INFO - Started process (PID=655) to work on /home/airflow/.local/lib/python3.12/site-packages/airflow/example_dags/example_branch_operator.py
[2025-01-26T17:32:13.469+0000] {processor.py:914} INFO - Processing file /home/airflow/.local/lib/python3.12/site-packages/airflow/example_dags/example_branch_operator.py for tasks to queue
[2025-01-26T17:32:13.477+0000] {logging_mixin.py:190} INFO - [2025-01-26T17:32:13.476+0000] {dagbag.py:588} INFO - Filling up the DagBag from /home/airflow/.local/lib/python3.12/site-packages/airflow/example_dags/example_branch_operator.py
[2025-01-26T17:32:13.504+0000] {processor.py:925} INFO - DAG(s) 'example_branch_operator' retrieved from /home/airflow/.local/lib/python3.12/site-packages/airflow/example_dags/example_branch_operator.py
[2025-01-26T17:32:13.562+0000] {logging_mixin.py:190} INFO - [2025-01-26T17:32:13.562+0000] {dag.py:3239} INFO - Sync 1 DAGs
[2025-01-26T17:32:13.598+0000] {logging_mixin.py:190} INFO - [2025-01-26T17:32:13.598+0000] {dag.py:4180} INFO - Setting next_dagrun for example_branch_operator to 2025-01-25 00:00:00+00:00, run_after=2025-01-26 00:00:00+00:00
[2025-01-26T17:32:13.636+0000] {processor.py:208} INFO - Processing /home/airflow/.local/lib/python3.12/site-packages/airflow/example_dags/example_branch_operator.py took 0.176 seconds
[2025-01-26T17:32:45.365+0000] {processor.py:186} INFO - Started process (PID=718) to work on /home/airflow/.local/lib/python3.12/site-packages/airflow/example_dags/example_branch_operator.py
[2025-01-26T17:32:45.366+0000] {processor.py:914} INFO - Processing file /home/airflow/.local/lib/python3.12/site-packages/airflow/example_dags/example_branch_operator.py for tasks to queue
[2025-01-26T17:32:45.369+0000] {logging_mixin.py:190} INFO - [2025-01-26T17:32:45.369+0000] {dagbag.py:588} INFO - Filling up the DagBag from /home/airflow/.local/lib/python3.12/site-packages/airflow/example_dags/example_branch_operator.py
[2025-01-26T17:32:45.390+0000] {processor.py:925} INFO - DAG(s) 'example_branch_operator' retrieved from /home/airflow/.local/lib/python3.12/site-packages/airflow/example_dags/example_branch_operator.py
[2025-01-26T17:32:45.423+0000] {logging_mixin.py:190} INFO - [2025-01-26T17:32:45.423+0000] {dag.py:3239} INFO - Sync 1 DAGs
[2025-01-26T17:32:45.464+0000] {logging_mixin.py:190} INFO - [2025-01-26T17:32:45.463+0000] {dag.py:4180} INFO - Setting next_dagrun for example_branch_operator to 2025-01-25 00:00:00+00:00, run_after=2025-01-26 00:00:00+00:00
[2025-01-26T17:32:45.484+0000] {processor.py:208} INFO - Processing /home/airflow/.local/lib/python3.12/site-packages/airflow/example_dags/example_branch_operator.py took 0.126 seconds
[2025-01-26T17:33:19.349+0000] {processor.py:186} INFO - Started process (PID=785) to work on /home/airflow/.local/lib/python3.12/site-packages/airflow/example_dags/example_branch_operator.py
[2025-01-26T17:33:19.350+0000] {processor.py:914} INFO - Processing file /home/airflow/.local/lib/python3.12/site-packages/airflow/example_dags/example_branch_operator.py for tasks to queue
[2025-01-26T17:33:19.354+0000] {logging_mixin.py:190} INFO - [2025-01-26T17:33:19.354+0000] {dagbag.py:588} INFO - Filling up the DagBag from /home/airflow/.local/lib/python3.12/site-packages/airflow/example_dags/example_branch_operator.py
[2025-01-26T17:33:19.388+0000] {processor.py:925} INFO - DAG(s) 'example_branch_operator' retrieved from /home/airflow/.local/lib/python3.12/site-packages/airflow/example_dags/example_branch_operator.py
[2025-01-26T17:33:19.431+0000] {logging_mixin.py:190} INFO - [2025-01-26T17:33:19.431+0000] {dag.py:3239} INFO - Sync 1 DAGs
[2025-01-26T17:33:19.492+0000] {logging_mixin.py:190} INFO - [2025-01-26T17:33:19.492+0000] {dag.py:4180} INFO - Setting next_dagrun for example_branch_operator to 2025-01-25 00:00:00+00:00, run_after=2025-01-26 00:00:00+00:00
[2025-01-26T17:33:19.531+0000] {processor.py:208} INFO - Processing /home/airflow/.local/lib/python3.12/site-packages/airflow/example_dags/example_branch_operator.py took 0.190 seconds
[2025-01-26T17:33:50.567+0000] {processor.py:186} INFO - Started process (PID=848) to work on /home/airflow/.local/lib/python3.12/site-packages/airflow/example_dags/example_branch_operator.py
[2025-01-26T17:33:50.568+0000] {processor.py:914} INFO - Processing file /home/airflow/.local/lib/python3.12/site-packages/airflow/example_dags/example_branch_operator.py for tasks to queue
[2025-01-26T17:33:50.570+0000] {logging_mixin.py:190} INFO - [2025-01-26T17:33:50.570+0000] {dagbag.py:588} INFO - Filling up the DagBag from /home/airflow/.local/lib/python3.12/site-packages/airflow/example_dags/example_branch_operator.py
[2025-01-26T17:33:50.599+0000] {processor.py:925} INFO - DAG(s) 'example_branch_operator' retrieved from /home/airflow/.local/lib/python3.12/site-packages/airflow/example_dags/example_branch_operator.py
[2025-01-26T17:33:50.660+0000] {logging_mixin.py:190} INFO - [2025-01-26T17:33:50.660+0000] {dag.py:3239} INFO - Sync 1 DAGs
[2025-01-26T17:33:50.711+0000] {logging_mixin.py:190} INFO - [2025-01-26T17:33:50.709+0000] {dag.py:4180} INFO - Setting next_dagrun for example_branch_operator to 2025-01-25 00:00:00+00:00, run_after=2025-01-26 00:00:00+00:00
[2025-01-26T17:33:50.753+0000] {processor.py:208} INFO - Processing /home/airflow/.local/lib/python3.12/site-packages/airflow/example_dags/example_branch_operator.py took 0.192 seconds
[2025-01-26T17:34:22.180+0000] {processor.py:186} INFO - Started process (PID=912) to work on /home/airflow/.local/lib/python3.12/site-packages/airflow/example_dags/example_branch_operator.py
[2025-01-26T17:34:22.181+0000] {processor.py:914} INFO - Processing file /home/airflow/.local/lib/python3.12/site-packages/airflow/example_dags/example_branch_operator.py for tasks to queue
[2025-01-26T17:34:22.183+0000] {logging_mixin.py:190} INFO - [2025-01-26T17:34:22.183+0000] {dagbag.py:588} INFO - Filling up the DagBag from /home/airflow/.local/lib/python3.12/site-packages/airflow/example_dags/example_branch_operator.py
[2025-01-26T17:34:22.206+0000] {processor.py:925} INFO - DAG(s) 'example_branch_operator' retrieved from /home/airflow/.local/lib/python3.12/site-packages/airflow/example_dags/example_branch_operator.py
[2025-01-26T17:34:22.243+0000] {logging_mixin.py:190} INFO - [2025-01-26T17:34:22.243+0000] {dag.py:3239} INFO - Sync 1 DAGs
[2025-01-26T17:34:22.279+0000] {logging_mixin.py:190} INFO - [2025-01-26T17:34:22.279+0000] {dag.py:4180} INFO - Setting next_dagrun for example_branch_operator to 2025-01-25 00:00:00+00:00, run_after=2025-01-26 00:00:00+00:00
[2025-01-26T17:34:22.308+0000] {processor.py:208} INFO - Processing /home/airflow/.local/lib/python3.12/site-packages/airflow/example_dags/example_branch_operator.py took 0.136 seconds
[2025-01-26T17:34:53.661+0000] {processor.py:186} INFO - Started process (PID=975) to work on /home/airflow/.local/lib/python3.12/site-packages/airflow/example_dags/example_branch_operator.py
[2025-01-26T17:34:53.662+0000] {processor.py:914} INFO - Processing file /home/airflow/.local/lib/python3.12/site-packages/airflow/example_dags/example_branch_operator.py for tasks to queue
[2025-01-26T17:34:53.665+0000] {logging_mixin.py:190} INFO - [2025-01-26T17:34:53.665+0000] {dagbag.py:588} INFO - Filling up the DagBag from /home/airflow/.local/lib/python3.12/site-packages/airflow/example_dags/example_branch_operator.py
[2025-01-26T17:34:53.692+0000] {processor.py:925} INFO - DAG(s) 'example_branch_operator' retrieved from /home/airflow/.local/lib/python3.12/site-packages/airflow/example_dags/example_branch_operator.py
[2025-01-26T17:34:53.732+0000] {logging_mixin.py:190} INFO - [2025-01-26T17:34:53.732+0000] {dag.py:3239} INFO - Sync 1 DAGs
[2025-01-26T17:34:53.770+0000] {logging_mixin.py:190} INFO - [2025-01-26T17:34:53.770+0000] {dag.py:4180} INFO - Setting next_dagrun for example_branch_operator to 2025-01-25 00:00:00+00:00, run_after=2025-01-26 00:00:00+00:00
[2025-01-26T17:34:53.795+0000] {processor.py:208} INFO - Processing /home/airflow/.local/lib/python3.12/site-packages/airflow/example_dags/example_branch_operator.py took 0.141 seconds
[2025-01-26T17:35:25.341+0000] {processor.py:186} INFO - Started process (PID=1038) to work on /home/airflow/.local/lib/python3.12/site-packages/airflow/example_dags/example_branch_operator.py
[2025-01-26T17:35:25.361+0000] {processor.py:914} INFO - Processing file /home/airflow/.local/lib/python3.12/site-packages/airflow/example_dags/example_branch_operator.py for tasks to queue
[2025-01-26T17:35:25.367+0000] {logging_mixin.py:190} INFO - [2025-01-26T17:35:25.367+0000] {dagbag.py:588} INFO - Filling up the DagBag from /home/airflow/.local/lib/python3.12/site-packages/airflow/example_dags/example_branch_operator.py
[2025-01-26T17:35:25.431+0000] {processor.py:925} INFO - DAG(s) 'example_branch_operator' retrieved from /home/airflow/.local/lib/python3.12/site-packages/airflow/example_dags/example_branch_operator.py
[2025-01-26T17:35:25.540+0000] {logging_mixin.py:190} INFO - [2025-01-26T17:35:25.530+0000] {dag.py:3239} INFO - Sync 1 DAGs
[2025-01-26T17:35:25.639+0000] {logging_mixin.py:190} INFO - [2025-01-26T17:35:25.638+0000] {dag.py:4180} INFO - Setting next_dagrun for example_branch_operator to 2025-01-25 00:00:00+00:00, run_after=2025-01-26 00:00:00+00:00
[2025-01-26T17:35:25.759+0000] {processor.py:208} INFO - Processing /home/airflow/.local/lib/python3.12/site-packages/airflow/example_dags/example_branch_operator.py took 0.425 seconds
[2025-01-26T17:35:57.260+0000] {processor.py:186} INFO - Started process (PID=1101) to work on /home/airflow/.local/lib/python3.12/site-packages/airflow/example_dags/example_branch_operator.py
[2025-01-26T17:35:57.261+0000] {processor.py:914} INFO - Processing file /home/airflow/.local/lib/python3.12/site-packages/airflow/example_dags/example_branch_operator.py for tasks to queue
[2025-01-26T17:35:57.265+0000] {logging_mixin.py:190} INFO - [2025-01-26T17:35:57.264+0000] {dagbag.py:588} INFO - Filling up the DagBag from /home/airflow/.local/lib/python3.12/site-packages/airflow/example_dags/example_branch_operator.py
[2025-01-26T17:35:57.300+0000] {processor.py:925} INFO - DAG(s) 'example_branch_operator' retrieved from /home/airflow/.local/lib/python3.12/site-packages/airflow/example_dags/example_branch_operator.py
[2025-01-26T17:35:57.342+0000] {logging_mixin.py:190} INFO - [2025-01-26T17:35:57.342+0000] {dag.py:3239} INFO - Sync 1 DAGs
[2025-01-26T17:35:57.388+0000] {logging_mixin.py:190} INFO - [2025-01-26T17:35:57.388+0000] {dag.py:4180} INFO - Setting next_dagrun for example_branch_operator to 2025-01-25 00:00:00+00:00, run_after=2025-01-26 00:00:00+00:00
[2025-01-26T17:35:57.426+0000] {processor.py:208} INFO - Processing /home/airflow/.local/lib/python3.12/site-packages/airflow/example_dags/example_branch_operator.py took 0.176 seconds
[2025-01-26T17:36:28.939+0000] {processor.py:186} INFO - Started process (PID=1164) to work on /home/airflow/.local/lib/python3.12/site-packages/airflow/example_dags/example_branch_operator.py
[2025-01-26T17:36:28.942+0000] {processor.py:914} INFO - Processing file /home/airflow/.local/lib/python3.12/site-packages/airflow/example_dags/example_branch_operator.py for tasks to queue
[2025-01-26T17:36:28.945+0000] {logging_mixin.py:190} INFO - [2025-01-26T17:36:28.945+0000] {dagbag.py:588} INFO - Filling up the DagBag from /home/airflow/.local/lib/python3.12/site-packages/airflow/example_dags/example_branch_operator.py
[2025-01-26T17:36:28.988+0000] {processor.py:925} INFO - DAG(s) 'example_branch_operator' retrieved from /home/airflow/.local/lib/python3.12/site-packages/airflow/example_dags/example_branch_operator.py
[2025-01-26T17:36:29.053+0000] {logging_mixin.py:190} INFO - [2025-01-26T17:36:29.053+0000] {dag.py:3239} INFO - Sync 1 DAGs
[2025-01-26T17:36:29.104+0000] {logging_mixin.py:190} INFO - [2025-01-26T17:36:29.104+0000] {dag.py:4180} INFO - Setting next_dagrun for example_branch_operator to 2025-01-25 00:00:00+00:00, run_after=2025-01-26 00:00:00+00:00
[2025-01-26T17:36:29.142+0000] {processor.py:208} INFO - Processing /home/airflow/.local/lib/python3.12/site-packages/airflow/example_dags/example_branch_operator.py took 0.212 seconds
[2025-01-26T17:37:00.249+0000] {processor.py:186} INFO - Started process (PID=1230) to work on /home/airflow/.local/lib/python3.12/site-packages/airflow/example_dags/example_branch_operator.py
[2025-01-26T17:37:00.250+0000] {processor.py:914} INFO - Processing file /home/airflow/.local/lib/python3.12/site-packages/airflow/example_dags/example_branch_operator.py for tasks to queue
[2025-01-26T17:37:00.253+0000] {logging_mixin.py:190} INFO - [2025-01-26T17:37:00.253+0000] {dagbag.py:588} INFO - Filling up the DagBag from /home/airflow/.local/lib/python3.12/site-packages/airflow/example_dags/example_branch_operator.py
[2025-01-26T17:37:00.287+0000] {processor.py:925} INFO - DAG(s) 'example_branch_operator' retrieved from /home/airflow/.local/lib/python3.12/site-packages/airflow/example_dags/example_branch_operator.py
[2025-01-26T17:37:00.340+0000] {logging_mixin.py:190} INFO - [2025-01-26T17:37:00.339+0000] {dag.py:3239} INFO - Sync 1 DAGs
[2025-01-26T17:37:00.375+0000] {logging_mixin.py:190} INFO - [2025-01-26T17:37:00.374+0000] {dag.py:4180} INFO - Setting next_dagrun for example_branch_operator to 2025-01-25 00:00:00+00:00, run_after=2025-01-26 00:00:00+00:00
[2025-01-26T17:37:00.402+0000] {processor.py:208} INFO - Processing /home/airflow/.local/lib/python3.12/site-packages/airflow/example_dags/example_branch_operator.py took 0.166 seconds
[2025-01-26T17:37:32.046+0000] {processor.py:186} INFO - Started process (PID=1292) to work on /home/airflow/.local/lib/python3.12/site-packages/airflow/example_dags/example_branch_operator.py
[2025-01-26T17:37:32.049+0000] {processor.py:914} INFO - Processing file /home/airflow/.local/lib/python3.12/site-packages/airflow/example_dags/example_branch_operator.py for tasks to queue
[2025-01-26T17:37:32.075+0000] {logging_mixin.py:190} INFO - [2025-01-26T17:37:32.074+0000] {dagbag.py:588} INFO - Filling up the DagBag from /home/airflow/.local/lib/python3.12/site-packages/airflow/example_dags/example_branch_operator.py
[2025-01-26T17:37:32.138+0000] {processor.py:925} INFO - DAG(s) 'example_branch_operator' retrieved from /home/airflow/.local/lib/python3.12/site-packages/airflow/example_dags/example_branch_operator.py
[2025-01-26T17:37:32.206+0000] {logging_mixin.py:190} INFO - [2025-01-26T17:37:32.205+0000] {dag.py:3239} INFO - Sync 1 DAGs
[2025-01-26T17:37:32.271+0000] {logging_mixin.py:190} INFO - [2025-01-26T17:37:32.270+0000] {dag.py:4180} INFO - Setting next_dagrun for example_branch_operator to 2025-01-25 00:00:00+00:00, run_after=2025-01-26 00:00:00+00:00
[2025-01-26T17:37:32.304+0000] {processor.py:208} INFO - Processing /home/airflow/.local/lib/python3.12/site-packages/airflow/example_dags/example_branch_operator.py took 0.270 seconds
[2025-01-26T17:38:06.595+0000] {processor.py:186} INFO - Started process (PID=1367) to work on /home/airflow/.local/lib/python3.12/site-packages/airflow/example_dags/example_branch_operator.py
[2025-01-26T17:38:06.596+0000] {processor.py:914} INFO - Processing file /home/airflow/.local/lib/python3.12/site-packages/airflow/example_dags/example_branch_operator.py for tasks to queue
[2025-01-26T17:38:06.610+0000] {logging_mixin.py:190} INFO - [2025-01-26T17:38:06.610+0000] {dagbag.py:588} INFO - Filling up the DagBag from /home/airflow/.local/lib/python3.12/site-packages/airflow/example_dags/example_branch_operator.py
[2025-01-26T17:38:06.685+0000] {processor.py:925} INFO - DAG(s) 'example_branch_operator' retrieved from /home/airflow/.local/lib/python3.12/site-packages/airflow/example_dags/example_branch_operator.py
[2025-01-26T17:38:06.779+0000] {logging_mixin.py:190} INFO - [2025-01-26T17:38:06.779+0000] {dag.py:3239} INFO - Sync 1 DAGs
[2025-01-26T17:38:06.866+0000] {logging_mixin.py:190} INFO - [2025-01-26T17:38:06.866+0000] {dag.py:4180} INFO - Setting next_dagrun for example_branch_operator to 2025-01-25 00:00:00+00:00, run_after=2025-01-26 00:00:00+00:00
[2025-01-26T17:38:06.941+0000] {processor.py:208} INFO - Processing /home/airflow/.local/lib/python3.12/site-packages/airflow/example_dags/example_branch_operator.py took 0.366 seconds
[2025-01-26T17:38:37.714+0000] {processor.py:186} INFO - Started process (PID=1429) to work on /home/airflow/.local/lib/python3.12/site-packages/airflow/example_dags/example_branch_operator.py
[2025-01-26T17:38:37.715+0000] {processor.py:914} INFO - Processing file /home/airflow/.local/lib/python3.12/site-packages/airflow/example_dags/example_branch_operator.py for tasks to queue
[2025-01-26T17:38:37.718+0000] {logging_mixin.py:190} INFO - [2025-01-26T17:38:37.718+0000] {dagbag.py:588} INFO - Filling up the DagBag from /home/airflow/.local/lib/python3.12/site-packages/airflow/example_dags/example_branch_operator.py
[2025-01-26T17:38:37.752+0000] {processor.py:925} INFO - DAG(s) 'example_branch_operator' retrieved from /home/airflow/.local/lib/python3.12/site-packages/airflow/example_dags/example_branch_operator.py
[2025-01-26T17:38:37.790+0000] {logging_mixin.py:190} INFO - [2025-01-26T17:38:37.790+0000] {dag.py:3239} INFO - Sync 1 DAGs
[2025-01-26T17:38:37.823+0000] {logging_mixin.py:190} INFO - [2025-01-26T17:38:37.823+0000] {dag.py:4180} INFO - Setting next_dagrun for example_branch_operator to 2025-01-25 00:00:00+00:00, run_after=2025-01-26 00:00:00+00:00
[2025-01-26T17:38:37.859+0000] {processor.py:208} INFO - Processing /home/airflow/.local/lib/python3.12/site-packages/airflow/example_dags/example_branch_operator.py took 0.152 seconds
[2025-01-26T17:39:09.728+0000] {processor.py:186} INFO - Started process (PID=1492) to work on /home/airflow/.local/lib/python3.12/site-packages/airflow/example_dags/example_branch_operator.py
[2025-01-26T17:39:09.729+0000] {processor.py:914} INFO - Processing file /home/airflow/.local/lib/python3.12/site-packages/airflow/example_dags/example_branch_operator.py for tasks to queue
[2025-01-26T17:39:09.732+0000] {logging_mixin.py:190} INFO - [2025-01-26T17:39:09.731+0000] {dagbag.py:588} INFO - Filling up the DagBag from /home/airflow/.local/lib/python3.12/site-packages/airflow/example_dags/example_branch_operator.py
[2025-01-26T17:39:09.758+0000] {processor.py:925} INFO - DAG(s) 'example_branch_operator' retrieved from /home/airflow/.local/lib/python3.12/site-packages/airflow/example_dags/example_branch_operator.py
[2025-01-26T17:39:09.794+0000] {logging_mixin.py:190} INFO - [2025-01-26T17:39:09.794+0000] {dag.py:3239} INFO - Sync 1 DAGs
[2025-01-26T17:39:09.839+0000] {logging_mixin.py:190} INFO - [2025-01-26T17:39:09.839+0000] {dag.py:4180} INFO - Setting next_dagrun for example_branch_operator to 2025-01-25 00:00:00+00:00, run_after=2025-01-26 00:00:00+00:00
[2025-01-26T17:39:09.884+0000] {processor.py:208} INFO - Processing /home/airflow/.local/lib/python3.12/site-packages/airflow/example_dags/example_branch_operator.py took 0.164 seconds
[2025-01-26T17:39:40.091+0000] {processor.py:186} INFO - Started process (PID=1555) to work on /home/airflow/.local/lib/python3.12/site-packages/airflow/example_dags/example_branch_operator.py
[2025-01-26T17:39:40.092+0000] {processor.py:914} INFO - Processing file /home/airflow/.local/lib/python3.12/site-packages/airflow/example_dags/example_branch_operator.py for tasks to queue
[2025-01-26T17:39:40.095+0000] {logging_mixin.py:190} INFO - [2025-01-26T17:39:40.095+0000] {dagbag.py:588} INFO - Filling up the DagBag from /home/airflow/.local/lib/python3.12/site-packages/airflow/example_dags/example_branch_operator.py
[2025-01-26T17:39:40.116+0000] {processor.py:925} INFO - DAG(s) 'example_branch_operator' retrieved from /home/airflow/.local/lib/python3.12/site-packages/airflow/example_dags/example_branch_operator.py
[2025-01-26T17:39:40.145+0000] {logging_mixin.py:190} INFO - [2025-01-26T17:39:40.145+0000] {dag.py:3239} INFO - Sync 1 DAGs
[2025-01-26T17:39:40.176+0000] {logging_mixin.py:190} INFO - [2025-01-26T17:39:40.176+0000] {dag.py:4180} INFO - Setting next_dagrun for example_branch_operator to 2025-01-25 00:00:00+00:00, run_after=2025-01-26 00:00:00+00:00
[2025-01-26T17:39:40.197+0000] {processor.py:208} INFO - Processing /home/airflow/.local/lib/python3.12/site-packages/airflow/example_dags/example_branch_operator.py took 0.112 seconds
[2025-01-26T17:40:10.393+0000] {processor.py:186} INFO - Started process (PID=1618) to work on /home/airflow/.local/lib/python3.12/site-packages/airflow/example_dags/example_branch_operator.py
[2025-01-26T17:40:10.394+0000] {processor.py:914} INFO - Processing file /home/airflow/.local/lib/python3.12/site-packages/airflow/example_dags/example_branch_operator.py for tasks to queue
[2025-01-26T17:40:10.396+0000] {logging_mixin.py:190} INFO - [2025-01-26T17:40:10.396+0000] {dagbag.py:588} INFO - Filling up the DagBag from /home/airflow/.local/lib/python3.12/site-packages/airflow/example_dags/example_branch_operator.py
[2025-01-26T17:40:10.413+0000] {processor.py:925} INFO - DAG(s) 'example_branch_operator' retrieved from /home/airflow/.local/lib/python3.12/site-packages/airflow/example_dags/example_branch_operator.py
[2025-01-26T17:40:10.441+0000] {logging_mixin.py:190} INFO - [2025-01-26T17:40:10.440+0000] {dag.py:3239} INFO - Sync 1 DAGs
[2025-01-26T17:40:10.469+0000] {logging_mixin.py:190} INFO - [2025-01-26T17:40:10.468+0000] {dag.py:4180} INFO - Setting next_dagrun for example_branch_operator to 2025-01-25 00:00:00+00:00, run_after=2025-01-26 00:00:00+00:00
[2025-01-26T17:40:10.489+0000] {processor.py:208} INFO - Processing /home/airflow/.local/lib/python3.12/site-packages/airflow/example_dags/example_branch_operator.py took 0.102 seconds
[2025-01-26T17:40:41.144+0000] {processor.py:186} INFO - Started process (PID=1681) to work on /home/airflow/.local/lib/python3.12/site-packages/airflow/example_dags/example_branch_operator.py
[2025-01-26T17:40:41.145+0000] {processor.py:914} INFO - Processing file /home/airflow/.local/lib/python3.12/site-packages/airflow/example_dags/example_branch_operator.py for tasks to queue
[2025-01-26T17:40:41.147+0000] {logging_mixin.py:190} INFO - [2025-01-26T17:40:41.147+0000] {dagbag.py:588} INFO - Filling up the DagBag from /home/airflow/.local/lib/python3.12/site-packages/airflow/example_dags/example_branch_operator.py
[2025-01-26T17:40:41.167+0000] {processor.py:925} INFO - DAG(s) 'example_branch_operator' retrieved from /home/airflow/.local/lib/python3.12/site-packages/airflow/example_dags/example_branch_operator.py
[2025-01-26T17:40:41.197+0000] {logging_mixin.py:190} INFO - [2025-01-26T17:40:41.197+0000] {dag.py:3239} INFO - Sync 1 DAGs
[2025-01-26T17:40:41.227+0000] {logging_mixin.py:190} INFO - [2025-01-26T17:40:41.227+0000] {dag.py:4180} INFO - Setting next_dagrun for example_branch_operator to 2025-01-25 00:00:00+00:00, run_after=2025-01-26 00:00:00+00:00
[2025-01-26T17:40:41.246+0000] {processor.py:208} INFO - Processing /home/airflow/.local/lib/python3.12/site-packages/airflow/example_dags/example_branch_operator.py took 0.108 seconds
[2025-01-26T17:41:11.482+0000] {processor.py:186} INFO - Started process (PID=1744) to work on /home/airflow/.local/lib/python3.12/site-packages/airflow/example_dags/example_branch_operator.py
[2025-01-26T17:41:11.483+0000] {processor.py:914} INFO - Processing file /home/airflow/.local/lib/python3.12/site-packages/airflow/example_dags/example_branch_operator.py for tasks to queue
[2025-01-26T17:41:11.487+0000] {logging_mixin.py:190} INFO - [2025-01-26T17:41:11.487+0000] {dagbag.py:588} INFO - Filling up the DagBag from /home/airflow/.local/lib/python3.12/site-packages/airflow/example_dags/example_branch_operator.py
[2025-01-26T17:41:11.508+0000] {processor.py:925} INFO - DAG(s) 'example_branch_operator' retrieved from /home/airflow/.local/lib/python3.12/site-packages/airflow/example_dags/example_branch_operator.py
[2025-01-26T17:41:11.541+0000] {logging_mixin.py:190} INFO - [2025-01-26T17:41:11.540+0000] {dag.py:3239} INFO - Sync 1 DAGs
[2025-01-26T17:41:11.579+0000] {logging_mixin.py:190} INFO - [2025-01-26T17:41:11.579+0000] {dag.py:4180} INFO - Setting next_dagrun for example_branch_operator to 2025-01-25 00:00:00+00:00, run_after=2025-01-26 00:00:00+00:00
[2025-01-26T17:41:11.606+0000] {processor.py:208} INFO - Processing /home/airflow/.local/lib/python3.12/site-packages/airflow/example_dags/example_branch_operator.py took 0.131 seconds
[2025-01-26T17:41:41.752+0000] {processor.py:186} INFO - Started process (PID=1806) to work on /home/airflow/.local/lib/python3.12/site-packages/airflow/example_dags/example_branch_operator.py
[2025-01-26T17:41:41.753+0000] {processor.py:914} INFO - Processing file /home/airflow/.local/lib/python3.12/site-packages/airflow/example_dags/example_branch_operator.py for tasks to queue
[2025-01-26T17:41:41.755+0000] {logging_mixin.py:190} INFO - [2025-01-26T17:41:41.755+0000] {dagbag.py:588} INFO - Filling up the DagBag from /home/airflow/.local/lib/python3.12/site-packages/airflow/example_dags/example_branch_operator.py
[2025-01-26T17:41:41.774+0000] {processor.py:925} INFO - DAG(s) 'example_branch_operator' retrieved from /home/airflow/.local/lib/python3.12/site-packages/airflow/example_dags/example_branch_operator.py
[2025-01-26T17:41:41.801+0000] {logging_mixin.py:190} INFO - [2025-01-26T17:41:41.801+0000] {dag.py:3239} INFO - Sync 1 DAGs
[2025-01-26T17:41:41.828+0000] {logging_mixin.py:190} INFO - [2025-01-26T17:41:41.828+0000] {dag.py:4180} INFO - Setting next_dagrun for example_branch_operator to 2025-01-25 00:00:00+00:00, run_after=2025-01-26 00:00:00+00:00
[2025-01-26T17:41:41.849+0000] {processor.py:208} INFO - Processing /home/airflow/.local/lib/python3.12/site-packages/airflow/example_dags/example_branch_operator.py took 0.103 seconds
[2025-01-26T17:42:14.190+0000] {processor.py:186} INFO - Started process (PID=1869) to work on /home/airflow/.local/lib/python3.12/site-packages/airflow/example_dags/example_branch_operator.py
[2025-01-26T17:42:14.192+0000] {processor.py:914} INFO - Processing file /home/airflow/.local/lib/python3.12/site-packages/airflow/example_dags/example_branch_operator.py for tasks to queue
[2025-01-26T17:42:14.206+0000] {logging_mixin.py:190} INFO - [2025-01-26T17:42:14.196+0000] {dagbag.py:588} INFO - Filling up the DagBag from /home/airflow/.local/lib/python3.12/site-packages/airflow/example_dags/example_branch_operator.py
[2025-01-26T17:42:14.274+0000] {processor.py:925} INFO - DAG(s) 'example_branch_operator' retrieved from /home/airflow/.local/lib/python3.12/site-packages/airflow/example_dags/example_branch_operator.py
[2025-01-26T17:42:14.364+0000] {logging_mixin.py:190} INFO - [2025-01-26T17:42:14.364+0000] {dag.py:3239} INFO - Sync 1 DAGs
[2025-01-26T17:42:14.452+0000] {logging_mixin.py:190} INFO - [2025-01-26T17:42:14.452+0000] {dag.py:4180} INFO - Setting next_dagrun for example_branch_operator to 2025-01-25 00:00:00+00:00, run_after=2025-01-26 00:00:00+00:00
[2025-01-26T17:42:14.512+0000] {processor.py:208} INFO - Processing /home/airflow/.local/lib/python3.12/site-packages/airflow/example_dags/example_branch_operator.py took 0.346 seconds
[2025-01-26T17:42:44.975+0000] {processor.py:186} INFO - Started process (PID=1932) to work on /home/airflow/.local/lib/python3.12/site-packages/airflow/example_dags/example_branch_operator.py
[2025-01-26T17:42:44.976+0000] {processor.py:914} INFO - Processing file /home/airflow/.local/lib/python3.12/site-packages/airflow/example_dags/example_branch_operator.py for tasks to queue
[2025-01-26T17:42:44.981+0000] {logging_mixin.py:190} INFO - [2025-01-26T17:42:44.979+0000] {dagbag.py:588} INFO - Filling up the DagBag from /home/airflow/.local/lib/python3.12/site-packages/airflow/example_dags/example_branch_operator.py
[2025-01-26T17:42:45.005+0000] {processor.py:925} INFO - DAG(s) 'example_branch_operator' retrieved from /home/airflow/.local/lib/python3.12/site-packages/airflow/example_dags/example_branch_operator.py
[2025-01-26T17:42:45.043+0000] {logging_mixin.py:190} INFO - [2025-01-26T17:42:45.043+0000] {dag.py:3239} INFO - Sync 1 DAGs
[2025-01-26T17:42:45.082+0000] {logging_mixin.py:190} INFO - [2025-01-26T17:42:45.082+0000] {dag.py:4180} INFO - Setting next_dagrun for example_branch_operator to 2025-01-25 00:00:00+00:00, run_after=2025-01-26 00:00:00+00:00
[2025-01-26T17:42:45.132+0000] {processor.py:208} INFO - Processing /home/airflow/.local/lib/python3.12/site-packages/airflow/example_dags/example_branch_operator.py took 0.163 seconds
[2025-01-26T17:43:16.317+0000] {processor.py:186} INFO - Started process (PID=1995) to work on /home/airflow/.local/lib/python3.12/site-packages/airflow/example_dags/example_branch_operator.py
[2025-01-26T17:43:16.319+0000] {processor.py:914} INFO - Processing file /home/airflow/.local/lib/python3.12/site-packages/airflow/example_dags/example_branch_operator.py for tasks to queue
[2025-01-26T17:43:16.332+0000] {logging_mixin.py:190} INFO - [2025-01-26T17:43:16.331+0000] {dagbag.py:588} INFO - Filling up the DagBag from /home/airflow/.local/lib/python3.12/site-packages/airflow/example_dags/example_branch_operator.py
[2025-01-26T17:43:16.411+0000] {processor.py:925} INFO - DAG(s) 'example_branch_operator' retrieved from /home/airflow/.local/lib/python3.12/site-packages/airflow/example_dags/example_branch_operator.py
[2025-01-26T17:43:16.513+0000] {logging_mixin.py:190} INFO - [2025-01-26T17:43:16.513+0000] {dag.py:3239} INFO - Sync 1 DAGs
[2025-01-26T17:43:16.580+0000] {logging_mixin.py:190} INFO - [2025-01-26T17:43:16.580+0000] {dag.py:4180} INFO - Setting next_dagrun for example_branch_operator to 2025-01-25 00:00:00+00:00, run_after=2025-01-26 00:00:00+00:00
[2025-01-26T17:43:16.611+0000] {processor.py:208} INFO - Processing /home/airflow/.local/lib/python3.12/site-packages/airflow/example_dags/example_branch_operator.py took 0.308 seconds
[2025-01-26T17:43:47.424+0000] {processor.py:186} INFO - Started process (PID=2058) to work on /home/airflow/.local/lib/python3.12/site-packages/airflow/example_dags/example_branch_operator.py
[2025-01-26T17:43:47.425+0000] {processor.py:914} INFO - Processing file /home/airflow/.local/lib/python3.12/site-packages/airflow/example_dags/example_branch_operator.py for tasks to queue
[2025-01-26T17:43:47.428+0000] {logging_mixin.py:190} INFO - [2025-01-26T17:43:47.427+0000] {dagbag.py:588} INFO - Filling up the DagBag from /home/airflow/.local/lib/python3.12/site-packages/airflow/example_dags/example_branch_operator.py
[2025-01-26T17:43:47.447+0000] {processor.py:925} INFO - DAG(s) 'example_branch_operator' retrieved from /home/airflow/.local/lib/python3.12/site-packages/airflow/example_dags/example_branch_operator.py
[2025-01-26T17:43:47.483+0000] {logging_mixin.py:190} INFO - [2025-01-26T17:43:47.483+0000] {dag.py:3239} INFO - Sync 1 DAGs
[2025-01-26T17:43:47.512+0000] {logging_mixin.py:190} INFO - [2025-01-26T17:43:47.511+0000] {dag.py:4180} INFO - Setting next_dagrun for example_branch_operator to 2025-01-25 00:00:00+00:00, run_after=2025-01-26 00:00:00+00:00
[2025-01-26T17:43:47.533+0000] {processor.py:208} INFO - Processing /home/airflow/.local/lib/python3.12/site-packages/airflow/example_dags/example_branch_operator.py took 0.119 seconds
[2025-01-26T17:44:17.989+0000] {processor.py:186} INFO - Started process (PID=2121) to work on /home/airflow/.local/lib/python3.12/site-packages/airflow/example_dags/example_branch_operator.py
[2025-01-26T17:44:17.990+0000] {processor.py:914} INFO - Processing file /home/airflow/.local/lib/python3.12/site-packages/airflow/example_dags/example_branch_operator.py for tasks to queue
[2025-01-26T17:44:17.993+0000] {logging_mixin.py:190} INFO - [2025-01-26T17:44:17.993+0000] {dagbag.py:588} INFO - Filling up the DagBag from /home/airflow/.local/lib/python3.12/site-packages/airflow/example_dags/example_branch_operator.py
[2025-01-26T17:44:18.017+0000] {processor.py:925} INFO - DAG(s) 'example_branch_operator' retrieved from /home/airflow/.local/lib/python3.12/site-packages/airflow/example_dags/example_branch_operator.py
[2025-01-26T17:44:18.046+0000] {logging_mixin.py:190} INFO - [2025-01-26T17:44:18.046+0000] {dag.py:3239} INFO - Sync 1 DAGs
[2025-01-26T17:44:18.077+0000] {logging_mixin.py:190} INFO - [2025-01-26T17:44:18.077+0000] {dag.py:4180} INFO - Setting next_dagrun for example_branch_operator to 2025-01-25 00:00:00+00:00, run_after=2025-01-26 00:00:00+00:00
[2025-01-26T17:44:18.101+0000] {processor.py:208} INFO - Processing /home/airflow/.local/lib/python3.12/site-packages/airflow/example_dags/example_branch_operator.py took 0.119 seconds
[2025-01-26T17:44:48.496+0000] {processor.py:186} INFO - Started process (PID=2185) to work on /home/airflow/.local/lib/python3.12/site-packages/airflow/example_dags/example_branch_operator.py
[2025-01-26T17:44:48.497+0000] {processor.py:914} INFO - Processing file /home/airflow/.local/lib/python3.12/site-packages/airflow/example_dags/example_branch_operator.py for tasks to queue
[2025-01-26T17:44:48.501+0000] {logging_mixin.py:190} INFO - [2025-01-26T17:44:48.501+0000] {dagbag.py:588} INFO - Filling up the DagBag from /home/airflow/.local/lib/python3.12/site-packages/airflow/example_dags/example_branch_operator.py
[2025-01-26T17:44:48.527+0000] {processor.py:925} INFO - DAG(s) 'example_branch_operator' retrieved from /home/airflow/.local/lib/python3.12/site-packages/airflow/example_dags/example_branch_operator.py
[2025-01-26T17:44:48.559+0000] {logging_mixin.py:190} INFO - [2025-01-26T17:44:48.558+0000] {dag.py:3239} INFO - Sync 1 DAGs
[2025-01-26T17:44:48.591+0000] {logging_mixin.py:190} INFO - [2025-01-26T17:44:48.590+0000] {dag.py:4180} INFO - Setting next_dagrun for example_branch_operator to 2025-01-25 00:00:00+00:00, run_after=2025-01-26 00:00:00+00:00
[2025-01-26T17:44:48.616+0000] {processor.py:208} INFO - Processing /home/airflow/.local/lib/python3.12/site-packages/airflow/example_dags/example_branch_operator.py took 0.125 seconds
[2025-01-26T17:45:18.807+0000] {processor.py:186} INFO - Started process (PID=2249) to work on /home/airflow/.local/lib/python3.12/site-packages/airflow/example_dags/example_branch_operator.py
[2025-01-26T17:45:18.808+0000] {processor.py:914} INFO - Processing file /home/airflow/.local/lib/python3.12/site-packages/airflow/example_dags/example_branch_operator.py for tasks to queue
[2025-01-26T17:45:18.811+0000] {logging_mixin.py:190} INFO - [2025-01-26T17:45:18.810+0000] {dagbag.py:588} INFO - Filling up the DagBag from /home/airflow/.local/lib/python3.12/site-packages/airflow/example_dags/example_branch_operator.py
[2025-01-26T17:45:18.837+0000] {processor.py:925} INFO - DAG(s) 'example_branch_operator' retrieved from /home/airflow/.local/lib/python3.12/site-packages/airflow/example_dags/example_branch_operator.py
[2025-01-26T17:45:18.875+0000] {logging_mixin.py:190} INFO - [2025-01-26T17:45:18.875+0000] {dag.py:3239} INFO - Sync 1 DAGs
[2025-01-26T17:45:18.909+0000] {logging_mixin.py:190} INFO - [2025-01-26T17:45:18.909+0000] {dag.py:4180} INFO - Setting next_dagrun for example_branch_operator to 2025-01-25 00:00:00+00:00, run_after=2025-01-26 00:00:00+00:00
[2025-01-26T17:45:18.937+0000] {processor.py:208} INFO - Processing /home/airflow/.local/lib/python3.12/site-packages/airflow/example_dags/example_branch_operator.py took 0.137 seconds
[2025-01-26T17:45:49.368+0000] {processor.py:186} INFO - Started process (PID=2312) to work on /home/airflow/.local/lib/python3.12/site-packages/airflow/example_dags/example_branch_operator.py
[2025-01-26T17:45:49.369+0000] {processor.py:914} INFO - Processing file /home/airflow/.local/lib/python3.12/site-packages/airflow/example_dags/example_branch_operator.py for tasks to queue
[2025-01-26T17:45:49.372+0000] {logging_mixin.py:190} INFO - [2025-01-26T17:45:49.372+0000] {dagbag.py:588} INFO - Filling up the DagBag from /home/airflow/.local/lib/python3.12/site-packages/airflow/example_dags/example_branch_operator.py
[2025-01-26T17:45:49.397+0000] {processor.py:925} INFO - DAG(s) 'example_branch_operator' retrieved from /home/airflow/.local/lib/python3.12/site-packages/airflow/example_dags/example_branch_operator.py
[2025-01-26T17:45:49.430+0000] {logging_mixin.py:190} INFO - [2025-01-26T17:45:49.430+0000] {dag.py:3239} INFO - Sync 1 DAGs
[2025-01-26T17:45:49.473+0000] {logging_mixin.py:190} INFO - [2025-01-26T17:45:49.472+0000] {dag.py:4180} INFO - Setting next_dagrun for example_branch_operator to 2025-01-25 00:00:00+00:00, run_after=2025-01-26 00:00:00+00:00
[2025-01-26T17:45:49.506+0000] {processor.py:208} INFO - Processing /home/airflow/.local/lib/python3.12/site-packages/airflow/example_dags/example_branch_operator.py took 0.146 seconds
[2025-01-26T17:46:19.940+0000] {processor.py:186} INFO - Started process (PID=2375) to work on /home/airflow/.local/lib/python3.12/site-packages/airflow/example_dags/example_branch_operator.py
[2025-01-26T17:46:19.941+0000] {processor.py:914} INFO - Processing file /home/airflow/.local/lib/python3.12/site-packages/airflow/example_dags/example_branch_operator.py for tasks to queue
[2025-01-26T17:46:19.944+0000] {logging_mixin.py:190} INFO - [2025-01-26T17:46:19.944+0000] {dagbag.py:588} INFO - Filling up the DagBag from /home/airflow/.local/lib/python3.12/site-packages/airflow/example_dags/example_branch_operator.py
[2025-01-26T17:46:19.970+0000] {processor.py:925} INFO - DAG(s) 'example_branch_operator' retrieved from /home/airflow/.local/lib/python3.12/site-packages/airflow/example_dags/example_branch_operator.py
[2025-01-26T17:46:20.008+0000] {logging_mixin.py:190} INFO - [2025-01-26T17:46:20.008+0000] {dag.py:3239} INFO - Sync 1 DAGs
[2025-01-26T17:46:20.044+0000] {logging_mixin.py:190} INFO - [2025-01-26T17:46:20.043+0000] {dag.py:4180} INFO - Setting next_dagrun for example_branch_operator to 2025-01-25 00:00:00+00:00, run_after=2025-01-26 00:00:00+00:00
[2025-01-26T17:46:20.069+0000] {processor.py:208} INFO - Processing /home/airflow/.local/lib/python3.12/site-packages/airflow/example_dags/example_branch_operator.py took 0.137 seconds
[2025-01-26T17:46:50.360+0000] {processor.py:186} INFO - Started process (PID=2438) to work on /home/airflow/.local/lib/python3.12/site-packages/airflow/example_dags/example_branch_operator.py
[2025-01-26T17:46:50.361+0000] {processor.py:914} INFO - Processing file /home/airflow/.local/lib/python3.12/site-packages/airflow/example_dags/example_branch_operator.py for tasks to queue
[2025-01-26T17:46:50.364+0000] {logging_mixin.py:190} INFO - [2025-01-26T17:46:50.363+0000] {dagbag.py:588} INFO - Filling up the DagBag from /home/airflow/.local/lib/python3.12/site-packages/airflow/example_dags/example_branch_operator.py
[2025-01-26T17:46:50.390+0000] {processor.py:925} INFO - DAG(s) 'example_branch_operator' retrieved from /home/airflow/.local/lib/python3.12/site-packages/airflow/example_dags/example_branch_operator.py
[2025-01-26T17:46:50.428+0000] {logging_mixin.py:190} INFO - [2025-01-26T17:46:50.428+0000] {dag.py:3239} INFO - Sync 1 DAGs
[2025-01-26T17:46:50.461+0000] {logging_mixin.py:190} INFO - [2025-01-26T17:46:50.460+0000] {dag.py:4180} INFO - Setting next_dagrun for example_branch_operator to 2025-01-25 00:00:00+00:00, run_after=2025-01-26 00:00:00+00:00
[2025-01-26T17:46:50.481+0000] {processor.py:208} INFO - Processing /home/airflow/.local/lib/python3.12/site-packages/airflow/example_dags/example_branch_operator.py took 0.129 seconds
[2025-01-26T17:47:20.809+0000] {processor.py:186} INFO - Started process (PID=2501) to work on /home/airflow/.local/lib/python3.12/site-packages/airflow/example_dags/example_branch_operator.py
[2025-01-26T17:47:20.810+0000] {processor.py:914} INFO - Processing file /home/airflow/.local/lib/python3.12/site-packages/airflow/example_dags/example_branch_operator.py for tasks to queue
[2025-01-26T17:47:20.814+0000] {logging_mixin.py:190} INFO - [2025-01-26T17:47:20.813+0000] {dagbag.py:588} INFO - Filling up the DagBag from /home/airflow/.local/lib/python3.12/site-packages/airflow/example_dags/example_branch_operator.py
[2025-01-26T17:47:20.847+0000] {processor.py:925} INFO - DAG(s) 'example_branch_operator' retrieved from /home/airflow/.local/lib/python3.12/site-packages/airflow/example_dags/example_branch_operator.py
[2025-01-26T17:47:20.914+0000] {logging_mixin.py:190} INFO - [2025-01-26T17:47:20.914+0000] {dag.py:3239} INFO - Sync 1 DAGs
[2025-01-26T17:47:20.949+0000] {logging_mixin.py:190} INFO - [2025-01-26T17:47:20.949+0000] {dag.py:4180} INFO - Setting next_dagrun for example_branch_operator to 2025-01-25 00:00:00+00:00, run_after=2025-01-26 00:00:00+00:00
[2025-01-26T17:47:20.976+0000] {processor.py:208} INFO - Processing /home/airflow/.local/lib/python3.12/site-packages/airflow/example_dags/example_branch_operator.py took 0.174 seconds
[2025-01-26T17:47:51.339+0000] {processor.py:186} INFO - Started process (PID=2564) to work on /home/airflow/.local/lib/python3.12/site-packages/airflow/example_dags/example_branch_operator.py
[2025-01-26T17:47:51.340+0000] {processor.py:914} INFO - Processing file /home/airflow/.local/lib/python3.12/site-packages/airflow/example_dags/example_branch_operator.py for tasks to queue
[2025-01-26T17:47:51.343+0000] {logging_mixin.py:190} INFO - [2025-01-26T17:47:51.342+0000] {dagbag.py:588} INFO - Filling up the DagBag from /home/airflow/.local/lib/python3.12/site-packages/airflow/example_dags/example_branch_operator.py
[2025-01-26T17:47:51.360+0000] {processor.py:925} INFO - DAG(s) 'example_branch_operator' retrieved from /home/airflow/.local/lib/python3.12/site-packages/airflow/example_dags/example_branch_operator.py
[2025-01-26T17:47:51.390+0000] {logging_mixin.py:190} INFO - [2025-01-26T17:47:51.390+0000] {dag.py:3239} INFO - Sync 1 DAGs
[2025-01-26T17:47:51.418+0000] {logging_mixin.py:190} INFO - [2025-01-26T17:47:51.418+0000] {dag.py:4180} INFO - Setting next_dagrun for example_branch_operator to 2025-01-25 00:00:00+00:00, run_after=2025-01-26 00:00:00+00:00
[2025-01-26T17:47:51.438+0000] {processor.py:208} INFO - Processing /home/airflow/.local/lib/python3.12/site-packages/airflow/example_dags/example_branch_operator.py took 0.104 seconds
[2025-01-26T17:48:21.842+0000] {processor.py:186} INFO - Started process (PID=2627) to work on /home/airflow/.local/lib/python3.12/site-packages/airflow/example_dags/example_branch_operator.py
[2025-01-26T17:48:21.845+0000] {processor.py:914} INFO - Processing file /home/airflow/.local/lib/python3.12/site-packages/airflow/example_dags/example_branch_operator.py for tasks to queue
[2025-01-26T17:48:21.860+0000] {logging_mixin.py:190} INFO - [2025-01-26T17:48:21.860+0000] {dagbag.py:588} INFO - Filling up the DagBag from /home/airflow/.local/lib/python3.12/site-packages/airflow/example_dags/example_branch_operator.py
[2025-01-26T17:48:21.893+0000] {processor.py:925} INFO - DAG(s) 'example_branch_operator' retrieved from /home/airflow/.local/lib/python3.12/site-packages/airflow/example_dags/example_branch_operator.py
[2025-01-26T17:48:21.925+0000] {logging_mixin.py:190} INFO - [2025-01-26T17:48:21.925+0000] {dag.py:3239} INFO - Sync 1 DAGs
[2025-01-26T17:48:21.958+0000] {logging_mixin.py:190} INFO - [2025-01-26T17:48:21.958+0000] {dag.py:4180} INFO - Setting next_dagrun for example_branch_operator to 2025-01-25 00:00:00+00:00, run_after=2025-01-26 00:00:00+00:00
[2025-01-26T17:48:21.981+0000] {processor.py:208} INFO - Processing /home/airflow/.local/lib/python3.12/site-packages/airflow/example_dags/example_branch_operator.py took 0.156 seconds
[2025-01-26T17:48:52.706+0000] {processor.py:186} INFO - Started process (PID=2690) to work on /home/airflow/.local/lib/python3.12/site-packages/airflow/example_dags/example_branch_operator.py
[2025-01-26T17:48:52.707+0000] {processor.py:914} INFO - Processing file /home/airflow/.local/lib/python3.12/site-packages/airflow/example_dags/example_branch_operator.py for tasks to queue
[2025-01-26T17:48:52.712+0000] {logging_mixin.py:190} INFO - [2025-01-26T17:48:52.711+0000] {dagbag.py:588} INFO - Filling up the DagBag from /home/airflow/.local/lib/python3.12/site-packages/airflow/example_dags/example_branch_operator.py
[2025-01-26T17:48:52.736+0000] {processor.py:925} INFO - DAG(s) 'example_branch_operator' retrieved from /home/airflow/.local/lib/python3.12/site-packages/airflow/example_dags/example_branch_operator.py
[2025-01-26T17:48:52.769+0000] {logging_mixin.py:190} INFO - [2025-01-26T17:48:52.769+0000] {dag.py:3239} INFO - Sync 1 DAGs
[2025-01-26T17:48:52.805+0000] {logging_mixin.py:190} INFO - [2025-01-26T17:48:52.805+0000] {dag.py:4180} INFO - Setting next_dagrun for example_branch_operator to 2025-01-25 00:00:00+00:00, run_after=2025-01-26 00:00:00+00:00
[2025-01-26T17:48:53.007+0000] {processor.py:208} INFO - Processing /home/airflow/.local/lib/python3.12/site-packages/airflow/example_dags/example_branch_operator.py took 0.311 seconds
[2025-01-26T17:49:24.982+0000] {processor.py:186} INFO - Started process (PID=2753) to work on /home/airflow/.local/lib/python3.12/site-packages/airflow/example_dags/example_branch_operator.py
[2025-01-26T17:49:24.984+0000] {processor.py:914} INFO - Processing file /home/airflow/.local/lib/python3.12/site-packages/airflow/example_dags/example_branch_operator.py for tasks to queue
[2025-01-26T17:49:24.991+0000] {logging_mixin.py:190} INFO - [2025-01-26T17:49:24.991+0000] {dagbag.py:588} INFO - Filling up the DagBag from /home/airflow/.local/lib/python3.12/site-packages/airflow/example_dags/example_branch_operator.py
[2025-01-26T17:49:25.067+0000] {processor.py:925} INFO - DAG(s) 'example_branch_operator' retrieved from /home/airflow/.local/lib/python3.12/site-packages/airflow/example_dags/example_branch_operator.py
[2025-01-26T17:49:25.204+0000] {logging_mixin.py:190} INFO - [2025-01-26T17:49:25.204+0000] {dag.py:3239} INFO - Sync 1 DAGs
[2025-01-26T17:49:25.291+0000] {logging_mixin.py:190} INFO - [2025-01-26T17:49:25.291+0000] {dag.py:4180} INFO - Setting next_dagrun for example_branch_operator to 2025-01-25 00:00:00+00:00, run_after=2025-01-26 00:00:00+00:00
[2025-01-26T17:49:25.343+0000] {processor.py:208} INFO - Processing /home/airflow/.local/lib/python3.12/site-packages/airflow/example_dags/example_branch_operator.py took 0.382 seconds
[2025-01-26T17:49:56.396+0000] {processor.py:186} INFO - Started process (PID=2817) to work on /home/airflow/.local/lib/python3.12/site-packages/airflow/example_dags/example_branch_operator.py
[2025-01-26T17:49:56.397+0000] {processor.py:914} INFO - Processing file /home/airflow/.local/lib/python3.12/site-packages/airflow/example_dags/example_branch_operator.py for tasks to queue
[2025-01-26T17:49:56.411+0000] {logging_mixin.py:190} INFO - [2025-01-26T17:49:56.410+0000] {dagbag.py:588} INFO - Filling up the DagBag from /home/airflow/.local/lib/python3.12/site-packages/airflow/example_dags/example_branch_operator.py
[2025-01-26T17:49:56.507+0000] {processor.py:925} INFO - DAG(s) 'example_branch_operator' retrieved from /home/airflow/.local/lib/python3.12/site-packages/airflow/example_dags/example_branch_operator.py
[2025-01-26T17:49:56.628+0000] {logging_mixin.py:190} INFO - [2025-01-26T17:49:56.628+0000] {dag.py:3239} INFO - Sync 1 DAGs
[2025-01-26T17:49:56.745+0000] {logging_mixin.py:190} INFO - [2025-01-26T17:49:56.744+0000] {dag.py:4180} INFO - Setting next_dagrun for example_branch_operator to 2025-01-25 00:00:00+00:00, run_after=2025-01-26 00:00:00+00:00
[2025-01-26T17:49:56.847+0000] {processor.py:208} INFO - Processing /home/airflow/.local/lib/python3.12/site-packages/airflow/example_dags/example_branch_operator.py took 0.470 seconds
[2025-01-26T17:50:27.779+0000] {processor.py:186} INFO - Started process (PID=2880) to work on /home/airflow/.local/lib/python3.12/site-packages/airflow/example_dags/example_branch_operator.py
[2025-01-26T17:50:27.781+0000] {processor.py:914} INFO - Processing file /home/airflow/.local/lib/python3.12/site-packages/airflow/example_dags/example_branch_operator.py for tasks to queue
[2025-01-26T17:50:27.784+0000] {logging_mixin.py:190} INFO - [2025-01-26T17:50:27.783+0000] {dagbag.py:588} INFO - Filling up the DagBag from /home/airflow/.local/lib/python3.12/site-packages/airflow/example_dags/example_branch_operator.py
[2025-01-26T17:50:27.809+0000] {processor.py:925} INFO - DAG(s) 'example_branch_operator' retrieved from /home/airflow/.local/lib/python3.12/site-packages/airflow/example_dags/example_branch_operator.py
[2025-01-26T17:50:27.847+0000] {logging_mixin.py:190} INFO - [2025-01-26T17:50:27.846+0000] {dag.py:3239} INFO - Sync 1 DAGs
[2025-01-26T17:50:27.883+0000] {logging_mixin.py:190} INFO - [2025-01-26T17:50:27.883+0000] {dag.py:4180} INFO - Setting next_dagrun for example_branch_operator to 2025-01-25 00:00:00+00:00, run_after=2025-01-26 00:00:00+00:00
[2025-01-26T17:50:27.909+0000] {processor.py:208} INFO - Processing /home/airflow/.local/lib/python3.12/site-packages/airflow/example_dags/example_branch_operator.py took 0.138 seconds
[2025-01-26T17:50:58.166+0000] {processor.py:186} INFO - Started process (PID=2942) to work on /home/airflow/.local/lib/python3.12/site-packages/airflow/example_dags/example_branch_operator.py
[2025-01-26T17:50:58.167+0000] {processor.py:914} INFO - Processing file /home/airflow/.local/lib/python3.12/site-packages/airflow/example_dags/example_branch_operator.py for tasks to queue
[2025-01-26T17:50:58.169+0000] {logging_mixin.py:190} INFO - [2025-01-26T17:50:58.169+0000] {dagbag.py:588} INFO - Filling up the DagBag from /home/airflow/.local/lib/python3.12/site-packages/airflow/example_dags/example_branch_operator.py
[2025-01-26T17:50:58.198+0000] {processor.py:925} INFO - DAG(s) 'example_branch_operator' retrieved from /home/airflow/.local/lib/python3.12/site-packages/airflow/example_dags/example_branch_operator.py
[2025-01-26T17:50:58.246+0000] {logging_mixin.py:190} INFO - [2025-01-26T17:50:58.246+0000] {dag.py:3239} INFO - Sync 1 DAGs
[2025-01-26T17:50:58.271+0000] {logging_mixin.py:190} INFO - [2025-01-26T17:50:58.271+0000] {dag.py:4180} INFO - Setting next_dagrun for example_branch_operator to 2025-01-25 00:00:00+00:00, run_after=2025-01-26 00:00:00+00:00
[2025-01-26T17:50:58.291+0000] {processor.py:208} INFO - Processing /home/airflow/.local/lib/python3.12/site-packages/airflow/example_dags/example_branch_operator.py took 0.133 seconds
[2025-01-26T17:51:28.388+0000] {processor.py:186} INFO - Started process (PID=3005) to work on /home/airflow/.local/lib/python3.12/site-packages/airflow/example_dags/example_branch_operator.py
[2025-01-26T17:51:28.389+0000] {processor.py:914} INFO - Processing file /home/airflow/.local/lib/python3.12/site-packages/airflow/example_dags/example_branch_operator.py for tasks to queue
[2025-01-26T17:51:28.393+0000] {logging_mixin.py:190} INFO - [2025-01-26T17:51:28.393+0000] {dagbag.py:588} INFO - Filling up the DagBag from /home/airflow/.local/lib/python3.12/site-packages/airflow/example_dags/example_branch_operator.py
[2025-01-26T17:51:28.414+0000] {processor.py:925} INFO - DAG(s) 'example_branch_operator' retrieved from /home/airflow/.local/lib/python3.12/site-packages/airflow/example_dags/example_branch_operator.py
[2025-01-26T17:51:28.441+0000] {logging_mixin.py:190} INFO - [2025-01-26T17:51:28.441+0000] {dag.py:3239} INFO - Sync 1 DAGs
[2025-01-26T17:51:28.467+0000] {logging_mixin.py:190} INFO - [2025-01-26T17:51:28.466+0000] {dag.py:4180} INFO - Setting next_dagrun for example_branch_operator to 2025-01-25 00:00:00+00:00, run_after=2025-01-26 00:00:00+00:00
[2025-01-26T17:51:28.487+0000] {processor.py:208} INFO - Processing /home/airflow/.local/lib/python3.12/site-packages/airflow/example_dags/example_branch_operator.py took 0.109 seconds
[2025-01-26T17:51:58.859+0000] {processor.py:186} INFO - Started process (PID=3070) to work on /home/airflow/.local/lib/python3.12/site-packages/airflow/example_dags/example_branch_operator.py
[2025-01-26T17:51:58.860+0000] {processor.py:914} INFO - Processing file /home/airflow/.local/lib/python3.12/site-packages/airflow/example_dags/example_branch_operator.py for tasks to queue
[2025-01-26T17:51:58.864+0000] {logging_mixin.py:190} INFO - [2025-01-26T17:51:58.863+0000] {dagbag.py:588} INFO - Filling up the DagBag from /home/airflow/.local/lib/python3.12/site-packages/airflow/example_dags/example_branch_operator.py
[2025-01-26T17:51:59.111+0000] {processor.py:925} INFO - DAG(s) 'example_branch_operator' retrieved from /home/airflow/.local/lib/python3.12/site-packages/airflow/example_dags/example_branch_operator.py
[2025-01-26T17:51:59.155+0000] {logging_mixin.py:190} INFO - [2025-01-26T17:51:59.155+0000] {dag.py:3239} INFO - Sync 1 DAGs
[2025-01-26T17:51:59.181+0000] {logging_mixin.py:190} INFO - [2025-01-26T17:51:59.181+0000] {dag.py:4180} INFO - Setting next_dagrun for example_branch_operator to 2025-01-25 00:00:00+00:00, run_after=2025-01-26 00:00:00+00:00
[2025-01-26T17:51:59.200+0000] {processor.py:208} INFO - Processing /home/airflow/.local/lib/python3.12/site-packages/airflow/example_dags/example_branch_operator.py took 0.349 seconds
[2025-01-26T17:52:30.055+0000] {processor.py:186} INFO - Started process (PID=3133) to work on /home/airflow/.local/lib/python3.12/site-packages/airflow/example_dags/example_branch_operator.py
[2025-01-26T17:52:30.056+0000] {processor.py:914} INFO - Processing file /home/airflow/.local/lib/python3.12/site-packages/airflow/example_dags/example_branch_operator.py for tasks to queue
[2025-01-26T17:52:30.060+0000] {logging_mixin.py:190} INFO - [2025-01-26T17:52:30.060+0000] {dagbag.py:588} INFO - Filling up the DagBag from /home/airflow/.local/lib/python3.12/site-packages/airflow/example_dags/example_branch_operator.py
[2025-01-26T17:52:30.089+0000] {processor.py:925} INFO - DAG(s) 'example_branch_operator' retrieved from /home/airflow/.local/lib/python3.12/site-packages/airflow/example_dags/example_branch_operator.py
[2025-01-26T17:52:30.134+0000] {logging_mixin.py:190} INFO - [2025-01-26T17:52:30.133+0000] {dag.py:3239} INFO - Sync 1 DAGs
[2025-01-26T17:52:30.202+0000] {logging_mixin.py:190} INFO - [2025-01-26T17:52:30.202+0000] {dag.py:4180} INFO - Setting next_dagrun for example_branch_operator to 2025-01-25 00:00:00+00:00, run_after=2025-01-26 00:00:00+00:00
[2025-01-26T17:52:30.251+0000] {processor.py:208} INFO - Processing /home/airflow/.local/lib/python3.12/site-packages/airflow/example_dags/example_branch_operator.py took 0.205 seconds
[2025-01-26T17:53:00.940+0000] {processor.py:186} INFO - Started process (PID=3196) to work on /home/airflow/.local/lib/python3.12/site-packages/airflow/example_dags/example_branch_operator.py
[2025-01-26T17:53:00.942+0000] {processor.py:914} INFO - Processing file /home/airflow/.local/lib/python3.12/site-packages/airflow/example_dags/example_branch_operator.py for tasks to queue
[2025-01-26T17:53:00.946+0000] {logging_mixin.py:190} INFO - [2025-01-26T17:53:00.945+0000] {dagbag.py:588} INFO - Filling up the DagBag from /home/airflow/.local/lib/python3.12/site-packages/airflow/example_dags/example_branch_operator.py
[2025-01-26T17:53:00.973+0000] {processor.py:925} INFO - DAG(s) 'example_branch_operator' retrieved from /home/airflow/.local/lib/python3.12/site-packages/airflow/example_dags/example_branch_operator.py
[2025-01-26T17:53:01.013+0000] {logging_mixin.py:190} INFO - [2025-01-26T17:53:01.013+0000] {dag.py:3239} INFO - Sync 1 DAGs
[2025-01-26T17:53:01.047+0000] {logging_mixin.py:190} INFO - [2025-01-26T17:53:01.047+0000] {dag.py:4180} INFO - Setting next_dagrun for example_branch_operator to 2025-01-25 00:00:00+00:00, run_after=2025-01-26 00:00:00+00:00
[2025-01-26T17:53:01.081+0000] {processor.py:208} INFO - Processing /home/airflow/.local/lib/python3.12/site-packages/airflow/example_dags/example_branch_operator.py took 0.148 seconds
[2025-01-26T17:53:31.405+0000] {processor.py:186} INFO - Started process (PID=3259) to work on /home/airflow/.local/lib/python3.12/site-packages/airflow/example_dags/example_branch_operator.py
[2025-01-26T17:53:31.406+0000] {processor.py:914} INFO - Processing file /home/airflow/.local/lib/python3.12/site-packages/airflow/example_dags/example_branch_operator.py for tasks to queue
[2025-01-26T17:53:31.409+0000] {logging_mixin.py:190} INFO - [2025-01-26T17:53:31.409+0000] {dagbag.py:588} INFO - Filling up the DagBag from /home/airflow/.local/lib/python3.12/site-packages/airflow/example_dags/example_branch_operator.py
[2025-01-26T17:53:31.438+0000] {processor.py:925} INFO - DAG(s) 'example_branch_operator' retrieved from /home/airflow/.local/lib/python3.12/site-packages/airflow/example_dags/example_branch_operator.py
[2025-01-26T17:53:31.469+0000] {logging_mixin.py:190} INFO - [2025-01-26T17:53:31.469+0000] {dag.py:3239} INFO - Sync 1 DAGs
[2025-01-26T17:53:31.500+0000] {logging_mixin.py:190} INFO - [2025-01-26T17:53:31.500+0000] {dag.py:4180} INFO - Setting next_dagrun for example_branch_operator to 2025-01-25 00:00:00+00:00, run_after=2025-01-26 00:00:00+00:00
[2025-01-26T17:53:31.526+0000] {processor.py:208} INFO - Processing /home/airflow/.local/lib/python3.12/site-packages/airflow/example_dags/example_branch_operator.py took 0.126 seconds
[2025-01-26T17:54:02.189+0000] {processor.py:186} INFO - Started process (PID=3322) to work on /home/airflow/.local/lib/python3.12/site-packages/airflow/example_dags/example_branch_operator.py
[2025-01-26T17:54:02.190+0000] {processor.py:914} INFO - Processing file /home/airflow/.local/lib/python3.12/site-packages/airflow/example_dags/example_branch_operator.py for tasks to queue
[2025-01-26T17:54:02.193+0000] {logging_mixin.py:190} INFO - [2025-01-26T17:54:02.193+0000] {dagbag.py:588} INFO - Filling up the DagBag from /home/airflow/.local/lib/python3.12/site-packages/airflow/example_dags/example_branch_operator.py
[2025-01-26T17:54:02.217+0000] {processor.py:925} INFO - DAG(s) 'example_branch_operator' retrieved from /home/airflow/.local/lib/python3.12/site-packages/airflow/example_dags/example_branch_operator.py
[2025-01-26T17:54:02.249+0000] {logging_mixin.py:190} INFO - [2025-01-26T17:54:02.248+0000] {dag.py:3239} INFO - Sync 1 DAGs
[2025-01-26T17:54:02.274+0000] {logging_mixin.py:190} INFO - [2025-01-26T17:54:02.273+0000] {dag.py:4180} INFO - Setting next_dagrun for example_branch_operator to 2025-01-25 00:00:00+00:00, run_after=2025-01-26 00:00:00+00:00
[2025-01-26T17:54:02.295+0000] {processor.py:208} INFO - Processing /home/airflow/.local/lib/python3.12/site-packages/airflow/example_dags/example_branch_operator.py took 0.117 seconds
[2025-01-26T17:54:32.860+0000] {processor.py:186} INFO - Started process (PID=3386) to work on /home/airflow/.local/lib/python3.12/site-packages/airflow/example_dags/example_branch_operator.py
[2025-01-26T17:54:32.861+0000] {processor.py:914} INFO - Processing file /home/airflow/.local/lib/python3.12/site-packages/airflow/example_dags/example_branch_operator.py for tasks to queue
[2025-01-26T17:54:32.864+0000] {logging_mixin.py:190} INFO - [2025-01-26T17:54:32.864+0000] {dagbag.py:588} INFO - Filling up the DagBag from /home/airflow/.local/lib/python3.12/site-packages/airflow/example_dags/example_branch_operator.py
[2025-01-26T17:54:32.894+0000] {processor.py:925} INFO - DAG(s) 'example_branch_operator' retrieved from /home/airflow/.local/lib/python3.12/site-packages/airflow/example_dags/example_branch_operator.py
[2025-01-26T17:54:32.925+0000] {logging_mixin.py:190} INFO - [2025-01-26T17:54:32.925+0000] {dag.py:3239} INFO - Sync 1 DAGs
[2025-01-26T17:54:32.954+0000] {logging_mixin.py:190} INFO - [2025-01-26T17:54:32.954+0000] {dag.py:4180} INFO - Setting next_dagrun for example_branch_operator to 2025-01-25 00:00:00+00:00, run_after=2025-01-26 00:00:00+00:00
[2025-01-26T17:54:32.977+0000] {processor.py:208} INFO - Processing /home/airflow/.local/lib/python3.12/site-packages/airflow/example_dags/example_branch_operator.py took 0.125 seconds
[2025-01-26T17:55:03.412+0000] {processor.py:186} INFO - Started process (PID=3450) to work on /home/airflow/.local/lib/python3.12/site-packages/airflow/example_dags/example_branch_operator.py
[2025-01-26T17:55:03.413+0000] {processor.py:914} INFO - Processing file /home/airflow/.local/lib/python3.12/site-packages/airflow/example_dags/example_branch_operator.py for tasks to queue
[2025-01-26T17:55:03.416+0000] {logging_mixin.py:190} INFO - [2025-01-26T17:55:03.415+0000] {dagbag.py:588} INFO - Filling up the DagBag from /home/airflow/.local/lib/python3.12/site-packages/airflow/example_dags/example_branch_operator.py
[2025-01-26T17:55:03.436+0000] {processor.py:925} INFO - DAG(s) 'example_branch_operator' retrieved from /home/airflow/.local/lib/python3.12/site-packages/airflow/example_dags/example_branch_operator.py
[2025-01-26T17:55:03.469+0000] {logging_mixin.py:190} INFO - [2025-01-26T17:55:03.468+0000] {dag.py:3239} INFO - Sync 1 DAGs
[2025-01-26T17:55:03.501+0000] {logging_mixin.py:190} INFO - [2025-01-26T17:55:03.501+0000] {dag.py:4180} INFO - Setting next_dagrun for example_branch_operator to 2025-01-25 00:00:00+00:00, run_after=2025-01-26 00:00:00+00:00
[2025-01-26T17:55:03.526+0000] {processor.py:208} INFO - Processing /home/airflow/.local/lib/python3.12/site-packages/airflow/example_dags/example_branch_operator.py took 0.123 seconds
[2025-01-26T17:55:33.939+0000] {processor.py:186} INFO - Started process (PID=3513) to work on /home/airflow/.local/lib/python3.12/site-packages/airflow/example_dags/example_branch_operator.py
[2025-01-26T17:55:33.940+0000] {processor.py:914} INFO - Processing file /home/airflow/.local/lib/python3.12/site-packages/airflow/example_dags/example_branch_operator.py for tasks to queue
[2025-01-26T17:55:33.943+0000] {logging_mixin.py:190} INFO - [2025-01-26T17:55:33.942+0000] {dagbag.py:588} INFO - Filling up the DagBag from /home/airflow/.local/lib/python3.12/site-packages/airflow/example_dags/example_branch_operator.py
[2025-01-26T17:55:33.967+0000] {processor.py:925} INFO - DAG(s) 'example_branch_operator' retrieved from /home/airflow/.local/lib/python3.12/site-packages/airflow/example_dags/example_branch_operator.py
[2025-01-26T17:55:33.999+0000] {logging_mixin.py:190} INFO - [2025-01-26T17:55:33.998+0000] {dag.py:3239} INFO - Sync 1 DAGs
[2025-01-26T17:55:34.030+0000] {logging_mixin.py:190} INFO - [2025-01-26T17:55:34.030+0000] {dag.py:4180} INFO - Setting next_dagrun for example_branch_operator to 2025-01-25 00:00:00+00:00, run_after=2025-01-26 00:00:00+00:00
[2025-01-26T17:55:34.057+0000] {processor.py:208} INFO - Processing /home/airflow/.local/lib/python3.12/site-packages/airflow/example_dags/example_branch_operator.py took 0.124 seconds
[2025-01-26T17:56:05.038+0000] {processor.py:186} INFO - Started process (PID=3576) to work on /home/airflow/.local/lib/python3.12/site-packages/airflow/example_dags/example_branch_operator.py
[2025-01-26T17:56:05.039+0000] {processor.py:914} INFO - Processing file /home/airflow/.local/lib/python3.12/site-packages/airflow/example_dags/example_branch_operator.py for tasks to queue
[2025-01-26T17:56:05.043+0000] {logging_mixin.py:190} INFO - [2025-01-26T17:56:05.042+0000] {dagbag.py:588} INFO - Filling up the DagBag from /home/airflow/.local/lib/python3.12/site-packages/airflow/example_dags/example_branch_operator.py
[2025-01-26T17:56:05.072+0000] {processor.py:925} INFO - DAG(s) 'example_branch_operator' retrieved from /home/airflow/.local/lib/python3.12/site-packages/airflow/example_dags/example_branch_operator.py
[2025-01-26T17:56:05.102+0000] {logging_mixin.py:190} INFO - [2025-01-26T17:56:05.102+0000] {dag.py:3239} INFO - Sync 1 DAGs
[2025-01-26T17:56:05.130+0000] {logging_mixin.py:190} INFO - [2025-01-26T17:56:05.129+0000] {dag.py:4180} INFO - Setting next_dagrun for example_branch_operator to 2025-01-25 00:00:00+00:00, run_after=2025-01-26 00:00:00+00:00
[2025-01-26T17:56:05.149+0000] {processor.py:208} INFO - Processing /home/airflow/.local/lib/python3.12/site-packages/airflow/example_dags/example_branch_operator.py took 0.125 seconds
[2025-01-26T17:56:35.190+0000] {processor.py:186} INFO - Started process (PID=3639) to work on /home/airflow/.local/lib/python3.12/site-packages/airflow/example_dags/example_branch_operator.py
[2025-01-26T17:56:35.191+0000] {processor.py:914} INFO - Processing file /home/airflow/.local/lib/python3.12/site-packages/airflow/example_dags/example_branch_operator.py for tasks to queue
[2025-01-26T17:56:35.194+0000] {logging_mixin.py:190} INFO - [2025-01-26T17:56:35.194+0000] {dagbag.py:588} INFO - Filling up the DagBag from /home/airflow/.local/lib/python3.12/site-packages/airflow/example_dags/example_branch_operator.py
[2025-01-26T17:56:35.218+0000] {processor.py:925} INFO - DAG(s) 'example_branch_operator' retrieved from /home/airflow/.local/lib/python3.12/site-packages/airflow/example_dags/example_branch_operator.py
[2025-01-26T17:56:35.254+0000] {logging_mixin.py:190} INFO - [2025-01-26T17:56:35.254+0000] {dag.py:3239} INFO - Sync 1 DAGs
[2025-01-26T17:56:35.282+0000] {logging_mixin.py:190} INFO - [2025-01-26T17:56:35.282+0000] {dag.py:4180} INFO - Setting next_dagrun for example_branch_operator to 2025-01-25 00:00:00+00:00, run_after=2025-01-26 00:00:00+00:00
[2025-01-26T17:56:35.307+0000] {processor.py:208} INFO - Processing /home/airflow/.local/lib/python3.12/site-packages/airflow/example_dags/example_branch_operator.py took 0.123 seconds
[2025-01-26T17:57:06.239+0000] {processor.py:186} INFO - Started process (PID=3703) to work on /home/airflow/.local/lib/python3.12/site-packages/airflow/example_dags/example_branch_operator.py
[2025-01-26T17:57:06.240+0000] {processor.py:914} INFO - Processing file /home/airflow/.local/lib/python3.12/site-packages/airflow/example_dags/example_branch_operator.py for tasks to queue
[2025-01-26T17:57:06.243+0000] {logging_mixin.py:190} INFO - [2025-01-26T17:57:06.243+0000] {dagbag.py:588} INFO - Filling up the DagBag from /home/airflow/.local/lib/python3.12/site-packages/airflow/example_dags/example_branch_operator.py
[2025-01-26T17:57:06.267+0000] {processor.py:925} INFO - DAG(s) 'example_branch_operator' retrieved from /home/airflow/.local/lib/python3.12/site-packages/airflow/example_dags/example_branch_operator.py
[2025-01-26T17:57:06.297+0000] {logging_mixin.py:190} INFO - [2025-01-26T17:57:06.297+0000] {dag.py:3239} INFO - Sync 1 DAGs
[2025-01-26T17:57:06.334+0000] {logging_mixin.py:190} INFO - [2025-01-26T17:57:06.334+0000] {dag.py:4180} INFO - Setting next_dagrun for example_branch_operator to 2025-01-25 00:00:00+00:00, run_after=2025-01-26 00:00:00+00:00
[2025-01-26T17:57:06.362+0000] {processor.py:208} INFO - Processing /home/airflow/.local/lib/python3.12/site-packages/airflow/example_dags/example_branch_operator.py took 0.130 seconds
[2025-01-26T17:57:37.516+0000] {processor.py:186} INFO - Started process (PID=3766) to work on /home/airflow/.local/lib/python3.12/site-packages/airflow/example_dags/example_branch_operator.py
[2025-01-26T17:57:37.517+0000] {processor.py:914} INFO - Processing file /home/airflow/.local/lib/python3.12/site-packages/airflow/example_dags/example_branch_operator.py for tasks to queue
[2025-01-26T17:57:37.519+0000] {logging_mixin.py:190} INFO - [2025-01-26T17:57:37.519+0000] {dagbag.py:588} INFO - Filling up the DagBag from /home/airflow/.local/lib/python3.12/site-packages/airflow/example_dags/example_branch_operator.py
[2025-01-26T17:57:37.539+0000] {processor.py:925} INFO - DAG(s) 'example_branch_operator' retrieved from /home/airflow/.local/lib/python3.12/site-packages/airflow/example_dags/example_branch_operator.py
[2025-01-26T17:57:37.566+0000] {logging_mixin.py:190} INFO - [2025-01-26T17:57:37.566+0000] {dag.py:3239} INFO - Sync 1 DAGs
[2025-01-26T17:57:37.594+0000] {logging_mixin.py:190} INFO - [2025-01-26T17:57:37.593+0000] {dag.py:4180} INFO - Setting next_dagrun for example_branch_operator to 2025-01-25 00:00:00+00:00, run_after=2025-01-26 00:00:00+00:00
[2025-01-26T17:57:37.613+0000] {processor.py:208} INFO - Processing /home/airflow/.local/lib/python3.12/site-packages/airflow/example_dags/example_branch_operator.py took 0.102 seconds
[2025-01-26T17:58:08.347+0000] {processor.py:186} INFO - Started process (PID=3830) to work on /home/airflow/.local/lib/python3.12/site-packages/airflow/example_dags/example_branch_operator.py
[2025-01-26T17:58:08.348+0000] {processor.py:914} INFO - Processing file /home/airflow/.local/lib/python3.12/site-packages/airflow/example_dags/example_branch_operator.py for tasks to queue
[2025-01-26T17:58:08.352+0000] {logging_mixin.py:190} INFO - [2025-01-26T17:58:08.351+0000] {dagbag.py:588} INFO - Filling up the DagBag from /home/airflow/.local/lib/python3.12/site-packages/airflow/example_dags/example_branch_operator.py
[2025-01-26T17:58:08.378+0000] {processor.py:925} INFO - DAG(s) 'example_branch_operator' retrieved from /home/airflow/.local/lib/python3.12/site-packages/airflow/example_dags/example_branch_operator.py
[2025-01-26T17:58:08.412+0000] {logging_mixin.py:190} INFO - [2025-01-26T17:58:08.411+0000] {dag.py:3239} INFO - Sync 1 DAGs
[2025-01-26T17:58:08.439+0000] {logging_mixin.py:190} INFO - [2025-01-26T17:58:08.439+0000] {dag.py:4180} INFO - Setting next_dagrun for example_branch_operator to 2025-01-25 00:00:00+00:00, run_after=2025-01-26 00:00:00+00:00
[2025-01-26T17:58:08.459+0000] {processor.py:208} INFO - Processing /home/airflow/.local/lib/python3.12/site-packages/airflow/example_dags/example_branch_operator.py took 0.120 seconds
[2025-01-26T17:58:39.354+0000] {processor.py:186} INFO - Started process (PID=3900) to work on /home/airflow/.local/lib/python3.12/site-packages/airflow/example_dags/example_branch_operator.py
[2025-01-26T17:58:39.355+0000] {processor.py:914} INFO - Processing file /home/airflow/.local/lib/python3.12/site-packages/airflow/example_dags/example_branch_operator.py for tasks to queue
[2025-01-26T17:58:39.359+0000] {logging_mixin.py:190} INFO - [2025-01-26T17:58:39.358+0000] {dagbag.py:588} INFO - Filling up the DagBag from /home/airflow/.local/lib/python3.12/site-packages/airflow/example_dags/example_branch_operator.py
[2025-01-26T17:58:39.389+0000] {processor.py:925} INFO - DAG(s) 'example_branch_operator' retrieved from /home/airflow/.local/lib/python3.12/site-packages/airflow/example_dags/example_branch_operator.py
[2025-01-26T17:58:39.422+0000] {logging_mixin.py:190} INFO - [2025-01-26T17:58:39.422+0000] {dag.py:3239} INFO - Sync 1 DAGs
[2025-01-26T17:58:39.456+0000] {logging_mixin.py:190} INFO - [2025-01-26T17:58:39.456+0000] {dag.py:4180} INFO - Setting next_dagrun for example_branch_operator to 2025-01-25 00:00:00+00:00, run_after=2025-01-26 00:00:00+00:00
[2025-01-26T17:58:39.484+0000] {processor.py:208} INFO - Processing /home/airflow/.local/lib/python3.12/site-packages/airflow/example_dags/example_branch_operator.py took 0.138 seconds
[2025-01-26T17:59:10.256+0000] {processor.py:186} INFO - Started process (PID=3963) to work on /home/airflow/.local/lib/python3.12/site-packages/airflow/example_dags/example_branch_operator.py
[2025-01-26T17:59:10.257+0000] {processor.py:914} INFO - Processing file /home/airflow/.local/lib/python3.12/site-packages/airflow/example_dags/example_branch_operator.py for tasks to queue
[2025-01-26T17:59:10.262+0000] {logging_mixin.py:190} INFO - [2025-01-26T17:59:10.260+0000] {dagbag.py:588} INFO - Filling up the DagBag from /home/airflow/.local/lib/python3.12/site-packages/airflow/example_dags/example_branch_operator.py
[2025-01-26T17:59:10.285+0000] {processor.py:925} INFO - DAG(s) 'example_branch_operator' retrieved from /home/airflow/.local/lib/python3.12/site-packages/airflow/example_dags/example_branch_operator.py
[2025-01-26T17:59:10.319+0000] {logging_mixin.py:190} INFO - [2025-01-26T17:59:10.319+0000] {dag.py:3239} INFO - Sync 1 DAGs
[2025-01-26T17:59:10.353+0000] {logging_mixin.py:190} INFO - [2025-01-26T17:59:10.353+0000] {dag.py:4180} INFO - Setting next_dagrun for example_branch_operator to 2025-01-25 00:00:00+00:00, run_after=2025-01-26 00:00:00+00:00
[2025-01-26T17:59:10.374+0000] {processor.py:208} INFO - Processing /home/airflow/.local/lib/python3.12/site-packages/airflow/example_dags/example_branch_operator.py took 0.124 seconds
[2025-01-26T17:59:41.267+0000] {processor.py:186} INFO - Started process (PID=4026) to work on /home/airflow/.local/lib/python3.12/site-packages/airflow/example_dags/example_branch_operator.py
[2025-01-26T17:59:41.268+0000] {processor.py:914} INFO - Processing file /home/airflow/.local/lib/python3.12/site-packages/airflow/example_dags/example_branch_operator.py for tasks to queue
[2025-01-26T17:59:41.271+0000] {logging_mixin.py:190} INFO - [2025-01-26T17:59:41.271+0000] {dagbag.py:588} INFO - Filling up the DagBag from /home/airflow/.local/lib/python3.12/site-packages/airflow/example_dags/example_branch_operator.py
[2025-01-26T17:59:41.290+0000] {processor.py:925} INFO - DAG(s) 'example_branch_operator' retrieved from /home/airflow/.local/lib/python3.12/site-packages/airflow/example_dags/example_branch_operator.py
[2025-01-26T17:59:41.324+0000] {logging_mixin.py:190} INFO - [2025-01-26T17:59:41.324+0000] {dag.py:3239} INFO - Sync 1 DAGs
[2025-01-26T17:59:41.354+0000] {logging_mixin.py:190} INFO - [2025-01-26T17:59:41.354+0000] {dag.py:4180} INFO - Setting next_dagrun for example_branch_operator to 2025-01-25 00:00:00+00:00, run_after=2025-01-26 00:00:00+00:00
[2025-01-26T17:59:41.382+0000] {processor.py:208} INFO - Processing /home/airflow/.local/lib/python3.12/site-packages/airflow/example_dags/example_branch_operator.py took 0.124 seconds
[2025-01-26T18:00:11.790+0000] {processor.py:186} INFO - Started process (PID=4089) to work on /home/airflow/.local/lib/python3.12/site-packages/airflow/example_dags/example_branch_operator.py
[2025-01-26T18:00:11.791+0000] {processor.py:914} INFO - Processing file /home/airflow/.local/lib/python3.12/site-packages/airflow/example_dags/example_branch_operator.py for tasks to queue
[2025-01-26T18:00:11.793+0000] {logging_mixin.py:190} INFO - [2025-01-26T18:00:11.793+0000] {dagbag.py:588} INFO - Filling up the DagBag from /home/airflow/.local/lib/python3.12/site-packages/airflow/example_dags/example_branch_operator.py
[2025-01-26T18:00:11.813+0000] {processor.py:925} INFO - DAG(s) 'example_branch_operator' retrieved from /home/airflow/.local/lib/python3.12/site-packages/airflow/example_dags/example_branch_operator.py
[2025-01-26T18:00:11.843+0000] {logging_mixin.py:190} INFO - [2025-01-26T18:00:11.842+0000] {dag.py:3239} INFO - Sync 1 DAGs
[2025-01-26T18:00:11.870+0000] {logging_mixin.py:190} INFO - [2025-01-26T18:00:11.870+0000] {dag.py:4180} INFO - Setting next_dagrun for example_branch_operator to 2025-01-25 00:00:00+00:00, run_after=2025-01-26 00:00:00+00:00
[2025-01-26T18:00:11.891+0000] {processor.py:208} INFO - Processing /home/airflow/.local/lib/python3.12/site-packages/airflow/example_dags/example_branch_operator.py took 0.108 seconds
[2025-01-26T18:00:43.246+0000] {processor.py:186} INFO - Started process (PID=4152) to work on /home/airflow/.local/lib/python3.12/site-packages/airflow/example_dags/example_branch_operator.py
[2025-01-26T18:00:43.247+0000] {processor.py:914} INFO - Processing file /home/airflow/.local/lib/python3.12/site-packages/airflow/example_dags/example_branch_operator.py for tasks to queue
[2025-01-26T18:00:43.250+0000] {logging_mixin.py:190} INFO - [2025-01-26T18:00:43.249+0000] {dagbag.py:588} INFO - Filling up the DagBag from /home/airflow/.local/lib/python3.12/site-packages/airflow/example_dags/example_branch_operator.py
[2025-01-26T18:00:43.269+0000] {processor.py:925} INFO - DAG(s) 'example_branch_operator' retrieved from /home/airflow/.local/lib/python3.12/site-packages/airflow/example_dags/example_branch_operator.py
[2025-01-26T18:00:43.297+0000] {logging_mixin.py:190} INFO - [2025-01-26T18:00:43.297+0000] {dag.py:3239} INFO - Sync 1 DAGs
[2025-01-26T18:00:43.326+0000] {logging_mixin.py:190} INFO - [2025-01-26T18:00:43.326+0000] {dag.py:4180} INFO - Setting next_dagrun for example_branch_operator to 2025-01-25 00:00:00+00:00, run_after=2025-01-26 00:00:00+00:00
[2025-01-26T18:00:43.351+0000] {processor.py:208} INFO - Processing /home/airflow/.local/lib/python3.12/site-packages/airflow/example_dags/example_branch_operator.py took 0.112 seconds
[2025-01-26T18:01:14.452+0000] {processor.py:186} INFO - Started process (PID=4215) to work on /home/airflow/.local/lib/python3.12/site-packages/airflow/example_dags/example_branch_operator.py
[2025-01-26T18:01:14.453+0000] {processor.py:914} INFO - Processing file /home/airflow/.local/lib/python3.12/site-packages/airflow/example_dags/example_branch_operator.py for tasks to queue
[2025-01-26T18:01:14.457+0000] {logging_mixin.py:190} INFO - [2025-01-26T18:01:14.457+0000] {dagbag.py:588} INFO - Filling up the DagBag from /home/airflow/.local/lib/python3.12/site-packages/airflow/example_dags/example_branch_operator.py
[2025-01-26T18:01:14.486+0000] {processor.py:925} INFO - DAG(s) 'example_branch_operator' retrieved from /home/airflow/.local/lib/python3.12/site-packages/airflow/example_dags/example_branch_operator.py
[2025-01-26T18:01:14.528+0000] {logging_mixin.py:190} INFO - [2025-01-26T18:01:14.528+0000] {dag.py:3239} INFO - Sync 1 DAGs
[2025-01-26T18:01:14.561+0000] {logging_mixin.py:190} INFO - [2025-01-26T18:01:14.561+0000] {dag.py:4180} INFO - Setting next_dagrun for example_branch_operator to 2025-01-25 00:00:00+00:00, run_after=2025-01-26 00:00:00+00:00
[2025-01-26T18:01:14.599+0000] {processor.py:208} INFO - Processing /home/airflow/.local/lib/python3.12/site-packages/airflow/example_dags/example_branch_operator.py took 0.154 seconds
[2025-01-26T18:01:45.551+0000] {processor.py:186} INFO - Started process (PID=4278) to work on /home/airflow/.local/lib/python3.12/site-packages/airflow/example_dags/example_branch_operator.py
[2025-01-26T18:01:45.552+0000] {processor.py:914} INFO - Processing file /home/airflow/.local/lib/python3.12/site-packages/airflow/example_dags/example_branch_operator.py for tasks to queue
[2025-01-26T18:01:45.554+0000] {logging_mixin.py:190} INFO - [2025-01-26T18:01:45.554+0000] {dagbag.py:588} INFO - Filling up the DagBag from /home/airflow/.local/lib/python3.12/site-packages/airflow/example_dags/example_branch_operator.py
[2025-01-26T18:01:45.578+0000] {processor.py:925} INFO - DAG(s) 'example_branch_operator' retrieved from /home/airflow/.local/lib/python3.12/site-packages/airflow/example_dags/example_branch_operator.py
[2025-01-26T18:01:45.606+0000] {logging_mixin.py:190} INFO - [2025-01-26T18:01:45.606+0000] {dag.py:3239} INFO - Sync 1 DAGs
[2025-01-26T18:01:45.644+0000] {logging_mixin.py:190} INFO - [2025-01-26T18:01:45.644+0000] {dag.py:4180} INFO - Setting next_dagrun for example_branch_operator to 2025-01-25 00:00:00+00:00, run_after=2025-01-26 00:00:00+00:00
[2025-01-26T18:01:45.672+0000] {processor.py:208} INFO - Processing /home/airflow/.local/lib/python3.12/site-packages/airflow/example_dags/example_branch_operator.py took 0.127 seconds
[2025-01-26T18:02:17.026+0000] {processor.py:186} INFO - Started process (PID=4343) to work on /home/airflow/.local/lib/python3.12/site-packages/airflow/example_dags/example_branch_operator.py
[2025-01-26T18:02:17.027+0000] {processor.py:914} INFO - Processing file /home/airflow/.local/lib/python3.12/site-packages/airflow/example_dags/example_branch_operator.py for tasks to queue
[2025-01-26T18:02:17.029+0000] {logging_mixin.py:190} INFO - [2025-01-26T18:02:17.028+0000] {dagbag.py:588} INFO - Filling up the DagBag from /home/airflow/.local/lib/python3.12/site-packages/airflow/example_dags/example_branch_operator.py
[2025-01-26T18:02:17.048+0000] {processor.py:925} INFO - DAG(s) 'example_branch_operator' retrieved from /home/airflow/.local/lib/python3.12/site-packages/airflow/example_dags/example_branch_operator.py
[2025-01-26T18:02:17.074+0000] {logging_mixin.py:190} INFO - [2025-01-26T18:02:17.074+0000] {dag.py:3239} INFO - Sync 1 DAGs
[2025-01-26T18:02:17.099+0000] {logging_mixin.py:190} INFO - [2025-01-26T18:02:17.098+0000] {dag.py:4180} INFO - Setting next_dagrun for example_branch_operator to 2025-01-25 00:00:00+00:00, run_after=2025-01-26 00:00:00+00:00
[2025-01-26T18:02:17.116+0000] {processor.py:208} INFO - Processing /home/airflow/.local/lib/python3.12/site-packages/airflow/example_dags/example_branch_operator.py took 0.096 seconds
[2025-01-26T18:02:47.666+0000] {processor.py:186} INFO - Started process (PID=4407) to work on /home/airflow/.local/lib/python3.12/site-packages/airflow/example_dags/example_branch_operator.py
[2025-01-26T18:02:47.667+0000] {processor.py:914} INFO - Processing file /home/airflow/.local/lib/python3.12/site-packages/airflow/example_dags/example_branch_operator.py for tasks to queue
[2025-01-26T18:02:47.668+0000] {logging_mixin.py:190} INFO - [2025-01-26T18:02:47.668+0000] {dagbag.py:588} INFO - Filling up the DagBag from /home/airflow/.local/lib/python3.12/site-packages/airflow/example_dags/example_branch_operator.py
[2025-01-26T18:02:47.685+0000] {processor.py:925} INFO - DAG(s) 'example_branch_operator' retrieved from /home/airflow/.local/lib/python3.12/site-packages/airflow/example_dags/example_branch_operator.py
[2025-01-26T18:02:47.710+0000] {logging_mixin.py:190} INFO - [2025-01-26T18:02:47.710+0000] {dag.py:3239} INFO - Sync 1 DAGs
[2025-01-26T18:02:47.733+0000] {logging_mixin.py:190} INFO - [2025-01-26T18:02:47.733+0000] {dag.py:4180} INFO - Setting next_dagrun for example_branch_operator to 2025-01-25 00:00:00+00:00, run_after=2025-01-26 00:00:00+00:00
[2025-01-26T18:02:47.751+0000] {processor.py:208} INFO - Processing /home/airflow/.local/lib/python3.12/site-packages/airflow/example_dags/example_branch_operator.py took 0.090 seconds
[2025-01-26T18:03:19.329+0000] {processor.py:186} INFO - Started process (PID=4471) to work on /home/airflow/.local/lib/python3.12/site-packages/airflow/example_dags/example_branch_operator.py
[2025-01-26T18:03:19.330+0000] {processor.py:914} INFO - Processing file /home/airflow/.local/lib/python3.12/site-packages/airflow/example_dags/example_branch_operator.py for tasks to queue
[2025-01-26T18:03:19.332+0000] {logging_mixin.py:190} INFO - [2025-01-26T18:03:19.331+0000] {dagbag.py:588} INFO - Filling up the DagBag from /home/airflow/.local/lib/python3.12/site-packages/airflow/example_dags/example_branch_operator.py
[2025-01-26T18:03:19.352+0000] {processor.py:925} INFO - DAG(s) 'example_branch_operator' retrieved from /home/airflow/.local/lib/python3.12/site-packages/airflow/example_dags/example_branch_operator.py
[2025-01-26T18:03:19.381+0000] {logging_mixin.py:190} INFO - [2025-01-26T18:03:19.381+0000] {dag.py:3239} INFO - Sync 1 DAGs
[2025-01-26T18:03:19.410+0000] {logging_mixin.py:190} INFO - [2025-01-26T18:03:19.410+0000] {dag.py:4180} INFO - Setting next_dagrun for example_branch_operator to 2025-01-25 00:00:00+00:00, run_after=2025-01-26 00:00:00+00:00
[2025-01-26T18:03:19.436+0000] {processor.py:208} INFO - Processing /home/airflow/.local/lib/python3.12/site-packages/airflow/example_dags/example_branch_operator.py took 0.113 seconds
[2025-01-26T18:03:50.764+0000] {processor.py:186} INFO - Started process (PID=4532) to work on /home/airflow/.local/lib/python3.12/site-packages/airflow/example_dags/example_branch_operator.py
[2025-01-26T18:03:50.766+0000] {processor.py:914} INFO - Processing file /home/airflow/.local/lib/python3.12/site-packages/airflow/example_dags/example_branch_operator.py for tasks to queue
[2025-01-26T18:03:50.768+0000] {logging_mixin.py:190} INFO - [2025-01-26T18:03:50.768+0000] {dagbag.py:588} INFO - Filling up the DagBag from /home/airflow/.local/lib/python3.12/site-packages/airflow/example_dags/example_branch_operator.py
[2025-01-26T18:03:50.794+0000] {processor.py:925} INFO - DAG(s) 'example_branch_operator' retrieved from /home/airflow/.local/lib/python3.12/site-packages/airflow/example_dags/example_branch_operator.py
[2025-01-26T18:03:50.856+0000] {logging_mixin.py:190} INFO - [2025-01-26T18:03:50.856+0000] {dag.py:3239} INFO - Sync 1 DAGs
[2025-01-26T18:03:50.897+0000] {logging_mixin.py:190} INFO - [2025-01-26T18:03:50.897+0000] {dag.py:4180} INFO - Setting next_dagrun for example_branch_operator to 2025-01-25 00:00:00+00:00, run_after=2025-01-26 00:00:00+00:00
[2025-01-26T18:03:50.923+0000] {processor.py:208} INFO - Processing /home/airflow/.local/lib/python3.12/site-packages/airflow/example_dags/example_branch_operator.py took 0.166 seconds
[2025-01-26T18:04:22.335+0000] {processor.py:186} INFO - Started process (PID=4596) to work on /home/airflow/.local/lib/python3.12/site-packages/airflow/example_dags/example_branch_operator.py
[2025-01-26T18:04:22.336+0000] {processor.py:914} INFO - Processing file /home/airflow/.local/lib/python3.12/site-packages/airflow/example_dags/example_branch_operator.py for tasks to queue
[2025-01-26T18:04:22.337+0000] {logging_mixin.py:190} INFO - [2025-01-26T18:04:22.337+0000] {dagbag.py:588} INFO - Filling up the DagBag from /home/airflow/.local/lib/python3.12/site-packages/airflow/example_dags/example_branch_operator.py
[2025-01-26T18:04:22.361+0000] {processor.py:925} INFO - DAG(s) 'example_branch_operator' retrieved from /home/airflow/.local/lib/python3.12/site-packages/airflow/example_dags/example_branch_operator.py
[2025-01-26T18:04:22.394+0000] {logging_mixin.py:190} INFO - [2025-01-26T18:04:22.394+0000] {dag.py:3239} INFO - Sync 1 DAGs
[2025-01-26T18:04:22.431+0000] {logging_mixin.py:190} INFO - [2025-01-26T18:04:22.431+0000] {dag.py:4180} INFO - Setting next_dagrun for example_branch_operator to 2025-01-25 00:00:00+00:00, run_after=2025-01-26 00:00:00+00:00
[2025-01-26T18:04:22.449+0000] {processor.py:208} INFO - Processing /home/airflow/.local/lib/python3.12/site-packages/airflow/example_dags/example_branch_operator.py took 0.120 seconds
[2025-01-26T18:04:54.029+0000] {processor.py:186} INFO - Started process (PID=4663) to work on /home/airflow/.local/lib/python3.12/site-packages/airflow/example_dags/example_branch_operator.py
[2025-01-26T18:04:54.030+0000] {processor.py:914} INFO - Processing file /home/airflow/.local/lib/python3.12/site-packages/airflow/example_dags/example_branch_operator.py for tasks to queue
[2025-01-26T18:04:54.032+0000] {logging_mixin.py:190} INFO - [2025-01-26T18:04:54.032+0000] {dagbag.py:588} INFO - Filling up the DagBag from /home/airflow/.local/lib/python3.12/site-packages/airflow/example_dags/example_branch_operator.py
[2025-01-26T18:04:54.053+0000] {processor.py:925} INFO - DAG(s) 'example_branch_operator' retrieved from /home/airflow/.local/lib/python3.12/site-packages/airflow/example_dags/example_branch_operator.py
[2025-01-26T18:04:54.087+0000] {logging_mixin.py:190} INFO - [2025-01-26T18:04:54.087+0000] {dag.py:3239} INFO - Sync 1 DAGs
[2025-01-26T18:04:54.122+0000] {logging_mixin.py:190} INFO - [2025-01-26T18:04:54.122+0000] {dag.py:4180} INFO - Setting next_dagrun for example_branch_operator to 2025-01-25 00:00:00+00:00, run_after=2025-01-26 00:00:00+00:00
[2025-01-26T18:04:54.151+0000] {processor.py:208} INFO - Processing /home/airflow/.local/lib/python3.12/site-packages/airflow/example_dags/example_branch_operator.py took 0.128 seconds
[2025-01-26T18:05:26.127+0000] {processor.py:186} INFO - Started process (PID=4729) to work on /home/airflow/.local/lib/python3.12/site-packages/airflow/example_dags/example_branch_operator.py
[2025-01-26T18:05:26.128+0000] {processor.py:914} INFO - Processing file /home/airflow/.local/lib/python3.12/site-packages/airflow/example_dags/example_branch_operator.py for tasks to queue
[2025-01-26T18:05:26.130+0000] {logging_mixin.py:190} INFO - [2025-01-26T18:05:26.129+0000] {dagbag.py:588} INFO - Filling up the DagBag from /home/airflow/.local/lib/python3.12/site-packages/airflow/example_dags/example_branch_operator.py
[2025-01-26T18:05:26.161+0000] {processor.py:925} INFO - DAG(s) 'example_branch_operator' retrieved from /home/airflow/.local/lib/python3.12/site-packages/airflow/example_dags/example_branch_operator.py
[2025-01-26T18:05:26.195+0000] {logging_mixin.py:190} INFO - [2025-01-26T18:05:26.195+0000] {dag.py:3239} INFO - Sync 1 DAGs
[2025-01-26T18:05:26.226+0000] {logging_mixin.py:190} INFO - [2025-01-26T18:05:26.226+0000] {dag.py:4180} INFO - Setting next_dagrun for example_branch_operator to 2025-01-25 00:00:00+00:00, run_after=2025-01-26 00:00:00+00:00
[2025-01-26T18:05:26.254+0000] {processor.py:208} INFO - Processing /home/airflow/.local/lib/python3.12/site-packages/airflow/example_dags/example_branch_operator.py took 0.140 seconds
[2025-01-26T18:05:56.557+0000] {processor.py:186} INFO - Started process (PID=4793) to work on /home/airflow/.local/lib/python3.12/site-packages/airflow/example_dags/example_branch_operator.py
[2025-01-26T18:05:56.558+0000] {processor.py:914} INFO - Processing file /home/airflow/.local/lib/python3.12/site-packages/airflow/example_dags/example_branch_operator.py for tasks to queue
[2025-01-26T18:05:56.560+0000] {logging_mixin.py:190} INFO - [2025-01-26T18:05:56.559+0000] {dagbag.py:588} INFO - Filling up the DagBag from /home/airflow/.local/lib/python3.12/site-packages/airflow/example_dags/example_branch_operator.py
[2025-01-26T18:05:56.589+0000] {processor.py:925} INFO - DAG(s) 'example_branch_operator' retrieved from /home/airflow/.local/lib/python3.12/site-packages/airflow/example_dags/example_branch_operator.py
[2025-01-26T18:05:56.633+0000] {logging_mixin.py:190} INFO - [2025-01-26T18:05:56.633+0000] {dag.py:3239} INFO - Sync 1 DAGs
[2025-01-26T18:05:56.658+0000] {logging_mixin.py:190} INFO - [2025-01-26T18:05:56.658+0000] {dag.py:4180} INFO - Setting next_dagrun for example_branch_operator to 2025-01-25 00:00:00+00:00, run_after=2025-01-26 00:00:00+00:00
[2025-01-26T18:05:56.683+0000] {processor.py:208} INFO - Processing /home/airflow/.local/lib/python3.12/site-packages/airflow/example_dags/example_branch_operator.py took 0.134 seconds
[2025-01-26T18:06:27.102+0000] {processor.py:186} INFO - Started process (PID=4856) to work on /home/airflow/.local/lib/python3.12/site-packages/airflow/example_dags/example_branch_operator.py
[2025-01-26T18:06:27.103+0000] {processor.py:914} INFO - Processing file /home/airflow/.local/lib/python3.12/site-packages/airflow/example_dags/example_branch_operator.py for tasks to queue
[2025-01-26T18:06:27.105+0000] {logging_mixin.py:190} INFO - [2025-01-26T18:06:27.105+0000] {dagbag.py:588} INFO - Filling up the DagBag from /home/airflow/.local/lib/python3.12/site-packages/airflow/example_dags/example_branch_operator.py
[2025-01-26T18:06:27.126+0000] {processor.py:925} INFO - DAG(s) 'example_branch_operator' retrieved from /home/airflow/.local/lib/python3.12/site-packages/airflow/example_dags/example_branch_operator.py
[2025-01-26T18:06:27.160+0000] {logging_mixin.py:190} INFO - [2025-01-26T18:06:27.160+0000] {dag.py:3239} INFO - Sync 1 DAGs
[2025-01-26T18:06:27.186+0000] {logging_mixin.py:190} INFO - [2025-01-26T18:06:27.186+0000] {dag.py:4180} INFO - Setting next_dagrun for example_branch_operator to 2025-01-25 00:00:00+00:00, run_after=2025-01-26 00:00:00+00:00
[2025-01-26T18:06:27.207+0000] {processor.py:208} INFO - Processing /home/airflow/.local/lib/python3.12/site-packages/airflow/example_dags/example_branch_operator.py took 0.113 seconds
[2025-01-26T18:07:02.690+0000] {processor.py:186} INFO - Started process (PID=4919) to work on /home/airflow/.local/lib/python3.12/site-packages/airflow/example_dags/example_branch_operator.py
[2025-01-26T18:07:02.691+0000] {processor.py:914} INFO - Processing file /home/airflow/.local/lib/python3.12/site-packages/airflow/example_dags/example_branch_operator.py for tasks to queue
[2025-01-26T18:07:02.693+0000] {logging_mixin.py:190} INFO - [2025-01-26T18:07:02.692+0000] {dagbag.py:588} INFO - Filling up the DagBag from /home/airflow/.local/lib/python3.12/site-packages/airflow/example_dags/example_branch_operator.py
[2025-01-26T18:07:02.732+0000] {processor.py:925} INFO - DAG(s) 'example_branch_operator' retrieved from /home/airflow/.local/lib/python3.12/site-packages/airflow/example_dags/example_branch_operator.py
[2025-01-26T18:07:02.773+0000] {logging_mixin.py:190} INFO - [2025-01-26T18:07:02.773+0000] {dag.py:3239} INFO - Sync 1 DAGs
[2025-01-26T18:07:02.815+0000] {logging_mixin.py:190} INFO - [2025-01-26T18:07:02.814+0000] {dag.py:4180} INFO - Setting next_dagrun for example_branch_operator to 2025-01-25 00:00:00+00:00, run_after=2025-01-26 00:00:00+00:00
[2025-01-26T18:07:02.841+0000] {processor.py:208} INFO - Processing /home/airflow/.local/lib/python3.12/site-packages/airflow/example_dags/example_branch_operator.py took 0.160 seconds
[2025-01-26T18:07:32.941+0000] {processor.py:186} INFO - Started process (PID=4982) to work on /home/airflow/.local/lib/python3.12/site-packages/airflow/example_dags/example_branch_operator.py
[2025-01-26T18:07:32.942+0000] {processor.py:914} INFO - Processing file /home/airflow/.local/lib/python3.12/site-packages/airflow/example_dags/example_branch_operator.py for tasks to queue
[2025-01-26T18:07:32.944+0000] {logging_mixin.py:190} INFO - [2025-01-26T18:07:32.943+0000] {dagbag.py:588} INFO - Filling up the DagBag from /home/airflow/.local/lib/python3.12/site-packages/airflow/example_dags/example_branch_operator.py
[2025-01-26T18:07:32.963+0000] {processor.py:925} INFO - DAG(s) 'example_branch_operator' retrieved from /home/airflow/.local/lib/python3.12/site-packages/airflow/example_dags/example_branch_operator.py
[2025-01-26T18:07:33.007+0000] {logging_mixin.py:190} INFO - [2025-01-26T18:07:33.007+0000] {dag.py:3239} INFO - Sync 1 DAGs
[2025-01-26T18:07:33.074+0000] {logging_mixin.py:190} INFO - [2025-01-26T18:07:33.074+0000] {dag.py:4180} INFO - Setting next_dagrun for example_branch_operator to 2025-01-25 00:00:00+00:00, run_after=2025-01-26 00:00:00+00:00
[2025-01-26T18:07:33.094+0000] {processor.py:208} INFO - Processing /home/airflow/.local/lib/python3.12/site-packages/airflow/example_dags/example_branch_operator.py took 0.158 seconds
[2025-01-26T18:08:03.860+0000] {processor.py:186} INFO - Started process (PID=5046) to work on /home/airflow/.local/lib/python3.12/site-packages/airflow/example_dags/example_branch_operator.py
[2025-01-26T18:08:03.861+0000] {processor.py:914} INFO - Processing file /home/airflow/.local/lib/python3.12/site-packages/airflow/example_dags/example_branch_operator.py for tasks to queue
[2025-01-26T18:08:03.862+0000] {logging_mixin.py:190} INFO - [2025-01-26T18:08:03.862+0000] {dagbag.py:588} INFO - Filling up the DagBag from /home/airflow/.local/lib/python3.12/site-packages/airflow/example_dags/example_branch_operator.py
[2025-01-26T18:08:03.885+0000] {processor.py:925} INFO - DAG(s) 'example_branch_operator' retrieved from /home/airflow/.local/lib/python3.12/site-packages/airflow/example_dags/example_branch_operator.py
[2025-01-26T18:08:03.917+0000] {logging_mixin.py:190} INFO - [2025-01-26T18:08:03.916+0000] {dag.py:3239} INFO - Sync 1 DAGs
[2025-01-26T18:08:03.945+0000] {logging_mixin.py:190} INFO - [2025-01-26T18:08:03.945+0000] {dag.py:4180} INFO - Setting next_dagrun for example_branch_operator to 2025-01-25 00:00:00+00:00, run_after=2025-01-26 00:00:00+00:00
[2025-01-26T18:08:03.965+0000] {processor.py:208} INFO - Processing /home/airflow/.local/lib/python3.12/site-packages/airflow/example_dags/example_branch_operator.py took 0.111 seconds
[2025-01-26T18:08:34.560+0000] {processor.py:186} INFO - Started process (PID=5111) to work on /home/airflow/.local/lib/python3.12/site-packages/airflow/example_dags/example_branch_operator.py
[2025-01-26T18:08:34.562+0000] {processor.py:914} INFO - Processing file /home/airflow/.local/lib/python3.12/site-packages/airflow/example_dags/example_branch_operator.py for tasks to queue
[2025-01-26T18:08:34.563+0000] {logging_mixin.py:190} INFO - [2025-01-26T18:08:34.563+0000] {dagbag.py:588} INFO - Filling up the DagBag from /home/airflow/.local/lib/python3.12/site-packages/airflow/example_dags/example_branch_operator.py
[2025-01-26T18:08:34.590+0000] {processor.py:925} INFO - DAG(s) 'example_branch_operator' retrieved from /home/airflow/.local/lib/python3.12/site-packages/airflow/example_dags/example_branch_operator.py
[2025-01-26T18:08:34.618+0000] {logging_mixin.py:190} INFO - [2025-01-26T18:08:34.618+0000] {dag.py:3239} INFO - Sync 1 DAGs
[2025-01-26T18:08:34.647+0000] {logging_mixin.py:190} INFO - [2025-01-26T18:08:34.647+0000] {dag.py:4180} INFO - Setting next_dagrun for example_branch_operator to 2025-01-25 00:00:00+00:00, run_after=2025-01-26 00:00:00+00:00
[2025-01-26T18:08:34.674+0000] {processor.py:208} INFO - Processing /home/airflow/.local/lib/python3.12/site-packages/airflow/example_dags/example_branch_operator.py took 0.121 seconds
[2025-01-26T18:09:05.151+0000] {processor.py:186} INFO - Started process (PID=5174) to work on /home/airflow/.local/lib/python3.12/site-packages/airflow/example_dags/example_branch_operator.py
[2025-01-26T18:09:05.155+0000] {processor.py:914} INFO - Processing file /home/airflow/.local/lib/python3.12/site-packages/airflow/example_dags/example_branch_operator.py for tasks to queue
[2025-01-26T18:09:05.164+0000] {logging_mixin.py:190} INFO - [2025-01-26T18:09:05.163+0000] {dagbag.py:588} INFO - Filling up the DagBag from /home/airflow/.local/lib/python3.12/site-packages/airflow/example_dags/example_branch_operator.py
[2025-01-26T18:09:05.229+0000] {processor.py:925} INFO - DAG(s) 'example_branch_operator' retrieved from /home/airflow/.local/lib/python3.12/site-packages/airflow/example_dags/example_branch_operator.py
[2025-01-26T18:09:05.326+0000] {logging_mixin.py:190} INFO - [2025-01-26T18:09:05.325+0000] {dag.py:3239} INFO - Sync 1 DAGs
[2025-01-26T18:09:05.390+0000] {logging_mixin.py:190} INFO - [2025-01-26T18:09:05.389+0000] {dag.py:4180} INFO - Setting next_dagrun for example_branch_operator to 2025-01-25 00:00:00+00:00, run_after=2025-01-26 00:00:00+00:00
[2025-01-26T18:09:05.428+0000] {processor.py:208} INFO - Processing /home/airflow/.local/lib/python3.12/site-packages/airflow/example_dags/example_branch_operator.py took 0.290 seconds
[2025-01-26T18:09:35.994+0000] {processor.py:186} INFO - Started process (PID=5238) to work on /home/airflow/.local/lib/python3.12/site-packages/airflow/example_dags/example_branch_operator.py
[2025-01-26T18:09:35.995+0000] {processor.py:914} INFO - Processing file /home/airflow/.local/lib/python3.12/site-packages/airflow/example_dags/example_branch_operator.py for tasks to queue
[2025-01-26T18:09:35.996+0000] {logging_mixin.py:190} INFO - [2025-01-26T18:09:35.996+0000] {dagbag.py:588} INFO - Filling up the DagBag from /home/airflow/.local/lib/python3.12/site-packages/airflow/example_dags/example_branch_operator.py
[2025-01-26T18:09:36.015+0000] {processor.py:925} INFO - DAG(s) 'example_branch_operator' retrieved from /home/airflow/.local/lib/python3.12/site-packages/airflow/example_dags/example_branch_operator.py
[2025-01-26T18:09:36.047+0000] {logging_mixin.py:190} INFO - [2025-01-26T18:09:36.047+0000] {dag.py:3239} INFO - Sync 1 DAGs
[2025-01-26T18:09:36.084+0000] {logging_mixin.py:190} INFO - [2025-01-26T18:09:36.083+0000] {dag.py:4180} INFO - Setting next_dagrun for example_branch_operator to 2025-01-25 00:00:00+00:00, run_after=2025-01-26 00:00:00+00:00
[2025-01-26T18:09:36.111+0000] {processor.py:208} INFO - Processing /home/airflow/.local/lib/python3.12/site-packages/airflow/example_dags/example_branch_operator.py took 0.123 seconds
[2025-01-26T18:10:06.445+0000] {processor.py:186} INFO - Started process (PID=5303) to work on /home/airflow/.local/lib/python3.12/site-packages/airflow/example_dags/example_branch_operator.py
[2025-01-26T18:10:06.446+0000] {processor.py:914} INFO - Processing file /home/airflow/.local/lib/python3.12/site-packages/airflow/example_dags/example_branch_operator.py for tasks to queue
[2025-01-26T18:10:06.448+0000] {logging_mixin.py:190} INFO - [2025-01-26T18:10:06.447+0000] {dagbag.py:588} INFO - Filling up the DagBag from /home/airflow/.local/lib/python3.12/site-packages/airflow/example_dags/example_branch_operator.py
[2025-01-26T18:10:06.468+0000] {processor.py:925} INFO - DAG(s) 'example_branch_operator' retrieved from /home/airflow/.local/lib/python3.12/site-packages/airflow/example_dags/example_branch_operator.py
[2025-01-26T18:10:06.502+0000] {logging_mixin.py:190} INFO - [2025-01-26T18:10:06.502+0000] {dag.py:3239} INFO - Sync 1 DAGs
[2025-01-26T18:10:06.529+0000] {logging_mixin.py:190} INFO - [2025-01-26T18:10:06.528+0000] {dag.py:4180} INFO - Setting next_dagrun for example_branch_operator to 2025-01-25 00:00:00+00:00, run_after=2025-01-26 00:00:00+00:00
[2025-01-26T18:10:06.549+0000] {processor.py:208} INFO - Processing /home/airflow/.local/lib/python3.12/site-packages/airflow/example_dags/example_branch_operator.py took 0.111 seconds
[2025-01-26T18:10:37.614+0000] {processor.py:186} INFO - Started process (PID=5367) to work on /home/airflow/.local/lib/python3.12/site-packages/airflow/example_dags/example_branch_operator.py
[2025-01-26T18:10:37.615+0000] {processor.py:914} INFO - Processing file /home/airflow/.local/lib/python3.12/site-packages/airflow/example_dags/example_branch_operator.py for tasks to queue
[2025-01-26T18:10:37.617+0000] {logging_mixin.py:190} INFO - [2025-01-26T18:10:37.616+0000] {dagbag.py:588} INFO - Filling up the DagBag from /home/airflow/.local/lib/python3.12/site-packages/airflow/example_dags/example_branch_operator.py
[2025-01-26T18:10:37.639+0000] {processor.py:925} INFO - DAG(s) 'example_branch_operator' retrieved from /home/airflow/.local/lib/python3.12/site-packages/airflow/example_dags/example_branch_operator.py
[2025-01-26T18:10:37.676+0000] {logging_mixin.py:190} INFO - [2025-01-26T18:10:37.675+0000] {dag.py:3239} INFO - Sync 1 DAGs
[2025-01-26T18:10:37.750+0000] {logging_mixin.py:190} INFO - [2025-01-26T18:10:37.749+0000] {dag.py:4180} INFO - Setting next_dagrun for example_branch_operator to 2025-01-25 00:00:00+00:00, run_after=2025-01-26 00:00:00+00:00
[2025-01-26T18:10:37.841+0000] {processor.py:208} INFO - Processing /home/airflow/.local/lib/python3.12/site-packages/airflow/example_dags/example_branch_operator.py took 0.237 seconds
[2025-01-26T18:11:08.885+0000] {processor.py:186} INFO - Started process (PID=5433) to work on /home/airflow/.local/lib/python3.12/site-packages/airflow/example_dags/example_branch_operator.py
[2025-01-26T18:11:08.886+0000] {processor.py:914} INFO - Processing file /home/airflow/.local/lib/python3.12/site-packages/airflow/example_dags/example_branch_operator.py for tasks to queue
[2025-01-26T18:11:08.888+0000] {logging_mixin.py:190} INFO - [2025-01-26T18:11:08.888+0000] {dagbag.py:588} INFO - Filling up the DagBag from /home/airflow/.local/lib/python3.12/site-packages/airflow/example_dags/example_branch_operator.py
[2025-01-26T18:11:08.915+0000] {processor.py:925} INFO - DAG(s) 'example_branch_operator' retrieved from /home/airflow/.local/lib/python3.12/site-packages/airflow/example_dags/example_branch_operator.py
[2025-01-26T18:11:08.955+0000] {logging_mixin.py:190} INFO - [2025-01-26T18:11:08.955+0000] {dag.py:3239} INFO - Sync 1 DAGs
[2025-01-26T18:11:08.984+0000] {logging_mixin.py:190} INFO - [2025-01-26T18:11:08.984+0000] {dag.py:4180} INFO - Setting next_dagrun for example_branch_operator to 2025-01-25 00:00:00+00:00, run_after=2025-01-26 00:00:00+00:00
[2025-01-26T18:11:09.004+0000] {processor.py:208} INFO - Processing /home/airflow/.local/lib/python3.12/site-packages/airflow/example_dags/example_branch_operator.py took 0.125 seconds
[2025-01-26T18:11:39.680+0000] {processor.py:186} INFO - Started process (PID=5497) to work on /home/airflow/.local/lib/python3.12/site-packages/airflow/example_dags/example_branch_operator.py
[2025-01-26T18:11:39.681+0000] {processor.py:914} INFO - Processing file /home/airflow/.local/lib/python3.12/site-packages/airflow/example_dags/example_branch_operator.py for tasks to queue
[2025-01-26T18:11:39.682+0000] {logging_mixin.py:190} INFO - [2025-01-26T18:11:39.682+0000] {dagbag.py:588} INFO - Filling up the DagBag from /home/airflow/.local/lib/python3.12/site-packages/airflow/example_dags/example_branch_operator.py
[2025-01-26T18:11:39.712+0000] {processor.py:925} INFO - DAG(s) 'example_branch_operator' retrieved from /home/airflow/.local/lib/python3.12/site-packages/airflow/example_dags/example_branch_operator.py
[2025-01-26T18:11:39.740+0000] {logging_mixin.py:190} INFO - [2025-01-26T18:11:39.740+0000] {dag.py:3239} INFO - Sync 1 DAGs
[2025-01-26T18:11:39.764+0000] {logging_mixin.py:190} INFO - [2025-01-26T18:11:39.764+0000] {dag.py:4180} INFO - Setting next_dagrun for example_branch_operator to 2025-01-25 00:00:00+00:00, run_after=2025-01-26 00:00:00+00:00
[2025-01-26T18:11:39.782+0000] {processor.py:208} INFO - Processing /home/airflow/.local/lib/python3.12/site-packages/airflow/example_dags/example_branch_operator.py took 0.109 seconds
[2025-01-26T18:12:10.195+0000] {processor.py:186} INFO - Started process (PID=5561) to work on /home/airflow/.local/lib/python3.12/site-packages/airflow/example_dags/example_branch_operator.py
[2025-01-26T18:12:10.196+0000] {processor.py:914} INFO - Processing file /home/airflow/.local/lib/python3.12/site-packages/airflow/example_dags/example_branch_operator.py for tasks to queue
[2025-01-26T18:12:10.197+0000] {logging_mixin.py:190} INFO - [2025-01-26T18:12:10.197+0000] {dagbag.py:588} INFO - Filling up the DagBag from /home/airflow/.local/lib/python3.12/site-packages/airflow/example_dags/example_branch_operator.py
[2025-01-26T18:12:10.222+0000] {processor.py:925} INFO - DAG(s) 'example_branch_operator' retrieved from /home/airflow/.local/lib/python3.12/site-packages/airflow/example_dags/example_branch_operator.py
[2025-01-26T18:12:10.266+0000] {logging_mixin.py:190} INFO - [2025-01-26T18:12:10.265+0000] {dag.py:3239} INFO - Sync 1 DAGs
[2025-01-26T18:12:10.306+0000] {logging_mixin.py:190} INFO - [2025-01-26T18:12:10.306+0000] {dag.py:4180} INFO - Setting next_dagrun for example_branch_operator to 2025-01-25 00:00:00+00:00, run_after=2025-01-26 00:00:00+00:00
[2025-01-26T18:12:10.341+0000] {processor.py:208} INFO - Processing /home/airflow/.local/lib/python3.12/site-packages/airflow/example_dags/example_branch_operator.py took 0.152 seconds
[2025-01-26T18:12:40.772+0000] {processor.py:186} INFO - Started process (PID=5625) to work on /home/airflow/.local/lib/python3.12/site-packages/airflow/example_dags/example_branch_operator.py
[2025-01-26T18:12:40.778+0000] {processor.py:914} INFO - Processing file /home/airflow/.local/lib/python3.12/site-packages/airflow/example_dags/example_branch_operator.py for tasks to queue
[2025-01-26T18:12:40.782+0000] {logging_mixin.py:190} INFO - [2025-01-26T18:12:40.782+0000] {dagbag.py:588} INFO - Filling up the DagBag from /home/airflow/.local/lib/python3.12/site-packages/airflow/example_dags/example_branch_operator.py
[2025-01-26T18:12:40.854+0000] {processor.py:925} INFO - DAG(s) 'example_branch_operator' retrieved from /home/airflow/.local/lib/python3.12/site-packages/airflow/example_dags/example_branch_operator.py
[2025-01-26T18:12:40.960+0000] {logging_mixin.py:190} INFO - [2025-01-26T18:12:40.960+0000] {dag.py:3239} INFO - Sync 1 DAGs
[2025-01-26T18:12:41.199+0000] {logging_mixin.py:190} INFO - [2025-01-26T18:12:41.199+0000] {dag.py:4180} INFO - Setting next_dagrun for example_branch_operator to 2025-01-25 00:00:00+00:00, run_after=2025-01-26 00:00:00+00:00
[2025-01-26T18:12:41.330+0000] {processor.py:208} INFO - Processing /home/airflow/.local/lib/python3.12/site-packages/airflow/example_dags/example_branch_operator.py took 0.566 seconds
[2025-01-26T18:13:11.714+0000] {processor.py:186} INFO - Started process (PID=5689) to work on /home/airflow/.local/lib/python3.12/site-packages/airflow/example_dags/example_branch_operator.py
[2025-01-26T18:13:11.715+0000] {processor.py:914} INFO - Processing file /home/airflow/.local/lib/python3.12/site-packages/airflow/example_dags/example_branch_operator.py for tasks to queue
[2025-01-26T18:13:11.717+0000] {logging_mixin.py:190} INFO - [2025-01-26T18:13:11.717+0000] {dagbag.py:588} INFO - Filling up the DagBag from /home/airflow/.local/lib/python3.12/site-packages/airflow/example_dags/example_branch_operator.py
[2025-01-26T18:13:11.747+0000] {processor.py:925} INFO - DAG(s) 'example_branch_operator' retrieved from /home/airflow/.local/lib/python3.12/site-packages/airflow/example_dags/example_branch_operator.py
[2025-01-26T18:13:11.784+0000] {logging_mixin.py:190} INFO - [2025-01-26T18:13:11.784+0000] {dag.py:3239} INFO - Sync 1 DAGs
[2025-01-26T18:13:11.812+0000] {logging_mixin.py:190} INFO - [2025-01-26T18:13:11.812+0000] {dag.py:4180} INFO - Setting next_dagrun for example_branch_operator to 2025-01-25 00:00:00+00:00, run_after=2025-01-26 00:00:00+00:00
[2025-01-26T18:13:11.834+0000] {processor.py:208} INFO - Processing /home/airflow/.local/lib/python3.12/site-packages/airflow/example_dags/example_branch_operator.py took 0.129 seconds
[2025-01-26T18:13:42.185+0000] {processor.py:186} INFO - Started process (PID=5759) to work on /home/airflow/.local/lib/python3.12/site-packages/airflow/example_dags/example_branch_operator.py
[2025-01-26T18:13:42.187+0000] {processor.py:914} INFO - Processing file /home/airflow/.local/lib/python3.12/site-packages/airflow/example_dags/example_branch_operator.py for tasks to queue
[2025-01-26T18:13:42.192+0000] {logging_mixin.py:190} INFO - [2025-01-26T18:13:42.192+0000] {dagbag.py:588} INFO - Filling up the DagBag from /home/airflow/.local/lib/python3.12/site-packages/airflow/example_dags/example_branch_operator.py
[2025-01-26T18:13:42.220+0000] {processor.py:925} INFO - DAG(s) 'example_branch_operator' retrieved from /home/airflow/.local/lib/python3.12/site-packages/airflow/example_dags/example_branch_operator.py
[2025-01-26T18:13:42.276+0000] {logging_mixin.py:190} INFO - [2025-01-26T18:13:42.275+0000] {dag.py:3239} INFO - Sync 1 DAGs
[2025-01-26T18:13:42.362+0000] {logging_mixin.py:190} INFO - [2025-01-26T18:13:42.362+0000] {dag.py:4180} INFO - Setting next_dagrun for example_branch_operator to 2025-01-25 00:00:00+00:00, run_after=2025-01-26 00:00:00+00:00
[2025-01-26T18:13:42.414+0000] {processor.py:208} INFO - Processing /home/airflow/.local/lib/python3.12/site-packages/airflow/example_dags/example_branch_operator.py took 0.236 seconds
[2025-01-26T18:14:12.936+0000] {processor.py:186} INFO - Started process (PID=5823) to work on /home/airflow/.local/lib/python3.12/site-packages/airflow/example_dags/example_branch_operator.py
[2025-01-26T18:14:12.937+0000] {processor.py:914} INFO - Processing file /home/airflow/.local/lib/python3.12/site-packages/airflow/example_dags/example_branch_operator.py for tasks to queue
[2025-01-26T18:14:12.938+0000] {logging_mixin.py:190} INFO - [2025-01-26T18:14:12.938+0000] {dagbag.py:588} INFO - Filling up the DagBag from /home/airflow/.local/lib/python3.12/site-packages/airflow/example_dags/example_branch_operator.py
[2025-01-26T18:14:12.973+0000] {processor.py:925} INFO - DAG(s) 'example_branch_operator' retrieved from /home/airflow/.local/lib/python3.12/site-packages/airflow/example_dags/example_branch_operator.py
[2025-01-26T18:14:13.012+0000] {logging_mixin.py:190} INFO - [2025-01-26T18:14:13.012+0000] {dag.py:3239} INFO - Sync 1 DAGs
[2025-01-26T18:14:13.045+0000] {logging_mixin.py:190} INFO - [2025-01-26T18:14:13.045+0000] {dag.py:4180} INFO - Setting next_dagrun for example_branch_operator to 2025-01-25 00:00:00+00:00, run_after=2025-01-26 00:00:00+00:00
[2025-01-26T18:14:13.070+0000] {processor.py:208} INFO - Processing /home/airflow/.local/lib/python3.12/site-packages/airflow/example_dags/example_branch_operator.py took 0.141 seconds
[2025-01-26T18:14:43.921+0000] {processor.py:186} INFO - Started process (PID=5892) to work on /home/airflow/.local/lib/python3.12/site-packages/airflow/example_dags/example_branch_operator.py
[2025-01-26T18:14:43.922+0000] {processor.py:914} INFO - Processing file /home/airflow/.local/lib/python3.12/site-packages/airflow/example_dags/example_branch_operator.py for tasks to queue
[2025-01-26T18:14:43.923+0000] {logging_mixin.py:190} INFO - [2025-01-26T18:14:43.923+0000] {dagbag.py:588} INFO - Filling up the DagBag from /home/airflow/.local/lib/python3.12/site-packages/airflow/example_dags/example_branch_operator.py
[2025-01-26T18:14:43.945+0000] {processor.py:925} INFO - DAG(s) 'example_branch_operator' retrieved from /home/airflow/.local/lib/python3.12/site-packages/airflow/example_dags/example_branch_operator.py
[2025-01-26T18:14:43.976+0000] {logging_mixin.py:190} INFO - [2025-01-26T18:14:43.976+0000] {dag.py:3239} INFO - Sync 1 DAGs
[2025-01-26T18:14:44.004+0000] {logging_mixin.py:190} INFO - [2025-01-26T18:14:44.004+0000] {dag.py:4180} INFO - Setting next_dagrun for example_branch_operator to 2025-01-25 00:00:00+00:00, run_after=2025-01-26 00:00:00+00:00
[2025-01-26T18:14:44.026+0000] {processor.py:208} INFO - Processing /home/airflow/.local/lib/python3.12/site-packages/airflow/example_dags/example_branch_operator.py took 0.112 seconds
[2025-01-26T18:15:14.945+0000] {processor.py:186} INFO - Started process (PID=5957) to work on /home/airflow/.local/lib/python3.12/site-packages/airflow/example_dags/example_branch_operator.py
[2025-01-26T18:15:14.946+0000] {processor.py:914} INFO - Processing file /home/airflow/.local/lib/python3.12/site-packages/airflow/example_dags/example_branch_operator.py for tasks to queue
[2025-01-26T18:15:14.947+0000] {logging_mixin.py:190} INFO - [2025-01-26T18:15:14.947+0000] {dagbag.py:588} INFO - Filling up the DagBag from /home/airflow/.local/lib/python3.12/site-packages/airflow/example_dags/example_branch_operator.py
[2025-01-26T18:15:14.970+0000] {processor.py:925} INFO - DAG(s) 'example_branch_operator' retrieved from /home/airflow/.local/lib/python3.12/site-packages/airflow/example_dags/example_branch_operator.py
[2025-01-26T18:15:15.002+0000] {logging_mixin.py:190} INFO - [2025-01-26T18:15:15.002+0000] {dag.py:3239} INFO - Sync 1 DAGs
[2025-01-26T18:15:15.027+0000] {logging_mixin.py:190} INFO - [2025-01-26T18:15:15.026+0000] {dag.py:4180} INFO - Setting next_dagrun for example_branch_operator to 2025-01-25 00:00:00+00:00, run_after=2025-01-26 00:00:00+00:00
[2025-01-26T18:15:15.046+0000] {processor.py:208} INFO - Processing /home/airflow/.local/lib/python3.12/site-packages/airflow/example_dags/example_branch_operator.py took 0.107 seconds
[2025-01-26T18:15:45.433+0000] {processor.py:186} INFO - Started process (PID=6021) to work on /home/airflow/.local/lib/python3.12/site-packages/airflow/example_dags/example_branch_operator.py
[2025-01-26T18:15:45.434+0000] {processor.py:914} INFO - Processing file /home/airflow/.local/lib/python3.12/site-packages/airflow/example_dags/example_branch_operator.py for tasks to queue
[2025-01-26T18:15:45.435+0000] {logging_mixin.py:190} INFO - [2025-01-26T18:15:45.435+0000] {dagbag.py:588} INFO - Filling up the DagBag from /home/airflow/.local/lib/python3.12/site-packages/airflow/example_dags/example_branch_operator.py
[2025-01-26T18:15:45.459+0000] {processor.py:925} INFO - DAG(s) 'example_branch_operator' retrieved from /home/airflow/.local/lib/python3.12/site-packages/airflow/example_dags/example_branch_operator.py
[2025-01-26T18:15:45.491+0000] {logging_mixin.py:190} INFO - [2025-01-26T18:15:45.490+0000] {dag.py:3239} INFO - Sync 1 DAGs
[2025-01-26T18:15:45.517+0000] {logging_mixin.py:190} INFO - [2025-01-26T18:15:45.517+0000] {dag.py:4180} INFO - Setting next_dagrun for example_branch_operator to 2025-01-25 00:00:00+00:00, run_after=2025-01-26 00:00:00+00:00
[2025-01-26T18:15:45.543+0000] {processor.py:208} INFO - Processing /home/airflow/.local/lib/python3.12/site-packages/airflow/example_dags/example_branch_operator.py took 0.116 seconds
[2025-01-26T18:16:15.996+0000] {processor.py:186} INFO - Started process (PID=6086) to work on /home/airflow/.local/lib/python3.12/site-packages/airflow/example_dags/example_branch_operator.py
[2025-01-26T18:16:15.997+0000] {processor.py:914} INFO - Processing file /home/airflow/.local/lib/python3.12/site-packages/airflow/example_dags/example_branch_operator.py for tasks to queue
[2025-01-26T18:16:15.999+0000] {logging_mixin.py:190} INFO - [2025-01-26T18:16:15.998+0000] {dagbag.py:588} INFO - Filling up the DagBag from /home/airflow/.local/lib/python3.12/site-packages/airflow/example_dags/example_branch_operator.py
[2025-01-26T18:16:16.025+0000] {processor.py:925} INFO - DAG(s) 'example_branch_operator' retrieved from /home/airflow/.local/lib/python3.12/site-packages/airflow/example_dags/example_branch_operator.py
[2025-01-26T18:16:16.057+0000] {logging_mixin.py:190} INFO - [2025-01-26T18:16:16.057+0000] {dag.py:3239} INFO - Sync 1 DAGs
[2025-01-26T18:16:16.098+0000] {logging_mixin.py:190} INFO - [2025-01-26T18:16:16.098+0000] {dag.py:4180} INFO - Setting next_dagrun for example_branch_operator to 2025-01-25 00:00:00+00:00, run_after=2025-01-26 00:00:00+00:00
[2025-01-26T18:16:16.119+0000] {processor.py:208} INFO - Processing /home/airflow/.local/lib/python3.12/site-packages/airflow/example_dags/example_branch_operator.py took 0.130 seconds
[2025-01-26T18:16:46.991+0000] {processor.py:186} INFO - Started process (PID=6150) to work on /home/airflow/.local/lib/python3.12/site-packages/airflow/example_dags/example_branch_operator.py
[2025-01-26T18:16:46.992+0000] {processor.py:914} INFO - Processing file /home/airflow/.local/lib/python3.12/site-packages/airflow/example_dags/example_branch_operator.py for tasks to queue
[2025-01-26T18:16:46.994+0000] {logging_mixin.py:190} INFO - [2025-01-26T18:16:46.993+0000] {dagbag.py:588} INFO - Filling up the DagBag from /home/airflow/.local/lib/python3.12/site-packages/airflow/example_dags/example_branch_operator.py
[2025-01-26T18:16:47.016+0000] {processor.py:925} INFO - DAG(s) 'example_branch_operator' retrieved from /home/airflow/.local/lib/python3.12/site-packages/airflow/example_dags/example_branch_operator.py
[2025-01-26T18:16:47.044+0000] {logging_mixin.py:190} INFO - [2025-01-26T18:16:47.043+0000] {dag.py:3239} INFO - Sync 1 DAGs
[2025-01-26T18:16:47.071+0000] {logging_mixin.py:190} INFO - [2025-01-26T18:16:47.071+0000] {dag.py:4180} INFO - Setting next_dagrun for example_branch_operator to 2025-01-25 00:00:00+00:00, run_after=2025-01-26 00:00:00+00:00
[2025-01-26T18:16:47.093+0000] {processor.py:208} INFO - Processing /home/airflow/.local/lib/python3.12/site-packages/airflow/example_dags/example_branch_operator.py took 0.109 seconds
[2025-01-26T18:17:17.243+0000] {processor.py:186} INFO - Started process (PID=6215) to work on /home/airflow/.local/lib/python3.12/site-packages/airflow/example_dags/example_branch_operator.py
[2025-01-26T18:17:17.278+0000] {processor.py:914} INFO - Processing file /home/airflow/.local/lib/python3.12/site-packages/airflow/example_dags/example_branch_operator.py for tasks to queue
[2025-01-26T18:17:17.285+0000] {logging_mixin.py:190} INFO - [2025-01-26T18:17:17.284+0000] {dagbag.py:588} INFO - Filling up the DagBag from /home/airflow/.local/lib/python3.12/site-packages/airflow/example_dags/example_branch_operator.py
[2025-01-26T18:17:17.332+0000] {processor.py:925} INFO - DAG(s) 'example_branch_operator' retrieved from /home/airflow/.local/lib/python3.12/site-packages/airflow/example_dags/example_branch_operator.py
[2025-01-26T18:17:17.364+0000] {logging_mixin.py:190} INFO - [2025-01-26T18:17:17.364+0000] {dag.py:3239} INFO - Sync 1 DAGs
[2025-01-26T18:17:17.393+0000] {logging_mixin.py:190} INFO - [2025-01-26T18:17:17.393+0000] {dag.py:4180} INFO - Setting next_dagrun for example_branch_operator to 2025-01-25 00:00:00+00:00, run_after=2025-01-26 00:00:00+00:00
[2025-01-26T18:17:17.415+0000] {processor.py:208} INFO - Processing /home/airflow/.local/lib/python3.12/site-packages/airflow/example_dags/example_branch_operator.py took 0.182 seconds
[2025-01-26T18:17:47.733+0000] {processor.py:186} INFO - Started process (PID=6278) to work on /home/airflow/.local/lib/python3.12/site-packages/airflow/example_dags/example_branch_operator.py
[2025-01-26T18:17:47.737+0000] {processor.py:914} INFO - Processing file /home/airflow/.local/lib/python3.12/site-packages/airflow/example_dags/example_branch_operator.py for tasks to queue
[2025-01-26T18:17:47.739+0000] {logging_mixin.py:190} INFO - [2025-01-26T18:17:47.739+0000] {dagbag.py:588} INFO - Filling up the DagBag from /home/airflow/.local/lib/python3.12/site-packages/airflow/example_dags/example_branch_operator.py
[2025-01-26T18:17:47.769+0000] {processor.py:925} INFO - DAG(s) 'example_branch_operator' retrieved from /home/airflow/.local/lib/python3.12/site-packages/airflow/example_dags/example_branch_operator.py
[2025-01-26T18:17:47.829+0000] {logging_mixin.py:190} INFO - [2025-01-26T18:17:47.829+0000] {dag.py:3239} INFO - Sync 1 DAGs
[2025-01-26T18:17:47.867+0000] {logging_mixin.py:190} INFO - [2025-01-26T18:17:47.867+0000] {dag.py:4180} INFO - Setting next_dagrun for example_branch_operator to 2025-01-25 00:00:00+00:00, run_after=2025-01-26 00:00:00+00:00
[2025-01-26T18:17:47.897+0000] {processor.py:208} INFO - Processing /home/airflow/.local/lib/python3.12/site-packages/airflow/example_dags/example_branch_operator.py took 0.171 seconds
[2025-01-26T18:18:18.026+0000] {processor.py:186} INFO - Started process (PID=6342) to work on /home/airflow/.local/lib/python3.12/site-packages/airflow/example_dags/example_branch_operator.py
[2025-01-26T18:18:18.027+0000] {processor.py:914} INFO - Processing file /home/airflow/.local/lib/python3.12/site-packages/airflow/example_dags/example_branch_operator.py for tasks to queue
[2025-01-26T18:18:18.029+0000] {logging_mixin.py:190} INFO - [2025-01-26T18:18:18.028+0000] {dagbag.py:588} INFO - Filling up the DagBag from /home/airflow/.local/lib/python3.12/site-packages/airflow/example_dags/example_branch_operator.py
[2025-01-26T18:18:18.054+0000] {processor.py:925} INFO - DAG(s) 'example_branch_operator' retrieved from /home/airflow/.local/lib/python3.12/site-packages/airflow/example_dags/example_branch_operator.py
[2025-01-26T18:18:18.086+0000] {logging_mixin.py:190} INFO - [2025-01-26T18:18:18.086+0000] {dag.py:3239} INFO - Sync 1 DAGs
[2025-01-26T18:18:18.114+0000] {logging_mixin.py:190} INFO - [2025-01-26T18:18:18.113+0000] {dag.py:4180} INFO - Setting next_dagrun for example_branch_operator to 2025-01-25 00:00:00+00:00, run_after=2025-01-26 00:00:00+00:00
[2025-01-26T18:18:18.135+0000] {processor.py:208} INFO - Processing /home/airflow/.local/lib/python3.12/site-packages/airflow/example_dags/example_branch_operator.py took 0.117 seconds
[2025-01-26T18:18:48.194+0000] {processor.py:186} INFO - Started process (PID=6405) to work on /home/airflow/.local/lib/python3.12/site-packages/airflow/example_dags/example_branch_operator.py
[2025-01-26T18:18:48.195+0000] {processor.py:914} INFO - Processing file /home/airflow/.local/lib/python3.12/site-packages/airflow/example_dags/example_branch_operator.py for tasks to queue
[2025-01-26T18:18:48.197+0000] {logging_mixin.py:190} INFO - [2025-01-26T18:18:48.196+0000] {dagbag.py:588} INFO - Filling up the DagBag from /home/airflow/.local/lib/python3.12/site-packages/airflow/example_dags/example_branch_operator.py
[2025-01-26T18:18:48.218+0000] {processor.py:925} INFO - DAG(s) 'example_branch_operator' retrieved from /home/airflow/.local/lib/python3.12/site-packages/airflow/example_dags/example_branch_operator.py
[2025-01-26T18:18:48.248+0000] {logging_mixin.py:190} INFO - [2025-01-26T18:18:48.248+0000] {dag.py:3239} INFO - Sync 1 DAGs
[2025-01-26T18:18:48.277+0000] {logging_mixin.py:190} INFO - [2025-01-26T18:18:48.276+0000] {dag.py:4180} INFO - Setting next_dagrun for example_branch_operator to 2025-01-25 00:00:00+00:00, run_after=2025-01-26 00:00:00+00:00
[2025-01-26T18:18:48.295+0000] {processor.py:208} INFO - Processing /home/airflow/.local/lib/python3.12/site-packages/airflow/example_dags/example_branch_operator.py took 0.108 seconds
[2025-01-26T18:19:18.453+0000] {processor.py:186} INFO - Started process (PID=6469) to work on /home/airflow/.local/lib/python3.12/site-packages/airflow/example_dags/example_branch_operator.py
[2025-01-26T18:19:18.454+0000] {processor.py:914} INFO - Processing file /home/airflow/.local/lib/python3.12/site-packages/airflow/example_dags/example_branch_operator.py for tasks to queue
[2025-01-26T18:19:18.455+0000] {logging_mixin.py:190} INFO - [2025-01-26T18:19:18.455+0000] {dagbag.py:588} INFO - Filling up the DagBag from /home/airflow/.local/lib/python3.12/site-packages/airflow/example_dags/example_branch_operator.py
[2025-01-26T18:19:18.476+0000] {processor.py:925} INFO - DAG(s) 'example_branch_operator' retrieved from /home/airflow/.local/lib/python3.12/site-packages/airflow/example_dags/example_branch_operator.py
[2025-01-26T18:19:18.509+0000] {logging_mixin.py:190} INFO - [2025-01-26T18:19:18.509+0000] {dag.py:3239} INFO - Sync 1 DAGs
[2025-01-26T18:19:18.550+0000] {logging_mixin.py:190} INFO - [2025-01-26T18:19:18.550+0000] {dag.py:4180} INFO - Setting next_dagrun for example_branch_operator to 2025-01-25 00:00:00+00:00, run_after=2025-01-26 00:00:00+00:00
[2025-01-26T18:19:18.571+0000] {processor.py:208} INFO - Processing /home/airflow/.local/lib/python3.12/site-packages/airflow/example_dags/example_branch_operator.py took 0.125 seconds
[2025-01-26T18:19:48.618+0000] {processor.py:186} INFO - Started process (PID=6533) to work on /home/airflow/.local/lib/python3.12/site-packages/airflow/example_dags/example_branch_operator.py
[2025-01-26T18:19:48.619+0000] {processor.py:914} INFO - Processing file /home/airflow/.local/lib/python3.12/site-packages/airflow/example_dags/example_branch_operator.py for tasks to queue
[2025-01-26T18:19:48.620+0000] {logging_mixin.py:190} INFO - [2025-01-26T18:19:48.620+0000] {dagbag.py:588} INFO - Filling up the DagBag from /home/airflow/.local/lib/python3.12/site-packages/airflow/example_dags/example_branch_operator.py
[2025-01-26T18:19:48.643+0000] {processor.py:925} INFO - DAG(s) 'example_branch_operator' retrieved from /home/airflow/.local/lib/python3.12/site-packages/airflow/example_dags/example_branch_operator.py
[2025-01-26T18:19:48.673+0000] {logging_mixin.py:190} INFO - [2025-01-26T18:19:48.672+0000] {dag.py:3239} INFO - Sync 1 DAGs
[2025-01-26T18:19:48.701+0000] {logging_mixin.py:190} INFO - [2025-01-26T18:19:48.701+0000] {dag.py:4180} INFO - Setting next_dagrun for example_branch_operator to 2025-01-25 00:00:00+00:00, run_after=2025-01-26 00:00:00+00:00
[2025-01-26T18:19:48.722+0000] {processor.py:208} INFO - Processing /home/airflow/.local/lib/python3.12/site-packages/airflow/example_dags/example_branch_operator.py took 0.110 seconds
[2025-01-26T18:20:18.982+0000] {processor.py:186} INFO - Started process (PID=6598) to work on /home/airflow/.local/lib/python3.12/site-packages/airflow/example_dags/example_branch_operator.py
[2025-01-26T18:20:18.983+0000] {processor.py:914} INFO - Processing file /home/airflow/.local/lib/python3.12/site-packages/airflow/example_dags/example_branch_operator.py for tasks to queue
[2025-01-26T18:20:18.984+0000] {logging_mixin.py:190} INFO - [2025-01-26T18:20:18.984+0000] {dagbag.py:588} INFO - Filling up the DagBag from /home/airflow/.local/lib/python3.12/site-packages/airflow/example_dags/example_branch_operator.py
[2025-01-26T18:20:19.003+0000] {processor.py:925} INFO - DAG(s) 'example_branch_operator' retrieved from /home/airflow/.local/lib/python3.12/site-packages/airflow/example_dags/example_branch_operator.py
[2025-01-26T18:20:19.031+0000] {logging_mixin.py:190} INFO - [2025-01-26T18:20:19.030+0000] {dag.py:3239} INFO - Sync 1 DAGs
[2025-01-26T18:20:19.058+0000] {logging_mixin.py:190} INFO - [2025-01-26T18:20:19.058+0000] {dag.py:4180} INFO - Setting next_dagrun for example_branch_operator to 2025-01-25 00:00:00+00:00, run_after=2025-01-26 00:00:00+00:00
[2025-01-26T18:20:19.079+0000] {processor.py:208} INFO - Processing /home/airflow/.local/lib/python3.12/site-packages/airflow/example_dags/example_branch_operator.py took 0.103 seconds
[2025-01-26T18:20:49.394+0000] {processor.py:186} INFO - Started process (PID=6662) to work on /home/airflow/.local/lib/python3.12/site-packages/airflow/example_dags/example_branch_operator.py
[2025-01-26T18:20:49.395+0000] {processor.py:914} INFO - Processing file /home/airflow/.local/lib/python3.12/site-packages/airflow/example_dags/example_branch_operator.py for tasks to queue
[2025-01-26T18:20:49.396+0000] {logging_mixin.py:190} INFO - [2025-01-26T18:20:49.396+0000] {dagbag.py:588} INFO - Filling up the DagBag from /home/airflow/.local/lib/python3.12/site-packages/airflow/example_dags/example_branch_operator.py
[2025-01-26T18:20:49.419+0000] {processor.py:925} INFO - DAG(s) 'example_branch_operator' retrieved from /home/airflow/.local/lib/python3.12/site-packages/airflow/example_dags/example_branch_operator.py
[2025-01-26T18:20:49.465+0000] {logging_mixin.py:190} INFO - [2025-01-26T18:20:49.464+0000] {dag.py:3239} INFO - Sync 1 DAGs
[2025-01-26T18:20:49.510+0000] {logging_mixin.py:190} INFO - [2025-01-26T18:20:49.510+0000] {dag.py:4180} INFO - Setting next_dagrun for example_branch_operator to 2025-01-25 00:00:00+00:00, run_after=2025-01-26 00:00:00+00:00
[2025-01-26T18:20:49.537+0000] {processor.py:208} INFO - Processing /home/airflow/.local/lib/python3.12/site-packages/airflow/example_dags/example_branch_operator.py took 0.151 seconds
[2025-01-26T18:21:19.729+0000] {processor.py:186} INFO - Started process (PID=6727) to work on /home/airflow/.local/lib/python3.12/site-packages/airflow/example_dags/example_branch_operator.py
[2025-01-26T18:21:19.730+0000] {processor.py:914} INFO - Processing file /home/airflow/.local/lib/python3.12/site-packages/airflow/example_dags/example_branch_operator.py for tasks to queue
[2025-01-26T18:21:19.731+0000] {logging_mixin.py:190} INFO - [2025-01-26T18:21:19.731+0000] {dagbag.py:588} INFO - Filling up the DagBag from /home/airflow/.local/lib/python3.12/site-packages/airflow/example_dags/example_branch_operator.py
[2025-01-26T18:21:19.753+0000] {processor.py:925} INFO - DAG(s) 'example_branch_operator' retrieved from /home/airflow/.local/lib/python3.12/site-packages/airflow/example_dags/example_branch_operator.py
[2025-01-26T18:21:19.782+0000] {logging_mixin.py:190} INFO - [2025-01-26T18:21:19.782+0000] {dag.py:3239} INFO - Sync 1 DAGs
[2025-01-26T18:21:19.811+0000] {logging_mixin.py:190} INFO - [2025-01-26T18:21:19.810+0000] {dag.py:4180} INFO - Setting next_dagrun for example_branch_operator to 2025-01-25 00:00:00+00:00, run_after=2025-01-26 00:00:00+00:00
[2025-01-26T18:21:19.832+0000] {processor.py:208} INFO - Processing /home/airflow/.local/lib/python3.12/site-packages/airflow/example_dags/example_branch_operator.py took 0.110 seconds
[2025-01-26T18:21:50.414+0000] {processor.py:186} INFO - Started process (PID=6791) to work on /home/airflow/.local/lib/python3.12/site-packages/airflow/example_dags/example_branch_operator.py
[2025-01-26T18:21:50.415+0000] {processor.py:914} INFO - Processing file /home/airflow/.local/lib/python3.12/site-packages/airflow/example_dags/example_branch_operator.py for tasks to queue
[2025-01-26T18:21:50.417+0000] {logging_mixin.py:190} INFO - [2025-01-26T18:21:50.416+0000] {dagbag.py:588} INFO - Filling up the DagBag from /home/airflow/.local/lib/python3.12/site-packages/airflow/example_dags/example_branch_operator.py
[2025-01-26T18:21:50.434+0000] {processor.py:925} INFO - DAG(s) 'example_branch_operator' retrieved from /home/airflow/.local/lib/python3.12/site-packages/airflow/example_dags/example_branch_operator.py
[2025-01-26T18:21:50.463+0000] {logging_mixin.py:190} INFO - [2025-01-26T18:21:50.463+0000] {dag.py:3239} INFO - Sync 1 DAGs
[2025-01-26T18:21:50.491+0000] {logging_mixin.py:190} INFO - [2025-01-26T18:21:50.491+0000] {dag.py:4180} INFO - Setting next_dagrun for example_branch_operator to 2025-01-25 00:00:00+00:00, run_after=2025-01-26 00:00:00+00:00
[2025-01-26T18:21:50.513+0000] {processor.py:208} INFO - Processing /home/airflow/.local/lib/python3.12/site-packages/airflow/example_dags/example_branch_operator.py took 0.104 seconds
[2025-01-26T18:22:21.201+0000] {processor.py:186} INFO - Started process (PID=6855) to work on /home/airflow/.local/lib/python3.12/site-packages/airflow/example_dags/example_branch_operator.py
[2025-01-26T18:22:21.202+0000] {processor.py:914} INFO - Processing file /home/airflow/.local/lib/python3.12/site-packages/airflow/example_dags/example_branch_operator.py for tasks to queue
[2025-01-26T18:22:21.205+0000] {logging_mixin.py:190} INFO - [2025-01-26T18:22:21.204+0000] {dagbag.py:588} INFO - Filling up the DagBag from /home/airflow/.local/lib/python3.12/site-packages/airflow/example_dags/example_branch_operator.py
[2025-01-26T18:22:21.231+0000] {processor.py:925} INFO - DAG(s) 'example_branch_operator' retrieved from /home/airflow/.local/lib/python3.12/site-packages/airflow/example_dags/example_branch_operator.py
[2025-01-26T18:22:21.271+0000] {logging_mixin.py:190} INFO - [2025-01-26T18:22:21.270+0000] {dag.py:3239} INFO - Sync 1 DAGs
[2025-01-26T18:22:21.318+0000] {logging_mixin.py:190} INFO - [2025-01-26T18:22:21.317+0000] {dag.py:4180} INFO - Setting next_dagrun for example_branch_operator to 2025-01-25 00:00:00+00:00, run_after=2025-01-26 00:00:00+00:00
[2025-01-26T18:22:21.354+0000] {processor.py:208} INFO - Processing /home/airflow/.local/lib/python3.12/site-packages/airflow/example_dags/example_branch_operator.py took 0.161 seconds
[2025-01-26T18:22:51.796+0000] {processor.py:186} INFO - Started process (PID=6919) to work on /home/airflow/.local/lib/python3.12/site-packages/airflow/example_dags/example_branch_operator.py
[2025-01-26T18:22:51.797+0000] {processor.py:914} INFO - Processing file /home/airflow/.local/lib/python3.12/site-packages/airflow/example_dags/example_branch_operator.py for tasks to queue
[2025-01-26T18:22:51.799+0000] {logging_mixin.py:190} INFO - [2025-01-26T18:22:51.798+0000] {dagbag.py:588} INFO - Filling up the DagBag from /home/airflow/.local/lib/python3.12/site-packages/airflow/example_dags/example_branch_operator.py
[2025-01-26T18:22:51.822+0000] {processor.py:925} INFO - DAG(s) 'example_branch_operator' retrieved from /home/airflow/.local/lib/python3.12/site-packages/airflow/example_dags/example_branch_operator.py
[2025-01-26T18:22:51.854+0000] {logging_mixin.py:190} INFO - [2025-01-26T18:22:51.853+0000] {dag.py:3239} INFO - Sync 1 DAGs
[2025-01-26T18:22:51.883+0000] {logging_mixin.py:190} INFO - [2025-01-26T18:22:51.883+0000] {dag.py:4180} INFO - Setting next_dagrun for example_branch_operator to 2025-01-25 00:00:00+00:00, run_after=2025-01-26 00:00:00+00:00
[2025-01-26T18:22:51.908+0000] {processor.py:208} INFO - Processing /home/airflow/.local/lib/python3.12/site-packages/airflow/example_dags/example_branch_operator.py took 0.118 seconds
[2025-01-26T18:23:22.736+0000] {processor.py:186} INFO - Started process (PID=6983) to work on /home/airflow/.local/lib/python3.12/site-packages/airflow/example_dags/example_branch_operator.py
[2025-01-26T18:23:22.737+0000] {processor.py:914} INFO - Processing file /home/airflow/.local/lib/python3.12/site-packages/airflow/example_dags/example_branch_operator.py for tasks to queue
[2025-01-26T18:23:22.738+0000] {logging_mixin.py:190} INFO - [2025-01-26T18:23:22.737+0000] {dagbag.py:588} INFO - Filling up the DagBag from /home/airflow/.local/lib/python3.12/site-packages/airflow/example_dags/example_branch_operator.py
[2025-01-26T18:23:22.755+0000] {processor.py:925} INFO - DAG(s) 'example_branch_operator' retrieved from /home/airflow/.local/lib/python3.12/site-packages/airflow/example_dags/example_branch_operator.py
[2025-01-26T18:23:22.783+0000] {logging_mixin.py:190} INFO - [2025-01-26T18:23:22.783+0000] {dag.py:3239} INFO - Sync 1 DAGs
[2025-01-26T18:23:22.807+0000] {logging_mixin.py:190} INFO - [2025-01-26T18:23:22.807+0000] {dag.py:4180} INFO - Setting next_dagrun for example_branch_operator to 2025-01-25 00:00:00+00:00, run_after=2025-01-26 00:00:00+00:00
[2025-01-26T18:23:22.828+0000] {processor.py:208} INFO - Processing /home/airflow/.local/lib/python3.12/site-packages/airflow/example_dags/example_branch_operator.py took 0.097 seconds
[2025-01-26T18:23:54.275+0000] {processor.py:186} INFO - Started process (PID=7046) to work on /home/airflow/.local/lib/python3.12/site-packages/airflow/example_dags/example_branch_operator.py
[2025-01-26T18:23:54.277+0000] {processor.py:914} INFO - Processing file /home/airflow/.local/lib/python3.12/site-packages/airflow/example_dags/example_branch_operator.py for tasks to queue
[2025-01-26T18:23:54.278+0000] {logging_mixin.py:190} INFO - [2025-01-26T18:23:54.278+0000] {dagbag.py:588} INFO - Filling up the DagBag from /home/airflow/.local/lib/python3.12/site-packages/airflow/example_dags/example_branch_operator.py
[2025-01-26T18:23:54.299+0000] {processor.py:925} INFO - DAG(s) 'example_branch_operator' retrieved from /home/airflow/.local/lib/python3.12/site-packages/airflow/example_dags/example_branch_operator.py
[2025-01-26T18:23:54.338+0000] {logging_mixin.py:190} INFO - [2025-01-26T18:23:54.338+0000] {dag.py:3239} INFO - Sync 1 DAGs
[2025-01-26T18:23:54.382+0000] {logging_mixin.py:190} INFO - [2025-01-26T18:23:54.382+0000] {dag.py:4180} INFO - Setting next_dagrun for example_branch_operator to 2025-01-25 00:00:00+00:00, run_after=2025-01-26 00:00:00+00:00
[2025-01-26T18:23:54.407+0000] {processor.py:208} INFO - Processing /home/airflow/.local/lib/python3.12/site-packages/airflow/example_dags/example_branch_operator.py took 0.140 seconds
[2025-01-26T18:24:25.143+0000] {processor.py:186} INFO - Started process (PID=7111) to work on /home/airflow/.local/lib/python3.12/site-packages/airflow/example_dags/example_branch_operator.py
[2025-01-26T18:24:25.144+0000] {processor.py:914} INFO - Processing file /home/airflow/.local/lib/python3.12/site-packages/airflow/example_dags/example_branch_operator.py for tasks to queue
[2025-01-26T18:24:25.145+0000] {logging_mixin.py:190} INFO - [2025-01-26T18:24:25.145+0000] {dagbag.py:588} INFO - Filling up the DagBag from /home/airflow/.local/lib/python3.12/site-packages/airflow/example_dags/example_branch_operator.py
[2025-01-26T18:24:25.168+0000] {processor.py:925} INFO - DAG(s) 'example_branch_operator' retrieved from /home/airflow/.local/lib/python3.12/site-packages/airflow/example_dags/example_branch_operator.py
[2025-01-26T18:24:25.209+0000] {logging_mixin.py:190} INFO - [2025-01-26T18:24:25.209+0000] {dag.py:3239} INFO - Sync 1 DAGs
[2025-01-26T18:24:25.252+0000] {logging_mixin.py:190} INFO - [2025-01-26T18:24:25.252+0000] {dag.py:4180} INFO - Setting next_dagrun for example_branch_operator to 2025-01-25 00:00:00+00:00, run_after=2025-01-26 00:00:00+00:00
[2025-01-26T18:24:25.292+0000] {processor.py:208} INFO - Processing /home/airflow/.local/lib/python3.12/site-packages/airflow/example_dags/example_branch_operator.py took 0.155 seconds
[2025-01-26T18:24:55.384+0000] {processor.py:186} INFO - Started process (PID=7174) to work on /home/airflow/.local/lib/python3.12/site-packages/airflow/example_dags/example_branch_operator.py
[2025-01-26T18:24:55.384+0000] {processor.py:914} INFO - Processing file /home/airflow/.local/lib/python3.12/site-packages/airflow/example_dags/example_branch_operator.py for tasks to queue
[2025-01-26T18:24:55.386+0000] {logging_mixin.py:190} INFO - [2025-01-26T18:24:55.385+0000] {dagbag.py:588} INFO - Filling up the DagBag from /home/airflow/.local/lib/python3.12/site-packages/airflow/example_dags/example_branch_operator.py
[2025-01-26T18:24:55.405+0000] {processor.py:925} INFO - DAG(s) 'example_branch_operator' retrieved from /home/airflow/.local/lib/python3.12/site-packages/airflow/example_dags/example_branch_operator.py
[2025-01-26T18:24:55.430+0000] {logging_mixin.py:190} INFO - [2025-01-26T18:24:55.430+0000] {dag.py:3239} INFO - Sync 1 DAGs
[2025-01-26T18:24:55.457+0000] {logging_mixin.py:190} INFO - [2025-01-26T18:24:55.457+0000] {dag.py:4180} INFO - Setting next_dagrun for example_branch_operator to 2025-01-25 00:00:00+00:00, run_after=2025-01-26 00:00:00+00:00
[2025-01-26T18:24:55.476+0000] {processor.py:208} INFO - Processing /home/airflow/.local/lib/python3.12/site-packages/airflow/example_dags/example_branch_operator.py took 0.099 seconds
[2025-01-26T18:25:26.176+0000] {processor.py:186} INFO - Started process (PID=7238) to work on /home/airflow/.local/lib/python3.12/site-packages/airflow/example_dags/example_branch_operator.py
[2025-01-26T18:25:26.177+0000] {processor.py:914} INFO - Processing file /home/airflow/.local/lib/python3.12/site-packages/airflow/example_dags/example_branch_operator.py for tasks to queue
[2025-01-26T18:25:26.179+0000] {logging_mixin.py:190} INFO - [2025-01-26T18:25:26.179+0000] {dagbag.py:588} INFO - Filling up the DagBag from /home/airflow/.local/lib/python3.12/site-packages/airflow/example_dags/example_branch_operator.py
[2025-01-26T18:25:26.199+0000] {processor.py:925} INFO - DAG(s) 'example_branch_operator' retrieved from /home/airflow/.local/lib/python3.12/site-packages/airflow/example_dags/example_branch_operator.py
[2025-01-26T18:25:26.230+0000] {logging_mixin.py:190} INFO - [2025-01-26T18:25:26.229+0000] {dag.py:3239} INFO - Sync 1 DAGs
[2025-01-26T18:25:26.260+0000] {logging_mixin.py:190} INFO - [2025-01-26T18:25:26.260+0000] {dag.py:4180} INFO - Setting next_dagrun for example_branch_operator to 2025-01-25 00:00:00+00:00, run_after=2025-01-26 00:00:00+00:00
[2025-01-26T18:25:26.283+0000] {processor.py:208} INFO - Processing /home/airflow/.local/lib/python3.12/site-packages/airflow/example_dags/example_branch_operator.py took 0.114 seconds
[2025-01-26T18:25:56.504+0000] {processor.py:186} INFO - Started process (PID=7302) to work on /home/airflow/.local/lib/python3.12/site-packages/airflow/example_dags/example_branch_operator.py
[2025-01-26T18:25:56.505+0000] {processor.py:914} INFO - Processing file /home/airflow/.local/lib/python3.12/site-packages/airflow/example_dags/example_branch_operator.py for tasks to queue
[2025-01-26T18:25:56.507+0000] {logging_mixin.py:190} INFO - [2025-01-26T18:25:56.506+0000] {dagbag.py:588} INFO - Filling up the DagBag from /home/airflow/.local/lib/python3.12/site-packages/airflow/example_dags/example_branch_operator.py
[2025-01-26T18:25:56.532+0000] {processor.py:925} INFO - DAG(s) 'example_branch_operator' retrieved from /home/airflow/.local/lib/python3.12/site-packages/airflow/example_dags/example_branch_operator.py
[2025-01-26T18:25:56.564+0000] {logging_mixin.py:190} INFO - [2025-01-26T18:25:56.564+0000] {dag.py:3239} INFO - Sync 1 DAGs
[2025-01-26T18:25:56.597+0000] {logging_mixin.py:190} INFO - [2025-01-26T18:25:56.597+0000] {dag.py:4180} INFO - Setting next_dagrun for example_branch_operator to 2025-01-25 00:00:00+00:00, run_after=2025-01-26 00:00:00+00:00
[2025-01-26T18:25:56.619+0000] {processor.py:208} INFO - Processing /home/airflow/.local/lib/python3.12/site-packages/airflow/example_dags/example_branch_operator.py took 0.124 seconds
[2025-01-26T18:26:26.872+0000] {processor.py:186} INFO - Started process (PID=7366) to work on /home/airflow/.local/lib/python3.12/site-packages/airflow/example_dags/example_branch_operator.py
[2025-01-26T18:26:26.873+0000] {processor.py:914} INFO - Processing file /home/airflow/.local/lib/python3.12/site-packages/airflow/example_dags/example_branch_operator.py for tasks to queue
[2025-01-26T18:26:26.874+0000] {logging_mixin.py:190} INFO - [2025-01-26T18:26:26.874+0000] {dagbag.py:588} INFO - Filling up the DagBag from /home/airflow/.local/lib/python3.12/site-packages/airflow/example_dags/example_branch_operator.py
[2025-01-26T18:26:26.901+0000] {processor.py:925} INFO - DAG(s) 'example_branch_operator' retrieved from /home/airflow/.local/lib/python3.12/site-packages/airflow/example_dags/example_branch_operator.py
[2025-01-26T18:26:26.928+0000] {logging_mixin.py:190} INFO - [2025-01-26T18:26:26.927+0000] {dag.py:3239} INFO - Sync 1 DAGs
[2025-01-26T18:26:26.958+0000] {logging_mixin.py:190} INFO - [2025-01-26T18:26:26.958+0000] {dag.py:4180} INFO - Setting next_dagrun for example_branch_operator to 2025-01-25 00:00:00+00:00, run_after=2025-01-26 00:00:00+00:00
[2025-01-26T18:26:26.977+0000] {processor.py:208} INFO - Processing /home/airflow/.local/lib/python3.12/site-packages/airflow/example_dags/example_branch_operator.py took 0.113 seconds
[2025-01-26T18:26:57.445+0000] {processor.py:186} INFO - Started process (PID=7430) to work on /home/airflow/.local/lib/python3.12/site-packages/airflow/example_dags/example_branch_operator.py
[2025-01-26T18:26:57.446+0000] {processor.py:914} INFO - Processing file /home/airflow/.local/lib/python3.12/site-packages/airflow/example_dags/example_branch_operator.py for tasks to queue
[2025-01-26T18:26:57.448+0000] {logging_mixin.py:190} INFO - [2025-01-26T18:26:57.447+0000] {dagbag.py:588} INFO - Filling up the DagBag from /home/airflow/.local/lib/python3.12/site-packages/airflow/example_dags/example_branch_operator.py
[2025-01-26T18:26:57.468+0000] {processor.py:925} INFO - DAG(s) 'example_branch_operator' retrieved from /home/airflow/.local/lib/python3.12/site-packages/airflow/example_dags/example_branch_operator.py
[2025-01-26T18:26:57.494+0000] {logging_mixin.py:190} INFO - [2025-01-26T18:26:57.494+0000] {dag.py:3239} INFO - Sync 1 DAGs
[2025-01-26T18:26:57.524+0000] {logging_mixin.py:190} INFO - [2025-01-26T18:26:57.523+0000] {dag.py:4180} INFO - Setting next_dagrun for example_branch_operator to 2025-01-25 00:00:00+00:00, run_after=2025-01-26 00:00:00+00:00
[2025-01-26T18:26:57.548+0000] {processor.py:208} INFO - Processing /home/airflow/.local/lib/python3.12/site-packages/airflow/example_dags/example_branch_operator.py took 0.110 seconds
[2025-01-26T18:27:27.622+0000] {processor.py:186} INFO - Started process (PID=7495) to work on /home/airflow/.local/lib/python3.12/site-packages/airflow/example_dags/example_branch_operator.py
[2025-01-26T18:27:27.627+0000] {processor.py:914} INFO - Processing file /home/airflow/.local/lib/python3.12/site-packages/airflow/example_dags/example_branch_operator.py for tasks to queue
[2025-01-26T18:27:27.633+0000] {logging_mixin.py:190} INFO - [2025-01-26T18:27:27.632+0000] {dagbag.py:588} INFO - Filling up the DagBag from /home/airflow/.local/lib/python3.12/site-packages/airflow/example_dags/example_branch_operator.py
[2025-01-26T18:27:27.664+0000] {processor.py:925} INFO - DAG(s) 'example_branch_operator' retrieved from /home/airflow/.local/lib/python3.12/site-packages/airflow/example_dags/example_branch_operator.py
[2025-01-26T18:27:27.725+0000] {logging_mixin.py:190} INFO - [2025-01-26T18:27:27.725+0000] {dag.py:3239} INFO - Sync 1 DAGs
[2025-01-26T18:27:27.838+0000] {logging_mixin.py:190} INFO - [2025-01-26T18:27:27.838+0000] {dag.py:4180} INFO - Setting next_dagrun for example_branch_operator to 2025-01-25 00:00:00+00:00, run_after=2025-01-26 00:00:00+00:00
[2025-01-26T18:27:27.875+0000] {processor.py:208} INFO - Processing /home/airflow/.local/lib/python3.12/site-packages/airflow/example_dags/example_branch_operator.py took 0.261 seconds
[2025-01-26T18:27:58.525+0000] {processor.py:186} INFO - Started process (PID=7559) to work on /home/airflow/.local/lib/python3.12/site-packages/airflow/example_dags/example_branch_operator.py
[2025-01-26T18:27:58.526+0000] {processor.py:914} INFO - Processing file /home/airflow/.local/lib/python3.12/site-packages/airflow/example_dags/example_branch_operator.py for tasks to queue
[2025-01-26T18:27:58.528+0000] {logging_mixin.py:190} INFO - [2025-01-26T18:27:58.528+0000] {dagbag.py:588} INFO - Filling up the DagBag from /home/airflow/.local/lib/python3.12/site-packages/airflow/example_dags/example_branch_operator.py
[2025-01-26T18:27:58.554+0000] {processor.py:925} INFO - DAG(s) 'example_branch_operator' retrieved from /home/airflow/.local/lib/python3.12/site-packages/airflow/example_dags/example_branch_operator.py
[2025-01-26T18:27:58.591+0000] {logging_mixin.py:190} INFO - [2025-01-26T18:27:58.591+0000] {dag.py:3239} INFO - Sync 1 DAGs
[2025-01-26T18:27:58.628+0000] {logging_mixin.py:190} INFO - [2025-01-26T18:27:58.627+0000] {dag.py:4180} INFO - Setting next_dagrun for example_branch_operator to 2025-01-25 00:00:00+00:00, run_after=2025-01-26 00:00:00+00:00
[2025-01-26T18:27:58.655+0000] {processor.py:208} INFO - Processing /home/airflow/.local/lib/python3.12/site-packages/airflow/example_dags/example_branch_operator.py took 0.137 seconds
[2025-01-26T18:28:29.391+0000] {processor.py:186} INFO - Started process (PID=7622) to work on /home/airflow/.local/lib/python3.12/site-packages/airflow/example_dags/example_branch_operator.py
[2025-01-26T18:28:29.392+0000] {processor.py:914} INFO - Processing file /home/airflow/.local/lib/python3.12/site-packages/airflow/example_dags/example_branch_operator.py for tasks to queue
[2025-01-26T18:28:29.394+0000] {logging_mixin.py:190} INFO - [2025-01-26T18:28:29.393+0000] {dagbag.py:588} INFO - Filling up the DagBag from /home/airflow/.local/lib/python3.12/site-packages/airflow/example_dags/example_branch_operator.py
[2025-01-26T18:28:29.422+0000] {processor.py:925} INFO - DAG(s) 'example_branch_operator' retrieved from /home/airflow/.local/lib/python3.12/site-packages/airflow/example_dags/example_branch_operator.py
[2025-01-26T18:28:29.502+0000] {logging_mixin.py:190} INFO - [2025-01-26T18:28:29.502+0000] {dag.py:3239} INFO - Sync 1 DAGs
[2025-01-26T18:28:29.559+0000] {logging_mixin.py:190} INFO - [2025-01-26T18:28:29.559+0000] {dag.py:4180} INFO - Setting next_dagrun for example_branch_operator to 2025-01-25 00:00:00+00:00, run_after=2025-01-26 00:00:00+00:00
[2025-01-26T18:28:29.608+0000] {processor.py:208} INFO - Processing /home/airflow/.local/lib/python3.12/site-packages/airflow/example_dags/example_branch_operator.py took 0.227 seconds
[2025-01-26T18:29:00.469+0000] {processor.py:186} INFO - Started process (PID=7689) to work on /home/airflow/.local/lib/python3.12/site-packages/airflow/example_dags/example_branch_operator.py
[2025-01-26T18:29:00.470+0000] {processor.py:914} INFO - Processing file /home/airflow/.local/lib/python3.12/site-packages/airflow/example_dags/example_branch_operator.py for tasks to queue
[2025-01-26T18:29:00.472+0000] {logging_mixin.py:190} INFO - [2025-01-26T18:29:00.471+0000] {dagbag.py:588} INFO - Filling up the DagBag from /home/airflow/.local/lib/python3.12/site-packages/airflow/example_dags/example_branch_operator.py
[2025-01-26T18:29:00.497+0000] {processor.py:925} INFO - DAG(s) 'example_branch_operator' retrieved from /home/airflow/.local/lib/python3.12/site-packages/airflow/example_dags/example_branch_operator.py
[2025-01-26T18:29:00.532+0000] {logging_mixin.py:190} INFO - [2025-01-26T18:29:00.532+0000] {dag.py:3239} INFO - Sync 1 DAGs
[2025-01-26T18:29:00.561+0000] {logging_mixin.py:190} INFO - [2025-01-26T18:29:00.561+0000] {dag.py:4180} INFO - Setting next_dagrun for example_branch_operator to 2025-01-25 00:00:00+00:00, run_after=2025-01-26 00:00:00+00:00
[2025-01-26T18:29:00.584+0000] {processor.py:208} INFO - Processing /home/airflow/.local/lib/python3.12/site-packages/airflow/example_dags/example_branch_operator.py took 0.123 seconds
[2025-01-26T18:29:31.757+0000] {processor.py:186} INFO - Started process (PID=7754) to work on /home/airflow/.local/lib/python3.12/site-packages/airflow/example_dags/example_branch_operator.py
[2025-01-26T18:29:31.758+0000] {processor.py:914} INFO - Processing file /home/airflow/.local/lib/python3.12/site-packages/airflow/example_dags/example_branch_operator.py for tasks to queue
[2025-01-26T18:29:31.759+0000] {logging_mixin.py:190} INFO - [2025-01-26T18:29:31.759+0000] {dagbag.py:588} INFO - Filling up the DagBag from /home/airflow/.local/lib/python3.12/site-packages/airflow/example_dags/example_branch_operator.py
[2025-01-26T18:29:31.777+0000] {processor.py:925} INFO - DAG(s) 'example_branch_operator' retrieved from /home/airflow/.local/lib/python3.12/site-packages/airflow/example_dags/example_branch_operator.py
[2025-01-26T18:29:31.806+0000] {logging_mixin.py:190} INFO - [2025-01-26T18:29:31.806+0000] {dag.py:3239} INFO - Sync 1 DAGs
[2025-01-26T18:29:31.833+0000] {logging_mixin.py:190} INFO - [2025-01-26T18:29:31.833+0000] {dag.py:4180} INFO - Setting next_dagrun for example_branch_operator to 2025-01-25 00:00:00+00:00, run_after=2025-01-26 00:00:00+00:00
[2025-01-26T18:29:31.862+0000] {processor.py:208} INFO - Processing /home/airflow/.local/lib/python3.12/site-packages/airflow/example_dags/example_branch_operator.py took 0.110 seconds
[2025-01-26T18:30:04.343+0000] {processor.py:186} INFO - Started process (PID=7819) to work on /home/airflow/.local/lib/python3.12/site-packages/airflow/example_dags/example_branch_operator.py
[2025-01-26T18:30:04.344+0000] {processor.py:914} INFO - Processing file /home/airflow/.local/lib/python3.12/site-packages/airflow/example_dags/example_branch_operator.py for tasks to queue
[2025-01-26T18:30:04.345+0000] {logging_mixin.py:190} INFO - [2025-01-26T18:30:04.345+0000] {dagbag.py:588} INFO - Filling up the DagBag from /home/airflow/.local/lib/python3.12/site-packages/airflow/example_dags/example_branch_operator.py
[2025-01-26T18:30:04.368+0000] {processor.py:925} INFO - DAG(s) 'example_branch_operator' retrieved from /home/airflow/.local/lib/python3.12/site-packages/airflow/example_dags/example_branch_operator.py
[2025-01-26T18:30:04.400+0000] {logging_mixin.py:190} INFO - [2025-01-26T18:30:04.400+0000] {dag.py:3239} INFO - Sync 1 DAGs
[2025-01-26T18:30:04.430+0000] {logging_mixin.py:190} INFO - [2025-01-26T18:30:04.430+0000] {dag.py:4180} INFO - Setting next_dagrun for example_branch_operator to 2025-01-25 00:00:00+00:00, run_after=2025-01-26 00:00:00+00:00
[2025-01-26T18:30:04.461+0000] {processor.py:208} INFO - Processing /home/airflow/.local/lib/python3.12/site-packages/airflow/example_dags/example_branch_operator.py took 0.124 seconds
[2025-01-26T18:30:35.367+0000] {processor.py:186} INFO - Started process (PID=7882) to work on /home/airflow/.local/lib/python3.12/site-packages/airflow/example_dags/example_branch_operator.py
[2025-01-26T18:30:35.369+0000] {processor.py:914} INFO - Processing file /home/airflow/.local/lib/python3.12/site-packages/airflow/example_dags/example_branch_operator.py for tasks to queue
[2025-01-26T18:30:35.370+0000] {logging_mixin.py:190} INFO - [2025-01-26T18:30:35.370+0000] {dagbag.py:588} INFO - Filling up the DagBag from /home/airflow/.local/lib/python3.12/site-packages/airflow/example_dags/example_branch_operator.py
[2025-01-26T18:30:35.388+0000] {processor.py:925} INFO - DAG(s) 'example_branch_operator' retrieved from /home/airflow/.local/lib/python3.12/site-packages/airflow/example_dags/example_branch_operator.py
[2025-01-26T18:30:35.421+0000] {logging_mixin.py:190} INFO - [2025-01-26T18:30:35.421+0000] {dag.py:3239} INFO - Sync 1 DAGs
[2025-01-26T18:30:35.450+0000] {logging_mixin.py:190} INFO - [2025-01-26T18:30:35.450+0000] {dag.py:4180} INFO - Setting next_dagrun for example_branch_operator to 2025-01-25 00:00:00+00:00, run_after=2025-01-26 00:00:00+00:00
[2025-01-26T18:30:35.468+0000] {processor.py:208} INFO - Processing /home/airflow/.local/lib/python3.12/site-packages/airflow/example_dags/example_branch_operator.py took 0.106 seconds
[2025-01-26T18:31:05.803+0000] {processor.py:186} INFO - Started process (PID=7946) to work on /home/airflow/.local/lib/python3.12/site-packages/airflow/example_dags/example_branch_operator.py
[2025-01-26T18:31:05.815+0000] {processor.py:914} INFO - Processing file /home/airflow/.local/lib/python3.12/site-packages/airflow/example_dags/example_branch_operator.py for tasks to queue
[2025-01-26T18:31:05.817+0000] {logging_mixin.py:190} INFO - [2025-01-26T18:31:05.817+0000] {dagbag.py:588} INFO - Filling up the DagBag from /home/airflow/.local/lib/python3.12/site-packages/airflow/example_dags/example_branch_operator.py
[2025-01-26T18:31:05.862+0000] {processor.py:925} INFO - DAG(s) 'example_branch_operator' retrieved from /home/airflow/.local/lib/python3.12/site-packages/airflow/example_dags/example_branch_operator.py
[2025-01-26T18:31:05.938+0000] {logging_mixin.py:190} INFO - [2025-01-26T18:31:05.937+0000] {dag.py:3239} INFO - Sync 1 DAGs
[2025-01-26T18:31:05.979+0000] {logging_mixin.py:190} INFO - [2025-01-26T18:31:05.979+0000] {dag.py:4180} INFO - Setting next_dagrun for example_branch_operator to 2025-01-25 00:00:00+00:00, run_after=2025-01-26 00:00:00+00:00
[2025-01-26T18:31:06.000+0000] {processor.py:208} INFO - Processing /home/airflow/.local/lib/python3.12/site-packages/airflow/example_dags/example_branch_operator.py took 0.211 seconds
[2025-01-26T18:31:36.604+0000] {processor.py:186} INFO - Started process (PID=8010) to work on /home/airflow/.local/lib/python3.12/site-packages/airflow/example_dags/example_branch_operator.py
[2025-01-26T18:31:36.605+0000] {processor.py:914} INFO - Processing file /home/airflow/.local/lib/python3.12/site-packages/airflow/example_dags/example_branch_operator.py for tasks to queue
[2025-01-26T18:31:36.607+0000] {logging_mixin.py:190} INFO - [2025-01-26T18:31:36.607+0000] {dagbag.py:588} INFO - Filling up the DagBag from /home/airflow/.local/lib/python3.12/site-packages/airflow/example_dags/example_branch_operator.py
[2025-01-26T18:31:36.631+0000] {processor.py:925} INFO - DAG(s) 'example_branch_operator' retrieved from /home/airflow/.local/lib/python3.12/site-packages/airflow/example_dags/example_branch_operator.py
[2025-01-26T18:31:36.662+0000] {logging_mixin.py:190} INFO - [2025-01-26T18:31:36.662+0000] {dag.py:3239} INFO - Sync 1 DAGs
[2025-01-26T18:31:36.694+0000] {logging_mixin.py:190} INFO - [2025-01-26T18:31:36.693+0000] {dag.py:4180} INFO - Setting next_dagrun for example_branch_operator to 2025-01-25 00:00:00+00:00, run_after=2025-01-26 00:00:00+00:00
[2025-01-26T18:31:36.714+0000] {processor.py:208} INFO - Processing /home/airflow/.local/lib/python3.12/site-packages/airflow/example_dags/example_branch_operator.py took 0.117 seconds
[2025-01-26T18:32:07.661+0000] {processor.py:186} INFO - Started process (PID=8074) to work on /home/airflow/.local/lib/python3.12/site-packages/airflow/example_dags/example_branch_operator.py
[2025-01-26T18:32:07.663+0000] {processor.py:914} INFO - Processing file /home/airflow/.local/lib/python3.12/site-packages/airflow/example_dags/example_branch_operator.py for tasks to queue
[2025-01-26T18:32:07.664+0000] {logging_mixin.py:190} INFO - [2025-01-26T18:32:07.664+0000] {dagbag.py:588} INFO - Filling up the DagBag from /home/airflow/.local/lib/python3.12/site-packages/airflow/example_dags/example_branch_operator.py
[2025-01-26T18:32:07.684+0000] {processor.py:925} INFO - DAG(s) 'example_branch_operator' retrieved from /home/airflow/.local/lib/python3.12/site-packages/airflow/example_dags/example_branch_operator.py
[2025-01-26T18:32:07.716+0000] {logging_mixin.py:190} INFO - [2025-01-26T18:32:07.716+0000] {dag.py:3239} INFO - Sync 1 DAGs
[2025-01-26T18:32:07.747+0000] {logging_mixin.py:190} INFO - [2025-01-26T18:32:07.747+0000] {dag.py:4180} INFO - Setting next_dagrun for example_branch_operator to 2025-01-25 00:00:00+00:00, run_after=2025-01-26 00:00:00+00:00
[2025-01-26T18:32:07.770+0000] {processor.py:208} INFO - Processing /home/airflow/.local/lib/python3.12/site-packages/airflow/example_dags/example_branch_operator.py took 0.115 seconds
[2025-01-26T18:32:39.825+0000] {processor.py:186} INFO - Started process (PID=8139) to work on /home/airflow/.local/lib/python3.12/site-packages/airflow/example_dags/example_branch_operator.py
[2025-01-26T18:32:39.827+0000] {processor.py:914} INFO - Processing file /home/airflow/.local/lib/python3.12/site-packages/airflow/example_dags/example_branch_operator.py for tasks to queue
[2025-01-26T18:32:39.829+0000] {logging_mixin.py:190} INFO - [2025-01-26T18:32:39.828+0000] {dagbag.py:588} INFO - Filling up the DagBag from /home/airflow/.local/lib/python3.12/site-packages/airflow/example_dags/example_branch_operator.py
[2025-01-26T18:32:39.853+0000] {processor.py:925} INFO - DAG(s) 'example_branch_operator' retrieved from /home/airflow/.local/lib/python3.12/site-packages/airflow/example_dags/example_branch_operator.py
[2025-01-26T18:32:39.891+0000] {logging_mixin.py:190} INFO - [2025-01-26T18:32:39.891+0000] {dag.py:3239} INFO - Sync 1 DAGs
[2025-01-26T18:32:39.930+0000] {logging_mixin.py:190} INFO - [2025-01-26T18:32:39.930+0000] {dag.py:4180} INFO - Setting next_dagrun for example_branch_operator to 2025-01-25 00:00:00+00:00, run_after=2025-01-26 00:00:00+00:00
[2025-01-26T18:32:39.953+0000] {processor.py:208} INFO - Processing /home/airflow/.local/lib/python3.12/site-packages/airflow/example_dags/example_branch_operator.py took 0.133 seconds
[2025-01-26T18:33:11.316+0000] {processor.py:186} INFO - Started process (PID=8207) to work on /home/airflow/.local/lib/python3.12/site-packages/airflow/example_dags/example_branch_operator.py
[2025-01-26T18:33:11.317+0000] {processor.py:914} INFO - Processing file /home/airflow/.local/lib/python3.12/site-packages/airflow/example_dags/example_branch_operator.py for tasks to queue
[2025-01-26T18:33:11.318+0000] {logging_mixin.py:190} INFO - [2025-01-26T18:33:11.318+0000] {dagbag.py:588} INFO - Filling up the DagBag from /home/airflow/.local/lib/python3.12/site-packages/airflow/example_dags/example_branch_operator.py
[2025-01-26T18:33:11.340+0000] {processor.py:925} INFO - DAG(s) 'example_branch_operator' retrieved from /home/airflow/.local/lib/python3.12/site-packages/airflow/example_dags/example_branch_operator.py
[2025-01-26T18:33:11.373+0000] {logging_mixin.py:190} INFO - [2025-01-26T18:33:11.373+0000] {dag.py:3239} INFO - Sync 1 DAGs
[2025-01-26T18:33:11.403+0000] {logging_mixin.py:190} INFO - [2025-01-26T18:33:11.403+0000] {dag.py:4180} INFO - Setting next_dagrun for example_branch_operator to 2025-01-25 00:00:00+00:00, run_after=2025-01-26 00:00:00+00:00
[2025-01-26T18:33:11.426+0000] {processor.py:208} INFO - Processing /home/airflow/.local/lib/python3.12/site-packages/airflow/example_dags/example_branch_operator.py took 0.117 seconds
[2025-01-26T18:33:43.643+0000] {processor.py:186} INFO - Started process (PID=8275) to work on /home/airflow/.local/lib/python3.12/site-packages/airflow/example_dags/example_branch_operator.py
[2025-01-26T18:33:43.644+0000] {processor.py:914} INFO - Processing file /home/airflow/.local/lib/python3.12/site-packages/airflow/example_dags/example_branch_operator.py for tasks to queue
[2025-01-26T18:33:43.646+0000] {logging_mixin.py:190} INFO - [2025-01-26T18:33:43.645+0000] {dagbag.py:588} INFO - Filling up the DagBag from /home/airflow/.local/lib/python3.12/site-packages/airflow/example_dags/example_branch_operator.py
[2025-01-26T18:33:43.663+0000] {processor.py:925} INFO - DAG(s) 'example_branch_operator' retrieved from /home/airflow/.local/lib/python3.12/site-packages/airflow/example_dags/example_branch_operator.py
[2025-01-26T18:33:43.691+0000] {logging_mixin.py:190} INFO - [2025-01-26T18:33:43.690+0000] {dag.py:3239} INFO - Sync 1 DAGs
[2025-01-26T18:33:43.722+0000] {logging_mixin.py:190} INFO - [2025-01-26T18:33:43.722+0000] {dag.py:4180} INFO - Setting next_dagrun for example_branch_operator to 2025-01-25 00:00:00+00:00, run_after=2025-01-26 00:00:00+00:00
[2025-01-26T18:33:43.744+0000] {processor.py:208} INFO - Processing /home/airflow/.local/lib/python3.12/site-packages/airflow/example_dags/example_branch_operator.py took 0.108 seconds
[2025-01-26T18:34:14.457+0000] {processor.py:186} INFO - Started process (PID=8339) to work on /home/airflow/.local/lib/python3.12/site-packages/airflow/example_dags/example_branch_operator.py
[2025-01-26T18:34:14.459+0000] {processor.py:914} INFO - Processing file /home/airflow/.local/lib/python3.12/site-packages/airflow/example_dags/example_branch_operator.py for tasks to queue
[2025-01-26T18:34:14.461+0000] {logging_mixin.py:190} INFO - [2025-01-26T18:34:14.460+0000] {dagbag.py:588} INFO - Filling up the DagBag from /home/airflow/.local/lib/python3.12/site-packages/airflow/example_dags/example_branch_operator.py
[2025-01-26T18:34:14.496+0000] {processor.py:925} INFO - DAG(s) 'example_branch_operator' retrieved from /home/airflow/.local/lib/python3.12/site-packages/airflow/example_dags/example_branch_operator.py
[2025-01-26T18:34:14.542+0000] {logging_mixin.py:190} INFO - [2025-01-26T18:34:14.542+0000] {dag.py:3239} INFO - Sync 1 DAGs
[2025-01-26T18:34:14.582+0000] {logging_mixin.py:190} INFO - [2025-01-26T18:34:14.581+0000] {dag.py:4180} INFO - Setting next_dagrun for example_branch_operator to 2025-01-25 00:00:00+00:00, run_after=2025-01-26 00:00:00+00:00
[2025-01-26T18:34:14.628+0000] {processor.py:208} INFO - Processing /home/airflow/.local/lib/python3.12/site-packages/airflow/example_dags/example_branch_operator.py took 0.183 seconds
[2025-01-26T18:34:47.197+0000] {processor.py:186} INFO - Started process (PID=8407) to work on /home/airflow/.local/lib/python3.12/site-packages/airflow/example_dags/example_branch_operator.py
[2025-01-26T18:34:47.198+0000] {processor.py:914} INFO - Processing file /home/airflow/.local/lib/python3.12/site-packages/airflow/example_dags/example_branch_operator.py for tasks to queue
[2025-01-26T18:34:47.200+0000] {logging_mixin.py:190} INFO - [2025-01-26T18:34:47.199+0000] {dagbag.py:588} INFO - Filling up the DagBag from /home/airflow/.local/lib/python3.12/site-packages/airflow/example_dags/example_branch_operator.py
[2025-01-26T18:34:47.221+0000] {processor.py:925} INFO - DAG(s) 'example_branch_operator' retrieved from /home/airflow/.local/lib/python3.12/site-packages/airflow/example_dags/example_branch_operator.py
[2025-01-26T18:34:47.253+0000] {logging_mixin.py:190} INFO - [2025-01-26T18:34:47.253+0000] {dag.py:3239} INFO - Sync 1 DAGs
[2025-01-26T18:34:47.280+0000] {logging_mixin.py:190} INFO - [2025-01-26T18:34:47.280+0000] {dag.py:4180} INFO - Setting next_dagrun for example_branch_operator to 2025-01-25 00:00:00+00:00, run_after=2025-01-26 00:00:00+00:00
[2025-01-26T18:34:47.300+0000] {processor.py:208} INFO - Processing /home/airflow/.local/lib/python3.12/site-packages/airflow/example_dags/example_branch_operator.py took 0.108 seconds
[2025-01-26T18:35:18.283+0000] {processor.py:186} INFO - Started process (PID=8471) to work on /home/airflow/.local/lib/python3.12/site-packages/airflow/example_dags/example_branch_operator.py
[2025-01-26T18:35:18.285+0000] {processor.py:914} INFO - Processing file /home/airflow/.local/lib/python3.12/site-packages/airflow/example_dags/example_branch_operator.py for tasks to queue
[2025-01-26T18:35:18.289+0000] {logging_mixin.py:190} INFO - [2025-01-26T18:35:18.287+0000] {dagbag.py:588} INFO - Filling up the DagBag from /home/airflow/.local/lib/python3.12/site-packages/airflow/example_dags/example_branch_operator.py
[2025-01-26T18:35:18.315+0000] {processor.py:925} INFO - DAG(s) 'example_branch_operator' retrieved from /home/airflow/.local/lib/python3.12/site-packages/airflow/example_dags/example_branch_operator.py
[2025-01-26T18:35:18.353+0000] {logging_mixin.py:190} INFO - [2025-01-26T18:35:18.352+0000] {dag.py:3239} INFO - Sync 1 DAGs
[2025-01-26T18:35:18.383+0000] {logging_mixin.py:190} INFO - [2025-01-26T18:35:18.383+0000] {dag.py:4180} INFO - Setting next_dagrun for example_branch_operator to 2025-01-25 00:00:00+00:00, run_after=2025-01-26 00:00:00+00:00
[2025-01-26T18:35:18.407+0000] {processor.py:208} INFO - Processing /home/airflow/.local/lib/python3.12/site-packages/airflow/example_dags/example_branch_operator.py took 0.133 seconds
[2025-01-26T18:35:48.931+0000] {processor.py:186} INFO - Started process (PID=8535) to work on /home/airflow/.local/lib/python3.12/site-packages/airflow/example_dags/example_branch_operator.py
[2025-01-26T18:35:48.936+0000] {processor.py:914} INFO - Processing file /home/airflow/.local/lib/python3.12/site-packages/airflow/example_dags/example_branch_operator.py for tasks to queue
[2025-01-26T18:35:48.939+0000] {logging_mixin.py:190} INFO - [2025-01-26T18:35:48.938+0000] {dagbag.py:588} INFO - Filling up the DagBag from /home/airflow/.local/lib/python3.12/site-packages/airflow/example_dags/example_branch_operator.py
[2025-01-26T18:35:48.960+0000] {processor.py:925} INFO - DAG(s) 'example_branch_operator' retrieved from /home/airflow/.local/lib/python3.12/site-packages/airflow/example_dags/example_branch_operator.py
[2025-01-26T18:35:48.989+0000] {logging_mixin.py:190} INFO - [2025-01-26T18:35:48.989+0000] {dag.py:3239} INFO - Sync 1 DAGs
[2025-01-26T18:35:49.019+0000] {logging_mixin.py:190} INFO - [2025-01-26T18:35:49.018+0000] {dag.py:4180} INFO - Setting next_dagrun for example_branch_operator to 2025-01-25 00:00:00+00:00, run_after=2025-01-26 00:00:00+00:00
[2025-01-26T18:35:49.041+0000] {processor.py:208} INFO - Processing /home/airflow/.local/lib/python3.12/site-packages/airflow/example_dags/example_branch_operator.py took 0.118 seconds
[2025-01-26T18:36:20.508+0000] {processor.py:186} INFO - Started process (PID=8600) to work on /home/airflow/.local/lib/python3.12/site-packages/airflow/example_dags/example_branch_operator.py
[2025-01-26T18:36:20.509+0000] {processor.py:914} INFO - Processing file /home/airflow/.local/lib/python3.12/site-packages/airflow/example_dags/example_branch_operator.py for tasks to queue
[2025-01-26T18:36:20.510+0000] {logging_mixin.py:190} INFO - [2025-01-26T18:36:20.510+0000] {dagbag.py:588} INFO - Filling up the DagBag from /home/airflow/.local/lib/python3.12/site-packages/airflow/example_dags/example_branch_operator.py
[2025-01-26T18:36:20.533+0000] {processor.py:925} INFO - DAG(s) 'example_branch_operator' retrieved from /home/airflow/.local/lib/python3.12/site-packages/airflow/example_dags/example_branch_operator.py
[2025-01-26T18:36:20.564+0000] {logging_mixin.py:190} INFO - [2025-01-26T18:36:20.564+0000] {dag.py:3239} INFO - Sync 1 DAGs
[2025-01-26T18:36:20.609+0000] {logging_mixin.py:190} INFO - [2025-01-26T18:36:20.609+0000] {dag.py:4180} INFO - Setting next_dagrun for example_branch_operator to 2025-01-25 00:00:00+00:00, run_after=2025-01-26 00:00:00+00:00
[2025-01-26T18:36:20.637+0000] {processor.py:208} INFO - Processing /home/airflow/.local/lib/python3.12/site-packages/airflow/example_dags/example_branch_operator.py took 0.136 seconds
[2025-01-26T18:36:52.390+0000] {processor.py:186} INFO - Started process (PID=8664) to work on /home/airflow/.local/lib/python3.12/site-packages/airflow/example_dags/example_branch_operator.py
[2025-01-26T18:36:52.391+0000] {processor.py:914} INFO - Processing file /home/airflow/.local/lib/python3.12/site-packages/airflow/example_dags/example_branch_operator.py for tasks to queue
[2025-01-26T18:36:52.393+0000] {logging_mixin.py:190} INFO - [2025-01-26T18:36:52.392+0000] {dagbag.py:588} INFO - Filling up the DagBag from /home/airflow/.local/lib/python3.12/site-packages/airflow/example_dags/example_branch_operator.py
[2025-01-26T18:36:52.412+0000] {processor.py:925} INFO - DAG(s) 'example_branch_operator' retrieved from /home/airflow/.local/lib/python3.12/site-packages/airflow/example_dags/example_branch_operator.py
[2025-01-26T18:36:52.441+0000] {logging_mixin.py:190} INFO - [2025-01-26T18:36:52.441+0000] {dag.py:3239} INFO - Sync 1 DAGs
[2025-01-26T18:36:52.468+0000] {logging_mixin.py:190} INFO - [2025-01-26T18:36:52.467+0000] {dag.py:4180} INFO - Setting next_dagrun for example_branch_operator to 2025-01-25 00:00:00+00:00, run_after=2025-01-26 00:00:00+00:00
[2025-01-26T18:36:52.486+0000] {processor.py:208} INFO - Processing /home/airflow/.local/lib/python3.12/site-packages/airflow/example_dags/example_branch_operator.py took 0.104 seconds
[2025-01-26T18:37:26.540+0000] {processor.py:186} INFO - Started process (PID=8729) to work on /home/airflow/.local/lib/python3.12/site-packages/airflow/example_dags/example_branch_operator.py
[2025-01-26T18:37:26.541+0000] {processor.py:914} INFO - Processing file /home/airflow/.local/lib/python3.12/site-packages/airflow/example_dags/example_branch_operator.py for tasks to queue
[2025-01-26T18:37:26.543+0000] {logging_mixin.py:190} INFO - [2025-01-26T18:37:26.542+0000] {dagbag.py:588} INFO - Filling up the DagBag from /home/airflow/.local/lib/python3.12/site-packages/airflow/example_dags/example_branch_operator.py
[2025-01-26T18:37:26.565+0000] {processor.py:925} INFO - DAG(s) 'example_branch_operator' retrieved from /home/airflow/.local/lib/python3.12/site-packages/airflow/example_dags/example_branch_operator.py
[2025-01-26T18:37:26.596+0000] {logging_mixin.py:190} INFO - [2025-01-26T18:37:26.595+0000] {dag.py:3239} INFO - Sync 1 DAGs
[2025-01-26T18:37:26.815+0000] {logging_mixin.py:190} INFO - [2025-01-26T18:37:26.815+0000] {dag.py:4180} INFO - Setting next_dagrun for example_branch_operator to 2025-01-25 00:00:00+00:00, run_after=2025-01-26 00:00:00+00:00
[2025-01-26T18:37:26.837+0000] {processor.py:208} INFO - Processing /home/airflow/.local/lib/python3.12/site-packages/airflow/example_dags/example_branch_operator.py took 0.304 seconds
[2025-01-26T18:37:57.667+0000] {processor.py:186} INFO - Started process (PID=8793) to work on /home/airflow/.local/lib/python3.12/site-packages/airflow/example_dags/example_branch_operator.py
[2025-01-26T18:37:57.668+0000] {processor.py:914} INFO - Processing file /home/airflow/.local/lib/python3.12/site-packages/airflow/example_dags/example_branch_operator.py for tasks to queue
[2025-01-26T18:37:57.670+0000] {logging_mixin.py:190} INFO - [2025-01-26T18:37:57.670+0000] {dagbag.py:588} INFO - Filling up the DagBag from /home/airflow/.local/lib/python3.12/site-packages/airflow/example_dags/example_branch_operator.py
[2025-01-26T18:37:57.694+0000] {processor.py:925} INFO - DAG(s) 'example_branch_operator' retrieved from /home/airflow/.local/lib/python3.12/site-packages/airflow/example_dags/example_branch_operator.py
[2025-01-26T18:37:57.741+0000] {logging_mixin.py:190} INFO - [2025-01-26T18:37:57.740+0000] {dag.py:3239} INFO - Sync 1 DAGs
[2025-01-26T18:37:57.969+0000] {logging_mixin.py:190} INFO - [2025-01-26T18:37:57.969+0000] {dag.py:4180} INFO - Setting next_dagrun for example_branch_operator to 2025-01-25 00:00:00+00:00, run_after=2025-01-26 00:00:00+00:00
[2025-01-26T18:37:57.990+0000] {processor.py:208} INFO - Processing /home/airflow/.local/lib/python3.12/site-packages/airflow/example_dags/example_branch_operator.py took 0.329 seconds
[2025-01-26T18:38:28.474+0000] {processor.py:186} INFO - Started process (PID=8858) to work on /home/airflow/.local/lib/python3.12/site-packages/airflow/example_dags/example_branch_operator.py
[2025-01-26T18:38:28.475+0000] {processor.py:914} INFO - Processing file /home/airflow/.local/lib/python3.12/site-packages/airflow/example_dags/example_branch_operator.py for tasks to queue
[2025-01-26T18:38:28.478+0000] {logging_mixin.py:190} INFO - [2025-01-26T18:38:28.477+0000] {dagbag.py:588} INFO - Filling up the DagBag from /home/airflow/.local/lib/python3.12/site-packages/airflow/example_dags/example_branch_operator.py
[2025-01-26T18:38:28.504+0000] {processor.py:925} INFO - DAG(s) 'example_branch_operator' retrieved from /home/airflow/.local/lib/python3.12/site-packages/airflow/example_dags/example_branch_operator.py
[2025-01-26T18:38:28.539+0000] {logging_mixin.py:190} INFO - [2025-01-26T18:38:28.539+0000] {dag.py:3239} INFO - Sync 1 DAGs
[2025-01-26T18:38:28.565+0000] {logging_mixin.py:190} INFO - [2025-01-26T18:38:28.564+0000] {dag.py:4180} INFO - Setting next_dagrun for example_branch_operator to 2025-01-25 00:00:00+00:00, run_after=2025-01-26 00:00:00+00:00
[2025-01-26T18:38:28.736+0000] {processor.py:208} INFO - Processing /home/airflow/.local/lib/python3.12/site-packages/airflow/example_dags/example_branch_operator.py took 0.269 seconds
[2025-01-26T18:38:59.607+0000] {processor.py:186} INFO - Started process (PID=8924) to work on /home/airflow/.local/lib/python3.12/site-packages/airflow/example_dags/example_branch_operator.py
[2025-01-26T18:38:59.608+0000] {processor.py:914} INFO - Processing file /home/airflow/.local/lib/python3.12/site-packages/airflow/example_dags/example_branch_operator.py for tasks to queue
[2025-01-26T18:38:59.610+0000] {logging_mixin.py:190} INFO - [2025-01-26T18:38:59.609+0000] {dagbag.py:588} INFO - Filling up the DagBag from /home/airflow/.local/lib/python3.12/site-packages/airflow/example_dags/example_branch_operator.py
[2025-01-26T18:38:59.641+0000] {processor.py:925} INFO - DAG(s) 'example_branch_operator' retrieved from /home/airflow/.local/lib/python3.12/site-packages/airflow/example_dags/example_branch_operator.py
[2025-01-26T18:38:59.671+0000] {logging_mixin.py:190} INFO - [2025-01-26T18:38:59.670+0000] {dag.py:3239} INFO - Sync 1 DAGs
[2025-01-26T18:38:59.705+0000] {logging_mixin.py:190} INFO - [2025-01-26T18:38:59.705+0000] {dag.py:4180} INFO - Setting next_dagrun for example_branch_operator to 2025-01-25 00:00:00+00:00, run_after=2025-01-26 00:00:00+00:00
[2025-01-26T18:38:59.730+0000] {processor.py:208} INFO - Processing /home/airflow/.local/lib/python3.12/site-packages/airflow/example_dags/example_branch_operator.py took 0.132 seconds
[2025-01-26T18:39:31.710+0000] {processor.py:186} INFO - Started process (PID=8988) to work on /home/airflow/.local/lib/python3.12/site-packages/airflow/example_dags/example_branch_operator.py
[2025-01-26T18:39:31.711+0000] {processor.py:914} INFO - Processing file /home/airflow/.local/lib/python3.12/site-packages/airflow/example_dags/example_branch_operator.py for tasks to queue
[2025-01-26T18:39:31.713+0000] {logging_mixin.py:190} INFO - [2025-01-26T18:39:31.712+0000] {dagbag.py:588} INFO - Filling up the DagBag from /home/airflow/.local/lib/python3.12/site-packages/airflow/example_dags/example_branch_operator.py
[2025-01-26T18:39:31.887+0000] {processor.py:925} INFO - DAG(s) 'example_branch_operator' retrieved from /home/airflow/.local/lib/python3.12/site-packages/airflow/example_dags/example_branch_operator.py
[2025-01-26T18:39:31.916+0000] {logging_mixin.py:190} INFO - [2025-01-26T18:39:31.916+0000] {dag.py:3239} INFO - Sync 1 DAGs
[2025-01-26T18:39:31.939+0000] {logging_mixin.py:190} INFO - [2025-01-26T18:39:31.939+0000] {dag.py:4180} INFO - Setting next_dagrun for example_branch_operator to 2025-01-25 00:00:00+00:00, run_after=2025-01-26 00:00:00+00:00
[2025-01-26T18:39:31.958+0000] {processor.py:208} INFO - Processing /home/airflow/.local/lib/python3.12/site-packages/airflow/example_dags/example_branch_operator.py took 0.255 seconds
[2025-01-26T18:40:02.435+0000] {processor.py:186} INFO - Started process (PID=9052) to work on /home/airflow/.local/lib/python3.12/site-packages/airflow/example_dags/example_branch_operator.py
[2025-01-26T18:40:02.436+0000] {processor.py:914} INFO - Processing file /home/airflow/.local/lib/python3.12/site-packages/airflow/example_dags/example_branch_operator.py for tasks to queue
[2025-01-26T18:40:02.437+0000] {logging_mixin.py:190} INFO - [2025-01-26T18:40:02.437+0000] {dagbag.py:588} INFO - Filling up the DagBag from /home/airflow/.local/lib/python3.12/site-packages/airflow/example_dags/example_branch_operator.py
[2025-01-26T18:40:02.458+0000] {processor.py:925} INFO - DAG(s) 'example_branch_operator' retrieved from /home/airflow/.local/lib/python3.12/site-packages/airflow/example_dags/example_branch_operator.py
[2025-01-26T18:40:02.491+0000] {logging_mixin.py:190} INFO - [2025-01-26T18:40:02.491+0000] {dag.py:3239} INFO - Sync 1 DAGs
[2025-01-26T18:40:02.520+0000] {logging_mixin.py:190} INFO - [2025-01-26T18:40:02.519+0000] {dag.py:4180} INFO - Setting next_dagrun for example_branch_operator to 2025-01-25 00:00:00+00:00, run_after=2025-01-26 00:00:00+00:00
[2025-01-26T18:40:02.543+0000] {processor.py:208} INFO - Processing /home/airflow/.local/lib/python3.12/site-packages/airflow/example_dags/example_branch_operator.py took 0.115 seconds
[2025-01-26T18:40:33.154+0000] {processor.py:186} INFO - Started process (PID=9119) to work on /home/airflow/.local/lib/python3.12/site-packages/airflow/example_dags/example_branch_operator.py
[2025-01-26T18:40:33.155+0000] {processor.py:914} INFO - Processing file /home/airflow/.local/lib/python3.12/site-packages/airflow/example_dags/example_branch_operator.py for tasks to queue
[2025-01-26T18:40:33.156+0000] {logging_mixin.py:190} INFO - [2025-01-26T18:40:33.156+0000] {dagbag.py:588} INFO - Filling up the DagBag from /home/airflow/.local/lib/python3.12/site-packages/airflow/example_dags/example_branch_operator.py
[2025-01-26T18:40:33.184+0000] {processor.py:925} INFO - DAG(s) 'example_branch_operator' retrieved from /home/airflow/.local/lib/python3.12/site-packages/airflow/example_dags/example_branch_operator.py
[2025-01-26T18:40:33.233+0000] {logging_mixin.py:190} INFO - [2025-01-26T18:40:33.232+0000] {dag.py:3239} INFO - Sync 1 DAGs
[2025-01-26T18:40:33.271+0000] {logging_mixin.py:190} INFO - [2025-01-26T18:40:33.270+0000] {dag.py:4180} INFO - Setting next_dagrun for example_branch_operator to 2025-01-25 00:00:00+00:00, run_after=2025-01-26 00:00:00+00:00
[2025-01-26T18:40:33.297+0000] {processor.py:208} INFO - Processing /home/airflow/.local/lib/python3.12/site-packages/airflow/example_dags/example_branch_operator.py took 0.153 seconds
[2025-01-26T18:41:03.807+0000] {processor.py:186} INFO - Started process (PID=9183) to work on /home/airflow/.local/lib/python3.12/site-packages/airflow/example_dags/example_branch_operator.py
[2025-01-26T18:41:03.808+0000] {processor.py:914} INFO - Processing file /home/airflow/.local/lib/python3.12/site-packages/airflow/example_dags/example_branch_operator.py for tasks to queue
[2025-01-26T18:41:03.810+0000] {logging_mixin.py:190} INFO - [2025-01-26T18:41:03.810+0000] {dagbag.py:588} INFO - Filling up the DagBag from /home/airflow/.local/lib/python3.12/site-packages/airflow/example_dags/example_branch_operator.py
[2025-01-26T18:41:03.849+0000] {processor.py:925} INFO - DAG(s) 'example_branch_operator' retrieved from /home/airflow/.local/lib/python3.12/site-packages/airflow/example_dags/example_branch_operator.py
[2025-01-26T18:41:03.916+0000] {logging_mixin.py:190} INFO - [2025-01-26T18:41:03.916+0000] {dag.py:3239} INFO - Sync 1 DAGs
[2025-01-26T18:41:04.017+0000] {logging_mixin.py:190} INFO - [2025-01-26T18:41:04.016+0000] {dag.py:4180} INFO - Setting next_dagrun for example_branch_operator to 2025-01-25 00:00:00+00:00, run_after=2025-01-26 00:00:00+00:00
[2025-01-26T18:41:04.095+0000] {processor.py:208} INFO - Processing /home/airflow/.local/lib/python3.12/site-packages/airflow/example_dags/example_branch_operator.py took 0.301 seconds
[2025-01-26T18:41:34.788+0000] {processor.py:186} INFO - Started process (PID=9247) to work on /home/airflow/.local/lib/python3.12/site-packages/airflow/example_dags/example_branch_operator.py
[2025-01-26T18:41:34.789+0000] {processor.py:914} INFO - Processing file /home/airflow/.local/lib/python3.12/site-packages/airflow/example_dags/example_branch_operator.py for tasks to queue
[2025-01-26T18:41:34.790+0000] {logging_mixin.py:190} INFO - [2025-01-26T18:41:34.790+0000] {dagbag.py:588} INFO - Filling up the DagBag from /home/airflow/.local/lib/python3.12/site-packages/airflow/example_dags/example_branch_operator.py
[2025-01-26T18:41:34.812+0000] {processor.py:925} INFO - DAG(s) 'example_branch_operator' retrieved from /home/airflow/.local/lib/python3.12/site-packages/airflow/example_dags/example_branch_operator.py
[2025-01-26T18:41:34.856+0000] {logging_mixin.py:190} INFO - [2025-01-26T18:41:34.855+0000] {dag.py:3239} INFO - Sync 1 DAGs
[2025-01-26T18:41:34.883+0000] {logging_mixin.py:190} INFO - [2025-01-26T18:41:34.883+0000] {dag.py:4180} INFO - Setting next_dagrun for example_branch_operator to 2025-01-25 00:00:00+00:00, run_after=2025-01-26 00:00:00+00:00
[2025-01-26T18:41:34.904+0000] {processor.py:208} INFO - Processing /home/airflow/.local/lib/python3.12/site-packages/airflow/example_dags/example_branch_operator.py took 0.122 seconds
[2025-01-26T18:42:05.898+0000] {processor.py:186} INFO - Started process (PID=9311) to work on /home/airflow/.local/lib/python3.12/site-packages/airflow/example_dags/example_branch_operator.py
[2025-01-26T18:42:05.899+0000] {processor.py:914} INFO - Processing file /home/airflow/.local/lib/python3.12/site-packages/airflow/example_dags/example_branch_operator.py for tasks to queue
[2025-01-26T18:42:05.901+0000] {logging_mixin.py:190} INFO - [2025-01-26T18:42:05.901+0000] {dagbag.py:588} INFO - Filling up the DagBag from /home/airflow/.local/lib/python3.12/site-packages/airflow/example_dags/example_branch_operator.py
[2025-01-26T18:42:05.935+0000] {processor.py:925} INFO - DAG(s) 'example_branch_operator' retrieved from /home/airflow/.local/lib/python3.12/site-packages/airflow/example_dags/example_branch_operator.py
[2025-01-26T18:42:05.966+0000] {logging_mixin.py:190} INFO - [2025-01-26T18:42:05.966+0000] {dag.py:3239} INFO - Sync 1 DAGs
[2025-01-26T18:42:05.995+0000] {logging_mixin.py:190} INFO - [2025-01-26T18:42:05.995+0000] {dag.py:4180} INFO - Setting next_dagrun for example_branch_operator to 2025-01-25 00:00:00+00:00, run_after=2025-01-26 00:00:00+00:00
[2025-01-26T18:42:06.017+0000] {processor.py:208} INFO - Processing /home/airflow/.local/lib/python3.12/site-packages/airflow/example_dags/example_branch_operator.py took 0.130 seconds
[2025-01-26T18:42:37.803+0000] {processor.py:186} INFO - Started process (PID=9377) to work on /home/airflow/.local/lib/python3.12/site-packages/airflow/example_dags/example_branch_operator.py
[2025-01-26T18:42:37.804+0000] {processor.py:914} INFO - Processing file /home/airflow/.local/lib/python3.12/site-packages/airflow/example_dags/example_branch_operator.py for tasks to queue
[2025-01-26T18:42:37.806+0000] {logging_mixin.py:190} INFO - [2025-01-26T18:42:37.805+0000] {dagbag.py:588} INFO - Filling up the DagBag from /home/airflow/.local/lib/python3.12/site-packages/airflow/example_dags/example_branch_operator.py
[2025-01-26T18:42:37.831+0000] {processor.py:925} INFO - DAG(s) 'example_branch_operator' retrieved from /home/airflow/.local/lib/python3.12/site-packages/airflow/example_dags/example_branch_operator.py
[2025-01-26T18:42:37.880+0000] {logging_mixin.py:190} INFO - [2025-01-26T18:42:37.880+0000] {dag.py:3239} INFO - Sync 1 DAGs
[2025-01-26T18:42:37.913+0000] {logging_mixin.py:190} INFO - [2025-01-26T18:42:37.913+0000] {dag.py:4180} INFO - Setting next_dagrun for example_branch_operator to 2025-01-25 00:00:00+00:00, run_after=2025-01-26 00:00:00+00:00
[2025-01-26T18:42:37.937+0000] {processor.py:208} INFO - Processing /home/airflow/.local/lib/python3.12/site-packages/airflow/example_dags/example_branch_operator.py took 0.141 seconds
[2025-01-26T18:43:09.202+0000] {processor.py:186} INFO - Started process (PID=9444) to work on /home/airflow/.local/lib/python3.12/site-packages/airflow/example_dags/example_branch_operator.py
[2025-01-26T18:43:09.204+0000] {processor.py:914} INFO - Processing file /home/airflow/.local/lib/python3.12/site-packages/airflow/example_dags/example_branch_operator.py for tasks to queue
[2025-01-26T18:43:09.205+0000] {logging_mixin.py:190} INFO - [2025-01-26T18:43:09.205+0000] {dagbag.py:588} INFO - Filling up the DagBag from /home/airflow/.local/lib/python3.12/site-packages/airflow/example_dags/example_branch_operator.py
[2025-01-26T18:43:09.242+0000] {processor.py:925} INFO - DAG(s) 'example_branch_operator' retrieved from /home/airflow/.local/lib/python3.12/site-packages/airflow/example_dags/example_branch_operator.py
[2025-01-26T18:43:09.310+0000] {logging_mixin.py:190} INFO - [2025-01-26T18:43:09.310+0000] {dag.py:3239} INFO - Sync 1 DAGs
[2025-01-26T18:43:09.375+0000] {logging_mixin.py:190} INFO - [2025-01-26T18:43:09.375+0000] {dag.py:4180} INFO - Setting next_dagrun for example_branch_operator to 2025-01-25 00:00:00+00:00, run_after=2025-01-26 00:00:00+00:00
[2025-01-26T18:43:09.434+0000] {processor.py:208} INFO - Processing /home/airflow/.local/lib/python3.12/site-packages/airflow/example_dags/example_branch_operator.py took 0.242 seconds
[2025-01-26T18:45:02.962+0000] {processor.py:186} INFO - Started process (PID=88) to work on /home/airflow/.local/lib/python3.12/site-packages/airflow/example_dags/example_branch_operator.py
[2025-01-26T18:45:02.963+0000] {processor.py:914} INFO - Processing file /home/airflow/.local/lib/python3.12/site-packages/airflow/example_dags/example_branch_operator.py for tasks to queue
[2025-01-26T18:45:02.967+0000] {logging_mixin.py:190} INFO - [2025-01-26T18:45:02.966+0000] {dagbag.py:588} INFO - Filling up the DagBag from /home/airflow/.local/lib/python3.12/site-packages/airflow/example_dags/example_branch_operator.py
[2025-01-26T18:45:02.993+0000] {processor.py:925} INFO - DAG(s) 'example_branch_operator' retrieved from /home/airflow/.local/lib/python3.12/site-packages/airflow/example_dags/example_branch_operator.py
[2025-01-26T18:45:03.155+0000] {logging_mixin.py:190} INFO - [2025-01-26T18:45:03.154+0000] {dag.py:3239} INFO - Sync 1 DAGs
[2025-01-26T18:45:03.183+0000] {logging_mixin.py:190} INFO - [2025-01-26T18:45:03.183+0000] {dag.py:4180} INFO - Setting next_dagrun for example_branch_operator to 2025-01-25 00:00:00+00:00, run_after=2025-01-26 00:00:00+00:00
[2025-01-26T18:45:03.209+0000] {processor.py:208} INFO - Processing /home/airflow/.local/lib/python3.12/site-packages/airflow/example_dags/example_branch_operator.py took 0.254 seconds
[2025-01-26T18:45:34.131+0000] {processor.py:186} INFO - Started process (PID=153) to work on /home/airflow/.local/lib/python3.12/site-packages/airflow/example_dags/example_branch_operator.py
[2025-01-26T18:45:34.132+0000] {processor.py:914} INFO - Processing file /home/airflow/.local/lib/python3.12/site-packages/airflow/example_dags/example_branch_operator.py for tasks to queue
[2025-01-26T18:45:34.134+0000] {logging_mixin.py:190} INFO - [2025-01-26T18:45:34.134+0000] {dagbag.py:588} INFO - Filling up the DagBag from /home/airflow/.local/lib/python3.12/site-packages/airflow/example_dags/example_branch_operator.py
[2025-01-26T18:45:34.157+0000] {processor.py:925} INFO - DAG(s) 'example_branch_operator' retrieved from /home/airflow/.local/lib/python3.12/site-packages/airflow/example_dags/example_branch_operator.py
[2025-01-26T18:45:34.190+0000] {logging_mixin.py:190} INFO - [2025-01-26T18:45:34.190+0000] {dag.py:3239} INFO - Sync 1 DAGs
[2025-01-26T18:45:34.219+0000] {logging_mixin.py:190} INFO - [2025-01-26T18:45:34.219+0000] {dag.py:4180} INFO - Setting next_dagrun for example_branch_operator to 2025-01-25 00:00:00+00:00, run_after=2025-01-26 00:00:00+00:00
[2025-01-26T18:45:34.238+0000] {processor.py:208} INFO - Processing /home/airflow/.local/lib/python3.12/site-packages/airflow/example_dags/example_branch_operator.py took 0.112 seconds
[2025-01-26T18:46:06.168+0000] {processor.py:186} INFO - Started process (PID=218) to work on /home/airflow/.local/lib/python3.12/site-packages/airflow/example_dags/example_branch_operator.py
[2025-01-26T18:46:06.170+0000] {processor.py:914} INFO - Processing file /home/airflow/.local/lib/python3.12/site-packages/airflow/example_dags/example_branch_operator.py for tasks to queue
[2025-01-26T18:46:06.173+0000] {logging_mixin.py:190} INFO - [2025-01-26T18:46:06.172+0000] {dagbag.py:588} INFO - Filling up the DagBag from /home/airflow/.local/lib/python3.12/site-packages/airflow/example_dags/example_branch_operator.py
[2025-01-26T18:46:06.211+0000] {processor.py:925} INFO - DAG(s) 'example_branch_operator' retrieved from /home/airflow/.local/lib/python3.12/site-packages/airflow/example_dags/example_branch_operator.py
[2025-01-26T18:46:06.261+0000] {logging_mixin.py:190} INFO - [2025-01-26T18:46:06.261+0000] {dag.py:3239} INFO - Sync 1 DAGs
[2025-01-26T18:46:06.349+0000] {logging_mixin.py:190} INFO - [2025-01-26T18:46:06.349+0000] {dag.py:4180} INFO - Setting next_dagrun for example_branch_operator to 2025-01-25 00:00:00+00:00, run_after=2025-01-26 00:00:00+00:00
[2025-01-26T18:46:06.421+0000] {processor.py:208} INFO - Processing /home/airflow/.local/lib/python3.12/site-packages/airflow/example_dags/example_branch_operator.py took 0.260 seconds
[2025-01-26T18:46:39.937+0000] {processor.py:186} INFO - Started process (PID=289) to work on /home/airflow/.local/lib/python3.12/site-packages/airflow/example_dags/example_branch_operator.py
[2025-01-26T18:46:39.939+0000] {processor.py:914} INFO - Processing file /home/airflow/.local/lib/python3.12/site-packages/airflow/example_dags/example_branch_operator.py for tasks to queue
[2025-01-26T18:46:39.948+0000] {logging_mixin.py:190} INFO - [2025-01-26T18:46:39.948+0000] {dagbag.py:588} INFO - Filling up the DagBag from /home/airflow/.local/lib/python3.12/site-packages/airflow/example_dags/example_branch_operator.py
[2025-01-26T18:46:40.015+0000] {processor.py:925} INFO - DAG(s) 'example_branch_operator' retrieved from /home/airflow/.local/lib/python3.12/site-packages/airflow/example_dags/example_branch_operator.py
[2025-01-26T18:46:40.092+0000] {logging_mixin.py:190} INFO - [2025-01-26T18:46:40.092+0000] {dag.py:3239} INFO - Sync 1 DAGs
[2025-01-26T18:46:40.171+0000] {logging_mixin.py:190} INFO - [2025-01-26T18:46:40.171+0000] {dag.py:4180} INFO - Setting next_dagrun for example_branch_operator to 2025-01-25 00:00:00+00:00, run_after=2025-01-26 00:00:00+00:00
[2025-01-26T18:46:40.222+0000] {processor.py:208} INFO - Processing /home/airflow/.local/lib/python3.12/site-packages/airflow/example_dags/example_branch_operator.py took 0.302 seconds
[2025-01-26T18:47:11.354+0000] {processor.py:186} INFO - Started process (PID=354) to work on /home/airflow/.local/lib/python3.12/site-packages/airflow/example_dags/example_branch_operator.py
[2025-01-26T18:47:11.355+0000] {processor.py:914} INFO - Processing file /home/airflow/.local/lib/python3.12/site-packages/airflow/example_dags/example_branch_operator.py for tasks to queue
[2025-01-26T18:47:11.361+0000] {logging_mixin.py:190} INFO - [2025-01-26T18:47:11.360+0000] {dagbag.py:588} INFO - Filling up the DagBag from /home/airflow/.local/lib/python3.12/site-packages/airflow/example_dags/example_branch_operator.py
[2025-01-26T18:47:11.387+0000] {processor.py:925} INFO - DAG(s) 'example_branch_operator' retrieved from /home/airflow/.local/lib/python3.12/site-packages/airflow/example_dags/example_branch_operator.py
[2025-01-26T18:47:11.419+0000] {logging_mixin.py:190} INFO - [2025-01-26T18:47:11.419+0000] {dag.py:3239} INFO - Sync 1 DAGs
[2025-01-26T18:47:11.451+0000] {logging_mixin.py:190} INFO - [2025-01-26T18:47:11.451+0000] {dag.py:4180} INFO - Setting next_dagrun for example_branch_operator to 2025-01-25 00:00:00+00:00, run_after=2025-01-26 00:00:00+00:00
[2025-01-26T18:47:11.473+0000] {processor.py:208} INFO - Processing /home/airflow/.local/lib/python3.12/site-packages/airflow/example_dags/example_branch_operator.py took 0.126 seconds
[2025-01-26T18:47:43.294+0000] {processor.py:186} INFO - Started process (PID=418) to work on /home/airflow/.local/lib/python3.12/site-packages/airflow/example_dags/example_branch_operator.py
[2025-01-26T18:47:43.297+0000] {processor.py:914} INFO - Processing file /home/airflow/.local/lib/python3.12/site-packages/airflow/example_dags/example_branch_operator.py for tasks to queue
[2025-01-26T18:47:43.301+0000] {logging_mixin.py:190} INFO - [2025-01-26T18:47:43.301+0000] {dagbag.py:588} INFO - Filling up the DagBag from /home/airflow/.local/lib/python3.12/site-packages/airflow/example_dags/example_branch_operator.py
[2025-01-26T18:47:43.334+0000] {processor.py:925} INFO - DAG(s) 'example_branch_operator' retrieved from /home/airflow/.local/lib/python3.12/site-packages/airflow/example_dags/example_branch_operator.py
[2025-01-26T18:47:43.377+0000] {logging_mixin.py:190} INFO - [2025-01-26T18:47:43.376+0000] {dag.py:3239} INFO - Sync 1 DAGs
[2025-01-26T18:47:43.417+0000] {logging_mixin.py:190} INFO - [2025-01-26T18:47:43.417+0000] {dag.py:4180} INFO - Setting next_dagrun for example_branch_operator to 2025-01-25 00:00:00+00:00, run_after=2025-01-26 00:00:00+00:00
[2025-01-26T18:47:43.453+0000] {processor.py:208} INFO - Processing /home/airflow/.local/lib/python3.12/site-packages/airflow/example_dags/example_branch_operator.py took 0.169 seconds
[2025-01-26T18:48:14.192+0000] {processor.py:186} INFO - Started process (PID=483) to work on /home/airflow/.local/lib/python3.12/site-packages/airflow/example_dags/example_branch_operator.py
[2025-01-26T18:48:14.193+0000] {processor.py:914} INFO - Processing file /home/airflow/.local/lib/python3.12/site-packages/airflow/example_dags/example_branch_operator.py for tasks to queue
[2025-01-26T18:48:14.199+0000] {logging_mixin.py:190} INFO - [2025-01-26T18:48:14.199+0000] {dagbag.py:588} INFO - Filling up the DagBag from /home/airflow/.local/lib/python3.12/site-packages/airflow/example_dags/example_branch_operator.py
[2025-01-26T18:48:14.247+0000] {processor.py:925} INFO - DAG(s) 'example_branch_operator' retrieved from /home/airflow/.local/lib/python3.12/site-packages/airflow/example_dags/example_branch_operator.py
[2025-01-26T18:48:14.297+0000] {logging_mixin.py:190} INFO - [2025-01-26T18:48:14.297+0000] {dag.py:3239} INFO - Sync 1 DAGs
[2025-01-26T18:48:14.338+0000] {logging_mixin.py:190} INFO - [2025-01-26T18:48:14.338+0000] {dag.py:4180} INFO - Setting next_dagrun for example_branch_operator to 2025-01-25 00:00:00+00:00, run_after=2025-01-26 00:00:00+00:00
[2025-01-26T18:48:14.361+0000] {processor.py:208} INFO - Processing /home/airflow/.local/lib/python3.12/site-packages/airflow/example_dags/example_branch_operator.py took 0.191 seconds
[2025-01-26T18:48:44.401+0000] {processor.py:186} INFO - Started process (PID=547) to work on /home/airflow/.local/lib/python3.12/site-packages/airflow/example_dags/example_branch_operator.py
[2025-01-26T18:48:44.402+0000] {processor.py:914} INFO - Processing file /home/airflow/.local/lib/python3.12/site-packages/airflow/example_dags/example_branch_operator.py for tasks to queue
[2025-01-26T18:48:44.405+0000] {logging_mixin.py:190} INFO - [2025-01-26T18:48:44.405+0000] {dagbag.py:588} INFO - Filling up the DagBag from /home/airflow/.local/lib/python3.12/site-packages/airflow/example_dags/example_branch_operator.py
[2025-01-26T18:48:44.431+0000] {processor.py:925} INFO - DAG(s) 'example_branch_operator' retrieved from /home/airflow/.local/lib/python3.12/site-packages/airflow/example_dags/example_branch_operator.py
[2025-01-26T18:48:44.476+0000] {logging_mixin.py:190} INFO - [2025-01-26T18:48:44.476+0000] {dag.py:3239} INFO - Sync 1 DAGs
[2025-01-26T18:48:44.514+0000] {logging_mixin.py:190} INFO - [2025-01-26T18:48:44.514+0000] {dag.py:4180} INFO - Setting next_dagrun for example_branch_operator to 2025-01-25 00:00:00+00:00, run_after=2025-01-26 00:00:00+00:00
[2025-01-26T18:48:44.542+0000] {processor.py:208} INFO - Processing /home/airflow/.local/lib/python3.12/site-packages/airflow/example_dags/example_branch_operator.py took 0.148 seconds
[2025-01-26T18:49:14.613+0000] {processor.py:186} INFO - Started process (PID=611) to work on /home/airflow/.local/lib/python3.12/site-packages/airflow/example_dags/example_branch_operator.py
[2025-01-26T18:49:14.614+0000] {processor.py:914} INFO - Processing file /home/airflow/.local/lib/python3.12/site-packages/airflow/example_dags/example_branch_operator.py for tasks to queue
[2025-01-26T18:49:14.616+0000] {logging_mixin.py:190} INFO - [2025-01-26T18:49:14.616+0000] {dagbag.py:588} INFO - Filling up the DagBag from /home/airflow/.local/lib/python3.12/site-packages/airflow/example_dags/example_branch_operator.py
[2025-01-26T18:49:14.635+0000] {processor.py:925} INFO - DAG(s) 'example_branch_operator' retrieved from /home/airflow/.local/lib/python3.12/site-packages/airflow/example_dags/example_branch_operator.py
[2025-01-26T18:49:14.661+0000] {logging_mixin.py:190} INFO - [2025-01-26T18:49:14.660+0000] {dag.py:3239} INFO - Sync 1 DAGs
[2025-01-26T18:49:14.687+0000] {logging_mixin.py:190} INFO - [2025-01-26T18:49:14.686+0000] {dag.py:4180} INFO - Setting next_dagrun for example_branch_operator to 2025-01-25 00:00:00+00:00, run_after=2025-01-26 00:00:00+00:00
[2025-01-26T18:49:14.707+0000] {processor.py:208} INFO - Processing /home/airflow/.local/lib/python3.12/site-packages/airflow/example_dags/example_branch_operator.py took 0.101 seconds
[2025-01-26T18:49:45.072+0000] {processor.py:186} INFO - Started process (PID=677) to work on /home/airflow/.local/lib/python3.12/site-packages/airflow/example_dags/example_branch_operator.py
[2025-01-26T18:49:45.074+0000] {processor.py:914} INFO - Processing file /home/airflow/.local/lib/python3.12/site-packages/airflow/example_dags/example_branch_operator.py for tasks to queue
[2025-01-26T18:49:45.077+0000] {logging_mixin.py:190} INFO - [2025-01-26T18:49:45.077+0000] {dagbag.py:588} INFO - Filling up the DagBag from /home/airflow/.local/lib/python3.12/site-packages/airflow/example_dags/example_branch_operator.py
[2025-01-26T18:49:45.100+0000] {processor.py:925} INFO - DAG(s) 'example_branch_operator' retrieved from /home/airflow/.local/lib/python3.12/site-packages/airflow/example_dags/example_branch_operator.py
[2025-01-26T18:49:45.126+0000] {logging_mixin.py:190} INFO - [2025-01-26T18:49:45.126+0000] {dag.py:3239} INFO - Sync 1 DAGs
[2025-01-26T18:49:45.151+0000] {logging_mixin.py:190} INFO - [2025-01-26T18:49:45.151+0000] {dag.py:4180} INFO - Setting next_dagrun for example_branch_operator to 2025-01-25 00:00:00+00:00, run_after=2025-01-26 00:00:00+00:00
[2025-01-26T18:49:45.170+0000] {processor.py:208} INFO - Processing /home/airflow/.local/lib/python3.12/site-packages/airflow/example_dags/example_branch_operator.py took 0.105 seconds
[2025-01-26T18:50:15.665+0000] {processor.py:186} INFO - Started process (PID=742) to work on /home/airflow/.local/lib/python3.12/site-packages/airflow/example_dags/example_branch_operator.py
[2025-01-26T18:50:15.666+0000] {processor.py:914} INFO - Processing file /home/airflow/.local/lib/python3.12/site-packages/airflow/example_dags/example_branch_operator.py for tasks to queue
[2025-01-26T18:50:15.672+0000] {logging_mixin.py:190} INFO - [2025-01-26T18:50:15.672+0000] {dagbag.py:588} INFO - Filling up the DagBag from /home/airflow/.local/lib/python3.12/site-packages/airflow/example_dags/example_branch_operator.py
[2025-01-26T18:50:15.725+0000] {processor.py:925} INFO - DAG(s) 'example_branch_operator' retrieved from /home/airflow/.local/lib/python3.12/site-packages/airflow/example_dags/example_branch_operator.py
[2025-01-26T18:50:15.781+0000] {logging_mixin.py:190} INFO - [2025-01-26T18:50:15.781+0000] {dag.py:3239} INFO - Sync 1 DAGs
[2025-01-26T18:50:15.835+0000] {logging_mixin.py:190} INFO - [2025-01-26T18:50:15.835+0000] {dag.py:4180} INFO - Setting next_dagrun for example_branch_operator to 2025-01-25 00:00:00+00:00, run_after=2025-01-26 00:00:00+00:00
[2025-01-26T18:50:15.868+0000] {processor.py:208} INFO - Processing /home/airflow/.local/lib/python3.12/site-packages/airflow/example_dags/example_branch_operator.py took 0.219 seconds
[2025-01-26T18:50:48.860+0000] {processor.py:186} INFO - Started process (PID=807) to work on /home/airflow/.local/lib/python3.12/site-packages/airflow/example_dags/example_branch_operator.py
[2025-01-26T18:50:48.861+0000] {processor.py:914} INFO - Processing file /home/airflow/.local/lib/python3.12/site-packages/airflow/example_dags/example_branch_operator.py for tasks to queue
[2025-01-26T18:50:48.864+0000] {logging_mixin.py:190} INFO - [2025-01-26T18:50:48.863+0000] {dagbag.py:588} INFO - Filling up the DagBag from /home/airflow/.local/lib/python3.12/site-packages/airflow/example_dags/example_branch_operator.py
[2025-01-26T18:50:48.884+0000] {processor.py:925} INFO - DAG(s) 'example_branch_operator' retrieved from /home/airflow/.local/lib/python3.12/site-packages/airflow/example_dags/example_branch_operator.py
[2025-01-26T18:50:48.914+0000] {logging_mixin.py:190} INFO - [2025-01-26T18:50:48.914+0000] {dag.py:3239} INFO - Sync 1 DAGs
[2025-01-26T18:50:48.942+0000] {logging_mixin.py:190} INFO - [2025-01-26T18:50:48.942+0000] {dag.py:4180} INFO - Setting next_dagrun for example_branch_operator to 2025-01-25 00:00:00+00:00, run_after=2025-01-26 00:00:00+00:00
[2025-01-26T18:50:48.962+0000] {processor.py:208} INFO - Processing /home/airflow/.local/lib/python3.12/site-packages/airflow/example_dags/example_branch_operator.py took 0.110 seconds
[2025-01-26T18:52:15.885+0000] {processor.py:186} INFO - Started process (PID=87) to work on /home/airflow/.local/lib/python3.12/site-packages/airflow/example_dags/example_branch_operator.py
[2025-01-26T18:52:15.887+0000] {processor.py:914} INFO - Processing file /home/airflow/.local/lib/python3.12/site-packages/airflow/example_dags/example_branch_operator.py for tasks to queue
[2025-01-26T18:52:15.890+0000] {logging_mixin.py:190} INFO - [2025-01-26T18:52:15.889+0000] {dagbag.py:588} INFO - Filling up the DagBag from /home/airflow/.local/lib/python3.12/site-packages/airflow/example_dags/example_branch_operator.py
[2025-01-26T18:52:15.917+0000] {processor.py:925} INFO - DAG(s) 'example_branch_operator' retrieved from /home/airflow/.local/lib/python3.12/site-packages/airflow/example_dags/example_branch_operator.py
[2025-01-26T18:52:16.106+0000] {logging_mixin.py:190} INFO - [2025-01-26T18:52:16.105+0000] {dag.py:3239} INFO - Sync 1 DAGs
[2025-01-26T18:52:16.138+0000] {logging_mixin.py:190} INFO - [2025-01-26T18:52:16.138+0000] {dag.py:4180} INFO - Setting next_dagrun for example_branch_operator to 2025-01-25 00:00:00+00:00, run_after=2025-01-26 00:00:00+00:00
[2025-01-26T18:52:16.177+0000] {processor.py:208} INFO - Processing /home/airflow/.local/lib/python3.12/site-packages/airflow/example_dags/example_branch_operator.py took 0.299 seconds
[2025-01-26T18:52:47.285+0000] {processor.py:186} INFO - Started process (PID=154) to work on /home/airflow/.local/lib/python3.12/site-packages/airflow/example_dags/example_branch_operator.py
[2025-01-26T18:52:47.286+0000] {processor.py:914} INFO - Processing file /home/airflow/.local/lib/python3.12/site-packages/airflow/example_dags/example_branch_operator.py for tasks to queue
[2025-01-26T18:52:47.289+0000] {logging_mixin.py:190} INFO - [2025-01-26T18:52:47.289+0000] {dagbag.py:588} INFO - Filling up the DagBag from /home/airflow/.local/lib/python3.12/site-packages/airflow/example_dags/example_branch_operator.py
[2025-01-26T18:52:47.311+0000] {processor.py:925} INFO - DAG(s) 'example_branch_operator' retrieved from /home/airflow/.local/lib/python3.12/site-packages/airflow/example_dags/example_branch_operator.py
[2025-01-26T18:52:47.353+0000] {logging_mixin.py:190} INFO - [2025-01-26T18:52:47.353+0000] {dag.py:3239} INFO - Sync 1 DAGs
[2025-01-26T18:52:47.385+0000] {logging_mixin.py:190} INFO - [2025-01-26T18:52:47.385+0000] {dag.py:4180} INFO - Setting next_dagrun for example_branch_operator to 2025-01-25 00:00:00+00:00, run_after=2025-01-26 00:00:00+00:00
[2025-01-26T18:52:47.409+0000] {processor.py:208} INFO - Processing /home/airflow/.local/lib/python3.12/site-packages/airflow/example_dags/example_branch_operator.py took 0.130 seconds
[2025-01-26T18:53:17.936+0000] {processor.py:186} INFO - Started process (PID=218) to work on /home/airflow/.local/lib/python3.12/site-packages/airflow/example_dags/example_branch_operator.py
[2025-01-26T18:53:17.938+0000] {processor.py:914} INFO - Processing file /home/airflow/.local/lib/python3.12/site-packages/airflow/example_dags/example_branch_operator.py for tasks to queue
[2025-01-26T18:53:17.941+0000] {logging_mixin.py:190} INFO - [2025-01-26T18:53:17.940+0000] {dagbag.py:588} INFO - Filling up the DagBag from /home/airflow/.local/lib/python3.12/site-packages/airflow/example_dags/example_branch_operator.py
[2025-01-26T18:53:17.961+0000] {processor.py:925} INFO - DAG(s) 'example_branch_operator' retrieved from /home/airflow/.local/lib/python3.12/site-packages/airflow/example_dags/example_branch_operator.py
[2025-01-26T18:53:17.995+0000] {logging_mixin.py:190} INFO - [2025-01-26T18:53:17.995+0000] {dag.py:3239} INFO - Sync 1 DAGs
[2025-01-26T18:53:18.024+0000] {logging_mixin.py:190} INFO - [2025-01-26T18:53:18.024+0000] {dag.py:4180} INFO - Setting next_dagrun for example_branch_operator to 2025-01-25 00:00:00+00:00, run_after=2025-01-26 00:00:00+00:00
[2025-01-26T18:53:18.044+0000] {processor.py:208} INFO - Processing /home/airflow/.local/lib/python3.12/site-packages/airflow/example_dags/example_branch_operator.py took 0.115 seconds
[2025-01-26T18:53:49.295+0000] {processor.py:186} INFO - Started process (PID=283) to work on /home/airflow/.local/lib/python3.12/site-packages/airflow/example_dags/example_branch_operator.py
[2025-01-26T18:53:49.295+0000] {processor.py:914} INFO - Processing file /home/airflow/.local/lib/python3.12/site-packages/airflow/example_dags/example_branch_operator.py for tasks to queue
[2025-01-26T18:53:49.298+0000] {logging_mixin.py:190} INFO - [2025-01-26T18:53:49.297+0000] {dagbag.py:588} INFO - Filling up the DagBag from /home/airflow/.local/lib/python3.12/site-packages/airflow/example_dags/example_branch_operator.py
[2025-01-26T18:53:49.318+0000] {processor.py:925} INFO - DAG(s) 'example_branch_operator' retrieved from /home/airflow/.local/lib/python3.12/site-packages/airflow/example_dags/example_branch_operator.py
[2025-01-26T18:53:49.355+0000] {logging_mixin.py:190} INFO - [2025-01-26T18:53:49.355+0000] {dag.py:3239} INFO - Sync 1 DAGs
[2025-01-26T18:53:49.383+0000] {logging_mixin.py:190} INFO - [2025-01-26T18:53:49.382+0000] {dag.py:4180} INFO - Setting next_dagrun for example_branch_operator to 2025-01-25 00:00:00+00:00, run_after=2025-01-26 00:00:00+00:00
[2025-01-26T18:53:49.402+0000] {processor.py:208} INFO - Processing /home/airflow/.local/lib/python3.12/site-packages/airflow/example_dags/example_branch_operator.py took 0.113 seconds
[2025-01-26T18:54:21.230+0000] {processor.py:186} INFO - Started process (PID=349) to work on /home/airflow/.local/lib/python3.12/site-packages/airflow/example_dags/example_branch_operator.py
[2025-01-26T18:54:21.231+0000] {processor.py:914} INFO - Processing file /home/airflow/.local/lib/python3.12/site-packages/airflow/example_dags/example_branch_operator.py for tasks to queue
[2025-01-26T18:54:21.235+0000] {logging_mixin.py:190} INFO - [2025-01-26T18:54:21.235+0000] {dagbag.py:588} INFO - Filling up the DagBag from /home/airflow/.local/lib/python3.12/site-packages/airflow/example_dags/example_branch_operator.py
[2025-01-26T18:54:21.268+0000] {processor.py:925} INFO - DAG(s) 'example_branch_operator' retrieved from /home/airflow/.local/lib/python3.12/site-packages/airflow/example_dags/example_branch_operator.py
[2025-01-26T18:54:21.327+0000] {logging_mixin.py:190} INFO - [2025-01-26T18:54:21.326+0000] {dag.py:3239} INFO - Sync 1 DAGs
[2025-01-26T18:54:21.372+0000] {logging_mixin.py:190} INFO - [2025-01-26T18:54:21.371+0000] {dag.py:4180} INFO - Setting next_dagrun for example_branch_operator to 2025-01-25 00:00:00+00:00, run_after=2025-01-26 00:00:00+00:00
[2025-01-26T18:54:21.392+0000] {processor.py:208} INFO - Processing /home/airflow/.local/lib/python3.12/site-packages/airflow/example_dags/example_branch_operator.py took 0.169 seconds
[2025-01-26T18:54:52.539+0000] {processor.py:186} INFO - Started process (PID=414) to work on /home/airflow/.local/lib/python3.12/site-packages/airflow/example_dags/example_branch_operator.py
[2025-01-26T18:54:52.540+0000] {processor.py:914} INFO - Processing file /home/airflow/.local/lib/python3.12/site-packages/airflow/example_dags/example_branch_operator.py for tasks to queue
[2025-01-26T18:54:52.543+0000] {logging_mixin.py:190} INFO - [2025-01-26T18:54:52.542+0000] {dagbag.py:588} INFO - Filling up the DagBag from /home/airflow/.local/lib/python3.12/site-packages/airflow/example_dags/example_branch_operator.py
[2025-01-26T18:54:52.563+0000] {processor.py:925} INFO - DAG(s) 'example_branch_operator' retrieved from /home/airflow/.local/lib/python3.12/site-packages/airflow/example_dags/example_branch_operator.py
[2025-01-26T18:54:52.592+0000] {logging_mixin.py:190} INFO - [2025-01-26T18:54:52.592+0000] {dag.py:3239} INFO - Sync 1 DAGs
[2025-01-26T18:54:52.619+0000] {logging_mixin.py:190} INFO - [2025-01-26T18:54:52.619+0000] {dag.py:4180} INFO - Setting next_dagrun for example_branch_operator to 2025-01-25 00:00:00+00:00, run_after=2025-01-26 00:00:00+00:00
[2025-01-26T18:54:52.639+0000] {processor.py:208} INFO - Processing /home/airflow/.local/lib/python3.12/site-packages/airflow/example_dags/example_branch_operator.py took 0.105 seconds
[2025-01-26T18:55:23.447+0000] {processor.py:186} INFO - Started process (PID=479) to work on /home/airflow/.local/lib/python3.12/site-packages/airflow/example_dags/example_branch_operator.py
[2025-01-26T18:55:23.448+0000] {processor.py:914} INFO - Processing file /home/airflow/.local/lib/python3.12/site-packages/airflow/example_dags/example_branch_operator.py for tasks to queue
[2025-01-26T18:55:23.451+0000] {logging_mixin.py:190} INFO - [2025-01-26T18:55:23.451+0000] {dagbag.py:588} INFO - Filling up the DagBag from /home/airflow/.local/lib/python3.12/site-packages/airflow/example_dags/example_branch_operator.py
[2025-01-26T18:55:23.476+0000] {processor.py:925} INFO - DAG(s) 'example_branch_operator' retrieved from /home/airflow/.local/lib/python3.12/site-packages/airflow/example_dags/example_branch_operator.py
[2025-01-26T18:55:23.514+0000] {logging_mixin.py:190} INFO - [2025-01-26T18:55:23.514+0000] {dag.py:3239} INFO - Sync 1 DAGs
[2025-01-26T18:55:23.550+0000] {logging_mixin.py:190} INFO - [2025-01-26T18:55:23.550+0000] {dag.py:4180} INFO - Setting next_dagrun for example_branch_operator to 2025-01-25 00:00:00+00:00, run_after=2025-01-26 00:00:00+00:00
[2025-01-26T18:55:23.580+0000] {processor.py:208} INFO - Processing /home/airflow/.local/lib/python3.12/site-packages/airflow/example_dags/example_branch_operator.py took 0.142 seconds
[2025-01-26T18:55:54.543+0000] {processor.py:186} INFO - Started process (PID=544) to work on /home/airflow/.local/lib/python3.12/site-packages/airflow/example_dags/example_branch_operator.py
[2025-01-26T18:55:54.544+0000] {processor.py:914} INFO - Processing file /home/airflow/.local/lib/python3.12/site-packages/airflow/example_dags/example_branch_operator.py for tasks to queue
[2025-01-26T18:55:54.547+0000] {logging_mixin.py:190} INFO - [2025-01-26T18:55:54.546+0000] {dagbag.py:588} INFO - Filling up the DagBag from /home/airflow/.local/lib/python3.12/site-packages/airflow/example_dags/example_branch_operator.py
[2025-01-26T18:55:54.569+0000] {processor.py:925} INFO - DAG(s) 'example_branch_operator' retrieved from /home/airflow/.local/lib/python3.12/site-packages/airflow/example_dags/example_branch_operator.py
[2025-01-26T18:55:54.601+0000] {logging_mixin.py:190} INFO - [2025-01-26T18:55:54.601+0000] {dag.py:3239} INFO - Sync 1 DAGs
[2025-01-26T18:55:54.623+0000] {logging_mixin.py:190} INFO - [2025-01-26T18:55:54.623+0000] {dag.py:4180} INFO - Setting next_dagrun for example_branch_operator to 2025-01-25 00:00:00+00:00, run_after=2025-01-26 00:00:00+00:00
[2025-01-26T18:55:54.641+0000] {processor.py:208} INFO - Processing /home/airflow/.local/lib/python3.12/site-packages/airflow/example_dags/example_branch_operator.py took 0.104 seconds
[2025-01-26T18:56:25.680+0000] {processor.py:186} INFO - Started process (PID=608) to work on /home/airflow/.local/lib/python3.12/site-packages/airflow/example_dags/example_branch_operator.py
[2025-01-26T18:56:25.681+0000] {processor.py:914} INFO - Processing file /home/airflow/.local/lib/python3.12/site-packages/airflow/example_dags/example_branch_operator.py for tasks to queue
[2025-01-26T18:56:25.685+0000] {logging_mixin.py:190} INFO - [2025-01-26T18:56:25.684+0000] {dagbag.py:588} INFO - Filling up the DagBag from /home/airflow/.local/lib/python3.12/site-packages/airflow/example_dags/example_branch_operator.py
[2025-01-26T18:56:25.728+0000] {processor.py:925} INFO - DAG(s) 'example_branch_operator' retrieved from /home/airflow/.local/lib/python3.12/site-packages/airflow/example_dags/example_branch_operator.py
[2025-01-26T18:56:25.795+0000] {logging_mixin.py:190} INFO - [2025-01-26T18:56:25.790+0000] {dag.py:3239} INFO - Sync 1 DAGs
[2025-01-26T18:56:25.848+0000] {logging_mixin.py:190} INFO - [2025-01-26T18:56:25.848+0000] {dag.py:4180} INFO - Setting next_dagrun for example_branch_operator to 2025-01-25 00:00:00+00:00, run_after=2025-01-26 00:00:00+00:00
[2025-01-26T18:56:25.884+0000] {processor.py:208} INFO - Processing /home/airflow/.local/lib/python3.12/site-packages/airflow/example_dags/example_branch_operator.py took 0.212 seconds
[2025-01-26T18:56:56.733+0000] {processor.py:186} INFO - Started process (PID=673) to work on /home/airflow/.local/lib/python3.12/site-packages/airflow/example_dags/example_branch_operator.py
[2025-01-26T18:56:56.734+0000] {processor.py:914} INFO - Processing file /home/airflow/.local/lib/python3.12/site-packages/airflow/example_dags/example_branch_operator.py for tasks to queue
[2025-01-26T18:56:56.737+0000] {logging_mixin.py:190} INFO - [2025-01-26T18:56:56.737+0000] {dagbag.py:588} INFO - Filling up the DagBag from /home/airflow/.local/lib/python3.12/site-packages/airflow/example_dags/example_branch_operator.py
[2025-01-26T18:56:56.759+0000] {processor.py:925} INFO - DAG(s) 'example_branch_operator' retrieved from /home/airflow/.local/lib/python3.12/site-packages/airflow/example_dags/example_branch_operator.py
[2025-01-26T18:56:56.791+0000] {logging_mixin.py:190} INFO - [2025-01-26T18:56:56.790+0000] {dag.py:3239} INFO - Sync 1 DAGs
[2025-01-26T18:56:56.819+0000] {logging_mixin.py:190} INFO - [2025-01-26T18:56:56.818+0000] {dag.py:4180} INFO - Setting next_dagrun for example_branch_operator to 2025-01-25 00:00:00+00:00, run_after=2025-01-26 00:00:00+00:00
[2025-01-26T18:56:56.844+0000] {processor.py:208} INFO - Processing /home/airflow/.local/lib/python3.12/site-packages/airflow/example_dags/example_branch_operator.py took 0.119 seconds
[2025-01-26T18:57:28.394+0000] {processor.py:186} INFO - Started process (PID=738) to work on /home/airflow/.local/lib/python3.12/site-packages/airflow/example_dags/example_branch_operator.py
[2025-01-26T18:57:28.396+0000] {processor.py:914} INFO - Processing file /home/airflow/.local/lib/python3.12/site-packages/airflow/example_dags/example_branch_operator.py for tasks to queue
[2025-01-26T18:57:28.399+0000] {logging_mixin.py:190} INFO - [2025-01-26T18:57:28.398+0000] {dagbag.py:588} INFO - Filling up the DagBag from /home/airflow/.local/lib/python3.12/site-packages/airflow/example_dags/example_branch_operator.py
[2025-01-26T18:57:28.422+0000] {processor.py:925} INFO - DAG(s) 'example_branch_operator' retrieved from /home/airflow/.local/lib/python3.12/site-packages/airflow/example_dags/example_branch_operator.py
[2025-01-26T18:57:28.474+0000] {logging_mixin.py:190} INFO - [2025-01-26T18:57:28.473+0000] {dag.py:3239} INFO - Sync 1 DAGs
[2025-01-26T18:57:28.511+0000] {logging_mixin.py:190} INFO - [2025-01-26T18:57:28.511+0000] {dag.py:4180} INFO - Setting next_dagrun for example_branch_operator to 2025-01-25 00:00:00+00:00, run_after=2025-01-26 00:00:00+00:00
[2025-01-26T18:57:28.535+0000] {processor.py:208} INFO - Processing /home/airflow/.local/lib/python3.12/site-packages/airflow/example_dags/example_branch_operator.py took 0.148 seconds
[2025-01-26T18:57:59.872+0000] {processor.py:186} INFO - Started process (PID=804) to work on /home/airflow/.local/lib/python3.12/site-packages/airflow/example_dags/example_branch_operator.py
[2025-01-26T18:57:59.874+0000] {processor.py:914} INFO - Processing file /home/airflow/.local/lib/python3.12/site-packages/airflow/example_dags/example_branch_operator.py for tasks to queue
[2025-01-26T18:57:59.877+0000] {logging_mixin.py:190} INFO - [2025-01-26T18:57:59.876+0000] {dagbag.py:588} INFO - Filling up the DagBag from /home/airflow/.local/lib/python3.12/site-packages/airflow/example_dags/example_branch_operator.py
[2025-01-26T18:57:59.902+0000] {processor.py:925} INFO - DAG(s) 'example_branch_operator' retrieved from /home/airflow/.local/lib/python3.12/site-packages/airflow/example_dags/example_branch_operator.py
[2025-01-26T18:57:59.941+0000] {logging_mixin.py:190} INFO - [2025-01-26T18:57:59.941+0000] {dag.py:3239} INFO - Sync 1 DAGs
[2025-01-26T18:57:59.991+0000] {logging_mixin.py:190} INFO - [2025-01-26T18:57:59.991+0000] {dag.py:4180} INFO - Setting next_dagrun for example_branch_operator to 2025-01-25 00:00:00+00:00, run_after=2025-01-26 00:00:00+00:00
[2025-01-26T18:58:00.024+0000] {processor.py:208} INFO - Processing /home/airflow/.local/lib/python3.12/site-packages/airflow/example_dags/example_branch_operator.py took 0.161 seconds
[2025-01-26T18:58:33.167+0000] {processor.py:186} INFO - Started process (PID=869) to work on /home/airflow/.local/lib/python3.12/site-packages/airflow/example_dags/example_branch_operator.py
[2025-01-26T18:58:33.170+0000] {processor.py:914} INFO - Processing file /home/airflow/.local/lib/python3.12/site-packages/airflow/example_dags/example_branch_operator.py for tasks to queue
[2025-01-26T18:58:33.176+0000] {logging_mixin.py:190} INFO - [2025-01-26T18:58:33.175+0000] {dagbag.py:588} INFO - Filling up the DagBag from /home/airflow/.local/lib/python3.12/site-packages/airflow/example_dags/example_branch_operator.py
[2025-01-26T18:58:33.236+0000] {processor.py:925} INFO - DAG(s) 'example_branch_operator' retrieved from /home/airflow/.local/lib/python3.12/site-packages/airflow/example_dags/example_branch_operator.py
[2025-01-26T18:58:33.295+0000] {logging_mixin.py:190} INFO - [2025-01-26T18:58:33.295+0000] {dag.py:3239} INFO - Sync 1 DAGs
[2025-01-26T18:58:33.382+0000] {logging_mixin.py:190} INFO - [2025-01-26T18:58:33.382+0000] {dag.py:4180} INFO - Setting next_dagrun for example_branch_operator to 2025-01-25 00:00:00+00:00, run_after=2025-01-26 00:00:00+00:00
[2025-01-26T18:58:33.446+0000] {processor.py:208} INFO - Processing /home/airflow/.local/lib/python3.12/site-packages/airflow/example_dags/example_branch_operator.py took 0.296 seconds
[2025-01-26T18:59:04.531+0000] {processor.py:186} INFO - Started process (PID=934) to work on /home/airflow/.local/lib/python3.12/site-packages/airflow/example_dags/example_branch_operator.py
[2025-01-26T18:59:04.534+0000] {processor.py:914} INFO - Processing file /home/airflow/.local/lib/python3.12/site-packages/airflow/example_dags/example_branch_operator.py for tasks to queue
[2025-01-26T18:59:04.545+0000] {logging_mixin.py:190} INFO - [2025-01-26T18:59:04.545+0000] {dagbag.py:588} INFO - Filling up the DagBag from /home/airflow/.local/lib/python3.12/site-packages/airflow/example_dags/example_branch_operator.py
[2025-01-26T18:59:04.595+0000] {processor.py:925} INFO - DAG(s) 'example_branch_operator' retrieved from /home/airflow/.local/lib/python3.12/site-packages/airflow/example_dags/example_branch_operator.py
[2025-01-26T18:59:04.687+0000] {logging_mixin.py:190} INFO - [2025-01-26T18:59:04.687+0000] {dag.py:3239} INFO - Sync 1 DAGs
[2025-01-26T18:59:04.756+0000] {logging_mixin.py:190} INFO - [2025-01-26T18:59:04.756+0000] {dag.py:4180} INFO - Setting next_dagrun for example_branch_operator to 2025-01-25 00:00:00+00:00, run_after=2025-01-26 00:00:00+00:00
[2025-01-26T18:59:04.794+0000] {processor.py:208} INFO - Processing /home/airflow/.local/lib/python3.12/site-packages/airflow/example_dags/example_branch_operator.py took 0.271 seconds
[2025-01-26T18:59:34.982+0000] {processor.py:186} INFO - Started process (PID=998) to work on /home/airflow/.local/lib/python3.12/site-packages/airflow/example_dags/example_branch_operator.py
[2025-01-26T18:59:34.983+0000] {processor.py:914} INFO - Processing file /home/airflow/.local/lib/python3.12/site-packages/airflow/example_dags/example_branch_operator.py for tasks to queue
[2025-01-26T18:59:34.985+0000] {logging_mixin.py:190} INFO - [2025-01-26T18:59:34.985+0000] {dagbag.py:588} INFO - Filling up the DagBag from /home/airflow/.local/lib/python3.12/site-packages/airflow/example_dags/example_branch_operator.py
[2025-01-26T18:59:35.003+0000] {processor.py:925} INFO - DAG(s) 'example_branch_operator' retrieved from /home/airflow/.local/lib/python3.12/site-packages/airflow/example_dags/example_branch_operator.py
[2025-01-26T18:59:35.036+0000] {logging_mixin.py:190} INFO - [2025-01-26T18:59:35.035+0000] {dag.py:3239} INFO - Sync 1 DAGs
[2025-01-26T18:59:35.061+0000] {logging_mixin.py:190} INFO - [2025-01-26T18:59:35.061+0000] {dag.py:4180} INFO - Setting next_dagrun for example_branch_operator to 2025-01-25 00:00:00+00:00, run_after=2025-01-26 00:00:00+00:00
[2025-01-26T18:59:35.084+0000] {processor.py:208} INFO - Processing /home/airflow/.local/lib/python3.12/site-packages/airflow/example_dags/example_branch_operator.py took 0.108 seconds
[2025-01-26T19:00:05.734+0000] {processor.py:186} INFO - Started process (PID=1063) to work on /home/airflow/.local/lib/python3.12/site-packages/airflow/example_dags/example_branch_operator.py
[2025-01-26T19:00:05.741+0000] {processor.py:914} INFO - Processing file /home/airflow/.local/lib/python3.12/site-packages/airflow/example_dags/example_branch_operator.py for tasks to queue
[2025-01-26T19:00:05.744+0000] {logging_mixin.py:190} INFO - [2025-01-26T19:00:05.744+0000] {dagbag.py:588} INFO - Filling up the DagBag from /home/airflow/.local/lib/python3.12/site-packages/airflow/example_dags/example_branch_operator.py
[2025-01-26T19:00:05.783+0000] {processor.py:925} INFO - DAG(s) 'example_branch_operator' retrieved from /home/airflow/.local/lib/python3.12/site-packages/airflow/example_dags/example_branch_operator.py
[2025-01-26T19:00:05.855+0000] {logging_mixin.py:190} INFO - [2025-01-26T19:00:05.855+0000] {dag.py:3239} INFO - Sync 1 DAGs
[2025-01-26T19:00:05.892+0000] {logging_mixin.py:190} INFO - [2025-01-26T19:00:05.892+0000] {dag.py:4180} INFO - Setting next_dagrun for example_branch_operator to 2025-01-25 00:00:00+00:00, run_after=2025-01-26 00:00:00+00:00
[2025-01-26T19:00:05.922+0000] {processor.py:208} INFO - Processing /home/airflow/.local/lib/python3.12/site-packages/airflow/example_dags/example_branch_operator.py took 0.198 seconds
[2025-01-26T19:00:36.009+0000] {processor.py:186} INFO - Started process (PID=1127) to work on /home/airflow/.local/lib/python3.12/site-packages/airflow/example_dags/example_branch_operator.py
[2025-01-26T19:00:36.010+0000] {processor.py:914} INFO - Processing file /home/airflow/.local/lib/python3.12/site-packages/airflow/example_dags/example_branch_operator.py for tasks to queue
[2025-01-26T19:00:36.012+0000] {logging_mixin.py:190} INFO - [2025-01-26T19:00:36.012+0000] {dagbag.py:588} INFO - Filling up the DagBag from /home/airflow/.local/lib/python3.12/site-packages/airflow/example_dags/example_branch_operator.py
[2025-01-26T19:00:36.029+0000] {processor.py:925} INFO - DAG(s) 'example_branch_operator' retrieved from /home/airflow/.local/lib/python3.12/site-packages/airflow/example_dags/example_branch_operator.py
[2025-01-26T19:00:36.059+0000] {logging_mixin.py:190} INFO - [2025-01-26T19:00:36.059+0000] {dag.py:3239} INFO - Sync 1 DAGs
[2025-01-26T19:00:36.082+0000] {logging_mixin.py:190} INFO - [2025-01-26T19:00:36.081+0000] {dag.py:4180} INFO - Setting next_dagrun for example_branch_operator to 2025-01-25 00:00:00+00:00, run_after=2025-01-26 00:00:00+00:00
[2025-01-26T19:00:36.101+0000] {processor.py:208} INFO - Processing /home/airflow/.local/lib/python3.12/site-packages/airflow/example_dags/example_branch_operator.py took 0.098 seconds
[2025-01-26T19:01:06.805+0000] {processor.py:186} INFO - Started process (PID=1192) to work on /home/airflow/.local/lib/python3.12/site-packages/airflow/example_dags/example_branch_operator.py
[2025-01-26T19:01:06.806+0000] {processor.py:914} INFO - Processing file /home/airflow/.local/lib/python3.12/site-packages/airflow/example_dags/example_branch_operator.py for tasks to queue
[2025-01-26T19:01:06.810+0000] {logging_mixin.py:190} INFO - [2025-01-26T19:01:06.809+0000] {dagbag.py:588} INFO - Filling up the DagBag from /home/airflow/.local/lib/python3.12/site-packages/airflow/example_dags/example_branch_operator.py
[2025-01-26T19:01:06.828+0000] {processor.py:925} INFO - DAG(s) 'example_branch_operator' retrieved from /home/airflow/.local/lib/python3.12/site-packages/airflow/example_dags/example_branch_operator.py
[2025-01-26T19:01:06.862+0000] {logging_mixin.py:190} INFO - [2025-01-26T19:01:06.861+0000] {dag.py:3239} INFO - Sync 1 DAGs
[2025-01-26T19:01:06.889+0000] {logging_mixin.py:190} INFO - [2025-01-26T19:01:06.889+0000] {dag.py:4180} INFO - Setting next_dagrun for example_branch_operator to 2025-01-25 00:00:00+00:00, run_after=2025-01-26 00:00:00+00:00
[2025-01-26T19:01:06.911+0000] {processor.py:208} INFO - Processing /home/airflow/.local/lib/python3.12/site-packages/airflow/example_dags/example_branch_operator.py took 0.112 seconds
[2025-01-26T19:01:37.232+0000] {processor.py:186} INFO - Started process (PID=1257) to work on /home/airflow/.local/lib/python3.12/site-packages/airflow/example_dags/example_branch_operator.py
[2025-01-26T19:01:37.233+0000] {processor.py:914} INFO - Processing file /home/airflow/.local/lib/python3.12/site-packages/airflow/example_dags/example_branch_operator.py for tasks to queue
[2025-01-26T19:01:37.236+0000] {logging_mixin.py:190} INFO - [2025-01-26T19:01:37.235+0000] {dagbag.py:588} INFO - Filling up the DagBag from /home/airflow/.local/lib/python3.12/site-packages/airflow/example_dags/example_branch_operator.py
[2025-01-26T19:01:37.254+0000] {processor.py:925} INFO - DAG(s) 'example_branch_operator' retrieved from /home/airflow/.local/lib/python3.12/site-packages/airflow/example_dags/example_branch_operator.py
[2025-01-26T19:01:37.281+0000] {logging_mixin.py:190} INFO - [2025-01-26T19:01:37.281+0000] {dag.py:3239} INFO - Sync 1 DAGs
[2025-01-26T19:01:37.303+0000] {logging_mixin.py:190} INFO - [2025-01-26T19:01:37.303+0000] {dag.py:4180} INFO - Setting next_dagrun for example_branch_operator to 2025-01-25 00:00:00+00:00, run_after=2025-01-26 00:00:00+00:00
[2025-01-26T19:01:37.323+0000] {processor.py:208} INFO - Processing /home/airflow/.local/lib/python3.12/site-packages/airflow/example_dags/example_branch_operator.py took 0.099 seconds
[2025-01-26T19:02:08.074+0000] {processor.py:186} INFO - Started process (PID=1322) to work on /home/airflow/.local/lib/python3.12/site-packages/airflow/example_dags/example_branch_operator.py
[2025-01-26T19:02:08.076+0000] {processor.py:914} INFO - Processing file /home/airflow/.local/lib/python3.12/site-packages/airflow/example_dags/example_branch_operator.py for tasks to queue
[2025-01-26T19:02:08.078+0000] {logging_mixin.py:190} INFO - [2025-01-26T19:02:08.078+0000] {dagbag.py:588} INFO - Filling up the DagBag from /home/airflow/.local/lib/python3.12/site-packages/airflow/example_dags/example_branch_operator.py
[2025-01-26T19:02:08.120+0000] {processor.py:925} INFO - DAG(s) 'example_branch_operator' retrieved from /home/airflow/.local/lib/python3.12/site-packages/airflow/example_dags/example_branch_operator.py
[2025-01-26T19:02:08.149+0000] {logging_mixin.py:190} INFO - [2025-01-26T19:02:08.148+0000] {dag.py:3239} INFO - Sync 1 DAGs
[2025-01-26T19:02:08.173+0000] {logging_mixin.py:190} INFO - [2025-01-26T19:02:08.173+0000] {dag.py:4180} INFO - Setting next_dagrun for example_branch_operator to 2025-01-25 00:00:00+00:00, run_after=2025-01-26 00:00:00+00:00
[2025-01-26T19:02:08.191+0000] {processor.py:208} INFO - Processing /home/airflow/.local/lib/python3.12/site-packages/airflow/example_dags/example_branch_operator.py took 0.124 seconds
[2025-01-26T19:02:39.037+0000] {processor.py:186} INFO - Started process (PID=1387) to work on /home/airflow/.local/lib/python3.12/site-packages/airflow/example_dags/example_branch_operator.py
[2025-01-26T19:02:39.038+0000] {processor.py:914} INFO - Processing file /home/airflow/.local/lib/python3.12/site-packages/airflow/example_dags/example_branch_operator.py for tasks to queue
[2025-01-26T19:02:39.041+0000] {logging_mixin.py:190} INFO - [2025-01-26T19:02:39.040+0000] {dagbag.py:588} INFO - Filling up the DagBag from /home/airflow/.local/lib/python3.12/site-packages/airflow/example_dags/example_branch_operator.py
[2025-01-26T19:02:39.058+0000] {processor.py:925} INFO - DAG(s) 'example_branch_operator' retrieved from /home/airflow/.local/lib/python3.12/site-packages/airflow/example_dags/example_branch_operator.py
[2025-01-26T19:02:39.083+0000] {logging_mixin.py:190} INFO - [2025-01-26T19:02:39.083+0000] {dag.py:3239} INFO - Sync 1 DAGs
[2025-01-26T19:02:39.120+0000] {logging_mixin.py:190} INFO - [2025-01-26T19:02:39.120+0000] {dag.py:4180} INFO - Setting next_dagrun for example_branch_operator to 2025-01-25 00:00:00+00:00, run_after=2025-01-26 00:00:00+00:00
[2025-01-26T19:02:39.141+0000] {processor.py:208} INFO - Processing /home/airflow/.local/lib/python3.12/site-packages/airflow/example_dags/example_branch_operator.py took 0.108 seconds
[2025-01-26T19:03:11.809+0000] {processor.py:186} INFO - Started process (PID=1452) to work on /home/airflow/.local/lib/python3.12/site-packages/airflow/example_dags/example_branch_operator.py
[2025-01-26T19:03:11.811+0000] {processor.py:914} INFO - Processing file /home/airflow/.local/lib/python3.12/site-packages/airflow/example_dags/example_branch_operator.py for tasks to queue
[2025-01-26T19:03:11.814+0000] {logging_mixin.py:190} INFO - [2025-01-26T19:03:11.814+0000] {dagbag.py:588} INFO - Filling up the DagBag from /home/airflow/.local/lib/python3.12/site-packages/airflow/example_dags/example_branch_operator.py
[2025-01-26T19:03:11.838+0000] {processor.py:925} INFO - DAG(s) 'example_branch_operator' retrieved from /home/airflow/.local/lib/python3.12/site-packages/airflow/example_dags/example_branch_operator.py
[2025-01-26T19:03:11.881+0000] {logging_mixin.py:190} INFO - [2025-01-26T19:03:11.880+0000] {dag.py:3239} INFO - Sync 1 DAGs
[2025-01-26T19:03:11.911+0000] {logging_mixin.py:190} INFO - [2025-01-26T19:03:11.910+0000] {dag.py:4180} INFO - Setting next_dagrun for example_branch_operator to 2025-01-25 00:00:00+00:00, run_after=2025-01-26 00:00:00+00:00
[2025-01-26T19:03:11.936+0000] {processor.py:208} INFO - Processing /home/airflow/.local/lib/python3.12/site-packages/airflow/example_dags/example_branch_operator.py took 0.134 seconds
[2025-01-26T19:03:42.529+0000] {processor.py:186} INFO - Started process (PID=1517) to work on /home/airflow/.local/lib/python3.12/site-packages/airflow/example_dags/example_branch_operator.py
[2025-01-26T19:03:42.530+0000] {processor.py:914} INFO - Processing file /home/airflow/.local/lib/python3.12/site-packages/airflow/example_dags/example_branch_operator.py for tasks to queue
[2025-01-26T19:03:42.533+0000] {logging_mixin.py:190} INFO - [2025-01-26T19:03:42.533+0000] {dagbag.py:588} INFO - Filling up the DagBag from /home/airflow/.local/lib/python3.12/site-packages/airflow/example_dags/example_branch_operator.py
[2025-01-26T19:03:42.561+0000] {processor.py:925} INFO - DAG(s) 'example_branch_operator' retrieved from /home/airflow/.local/lib/python3.12/site-packages/airflow/example_dags/example_branch_operator.py
[2025-01-26T19:03:42.598+0000] {logging_mixin.py:190} INFO - [2025-01-26T19:03:42.598+0000] {dag.py:3239} INFO - Sync 1 DAGs
[2025-01-26T19:03:42.634+0000] {logging_mixin.py:190} INFO - [2025-01-26T19:03:42.633+0000] {dag.py:4180} INFO - Setting next_dagrun for example_branch_operator to 2025-01-25 00:00:00+00:00, run_after=2025-01-26 00:00:00+00:00
[2025-01-26T19:03:42.659+0000] {processor.py:208} INFO - Processing /home/airflow/.local/lib/python3.12/site-packages/airflow/example_dags/example_branch_operator.py took 0.138 seconds
[2025-01-26T19:04:13.357+0000] {processor.py:186} INFO - Started process (PID=1582) to work on /home/airflow/.local/lib/python3.12/site-packages/airflow/example_dags/example_branch_operator.py
[2025-01-26T19:04:13.358+0000] {processor.py:914} INFO - Processing file /home/airflow/.local/lib/python3.12/site-packages/airflow/example_dags/example_branch_operator.py for tasks to queue
[2025-01-26T19:04:13.360+0000] {logging_mixin.py:190} INFO - [2025-01-26T19:04:13.360+0000] {dagbag.py:588} INFO - Filling up the DagBag from /home/airflow/.local/lib/python3.12/site-packages/airflow/example_dags/example_branch_operator.py
[2025-01-26T19:04:13.379+0000] {processor.py:925} INFO - DAG(s) 'example_branch_operator' retrieved from /home/airflow/.local/lib/python3.12/site-packages/airflow/example_dags/example_branch_operator.py
[2025-01-26T19:04:13.413+0000] {logging_mixin.py:190} INFO - [2025-01-26T19:04:13.412+0000] {dag.py:3239} INFO - Sync 1 DAGs
[2025-01-26T19:04:13.443+0000] {logging_mixin.py:190} INFO - [2025-01-26T19:04:13.443+0000] {dag.py:4180} INFO - Setting next_dagrun for example_branch_operator to 2025-01-25 00:00:00+00:00, run_after=2025-01-26 00:00:00+00:00
[2025-01-26T19:04:13.467+0000] {processor.py:208} INFO - Processing /home/airflow/.local/lib/python3.12/site-packages/airflow/example_dags/example_branch_operator.py took 0.116 seconds
[2025-01-26T19:04:44.996+0000] {processor.py:186} INFO - Started process (PID=1649) to work on /home/airflow/.local/lib/python3.12/site-packages/airflow/example_dags/example_branch_operator.py
[2025-01-26T19:04:44.998+0000] {processor.py:914} INFO - Processing file /home/airflow/.local/lib/python3.12/site-packages/airflow/example_dags/example_branch_operator.py for tasks to queue
[2025-01-26T19:04:45.002+0000] {logging_mixin.py:190} INFO - [2025-01-26T19:04:45.001+0000] {dagbag.py:588} INFO - Filling up the DagBag from /home/airflow/.local/lib/python3.12/site-packages/airflow/example_dags/example_branch_operator.py
[2025-01-26T19:04:45.045+0000] {processor.py:925} INFO - DAG(s) 'example_branch_operator' retrieved from /home/airflow/.local/lib/python3.12/site-packages/airflow/example_dags/example_branch_operator.py
[2025-01-26T19:04:45.117+0000] {logging_mixin.py:190} INFO - [2025-01-26T19:04:45.117+0000] {dag.py:3239} INFO - Sync 1 DAGs
[2025-01-26T19:04:45.172+0000] {logging_mixin.py:190} INFO - [2025-01-26T19:04:45.172+0000] {dag.py:4180} INFO - Setting next_dagrun for example_branch_operator to 2025-01-25 00:00:00+00:00, run_after=2025-01-26 00:00:00+00:00
[2025-01-26T19:04:45.208+0000] {processor.py:208} INFO - Processing /home/airflow/.local/lib/python3.12/site-packages/airflow/example_dags/example_branch_operator.py took 0.224 seconds
[2025-01-26T19:05:16.705+0000] {processor.py:186} INFO - Started process (PID=1719) to work on /home/airflow/.local/lib/python3.12/site-packages/airflow/example_dags/example_branch_operator.py
[2025-01-26T19:05:16.706+0000] {processor.py:914} INFO - Processing file /home/airflow/.local/lib/python3.12/site-packages/airflow/example_dags/example_branch_operator.py for tasks to queue
[2025-01-26T19:05:16.709+0000] {logging_mixin.py:190} INFO - [2025-01-26T19:05:16.708+0000] {dagbag.py:588} INFO - Filling up the DagBag from /home/airflow/.local/lib/python3.12/site-packages/airflow/example_dags/example_branch_operator.py
[2025-01-26T19:05:16.730+0000] {processor.py:925} INFO - DAG(s) 'example_branch_operator' retrieved from /home/airflow/.local/lib/python3.12/site-packages/airflow/example_dags/example_branch_operator.py
[2025-01-26T19:05:16.772+0000] {logging_mixin.py:190} INFO - [2025-01-26T19:05:16.772+0000] {dag.py:3239} INFO - Sync 1 DAGs
[2025-01-26T19:05:16.802+0000] {logging_mixin.py:190} INFO - [2025-01-26T19:05:16.801+0000] {dag.py:4180} INFO - Setting next_dagrun for example_branch_operator to 2025-01-25 00:00:00+00:00, run_after=2025-01-26 00:00:00+00:00
[2025-01-26T19:05:16.823+0000] {processor.py:208} INFO - Processing /home/airflow/.local/lib/python3.12/site-packages/airflow/example_dags/example_branch_operator.py took 0.124 seconds
[2025-01-26T19:05:47.890+0000] {processor.py:186} INFO - Started process (PID=1784) to work on /home/airflow/.local/lib/python3.12/site-packages/airflow/example_dags/example_branch_operator.py
[2025-01-26T19:05:47.892+0000] {processor.py:914} INFO - Processing file /home/airflow/.local/lib/python3.12/site-packages/airflow/example_dags/example_branch_operator.py for tasks to queue
[2025-01-26T19:05:47.895+0000] {logging_mixin.py:190} INFO - [2025-01-26T19:05:47.894+0000] {dagbag.py:588} INFO - Filling up the DagBag from /home/airflow/.local/lib/python3.12/site-packages/airflow/example_dags/example_branch_operator.py
[2025-01-26T19:05:47.916+0000] {processor.py:925} INFO - DAG(s) 'example_branch_operator' retrieved from /home/airflow/.local/lib/python3.12/site-packages/airflow/example_dags/example_branch_operator.py
[2025-01-26T19:05:47.952+0000] {logging_mixin.py:190} INFO - [2025-01-26T19:05:47.952+0000] {dag.py:3239} INFO - Sync 1 DAGs
[2025-01-26T19:05:47.985+0000] {logging_mixin.py:190} INFO - [2025-01-26T19:05:47.985+0000] {dag.py:4180} INFO - Setting next_dagrun for example_branch_operator to 2025-01-25 00:00:00+00:00, run_after=2025-01-26 00:00:00+00:00
[2025-01-26T19:05:48.004+0000] {processor.py:208} INFO - Processing /home/airflow/.local/lib/python3.12/site-packages/airflow/example_dags/example_branch_operator.py took 0.121 seconds
[2025-01-26T19:06:19.384+0000] {processor.py:186} INFO - Started process (PID=1849) to work on /home/airflow/.local/lib/python3.12/site-packages/airflow/example_dags/example_branch_operator.py
[2025-01-26T19:06:19.385+0000] {processor.py:914} INFO - Processing file /home/airflow/.local/lib/python3.12/site-packages/airflow/example_dags/example_branch_operator.py for tasks to queue
[2025-01-26T19:06:19.388+0000] {logging_mixin.py:190} INFO - [2025-01-26T19:06:19.388+0000] {dagbag.py:588} INFO - Filling up the DagBag from /home/airflow/.local/lib/python3.12/site-packages/airflow/example_dags/example_branch_operator.py
[2025-01-26T19:06:19.409+0000] {processor.py:925} INFO - DAG(s) 'example_branch_operator' retrieved from /home/airflow/.local/lib/python3.12/site-packages/airflow/example_dags/example_branch_operator.py
[2025-01-26T19:06:19.445+0000] {logging_mixin.py:190} INFO - [2025-01-26T19:06:19.445+0000] {dag.py:3239} INFO - Sync 1 DAGs
[2025-01-26T19:06:19.483+0000] {logging_mixin.py:190} INFO - [2025-01-26T19:06:19.483+0000] {dag.py:4180} INFO - Setting next_dagrun for example_branch_operator to 2025-01-25 00:00:00+00:00, run_after=2025-01-26 00:00:00+00:00
[2025-01-26T19:06:19.507+0000] {processor.py:208} INFO - Processing /home/airflow/.local/lib/python3.12/site-packages/airflow/example_dags/example_branch_operator.py took 0.129 seconds
[2025-01-26T19:06:50.784+0000] {processor.py:186} INFO - Started process (PID=1914) to work on /home/airflow/.local/lib/python3.12/site-packages/airflow/example_dags/example_branch_operator.py
[2025-01-26T19:06:50.785+0000] {processor.py:914} INFO - Processing file /home/airflow/.local/lib/python3.12/site-packages/airflow/example_dags/example_branch_operator.py for tasks to queue
[2025-01-26T19:06:50.788+0000] {logging_mixin.py:190} INFO - [2025-01-26T19:06:50.787+0000] {dagbag.py:588} INFO - Filling up the DagBag from /home/airflow/.local/lib/python3.12/site-packages/airflow/example_dags/example_branch_operator.py
[2025-01-26T19:06:50.819+0000] {processor.py:925} INFO - DAG(s) 'example_branch_operator' retrieved from /home/airflow/.local/lib/python3.12/site-packages/airflow/example_dags/example_branch_operator.py
[2025-01-26T19:06:50.864+0000] {logging_mixin.py:190} INFO - [2025-01-26T19:06:50.864+0000] {dag.py:3239} INFO - Sync 1 DAGs
[2025-01-26T19:06:50.915+0000] {logging_mixin.py:190} INFO - [2025-01-26T19:06:50.915+0000] {dag.py:4180} INFO - Setting next_dagrun for example_branch_operator to 2025-01-25 00:00:00+00:00, run_after=2025-01-26 00:00:00+00:00
[2025-01-26T19:06:50.948+0000] {processor.py:208} INFO - Processing /home/airflow/.local/lib/python3.12/site-packages/airflow/example_dags/example_branch_operator.py took 0.173 seconds
[2025-01-26T19:07:22.289+0000] {processor.py:186} INFO - Started process (PID=1979) to work on /home/airflow/.local/lib/python3.12/site-packages/airflow/example_dags/example_branch_operator.py
[2025-01-26T19:07:22.291+0000] {processor.py:914} INFO - Processing file /home/airflow/.local/lib/python3.12/site-packages/airflow/example_dags/example_branch_operator.py for tasks to queue
[2025-01-26T19:07:22.294+0000] {logging_mixin.py:190} INFO - [2025-01-26T19:07:22.293+0000] {dagbag.py:588} INFO - Filling up the DagBag from /home/airflow/.local/lib/python3.12/site-packages/airflow/example_dags/example_branch_operator.py
[2025-01-26T19:07:22.326+0000] {processor.py:925} INFO - DAG(s) 'example_branch_operator' retrieved from /home/airflow/.local/lib/python3.12/site-packages/airflow/example_dags/example_branch_operator.py
[2025-01-26T19:07:22.375+0000] {logging_mixin.py:190} INFO - [2025-01-26T19:07:22.374+0000] {dag.py:3239} INFO - Sync 1 DAGs
[2025-01-26T19:07:22.409+0000] {logging_mixin.py:190} INFO - [2025-01-26T19:07:22.409+0000] {dag.py:4180} INFO - Setting next_dagrun for example_branch_operator to 2025-01-25 00:00:00+00:00, run_after=2025-01-26 00:00:00+00:00
[2025-01-26T19:07:22.435+0000] {processor.py:208} INFO - Processing /home/airflow/.local/lib/python3.12/site-packages/airflow/example_dags/example_branch_operator.py took 0.153 seconds
[2025-01-26T19:07:53.327+0000] {processor.py:186} INFO - Started process (PID=2045) to work on /home/airflow/.local/lib/python3.12/site-packages/airflow/example_dags/example_branch_operator.py
[2025-01-26T19:07:53.329+0000] {processor.py:914} INFO - Processing file /home/airflow/.local/lib/python3.12/site-packages/airflow/example_dags/example_branch_operator.py for tasks to queue
[2025-01-26T19:07:53.333+0000] {logging_mixin.py:190} INFO - [2025-01-26T19:07:53.332+0000] {dagbag.py:588} INFO - Filling up the DagBag from /home/airflow/.local/lib/python3.12/site-packages/airflow/example_dags/example_branch_operator.py
[2025-01-26T19:07:53.362+0000] {processor.py:925} INFO - DAG(s) 'example_branch_operator' retrieved from /home/airflow/.local/lib/python3.12/site-packages/airflow/example_dags/example_branch_operator.py
[2025-01-26T19:07:53.402+0000] {logging_mixin.py:190} INFO - [2025-01-26T19:07:53.401+0000] {dag.py:3239} INFO - Sync 1 DAGs
[2025-01-26T19:07:53.434+0000] {logging_mixin.py:190} INFO - [2025-01-26T19:07:53.433+0000] {dag.py:4180} INFO - Setting next_dagrun for example_branch_operator to 2025-01-25 00:00:00+00:00, run_after=2025-01-26 00:00:00+00:00
[2025-01-26T19:07:53.456+0000] {processor.py:208} INFO - Processing /home/airflow/.local/lib/python3.12/site-packages/airflow/example_dags/example_branch_operator.py took 0.138 seconds
[2025-01-26T19:08:24.454+0000] {processor.py:186} INFO - Started process (PID=2110) to work on /home/airflow/.local/lib/python3.12/site-packages/airflow/example_dags/example_branch_operator.py
[2025-01-26T19:08:24.458+0000] {processor.py:914} INFO - Processing file /home/airflow/.local/lib/python3.12/site-packages/airflow/example_dags/example_branch_operator.py for tasks to queue
[2025-01-26T19:08:24.461+0000] {logging_mixin.py:190} INFO - [2025-01-26T19:08:24.460+0000] {dagbag.py:588} INFO - Filling up the DagBag from /home/airflow/.local/lib/python3.12/site-packages/airflow/example_dags/example_branch_operator.py
[2025-01-26T19:08:24.500+0000] {processor.py:925} INFO - DAG(s) 'example_branch_operator' retrieved from /home/airflow/.local/lib/python3.12/site-packages/airflow/example_dags/example_branch_operator.py
[2025-01-26T19:08:24.542+0000] {logging_mixin.py:190} INFO - [2025-01-26T19:08:24.541+0000] {dag.py:3239} INFO - Sync 1 DAGs
[2025-01-26T19:08:24.580+0000] {logging_mixin.py:190} INFO - [2025-01-26T19:08:24.580+0000] {dag.py:4180} INFO - Setting next_dagrun for example_branch_operator to 2025-01-25 00:00:00+00:00, run_after=2025-01-26 00:00:00+00:00
[2025-01-26T19:08:24.611+0000] {processor.py:208} INFO - Processing /home/airflow/.local/lib/python3.12/site-packages/airflow/example_dags/example_branch_operator.py took 0.166 seconds
[2025-01-26T19:08:56.102+0000] {processor.py:186} INFO - Started process (PID=2176) to work on /home/airflow/.local/lib/python3.12/site-packages/airflow/example_dags/example_branch_operator.py
[2025-01-26T19:08:56.103+0000] {processor.py:914} INFO - Processing file /home/airflow/.local/lib/python3.12/site-packages/airflow/example_dags/example_branch_operator.py for tasks to queue
[2025-01-26T19:08:56.105+0000] {logging_mixin.py:190} INFO - [2025-01-26T19:08:56.105+0000] {dagbag.py:588} INFO - Filling up the DagBag from /home/airflow/.local/lib/python3.12/site-packages/airflow/example_dags/example_branch_operator.py
[2025-01-26T19:08:56.127+0000] {processor.py:925} INFO - DAG(s) 'example_branch_operator' retrieved from /home/airflow/.local/lib/python3.12/site-packages/airflow/example_dags/example_branch_operator.py
[2025-01-26T19:08:56.157+0000] {logging_mixin.py:190} INFO - [2025-01-26T19:08:56.156+0000] {dag.py:3239} INFO - Sync 1 DAGs
[2025-01-26T19:08:56.185+0000] {logging_mixin.py:190} INFO - [2025-01-26T19:08:56.185+0000] {dag.py:4180} INFO - Setting next_dagrun for example_branch_operator to 2025-01-25 00:00:00+00:00, run_after=2025-01-26 00:00:00+00:00
[2025-01-26T19:08:56.204+0000] {processor.py:208} INFO - Processing /home/airflow/.local/lib/python3.12/site-packages/airflow/example_dags/example_branch_operator.py took 0.109 seconds
[2025-01-26T19:10:10.069+0000] {processor.py:186} INFO - Started process (PID=82) to work on /home/airflow/.local/lib/python3.12/site-packages/airflow/example_dags/example_branch_operator.py
[2025-01-26T19:10:10.070+0000] {processor.py:914} INFO - Processing file /home/airflow/.local/lib/python3.12/site-packages/airflow/example_dags/example_branch_operator.py for tasks to queue
[2025-01-26T19:10:10.072+0000] {logging_mixin.py:190} INFO - [2025-01-26T19:10:10.072+0000] {dagbag.py:588} INFO - Filling up the DagBag from /home/airflow/.local/lib/python3.12/site-packages/airflow/example_dags/example_branch_operator.py
[2025-01-26T19:10:10.093+0000] {processor.py:925} INFO - DAG(s) 'example_branch_operator' retrieved from /home/airflow/.local/lib/python3.12/site-packages/airflow/example_dags/example_branch_operator.py
[2025-01-26T19:10:10.262+0000] {logging_mixin.py:190} INFO - [2025-01-26T19:10:10.262+0000] {dag.py:3239} INFO - Sync 1 DAGs
[2025-01-26T19:10:10.287+0000] {logging_mixin.py:190} INFO - [2025-01-26T19:10:10.287+0000] {dag.py:4180} INFO - Setting next_dagrun for example_branch_operator to 2025-01-25 00:00:00+00:00, run_after=2025-01-26 00:00:00+00:00
[2025-01-26T19:10:10.308+0000] {processor.py:208} INFO - Processing /home/airflow/.local/lib/python3.12/site-packages/airflow/example_dags/example_branch_operator.py took 0.245 seconds
[2025-01-26T19:10:41.585+0000] {processor.py:186} INFO - Started process (PID=148) to work on /home/airflow/.local/lib/python3.12/site-packages/airflow/example_dags/example_branch_operator.py
[2025-01-26T19:10:41.586+0000] {processor.py:914} INFO - Processing file /home/airflow/.local/lib/python3.12/site-packages/airflow/example_dags/example_branch_operator.py for tasks to queue
[2025-01-26T19:10:41.588+0000] {logging_mixin.py:190} INFO - [2025-01-26T19:10:41.588+0000] {dagbag.py:588} INFO - Filling up the DagBag from /home/airflow/.local/lib/python3.12/site-packages/airflow/example_dags/example_branch_operator.py
[2025-01-26T19:10:41.606+0000] {processor.py:925} INFO - DAG(s) 'example_branch_operator' retrieved from /home/airflow/.local/lib/python3.12/site-packages/airflow/example_dags/example_branch_operator.py
[2025-01-26T19:10:41.637+0000] {logging_mixin.py:190} INFO - [2025-01-26T19:10:41.637+0000] {dag.py:3239} INFO - Sync 1 DAGs
[2025-01-26T19:10:41.664+0000] {logging_mixin.py:190} INFO - [2025-01-26T19:10:41.664+0000] {dag.py:4180} INFO - Setting next_dagrun for example_branch_operator to 2025-01-25 00:00:00+00:00, run_after=2025-01-26 00:00:00+00:00
[2025-01-26T19:10:41.685+0000] {processor.py:208} INFO - Processing /home/airflow/.local/lib/python3.12/site-packages/airflow/example_dags/example_branch_operator.py took 0.106 seconds
[2025-01-26T19:11:12.479+0000] {processor.py:186} INFO - Started process (PID=213) to work on /home/airflow/.local/lib/python3.12/site-packages/airflow/example_dags/example_branch_operator.py
[2025-01-26T19:11:12.480+0000] {processor.py:914} INFO - Processing file /home/airflow/.local/lib/python3.12/site-packages/airflow/example_dags/example_branch_operator.py for tasks to queue
[2025-01-26T19:11:12.482+0000] {logging_mixin.py:190} INFO - [2025-01-26T19:11:12.482+0000] {dagbag.py:588} INFO - Filling up the DagBag from /home/airflow/.local/lib/python3.12/site-packages/airflow/example_dags/example_branch_operator.py
[2025-01-26T19:11:12.505+0000] {processor.py:925} INFO - DAG(s) 'example_branch_operator' retrieved from /home/airflow/.local/lib/python3.12/site-packages/airflow/example_dags/example_branch_operator.py
[2025-01-26T19:11:12.549+0000] {logging_mixin.py:190} INFO - [2025-01-26T19:11:12.548+0000] {dag.py:3239} INFO - Sync 1 DAGs
[2025-01-26T19:11:12.582+0000] {logging_mixin.py:190} INFO - [2025-01-26T19:11:12.582+0000] {dag.py:4180} INFO - Setting next_dagrun for example_branch_operator to 2025-01-25 00:00:00+00:00, run_after=2025-01-26 00:00:00+00:00
[2025-01-26T19:11:12.604+0000] {processor.py:208} INFO - Processing /home/airflow/.local/lib/python3.12/site-packages/airflow/example_dags/example_branch_operator.py took 0.131 seconds
[2025-01-26T19:11:44.751+0000] {processor.py:186} INFO - Started process (PID=284) to work on /home/airflow/.local/lib/python3.12/site-packages/airflow/example_dags/example_branch_operator.py
[2025-01-26T19:11:44.754+0000] {processor.py:914} INFO - Processing file /home/airflow/.local/lib/python3.12/site-packages/airflow/example_dags/example_branch_operator.py for tasks to queue
[2025-01-26T19:11:44.757+0000] {logging_mixin.py:190} INFO - [2025-01-26T19:11:44.757+0000] {dagbag.py:588} INFO - Filling up the DagBag from /home/airflow/.local/lib/python3.12/site-packages/airflow/example_dags/example_branch_operator.py
[2025-01-26T19:11:44.784+0000] {processor.py:925} INFO - DAG(s) 'example_branch_operator' retrieved from /home/airflow/.local/lib/python3.12/site-packages/airflow/example_dags/example_branch_operator.py
[2025-01-26T19:11:44.826+0000] {logging_mixin.py:190} INFO - [2025-01-26T19:11:44.826+0000] {dag.py:3239} INFO - Sync 1 DAGs
[2025-01-26T19:11:44.875+0000] {logging_mixin.py:190} INFO - [2025-01-26T19:11:44.874+0000] {dag.py:4180} INFO - Setting next_dagrun for example_branch_operator to 2025-01-25 00:00:00+00:00, run_after=2025-01-26 00:00:00+00:00
[2025-01-26T19:11:44.899+0000] {processor.py:208} INFO - Processing /home/airflow/.local/lib/python3.12/site-packages/airflow/example_dags/example_branch_operator.py took 0.155 seconds
[2025-01-26T19:12:15.909+0000] {processor.py:186} INFO - Started process (PID=350) to work on /home/airflow/.local/lib/python3.12/site-packages/airflow/example_dags/example_branch_operator.py
[2025-01-26T19:12:15.910+0000] {processor.py:914} INFO - Processing file /home/airflow/.local/lib/python3.12/site-packages/airflow/example_dags/example_branch_operator.py for tasks to queue
[2025-01-26T19:12:15.912+0000] {logging_mixin.py:190} INFO - [2025-01-26T19:12:15.912+0000] {dagbag.py:588} INFO - Filling up the DagBag from /home/airflow/.local/lib/python3.12/site-packages/airflow/example_dags/example_branch_operator.py
[2025-01-26T19:12:15.930+0000] {processor.py:925} INFO - DAG(s) 'example_branch_operator' retrieved from /home/airflow/.local/lib/python3.12/site-packages/airflow/example_dags/example_branch_operator.py
[2025-01-26T19:12:15.957+0000] {logging_mixin.py:190} INFO - [2025-01-26T19:12:15.957+0000] {dag.py:3239} INFO - Sync 1 DAGs
[2025-01-26T19:12:15.981+0000] {logging_mixin.py:190} INFO - [2025-01-26T19:12:15.981+0000] {dag.py:4180} INFO - Setting next_dagrun for example_branch_operator to 2025-01-25 00:00:00+00:00, run_after=2025-01-26 00:00:00+00:00
[2025-01-26T19:12:15.999+0000] {processor.py:208} INFO - Processing /home/airflow/.local/lib/python3.12/site-packages/airflow/example_dags/example_branch_operator.py took 0.095 seconds
[2025-01-26T19:12:47.395+0000] {processor.py:186} INFO - Started process (PID=416) to work on /home/airflow/.local/lib/python3.12/site-packages/airflow/example_dags/example_branch_operator.py
[2025-01-26T19:12:47.396+0000] {processor.py:914} INFO - Processing file /home/airflow/.local/lib/python3.12/site-packages/airflow/example_dags/example_branch_operator.py for tasks to queue
[2025-01-26T19:12:47.398+0000] {logging_mixin.py:190} INFO - [2025-01-26T19:12:47.398+0000] {dagbag.py:588} INFO - Filling up the DagBag from /home/airflow/.local/lib/python3.12/site-packages/airflow/example_dags/example_branch_operator.py
[2025-01-26T19:12:47.415+0000] {processor.py:925} INFO - DAG(s) 'example_branch_operator' retrieved from /home/airflow/.local/lib/python3.12/site-packages/airflow/example_dags/example_branch_operator.py
[2025-01-26T19:12:47.439+0000] {logging_mixin.py:190} INFO - [2025-01-26T19:12:47.439+0000] {dag.py:3239} INFO - Sync 1 DAGs
[2025-01-26T19:12:47.464+0000] {logging_mixin.py:190} INFO - [2025-01-26T19:12:47.463+0000] {dag.py:4180} INFO - Setting next_dagrun for example_branch_operator to 2025-01-25 00:00:00+00:00, run_after=2025-01-26 00:00:00+00:00
[2025-01-26T19:12:47.484+0000] {processor.py:208} INFO - Processing /home/airflow/.local/lib/python3.12/site-packages/airflow/example_dags/example_branch_operator.py took 0.095 seconds
[2025-01-26T19:13:18.261+0000] {processor.py:186} INFO - Started process (PID=482) to work on /home/airflow/.local/lib/python3.12/site-packages/airflow/example_dags/example_branch_operator.py
[2025-01-26T19:13:18.262+0000] {processor.py:914} INFO - Processing file /home/airflow/.local/lib/python3.12/site-packages/airflow/example_dags/example_branch_operator.py for tasks to queue
[2025-01-26T19:13:18.265+0000] {logging_mixin.py:190} INFO - [2025-01-26T19:13:18.264+0000] {dagbag.py:588} INFO - Filling up the DagBag from /home/airflow/.local/lib/python3.12/site-packages/airflow/example_dags/example_branch_operator.py
[2025-01-26T19:13:18.284+0000] {processor.py:925} INFO - DAG(s) 'example_branch_operator' retrieved from /home/airflow/.local/lib/python3.12/site-packages/airflow/example_dags/example_branch_operator.py
[2025-01-26T19:13:18.319+0000] {logging_mixin.py:190} INFO - [2025-01-26T19:13:18.318+0000] {dag.py:3239} INFO - Sync 1 DAGs
[2025-01-26T19:13:18.344+0000] {logging_mixin.py:190} INFO - [2025-01-26T19:13:18.344+0000] {dag.py:4180} INFO - Setting next_dagrun for example_branch_operator to 2025-01-25 00:00:00+00:00, run_after=2025-01-26 00:00:00+00:00
[2025-01-26T19:13:18.365+0000] {processor.py:208} INFO - Processing /home/airflow/.local/lib/python3.12/site-packages/airflow/example_dags/example_branch_operator.py took 0.110 seconds
[2025-01-26T19:13:49.588+0000] {processor.py:186} INFO - Started process (PID=547) to work on /home/airflow/.local/lib/python3.12/site-packages/airflow/example_dags/example_branch_operator.py
[2025-01-26T19:13:49.590+0000] {processor.py:914} INFO - Processing file /home/airflow/.local/lib/python3.12/site-packages/airflow/example_dags/example_branch_operator.py for tasks to queue
[2025-01-26T19:13:49.594+0000] {logging_mixin.py:190} INFO - [2025-01-26T19:13:49.594+0000] {dagbag.py:588} INFO - Filling up the DagBag from /home/airflow/.local/lib/python3.12/site-packages/airflow/example_dags/example_branch_operator.py
[2025-01-26T19:13:49.623+0000] {processor.py:925} INFO - DAG(s) 'example_branch_operator' retrieved from /home/airflow/.local/lib/python3.12/site-packages/airflow/example_dags/example_branch_operator.py
[2025-01-26T19:13:49.661+0000] {logging_mixin.py:190} INFO - [2025-01-26T19:13:49.661+0000] {dag.py:3239} INFO - Sync 1 DAGs
[2025-01-26T19:13:49.693+0000] {logging_mixin.py:190} INFO - [2025-01-26T19:13:49.693+0000] {dag.py:4180} INFO - Setting next_dagrun for example_branch_operator to 2025-01-25 00:00:00+00:00, run_after=2025-01-26 00:00:00+00:00
[2025-01-26T19:13:49.715+0000] {processor.py:208} INFO - Processing /home/airflow/.local/lib/python3.12/site-packages/airflow/example_dags/example_branch_operator.py took 0.135 seconds
[2025-01-26T19:14:21.204+0000] {processor.py:186} INFO - Started process (PID=611) to work on /home/airflow/.local/lib/python3.12/site-packages/airflow/example_dags/example_branch_operator.py
[2025-01-26T19:14:21.205+0000] {processor.py:914} INFO - Processing file /home/airflow/.local/lib/python3.12/site-packages/airflow/example_dags/example_branch_operator.py for tasks to queue
[2025-01-26T19:14:21.208+0000] {logging_mixin.py:190} INFO - [2025-01-26T19:14:21.208+0000] {dagbag.py:588} INFO - Filling up the DagBag from /home/airflow/.local/lib/python3.12/site-packages/airflow/example_dags/example_branch_operator.py
[2025-01-26T19:14:21.235+0000] {processor.py:925} INFO - DAG(s) 'example_branch_operator' retrieved from /home/airflow/.local/lib/python3.12/site-packages/airflow/example_dags/example_branch_operator.py
[2025-01-26T19:14:21.275+0000] {logging_mixin.py:190} INFO - [2025-01-26T19:14:21.275+0000] {dag.py:3239} INFO - Sync 1 DAGs
[2025-01-26T19:14:21.308+0000] {logging_mixin.py:190} INFO - [2025-01-26T19:14:21.308+0000] {dag.py:4180} INFO - Setting next_dagrun for example_branch_operator to 2025-01-25 00:00:00+00:00, run_after=2025-01-26 00:00:00+00:00
[2025-01-26T19:14:21.359+0000] {processor.py:208} INFO - Processing /home/airflow/.local/lib/python3.12/site-packages/airflow/example_dags/example_branch_operator.py took 0.164 seconds
[2025-01-26T19:14:53.460+0000] {processor.py:186} INFO - Started process (PID=676) to work on /home/airflow/.local/lib/python3.12/site-packages/airflow/example_dags/example_branch_operator.py
[2025-01-26T19:14:53.461+0000] {processor.py:914} INFO - Processing file /home/airflow/.local/lib/python3.12/site-packages/airflow/example_dags/example_branch_operator.py for tasks to queue
[2025-01-26T19:14:53.464+0000] {logging_mixin.py:190} INFO - [2025-01-26T19:14:53.464+0000] {dagbag.py:588} INFO - Filling up the DagBag from /home/airflow/.local/lib/python3.12/site-packages/airflow/example_dags/example_branch_operator.py
[2025-01-26T19:14:53.494+0000] {processor.py:925} INFO - DAG(s) 'example_branch_operator' retrieved from /home/airflow/.local/lib/python3.12/site-packages/airflow/example_dags/example_branch_operator.py
[2025-01-26T19:14:53.527+0000] {logging_mixin.py:190} INFO - [2025-01-26T19:14:53.526+0000] {dag.py:3239} INFO - Sync 1 DAGs
[2025-01-26T19:14:53.559+0000] {logging_mixin.py:190} INFO - [2025-01-26T19:14:53.559+0000] {dag.py:4180} INFO - Setting next_dagrun for example_branch_operator to 2025-01-25 00:00:00+00:00, run_after=2025-01-26 00:00:00+00:00
[2025-01-26T19:14:53.581+0000] {processor.py:208} INFO - Processing /home/airflow/.local/lib/python3.12/site-packages/airflow/example_dags/example_branch_operator.py took 0.128 seconds
[2025-01-26T19:15:24.684+0000] {processor.py:186} INFO - Started process (PID=741) to work on /home/airflow/.local/lib/python3.12/site-packages/airflow/example_dags/example_branch_operator.py
[2025-01-26T19:15:24.685+0000] {processor.py:914} INFO - Processing file /home/airflow/.local/lib/python3.12/site-packages/airflow/example_dags/example_branch_operator.py for tasks to queue
[2025-01-26T19:15:24.688+0000] {logging_mixin.py:190} INFO - [2025-01-26T19:15:24.688+0000] {dagbag.py:588} INFO - Filling up the DagBag from /home/airflow/.local/lib/python3.12/site-packages/airflow/example_dags/example_branch_operator.py
[2025-01-26T19:15:24.711+0000] {processor.py:925} INFO - DAG(s) 'example_branch_operator' retrieved from /home/airflow/.local/lib/python3.12/site-packages/airflow/example_dags/example_branch_operator.py
[2025-01-26T19:15:24.770+0000] {logging_mixin.py:190} INFO - [2025-01-26T19:15:24.770+0000] {dag.py:3239} INFO - Sync 1 DAGs
[2025-01-26T19:15:24.812+0000] {logging_mixin.py:190} INFO - [2025-01-26T19:15:24.812+0000] {dag.py:4180} INFO - Setting next_dagrun for example_branch_operator to 2025-01-25 00:00:00+00:00, run_after=2025-01-26 00:00:00+00:00
[2025-01-26T19:15:24.840+0000] {processor.py:208} INFO - Processing /home/airflow/.local/lib/python3.12/site-packages/airflow/example_dags/example_branch_operator.py took 0.165 seconds
[2025-01-26T19:15:55.927+0000] {processor.py:186} INFO - Started process (PID=807) to work on /home/airflow/.local/lib/python3.12/site-packages/airflow/example_dags/example_branch_operator.py
[2025-01-26T19:15:55.928+0000] {processor.py:914} INFO - Processing file /home/airflow/.local/lib/python3.12/site-packages/airflow/example_dags/example_branch_operator.py for tasks to queue
[2025-01-26T19:15:55.932+0000] {logging_mixin.py:190} INFO - [2025-01-26T19:15:55.931+0000] {dagbag.py:588} INFO - Filling up the DagBag from /home/airflow/.local/lib/python3.12/site-packages/airflow/example_dags/example_branch_operator.py
[2025-01-26T19:15:55.966+0000] {processor.py:925} INFO - DAG(s) 'example_branch_operator' retrieved from /home/airflow/.local/lib/python3.12/site-packages/airflow/example_dags/example_branch_operator.py
[2025-01-26T19:15:56.000+0000] {logging_mixin.py:190} INFO - [2025-01-26T19:15:55.999+0000] {dag.py:3239} INFO - Sync 1 DAGs
[2025-01-26T19:15:56.029+0000] {logging_mixin.py:190} INFO - [2025-01-26T19:15:56.029+0000] {dag.py:4180} INFO - Setting next_dagrun for example_branch_operator to 2025-01-25 00:00:00+00:00, run_after=2025-01-26 00:00:00+00:00
[2025-01-26T19:15:56.049+0000] {processor.py:208} INFO - Processing /home/airflow/.local/lib/python3.12/site-packages/airflow/example_dags/example_branch_operator.py took 0.129 seconds
[2025-01-26T19:16:27.501+0000] {processor.py:186} INFO - Started process (PID=872) to work on /home/airflow/.local/lib/python3.12/site-packages/airflow/example_dags/example_branch_operator.py
[2025-01-26T19:16:27.502+0000] {processor.py:914} INFO - Processing file /home/airflow/.local/lib/python3.12/site-packages/airflow/example_dags/example_branch_operator.py for tasks to queue
[2025-01-26T19:16:27.504+0000] {logging_mixin.py:190} INFO - [2025-01-26T19:16:27.504+0000] {dagbag.py:588} INFO - Filling up the DagBag from /home/airflow/.local/lib/python3.12/site-packages/airflow/example_dags/example_branch_operator.py
[2025-01-26T19:16:27.524+0000] {processor.py:925} INFO - DAG(s) 'example_branch_operator' retrieved from /home/airflow/.local/lib/python3.12/site-packages/airflow/example_dags/example_branch_operator.py
[2025-01-26T19:16:27.556+0000] {logging_mixin.py:190} INFO - [2025-01-26T19:16:27.555+0000] {dag.py:3239} INFO - Sync 1 DAGs
[2025-01-26T19:16:27.583+0000] {logging_mixin.py:190} INFO - [2025-01-26T19:16:27.583+0000] {dag.py:4180} INFO - Setting next_dagrun for example_branch_operator to 2025-01-25 00:00:00+00:00, run_after=2025-01-26 00:00:00+00:00
[2025-01-26T19:16:27.603+0000] {processor.py:208} INFO - Processing /home/airflow/.local/lib/python3.12/site-packages/airflow/example_dags/example_branch_operator.py took 0.109 seconds
[2025-01-26T19:16:59.234+0000] {processor.py:186} INFO - Started process (PID=937) to work on /home/airflow/.local/lib/python3.12/site-packages/airflow/example_dags/example_branch_operator.py
[2025-01-26T19:16:59.235+0000] {processor.py:914} INFO - Processing file /home/airflow/.local/lib/python3.12/site-packages/airflow/example_dags/example_branch_operator.py for tasks to queue
[2025-01-26T19:16:59.238+0000] {logging_mixin.py:190} INFO - [2025-01-26T19:16:59.238+0000] {dagbag.py:588} INFO - Filling up the DagBag from /home/airflow/.local/lib/python3.12/site-packages/airflow/example_dags/example_branch_operator.py
[2025-01-26T19:16:59.263+0000] {processor.py:925} INFO - DAG(s) 'example_branch_operator' retrieved from /home/airflow/.local/lib/python3.12/site-packages/airflow/example_dags/example_branch_operator.py
[2025-01-26T19:16:59.295+0000] {logging_mixin.py:190} INFO - [2025-01-26T19:16:59.294+0000] {dag.py:3239} INFO - Sync 1 DAGs
[2025-01-26T19:16:59.325+0000] {logging_mixin.py:190} INFO - [2025-01-26T19:16:59.324+0000] {dag.py:4180} INFO - Setting next_dagrun for example_branch_operator to 2025-01-25 00:00:00+00:00, run_after=2025-01-26 00:00:00+00:00
[2025-01-26T19:16:59.346+0000] {processor.py:208} INFO - Processing /home/airflow/.local/lib/python3.12/site-packages/airflow/example_dags/example_branch_operator.py took 0.118 seconds
[2025-01-26T19:18:38.326+0000] {processor.py:186} INFO - Started process (PID=81) to work on /home/airflow/.local/lib/python3.12/site-packages/airflow/example_dags/example_branch_operator.py
[2025-01-26T19:18:38.327+0000] {processor.py:914} INFO - Processing file /home/airflow/.local/lib/python3.12/site-packages/airflow/example_dags/example_branch_operator.py for tasks to queue
[2025-01-26T19:18:38.333+0000] {logging_mixin.py:190} INFO - [2025-01-26T19:18:38.332+0000] {dagbag.py:588} INFO - Filling up the DagBag from /home/airflow/.local/lib/python3.12/site-packages/airflow/example_dags/example_branch_operator.py
[2025-01-26T19:18:38.360+0000] {processor.py:925} INFO - DAG(s) 'example_branch_operator' retrieved from /home/airflow/.local/lib/python3.12/site-packages/airflow/example_dags/example_branch_operator.py
[2025-01-26T19:18:38.566+0000] {logging_mixin.py:190} INFO - [2025-01-26T19:18:38.566+0000] {dag.py:3239} INFO - Sync 1 DAGs
[2025-01-26T19:18:38.609+0000] {logging_mixin.py:190} INFO - [2025-01-26T19:18:38.608+0000] {dag.py:4180} INFO - Setting next_dagrun for example_branch_operator to 2025-01-25 00:00:00+00:00, run_after=2025-01-26 00:00:00+00:00
[2025-01-26T19:18:38.655+0000] {processor.py:208} INFO - Processing /home/airflow/.local/lib/python3.12/site-packages/airflow/example_dags/example_branch_operator.py took 0.335 seconds
[2025-01-26T19:19:11.074+0000] {processor.py:186} INFO - Started process (PID=151) to work on /home/airflow/.local/lib/python3.12/site-packages/airflow/example_dags/example_branch_operator.py
[2025-01-26T19:19:11.081+0000] {processor.py:914} INFO - Processing file /home/airflow/.local/lib/python3.12/site-packages/airflow/example_dags/example_branch_operator.py for tasks to queue
[2025-01-26T19:19:11.086+0000] {logging_mixin.py:190} INFO - [2025-01-26T19:19:11.086+0000] {dagbag.py:588} INFO - Filling up the DagBag from /home/airflow/.local/lib/python3.12/site-packages/airflow/example_dags/example_branch_operator.py
[2025-01-26T19:19:11.138+0000] {processor.py:925} INFO - DAG(s) 'example_branch_operator' retrieved from /home/airflow/.local/lib/python3.12/site-packages/airflow/example_dags/example_branch_operator.py
[2025-01-26T19:19:11.238+0000] {logging_mixin.py:190} INFO - [2025-01-26T19:19:11.238+0000] {dag.py:3239} INFO - Sync 1 DAGs
[2025-01-26T19:19:11.281+0000] {logging_mixin.py:190} INFO - [2025-01-26T19:19:11.279+0000] {dag.py:4180} INFO - Setting next_dagrun for example_branch_operator to 2025-01-25 00:00:00+00:00, run_after=2025-01-26 00:00:00+00:00
[2025-01-26T19:19:11.310+0000] {processor.py:208} INFO - Processing /home/airflow/.local/lib/python3.12/site-packages/airflow/example_dags/example_branch_operator.py took 0.261 seconds
[2025-01-26T19:19:41.707+0000] {processor.py:186} INFO - Started process (PID=215) to work on /home/airflow/.local/lib/python3.12/site-packages/airflow/example_dags/example_branch_operator.py
[2025-01-26T19:19:41.708+0000] {processor.py:914} INFO - Processing file /home/airflow/.local/lib/python3.12/site-packages/airflow/example_dags/example_branch_operator.py for tasks to queue
[2025-01-26T19:19:41.711+0000] {logging_mixin.py:190} INFO - [2025-01-26T19:19:41.710+0000] {dagbag.py:588} INFO - Filling up the DagBag from /home/airflow/.local/lib/python3.12/site-packages/airflow/example_dags/example_branch_operator.py
[2025-01-26T19:19:41.735+0000] {processor.py:925} INFO - DAG(s) 'example_branch_operator' retrieved from /home/airflow/.local/lib/python3.12/site-packages/airflow/example_dags/example_branch_operator.py
[2025-01-26T19:19:41.766+0000] {logging_mixin.py:190} INFO - [2025-01-26T19:19:41.766+0000] {dag.py:3239} INFO - Sync 1 DAGs
[2025-01-26T19:19:41.794+0000] {logging_mixin.py:190} INFO - [2025-01-26T19:19:41.794+0000] {dag.py:4180} INFO - Setting next_dagrun for example_branch_operator to 2025-01-25 00:00:00+00:00, run_after=2025-01-26 00:00:00+00:00
[2025-01-26T19:19:41.815+0000] {processor.py:208} INFO - Processing /home/airflow/.local/lib/python3.12/site-packages/airflow/example_dags/example_branch_operator.py took 0.115 seconds
[2025-01-26T19:20:12.506+0000] {processor.py:186} INFO - Started process (PID=280) to work on /home/airflow/.local/lib/python3.12/site-packages/airflow/example_dags/example_branch_operator.py
[2025-01-26T19:20:12.507+0000] {processor.py:914} INFO - Processing file /home/airflow/.local/lib/python3.12/site-packages/airflow/example_dags/example_branch_operator.py for tasks to queue
[2025-01-26T19:20:12.510+0000] {logging_mixin.py:190} INFO - [2025-01-26T19:20:12.509+0000] {dagbag.py:588} INFO - Filling up the DagBag from /home/airflow/.local/lib/python3.12/site-packages/airflow/example_dags/example_branch_operator.py
[2025-01-26T19:20:12.536+0000] {processor.py:925} INFO - DAG(s) 'example_branch_operator' retrieved from /home/airflow/.local/lib/python3.12/site-packages/airflow/example_dags/example_branch_operator.py
[2025-01-26T19:20:12.572+0000] {logging_mixin.py:190} INFO - [2025-01-26T19:20:12.571+0000] {dag.py:3239} INFO - Sync 1 DAGs
[2025-01-26T19:20:12.604+0000] {logging_mixin.py:190} INFO - [2025-01-26T19:20:12.604+0000] {dag.py:4180} INFO - Setting next_dagrun for example_branch_operator to 2025-01-25 00:00:00+00:00, run_after=2025-01-26 00:00:00+00:00
[2025-01-26T19:20:12.628+0000] {processor.py:208} INFO - Processing /home/airflow/.local/lib/python3.12/site-packages/airflow/example_dags/example_branch_operator.py took 0.129 seconds
[2025-01-26T19:20:43.539+0000] {processor.py:186} INFO - Started process (PID=345) to work on /home/airflow/.local/lib/python3.12/site-packages/airflow/example_dags/example_branch_operator.py
[2025-01-26T19:20:43.540+0000] {processor.py:914} INFO - Processing file /home/airflow/.local/lib/python3.12/site-packages/airflow/example_dags/example_branch_operator.py for tasks to queue
[2025-01-26T19:20:43.543+0000] {logging_mixin.py:190} INFO - [2025-01-26T19:20:43.542+0000] {dagbag.py:588} INFO - Filling up the DagBag from /home/airflow/.local/lib/python3.12/site-packages/airflow/example_dags/example_branch_operator.py
[2025-01-26T19:20:43.566+0000] {processor.py:925} INFO - DAG(s) 'example_branch_operator' retrieved from /home/airflow/.local/lib/python3.12/site-packages/airflow/example_dags/example_branch_operator.py
[2025-01-26T19:20:43.595+0000] {logging_mixin.py:190} INFO - [2025-01-26T19:20:43.594+0000] {dag.py:3239} INFO - Sync 1 DAGs
[2025-01-26T19:20:43.623+0000] {logging_mixin.py:190} INFO - [2025-01-26T19:20:43.622+0000] {dag.py:4180} INFO - Setting next_dagrun for example_branch_operator to 2025-01-25 00:00:00+00:00, run_after=2025-01-26 00:00:00+00:00
[2025-01-26T19:20:43.642+0000] {processor.py:208} INFO - Processing /home/airflow/.local/lib/python3.12/site-packages/airflow/example_dags/example_branch_operator.py took 0.110 seconds
[2025-01-26T19:21:14.787+0000] {processor.py:186} INFO - Started process (PID=410) to work on /home/airflow/.local/lib/python3.12/site-packages/airflow/example_dags/example_branch_operator.py
[2025-01-26T19:21:14.788+0000] {processor.py:914} INFO - Processing file /home/airflow/.local/lib/python3.12/site-packages/airflow/example_dags/example_branch_operator.py for tasks to queue
[2025-01-26T19:21:14.790+0000] {logging_mixin.py:190} INFO - [2025-01-26T19:21:14.789+0000] {dagbag.py:588} INFO - Filling up the DagBag from /home/airflow/.local/lib/python3.12/site-packages/airflow/example_dags/example_branch_operator.py
[2025-01-26T19:21:14.813+0000] {processor.py:925} INFO - DAG(s) 'example_branch_operator' retrieved from /home/airflow/.local/lib/python3.12/site-packages/airflow/example_dags/example_branch_operator.py
[2025-01-26T19:21:14.857+0000] {logging_mixin.py:190} INFO - [2025-01-26T19:21:14.856+0000] {dag.py:3239} INFO - Sync 1 DAGs
[2025-01-26T19:21:14.888+0000] {logging_mixin.py:190} INFO - [2025-01-26T19:21:14.887+0000] {dag.py:4180} INFO - Setting next_dagrun for example_branch_operator to 2025-01-25 00:00:00+00:00, run_after=2025-01-26 00:00:00+00:00
[2025-01-26T19:21:14.910+0000] {processor.py:208} INFO - Processing /home/airflow/.local/lib/python3.12/site-packages/airflow/example_dags/example_branch_operator.py took 0.129 seconds
[2025-01-26T19:21:46.089+0000] {processor.py:186} INFO - Started process (PID=476) to work on /home/airflow/.local/lib/python3.12/site-packages/airflow/example_dags/example_branch_operator.py
[2025-01-26T19:21:46.091+0000] {processor.py:914} INFO - Processing file /home/airflow/.local/lib/python3.12/site-packages/airflow/example_dags/example_branch_operator.py for tasks to queue
[2025-01-26T19:21:46.093+0000] {logging_mixin.py:190} INFO - [2025-01-26T19:21:46.093+0000] {dagbag.py:588} INFO - Filling up the DagBag from /home/airflow/.local/lib/python3.12/site-packages/airflow/example_dags/example_branch_operator.py
[2025-01-26T19:21:46.114+0000] {processor.py:925} INFO - DAG(s) 'example_branch_operator' retrieved from /home/airflow/.local/lib/python3.12/site-packages/airflow/example_dags/example_branch_operator.py
[2025-01-26T19:21:46.146+0000] {logging_mixin.py:190} INFO - [2025-01-26T19:21:46.145+0000] {dag.py:3239} INFO - Sync 1 DAGs
[2025-01-26T19:21:46.177+0000] {logging_mixin.py:190} INFO - [2025-01-26T19:21:46.177+0000] {dag.py:4180} INFO - Setting next_dagrun for example_branch_operator to 2025-01-25 00:00:00+00:00, run_after=2025-01-26 00:00:00+00:00
[2025-01-26T19:21:46.199+0000] {processor.py:208} INFO - Processing /home/airflow/.local/lib/python3.12/site-packages/airflow/example_dags/example_branch_operator.py took 0.117 seconds
[2025-01-26T19:22:19.446+0000] {processor.py:186} INFO - Started process (PID=541) to work on /home/airflow/.local/lib/python3.12/site-packages/airflow/example_dags/example_branch_operator.py
[2025-01-26T19:22:19.460+0000] {processor.py:914} INFO - Processing file /home/airflow/.local/lib/python3.12/site-packages/airflow/example_dags/example_branch_operator.py for tasks to queue
[2025-01-26T19:22:19.467+0000] {logging_mixin.py:190} INFO - [2025-01-26T19:22:19.466+0000] {dagbag.py:588} INFO - Filling up the DagBag from /home/airflow/.local/lib/python3.12/site-packages/airflow/example_dags/example_branch_operator.py
[2025-01-26T19:22:19.541+0000] {processor.py:925} INFO - DAG(s) 'example_branch_operator' retrieved from /home/airflow/.local/lib/python3.12/site-packages/airflow/example_dags/example_branch_operator.py
[2025-01-26T19:22:19.646+0000] {logging_mixin.py:190} INFO - [2025-01-26T19:22:19.645+0000] {dag.py:3239} INFO - Sync 1 DAGs
[2025-01-26T19:22:19.743+0000] {logging_mixin.py:190} INFO - [2025-01-26T19:22:19.743+0000] {dag.py:4180} INFO - Setting next_dagrun for example_branch_operator to 2025-01-25 00:00:00+00:00, run_after=2025-01-26 00:00:00+00:00
[2025-01-26T19:22:19.804+0000] {processor.py:208} INFO - Processing /home/airflow/.local/lib/python3.12/site-packages/airflow/example_dags/example_branch_operator.py took 0.378 seconds
[2025-01-26T19:22:50.627+0000] {processor.py:186} INFO - Started process (PID=606) to work on /home/airflow/.local/lib/python3.12/site-packages/airflow/example_dags/example_branch_operator.py
[2025-01-26T19:22:50.640+0000] {processor.py:914} INFO - Processing file /home/airflow/.local/lib/python3.12/site-packages/airflow/example_dags/example_branch_operator.py for tasks to queue
[2025-01-26T19:22:50.643+0000] {logging_mixin.py:190} INFO - [2025-01-26T19:22:50.643+0000] {dagbag.py:588} INFO - Filling up the DagBag from /home/airflow/.local/lib/python3.12/site-packages/airflow/example_dags/example_branch_operator.py
[2025-01-26T19:22:50.721+0000] {processor.py:925} INFO - DAG(s) 'example_branch_operator' retrieved from /home/airflow/.local/lib/python3.12/site-packages/airflow/example_dags/example_branch_operator.py
[2025-01-26T19:22:50.816+0000] {logging_mixin.py:190} INFO - [2025-01-26T19:22:50.815+0000] {dag.py:3239} INFO - Sync 1 DAGs
[2025-01-26T19:22:50.909+0000] {logging_mixin.py:190} INFO - [2025-01-26T19:22:50.908+0000] {dag.py:4180} INFO - Setting next_dagrun for example_branch_operator to 2025-01-25 00:00:00+00:00, run_after=2025-01-26 00:00:00+00:00
[2025-01-26T19:22:50.963+0000] {processor.py:208} INFO - Processing /home/airflow/.local/lib/python3.12/site-packages/airflow/example_dags/example_branch_operator.py took 0.351 seconds
[2025-01-26T19:23:21.809+0000] {processor.py:186} INFO - Started process (PID=671) to work on /home/airflow/.local/lib/python3.12/site-packages/airflow/example_dags/example_branch_operator.py
[2025-01-26T19:23:21.810+0000] {processor.py:914} INFO - Processing file /home/airflow/.local/lib/python3.12/site-packages/airflow/example_dags/example_branch_operator.py for tasks to queue
[2025-01-26T19:23:21.812+0000] {logging_mixin.py:190} INFO - [2025-01-26T19:23:21.812+0000] {dagbag.py:588} INFO - Filling up the DagBag from /home/airflow/.local/lib/python3.12/site-packages/airflow/example_dags/example_branch_operator.py
[2025-01-26T19:23:21.833+0000] {processor.py:925} INFO - DAG(s) 'example_branch_operator' retrieved from /home/airflow/.local/lib/python3.12/site-packages/airflow/example_dags/example_branch_operator.py
[2025-01-26T19:23:21.865+0000] {logging_mixin.py:190} INFO - [2025-01-26T19:23:21.865+0000] {dag.py:3239} INFO - Sync 1 DAGs
[2025-01-26T19:23:21.891+0000] {logging_mixin.py:190} INFO - [2025-01-26T19:23:21.891+0000] {dag.py:4180} INFO - Setting next_dagrun for example_branch_operator to 2025-01-25 00:00:00+00:00, run_after=2025-01-26 00:00:00+00:00
[2025-01-26T19:23:21.911+0000] {processor.py:208} INFO - Processing /home/airflow/.local/lib/python3.12/site-packages/airflow/example_dags/example_branch_operator.py took 0.109 seconds
[2025-01-26T19:23:53.336+0000] {processor.py:186} INFO - Started process (PID=736) to work on /home/airflow/.local/lib/python3.12/site-packages/airflow/example_dags/example_branch_operator.py
[2025-01-26T19:23:53.337+0000] {processor.py:914} INFO - Processing file /home/airflow/.local/lib/python3.12/site-packages/airflow/example_dags/example_branch_operator.py for tasks to queue
[2025-01-26T19:23:53.340+0000] {logging_mixin.py:190} INFO - [2025-01-26T19:23:53.339+0000] {dagbag.py:588} INFO - Filling up the DagBag from /home/airflow/.local/lib/python3.12/site-packages/airflow/example_dags/example_branch_operator.py
[2025-01-26T19:23:53.360+0000] {processor.py:925} INFO - DAG(s) 'example_branch_operator' retrieved from /home/airflow/.local/lib/python3.12/site-packages/airflow/example_dags/example_branch_operator.py
[2025-01-26T19:23:53.391+0000] {logging_mixin.py:190} INFO - [2025-01-26T19:23:53.391+0000] {dag.py:3239} INFO - Sync 1 DAGs
[2025-01-26T19:23:53.417+0000] {logging_mixin.py:190} INFO - [2025-01-26T19:23:53.417+0000] {dag.py:4180} INFO - Setting next_dagrun for example_branch_operator to 2025-01-25 00:00:00+00:00, run_after=2025-01-26 00:00:00+00:00
[2025-01-26T19:23:53.437+0000] {processor.py:208} INFO - Processing /home/airflow/.local/lib/python3.12/site-packages/airflow/example_dags/example_branch_operator.py took 0.106 seconds
[2025-01-26T19:25:32.133+0000] {processor.py:186} INFO - Started process (PID=86) to work on /home/airflow/.local/lib/python3.12/site-packages/airflow/example_dags/example_branch_operator.py
[2025-01-26T19:25:32.134+0000] {processor.py:914} INFO - Processing file /home/airflow/.local/lib/python3.12/site-packages/airflow/example_dags/example_branch_operator.py for tasks to queue
[2025-01-26T19:25:32.136+0000] {logging_mixin.py:190} INFO - [2025-01-26T19:25:32.136+0000] {dagbag.py:588} INFO - Filling up the DagBag from /home/airflow/.local/lib/python3.12/site-packages/airflow/example_dags/example_branch_operator.py
[2025-01-26T19:25:32.167+0000] {processor.py:925} INFO - DAG(s) 'example_branch_operator' retrieved from /home/airflow/.local/lib/python3.12/site-packages/airflow/example_dags/example_branch_operator.py
[2025-01-26T19:25:32.335+0000] {logging_mixin.py:190} INFO - [2025-01-26T19:25:32.335+0000] {dag.py:3239} INFO - Sync 1 DAGs
[2025-01-26T19:25:32.367+0000] {logging_mixin.py:190} INFO - [2025-01-26T19:25:32.367+0000] {dag.py:4180} INFO - Setting next_dagrun for example_branch_operator to 2025-01-25 00:00:00+00:00, run_after=2025-01-26 00:00:00+00:00
[2025-01-26T19:25:32.388+0000] {processor.py:208} INFO - Processing /home/airflow/.local/lib/python3.12/site-packages/airflow/example_dags/example_branch_operator.py took 0.261 seconds
[2025-01-26T19:26:03.579+0000] {processor.py:186} INFO - Started process (PID=150) to work on /home/airflow/.local/lib/python3.12/site-packages/airflow/example_dags/example_branch_operator.py
[2025-01-26T19:26:03.580+0000] {processor.py:914} INFO - Processing file /home/airflow/.local/lib/python3.12/site-packages/airflow/example_dags/example_branch_operator.py for tasks to queue
[2025-01-26T19:26:03.582+0000] {logging_mixin.py:190} INFO - [2025-01-26T19:26:03.581+0000] {dagbag.py:588} INFO - Filling up the DagBag from /home/airflow/.local/lib/python3.12/site-packages/airflow/example_dags/example_branch_operator.py
[2025-01-26T19:26:03.602+0000] {processor.py:925} INFO - DAG(s) 'example_branch_operator' retrieved from /home/airflow/.local/lib/python3.12/site-packages/airflow/example_dags/example_branch_operator.py
[2025-01-26T19:26:03.630+0000] {logging_mixin.py:190} INFO - [2025-01-26T19:26:03.630+0000] {dag.py:3239} INFO - Sync 1 DAGs
[2025-01-26T19:26:03.654+0000] {logging_mixin.py:190} INFO - [2025-01-26T19:26:03.654+0000] {dag.py:4180} INFO - Setting next_dagrun for example_branch_operator to 2025-01-25 00:00:00+00:00, run_after=2025-01-26 00:00:00+00:00
[2025-01-26T19:26:03.673+0000] {processor.py:208} INFO - Processing /home/airflow/.local/lib/python3.12/site-packages/airflow/example_dags/example_branch_operator.py took 0.099 seconds
[2025-01-26T19:26:34.669+0000] {processor.py:186} INFO - Started process (PID=215) to work on /home/airflow/.local/lib/python3.12/site-packages/airflow/example_dags/example_branch_operator.py
[2025-01-26T19:26:34.671+0000] {processor.py:914} INFO - Processing file /home/airflow/.local/lib/python3.12/site-packages/airflow/example_dags/example_branch_operator.py for tasks to queue
[2025-01-26T19:26:34.673+0000] {logging_mixin.py:190} INFO - [2025-01-26T19:26:34.673+0000] {dagbag.py:588} INFO - Filling up the DagBag from /home/airflow/.local/lib/python3.12/site-packages/airflow/example_dags/example_branch_operator.py
[2025-01-26T19:26:34.691+0000] {processor.py:925} INFO - DAG(s) 'example_branch_operator' retrieved from /home/airflow/.local/lib/python3.12/site-packages/airflow/example_dags/example_branch_operator.py
[2025-01-26T19:26:34.721+0000] {logging_mixin.py:190} INFO - [2025-01-26T19:26:34.720+0000] {dag.py:3239} INFO - Sync 1 DAGs
[2025-01-26T19:26:34.750+0000] {logging_mixin.py:190} INFO - [2025-01-26T19:26:34.750+0000] {dag.py:4180} INFO - Setting next_dagrun for example_branch_operator to 2025-01-25 00:00:00+00:00, run_after=2025-01-26 00:00:00+00:00
[2025-01-26T19:26:34.770+0000] {processor.py:208} INFO - Processing /home/airflow/.local/lib/python3.12/site-packages/airflow/example_dags/example_branch_operator.py took 0.106 seconds
[2025-01-26T19:27:10.311+0000] {processor.py:186} INFO - Started process (PID=281) to work on /home/airflow/.local/lib/python3.12/site-packages/airflow/example_dags/example_branch_operator.py
[2025-01-26T19:27:10.312+0000] {processor.py:914} INFO - Processing file /home/airflow/.local/lib/python3.12/site-packages/airflow/example_dags/example_branch_operator.py for tasks to queue
[2025-01-26T19:27:10.315+0000] {logging_mixin.py:190} INFO - [2025-01-26T19:27:10.315+0000] {dagbag.py:588} INFO - Filling up the DagBag from /home/airflow/.local/lib/python3.12/site-packages/airflow/example_dags/example_branch_operator.py
[2025-01-26T19:27:10.360+0000] {processor.py:925} INFO - DAG(s) 'example_branch_operator' retrieved from /home/airflow/.local/lib/python3.12/site-packages/airflow/example_dags/example_branch_operator.py
[2025-01-26T19:27:10.403+0000] {logging_mixin.py:190} INFO - [2025-01-26T19:27:10.402+0000] {dag.py:3239} INFO - Sync 1 DAGs
[2025-01-26T19:27:10.452+0000] {logging_mixin.py:190} INFO - [2025-01-26T19:27:10.451+0000] {dag.py:4180} INFO - Setting next_dagrun for example_branch_operator to 2025-01-25 00:00:00+00:00, run_after=2025-01-26 00:00:00+00:00
[2025-01-26T19:27:10.480+0000] {processor.py:208} INFO - Processing /home/airflow/.local/lib/python3.12/site-packages/airflow/example_dags/example_branch_operator.py took 0.177 seconds
[2025-01-26T19:27:42.527+0000] {processor.py:186} INFO - Started process (PID=347) to work on /home/airflow/.local/lib/python3.12/site-packages/airflow/example_dags/example_branch_operator.py
[2025-01-26T19:27:42.529+0000] {processor.py:914} INFO - Processing file /home/airflow/.local/lib/python3.12/site-packages/airflow/example_dags/example_branch_operator.py for tasks to queue
[2025-01-26T19:27:42.533+0000] {logging_mixin.py:190} INFO - [2025-01-26T19:27:42.533+0000] {dagbag.py:588} INFO - Filling up the DagBag from /home/airflow/.local/lib/python3.12/site-packages/airflow/example_dags/example_branch_operator.py
[2025-01-26T19:27:42.561+0000] {processor.py:925} INFO - DAG(s) 'example_branch_operator' retrieved from /home/airflow/.local/lib/python3.12/site-packages/airflow/example_dags/example_branch_operator.py
[2025-01-26T19:27:42.602+0000] {logging_mixin.py:190} INFO - [2025-01-26T19:27:42.602+0000] {dag.py:3239} INFO - Sync 1 DAGs
[2025-01-26T19:27:42.647+0000] {logging_mixin.py:190} INFO - [2025-01-26T19:27:42.647+0000] {dag.py:4180} INFO - Setting next_dagrun for example_branch_operator to 2025-01-25 00:00:00+00:00, run_after=2025-01-26 00:00:00+00:00
[2025-01-26T19:27:42.683+0000] {processor.py:208} INFO - Processing /home/airflow/.local/lib/python3.12/site-packages/airflow/example_dags/example_branch_operator.py took 0.163 seconds
[2025-01-26T19:28:13.681+0000] {processor.py:186} INFO - Started process (PID=412) to work on /home/airflow/.local/lib/python3.12/site-packages/airflow/example_dags/example_branch_operator.py
[2025-01-26T19:28:13.682+0000] {processor.py:914} INFO - Processing file /home/airflow/.local/lib/python3.12/site-packages/airflow/example_dags/example_branch_operator.py for tasks to queue
[2025-01-26T19:28:13.685+0000] {logging_mixin.py:190} INFO - [2025-01-26T19:28:13.685+0000] {dagbag.py:588} INFO - Filling up the DagBag from /home/airflow/.local/lib/python3.12/site-packages/airflow/example_dags/example_branch_operator.py
[2025-01-26T19:28:13.723+0000] {processor.py:925} INFO - DAG(s) 'example_branch_operator' retrieved from /home/airflow/.local/lib/python3.12/site-packages/airflow/example_dags/example_branch_operator.py
[2025-01-26T19:28:13.772+0000] {logging_mixin.py:190} INFO - [2025-01-26T19:28:13.772+0000] {dag.py:3239} INFO - Sync 1 DAGs
[2025-01-26T19:28:13.817+0000] {logging_mixin.py:190} INFO - [2025-01-26T19:28:13.817+0000] {dag.py:4180} INFO - Setting next_dagrun for example_branch_operator to 2025-01-25 00:00:00+00:00, run_after=2025-01-26 00:00:00+00:00
[2025-01-26T19:28:13.870+0000] {processor.py:208} INFO - Processing /home/airflow/.local/lib/python3.12/site-packages/airflow/example_dags/example_branch_operator.py took 0.195 seconds
[2025-01-26T19:28:44.568+0000] {processor.py:186} INFO - Started process (PID=477) to work on /home/airflow/.local/lib/python3.12/site-packages/airflow/example_dags/example_branch_operator.py
[2025-01-26T19:28:44.572+0000] {processor.py:914} INFO - Processing file /home/airflow/.local/lib/python3.12/site-packages/airflow/example_dags/example_branch_operator.py for tasks to queue
[2025-01-26T19:28:44.577+0000] {logging_mixin.py:190} INFO - [2025-01-26T19:28:44.576+0000] {dagbag.py:588} INFO - Filling up the DagBag from /home/airflow/.local/lib/python3.12/site-packages/airflow/example_dags/example_branch_operator.py
[2025-01-26T19:28:44.615+0000] {processor.py:925} INFO - DAG(s) 'example_branch_operator' retrieved from /home/airflow/.local/lib/python3.12/site-packages/airflow/example_dags/example_branch_operator.py
[2025-01-26T19:28:44.646+0000] {logging_mixin.py:190} INFO - [2025-01-26T19:28:44.646+0000] {dag.py:3239} INFO - Sync 1 DAGs
[2025-01-26T19:28:44.676+0000] {logging_mixin.py:190} INFO - [2025-01-26T19:28:44.676+0000] {dag.py:4180} INFO - Setting next_dagrun for example_branch_operator to 2025-01-25 00:00:00+00:00, run_after=2025-01-26 00:00:00+00:00
[2025-01-26T19:28:44.722+0000] {processor.py:208} INFO - Processing /home/airflow/.local/lib/python3.12/site-packages/airflow/example_dags/example_branch_operator.py took 0.162 seconds
[2025-01-26T19:29:15.948+0000] {processor.py:186} INFO - Started process (PID=542) to work on /home/airflow/.local/lib/python3.12/site-packages/airflow/example_dags/example_branch_operator.py
[2025-01-26T19:29:15.950+0000] {processor.py:914} INFO - Processing file /home/airflow/.local/lib/python3.12/site-packages/airflow/example_dags/example_branch_operator.py for tasks to queue
[2025-01-26T19:29:15.953+0000] {logging_mixin.py:190} INFO - [2025-01-26T19:29:15.952+0000] {dagbag.py:588} INFO - Filling up the DagBag from /home/airflow/.local/lib/python3.12/site-packages/airflow/example_dags/example_branch_operator.py
[2025-01-26T19:29:15.975+0000] {processor.py:925} INFO - DAG(s) 'example_branch_operator' retrieved from /home/airflow/.local/lib/python3.12/site-packages/airflow/example_dags/example_branch_operator.py
[2025-01-26T19:29:16.009+0000] {logging_mixin.py:190} INFO - [2025-01-26T19:29:16.008+0000] {dag.py:3239} INFO - Sync 1 DAGs
[2025-01-26T19:29:16.038+0000] {logging_mixin.py:190} INFO - [2025-01-26T19:29:16.038+0000] {dag.py:4180} INFO - Setting next_dagrun for example_branch_operator to 2025-01-25 00:00:00+00:00, run_after=2025-01-26 00:00:00+00:00
[2025-01-26T19:29:16.058+0000] {processor.py:208} INFO - Processing /home/airflow/.local/lib/python3.12/site-packages/airflow/example_dags/example_branch_operator.py took 0.117 seconds
[2025-01-26T19:29:47.408+0000] {processor.py:186} INFO - Started process (PID=614) to work on /home/airflow/.local/lib/python3.12/site-packages/airflow/example_dags/example_branch_operator.py
[2025-01-26T19:29:47.409+0000] {processor.py:914} INFO - Processing file /home/airflow/.local/lib/python3.12/site-packages/airflow/example_dags/example_branch_operator.py for tasks to queue
[2025-01-26T19:29:47.411+0000] {logging_mixin.py:190} INFO - [2025-01-26T19:29:47.411+0000] {dagbag.py:588} INFO - Filling up the DagBag from /home/airflow/.local/lib/python3.12/site-packages/airflow/example_dags/example_branch_operator.py
[2025-01-26T19:29:47.429+0000] {processor.py:925} INFO - DAG(s) 'example_branch_operator' retrieved from /home/airflow/.local/lib/python3.12/site-packages/airflow/example_dags/example_branch_operator.py
[2025-01-26T19:29:47.458+0000] {logging_mixin.py:190} INFO - [2025-01-26T19:29:47.458+0000] {dag.py:3239} INFO - Sync 1 DAGs
[2025-01-26T19:29:47.486+0000] {logging_mixin.py:190} INFO - [2025-01-26T19:29:47.486+0000] {dag.py:4180} INFO - Setting next_dagrun for example_branch_operator to 2025-01-25 00:00:00+00:00, run_after=2025-01-26 00:00:00+00:00
[2025-01-26T19:29:47.508+0000] {processor.py:208} INFO - Processing /home/airflow/.local/lib/python3.12/site-packages/airflow/example_dags/example_branch_operator.py took 0.105 seconds
[2025-01-26T19:30:18.335+0000] {processor.py:186} INFO - Started process (PID=679) to work on /home/airflow/.local/lib/python3.12/site-packages/airflow/example_dags/example_branch_operator.py
[2025-01-26T19:30:18.336+0000] {processor.py:914} INFO - Processing file /home/airflow/.local/lib/python3.12/site-packages/airflow/example_dags/example_branch_operator.py for tasks to queue
[2025-01-26T19:30:18.348+0000] {logging_mixin.py:190} INFO - [2025-01-26T19:30:18.348+0000] {dagbag.py:588} INFO - Filling up the DagBag from /home/airflow/.local/lib/python3.12/site-packages/airflow/example_dags/example_branch_operator.py
[2025-01-26T19:30:18.366+0000] {processor.py:925} INFO - DAG(s) 'example_branch_operator' retrieved from /home/airflow/.local/lib/python3.12/site-packages/airflow/example_dags/example_branch_operator.py
[2025-01-26T19:30:18.394+0000] {logging_mixin.py:190} INFO - [2025-01-26T19:30:18.394+0000] {dag.py:3239} INFO - Sync 1 DAGs
[2025-01-26T19:30:18.424+0000] {logging_mixin.py:190} INFO - [2025-01-26T19:30:18.424+0000] {dag.py:4180} INFO - Setting next_dagrun for example_branch_operator to 2025-01-25 00:00:00+00:00, run_after=2025-01-26 00:00:00+00:00
[2025-01-26T19:30:18.445+0000] {processor.py:208} INFO - Processing /home/airflow/.local/lib/python3.12/site-packages/airflow/example_dags/example_branch_operator.py took 0.116 seconds
[2025-01-26T19:30:50.060+0000] {processor.py:186} INFO - Started process (PID=744) to work on /home/airflow/.local/lib/python3.12/site-packages/airflow/example_dags/example_branch_operator.py
[2025-01-26T19:30:50.061+0000] {processor.py:914} INFO - Processing file /home/airflow/.local/lib/python3.12/site-packages/airflow/example_dags/example_branch_operator.py for tasks to queue
[2025-01-26T19:30:50.064+0000] {logging_mixin.py:190} INFO - [2025-01-26T19:30:50.064+0000] {dagbag.py:588} INFO - Filling up the DagBag from /home/airflow/.local/lib/python3.12/site-packages/airflow/example_dags/example_branch_operator.py
[2025-01-26T19:30:50.087+0000] {processor.py:925} INFO - DAG(s) 'example_branch_operator' retrieved from /home/airflow/.local/lib/python3.12/site-packages/airflow/example_dags/example_branch_operator.py
[2025-01-26T19:30:50.125+0000] {logging_mixin.py:190} INFO - [2025-01-26T19:30:50.125+0000] {dag.py:3239} INFO - Sync 1 DAGs
[2025-01-26T19:30:50.158+0000] {logging_mixin.py:190} INFO - [2025-01-26T19:30:50.158+0000] {dag.py:4180} INFO - Setting next_dagrun for example_branch_operator to 2025-01-25 00:00:00+00:00, run_after=2025-01-26 00:00:00+00:00
[2025-01-26T19:30:50.181+0000] {processor.py:208} INFO - Processing /home/airflow/.local/lib/python3.12/site-packages/airflow/example_dags/example_branch_operator.py took 0.128 seconds
[2025-01-26T19:31:20.957+0000] {processor.py:186} INFO - Started process (PID=809) to work on /home/airflow/.local/lib/python3.12/site-packages/airflow/example_dags/example_branch_operator.py
[2025-01-26T19:31:20.958+0000] {processor.py:914} INFO - Processing file /home/airflow/.local/lib/python3.12/site-packages/airflow/example_dags/example_branch_operator.py for tasks to queue
[2025-01-26T19:31:20.960+0000] {logging_mixin.py:190} INFO - [2025-01-26T19:31:20.960+0000] {dagbag.py:588} INFO - Filling up the DagBag from /home/airflow/.local/lib/python3.12/site-packages/airflow/example_dags/example_branch_operator.py
[2025-01-26T19:31:20.982+0000] {processor.py:925} INFO - DAG(s) 'example_branch_operator' retrieved from /home/airflow/.local/lib/python3.12/site-packages/airflow/example_dags/example_branch_operator.py
[2025-01-26T19:31:21.014+0000] {logging_mixin.py:190} INFO - [2025-01-26T19:31:21.014+0000] {dag.py:3239} INFO - Sync 1 DAGs
[2025-01-26T19:31:21.049+0000] {logging_mixin.py:190} INFO - [2025-01-26T19:31:21.049+0000] {dag.py:4180} INFO - Setting next_dagrun for example_branch_operator to 2025-01-25 00:00:00+00:00, run_after=2025-01-26 00:00:00+00:00
[2025-01-26T19:31:21.073+0000] {processor.py:208} INFO - Processing /home/airflow/.local/lib/python3.12/site-packages/airflow/example_dags/example_branch_operator.py took 0.125 seconds
[2025-01-26T19:31:52.150+0000] {processor.py:186} INFO - Started process (PID=874) to work on /home/airflow/.local/lib/python3.12/site-packages/airflow/example_dags/example_branch_operator.py
[2025-01-26T19:31:52.151+0000] {processor.py:914} INFO - Processing file /home/airflow/.local/lib/python3.12/site-packages/airflow/example_dags/example_branch_operator.py for tasks to queue
[2025-01-26T19:31:52.157+0000] {logging_mixin.py:190} INFO - [2025-01-26T19:31:52.157+0000] {dagbag.py:588} INFO - Filling up the DagBag from /home/airflow/.local/lib/python3.12/site-packages/airflow/example_dags/example_branch_operator.py
[2025-01-26T19:31:52.193+0000] {processor.py:925} INFO - DAG(s) 'example_branch_operator' retrieved from /home/airflow/.local/lib/python3.12/site-packages/airflow/example_dags/example_branch_operator.py
[2025-01-26T19:31:52.241+0000] {logging_mixin.py:190} INFO - [2025-01-26T19:31:52.241+0000] {dag.py:3239} INFO - Sync 1 DAGs
[2025-01-26T19:31:52.308+0000] {logging_mixin.py:190} INFO - [2025-01-26T19:31:52.308+0000] {dag.py:4180} INFO - Setting next_dagrun for example_branch_operator to 2025-01-25 00:00:00+00:00, run_after=2025-01-26 00:00:00+00:00
[2025-01-26T19:31:52.369+0000] {processor.py:208} INFO - Processing /home/airflow/.local/lib/python3.12/site-packages/airflow/example_dags/example_branch_operator.py took 0.227 seconds
[2025-01-26T19:32:22.990+0000] {processor.py:186} INFO - Started process (PID=940) to work on /home/airflow/.local/lib/python3.12/site-packages/airflow/example_dags/example_branch_operator.py
[2025-01-26T19:32:22.991+0000] {processor.py:914} INFO - Processing file /home/airflow/.local/lib/python3.12/site-packages/airflow/example_dags/example_branch_operator.py for tasks to queue
[2025-01-26T19:32:22.993+0000] {logging_mixin.py:190} INFO - [2025-01-26T19:32:22.993+0000] {dagbag.py:588} INFO - Filling up the DagBag from /home/airflow/.local/lib/python3.12/site-packages/airflow/example_dags/example_branch_operator.py
[2025-01-26T19:32:23.011+0000] {processor.py:925} INFO - DAG(s) 'example_branch_operator' retrieved from /home/airflow/.local/lib/python3.12/site-packages/airflow/example_dags/example_branch_operator.py
[2025-01-26T19:32:23.047+0000] {logging_mixin.py:190} INFO - [2025-01-26T19:32:23.047+0000] {dag.py:3239} INFO - Sync 1 DAGs
[2025-01-26T19:32:23.077+0000] {logging_mixin.py:190} INFO - [2025-01-26T19:32:23.076+0000] {dag.py:4180} INFO - Setting next_dagrun for example_branch_operator to 2025-01-25 00:00:00+00:00, run_after=2025-01-26 00:00:00+00:00
[2025-01-26T19:32:23.096+0000] {processor.py:208} INFO - Processing /home/airflow/.local/lib/python3.12/site-packages/airflow/example_dags/example_branch_operator.py took 0.112 seconds
[2025-01-26T19:32:54.385+0000] {processor.py:186} INFO - Started process (PID=1006) to work on /home/airflow/.local/lib/python3.12/site-packages/airflow/example_dags/example_branch_operator.py
[2025-01-26T19:32:54.386+0000] {processor.py:914} INFO - Processing file /home/airflow/.local/lib/python3.12/site-packages/airflow/example_dags/example_branch_operator.py for tasks to queue
[2025-01-26T19:32:54.390+0000] {logging_mixin.py:190} INFO - [2025-01-26T19:32:54.389+0000] {dagbag.py:588} INFO - Filling up the DagBag from /home/airflow/.local/lib/python3.12/site-packages/airflow/example_dags/example_branch_operator.py
[2025-01-26T19:32:54.409+0000] {processor.py:925} INFO - DAG(s) 'example_branch_operator' retrieved from /home/airflow/.local/lib/python3.12/site-packages/airflow/example_dags/example_branch_operator.py
[2025-01-26T19:32:54.438+0000] {logging_mixin.py:190} INFO - [2025-01-26T19:32:54.437+0000] {dag.py:3239} INFO - Sync 1 DAGs
[2025-01-26T19:32:54.484+0000] {logging_mixin.py:190} INFO - [2025-01-26T19:32:54.484+0000] {dag.py:4180} INFO - Setting next_dagrun for example_branch_operator to 2025-01-25 00:00:00+00:00, run_after=2025-01-26 00:00:00+00:00
[2025-01-26T19:32:54.551+0000] {processor.py:208} INFO - Processing /home/airflow/.local/lib/python3.12/site-packages/airflow/example_dags/example_branch_operator.py took 0.172 seconds
[2025-01-26T19:33:26.199+0000] {processor.py:186} INFO - Started process (PID=1071) to work on /home/airflow/.local/lib/python3.12/site-packages/airflow/example_dags/example_branch_operator.py
[2025-01-26T19:33:26.200+0000] {processor.py:914} INFO - Processing file /home/airflow/.local/lib/python3.12/site-packages/airflow/example_dags/example_branch_operator.py for tasks to queue
[2025-01-26T19:33:26.203+0000] {logging_mixin.py:190} INFO - [2025-01-26T19:33:26.203+0000] {dagbag.py:588} INFO - Filling up the DagBag from /home/airflow/.local/lib/python3.12/site-packages/airflow/example_dags/example_branch_operator.py
[2025-01-26T19:33:26.230+0000] {processor.py:925} INFO - DAG(s) 'example_branch_operator' retrieved from /home/airflow/.local/lib/python3.12/site-packages/airflow/example_dags/example_branch_operator.py
[2025-01-26T19:33:26.259+0000] {logging_mixin.py:190} INFO - [2025-01-26T19:33:26.259+0000] {dag.py:3239} INFO - Sync 1 DAGs
[2025-01-26T19:33:26.286+0000] {logging_mixin.py:190} INFO - [2025-01-26T19:33:26.286+0000] {dag.py:4180} INFO - Setting next_dagrun for example_branch_operator to 2025-01-25 00:00:00+00:00, run_after=2025-01-26 00:00:00+00:00
[2025-01-26T19:33:26.306+0000] {processor.py:208} INFO - Processing /home/airflow/.local/lib/python3.12/site-packages/airflow/example_dags/example_branch_operator.py took 0.114 seconds
[2025-01-26T19:33:57.562+0000] {processor.py:186} INFO - Started process (PID=1136) to work on /home/airflow/.local/lib/python3.12/site-packages/airflow/example_dags/example_branch_operator.py
[2025-01-26T19:33:57.563+0000] {processor.py:914} INFO - Processing file /home/airflow/.local/lib/python3.12/site-packages/airflow/example_dags/example_branch_operator.py for tasks to queue
[2025-01-26T19:33:57.566+0000] {logging_mixin.py:190} INFO - [2025-01-26T19:33:57.566+0000] {dagbag.py:588} INFO - Filling up the DagBag from /home/airflow/.local/lib/python3.12/site-packages/airflow/example_dags/example_branch_operator.py
[2025-01-26T19:33:57.588+0000] {processor.py:925} INFO - DAG(s) 'example_branch_operator' retrieved from /home/airflow/.local/lib/python3.12/site-packages/airflow/example_dags/example_branch_operator.py
[2025-01-26T19:33:57.623+0000] {logging_mixin.py:190} INFO - [2025-01-26T19:33:57.623+0000] {dag.py:3239} INFO - Sync 1 DAGs
[2025-01-26T19:33:57.652+0000] {logging_mixin.py:190} INFO - [2025-01-26T19:33:57.652+0000] {dag.py:4180} INFO - Setting next_dagrun for example_branch_operator to 2025-01-25 00:00:00+00:00, run_after=2025-01-26 00:00:00+00:00
[2025-01-26T19:33:57.674+0000] {processor.py:208} INFO - Processing /home/airflow/.local/lib/python3.12/site-packages/airflow/example_dags/example_branch_operator.py took 0.119 seconds
[2025-01-26T23:30:02.346+0000] {processor.py:186} INFO - Started process (PID=86) to work on /home/airflow/.local/lib/python3.12/site-packages/airflow/example_dags/example_branch_operator.py
[2025-01-26T23:30:02.347+0000] {processor.py:914} INFO - Processing file /home/airflow/.local/lib/python3.12/site-packages/airflow/example_dags/example_branch_operator.py for tasks to queue
[2025-01-26T23:30:02.350+0000] {logging_mixin.py:190} INFO - [2025-01-26T23:30:02.349+0000] {dagbag.py:588} INFO - Filling up the DagBag from /home/airflow/.local/lib/python3.12/site-packages/airflow/example_dags/example_branch_operator.py
[2025-01-26T23:30:02.375+0000] {processor.py:925} INFO - DAG(s) 'example_branch_operator' retrieved from /home/airflow/.local/lib/python3.12/site-packages/airflow/example_dags/example_branch_operator.py
[2025-01-26T23:30:02.567+0000] {logging_mixin.py:190} INFO - [2025-01-26T23:30:02.566+0000] {dag.py:3239} INFO - Sync 1 DAGs
[2025-01-26T23:30:02.611+0000] {logging_mixin.py:190} INFO - [2025-01-26T23:30:02.611+0000] {dag.py:4180} INFO - Setting next_dagrun for example_branch_operator to 2025-01-25 00:00:00+00:00, run_after=2025-01-26 00:00:00+00:00
[2025-01-26T23:30:02.646+0000] {processor.py:208} INFO - Processing /home/airflow/.local/lib/python3.12/site-packages/airflow/example_dags/example_branch_operator.py took 0.308 seconds
[2025-01-26T23:30:34.686+0000] {processor.py:186} INFO - Started process (PID=151) to work on /home/airflow/.local/lib/python3.12/site-packages/airflow/example_dags/example_branch_operator.py
[2025-01-26T23:30:34.687+0000] {processor.py:914} INFO - Processing file /home/airflow/.local/lib/python3.12/site-packages/airflow/example_dags/example_branch_operator.py for tasks to queue
[2025-01-26T23:30:34.691+0000] {logging_mixin.py:190} INFO - [2025-01-26T23:30:34.690+0000] {dagbag.py:588} INFO - Filling up the DagBag from /home/airflow/.local/lib/python3.12/site-packages/airflow/example_dags/example_branch_operator.py
[2025-01-26T23:30:34.723+0000] {processor.py:925} INFO - DAG(s) 'example_branch_operator' retrieved from /home/airflow/.local/lib/python3.12/site-packages/airflow/example_dags/example_branch_operator.py
[2025-01-26T23:30:34.758+0000] {logging_mixin.py:190} INFO - [2025-01-26T23:30:34.758+0000] {dag.py:3239} INFO - Sync 1 DAGs
[2025-01-26T23:30:34.801+0000] {logging_mixin.py:190} INFO - [2025-01-26T23:30:34.800+0000] {dag.py:4180} INFO - Setting next_dagrun for example_branch_operator to 2025-01-25 00:00:00+00:00, run_after=2025-01-26 00:00:00+00:00
[2025-01-26T23:30:34.829+0000] {processor.py:208} INFO - Processing /home/airflow/.local/lib/python3.12/site-packages/airflow/example_dags/example_branch_operator.py took 0.151 seconds
[2025-01-26T23:31:05.305+0000] {processor.py:186} INFO - Started process (PID=214) to work on /home/airflow/.local/lib/python3.12/site-packages/airflow/example_dags/example_branch_operator.py
[2025-01-26T23:31:05.306+0000] {processor.py:914} INFO - Processing file /home/airflow/.local/lib/python3.12/site-packages/airflow/example_dags/example_branch_operator.py for tasks to queue
[2025-01-26T23:31:05.308+0000] {logging_mixin.py:190} INFO - [2025-01-26T23:31:05.308+0000] {dagbag.py:588} INFO - Filling up the DagBag from /home/airflow/.local/lib/python3.12/site-packages/airflow/example_dags/example_branch_operator.py
[2025-01-26T23:31:05.335+0000] {processor.py:925} INFO - DAG(s) 'example_branch_operator' retrieved from /home/airflow/.local/lib/python3.12/site-packages/airflow/example_dags/example_branch_operator.py
[2025-01-26T23:31:05.368+0000] {logging_mixin.py:190} INFO - [2025-01-26T23:31:05.367+0000] {dag.py:3239} INFO - Sync 1 DAGs
[2025-01-26T23:31:05.398+0000] {logging_mixin.py:190} INFO - [2025-01-26T23:31:05.398+0000] {dag.py:4180} INFO - Setting next_dagrun for example_branch_operator to 2025-01-25 00:00:00+00:00, run_after=2025-01-26 00:00:00+00:00
[2025-01-26T23:31:05.419+0000] {processor.py:208} INFO - Processing /home/airflow/.local/lib/python3.12/site-packages/airflow/example_dags/example_branch_operator.py took 0.119 seconds
[2025-01-26T23:31:36.791+0000] {processor.py:186} INFO - Started process (PID=279) to work on /home/airflow/.local/lib/python3.12/site-packages/airflow/example_dags/example_branch_operator.py
[2025-01-26T23:31:36.792+0000] {processor.py:914} INFO - Processing file /home/airflow/.local/lib/python3.12/site-packages/airflow/example_dags/example_branch_operator.py for tasks to queue
[2025-01-26T23:31:36.794+0000] {logging_mixin.py:190} INFO - [2025-01-26T23:31:36.794+0000] {dagbag.py:588} INFO - Filling up the DagBag from /home/airflow/.local/lib/python3.12/site-packages/airflow/example_dags/example_branch_operator.py
[2025-01-26T23:31:36.813+0000] {processor.py:925} INFO - DAG(s) 'example_branch_operator' retrieved from /home/airflow/.local/lib/python3.12/site-packages/airflow/example_dags/example_branch_operator.py
[2025-01-26T23:31:36.841+0000] {logging_mixin.py:190} INFO - [2025-01-26T23:31:36.840+0000] {dag.py:3239} INFO - Sync 1 DAGs
[2025-01-26T23:31:36.869+0000] {logging_mixin.py:190} INFO - [2025-01-26T23:31:36.868+0000] {dag.py:4180} INFO - Setting next_dagrun for example_branch_operator to 2025-01-25 00:00:00+00:00, run_after=2025-01-26 00:00:00+00:00
[2025-01-26T23:31:36.887+0000] {processor.py:208} INFO - Processing /home/airflow/.local/lib/python3.12/site-packages/airflow/example_dags/example_branch_operator.py took 0.101 seconds
[2025-01-26T23:32:13.195+0000] {processor.py:186} INFO - Started process (PID=344) to work on /home/airflow/.local/lib/python3.12/site-packages/airflow/example_dags/example_branch_operator.py
[2025-01-26T23:32:13.384+0000] {processor.py:914} INFO - Processing file /home/airflow/.local/lib/python3.12/site-packages/airflow/example_dags/example_branch_operator.py for tasks to queue
[2025-01-26T23:32:13.401+0000] {logging_mixin.py:190} INFO - [2025-01-26T23:32:13.400+0000] {dagbag.py:588} INFO - Filling up the DagBag from /home/airflow/.local/lib/python3.12/site-packages/airflow/example_dags/example_branch_operator.py
[2025-01-26T23:32:13.466+0000] {processor.py:925} INFO - DAG(s) 'example_branch_operator' retrieved from /home/airflow/.local/lib/python3.12/site-packages/airflow/example_dags/example_branch_operator.py
[2025-01-26T23:32:13.563+0000] {logging_mixin.py:190} INFO - [2025-01-26T23:32:13.562+0000] {dag.py:3239} INFO - Sync 1 DAGs
[2025-01-26T23:32:13.701+0000] {logging_mixin.py:190} INFO - [2025-01-26T23:32:13.701+0000] {dag.py:4180} INFO - Setting next_dagrun for example_branch_operator to 2025-01-25 00:00:00+00:00, run_after=2025-01-26 00:00:00+00:00
[2025-01-26T23:32:13.861+0000] {processor.py:208} INFO - Processing /home/airflow/.local/lib/python3.12/site-packages/airflow/example_dags/example_branch_operator.py took 0.673 seconds
[2025-01-26T23:32:44.836+0000] {processor.py:186} INFO - Started process (PID=409) to work on /home/airflow/.local/lib/python3.12/site-packages/airflow/example_dags/example_branch_operator.py
[2025-01-26T23:32:44.837+0000] {processor.py:914} INFO - Processing file /home/airflow/.local/lib/python3.12/site-packages/airflow/example_dags/example_branch_operator.py for tasks to queue
[2025-01-26T23:32:44.840+0000] {logging_mixin.py:190} INFO - [2025-01-26T23:32:44.839+0000] {dagbag.py:588} INFO - Filling up the DagBag from /home/airflow/.local/lib/python3.12/site-packages/airflow/example_dags/example_branch_operator.py
[2025-01-26T23:32:44.857+0000] {processor.py:925} INFO - DAG(s) 'example_branch_operator' retrieved from /home/airflow/.local/lib/python3.12/site-packages/airflow/example_dags/example_branch_operator.py
[2025-01-26T23:32:44.891+0000] {logging_mixin.py:190} INFO - [2025-01-26T23:32:44.891+0000] {dag.py:3239} INFO - Sync 1 DAGs
[2025-01-26T23:32:44.916+0000] {logging_mixin.py:190} INFO - [2025-01-26T23:32:44.916+0000] {dag.py:4180} INFO - Setting next_dagrun for example_branch_operator to 2025-01-25 00:00:00+00:00, run_after=2025-01-26 00:00:00+00:00
[2025-01-26T23:32:44.936+0000] {processor.py:208} INFO - Processing /home/airflow/.local/lib/python3.12/site-packages/airflow/example_dags/example_branch_operator.py took 0.106 seconds
[2025-01-26T23:33:15.123+0000] {processor.py:186} INFO - Started process (PID=474) to work on /home/airflow/.local/lib/python3.12/site-packages/airflow/example_dags/example_branch_operator.py
[2025-01-26T23:33:15.124+0000] {processor.py:914} INFO - Processing file /home/airflow/.local/lib/python3.12/site-packages/airflow/example_dags/example_branch_operator.py for tasks to queue
[2025-01-26T23:33:15.127+0000] {logging_mixin.py:190} INFO - [2025-01-26T23:33:15.126+0000] {dagbag.py:588} INFO - Filling up the DagBag from /home/airflow/.local/lib/python3.12/site-packages/airflow/example_dags/example_branch_operator.py
[2025-01-26T23:33:15.156+0000] {processor.py:925} INFO - DAG(s) 'example_branch_operator' retrieved from /home/airflow/.local/lib/python3.12/site-packages/airflow/example_dags/example_branch_operator.py
[2025-01-26T23:33:15.225+0000] {logging_mixin.py:190} INFO - [2025-01-26T23:33:15.224+0000] {dag.py:3239} INFO - Sync 1 DAGs
[2025-01-26T23:33:15.266+0000] {logging_mixin.py:190} INFO - [2025-01-26T23:33:15.266+0000] {dag.py:4180} INFO - Setting next_dagrun for example_branch_operator to 2025-01-25 00:00:00+00:00, run_after=2025-01-26 00:00:00+00:00
[2025-01-26T23:33:15.305+0000] {processor.py:208} INFO - Processing /home/airflow/.local/lib/python3.12/site-packages/airflow/example_dags/example_branch_operator.py took 0.190 seconds
[2025-01-26T23:33:45.400+0000] {processor.py:186} INFO - Started process (PID=538) to work on /home/airflow/.local/lib/python3.12/site-packages/airflow/example_dags/example_branch_operator.py
[2025-01-26T23:33:45.401+0000] {processor.py:914} INFO - Processing file /home/airflow/.local/lib/python3.12/site-packages/airflow/example_dags/example_branch_operator.py for tasks to queue
[2025-01-26T23:33:45.403+0000] {logging_mixin.py:190} INFO - [2025-01-26T23:33:45.403+0000] {dagbag.py:588} INFO - Filling up the DagBag from /home/airflow/.local/lib/python3.12/site-packages/airflow/example_dags/example_branch_operator.py
[2025-01-26T23:33:45.426+0000] {processor.py:925} INFO - DAG(s) 'example_branch_operator' retrieved from /home/airflow/.local/lib/python3.12/site-packages/airflow/example_dags/example_branch_operator.py
[2025-01-26T23:33:45.458+0000] {logging_mixin.py:190} INFO - [2025-01-26T23:33:45.458+0000] {dag.py:3239} INFO - Sync 1 DAGs
[2025-01-26T23:33:45.483+0000] {logging_mixin.py:190} INFO - [2025-01-26T23:33:45.482+0000] {dag.py:4180} INFO - Setting next_dagrun for example_branch_operator to 2025-01-25 00:00:00+00:00, run_after=2025-01-26 00:00:00+00:00
[2025-01-26T23:33:45.500+0000] {processor.py:208} INFO - Processing /home/airflow/.local/lib/python3.12/site-packages/airflow/example_dags/example_branch_operator.py took 0.106 seconds
[2025-01-26T23:34:17.024+0000] {processor.py:186} INFO - Started process (PID=603) to work on /home/airflow/.local/lib/python3.12/site-packages/airflow/example_dags/example_branch_operator.py
[2025-01-26T23:34:17.026+0000] {processor.py:914} INFO - Processing file /home/airflow/.local/lib/python3.12/site-packages/airflow/example_dags/example_branch_operator.py for tasks to queue
[2025-01-26T23:34:17.028+0000] {logging_mixin.py:190} INFO - [2025-01-26T23:34:17.027+0000] {dagbag.py:588} INFO - Filling up the DagBag from /home/airflow/.local/lib/python3.12/site-packages/airflow/example_dags/example_branch_operator.py
[2025-01-26T23:34:17.046+0000] {processor.py:925} INFO - DAG(s) 'example_branch_operator' retrieved from /home/airflow/.local/lib/python3.12/site-packages/airflow/example_dags/example_branch_operator.py
[2025-01-26T23:34:17.078+0000] {logging_mixin.py:190} INFO - [2025-01-26T23:34:17.078+0000] {dag.py:3239} INFO - Sync 1 DAGs
[2025-01-26T23:34:17.109+0000] {logging_mixin.py:190} INFO - [2025-01-26T23:34:17.108+0000] {dag.py:4180} INFO - Setting next_dagrun for example_branch_operator to 2025-01-25 00:00:00+00:00, run_after=2025-01-26 00:00:00+00:00
[2025-01-26T23:34:17.128+0000] {processor.py:208} INFO - Processing /home/airflow/.local/lib/python3.12/site-packages/airflow/example_dags/example_branch_operator.py took 0.110 seconds
[2025-01-26T23:34:48.610+0000] {processor.py:186} INFO - Started process (PID=668) to work on /home/airflow/.local/lib/python3.12/site-packages/airflow/example_dags/example_branch_operator.py
[2025-01-26T23:34:48.611+0000] {processor.py:914} INFO - Processing file /home/airflow/.local/lib/python3.12/site-packages/airflow/example_dags/example_branch_operator.py for tasks to queue
[2025-01-26T23:34:48.614+0000] {logging_mixin.py:190} INFO - [2025-01-26T23:34:48.614+0000] {dagbag.py:588} INFO - Filling up the DagBag from /home/airflow/.local/lib/python3.12/site-packages/airflow/example_dags/example_branch_operator.py
[2025-01-26T23:34:48.635+0000] {processor.py:925} INFO - DAG(s) 'example_branch_operator' retrieved from /home/airflow/.local/lib/python3.12/site-packages/airflow/example_dags/example_branch_operator.py
[2025-01-26T23:34:48.665+0000] {logging_mixin.py:190} INFO - [2025-01-26T23:34:48.664+0000] {dag.py:3239} INFO - Sync 1 DAGs
[2025-01-26T23:34:48.691+0000] {logging_mixin.py:190} INFO - [2025-01-26T23:34:48.691+0000] {dag.py:4180} INFO - Setting next_dagrun for example_branch_operator to 2025-01-25 00:00:00+00:00, run_after=2025-01-26 00:00:00+00:00
[2025-01-26T23:34:48.725+0000] {processor.py:208} INFO - Processing /home/airflow/.local/lib/python3.12/site-packages/airflow/example_dags/example_branch_operator.py took 0.121 seconds
[2025-01-26T23:35:19.940+0000] {processor.py:186} INFO - Started process (PID=733) to work on /home/airflow/.local/lib/python3.12/site-packages/airflow/example_dags/example_branch_operator.py
[2025-01-26T23:35:19.941+0000] {processor.py:914} INFO - Processing file /home/airflow/.local/lib/python3.12/site-packages/airflow/example_dags/example_branch_operator.py for tasks to queue
[2025-01-26T23:35:19.944+0000] {logging_mixin.py:190} INFO - [2025-01-26T23:35:19.943+0000] {dagbag.py:588} INFO - Filling up the DagBag from /home/airflow/.local/lib/python3.12/site-packages/airflow/example_dags/example_branch_operator.py
[2025-01-26T23:35:19.965+0000] {processor.py:925} INFO - DAG(s) 'example_branch_operator' retrieved from /home/airflow/.local/lib/python3.12/site-packages/airflow/example_dags/example_branch_operator.py
[2025-01-26T23:35:19.999+0000] {logging_mixin.py:190} INFO - [2025-01-26T23:35:19.999+0000] {dag.py:3239} INFO - Sync 1 DAGs
[2025-01-26T23:35:20.028+0000] {logging_mixin.py:190} INFO - [2025-01-26T23:35:20.028+0000] {dag.py:4180} INFO - Setting next_dagrun for example_branch_operator to 2025-01-25 00:00:00+00:00, run_after=2025-01-26 00:00:00+00:00
[2025-01-26T23:35:20.051+0000] {processor.py:208} INFO - Processing /home/airflow/.local/lib/python3.12/site-packages/airflow/example_dags/example_branch_operator.py took 0.118 seconds
[2025-01-26T23:35:51.629+0000] {processor.py:186} INFO - Started process (PID=798) to work on /home/airflow/.local/lib/python3.12/site-packages/airflow/example_dags/example_branch_operator.py
[2025-01-26T23:35:51.630+0000] {processor.py:914} INFO - Processing file /home/airflow/.local/lib/python3.12/site-packages/airflow/example_dags/example_branch_operator.py for tasks to queue
[2025-01-26T23:35:51.633+0000] {logging_mixin.py:190} INFO - [2025-01-26T23:35:51.633+0000] {dagbag.py:588} INFO - Filling up the DagBag from /home/airflow/.local/lib/python3.12/site-packages/airflow/example_dags/example_branch_operator.py
[2025-01-26T23:35:51.650+0000] {processor.py:925} INFO - DAG(s) 'example_branch_operator' retrieved from /home/airflow/.local/lib/python3.12/site-packages/airflow/example_dags/example_branch_operator.py
[2025-01-26T23:35:51.684+0000] {logging_mixin.py:190} INFO - [2025-01-26T23:35:51.684+0000] {dag.py:3239} INFO - Sync 1 DAGs
[2025-01-26T23:35:51.716+0000] {logging_mixin.py:190} INFO - [2025-01-26T23:35:51.715+0000] {dag.py:4180} INFO - Setting next_dagrun for example_branch_operator to 2025-01-25 00:00:00+00:00, run_after=2025-01-26 00:00:00+00:00
[2025-01-26T23:35:51.736+0000] {processor.py:208} INFO - Processing /home/airflow/.local/lib/python3.12/site-packages/airflow/example_dags/example_branch_operator.py took 0.112 seconds
[2025-01-26T23:36:23.116+0000] {processor.py:186} INFO - Started process (PID=863) to work on /home/airflow/.local/lib/python3.12/site-packages/airflow/example_dags/example_branch_operator.py
[2025-01-26T23:36:23.117+0000] {processor.py:914} INFO - Processing file /home/airflow/.local/lib/python3.12/site-packages/airflow/example_dags/example_branch_operator.py for tasks to queue
[2025-01-26T23:36:23.119+0000] {logging_mixin.py:190} INFO - [2025-01-26T23:36:23.119+0000] {dagbag.py:588} INFO - Filling up the DagBag from /home/airflow/.local/lib/python3.12/site-packages/airflow/example_dags/example_branch_operator.py
[2025-01-26T23:36:23.137+0000] {processor.py:925} INFO - DAG(s) 'example_branch_operator' retrieved from /home/airflow/.local/lib/python3.12/site-packages/airflow/example_dags/example_branch_operator.py
[2025-01-26T23:36:23.166+0000] {logging_mixin.py:190} INFO - [2025-01-26T23:36:23.166+0000] {dag.py:3239} INFO - Sync 1 DAGs
[2025-01-26T23:36:23.197+0000] {logging_mixin.py:190} INFO - [2025-01-26T23:36:23.197+0000] {dag.py:4180} INFO - Setting next_dagrun for example_branch_operator to 2025-01-25 00:00:00+00:00, run_after=2025-01-26 00:00:00+00:00
[2025-01-26T23:36:23.215+0000] {processor.py:208} INFO - Processing /home/airflow/.local/lib/python3.12/site-packages/airflow/example_dags/example_branch_operator.py took 0.106 seconds
[2025-01-26T23:36:57.181+0000] {processor.py:186} INFO - Started process (PID=928) to work on /home/airflow/.local/lib/python3.12/site-packages/airflow/example_dags/example_branch_operator.py
[2025-01-26T23:36:57.182+0000] {processor.py:914} INFO - Processing file /home/airflow/.local/lib/python3.12/site-packages/airflow/example_dags/example_branch_operator.py for tasks to queue
[2025-01-26T23:36:57.186+0000] {logging_mixin.py:190} INFO - [2025-01-26T23:36:57.185+0000] {dagbag.py:588} INFO - Filling up the DagBag from /home/airflow/.local/lib/python3.12/site-packages/airflow/example_dags/example_branch_operator.py
[2025-01-26T23:36:57.223+0000] {processor.py:925} INFO - DAG(s) 'example_branch_operator' retrieved from /home/airflow/.local/lib/python3.12/site-packages/airflow/example_dags/example_branch_operator.py
[2025-01-26T23:36:57.284+0000] {logging_mixin.py:190} INFO - [2025-01-26T23:36:57.284+0000] {dag.py:3239} INFO - Sync 1 DAGs
[2025-01-26T23:36:57.334+0000] {logging_mixin.py:190} INFO - [2025-01-26T23:36:57.333+0000] {dag.py:4180} INFO - Setting next_dagrun for example_branch_operator to 2025-01-25 00:00:00+00:00, run_after=2025-01-26 00:00:00+00:00
[2025-01-26T23:36:57.433+0000] {processor.py:208} INFO - Processing /home/airflow/.local/lib/python3.12/site-packages/airflow/example_dags/example_branch_operator.py took 0.264 seconds
[2025-01-26T23:37:29.040+0000] {processor.py:186} INFO - Started process (PID=993) to work on /home/airflow/.local/lib/python3.12/site-packages/airflow/example_dags/example_branch_operator.py
[2025-01-26T23:37:29.041+0000] {processor.py:914} INFO - Processing file /home/airflow/.local/lib/python3.12/site-packages/airflow/example_dags/example_branch_operator.py for tasks to queue
[2025-01-26T23:37:29.057+0000] {logging_mixin.py:190} INFO - [2025-01-26T23:37:29.057+0000] {dagbag.py:588} INFO - Filling up the DagBag from /home/airflow/.local/lib/python3.12/site-packages/airflow/example_dags/example_branch_operator.py
[2025-01-26T23:37:29.116+0000] {processor.py:925} INFO - DAG(s) 'example_branch_operator' retrieved from /home/airflow/.local/lib/python3.12/site-packages/airflow/example_dags/example_branch_operator.py
[2025-01-26T23:37:29.163+0000] {logging_mixin.py:190} INFO - [2025-01-26T23:37:29.162+0000] {dag.py:3239} INFO - Sync 1 DAGs
[2025-01-26T23:37:29.207+0000] {logging_mixin.py:190} INFO - [2025-01-26T23:37:29.207+0000] {dag.py:4180} INFO - Setting next_dagrun for example_branch_operator to 2025-01-25 00:00:00+00:00, run_after=2025-01-26 00:00:00+00:00
[2025-01-26T23:37:29.257+0000] {processor.py:208} INFO - Processing /home/airflow/.local/lib/python3.12/site-packages/airflow/example_dags/example_branch_operator.py took 0.225 seconds
[2025-01-26T23:38:00.386+0000] {processor.py:186} INFO - Started process (PID=1064) to work on /home/airflow/.local/lib/python3.12/site-packages/airflow/example_dags/example_branch_operator.py
[2025-01-26T23:38:00.387+0000] {processor.py:914} INFO - Processing file /home/airflow/.local/lib/python3.12/site-packages/airflow/example_dags/example_branch_operator.py for tasks to queue
[2025-01-26T23:38:00.390+0000] {logging_mixin.py:190} INFO - [2025-01-26T23:38:00.390+0000] {dagbag.py:588} INFO - Filling up the DagBag from /home/airflow/.local/lib/python3.12/site-packages/airflow/example_dags/example_branch_operator.py
[2025-01-26T23:38:00.418+0000] {processor.py:925} INFO - DAG(s) 'example_branch_operator' retrieved from /home/airflow/.local/lib/python3.12/site-packages/airflow/example_dags/example_branch_operator.py
[2025-01-26T23:38:00.451+0000] {logging_mixin.py:190} INFO - [2025-01-26T23:38:00.451+0000] {dag.py:3239} INFO - Sync 1 DAGs
[2025-01-26T23:38:00.485+0000] {logging_mixin.py:190} INFO - [2025-01-26T23:38:00.484+0000] {dag.py:4180} INFO - Setting next_dagrun for example_branch_operator to 2025-01-25 00:00:00+00:00, run_after=2025-01-26 00:00:00+00:00
[2025-01-26T23:38:00.513+0000] {processor.py:208} INFO - Processing /home/airflow/.local/lib/python3.12/site-packages/airflow/example_dags/example_branch_operator.py took 0.136 seconds
[2025-01-26T23:38:31.189+0000] {processor.py:186} INFO - Started process (PID=1129) to work on /home/airflow/.local/lib/python3.12/site-packages/airflow/example_dags/example_branch_operator.py
[2025-01-26T23:38:31.190+0000] {processor.py:914} INFO - Processing file /home/airflow/.local/lib/python3.12/site-packages/airflow/example_dags/example_branch_operator.py for tasks to queue
[2025-01-26T23:38:31.192+0000] {logging_mixin.py:190} INFO - [2025-01-26T23:38:31.192+0000] {dagbag.py:588} INFO - Filling up the DagBag from /home/airflow/.local/lib/python3.12/site-packages/airflow/example_dags/example_branch_operator.py
[2025-01-26T23:38:31.215+0000] {processor.py:925} INFO - DAG(s) 'example_branch_operator' retrieved from /home/airflow/.local/lib/python3.12/site-packages/airflow/example_dags/example_branch_operator.py
[2025-01-26T23:38:31.243+0000] {logging_mixin.py:190} INFO - [2025-01-26T23:38:31.242+0000] {dag.py:3239} INFO - Sync 1 DAGs
[2025-01-26T23:38:31.275+0000] {logging_mixin.py:190} INFO - [2025-01-26T23:38:31.275+0000] {dag.py:4180} INFO - Setting next_dagrun for example_branch_operator to 2025-01-25 00:00:00+00:00, run_after=2025-01-26 00:00:00+00:00
[2025-01-26T23:38:31.296+0000] {processor.py:208} INFO - Processing /home/airflow/.local/lib/python3.12/site-packages/airflow/example_dags/example_branch_operator.py took 0.114 seconds
[2025-01-26T23:39:02.161+0000] {processor.py:186} INFO - Started process (PID=1194) to work on /home/airflow/.local/lib/python3.12/site-packages/airflow/example_dags/example_branch_operator.py
[2025-01-26T23:39:02.162+0000] {processor.py:914} INFO - Processing file /home/airflow/.local/lib/python3.12/site-packages/airflow/example_dags/example_branch_operator.py for tasks to queue
[2025-01-26T23:39:02.166+0000] {logging_mixin.py:190} INFO - [2025-01-26T23:39:02.166+0000] {dagbag.py:588} INFO - Filling up the DagBag from /home/airflow/.local/lib/python3.12/site-packages/airflow/example_dags/example_branch_operator.py
[2025-01-26T23:39:02.188+0000] {processor.py:925} INFO - DAG(s) 'example_branch_operator' retrieved from /home/airflow/.local/lib/python3.12/site-packages/airflow/example_dags/example_branch_operator.py
[2025-01-26T23:39:02.218+0000] {logging_mixin.py:190} INFO - [2025-01-26T23:39:02.217+0000] {dag.py:3239} INFO - Sync 1 DAGs
[2025-01-26T23:39:02.244+0000] {logging_mixin.py:190} INFO - [2025-01-26T23:39:02.244+0000] {dag.py:4180} INFO - Setting next_dagrun for example_branch_operator to 2025-01-25 00:00:00+00:00, run_after=2025-01-26 00:00:00+00:00
[2025-01-26T23:39:02.263+0000] {processor.py:208} INFO - Processing /home/airflow/.local/lib/python3.12/site-packages/airflow/example_dags/example_branch_operator.py took 0.109 seconds
[2025-01-26T23:39:33.104+0000] {processor.py:186} INFO - Started process (PID=1259) to work on /home/airflow/.local/lib/python3.12/site-packages/airflow/example_dags/example_branch_operator.py
[2025-01-26T23:39:33.105+0000] {processor.py:914} INFO - Processing file /home/airflow/.local/lib/python3.12/site-packages/airflow/example_dags/example_branch_operator.py for tasks to queue
[2025-01-26T23:39:33.108+0000] {logging_mixin.py:190} INFO - [2025-01-26T23:39:33.107+0000] {dagbag.py:588} INFO - Filling up the DagBag from /home/airflow/.local/lib/python3.12/site-packages/airflow/example_dags/example_branch_operator.py
[2025-01-26T23:39:33.126+0000] {processor.py:925} INFO - DAG(s) 'example_branch_operator' retrieved from /home/airflow/.local/lib/python3.12/site-packages/airflow/example_dags/example_branch_operator.py
[2025-01-26T23:39:33.159+0000] {logging_mixin.py:190} INFO - [2025-01-26T23:39:33.158+0000] {dag.py:3239} INFO - Sync 1 DAGs
[2025-01-26T23:39:33.186+0000] {logging_mixin.py:190} INFO - [2025-01-26T23:39:33.186+0000] {dag.py:4180} INFO - Setting next_dagrun for example_branch_operator to 2025-01-25 00:00:00+00:00, run_after=2025-01-26 00:00:00+00:00
[2025-01-26T23:39:33.205+0000] {processor.py:208} INFO - Processing /home/airflow/.local/lib/python3.12/site-packages/airflow/example_dags/example_branch_operator.py took 0.107 seconds
[2025-01-26T23:40:03.962+0000] {processor.py:186} INFO - Started process (PID=1324) to work on /home/airflow/.local/lib/python3.12/site-packages/airflow/example_dags/example_branch_operator.py
[2025-01-26T23:40:03.963+0000] {processor.py:914} INFO - Processing file /home/airflow/.local/lib/python3.12/site-packages/airflow/example_dags/example_branch_operator.py for tasks to queue
[2025-01-26T23:40:03.965+0000] {logging_mixin.py:190} INFO - [2025-01-26T23:40:03.965+0000] {dagbag.py:588} INFO - Filling up the DagBag from /home/airflow/.local/lib/python3.12/site-packages/airflow/example_dags/example_branch_operator.py
[2025-01-26T23:40:03.985+0000] {processor.py:925} INFO - DAG(s) 'example_branch_operator' retrieved from /home/airflow/.local/lib/python3.12/site-packages/airflow/example_dags/example_branch_operator.py
[2025-01-26T23:40:04.018+0000] {logging_mixin.py:190} INFO - [2025-01-26T23:40:04.018+0000] {dag.py:3239} INFO - Sync 1 DAGs
[2025-01-26T23:40:04.044+0000] {logging_mixin.py:190} INFO - [2025-01-26T23:40:04.044+0000] {dag.py:4180} INFO - Setting next_dagrun for example_branch_operator to 2025-01-25 00:00:00+00:00, run_after=2025-01-26 00:00:00+00:00
[2025-01-26T23:40:04.064+0000] {processor.py:208} INFO - Processing /home/airflow/.local/lib/python3.12/site-packages/airflow/example_dags/example_branch_operator.py took 0.109 seconds
[2025-01-26T23:40:34.759+0000] {processor.py:186} INFO - Started process (PID=1389) to work on /home/airflow/.local/lib/python3.12/site-packages/airflow/example_dags/example_branch_operator.py
[2025-01-26T23:40:34.761+0000] {processor.py:914} INFO - Processing file /home/airflow/.local/lib/python3.12/site-packages/airflow/example_dags/example_branch_operator.py for tasks to queue
[2025-01-26T23:40:34.763+0000] {logging_mixin.py:190} INFO - [2025-01-26T23:40:34.763+0000] {dagbag.py:588} INFO - Filling up the DagBag from /home/airflow/.local/lib/python3.12/site-packages/airflow/example_dags/example_branch_operator.py
[2025-01-26T23:40:34.781+0000] {processor.py:925} INFO - DAG(s) 'example_branch_operator' retrieved from /home/airflow/.local/lib/python3.12/site-packages/airflow/example_dags/example_branch_operator.py
[2025-01-26T23:40:34.808+0000] {logging_mixin.py:190} INFO - [2025-01-26T23:40:34.808+0000] {dag.py:3239} INFO - Sync 1 DAGs
[2025-01-26T23:40:34.835+0000] {logging_mixin.py:190} INFO - [2025-01-26T23:40:34.835+0000] {dag.py:4180} INFO - Setting next_dagrun for example_branch_operator to 2025-01-25 00:00:00+00:00, run_after=2025-01-26 00:00:00+00:00
[2025-01-26T23:40:34.857+0000] {processor.py:208} INFO - Processing /home/airflow/.local/lib/python3.12/site-packages/airflow/example_dags/example_branch_operator.py took 0.102 seconds
[2025-01-26T23:41:05.251+0000] {processor.py:186} INFO - Started process (PID=1453) to work on /home/airflow/.local/lib/python3.12/site-packages/airflow/example_dags/example_branch_operator.py
[2025-01-26T23:41:05.252+0000] {processor.py:914} INFO - Processing file /home/airflow/.local/lib/python3.12/site-packages/airflow/example_dags/example_branch_operator.py for tasks to queue
[2025-01-26T23:41:05.254+0000] {logging_mixin.py:190} INFO - [2025-01-26T23:41:05.254+0000] {dagbag.py:588} INFO - Filling up the DagBag from /home/airflow/.local/lib/python3.12/site-packages/airflow/example_dags/example_branch_operator.py
[2025-01-26T23:41:05.272+0000] {processor.py:925} INFO - DAG(s) 'example_branch_operator' retrieved from /home/airflow/.local/lib/python3.12/site-packages/airflow/example_dags/example_branch_operator.py
[2025-01-26T23:41:05.299+0000] {logging_mixin.py:190} INFO - [2025-01-26T23:41:05.299+0000] {dag.py:3239} INFO - Sync 1 DAGs
[2025-01-26T23:41:05.325+0000] {logging_mixin.py:190} INFO - [2025-01-26T23:41:05.325+0000] {dag.py:4180} INFO - Setting next_dagrun for example_branch_operator to 2025-01-25 00:00:00+00:00, run_after=2025-01-26 00:00:00+00:00
[2025-01-26T23:41:05.346+0000] {processor.py:208} INFO - Processing /home/airflow/.local/lib/python3.12/site-packages/airflow/example_dags/example_branch_operator.py took 0.101 seconds
[2025-01-26T23:41:36.155+0000] {processor.py:186} INFO - Started process (PID=1518) to work on /home/airflow/.local/lib/python3.12/site-packages/airflow/example_dags/example_branch_operator.py
[2025-01-26T23:41:36.156+0000] {processor.py:914} INFO - Processing file /home/airflow/.local/lib/python3.12/site-packages/airflow/example_dags/example_branch_operator.py for tasks to queue
[2025-01-26T23:41:36.159+0000] {logging_mixin.py:190} INFO - [2025-01-26T23:41:36.158+0000] {dagbag.py:588} INFO - Filling up the DagBag from /home/airflow/.local/lib/python3.12/site-packages/airflow/example_dags/example_branch_operator.py
[2025-01-26T23:41:36.175+0000] {processor.py:925} INFO - DAG(s) 'example_branch_operator' retrieved from /home/airflow/.local/lib/python3.12/site-packages/airflow/example_dags/example_branch_operator.py
[2025-01-26T23:41:36.215+0000] {logging_mixin.py:190} INFO - [2025-01-26T23:41:36.215+0000] {dag.py:3239} INFO - Sync 1 DAGs
[2025-01-26T23:41:36.238+0000] {logging_mixin.py:190} INFO - [2025-01-26T23:41:36.238+0000] {dag.py:4180} INFO - Setting next_dagrun for example_branch_operator to 2025-01-25 00:00:00+00:00, run_after=2025-01-26 00:00:00+00:00
[2025-01-26T23:41:36.255+0000] {processor.py:208} INFO - Processing /home/airflow/.local/lib/python3.12/site-packages/airflow/example_dags/example_branch_operator.py took 0.105 seconds
[2025-01-26T23:42:07.096+0000] {processor.py:186} INFO - Started process (PID=1583) to work on /home/airflow/.local/lib/python3.12/site-packages/airflow/example_dags/example_branch_operator.py
[2025-01-26T23:42:07.097+0000] {processor.py:914} INFO - Processing file /home/airflow/.local/lib/python3.12/site-packages/airflow/example_dags/example_branch_operator.py for tasks to queue
[2025-01-26T23:42:07.101+0000] {logging_mixin.py:190} INFO - [2025-01-26T23:42:07.101+0000] {dagbag.py:588} INFO - Filling up the DagBag from /home/airflow/.local/lib/python3.12/site-packages/airflow/example_dags/example_branch_operator.py
[2025-01-26T23:42:07.122+0000] {processor.py:925} INFO - DAG(s) 'example_branch_operator' retrieved from /home/airflow/.local/lib/python3.12/site-packages/airflow/example_dags/example_branch_operator.py
[2025-01-26T23:42:07.153+0000] {logging_mixin.py:190} INFO - [2025-01-26T23:42:07.152+0000] {dag.py:3239} INFO - Sync 1 DAGs
[2025-01-26T23:42:07.180+0000] {logging_mixin.py:190} INFO - [2025-01-26T23:42:07.180+0000] {dag.py:4180} INFO - Setting next_dagrun for example_branch_operator to 2025-01-25 00:00:00+00:00, run_after=2025-01-26 00:00:00+00:00
[2025-01-26T23:42:07.201+0000] {processor.py:208} INFO - Processing /home/airflow/.local/lib/python3.12/site-packages/airflow/example_dags/example_branch_operator.py took 0.119 seconds
[2025-01-26T23:42:38.570+0000] {processor.py:186} INFO - Started process (PID=1649) to work on /home/airflow/.local/lib/python3.12/site-packages/airflow/example_dags/example_branch_operator.py
[2025-01-26T23:42:38.571+0000] {processor.py:914} INFO - Processing file /home/airflow/.local/lib/python3.12/site-packages/airflow/example_dags/example_branch_operator.py for tasks to queue
[2025-01-26T23:42:38.573+0000] {logging_mixin.py:190} INFO - [2025-01-26T23:42:38.572+0000] {dagbag.py:588} INFO - Filling up the DagBag from /home/airflow/.local/lib/python3.12/site-packages/airflow/example_dags/example_branch_operator.py
[2025-01-26T23:42:38.589+0000] {processor.py:925} INFO - DAG(s) 'example_branch_operator' retrieved from /home/airflow/.local/lib/python3.12/site-packages/airflow/example_dags/example_branch_operator.py
[2025-01-26T23:42:38.614+0000] {logging_mixin.py:190} INFO - [2025-01-26T23:42:38.614+0000] {dag.py:3239} INFO - Sync 1 DAGs
[2025-01-26T23:42:38.639+0000] {logging_mixin.py:190} INFO - [2025-01-26T23:42:38.638+0000] {dag.py:4180} INFO - Setting next_dagrun for example_branch_operator to 2025-01-25 00:00:00+00:00, run_after=2025-01-26 00:00:00+00:00
[2025-01-26T23:42:38.667+0000] {processor.py:208} INFO - Processing /home/airflow/.local/lib/python3.12/site-packages/airflow/example_dags/example_branch_operator.py took 0.103 seconds
[2025-01-26T23:43:09.964+0000] {processor.py:186} INFO - Started process (PID=1714) to work on /home/airflow/.local/lib/python3.12/site-packages/airflow/example_dags/example_branch_operator.py
[2025-01-26T23:43:09.965+0000] {processor.py:914} INFO - Processing file /home/airflow/.local/lib/python3.12/site-packages/airflow/example_dags/example_branch_operator.py for tasks to queue
[2025-01-26T23:43:09.968+0000] {logging_mixin.py:190} INFO - [2025-01-26T23:43:09.967+0000] {dagbag.py:588} INFO - Filling up the DagBag from /home/airflow/.local/lib/python3.12/site-packages/airflow/example_dags/example_branch_operator.py
[2025-01-26T23:43:09.992+0000] {processor.py:925} INFO - DAG(s) 'example_branch_operator' retrieved from /home/airflow/.local/lib/python3.12/site-packages/airflow/example_dags/example_branch_operator.py
[2025-01-26T23:43:10.024+0000] {logging_mixin.py:190} INFO - [2025-01-26T23:43:10.024+0000] {dag.py:3239} INFO - Sync 1 DAGs
[2025-01-26T23:43:10.053+0000] {logging_mixin.py:190} INFO - [2025-01-26T23:43:10.052+0000] {dag.py:4180} INFO - Setting next_dagrun for example_branch_operator to 2025-01-25 00:00:00+00:00, run_after=2025-01-26 00:00:00+00:00
[2025-01-26T23:43:10.072+0000] {processor.py:208} INFO - Processing /home/airflow/.local/lib/python3.12/site-packages/airflow/example_dags/example_branch_operator.py took 0.115 seconds
[2025-01-26T23:43:41.233+0000] {processor.py:186} INFO - Started process (PID=1779) to work on /home/airflow/.local/lib/python3.12/site-packages/airflow/example_dags/example_branch_operator.py
[2025-01-26T23:43:41.234+0000] {processor.py:914} INFO - Processing file /home/airflow/.local/lib/python3.12/site-packages/airflow/example_dags/example_branch_operator.py for tasks to queue
[2025-01-26T23:43:41.237+0000] {logging_mixin.py:190} INFO - [2025-01-26T23:43:41.237+0000] {dagbag.py:588} INFO - Filling up the DagBag from /home/airflow/.local/lib/python3.12/site-packages/airflow/example_dags/example_branch_operator.py
[2025-01-26T23:43:41.266+0000] {processor.py:925} INFO - DAG(s) 'example_branch_operator' retrieved from /home/airflow/.local/lib/python3.12/site-packages/airflow/example_dags/example_branch_operator.py
[2025-01-26T23:43:41.304+0000] {logging_mixin.py:190} INFO - [2025-01-26T23:43:41.303+0000] {dag.py:3239} INFO - Sync 1 DAGs
[2025-01-26T23:43:41.331+0000] {logging_mixin.py:190} INFO - [2025-01-26T23:43:41.331+0000] {dag.py:4180} INFO - Setting next_dagrun for example_branch_operator to 2025-01-25 00:00:00+00:00, run_after=2025-01-26 00:00:00+00:00
[2025-01-26T23:43:41.357+0000] {processor.py:208} INFO - Processing /home/airflow/.local/lib/python3.12/site-packages/airflow/example_dags/example_branch_operator.py took 0.131 seconds
[2025-01-26T23:44:12.573+0000] {processor.py:186} INFO - Started process (PID=1845) to work on /home/airflow/.local/lib/python3.12/site-packages/airflow/example_dags/example_branch_operator.py
[2025-01-26T23:44:12.575+0000] {processor.py:914} INFO - Processing file /home/airflow/.local/lib/python3.12/site-packages/airflow/example_dags/example_branch_operator.py for tasks to queue
[2025-01-26T23:44:12.578+0000] {logging_mixin.py:190} INFO - [2025-01-26T23:44:12.577+0000] {dagbag.py:588} INFO - Filling up the DagBag from /home/airflow/.local/lib/python3.12/site-packages/airflow/example_dags/example_branch_operator.py
[2025-01-26T23:44:12.604+0000] {processor.py:925} INFO - DAG(s) 'example_branch_operator' retrieved from /home/airflow/.local/lib/python3.12/site-packages/airflow/example_dags/example_branch_operator.py
[2025-01-26T23:44:12.649+0000] {logging_mixin.py:190} INFO - [2025-01-26T23:44:12.649+0000] {dag.py:3239} INFO - Sync 1 DAGs
[2025-01-26T23:44:12.693+0000] {logging_mixin.py:190} INFO - [2025-01-26T23:44:12.692+0000] {dag.py:4180} INFO - Setting next_dagrun for example_branch_operator to 2025-01-25 00:00:00+00:00, run_after=2025-01-26 00:00:00+00:00
[2025-01-26T23:44:12.713+0000] {processor.py:208} INFO - Processing /home/airflow/.local/lib/python3.12/site-packages/airflow/example_dags/example_branch_operator.py took 0.148 seconds
[2025-01-26T23:44:44.646+0000] {processor.py:186} INFO - Started process (PID=1913) to work on /home/airflow/.local/lib/python3.12/site-packages/airflow/example_dags/example_branch_operator.py
[2025-01-26T23:44:44.647+0000] {processor.py:914} INFO - Processing file /home/airflow/.local/lib/python3.12/site-packages/airflow/example_dags/example_branch_operator.py for tasks to queue
[2025-01-26T23:44:44.650+0000] {logging_mixin.py:190} INFO - [2025-01-26T23:44:44.650+0000] {dagbag.py:588} INFO - Filling up the DagBag from /home/airflow/.local/lib/python3.12/site-packages/airflow/example_dags/example_branch_operator.py
[2025-01-26T23:44:44.672+0000] {processor.py:925} INFO - DAG(s) 'example_branch_operator' retrieved from /home/airflow/.local/lib/python3.12/site-packages/airflow/example_dags/example_branch_operator.py
[2025-01-26T23:44:44.708+0000] {logging_mixin.py:190} INFO - [2025-01-26T23:44:44.708+0000] {dag.py:3239} INFO - Sync 1 DAGs
[2025-01-26T23:44:44.734+0000] {logging_mixin.py:190} INFO - [2025-01-26T23:44:44.734+0000] {dag.py:4180} INFO - Setting next_dagrun for example_branch_operator to 2025-01-25 00:00:00+00:00, run_after=2025-01-26 00:00:00+00:00
[2025-01-26T23:44:44.753+0000] {processor.py:208} INFO - Processing /home/airflow/.local/lib/python3.12/site-packages/airflow/example_dags/example_branch_operator.py took 0.114 seconds
[2025-01-26T23:45:15.184+0000] {processor.py:186} INFO - Started process (PID=1977) to work on /home/airflow/.local/lib/python3.12/site-packages/airflow/example_dags/example_branch_operator.py
[2025-01-26T23:45:15.185+0000] {processor.py:914} INFO - Processing file /home/airflow/.local/lib/python3.12/site-packages/airflow/example_dags/example_branch_operator.py for tasks to queue
[2025-01-26T23:45:15.188+0000] {logging_mixin.py:190} INFO - [2025-01-26T23:45:15.188+0000] {dagbag.py:588} INFO - Filling up the DagBag from /home/airflow/.local/lib/python3.12/site-packages/airflow/example_dags/example_branch_operator.py
[2025-01-26T23:45:15.213+0000] {processor.py:925} INFO - DAG(s) 'example_branch_operator' retrieved from /home/airflow/.local/lib/python3.12/site-packages/airflow/example_dags/example_branch_operator.py
[2025-01-26T23:45:15.249+0000] {logging_mixin.py:190} INFO - [2025-01-26T23:45:15.249+0000] {dag.py:3239} INFO - Sync 1 DAGs
[2025-01-26T23:45:15.282+0000] {logging_mixin.py:190} INFO - [2025-01-26T23:45:15.282+0000] {dag.py:4180} INFO - Setting next_dagrun for example_branch_operator to 2025-01-25 00:00:00+00:00, run_after=2025-01-26 00:00:00+00:00
[2025-01-26T23:45:15.310+0000] {processor.py:208} INFO - Processing /home/airflow/.local/lib/python3.12/site-packages/airflow/example_dags/example_branch_operator.py took 0.134 seconds
[2025-01-26T23:45:46.372+0000] {processor.py:186} INFO - Started process (PID=2044) to work on /home/airflow/.local/lib/python3.12/site-packages/airflow/example_dags/example_branch_operator.py
[2025-01-26T23:45:46.373+0000] {processor.py:914} INFO - Processing file /home/airflow/.local/lib/python3.12/site-packages/airflow/example_dags/example_branch_operator.py for tasks to queue
[2025-01-26T23:45:46.376+0000] {logging_mixin.py:190} INFO - [2025-01-26T23:45:46.376+0000] {dagbag.py:588} INFO - Filling up the DagBag from /home/airflow/.local/lib/python3.12/site-packages/airflow/example_dags/example_branch_operator.py
[2025-01-26T23:45:46.403+0000] {processor.py:925} INFO - DAG(s) 'example_branch_operator' retrieved from /home/airflow/.local/lib/python3.12/site-packages/airflow/example_dags/example_branch_operator.py
[2025-01-26T23:45:46.452+0000] {logging_mixin.py:190} INFO - [2025-01-26T23:45:46.452+0000] {dag.py:3239} INFO - Sync 1 DAGs
[2025-01-26T23:45:46.486+0000] {logging_mixin.py:190} INFO - [2025-01-26T23:45:46.486+0000] {dag.py:4180} INFO - Setting next_dagrun for example_branch_operator to 2025-01-25 00:00:00+00:00, run_after=2025-01-26 00:00:00+00:00
[2025-01-26T23:45:46.513+0000] {processor.py:208} INFO - Processing /home/airflow/.local/lib/python3.12/site-packages/airflow/example_dags/example_branch_operator.py took 0.148 seconds
[2025-01-26T23:46:16.605+0000] {processor.py:186} INFO - Started process (PID=2108) to work on /home/airflow/.local/lib/python3.12/site-packages/airflow/example_dags/example_branch_operator.py
[2025-01-26T23:46:16.606+0000] {processor.py:914} INFO - Processing file /home/airflow/.local/lib/python3.12/site-packages/airflow/example_dags/example_branch_operator.py for tasks to queue
[2025-01-26T23:46:16.608+0000] {logging_mixin.py:190} INFO - [2025-01-26T23:46:16.608+0000] {dagbag.py:588} INFO - Filling up the DagBag from /home/airflow/.local/lib/python3.12/site-packages/airflow/example_dags/example_branch_operator.py
[2025-01-26T23:46:16.625+0000] {processor.py:925} INFO - DAG(s) 'example_branch_operator' retrieved from /home/airflow/.local/lib/python3.12/site-packages/airflow/example_dags/example_branch_operator.py
[2025-01-26T23:46:16.652+0000] {logging_mixin.py:190} INFO - [2025-01-26T23:46:16.652+0000] {dag.py:3239} INFO - Sync 1 DAGs
[2025-01-26T23:46:16.675+0000] {logging_mixin.py:190} INFO - [2025-01-26T23:46:16.675+0000] {dag.py:4180} INFO - Setting next_dagrun for example_branch_operator to 2025-01-25 00:00:00+00:00, run_after=2025-01-26 00:00:00+00:00
[2025-01-26T23:46:16.694+0000] {processor.py:208} INFO - Processing /home/airflow/.local/lib/python3.12/site-packages/airflow/example_dags/example_branch_operator.py took 0.096 seconds
[2025-01-26T23:46:46.934+0000] {processor.py:186} INFO - Started process (PID=2173) to work on /home/airflow/.local/lib/python3.12/site-packages/airflow/example_dags/example_branch_operator.py
[2025-01-26T23:46:46.935+0000] {processor.py:914} INFO - Processing file /home/airflow/.local/lib/python3.12/site-packages/airflow/example_dags/example_branch_operator.py for tasks to queue
[2025-01-26T23:46:46.940+0000] {logging_mixin.py:190} INFO - [2025-01-26T23:46:46.939+0000] {dagbag.py:588} INFO - Filling up the DagBag from /home/airflow/.local/lib/python3.12/site-packages/airflow/example_dags/example_branch_operator.py
[2025-01-26T23:46:46.973+0000] {processor.py:925} INFO - DAG(s) 'example_branch_operator' retrieved from /home/airflow/.local/lib/python3.12/site-packages/airflow/example_dags/example_branch_operator.py
[2025-01-26T23:46:47.014+0000] {logging_mixin.py:190} INFO - [2025-01-26T23:46:47.013+0000] {dag.py:3239} INFO - Sync 1 DAGs
[2025-01-26T23:46:47.072+0000] {logging_mixin.py:190} INFO - [2025-01-26T23:46:47.072+0000] {dag.py:4180} INFO - Setting next_dagrun for example_branch_operator to 2025-01-25 00:00:00+00:00, run_after=2025-01-26 00:00:00+00:00
[2025-01-26T23:46:47.102+0000] {processor.py:208} INFO - Processing /home/airflow/.local/lib/python3.12/site-packages/airflow/example_dags/example_branch_operator.py took 0.183 seconds
[2025-01-26T23:47:17.251+0000] {processor.py:186} INFO - Started process (PID=2238) to work on /home/airflow/.local/lib/python3.12/site-packages/airflow/example_dags/example_branch_operator.py
[2025-01-26T23:47:17.252+0000] {processor.py:914} INFO - Processing file /home/airflow/.local/lib/python3.12/site-packages/airflow/example_dags/example_branch_operator.py for tasks to queue
[2025-01-26T23:47:17.255+0000] {logging_mixin.py:190} INFO - [2025-01-26T23:47:17.254+0000] {dagbag.py:588} INFO - Filling up the DagBag from /home/airflow/.local/lib/python3.12/site-packages/airflow/example_dags/example_branch_operator.py
[2025-01-26T23:47:17.274+0000] {processor.py:925} INFO - DAG(s) 'example_branch_operator' retrieved from /home/airflow/.local/lib/python3.12/site-packages/airflow/example_dags/example_branch_operator.py
[2025-01-26T23:47:17.311+0000] {logging_mixin.py:190} INFO - [2025-01-26T23:47:17.311+0000] {dag.py:3239} INFO - Sync 1 DAGs
[2025-01-26T23:47:17.337+0000] {logging_mixin.py:190} INFO - [2025-01-26T23:47:17.337+0000] {dag.py:4180} INFO - Setting next_dagrun for example_branch_operator to 2025-01-25 00:00:00+00:00, run_after=2025-01-26 00:00:00+00:00
[2025-01-26T23:47:17.355+0000] {processor.py:208} INFO - Processing /home/airflow/.local/lib/python3.12/site-packages/airflow/example_dags/example_branch_operator.py took 0.109 seconds
[2025-01-26T23:47:47.454+0000] {processor.py:186} INFO - Started process (PID=2303) to work on /home/airflow/.local/lib/python3.12/site-packages/airflow/example_dags/example_branch_operator.py
[2025-01-26T23:47:47.455+0000] {processor.py:914} INFO - Processing file /home/airflow/.local/lib/python3.12/site-packages/airflow/example_dags/example_branch_operator.py for tasks to queue
[2025-01-26T23:47:47.458+0000] {logging_mixin.py:190} INFO - [2025-01-26T23:47:47.457+0000] {dagbag.py:588} INFO - Filling up the DagBag from /home/airflow/.local/lib/python3.12/site-packages/airflow/example_dags/example_branch_operator.py
[2025-01-26T23:47:47.480+0000] {processor.py:925} INFO - DAG(s) 'example_branch_operator' retrieved from /home/airflow/.local/lib/python3.12/site-packages/airflow/example_dags/example_branch_operator.py
[2025-01-26T23:47:47.516+0000] {logging_mixin.py:190} INFO - [2025-01-26T23:47:47.516+0000] {dag.py:3239} INFO - Sync 1 DAGs
[2025-01-26T23:47:47.555+0000] {logging_mixin.py:190} INFO - [2025-01-26T23:47:47.554+0000] {dag.py:4180} INFO - Setting next_dagrun for example_branch_operator to 2025-01-25 00:00:00+00:00, run_after=2025-01-26 00:00:00+00:00
[2025-01-26T23:47:47.581+0000] {processor.py:208} INFO - Processing /home/airflow/.local/lib/python3.12/site-packages/airflow/example_dags/example_branch_operator.py took 0.134 seconds
[2025-01-26T23:48:17.647+0000] {processor.py:186} INFO - Started process (PID=2367) to work on /home/airflow/.local/lib/python3.12/site-packages/airflow/example_dags/example_branch_operator.py
[2025-01-26T23:48:17.649+0000] {processor.py:914} INFO - Processing file /home/airflow/.local/lib/python3.12/site-packages/airflow/example_dags/example_branch_operator.py for tasks to queue
[2025-01-26T23:48:17.652+0000] {logging_mixin.py:190} INFO - [2025-01-26T23:48:17.651+0000] {dagbag.py:588} INFO - Filling up the DagBag from /home/airflow/.local/lib/python3.12/site-packages/airflow/example_dags/example_branch_operator.py
[2025-01-26T23:48:17.674+0000] {processor.py:925} INFO - DAG(s) 'example_branch_operator' retrieved from /home/airflow/.local/lib/python3.12/site-packages/airflow/example_dags/example_branch_operator.py
[2025-01-26T23:48:17.699+0000] {logging_mixin.py:190} INFO - [2025-01-26T23:48:17.699+0000] {dag.py:3239} INFO - Sync 1 DAGs
[2025-01-26T23:48:17.724+0000] {logging_mixin.py:190} INFO - [2025-01-26T23:48:17.723+0000] {dag.py:4180} INFO - Setting next_dagrun for example_branch_operator to 2025-01-25 00:00:00+00:00, run_after=2025-01-26 00:00:00+00:00
[2025-01-26T23:48:17.743+0000] {processor.py:208} INFO - Processing /home/airflow/.local/lib/python3.12/site-packages/airflow/example_dags/example_branch_operator.py took 0.103 seconds
[2025-01-26T23:48:48.857+0000] {processor.py:186} INFO - Started process (PID=2432) to work on /home/airflow/.local/lib/python3.12/site-packages/airflow/example_dags/example_branch_operator.py
[2025-01-26T23:48:48.858+0000] {processor.py:914} INFO - Processing file /home/airflow/.local/lib/python3.12/site-packages/airflow/example_dags/example_branch_operator.py for tasks to queue
[2025-01-26T23:48:48.860+0000] {logging_mixin.py:190} INFO - [2025-01-26T23:48:48.860+0000] {dagbag.py:588} INFO - Filling up the DagBag from /home/airflow/.local/lib/python3.12/site-packages/airflow/example_dags/example_branch_operator.py
[2025-01-26T23:48:48.881+0000] {processor.py:925} INFO - DAG(s) 'example_branch_operator' retrieved from /home/airflow/.local/lib/python3.12/site-packages/airflow/example_dags/example_branch_operator.py
[2025-01-26T23:48:48.913+0000] {logging_mixin.py:190} INFO - [2025-01-26T23:48:48.913+0000] {dag.py:3239} INFO - Sync 1 DAGs
[2025-01-26T23:48:48.937+0000] {logging_mixin.py:190} INFO - [2025-01-26T23:48:48.937+0000] {dag.py:4180} INFO - Setting next_dagrun for example_branch_operator to 2025-01-25 00:00:00+00:00, run_after=2025-01-26 00:00:00+00:00
[2025-01-26T23:48:48.956+0000] {processor.py:208} INFO - Processing /home/airflow/.local/lib/python3.12/site-packages/airflow/example_dags/example_branch_operator.py took 0.105 seconds
[2025-01-26T23:49:26.190+0000] {processor.py:186} INFO - Started process (PID=2507) to work on /home/airflow/.local/lib/python3.12/site-packages/airflow/example_dags/example_branch_operator.py
[2025-01-26T23:49:26.199+0000] {processor.py:914} INFO - Processing file /home/airflow/.local/lib/python3.12/site-packages/airflow/example_dags/example_branch_operator.py for tasks to queue
[2025-01-26T23:49:26.222+0000] {logging_mixin.py:190} INFO - [2025-01-26T23:49:26.221+0000] {dagbag.py:588} INFO - Filling up the DagBag from /home/airflow/.local/lib/python3.12/site-packages/airflow/example_dags/example_branch_operator.py
[2025-01-26T23:49:26.270+0000] {processor.py:925} INFO - DAG(s) 'example_branch_operator' retrieved from /home/airflow/.local/lib/python3.12/site-packages/airflow/example_dags/example_branch_operator.py
[2025-01-26T23:49:26.363+0000] {logging_mixin.py:190} INFO - [2025-01-26T23:49:26.362+0000] {dag.py:3239} INFO - Sync 1 DAGs
[2025-01-26T23:49:26.460+0000] {logging_mixin.py:190} INFO - [2025-01-26T23:49:26.460+0000] {dag.py:4180} INFO - Setting next_dagrun for example_branch_operator to 2025-01-25 00:00:00+00:00, run_after=2025-01-26 00:00:00+00:00
[2025-01-26T23:49:26.539+0000] {processor.py:208} INFO - Processing /home/airflow/.local/lib/python3.12/site-packages/airflow/example_dags/example_branch_operator.py took 0.360 seconds
[2025-01-26T23:49:58.090+0000] {processor.py:186} INFO - Started process (PID=2572) to work on /home/airflow/.local/lib/python3.12/site-packages/airflow/example_dags/example_branch_operator.py
[2025-01-26T23:49:58.091+0000] {processor.py:914} INFO - Processing file /home/airflow/.local/lib/python3.12/site-packages/airflow/example_dags/example_branch_operator.py for tasks to queue
[2025-01-26T23:49:58.094+0000] {logging_mixin.py:190} INFO - [2025-01-26T23:49:58.093+0000] {dagbag.py:588} INFO - Filling up the DagBag from /home/airflow/.local/lib/python3.12/site-packages/airflow/example_dags/example_branch_operator.py
[2025-01-26T23:49:58.116+0000] {processor.py:925} INFO - DAG(s) 'example_branch_operator' retrieved from /home/airflow/.local/lib/python3.12/site-packages/airflow/example_dags/example_branch_operator.py
[2025-01-26T23:49:58.160+0000] {logging_mixin.py:190} INFO - [2025-01-26T23:49:58.159+0000] {dag.py:3239} INFO - Sync 1 DAGs
[2025-01-26T23:49:58.217+0000] {logging_mixin.py:190} INFO - [2025-01-26T23:49:58.217+0000] {dag.py:4180} INFO - Setting next_dagrun for example_branch_operator to 2025-01-25 00:00:00+00:00, run_after=2025-01-26 00:00:00+00:00
[2025-01-26T23:49:58.241+0000] {processor.py:208} INFO - Processing /home/airflow/.local/lib/python3.12/site-packages/airflow/example_dags/example_branch_operator.py took 0.162 seconds
[2025-01-26T23:50:29.028+0000] {processor.py:186} INFO - Started process (PID=2637) to work on /home/airflow/.local/lib/python3.12/site-packages/airflow/example_dags/example_branch_operator.py
[2025-01-26T23:50:29.029+0000] {processor.py:914} INFO - Processing file /home/airflow/.local/lib/python3.12/site-packages/airflow/example_dags/example_branch_operator.py for tasks to queue
[2025-01-26T23:50:29.031+0000] {logging_mixin.py:190} INFO - [2025-01-26T23:50:29.031+0000] {dagbag.py:588} INFO - Filling up the DagBag from /home/airflow/.local/lib/python3.12/site-packages/airflow/example_dags/example_branch_operator.py
[2025-01-26T23:50:29.050+0000] {processor.py:925} INFO - DAG(s) 'example_branch_operator' retrieved from /home/airflow/.local/lib/python3.12/site-packages/airflow/example_dags/example_branch_operator.py
[2025-01-26T23:50:29.079+0000] {logging_mixin.py:190} INFO - [2025-01-26T23:50:29.079+0000] {dag.py:3239} INFO - Sync 1 DAGs
[2025-01-26T23:50:29.108+0000] {logging_mixin.py:190} INFO - [2025-01-26T23:50:29.108+0000] {dag.py:4180} INFO - Setting next_dagrun for example_branch_operator to 2025-01-25 00:00:00+00:00, run_after=2025-01-26 00:00:00+00:00
[2025-01-26T23:50:29.129+0000] {processor.py:208} INFO - Processing /home/airflow/.local/lib/python3.12/site-packages/airflow/example_dags/example_branch_operator.py took 0.108 seconds
[2025-01-26T23:51:00.314+0000] {processor.py:186} INFO - Started process (PID=2702) to work on /home/airflow/.local/lib/python3.12/site-packages/airflow/example_dags/example_branch_operator.py
[2025-01-26T23:51:00.315+0000] {processor.py:914} INFO - Processing file /home/airflow/.local/lib/python3.12/site-packages/airflow/example_dags/example_branch_operator.py for tasks to queue
[2025-01-26T23:51:00.317+0000] {logging_mixin.py:190} INFO - [2025-01-26T23:51:00.317+0000] {dagbag.py:588} INFO - Filling up the DagBag from /home/airflow/.local/lib/python3.12/site-packages/airflow/example_dags/example_branch_operator.py
[2025-01-26T23:51:00.335+0000] {processor.py:925} INFO - DAG(s) 'example_branch_operator' retrieved from /home/airflow/.local/lib/python3.12/site-packages/airflow/example_dags/example_branch_operator.py
[2025-01-26T23:51:00.364+0000] {logging_mixin.py:190} INFO - [2025-01-26T23:51:00.364+0000] {dag.py:3239} INFO - Sync 1 DAGs
[2025-01-26T23:51:00.397+0000] {logging_mixin.py:190} INFO - [2025-01-26T23:51:00.396+0000] {dag.py:4180} INFO - Setting next_dagrun for example_branch_operator to 2025-01-25 00:00:00+00:00, run_after=2025-01-26 00:00:00+00:00
[2025-01-26T23:51:00.421+0000] {processor.py:208} INFO - Processing /home/airflow/.local/lib/python3.12/site-packages/airflow/example_dags/example_branch_operator.py took 0.114 seconds
[2025-01-26T23:51:30.935+0000] {processor.py:186} INFO - Started process (PID=2767) to work on /home/airflow/.local/lib/python3.12/site-packages/airflow/example_dags/example_branch_operator.py
[2025-01-26T23:51:30.936+0000] {processor.py:914} INFO - Processing file /home/airflow/.local/lib/python3.12/site-packages/airflow/example_dags/example_branch_operator.py for tasks to queue
[2025-01-26T23:51:30.939+0000] {logging_mixin.py:190} INFO - [2025-01-26T23:51:30.939+0000] {dagbag.py:588} INFO - Filling up the DagBag from /home/airflow/.local/lib/python3.12/site-packages/airflow/example_dags/example_branch_operator.py
[2025-01-26T23:51:30.958+0000] {processor.py:925} INFO - DAG(s) 'example_branch_operator' retrieved from /home/airflow/.local/lib/python3.12/site-packages/airflow/example_dags/example_branch_operator.py
[2025-01-26T23:51:30.988+0000] {logging_mixin.py:190} INFO - [2025-01-26T23:51:30.988+0000] {dag.py:3239} INFO - Sync 1 DAGs
[2025-01-26T23:51:31.015+0000] {logging_mixin.py:190} INFO - [2025-01-26T23:51:31.015+0000] {dag.py:4180} INFO - Setting next_dagrun for example_branch_operator to 2025-01-25 00:00:00+00:00, run_after=2025-01-26 00:00:00+00:00
[2025-01-26T23:51:31.038+0000] {processor.py:208} INFO - Processing /home/airflow/.local/lib/python3.12/site-packages/airflow/example_dags/example_branch_operator.py took 0.109 seconds
[2025-01-26T23:52:01.595+0000] {processor.py:186} INFO - Started process (PID=2832) to work on /home/airflow/.local/lib/python3.12/site-packages/airflow/example_dags/example_branch_operator.py
[2025-01-26T23:52:01.596+0000] {processor.py:914} INFO - Processing file /home/airflow/.local/lib/python3.12/site-packages/airflow/example_dags/example_branch_operator.py for tasks to queue
[2025-01-26T23:52:01.599+0000] {logging_mixin.py:190} INFO - [2025-01-26T23:52:01.598+0000] {dagbag.py:588} INFO - Filling up the DagBag from /home/airflow/.local/lib/python3.12/site-packages/airflow/example_dags/example_branch_operator.py
[2025-01-26T23:52:01.618+0000] {processor.py:925} INFO - DAG(s) 'example_branch_operator' retrieved from /home/airflow/.local/lib/python3.12/site-packages/airflow/example_dags/example_branch_operator.py
[2025-01-26T23:52:01.646+0000] {logging_mixin.py:190} INFO - [2025-01-26T23:52:01.646+0000] {dag.py:3239} INFO - Sync 1 DAGs
[2025-01-26T23:52:01.676+0000] {logging_mixin.py:190} INFO - [2025-01-26T23:52:01.676+0000] {dag.py:4180} INFO - Setting next_dagrun for example_branch_operator to 2025-01-25 00:00:00+00:00, run_after=2025-01-26 00:00:00+00:00
[2025-01-26T23:52:01.694+0000] {processor.py:208} INFO - Processing /home/airflow/.local/lib/python3.12/site-packages/airflow/example_dags/example_branch_operator.py took 0.105 seconds
[2025-01-26T23:53:36.944+0000] {processor.py:186} INFO - Started process (PID=87) to work on /home/airflow/.local/lib/python3.12/site-packages/airflow/example_dags/example_branch_operator.py
[2025-01-26T23:53:36.945+0000] {processor.py:914} INFO - Processing file /home/airflow/.local/lib/python3.12/site-packages/airflow/example_dags/example_branch_operator.py for tasks to queue
[2025-01-26T23:53:36.948+0000] {logging_mixin.py:190} INFO - [2025-01-26T23:53:36.948+0000] {dagbag.py:588} INFO - Filling up the DagBag from /home/airflow/.local/lib/python3.12/site-packages/airflow/example_dags/example_branch_operator.py
[2025-01-26T23:53:36.969+0000] {processor.py:925} INFO - DAG(s) 'example_branch_operator' retrieved from /home/airflow/.local/lib/python3.12/site-packages/airflow/example_dags/example_branch_operator.py
[2025-01-26T23:53:37.087+0000] {logging_mixin.py:190} INFO - [2025-01-26T23:53:37.087+0000] {dag.py:3239} INFO - Sync 1 DAGs
[2025-01-26T23:53:37.113+0000] {logging_mixin.py:190} INFO - [2025-01-26T23:53:37.112+0000] {dag.py:4180} INFO - Setting next_dagrun for example_branch_operator to 2025-01-25 00:00:00+00:00, run_after=2025-01-26 00:00:00+00:00
[2025-01-26T23:53:37.135+0000] {processor.py:208} INFO - Processing /home/airflow/.local/lib/python3.12/site-packages/airflow/example_dags/example_branch_operator.py took 0.199 seconds
[2025-01-26T23:54:08.539+0000] {processor.py:186} INFO - Started process (PID=153) to work on /home/airflow/.local/lib/python3.12/site-packages/airflow/example_dags/example_branch_operator.py
[2025-01-26T23:54:08.540+0000] {processor.py:914} INFO - Processing file /home/airflow/.local/lib/python3.12/site-packages/airflow/example_dags/example_branch_operator.py for tasks to queue
[2025-01-26T23:54:08.543+0000] {logging_mixin.py:190} INFO - [2025-01-26T23:54:08.543+0000] {dagbag.py:588} INFO - Filling up the DagBag from /home/airflow/.local/lib/python3.12/site-packages/airflow/example_dags/example_branch_operator.py
[2025-01-26T23:54:08.571+0000] {processor.py:925} INFO - DAG(s) 'example_branch_operator' retrieved from /home/airflow/.local/lib/python3.12/site-packages/airflow/example_dags/example_branch_operator.py
[2025-01-26T23:54:08.613+0000] {logging_mixin.py:190} INFO - [2025-01-26T23:54:08.612+0000] {dag.py:3239} INFO - Sync 1 DAGs
[2025-01-26T23:54:08.647+0000] {logging_mixin.py:190} INFO - [2025-01-26T23:54:08.647+0000] {dag.py:4180} INFO - Setting next_dagrun for example_branch_operator to 2025-01-25 00:00:00+00:00, run_after=2025-01-26 00:00:00+00:00
[2025-01-26T23:54:08.670+0000] {processor.py:208} INFO - Processing /home/airflow/.local/lib/python3.12/site-packages/airflow/example_dags/example_branch_operator.py took 0.138 seconds
[2025-01-26T23:54:39.260+0000] {processor.py:186} INFO - Started process (PID=218) to work on /home/airflow/.local/lib/python3.12/site-packages/airflow/example_dags/example_branch_operator.py
[2025-01-26T23:54:39.261+0000] {processor.py:914} INFO - Processing file /home/airflow/.local/lib/python3.12/site-packages/airflow/example_dags/example_branch_operator.py for tasks to queue
[2025-01-26T23:54:39.262+0000] {logging_mixin.py:190} INFO - [2025-01-26T23:54:39.262+0000] {dagbag.py:588} INFO - Filling up the DagBag from /home/airflow/.local/lib/python3.12/site-packages/airflow/example_dags/example_branch_operator.py
[2025-01-26T23:54:39.287+0000] {processor.py:925} INFO - DAG(s) 'example_branch_operator' retrieved from /home/airflow/.local/lib/python3.12/site-packages/airflow/example_dags/example_branch_operator.py
[2025-01-26T23:54:39.323+0000] {logging_mixin.py:190} INFO - [2025-01-26T23:54:39.323+0000] {dag.py:3239} INFO - Sync 1 DAGs
[2025-01-26T23:54:39.349+0000] {logging_mixin.py:190} INFO - [2025-01-26T23:54:39.348+0000] {dag.py:4180} INFO - Setting next_dagrun for example_branch_operator to 2025-01-25 00:00:00+00:00, run_after=2025-01-26 00:00:00+00:00
[2025-01-26T23:54:39.367+0000] {processor.py:208} INFO - Processing /home/airflow/.local/lib/python3.12/site-packages/airflow/example_dags/example_branch_operator.py took 0.115 seconds
[2025-01-26T23:55:10.634+0000] {processor.py:186} INFO - Started process (PID=283) to work on /home/airflow/.local/lib/python3.12/site-packages/airflow/example_dags/example_branch_operator.py
[2025-01-26T23:55:10.636+0000] {processor.py:914} INFO - Processing file /home/airflow/.local/lib/python3.12/site-packages/airflow/example_dags/example_branch_operator.py for tasks to queue
[2025-01-26T23:55:10.637+0000] {logging_mixin.py:190} INFO - [2025-01-26T23:55:10.637+0000] {dagbag.py:588} INFO - Filling up the DagBag from /home/airflow/.local/lib/python3.12/site-packages/airflow/example_dags/example_branch_operator.py
[2025-01-26T23:55:10.657+0000] {processor.py:925} INFO - DAG(s) 'example_branch_operator' retrieved from /home/airflow/.local/lib/python3.12/site-packages/airflow/example_dags/example_branch_operator.py
[2025-01-26T23:55:10.684+0000] {logging_mixin.py:190} INFO - [2025-01-26T23:55:10.683+0000] {dag.py:3239} INFO - Sync 1 DAGs
[2025-01-26T23:55:10.714+0000] {logging_mixin.py:190} INFO - [2025-01-26T23:55:10.713+0000] {dag.py:4180} INFO - Setting next_dagrun for example_branch_operator to 2025-01-25 00:00:00+00:00, run_after=2025-01-26 00:00:00+00:00
[2025-01-26T23:55:10.734+0000] {processor.py:208} INFO - Processing /home/airflow/.local/lib/python3.12/site-packages/airflow/example_dags/example_branch_operator.py took 0.107 seconds
[2025-01-26T23:55:42.102+0000] {processor.py:186} INFO - Started process (PID=348) to work on /home/airflow/.local/lib/python3.12/site-packages/airflow/example_dags/example_branch_operator.py
[2025-01-26T23:55:42.103+0000] {processor.py:914} INFO - Processing file /home/airflow/.local/lib/python3.12/site-packages/airflow/example_dags/example_branch_operator.py for tasks to queue
[2025-01-26T23:55:42.104+0000] {logging_mixin.py:190} INFO - [2025-01-26T23:55:42.104+0000] {dagbag.py:588} INFO - Filling up the DagBag from /home/airflow/.local/lib/python3.12/site-packages/airflow/example_dags/example_branch_operator.py
[2025-01-26T23:55:42.121+0000] {processor.py:925} INFO - DAG(s) 'example_branch_operator' retrieved from /home/airflow/.local/lib/python3.12/site-packages/airflow/example_dags/example_branch_operator.py
[2025-01-26T23:55:42.152+0000] {logging_mixin.py:190} INFO - [2025-01-26T23:55:42.152+0000] {dag.py:3239} INFO - Sync 1 DAGs
[2025-01-26T23:55:42.182+0000] {logging_mixin.py:190} INFO - [2025-01-26T23:55:42.181+0000] {dag.py:4180} INFO - Setting next_dagrun for example_branch_operator to 2025-01-25 00:00:00+00:00, run_after=2025-01-26 00:00:00+00:00
[2025-01-26T23:55:42.203+0000] {processor.py:208} INFO - Processing /home/airflow/.local/lib/python3.12/site-packages/airflow/example_dags/example_branch_operator.py took 0.107 seconds
[2025-01-26T23:58:27.347+0000] {processor.py:186} INFO - Started process (PID=87) to work on /home/airflow/.local/lib/python3.12/site-packages/airflow/example_dags/example_branch_operator.py
[2025-01-26T23:58:27.348+0000] {processor.py:914} INFO - Processing file /home/airflow/.local/lib/python3.12/site-packages/airflow/example_dags/example_branch_operator.py for tasks to queue
[2025-01-26T23:58:27.351+0000] {logging_mixin.py:190} INFO - [2025-01-26T23:58:27.350+0000] {dagbag.py:588} INFO - Filling up the DagBag from /home/airflow/.local/lib/python3.12/site-packages/airflow/example_dags/example_branch_operator.py
[2025-01-26T23:58:27.378+0000] {processor.py:925} INFO - DAG(s) 'example_branch_operator' retrieved from /home/airflow/.local/lib/python3.12/site-packages/airflow/example_dags/example_branch_operator.py
[2025-01-26T23:58:27.544+0000] {logging_mixin.py:190} INFO - [2025-01-26T23:58:27.544+0000] {dag.py:3239} INFO - Sync 1 DAGs
[2025-01-26T23:58:27.577+0000] {logging_mixin.py:190} INFO - [2025-01-26T23:58:27.577+0000] {dag.py:4180} INFO - Setting next_dagrun for example_branch_operator to 2025-01-25 00:00:00+00:00, run_after=2025-01-26 00:00:00+00:00
[2025-01-26T23:58:27.601+0000] {processor.py:208} INFO - Processing /home/airflow/.local/lib/python3.12/site-packages/airflow/example_dags/example_branch_operator.py took 0.262 seconds
[2025-01-26T23:58:59.046+0000] {processor.py:186} INFO - Started process (PID=152) to work on /home/airflow/.local/lib/python3.12/site-packages/airflow/example_dags/example_branch_operator.py
[2025-01-26T23:58:59.047+0000] {processor.py:914} INFO - Processing file /home/airflow/.local/lib/python3.12/site-packages/airflow/example_dags/example_branch_operator.py for tasks to queue
[2025-01-26T23:58:59.050+0000] {logging_mixin.py:190} INFO - [2025-01-26T23:58:59.049+0000] {dagbag.py:588} INFO - Filling up the DagBag from /home/airflow/.local/lib/python3.12/site-packages/airflow/example_dags/example_branch_operator.py
[2025-01-26T23:58:59.070+0000] {processor.py:925} INFO - DAG(s) 'example_branch_operator' retrieved from /home/airflow/.local/lib/python3.12/site-packages/airflow/example_dags/example_branch_operator.py
[2025-01-26T23:58:59.096+0000] {logging_mixin.py:190} INFO - [2025-01-26T23:58:59.096+0000] {dag.py:3239} INFO - Sync 1 DAGs
[2025-01-26T23:58:59.119+0000] {logging_mixin.py:190} INFO - [2025-01-26T23:58:59.119+0000] {dag.py:4180} INFO - Setting next_dagrun for example_branch_operator to 2025-01-25 00:00:00+00:00, run_after=2025-01-26 00:00:00+00:00
[2025-01-26T23:58:59.147+0000] {processor.py:208} INFO - Processing /home/airflow/.local/lib/python3.12/site-packages/airflow/example_dags/example_branch_operator.py took 0.108 seconds
[2025-01-26T23:59:30.710+0000] {processor.py:186} INFO - Started process (PID=218) to work on /home/airflow/.local/lib/python3.12/site-packages/airflow/example_dags/example_branch_operator.py
[2025-01-26T23:59:30.711+0000] {processor.py:914} INFO - Processing file /home/airflow/.local/lib/python3.12/site-packages/airflow/example_dags/example_branch_operator.py for tasks to queue
[2025-01-26T23:59:30.713+0000] {logging_mixin.py:190} INFO - [2025-01-26T23:59:30.713+0000] {dagbag.py:588} INFO - Filling up the DagBag from /home/airflow/.local/lib/python3.12/site-packages/airflow/example_dags/example_branch_operator.py
[2025-01-26T23:59:30.733+0000] {processor.py:925} INFO - DAG(s) 'example_branch_operator' retrieved from /home/airflow/.local/lib/python3.12/site-packages/airflow/example_dags/example_branch_operator.py
[2025-01-26T23:59:30.764+0000] {logging_mixin.py:190} INFO - [2025-01-26T23:59:30.764+0000] {dag.py:3239} INFO - Sync 1 DAGs
[2025-01-26T23:59:30.789+0000] {logging_mixin.py:190} INFO - [2025-01-26T23:59:30.789+0000] {dag.py:4180} INFO - Setting next_dagrun for example_branch_operator to 2025-01-25 00:00:00+00:00, run_after=2025-01-26 00:00:00+00:00
[2025-01-26T23:59:30.810+0000] {processor.py:208} INFO - Processing /home/airflow/.local/lib/python3.12/site-packages/airflow/example_dags/example_branch_operator.py took 0.106 seconds
