[2025-01-26T17:27:13.144+0000] {processor.py:186} INFO - Started process (PID=41) to work on /home/airflow/.local/lib/python3.12/site-packages/airflow/example_dags/example_external_task_marker_dag.py
[2025-01-26T17:27:13.145+0000] {processor.py:914} INFO - Processing file /home/airflow/.local/lib/python3.12/site-packages/airflow/example_dags/example_external_task_marker_dag.py for tasks to queue
[2025-01-26T17:27:13.149+0000] {logging_mixin.py:190} INFO - [2025-01-26T17:27:13.149+0000] {dagbag.py:588} INFO - Filling up the DagBag from /home/airflow/.local/lib/python3.12/site-packages/airflow/example_dags/example_external_task_marker_dag.py
[2025-01-26T17:27:13.163+0000] {processor.py:925} INFO - DAG(s) 'example_external_task_marker_parent', 'example_external_task_marker_child' retrieved from /home/airflow/.local/lib/python3.12/site-packages/airflow/example_dags/example_external_task_marker_dag.py
[2025-01-26T17:27:13.222+0000] {logging_mixin.py:190} INFO - [2025-01-26T17:27:13.222+0000] {dag.py:3239} INFO - Sync 2 DAGs
[2025-01-26T17:27:13.277+0000] {logging_mixin.py:190} INFO - [2025-01-26T17:27:13.276+0000] {dag.py:4180} INFO - Setting next_dagrun for example_external_task_marker_child to None, run_after=None
[2025-01-26T17:27:13.284+0000] {logging_mixin.py:190} INFO - [2025-01-26T17:27:13.284+0000] {dag.py:4180} INFO - Setting next_dagrun for example_external_task_marker_parent to None, run_after=None
[2025-01-26T17:27:13.319+0000] {processor.py:208} INFO - Processing /home/airflow/.local/lib/python3.12/site-packages/airflow/example_dags/example_external_task_marker_dag.py took 0.184 seconds
[2025-01-26T17:27:43.679+0000] {processor.py:186} INFO - Started process (PID=103) to work on /home/airflow/.local/lib/python3.12/site-packages/airflow/example_dags/example_external_task_marker_dag.py
[2025-01-26T17:27:43.681+0000] {processor.py:914} INFO - Processing file /home/airflow/.local/lib/python3.12/site-packages/airflow/example_dags/example_external_task_marker_dag.py for tasks to queue
[2025-01-26T17:27:43.685+0000] {logging_mixin.py:190} INFO - [2025-01-26T17:27:43.685+0000] {dagbag.py:588} INFO - Filling up the DagBag from /home/airflow/.local/lib/python3.12/site-packages/airflow/example_dags/example_external_task_marker_dag.py
[2025-01-26T17:27:43.719+0000] {processor.py:925} INFO - DAG(s) 'example_external_task_marker_parent', 'example_external_task_marker_child' retrieved from /home/airflow/.local/lib/python3.12/site-packages/airflow/example_dags/example_external_task_marker_dag.py
[2025-01-26T17:27:43.826+0000] {logging_mixin.py:190} INFO - [2025-01-26T17:27:43.825+0000] {dag.py:3239} INFO - Sync 2 DAGs
[2025-01-26T17:27:43.892+0000] {logging_mixin.py:190} INFO - [2025-01-26T17:27:43.892+0000] {dag.py:4180} INFO - Setting next_dagrun for example_external_task_marker_child to None, run_after=None
[2025-01-26T17:27:43.899+0000] {logging_mixin.py:190} INFO - [2025-01-26T17:27:43.899+0000] {dag.py:4180} INFO - Setting next_dagrun for example_external_task_marker_parent to None, run_after=None
[2025-01-26T17:27:43.984+0000] {processor.py:208} INFO - Processing /home/airflow/.local/lib/python3.12/site-packages/airflow/example_dags/example_external_task_marker_dag.py took 0.314 seconds
[2025-01-26T17:28:14.632+0000] {processor.py:186} INFO - Started process (PID=166) to work on /home/airflow/.local/lib/python3.12/site-packages/airflow/example_dags/example_external_task_marker_dag.py
[2025-01-26T17:28:14.633+0000] {processor.py:914} INFO - Processing file /home/airflow/.local/lib/python3.12/site-packages/airflow/example_dags/example_external_task_marker_dag.py for tasks to queue
[2025-01-26T17:28:14.635+0000] {logging_mixin.py:190} INFO - [2025-01-26T17:28:14.635+0000] {dagbag.py:588} INFO - Filling up the DagBag from /home/airflow/.local/lib/python3.12/site-packages/airflow/example_dags/example_external_task_marker_dag.py
[2025-01-26T17:28:14.643+0000] {processor.py:925} INFO - DAG(s) 'example_external_task_marker_child', 'example_external_task_marker_parent' retrieved from /home/airflow/.local/lib/python3.12/site-packages/airflow/example_dags/example_external_task_marker_dag.py
[2025-01-26T17:28:14.667+0000] {logging_mixin.py:190} INFO - [2025-01-26T17:28:14.666+0000] {dag.py:3239} INFO - Sync 2 DAGs
[2025-01-26T17:28:14.686+0000] {logging_mixin.py:190} INFO - [2025-01-26T17:28:14.686+0000] {dag.py:4180} INFO - Setting next_dagrun for example_external_task_marker_child to None, run_after=None
[2025-01-26T17:28:14.690+0000] {logging_mixin.py:190} INFO - [2025-01-26T17:28:14.690+0000] {dag.py:4180} INFO - Setting next_dagrun for example_external_task_marker_parent to None, run_after=None
[2025-01-26T17:28:14.710+0000] {processor.py:208} INFO - Processing /home/airflow/.local/lib/python3.12/site-packages/airflow/example_dags/example_external_task_marker_dag.py took 0.085 seconds
[2025-01-26T17:28:44.988+0000] {processor.py:186} INFO - Started process (PID=229) to work on /home/airflow/.local/lib/python3.12/site-packages/airflow/example_dags/example_external_task_marker_dag.py
[2025-01-26T17:28:44.989+0000] {processor.py:914} INFO - Processing file /home/airflow/.local/lib/python3.12/site-packages/airflow/example_dags/example_external_task_marker_dag.py for tasks to queue
[2025-01-26T17:28:44.992+0000] {logging_mixin.py:190} INFO - [2025-01-26T17:28:44.991+0000] {dagbag.py:588} INFO - Filling up the DagBag from /home/airflow/.local/lib/python3.12/site-packages/airflow/example_dags/example_external_task_marker_dag.py
[2025-01-26T17:28:45.002+0000] {processor.py:925} INFO - DAG(s) 'example_external_task_marker_parent', 'example_external_task_marker_child' retrieved from /home/airflow/.local/lib/python3.12/site-packages/airflow/example_dags/example_external_task_marker_dag.py
[2025-01-26T17:28:45.029+0000] {logging_mixin.py:190} INFO - [2025-01-26T17:28:45.028+0000] {dag.py:3239} INFO - Sync 2 DAGs
[2025-01-26T17:28:45.051+0000] {logging_mixin.py:190} INFO - [2025-01-26T17:28:45.051+0000] {dag.py:4180} INFO - Setting next_dagrun for example_external_task_marker_child to None, run_after=None
[2025-01-26T17:28:45.056+0000] {logging_mixin.py:190} INFO - [2025-01-26T17:28:45.056+0000] {dag.py:4180} INFO - Setting next_dagrun for example_external_task_marker_parent to None, run_after=None
[2025-01-26T17:28:45.076+0000] {processor.py:208} INFO - Processing /home/airflow/.local/lib/python3.12/site-packages/airflow/example_dags/example_external_task_marker_dag.py took 0.094 seconds
[2025-01-26T17:29:15.296+0000] {processor.py:186} INFO - Started process (PID=292) to work on /home/airflow/.local/lib/python3.12/site-packages/airflow/example_dags/example_external_task_marker_dag.py
[2025-01-26T17:29:15.297+0000] {processor.py:914} INFO - Processing file /home/airflow/.local/lib/python3.12/site-packages/airflow/example_dags/example_external_task_marker_dag.py for tasks to queue
[2025-01-26T17:29:15.300+0000] {logging_mixin.py:190} INFO - [2025-01-26T17:29:15.300+0000] {dagbag.py:588} INFO - Filling up the DagBag from /home/airflow/.local/lib/python3.12/site-packages/airflow/example_dags/example_external_task_marker_dag.py
[2025-01-26T17:29:15.310+0000] {processor.py:925} INFO - DAG(s) 'example_external_task_marker_child', 'example_external_task_marker_parent' retrieved from /home/airflow/.local/lib/python3.12/site-packages/airflow/example_dags/example_external_task_marker_dag.py
[2025-01-26T17:29:15.335+0000] {logging_mixin.py:190} INFO - [2025-01-26T17:29:15.334+0000] {dag.py:3239} INFO - Sync 2 DAGs
[2025-01-26T17:29:15.350+0000] {logging_mixin.py:190} INFO - [2025-01-26T17:29:15.350+0000] {dag.py:4180} INFO - Setting next_dagrun for example_external_task_marker_child to None, run_after=None
[2025-01-26T17:29:15.354+0000] {logging_mixin.py:190} INFO - [2025-01-26T17:29:15.354+0000] {dag.py:4180} INFO - Setting next_dagrun for example_external_task_marker_parent to None, run_after=None
[2025-01-26T17:29:15.370+0000] {processor.py:208} INFO - Processing /home/airflow/.local/lib/python3.12/site-packages/airflow/example_dags/example_external_task_marker_dag.py took 0.082 seconds
[2025-01-26T17:29:45.744+0000] {processor.py:186} INFO - Started process (PID=354) to work on /home/airflow/.local/lib/python3.12/site-packages/airflow/example_dags/example_external_task_marker_dag.py
[2025-01-26T17:29:45.746+0000] {processor.py:914} INFO - Processing file /home/airflow/.local/lib/python3.12/site-packages/airflow/example_dags/example_external_task_marker_dag.py for tasks to queue
[2025-01-26T17:29:45.752+0000] {logging_mixin.py:190} INFO - [2025-01-26T17:29:45.751+0000] {dagbag.py:588} INFO - Filling up the DagBag from /home/airflow/.local/lib/python3.12/site-packages/airflow/example_dags/example_external_task_marker_dag.py
[2025-01-26T17:29:45.773+0000] {processor.py:925} INFO - DAG(s) 'example_external_task_marker_parent', 'example_external_task_marker_child' retrieved from /home/airflow/.local/lib/python3.12/site-packages/airflow/example_dags/example_external_task_marker_dag.py
[2025-01-26T17:29:45.839+0000] {logging_mixin.py:190} INFO - [2025-01-26T17:29:45.839+0000] {dag.py:3239} INFO - Sync 2 DAGs
[2025-01-26T17:29:45.882+0000] {logging_mixin.py:190} INFO - [2025-01-26T17:29:45.881+0000] {dag.py:4180} INFO - Setting next_dagrun for example_external_task_marker_child to None, run_after=None
[2025-01-26T17:29:45.898+0000] {logging_mixin.py:190} INFO - [2025-01-26T17:29:45.897+0000] {dag.py:4180} INFO - Setting next_dagrun for example_external_task_marker_parent to None, run_after=None
[2025-01-26T17:29:45.970+0000] {processor.py:208} INFO - Processing /home/airflow/.local/lib/python3.12/site-packages/airflow/example_dags/example_external_task_marker_dag.py took 0.245 seconds
[2025-01-26T17:30:16.752+0000] {processor.py:186} INFO - Started process (PID=417) to work on /home/airflow/.local/lib/python3.12/site-packages/airflow/example_dags/example_external_task_marker_dag.py
[2025-01-26T17:30:16.754+0000] {processor.py:914} INFO - Processing file /home/airflow/.local/lib/python3.12/site-packages/airflow/example_dags/example_external_task_marker_dag.py for tasks to queue
[2025-01-26T17:30:16.757+0000] {logging_mixin.py:190} INFO - [2025-01-26T17:30:16.757+0000] {dagbag.py:588} INFO - Filling up the DagBag from /home/airflow/.local/lib/python3.12/site-packages/airflow/example_dags/example_external_task_marker_dag.py
[2025-01-26T17:30:16.768+0000] {processor.py:925} INFO - DAG(s) 'example_external_task_marker_child', 'example_external_task_marker_parent' retrieved from /home/airflow/.local/lib/python3.12/site-packages/airflow/example_dags/example_external_task_marker_dag.py
[2025-01-26T17:30:16.810+0000] {logging_mixin.py:190} INFO - [2025-01-26T17:30:16.802+0000] {dag.py:3239} INFO - Sync 2 DAGs
[2025-01-26T17:30:16.841+0000] {logging_mixin.py:190} INFO - [2025-01-26T17:30:16.841+0000] {dag.py:4180} INFO - Setting next_dagrun for example_external_task_marker_child to None, run_after=None
[2025-01-26T17:30:16.848+0000] {logging_mixin.py:190} INFO - [2025-01-26T17:30:16.847+0000] {dag.py:4180} INFO - Setting next_dagrun for example_external_task_marker_parent to None, run_after=None
[2025-01-26T17:30:16.875+0000] {processor.py:208} INFO - Processing /home/airflow/.local/lib/python3.12/site-packages/airflow/example_dags/example_external_task_marker_dag.py took 0.130 seconds
[2025-01-26T17:30:47.424+0000] {processor.py:186} INFO - Started process (PID=481) to work on /home/airflow/.local/lib/python3.12/site-packages/airflow/example_dags/example_external_task_marker_dag.py
[2025-01-26T17:30:47.426+0000] {processor.py:914} INFO - Processing file /home/airflow/.local/lib/python3.12/site-packages/airflow/example_dags/example_external_task_marker_dag.py for tasks to queue
[2025-01-26T17:30:47.441+0000] {logging_mixin.py:190} INFO - [2025-01-26T17:30:47.438+0000] {dagbag.py:588} INFO - Filling up the DagBag from /home/airflow/.local/lib/python3.12/site-packages/airflow/example_dags/example_external_task_marker_dag.py
[2025-01-26T17:30:47.474+0000] {processor.py:925} INFO - DAG(s) 'example_external_task_marker_parent', 'example_external_task_marker_child' retrieved from /home/airflow/.local/lib/python3.12/site-packages/airflow/example_dags/example_external_task_marker_dag.py
[2025-01-26T17:30:47.569+0000] {logging_mixin.py:190} INFO - [2025-01-26T17:30:47.568+0000] {dag.py:3239} INFO - Sync 2 DAGs
[2025-01-26T17:30:47.648+0000] {logging_mixin.py:190} INFO - [2025-01-26T17:30:47.648+0000] {dag.py:4180} INFO - Setting next_dagrun for example_external_task_marker_child to None, run_after=None
[2025-01-26T17:30:47.679+0000] {logging_mixin.py:190} INFO - [2025-01-26T17:30:47.679+0000] {dag.py:4180} INFO - Setting next_dagrun for example_external_task_marker_parent to None, run_after=None
[2025-01-26T17:30:47.745+0000] {processor.py:208} INFO - Processing /home/airflow/.local/lib/python3.12/site-packages/airflow/example_dags/example_external_task_marker_dag.py took 0.339 seconds
[2025-01-26T17:31:18.190+0000] {processor.py:186} INFO - Started process (PID=544) to work on /home/airflow/.local/lib/python3.12/site-packages/airflow/example_dags/example_external_task_marker_dag.py
[2025-01-26T17:31:18.199+0000] {processor.py:914} INFO - Processing file /home/airflow/.local/lib/python3.12/site-packages/airflow/example_dags/example_external_task_marker_dag.py for tasks to queue
[2025-01-26T17:31:18.216+0000] {logging_mixin.py:190} INFO - [2025-01-26T17:31:18.210+0000] {dagbag.py:588} INFO - Filling up the DagBag from /home/airflow/.local/lib/python3.12/site-packages/airflow/example_dags/example_external_task_marker_dag.py
[2025-01-26T17:31:18.237+0000] {processor.py:925} INFO - DAG(s) 'example_external_task_marker_parent', 'example_external_task_marker_child' retrieved from /home/airflow/.local/lib/python3.12/site-packages/airflow/example_dags/example_external_task_marker_dag.py
[2025-01-26T17:31:18.310+0000] {logging_mixin.py:190} INFO - [2025-01-26T17:31:18.309+0000] {dag.py:3239} INFO - Sync 2 DAGs
[2025-01-26T17:31:18.371+0000] {logging_mixin.py:190} INFO - [2025-01-26T17:31:18.371+0000] {dag.py:4180} INFO - Setting next_dagrun for example_external_task_marker_child to None, run_after=None
[2025-01-26T17:31:18.387+0000] {logging_mixin.py:190} INFO - [2025-01-26T17:31:18.387+0000] {dag.py:4180} INFO - Setting next_dagrun for example_external_task_marker_parent to None, run_after=None
[2025-01-26T17:31:18.428+0000] {processor.py:208} INFO - Processing /home/airflow/.local/lib/python3.12/site-packages/airflow/example_dags/example_external_task_marker_dag.py took 0.245 seconds
[2025-01-26T17:31:48.533+0000] {processor.py:186} INFO - Started process (PID=606) to work on /home/airflow/.local/lib/python3.12/site-packages/airflow/example_dags/example_external_task_marker_dag.py
[2025-01-26T17:31:48.535+0000] {processor.py:914} INFO - Processing file /home/airflow/.local/lib/python3.12/site-packages/airflow/example_dags/example_external_task_marker_dag.py for tasks to queue
[2025-01-26T17:31:48.539+0000] {logging_mixin.py:190} INFO - [2025-01-26T17:31:48.538+0000] {dagbag.py:588} INFO - Filling up the DagBag from /home/airflow/.local/lib/python3.12/site-packages/airflow/example_dags/example_external_task_marker_dag.py
[2025-01-26T17:31:48.550+0000] {processor.py:925} INFO - DAG(s) 'example_external_task_marker_parent', 'example_external_task_marker_child' retrieved from /home/airflow/.local/lib/python3.12/site-packages/airflow/example_dags/example_external_task_marker_dag.py
[2025-01-26T17:31:48.574+0000] {logging_mixin.py:190} INFO - [2025-01-26T17:31:48.574+0000] {dag.py:3239} INFO - Sync 2 DAGs
[2025-01-26T17:31:48.596+0000] {logging_mixin.py:190} INFO - [2025-01-26T17:31:48.596+0000] {dag.py:4180} INFO - Setting next_dagrun for example_external_task_marker_child to None, run_after=None
[2025-01-26T17:31:48.602+0000] {logging_mixin.py:190} INFO - [2025-01-26T17:31:48.602+0000] {dag.py:4180} INFO - Setting next_dagrun for example_external_task_marker_parent to None, run_after=None
[2025-01-26T17:31:48.619+0000] {processor.py:208} INFO - Processing /home/airflow/.local/lib/python3.12/site-packages/airflow/example_dags/example_external_task_marker_dag.py took 0.096 seconds
[2025-01-26T17:32:19.290+0000] {processor.py:186} INFO - Started process (PID=669) to work on /home/airflow/.local/lib/python3.12/site-packages/airflow/example_dags/example_external_task_marker_dag.py
[2025-01-26T17:32:19.291+0000] {processor.py:914} INFO - Processing file /home/airflow/.local/lib/python3.12/site-packages/airflow/example_dags/example_external_task_marker_dag.py for tasks to queue
[2025-01-26T17:32:19.294+0000] {logging_mixin.py:190} INFO - [2025-01-26T17:32:19.294+0000] {dagbag.py:588} INFO - Filling up the DagBag from /home/airflow/.local/lib/python3.12/site-packages/airflow/example_dags/example_external_task_marker_dag.py
[2025-01-26T17:32:19.305+0000] {processor.py:925} INFO - DAG(s) 'example_external_task_marker_parent', 'example_external_task_marker_child' retrieved from /home/airflow/.local/lib/python3.12/site-packages/airflow/example_dags/example_external_task_marker_dag.py
[2025-01-26T17:32:19.335+0000] {logging_mixin.py:190} INFO - [2025-01-26T17:32:19.335+0000] {dag.py:3239} INFO - Sync 2 DAGs
[2025-01-26T17:32:19.355+0000] {logging_mixin.py:190} INFO - [2025-01-26T17:32:19.355+0000] {dag.py:4180} INFO - Setting next_dagrun for example_external_task_marker_child to None, run_after=None
[2025-01-26T17:32:19.360+0000] {logging_mixin.py:190} INFO - [2025-01-26T17:32:19.360+0000] {dag.py:4180} INFO - Setting next_dagrun for example_external_task_marker_parent to None, run_after=None
[2025-01-26T17:32:19.379+0000] {processor.py:208} INFO - Processing /home/airflow/.local/lib/python3.12/site-packages/airflow/example_dags/example_external_task_marker_dag.py took 0.096 seconds
[2025-01-26T17:32:49.924+0000] {processor.py:186} INFO - Started process (PID=732) to work on /home/airflow/.local/lib/python3.12/site-packages/airflow/example_dags/example_external_task_marker_dag.py
[2025-01-26T17:32:49.925+0000] {processor.py:914} INFO - Processing file /home/airflow/.local/lib/python3.12/site-packages/airflow/example_dags/example_external_task_marker_dag.py for tasks to queue
[2025-01-26T17:32:49.929+0000] {logging_mixin.py:190} INFO - [2025-01-26T17:32:49.928+0000] {dagbag.py:588} INFO - Filling up the DagBag from /home/airflow/.local/lib/python3.12/site-packages/airflow/example_dags/example_external_task_marker_dag.py
[2025-01-26T17:32:49.938+0000] {processor.py:925} INFO - DAG(s) 'example_external_task_marker_parent', 'example_external_task_marker_child' retrieved from /home/airflow/.local/lib/python3.12/site-packages/airflow/example_dags/example_external_task_marker_dag.py
[2025-01-26T17:32:49.964+0000] {logging_mixin.py:190} INFO - [2025-01-26T17:32:49.963+0000] {dag.py:3239} INFO - Sync 2 DAGs
[2025-01-26T17:32:49.978+0000] {logging_mixin.py:190} INFO - [2025-01-26T17:32:49.978+0000] {dag.py:4180} INFO - Setting next_dagrun for example_external_task_marker_child to None, run_after=None
[2025-01-26T17:32:49.983+0000] {logging_mixin.py:190} INFO - [2025-01-26T17:32:49.982+0000] {dag.py:4180} INFO - Setting next_dagrun for example_external_task_marker_parent to None, run_after=None
[2025-01-26T17:32:50.003+0000] {processor.py:208} INFO - Processing /home/airflow/.local/lib/python3.12/site-packages/airflow/example_dags/example_external_task_marker_dag.py took 0.086 seconds
[2025-01-26T17:33:20.438+0000] {processor.py:186} INFO - Started process (PID=795) to work on /home/airflow/.local/lib/python3.12/site-packages/airflow/example_dags/example_external_task_marker_dag.py
[2025-01-26T17:33:20.439+0000] {processor.py:914} INFO - Processing file /home/airflow/.local/lib/python3.12/site-packages/airflow/example_dags/example_external_task_marker_dag.py for tasks to queue
[2025-01-26T17:33:20.442+0000] {logging_mixin.py:190} INFO - [2025-01-26T17:33:20.441+0000] {dagbag.py:588} INFO - Filling up the DagBag from /home/airflow/.local/lib/python3.12/site-packages/airflow/example_dags/example_external_task_marker_dag.py
[2025-01-26T17:33:20.454+0000] {processor.py:925} INFO - DAG(s) 'example_external_task_marker_child', 'example_external_task_marker_parent' retrieved from /home/airflow/.local/lib/python3.12/site-packages/airflow/example_dags/example_external_task_marker_dag.py
[2025-01-26T17:33:20.485+0000] {logging_mixin.py:190} INFO - [2025-01-26T17:33:20.484+0000] {dag.py:3239} INFO - Sync 2 DAGs
[2025-01-26T17:33:20.524+0000] {logging_mixin.py:190} INFO - [2025-01-26T17:33:20.524+0000] {dag.py:4180} INFO - Setting next_dagrun for example_external_task_marker_child to None, run_after=None
[2025-01-26T17:33:20.543+0000] {logging_mixin.py:190} INFO - [2025-01-26T17:33:20.542+0000] {dag.py:4180} INFO - Setting next_dagrun for example_external_task_marker_parent to None, run_after=None
[2025-01-26T17:33:20.579+0000] {processor.py:208} INFO - Processing /home/airflow/.local/lib/python3.12/site-packages/airflow/example_dags/example_external_task_marker_dag.py took 0.149 seconds
[2025-01-26T17:33:51.279+0000] {processor.py:186} INFO - Started process (PID=858) to work on /home/airflow/.local/lib/python3.12/site-packages/airflow/example_dags/example_external_task_marker_dag.py
[2025-01-26T17:33:51.281+0000] {processor.py:914} INFO - Processing file /home/airflow/.local/lib/python3.12/site-packages/airflow/example_dags/example_external_task_marker_dag.py for tasks to queue
[2025-01-26T17:33:51.286+0000] {logging_mixin.py:190} INFO - [2025-01-26T17:33:51.286+0000] {dagbag.py:588} INFO - Filling up the DagBag from /home/airflow/.local/lib/python3.12/site-packages/airflow/example_dags/example_external_task_marker_dag.py
[2025-01-26T17:33:51.299+0000] {processor.py:925} INFO - DAG(s) 'example_external_task_marker_parent', 'example_external_task_marker_child' retrieved from /home/airflow/.local/lib/python3.12/site-packages/airflow/example_dags/example_external_task_marker_dag.py
[2025-01-26T17:33:51.354+0000] {logging_mixin.py:190} INFO - [2025-01-26T17:33:51.353+0000] {dag.py:3239} INFO - Sync 2 DAGs
[2025-01-26T17:33:51.406+0000] {logging_mixin.py:190} INFO - [2025-01-26T17:33:51.406+0000] {dag.py:4180} INFO - Setting next_dagrun for example_external_task_marker_child to None, run_after=None
[2025-01-26T17:33:51.419+0000] {logging_mixin.py:190} INFO - [2025-01-26T17:33:51.419+0000] {dag.py:4180} INFO - Setting next_dagrun for example_external_task_marker_parent to None, run_after=None
[2025-01-26T17:33:51.455+0000] {processor.py:208} INFO - Processing /home/airflow/.local/lib/python3.12/site-packages/airflow/example_dags/example_external_task_marker_dag.py took 0.187 seconds
[2025-01-26T17:34:22.728+0000] {processor.py:186} INFO - Started process (PID=919) to work on /home/airflow/.local/lib/python3.12/site-packages/airflow/example_dags/example_external_task_marker_dag.py
[2025-01-26T17:34:22.729+0000] {processor.py:914} INFO - Processing file /home/airflow/.local/lib/python3.12/site-packages/airflow/example_dags/example_external_task_marker_dag.py for tasks to queue
[2025-01-26T17:34:22.732+0000] {logging_mixin.py:190} INFO - [2025-01-26T17:34:22.732+0000] {dagbag.py:588} INFO - Filling up the DagBag from /home/airflow/.local/lib/python3.12/site-packages/airflow/example_dags/example_external_task_marker_dag.py
[2025-01-26T17:34:22.743+0000] {processor.py:925} INFO - DAG(s) 'example_external_task_marker_parent', 'example_external_task_marker_child' retrieved from /home/airflow/.local/lib/python3.12/site-packages/airflow/example_dags/example_external_task_marker_dag.py
[2025-01-26T17:34:22.779+0000] {logging_mixin.py:190} INFO - [2025-01-26T17:34:22.779+0000] {dag.py:3239} INFO - Sync 2 DAGs
[2025-01-26T17:34:22.801+0000] {logging_mixin.py:190} INFO - [2025-01-26T17:34:22.800+0000] {dag.py:4180} INFO - Setting next_dagrun for example_external_task_marker_child to None, run_after=None
[2025-01-26T17:34:22.807+0000] {logging_mixin.py:190} INFO - [2025-01-26T17:34:22.806+0000] {dag.py:4180} INFO - Setting next_dagrun for example_external_task_marker_parent to None, run_after=None
[2025-01-26T17:34:22.831+0000] {processor.py:208} INFO - Processing /home/airflow/.local/lib/python3.12/site-packages/airflow/example_dags/example_external_task_marker_dag.py took 0.110 seconds
[2025-01-26T17:34:53.921+0000] {processor.py:186} INFO - Started process (PID=978) to work on /home/airflow/.local/lib/python3.12/site-packages/airflow/example_dags/example_external_task_marker_dag.py
[2025-01-26T17:34:53.922+0000] {processor.py:914} INFO - Processing file /home/airflow/.local/lib/python3.12/site-packages/airflow/example_dags/example_external_task_marker_dag.py for tasks to queue
[2025-01-26T17:34:53.926+0000] {logging_mixin.py:190} INFO - [2025-01-26T17:34:53.925+0000] {dagbag.py:588} INFO - Filling up the DagBag from /home/airflow/.local/lib/python3.12/site-packages/airflow/example_dags/example_external_task_marker_dag.py
[2025-01-26T17:34:53.940+0000] {processor.py:925} INFO - DAG(s) 'example_external_task_marker_parent', 'example_external_task_marker_child' retrieved from /home/airflow/.local/lib/python3.12/site-packages/airflow/example_dags/example_external_task_marker_dag.py
[2025-01-26T17:34:53.993+0000] {logging_mixin.py:190} INFO - [2025-01-26T17:34:53.993+0000] {dag.py:3239} INFO - Sync 2 DAGs
[2025-01-26T17:34:54.027+0000] {logging_mixin.py:190} INFO - [2025-01-26T17:34:54.027+0000] {dag.py:4180} INFO - Setting next_dagrun for example_external_task_marker_child to None, run_after=None
[2025-01-26T17:34:54.047+0000] {logging_mixin.py:190} INFO - [2025-01-26T17:34:54.047+0000] {dag.py:4180} INFO - Setting next_dagrun for example_external_task_marker_parent to None, run_after=None
[2025-01-26T17:34:54.088+0000] {processor.py:208} INFO - Processing /home/airflow/.local/lib/python3.12/site-packages/airflow/example_dags/example_external_task_marker_dag.py took 0.175 seconds
[2025-01-26T17:35:25.954+0000] {processor.py:186} INFO - Started process (PID=1040) to work on /home/airflow/.local/lib/python3.12/site-packages/airflow/example_dags/example_external_task_marker_dag.py
[2025-01-26T17:35:25.955+0000] {processor.py:914} INFO - Processing file /home/airflow/.local/lib/python3.12/site-packages/airflow/example_dags/example_external_task_marker_dag.py for tasks to queue
[2025-01-26T17:35:25.959+0000] {logging_mixin.py:190} INFO - [2025-01-26T17:35:25.958+0000] {dagbag.py:588} INFO - Filling up the DagBag from /home/airflow/.local/lib/python3.12/site-packages/airflow/example_dags/example_external_task_marker_dag.py
[2025-01-26T17:35:25.987+0000] {processor.py:925} INFO - DAG(s) 'example_external_task_marker_parent', 'example_external_task_marker_child' retrieved from /home/airflow/.local/lib/python3.12/site-packages/airflow/example_dags/example_external_task_marker_dag.py
[2025-01-26T17:35:26.053+0000] {logging_mixin.py:190} INFO - [2025-01-26T17:35:26.053+0000] {dag.py:3239} INFO - Sync 2 DAGs
[2025-01-26T17:35:26.106+0000] {logging_mixin.py:190} INFO - [2025-01-26T17:35:26.105+0000] {dag.py:4180} INFO - Setting next_dagrun for example_external_task_marker_child to None, run_after=None
[2025-01-26T17:35:26.119+0000] {logging_mixin.py:190} INFO - [2025-01-26T17:35:26.119+0000] {dag.py:4180} INFO - Setting next_dagrun for example_external_task_marker_parent to None, run_after=None
[2025-01-26T17:35:26.167+0000] {processor.py:208} INFO - Processing /home/airflow/.local/lib/python3.12/site-packages/airflow/example_dags/example_external_task_marker_dag.py took 0.222 seconds
[2025-01-26T17:35:57.474+0000] {processor.py:186} INFO - Started process (PID=1103) to work on /home/airflow/.local/lib/python3.12/site-packages/airflow/example_dags/example_external_task_marker_dag.py
[2025-01-26T17:35:57.477+0000] {processor.py:914} INFO - Processing file /home/airflow/.local/lib/python3.12/site-packages/airflow/example_dags/example_external_task_marker_dag.py for tasks to queue
[2025-01-26T17:35:57.481+0000] {logging_mixin.py:190} INFO - [2025-01-26T17:35:57.481+0000] {dagbag.py:588} INFO - Filling up the DagBag from /home/airflow/.local/lib/python3.12/site-packages/airflow/example_dags/example_external_task_marker_dag.py
[2025-01-26T17:35:57.496+0000] {processor.py:925} INFO - DAG(s) 'example_external_task_marker_child', 'example_external_task_marker_parent' retrieved from /home/airflow/.local/lib/python3.12/site-packages/airflow/example_dags/example_external_task_marker_dag.py
[2025-01-26T17:35:57.536+0000] {logging_mixin.py:190} INFO - [2025-01-26T17:35:57.536+0000] {dag.py:3239} INFO - Sync 2 DAGs
[2025-01-26T17:35:57.569+0000] {logging_mixin.py:190} INFO - [2025-01-26T17:35:57.568+0000] {dag.py:4180} INFO - Setting next_dagrun for example_external_task_marker_child to None, run_after=None
[2025-01-26T17:35:57.579+0000] {logging_mixin.py:190} INFO - [2025-01-26T17:35:57.578+0000] {dag.py:4180} INFO - Setting next_dagrun for example_external_task_marker_parent to None, run_after=None
[2025-01-26T17:35:57.610+0000] {processor.py:208} INFO - Processing /home/airflow/.local/lib/python3.12/site-packages/airflow/example_dags/example_external_task_marker_dag.py took 0.143 seconds
[2025-01-26T17:36:29.312+0000] {processor.py:186} INFO - Started process (PID=1166) to work on /home/airflow/.local/lib/python3.12/site-packages/airflow/example_dags/example_external_task_marker_dag.py
[2025-01-26T17:36:29.317+0000] {processor.py:914} INFO - Processing file /home/airflow/.local/lib/python3.12/site-packages/airflow/example_dags/example_external_task_marker_dag.py for tasks to queue
[2025-01-26T17:36:29.323+0000] {logging_mixin.py:190} INFO - [2025-01-26T17:36:29.323+0000] {dagbag.py:588} INFO - Filling up the DagBag from /home/airflow/.local/lib/python3.12/site-packages/airflow/example_dags/example_external_task_marker_dag.py
[2025-01-26T17:36:29.340+0000] {processor.py:925} INFO - DAG(s) 'example_external_task_marker_child', 'example_external_task_marker_parent' retrieved from /home/airflow/.local/lib/python3.12/site-packages/airflow/example_dags/example_external_task_marker_dag.py
[2025-01-26T17:36:29.403+0000] {logging_mixin.py:190} INFO - [2025-01-26T17:36:29.403+0000] {dag.py:3239} INFO - Sync 2 DAGs
[2025-01-26T17:36:29.434+0000] {logging_mixin.py:190} INFO - [2025-01-26T17:36:29.434+0000] {dag.py:4180} INFO - Setting next_dagrun for example_external_task_marker_child to None, run_after=None
[2025-01-26T17:36:29.440+0000] {logging_mixin.py:190} INFO - [2025-01-26T17:36:29.440+0000] {dag.py:4180} INFO - Setting next_dagrun for example_external_task_marker_parent to None, run_after=None
[2025-01-26T17:36:29.503+0000] {processor.py:208} INFO - Processing /home/airflow/.local/lib/python3.12/site-packages/airflow/example_dags/example_external_task_marker_dag.py took 0.199 seconds
[2025-01-26T17:36:59.904+0000] {processor.py:186} INFO - Started process (PID=1226) to work on /home/airflow/.local/lib/python3.12/site-packages/airflow/example_dags/example_external_task_marker_dag.py
[2025-01-26T17:36:59.906+0000] {processor.py:914} INFO - Processing file /home/airflow/.local/lib/python3.12/site-packages/airflow/example_dags/example_external_task_marker_dag.py for tasks to queue
[2025-01-26T17:36:59.912+0000] {logging_mixin.py:190} INFO - [2025-01-26T17:36:59.912+0000] {dagbag.py:588} INFO - Filling up the DagBag from /home/airflow/.local/lib/python3.12/site-packages/airflow/example_dags/example_external_task_marker_dag.py
[2025-01-26T17:36:59.930+0000] {processor.py:925} INFO - DAG(s) 'example_external_task_marker_child', 'example_external_task_marker_parent' retrieved from /home/airflow/.local/lib/python3.12/site-packages/airflow/example_dags/example_external_task_marker_dag.py
[2025-01-26T17:36:59.976+0000] {logging_mixin.py:190} INFO - [2025-01-26T17:36:59.974+0000] {dag.py:3239} INFO - Sync 2 DAGs
[2025-01-26T17:37:00.009+0000] {logging_mixin.py:190} INFO - [2025-01-26T17:37:00.009+0000] {dag.py:4180} INFO - Setting next_dagrun for example_external_task_marker_child to None, run_after=None
[2025-01-26T17:37:00.016+0000] {logging_mixin.py:190} INFO - [2025-01-26T17:37:00.015+0000] {dag.py:4180} INFO - Setting next_dagrun for example_external_task_marker_parent to None, run_after=None
[2025-01-26T17:37:00.046+0000] {processor.py:208} INFO - Processing /home/airflow/.local/lib/python3.12/site-packages/airflow/example_dags/example_external_task_marker_dag.py took 0.153 seconds
[2025-01-26T17:37:30.738+0000] {processor.py:186} INFO - Started process (PID=1288) to work on /home/airflow/.local/lib/python3.12/site-packages/airflow/example_dags/example_external_task_marker_dag.py
[2025-01-26T17:37:30.739+0000] {processor.py:914} INFO - Processing file /home/airflow/.local/lib/python3.12/site-packages/airflow/example_dags/example_external_task_marker_dag.py for tasks to queue
[2025-01-26T17:37:30.742+0000] {logging_mixin.py:190} INFO - [2025-01-26T17:37:30.742+0000] {dagbag.py:588} INFO - Filling up the DagBag from /home/airflow/.local/lib/python3.12/site-packages/airflow/example_dags/example_external_task_marker_dag.py
[2025-01-26T17:37:30.774+0000] {processor.py:925} INFO - DAG(s) 'example_external_task_marker_child', 'example_external_task_marker_parent' retrieved from /home/airflow/.local/lib/python3.12/site-packages/airflow/example_dags/example_external_task_marker_dag.py
[2025-01-26T17:37:30.830+0000] {logging_mixin.py:190} INFO - [2025-01-26T17:37:30.829+0000] {dag.py:3239} INFO - Sync 2 DAGs
[2025-01-26T17:37:30.852+0000] {logging_mixin.py:190} INFO - [2025-01-26T17:37:30.852+0000] {dag.py:4180} INFO - Setting next_dagrun for example_external_task_marker_child to None, run_after=None
[2025-01-26T17:37:30.866+0000] {logging_mixin.py:190} INFO - [2025-01-26T17:37:30.866+0000] {dag.py:4180} INFO - Setting next_dagrun for example_external_task_marker_parent to None, run_after=None
[2025-01-26T17:37:30.920+0000] {processor.py:208} INFO - Processing /home/airflow/.local/lib/python3.12/site-packages/airflow/example_dags/example_external_task_marker_dag.py took 0.197 seconds
[2025-01-26T17:38:02.534+0000] {processor.py:186} INFO - Started process (PID=1342) to work on /home/airflow/.local/lib/python3.12/site-packages/airflow/example_dags/example_external_task_marker_dag.py
[2025-01-26T17:38:02.535+0000] {processor.py:914} INFO - Processing file /home/airflow/.local/lib/python3.12/site-packages/airflow/example_dags/example_external_task_marker_dag.py for tasks to queue
[2025-01-26T17:38:02.549+0000] {logging_mixin.py:190} INFO - [2025-01-26T17:38:02.549+0000] {dagbag.py:588} INFO - Filling up the DagBag from /home/airflow/.local/lib/python3.12/site-packages/airflow/example_dags/example_external_task_marker_dag.py
[2025-01-26T17:38:02.581+0000] {processor.py:925} INFO - DAG(s) 'example_external_task_marker_parent', 'example_external_task_marker_child' retrieved from /home/airflow/.local/lib/python3.12/site-packages/airflow/example_dags/example_external_task_marker_dag.py
[2025-01-26T17:38:02.664+0000] {logging_mixin.py:190} INFO - [2025-01-26T17:38:02.664+0000] {dag.py:3239} INFO - Sync 2 DAGs
[2025-01-26T17:38:02.726+0000] {logging_mixin.py:190} INFO - [2025-01-26T17:38:02.726+0000] {dag.py:4180} INFO - Setting next_dagrun for example_external_task_marker_child to None, run_after=None
[2025-01-26T17:38:02.761+0000] {logging_mixin.py:190} INFO - [2025-01-26T17:38:02.761+0000] {dag.py:4180} INFO - Setting next_dagrun for example_external_task_marker_parent to None, run_after=None
[2025-01-26T17:38:02.824+0000] {processor.py:208} INFO - Processing /home/airflow/.local/lib/python3.12/site-packages/airflow/example_dags/example_external_task_marker_dag.py took 0.308 seconds
[2025-01-26T17:38:33.149+0000] {processor.py:186} INFO - Started process (PID=1405) to work on /home/airflow/.local/lib/python3.12/site-packages/airflow/example_dags/example_external_task_marker_dag.py
[2025-01-26T17:38:33.160+0000] {processor.py:914} INFO - Processing file /home/airflow/.local/lib/python3.12/site-packages/airflow/example_dags/example_external_task_marker_dag.py for tasks to queue
[2025-01-26T17:38:33.163+0000] {logging_mixin.py:190} INFO - [2025-01-26T17:38:33.163+0000] {dagbag.py:588} INFO - Filling up the DagBag from /home/airflow/.local/lib/python3.12/site-packages/airflow/example_dags/example_external_task_marker_dag.py
[2025-01-26T17:38:33.186+0000] {processor.py:925} INFO - DAG(s) 'example_external_task_marker_child', 'example_external_task_marker_parent' retrieved from /home/airflow/.local/lib/python3.12/site-packages/airflow/example_dags/example_external_task_marker_dag.py
[2025-01-26T17:38:33.248+0000] {logging_mixin.py:190} INFO - [2025-01-26T17:38:33.247+0000] {dag.py:3239} INFO - Sync 2 DAGs
[2025-01-26T17:38:33.296+0000] {logging_mixin.py:190} INFO - [2025-01-26T17:38:33.295+0000] {dag.py:4180} INFO - Setting next_dagrun for example_external_task_marker_child to None, run_after=None
[2025-01-26T17:38:33.307+0000] {logging_mixin.py:190} INFO - [2025-01-26T17:38:33.307+0000] {dag.py:4180} INFO - Setting next_dagrun for example_external_task_marker_parent to None, run_after=None
[2025-01-26T17:38:33.361+0000] {processor.py:208} INFO - Processing /home/airflow/.local/lib/python3.12/site-packages/airflow/example_dags/example_external_task_marker_dag.py took 0.228 seconds
[2025-01-26T17:39:03.588+0000] {processor.py:186} INFO - Started process (PID=1465) to work on /home/airflow/.local/lib/python3.12/site-packages/airflow/example_dags/example_external_task_marker_dag.py
[2025-01-26T17:39:03.599+0000] {processor.py:914} INFO - Processing file /home/airflow/.local/lib/python3.12/site-packages/airflow/example_dags/example_external_task_marker_dag.py for tasks to queue
[2025-01-26T17:39:03.603+0000] {logging_mixin.py:190} INFO - [2025-01-26T17:39:03.603+0000] {dagbag.py:588} INFO - Filling up the DagBag from /home/airflow/.local/lib/python3.12/site-packages/airflow/example_dags/example_external_task_marker_dag.py
[2025-01-26T17:39:03.634+0000] {processor.py:925} INFO - DAG(s) 'example_external_task_marker_parent', 'example_external_task_marker_child' retrieved from /home/airflow/.local/lib/python3.12/site-packages/airflow/example_dags/example_external_task_marker_dag.py
[2025-01-26T17:39:03.730+0000] {logging_mixin.py:190} INFO - [2025-01-26T17:39:03.729+0000] {dag.py:3239} INFO - Sync 2 DAGs
[2025-01-26T17:39:04.004+0000] {logging_mixin.py:190} INFO - [2025-01-26T17:39:04.004+0000] {dag.py:4180} INFO - Setting next_dagrun for example_external_task_marker_child to None, run_after=None
[2025-01-26T17:39:04.056+0000] {logging_mixin.py:190} INFO - [2025-01-26T17:39:04.056+0000] {dag.py:4180} INFO - Setting next_dagrun for example_external_task_marker_parent to None, run_after=None
[2025-01-26T17:39:04.178+0000] {processor.py:208} INFO - Processing /home/airflow/.local/lib/python3.12/site-packages/airflow/example_dags/example_external_task_marker_dag.py took 0.598 seconds
[2025-01-26T17:39:34.359+0000] {processor.py:186} INFO - Started process (PID=1526) to work on /home/airflow/.local/lib/python3.12/site-packages/airflow/example_dags/example_external_task_marker_dag.py
[2025-01-26T17:39:34.360+0000] {processor.py:914} INFO - Processing file /home/airflow/.local/lib/python3.12/site-packages/airflow/example_dags/example_external_task_marker_dag.py for tasks to queue
[2025-01-26T17:39:34.362+0000] {logging_mixin.py:190} INFO - [2025-01-26T17:39:34.362+0000] {dagbag.py:588} INFO - Filling up the DagBag from /home/airflow/.local/lib/python3.12/site-packages/airflow/example_dags/example_external_task_marker_dag.py
[2025-01-26T17:39:34.371+0000] {processor.py:925} INFO - DAG(s) 'example_external_task_marker_child', 'example_external_task_marker_parent' retrieved from /home/airflow/.local/lib/python3.12/site-packages/airflow/example_dags/example_external_task_marker_dag.py
[2025-01-26T17:39:34.409+0000] {logging_mixin.py:190} INFO - [2025-01-26T17:39:34.408+0000] {dag.py:3239} INFO - Sync 2 DAGs
[2025-01-26T17:39:34.428+0000] {logging_mixin.py:190} INFO - [2025-01-26T17:39:34.427+0000] {dag.py:4180} INFO - Setting next_dagrun for example_external_task_marker_child to None, run_after=None
[2025-01-26T17:39:34.436+0000] {logging_mixin.py:190} INFO - [2025-01-26T17:39:34.435+0000] {dag.py:4180} INFO - Setting next_dagrun for example_external_task_marker_parent to None, run_after=None
[2025-01-26T17:39:34.472+0000] {processor.py:208} INFO - Processing /home/airflow/.local/lib/python3.12/site-packages/airflow/example_dags/example_external_task_marker_dag.py took 0.121 seconds
[2025-01-26T17:40:05.105+0000] {processor.py:186} INFO - Started process (PID=1589) to work on /home/airflow/.local/lib/python3.12/site-packages/airflow/example_dags/example_external_task_marker_dag.py
[2025-01-26T17:40:05.113+0000] {processor.py:914} INFO - Processing file /home/airflow/.local/lib/python3.12/site-packages/airflow/example_dags/example_external_task_marker_dag.py for tasks to queue
[2025-01-26T17:40:05.118+0000] {logging_mixin.py:190} INFO - [2025-01-26T17:40:05.118+0000] {dagbag.py:588} INFO - Filling up the DagBag from /home/airflow/.local/lib/python3.12/site-packages/airflow/example_dags/example_external_task_marker_dag.py
[2025-01-26T17:40:05.128+0000] {processor.py:925} INFO - DAG(s) 'example_external_task_marker_parent', 'example_external_task_marker_child' retrieved from /home/airflow/.local/lib/python3.12/site-packages/airflow/example_dags/example_external_task_marker_dag.py
[2025-01-26T17:40:05.165+0000] {logging_mixin.py:190} INFO - [2025-01-26T17:40:05.165+0000] {dag.py:3239} INFO - Sync 2 DAGs
[2025-01-26T17:40:05.181+0000] {logging_mixin.py:190} INFO - [2025-01-26T17:40:05.181+0000] {dag.py:4180} INFO - Setting next_dagrun for example_external_task_marker_child to None, run_after=None
[2025-01-26T17:40:05.185+0000] {logging_mixin.py:190} INFO - [2025-01-26T17:40:05.185+0000] {dag.py:4180} INFO - Setting next_dagrun for example_external_task_marker_parent to None, run_after=None
[2025-01-26T17:40:05.202+0000] {processor.py:208} INFO - Processing /home/airflow/.local/lib/python3.12/site-packages/airflow/example_dags/example_external_task_marker_dag.py took 0.102 seconds
[2025-01-26T17:40:35.450+0000] {processor.py:186} INFO - Started process (PID=1659) to work on /home/airflow/.local/lib/python3.12/site-packages/airflow/example_dags/example_external_task_marker_dag.py
[2025-01-26T17:40:35.452+0000] {processor.py:914} INFO - Processing file /home/airflow/.local/lib/python3.12/site-packages/airflow/example_dags/example_external_task_marker_dag.py for tasks to queue
[2025-01-26T17:40:35.455+0000] {logging_mixin.py:190} INFO - [2025-01-26T17:40:35.455+0000] {dagbag.py:588} INFO - Filling up the DagBag from /home/airflow/.local/lib/python3.12/site-packages/airflow/example_dags/example_external_task_marker_dag.py
[2025-01-26T17:40:35.463+0000] {processor.py:925} INFO - DAG(s) 'example_external_task_marker_child', 'example_external_task_marker_parent' retrieved from /home/airflow/.local/lib/python3.12/site-packages/airflow/example_dags/example_external_task_marker_dag.py
[2025-01-26T17:40:35.487+0000] {logging_mixin.py:190} INFO - [2025-01-26T17:40:35.487+0000] {dag.py:3239} INFO - Sync 2 DAGs
[2025-01-26T17:40:35.502+0000] {logging_mixin.py:190} INFO - [2025-01-26T17:40:35.502+0000] {dag.py:4180} INFO - Setting next_dagrun for example_external_task_marker_child to None, run_after=None
[2025-01-26T17:40:35.506+0000] {logging_mixin.py:190} INFO - [2025-01-26T17:40:35.506+0000] {dag.py:4180} INFO - Setting next_dagrun for example_external_task_marker_parent to None, run_after=None
[2025-01-26T17:40:35.525+0000] {processor.py:208} INFO - Processing /home/airflow/.local/lib/python3.12/site-packages/airflow/example_dags/example_external_task_marker_dag.py took 0.083 seconds
[2025-01-26T17:41:06.420+0000] {processor.py:186} INFO - Started process (PID=1722) to work on /home/airflow/.local/lib/python3.12/site-packages/airflow/example_dags/example_external_task_marker_dag.py
[2025-01-26T17:41:06.421+0000] {processor.py:914} INFO - Processing file /home/airflow/.local/lib/python3.12/site-packages/airflow/example_dags/example_external_task_marker_dag.py for tasks to queue
[2025-01-26T17:41:06.424+0000] {logging_mixin.py:190} INFO - [2025-01-26T17:41:06.424+0000] {dagbag.py:588} INFO - Filling up the DagBag from /home/airflow/.local/lib/python3.12/site-packages/airflow/example_dags/example_external_task_marker_dag.py
[2025-01-26T17:41:06.434+0000] {processor.py:925} INFO - DAG(s) 'example_external_task_marker_parent', 'example_external_task_marker_child' retrieved from /home/airflow/.local/lib/python3.12/site-packages/airflow/example_dags/example_external_task_marker_dag.py
[2025-01-26T17:41:06.465+0000] {logging_mixin.py:190} INFO - [2025-01-26T17:41:06.465+0000] {dag.py:3239} INFO - Sync 2 DAGs
[2025-01-26T17:41:06.486+0000] {logging_mixin.py:190} INFO - [2025-01-26T17:41:06.486+0000] {dag.py:4180} INFO - Setting next_dagrun for example_external_task_marker_child to None, run_after=None
[2025-01-26T17:41:06.491+0000] {logging_mixin.py:190} INFO - [2025-01-26T17:41:06.491+0000] {dag.py:4180} INFO - Setting next_dagrun for example_external_task_marker_parent to None, run_after=None
[2025-01-26T17:41:06.513+0000] {processor.py:208} INFO - Processing /home/airflow/.local/lib/python3.12/site-packages/airflow/example_dags/example_external_task_marker_dag.py took 0.101 seconds
[2025-01-26T17:41:36.800+0000] {processor.py:186} INFO - Started process (PID=1785) to work on /home/airflow/.local/lib/python3.12/site-packages/airflow/example_dags/example_external_task_marker_dag.py
[2025-01-26T17:41:36.801+0000] {processor.py:914} INFO - Processing file /home/airflow/.local/lib/python3.12/site-packages/airflow/example_dags/example_external_task_marker_dag.py for tasks to queue
[2025-01-26T17:41:36.805+0000] {logging_mixin.py:190} INFO - [2025-01-26T17:41:36.804+0000] {dagbag.py:588} INFO - Filling up the DagBag from /home/airflow/.local/lib/python3.12/site-packages/airflow/example_dags/example_external_task_marker_dag.py
[2025-01-26T17:41:36.833+0000] {processor.py:925} INFO - DAG(s) 'example_external_task_marker_parent', 'example_external_task_marker_child' retrieved from /home/airflow/.local/lib/python3.12/site-packages/airflow/example_dags/example_external_task_marker_dag.py
[2025-01-26T17:41:36.890+0000] {logging_mixin.py:190} INFO - [2025-01-26T17:41:36.889+0000] {dag.py:3239} INFO - Sync 2 DAGs
[2025-01-26T17:41:36.939+0000] {logging_mixin.py:190} INFO - [2025-01-26T17:41:36.939+0000] {dag.py:4180} INFO - Setting next_dagrun for example_external_task_marker_child to None, run_after=None
[2025-01-26T17:41:36.956+0000] {logging_mixin.py:190} INFO - [2025-01-26T17:41:36.955+0000] {dag.py:4180} INFO - Setting next_dagrun for example_external_task_marker_parent to None, run_after=None
[2025-01-26T17:41:37.036+0000] {processor.py:208} INFO - Processing /home/airflow/.local/lib/python3.12/site-packages/airflow/example_dags/example_external_task_marker_dag.py took 0.244 seconds
[2025-01-26T17:42:07.188+0000] {processor.py:186} INFO - Started process (PID=1848) to work on /home/airflow/.local/lib/python3.12/site-packages/airflow/example_dags/example_external_task_marker_dag.py
[2025-01-26T17:42:07.190+0000] {processor.py:914} INFO - Processing file /home/airflow/.local/lib/python3.12/site-packages/airflow/example_dags/example_external_task_marker_dag.py for tasks to queue
[2025-01-26T17:42:07.193+0000] {logging_mixin.py:190} INFO - [2025-01-26T17:42:07.193+0000] {dagbag.py:588} INFO - Filling up the DagBag from /home/airflow/.local/lib/python3.12/site-packages/airflow/example_dags/example_external_task_marker_dag.py
[2025-01-26T17:42:07.205+0000] {processor.py:925} INFO - DAG(s) 'example_external_task_marker_child', 'example_external_task_marker_parent' retrieved from /home/airflow/.local/lib/python3.12/site-packages/airflow/example_dags/example_external_task_marker_dag.py
[2025-01-26T17:42:07.252+0000] {logging_mixin.py:190} INFO - [2025-01-26T17:42:07.252+0000] {dag.py:3239} INFO - Sync 2 DAGs
[2025-01-26T17:42:07.288+0000] {logging_mixin.py:190} INFO - [2025-01-26T17:42:07.288+0000] {dag.py:4180} INFO - Setting next_dagrun for example_external_task_marker_child to None, run_after=None
[2025-01-26T17:42:07.297+0000] {logging_mixin.py:190} INFO - [2025-01-26T17:42:07.296+0000] {dag.py:4180} INFO - Setting next_dagrun for example_external_task_marker_parent to None, run_after=None
[2025-01-26T17:42:07.321+0000] {processor.py:208} INFO - Processing /home/airflow/.local/lib/python3.12/site-packages/airflow/example_dags/example_external_task_marker_dag.py took 0.142 seconds
[2025-01-26T17:42:37.521+0000] {processor.py:186} INFO - Started process (PID=1911) to work on /home/airflow/.local/lib/python3.12/site-packages/airflow/example_dags/example_external_task_marker_dag.py
[2025-01-26T17:42:37.523+0000] {processor.py:914} INFO - Processing file /home/airflow/.local/lib/python3.12/site-packages/airflow/example_dags/example_external_task_marker_dag.py for tasks to queue
[2025-01-26T17:42:37.525+0000] {logging_mixin.py:190} INFO - [2025-01-26T17:42:37.525+0000] {dagbag.py:588} INFO - Filling up the DagBag from /home/airflow/.local/lib/python3.12/site-packages/airflow/example_dags/example_external_task_marker_dag.py
[2025-01-26T17:42:37.533+0000] {processor.py:925} INFO - DAG(s) 'example_external_task_marker_child', 'example_external_task_marker_parent' retrieved from /home/airflow/.local/lib/python3.12/site-packages/airflow/example_dags/example_external_task_marker_dag.py
[2025-01-26T17:42:37.559+0000] {logging_mixin.py:190} INFO - [2025-01-26T17:42:37.559+0000] {dag.py:3239} INFO - Sync 2 DAGs
[2025-01-26T17:42:37.579+0000] {logging_mixin.py:190} INFO - [2025-01-26T17:42:37.579+0000] {dag.py:4180} INFO - Setting next_dagrun for example_external_task_marker_child to None, run_after=None
[2025-01-26T17:42:37.584+0000] {logging_mixin.py:190} INFO - [2025-01-26T17:42:37.584+0000] {dag.py:4180} INFO - Setting next_dagrun for example_external_task_marker_parent to None, run_after=None
[2025-01-26T17:42:37.604+0000] {processor.py:208} INFO - Processing /home/airflow/.local/lib/python3.12/site-packages/airflow/example_dags/example_external_task_marker_dag.py took 0.088 seconds
[2025-01-26T17:43:08.226+0000] {processor.py:186} INFO - Started process (PID=1974) to work on /home/airflow/.local/lib/python3.12/site-packages/airflow/example_dags/example_external_task_marker_dag.py
[2025-01-26T17:43:08.227+0000] {processor.py:914} INFO - Processing file /home/airflow/.local/lib/python3.12/site-packages/airflow/example_dags/example_external_task_marker_dag.py for tasks to queue
[2025-01-26T17:43:08.231+0000] {logging_mixin.py:190} INFO - [2025-01-26T17:43:08.230+0000] {dagbag.py:588} INFO - Filling up the DagBag from /home/airflow/.local/lib/python3.12/site-packages/airflow/example_dags/example_external_task_marker_dag.py
[2025-01-26T17:43:08.242+0000] {processor.py:925} INFO - DAG(s) 'example_external_task_marker_parent', 'example_external_task_marker_child' retrieved from /home/airflow/.local/lib/python3.12/site-packages/airflow/example_dags/example_external_task_marker_dag.py
[2025-01-26T17:43:08.300+0000] {logging_mixin.py:190} INFO - [2025-01-26T17:43:08.300+0000] {dag.py:3239} INFO - Sync 2 DAGs
[2025-01-26T17:43:08.334+0000] {logging_mixin.py:190} INFO - [2025-01-26T17:43:08.334+0000] {dag.py:4180} INFO - Setting next_dagrun for example_external_task_marker_child to None, run_after=None
[2025-01-26T17:43:08.345+0000] {logging_mixin.py:190} INFO - [2025-01-26T17:43:08.344+0000] {dag.py:4180} INFO - Setting next_dagrun for example_external_task_marker_parent to None, run_after=None
[2025-01-26T17:43:08.370+0000] {processor.py:208} INFO - Processing /home/airflow/.local/lib/python3.12/site-packages/airflow/example_dags/example_external_task_marker_dag.py took 0.152 seconds
[2025-01-26T17:43:38.977+0000] {processor.py:186} INFO - Started process (PID=2037) to work on /home/airflow/.local/lib/python3.12/site-packages/airflow/example_dags/example_external_task_marker_dag.py
[2025-01-26T17:43:38.979+0000] {processor.py:914} INFO - Processing file /home/airflow/.local/lib/python3.12/site-packages/airflow/example_dags/example_external_task_marker_dag.py for tasks to queue
[2025-01-26T17:43:38.982+0000] {logging_mixin.py:190} INFO - [2025-01-26T17:43:38.981+0000] {dagbag.py:588} INFO - Filling up the DagBag from /home/airflow/.local/lib/python3.12/site-packages/airflow/example_dags/example_external_task_marker_dag.py
[2025-01-26T17:43:38.993+0000] {processor.py:925} INFO - DAG(s) 'example_external_task_marker_parent', 'example_external_task_marker_child' retrieved from /home/airflow/.local/lib/python3.12/site-packages/airflow/example_dags/example_external_task_marker_dag.py
[2025-01-26T17:43:39.023+0000] {logging_mixin.py:190} INFO - [2025-01-26T17:43:39.023+0000] {dag.py:3239} INFO - Sync 2 DAGs
[2025-01-26T17:43:39.045+0000] {logging_mixin.py:190} INFO - [2025-01-26T17:43:39.045+0000] {dag.py:4180} INFO - Setting next_dagrun for example_external_task_marker_child to None, run_after=None
[2025-01-26T17:43:39.049+0000] {logging_mixin.py:190} INFO - [2025-01-26T17:43:39.049+0000] {dag.py:4180} INFO - Setting next_dagrun for example_external_task_marker_parent to None, run_after=None
[2025-01-26T17:43:39.067+0000] {processor.py:208} INFO - Processing /home/airflow/.local/lib/python3.12/site-packages/airflow/example_dags/example_external_task_marker_dag.py took 0.098 seconds
[2025-01-26T17:44:09.217+0000] {processor.py:186} INFO - Started process (PID=2100) to work on /home/airflow/.local/lib/python3.12/site-packages/airflow/example_dags/example_external_task_marker_dag.py
[2025-01-26T17:44:09.218+0000] {processor.py:914} INFO - Processing file /home/airflow/.local/lib/python3.12/site-packages/airflow/example_dags/example_external_task_marker_dag.py for tasks to queue
[2025-01-26T17:44:09.220+0000] {logging_mixin.py:190} INFO - [2025-01-26T17:44:09.220+0000] {dagbag.py:588} INFO - Filling up the DagBag from /home/airflow/.local/lib/python3.12/site-packages/airflow/example_dags/example_external_task_marker_dag.py
[2025-01-26T17:44:09.227+0000] {processor.py:925} INFO - DAG(s) 'example_external_task_marker_child', 'example_external_task_marker_parent' retrieved from /home/airflow/.local/lib/python3.12/site-packages/airflow/example_dags/example_external_task_marker_dag.py
[2025-01-26T17:44:09.248+0000] {logging_mixin.py:190} INFO - [2025-01-26T17:44:09.248+0000] {dag.py:3239} INFO - Sync 2 DAGs
[2025-01-26T17:44:09.262+0000] {logging_mixin.py:190} INFO - [2025-01-26T17:44:09.262+0000] {dag.py:4180} INFO - Setting next_dagrun for example_external_task_marker_child to None, run_after=None
[2025-01-26T17:44:09.266+0000] {logging_mixin.py:190} INFO - [2025-01-26T17:44:09.266+0000] {dag.py:4180} INFO - Setting next_dagrun for example_external_task_marker_parent to None, run_after=None
[2025-01-26T17:44:09.282+0000] {processor.py:208} INFO - Processing /home/airflow/.local/lib/python3.12/site-packages/airflow/example_dags/example_external_task_marker_dag.py took 0.071 seconds
[2025-01-26T17:44:39.909+0000] {processor.py:186} INFO - Started process (PID=2164) to work on /home/airflow/.local/lib/python3.12/site-packages/airflow/example_dags/example_external_task_marker_dag.py
[2025-01-26T17:44:39.910+0000] {processor.py:914} INFO - Processing file /home/airflow/.local/lib/python3.12/site-packages/airflow/example_dags/example_external_task_marker_dag.py for tasks to queue
[2025-01-26T17:44:39.912+0000] {logging_mixin.py:190} INFO - [2025-01-26T17:44:39.912+0000] {dagbag.py:588} INFO - Filling up the DagBag from /home/airflow/.local/lib/python3.12/site-packages/airflow/example_dags/example_external_task_marker_dag.py
[2025-01-26T17:44:39.920+0000] {processor.py:925} INFO - DAG(s) 'example_external_task_marker_parent', 'example_external_task_marker_child' retrieved from /home/airflow/.local/lib/python3.12/site-packages/airflow/example_dags/example_external_task_marker_dag.py
[2025-01-26T17:44:39.942+0000] {logging_mixin.py:190} INFO - [2025-01-26T17:44:39.942+0000] {dag.py:3239} INFO - Sync 2 DAGs
[2025-01-26T17:44:39.957+0000] {logging_mixin.py:190} INFO - [2025-01-26T17:44:39.957+0000] {dag.py:4180} INFO - Setting next_dagrun for example_external_task_marker_child to None, run_after=None
[2025-01-26T17:44:39.961+0000] {logging_mixin.py:190} INFO - [2025-01-26T17:44:39.961+0000] {dag.py:4180} INFO - Setting next_dagrun for example_external_task_marker_parent to None, run_after=None
[2025-01-26T17:44:39.977+0000] {processor.py:208} INFO - Processing /home/airflow/.local/lib/python3.12/site-packages/airflow/example_dags/example_external_task_marker_dag.py took 0.073 seconds
[2025-01-26T17:45:10.524+0000] {processor.py:186} INFO - Started process (PID=2228) to work on /home/airflow/.local/lib/python3.12/site-packages/airflow/example_dags/example_external_task_marker_dag.py
[2025-01-26T17:45:10.525+0000] {processor.py:914} INFO - Processing file /home/airflow/.local/lib/python3.12/site-packages/airflow/example_dags/example_external_task_marker_dag.py for tasks to queue
[2025-01-26T17:45:10.528+0000] {logging_mixin.py:190} INFO - [2025-01-26T17:45:10.527+0000] {dagbag.py:588} INFO - Filling up the DagBag from /home/airflow/.local/lib/python3.12/site-packages/airflow/example_dags/example_external_task_marker_dag.py
[2025-01-26T17:45:10.536+0000] {processor.py:925} INFO - DAG(s) 'example_external_task_marker_child', 'example_external_task_marker_parent' retrieved from /home/airflow/.local/lib/python3.12/site-packages/airflow/example_dags/example_external_task_marker_dag.py
[2025-01-26T17:45:10.559+0000] {logging_mixin.py:190} INFO - [2025-01-26T17:45:10.558+0000] {dag.py:3239} INFO - Sync 2 DAGs
[2025-01-26T17:45:10.573+0000] {logging_mixin.py:190} INFO - [2025-01-26T17:45:10.573+0000] {dag.py:4180} INFO - Setting next_dagrun for example_external_task_marker_child to None, run_after=None
[2025-01-26T17:45:10.577+0000] {logging_mixin.py:190} INFO - [2025-01-26T17:45:10.576+0000] {dag.py:4180} INFO - Setting next_dagrun for example_external_task_marker_parent to None, run_after=None
[2025-01-26T17:45:10.593+0000] {processor.py:208} INFO - Processing /home/airflow/.local/lib/python3.12/site-packages/airflow/example_dags/example_external_task_marker_dag.py took 0.074 seconds
[2025-01-26T17:45:41.089+0000] {processor.py:186} INFO - Started process (PID=2291) to work on /home/airflow/.local/lib/python3.12/site-packages/airflow/example_dags/example_external_task_marker_dag.py
[2025-01-26T17:45:41.090+0000] {processor.py:914} INFO - Processing file /home/airflow/.local/lib/python3.12/site-packages/airflow/example_dags/example_external_task_marker_dag.py for tasks to queue
[2025-01-26T17:45:41.093+0000] {logging_mixin.py:190} INFO - [2025-01-26T17:45:41.092+0000] {dagbag.py:588} INFO - Filling up the DagBag from /home/airflow/.local/lib/python3.12/site-packages/airflow/example_dags/example_external_task_marker_dag.py
[2025-01-26T17:45:41.103+0000] {processor.py:925} INFO - DAG(s) 'example_external_task_marker_child', 'example_external_task_marker_parent' retrieved from /home/airflow/.local/lib/python3.12/site-packages/airflow/example_dags/example_external_task_marker_dag.py
[2025-01-26T17:45:41.129+0000] {logging_mixin.py:190} INFO - [2025-01-26T17:45:41.128+0000] {dag.py:3239} INFO - Sync 2 DAGs
[2025-01-26T17:45:41.146+0000] {logging_mixin.py:190} INFO - [2025-01-26T17:45:41.146+0000] {dag.py:4180} INFO - Setting next_dagrun for example_external_task_marker_child to None, run_after=None
[2025-01-26T17:45:41.150+0000] {logging_mixin.py:190} INFO - [2025-01-26T17:45:41.150+0000] {dag.py:4180} INFO - Setting next_dagrun for example_external_task_marker_parent to None, run_after=None
[2025-01-26T17:45:41.170+0000] {processor.py:208} INFO - Processing /home/airflow/.local/lib/python3.12/site-packages/airflow/example_dags/example_external_task_marker_dag.py took 0.088 seconds
[2025-01-26T17:46:11.906+0000] {processor.py:186} INFO - Started process (PID=2354) to work on /home/airflow/.local/lib/python3.12/site-packages/airflow/example_dags/example_external_task_marker_dag.py
[2025-01-26T17:46:11.912+0000] {processor.py:914} INFO - Processing file /home/airflow/.local/lib/python3.12/site-packages/airflow/example_dags/example_external_task_marker_dag.py for tasks to queue
[2025-01-26T17:46:11.923+0000] {logging_mixin.py:190} INFO - [2025-01-26T17:46:11.921+0000] {dagbag.py:588} INFO - Filling up the DagBag from /home/airflow/.local/lib/python3.12/site-packages/airflow/example_dags/example_external_task_marker_dag.py
[2025-01-26T17:46:11.939+0000] {processor.py:925} INFO - DAG(s) 'example_external_task_marker_child', 'example_external_task_marker_parent' retrieved from /home/airflow/.local/lib/python3.12/site-packages/airflow/example_dags/example_external_task_marker_dag.py
[2025-01-26T17:46:11.986+0000] {logging_mixin.py:190} INFO - [2025-01-26T17:46:11.985+0000] {dag.py:3239} INFO - Sync 2 DAGs
[2025-01-26T17:46:12.029+0000] {logging_mixin.py:190} INFO - [2025-01-26T17:46:12.028+0000] {dag.py:4180} INFO - Setting next_dagrun for example_external_task_marker_child to None, run_after=None
[2025-01-26T17:46:12.044+0000] {logging_mixin.py:190} INFO - [2025-01-26T17:46:12.044+0000] {dag.py:4180} INFO - Setting next_dagrun for example_external_task_marker_parent to None, run_after=None
[2025-01-26T17:46:12.090+0000] {processor.py:208} INFO - Processing /home/airflow/.local/lib/python3.12/site-packages/airflow/example_dags/example_external_task_marker_dag.py took 0.196 seconds
[2025-01-26T17:46:42.503+0000] {processor.py:186} INFO - Started process (PID=2416) to work on /home/airflow/.local/lib/python3.12/site-packages/airflow/example_dags/example_external_task_marker_dag.py
[2025-01-26T17:46:42.504+0000] {processor.py:914} INFO - Processing file /home/airflow/.local/lib/python3.12/site-packages/airflow/example_dags/example_external_task_marker_dag.py for tasks to queue
[2025-01-26T17:46:42.507+0000] {logging_mixin.py:190} INFO - [2025-01-26T17:46:42.507+0000] {dagbag.py:588} INFO - Filling up the DagBag from /home/airflow/.local/lib/python3.12/site-packages/airflow/example_dags/example_external_task_marker_dag.py
[2025-01-26T17:46:42.515+0000] {processor.py:925} INFO - DAG(s) 'example_external_task_marker_child', 'example_external_task_marker_parent' retrieved from /home/airflow/.local/lib/python3.12/site-packages/airflow/example_dags/example_external_task_marker_dag.py
[2025-01-26T17:46:42.535+0000] {logging_mixin.py:190} INFO - [2025-01-26T17:46:42.535+0000] {dag.py:3239} INFO - Sync 2 DAGs
[2025-01-26T17:46:42.549+0000] {logging_mixin.py:190} INFO - [2025-01-26T17:46:42.549+0000] {dag.py:4180} INFO - Setting next_dagrun for example_external_task_marker_child to None, run_after=None
[2025-01-26T17:46:42.553+0000] {logging_mixin.py:190} INFO - [2025-01-26T17:46:42.553+0000] {dag.py:4180} INFO - Setting next_dagrun for example_external_task_marker_parent to None, run_after=None
[2025-01-26T17:46:42.572+0000] {processor.py:208} INFO - Processing /home/airflow/.local/lib/python3.12/site-packages/airflow/example_dags/example_external_task_marker_dag.py took 0.074 seconds
[2025-01-26T17:47:13.594+0000] {processor.py:186} INFO - Started process (PID=2479) to work on /home/airflow/.local/lib/python3.12/site-packages/airflow/example_dags/example_external_task_marker_dag.py
[2025-01-26T17:47:13.595+0000] {processor.py:914} INFO - Processing file /home/airflow/.local/lib/python3.12/site-packages/airflow/example_dags/example_external_task_marker_dag.py for tasks to queue
[2025-01-26T17:47:13.597+0000] {logging_mixin.py:190} INFO - [2025-01-26T17:47:13.597+0000] {dagbag.py:588} INFO - Filling up the DagBag from /home/airflow/.local/lib/python3.12/site-packages/airflow/example_dags/example_external_task_marker_dag.py
[2025-01-26T17:47:13.606+0000] {processor.py:925} INFO - DAG(s) 'example_external_task_marker_child', 'example_external_task_marker_parent' retrieved from /home/airflow/.local/lib/python3.12/site-packages/airflow/example_dags/example_external_task_marker_dag.py
[2025-01-26T17:47:13.626+0000] {logging_mixin.py:190} INFO - [2025-01-26T17:47:13.625+0000] {dag.py:3239} INFO - Sync 2 DAGs
[2025-01-26T17:47:13.639+0000] {logging_mixin.py:190} INFO - [2025-01-26T17:47:13.639+0000] {dag.py:4180} INFO - Setting next_dagrun for example_external_task_marker_child to None, run_after=None
[2025-01-26T17:47:13.643+0000] {logging_mixin.py:190} INFO - [2025-01-26T17:47:13.643+0000] {dag.py:4180} INFO - Setting next_dagrun for example_external_task_marker_parent to None, run_after=None
[2025-01-26T17:47:13.660+0000] {processor.py:208} INFO - Processing /home/airflow/.local/lib/python3.12/site-packages/airflow/example_dags/example_external_task_marker_dag.py took 0.071 seconds
[2025-01-26T17:47:43.833+0000] {processor.py:186} INFO - Started process (PID=2542) to work on /home/airflow/.local/lib/python3.12/site-packages/airflow/example_dags/example_external_task_marker_dag.py
[2025-01-26T17:47:43.834+0000] {processor.py:914} INFO - Processing file /home/airflow/.local/lib/python3.12/site-packages/airflow/example_dags/example_external_task_marker_dag.py for tasks to queue
[2025-01-26T17:47:43.836+0000] {logging_mixin.py:190} INFO - [2025-01-26T17:47:43.836+0000] {dagbag.py:588} INFO - Filling up the DagBag from /home/airflow/.local/lib/python3.12/site-packages/airflow/example_dags/example_external_task_marker_dag.py
[2025-01-26T17:47:43.843+0000] {processor.py:925} INFO - DAG(s) 'example_external_task_marker_parent', 'example_external_task_marker_child' retrieved from /home/airflow/.local/lib/python3.12/site-packages/airflow/example_dags/example_external_task_marker_dag.py
[2025-01-26T17:47:43.865+0000] {logging_mixin.py:190} INFO - [2025-01-26T17:47:43.865+0000] {dag.py:3239} INFO - Sync 2 DAGs
[2025-01-26T17:47:43.878+0000] {logging_mixin.py:190} INFO - [2025-01-26T17:47:43.878+0000] {dag.py:4180} INFO - Setting next_dagrun for example_external_task_marker_child to None, run_after=None
[2025-01-26T17:47:43.886+0000] {logging_mixin.py:190} INFO - [2025-01-26T17:47:43.885+0000] {dag.py:4180} INFO - Setting next_dagrun for example_external_task_marker_parent to None, run_after=None
[2025-01-26T17:47:43.901+0000] {processor.py:208} INFO - Processing /home/airflow/.local/lib/python3.12/site-packages/airflow/example_dags/example_external_task_marker_dag.py took 0.083 seconds
[2025-01-26T17:48:14.136+0000] {processor.py:186} INFO - Started process (PID=2605) to work on /home/airflow/.local/lib/python3.12/site-packages/airflow/example_dags/example_external_task_marker_dag.py
[2025-01-26T17:48:14.137+0000] {processor.py:914} INFO - Processing file /home/airflow/.local/lib/python3.12/site-packages/airflow/example_dags/example_external_task_marker_dag.py for tasks to queue
[2025-01-26T17:48:14.139+0000] {logging_mixin.py:190} INFO - [2025-01-26T17:48:14.139+0000] {dagbag.py:588} INFO - Filling up the DagBag from /home/airflow/.local/lib/python3.12/site-packages/airflow/example_dags/example_external_task_marker_dag.py
[2025-01-26T17:48:14.149+0000] {processor.py:925} INFO - DAG(s) 'example_external_task_marker_child', 'example_external_task_marker_parent' retrieved from /home/airflow/.local/lib/python3.12/site-packages/airflow/example_dags/example_external_task_marker_dag.py
[2025-01-26T17:48:14.170+0000] {logging_mixin.py:190} INFO - [2025-01-26T17:48:14.169+0000] {dag.py:3239} INFO - Sync 2 DAGs
[2025-01-26T17:48:14.184+0000] {logging_mixin.py:190} INFO - [2025-01-26T17:48:14.184+0000] {dag.py:4180} INFO - Setting next_dagrun for example_external_task_marker_child to None, run_after=None
[2025-01-26T17:48:14.190+0000] {logging_mixin.py:190} INFO - [2025-01-26T17:48:14.189+0000] {dag.py:4180} INFO - Setting next_dagrun for example_external_task_marker_parent to None, run_after=None
[2025-01-26T17:48:14.210+0000] {processor.py:208} INFO - Processing /home/airflow/.local/lib/python3.12/site-packages/airflow/example_dags/example_external_task_marker_dag.py took 0.079 seconds
[2025-01-26T17:48:44.501+0000] {processor.py:186} INFO - Started process (PID=2668) to work on /home/airflow/.local/lib/python3.12/site-packages/airflow/example_dags/example_external_task_marker_dag.py
[2025-01-26T17:48:44.503+0000] {processor.py:914} INFO - Processing file /home/airflow/.local/lib/python3.12/site-packages/airflow/example_dags/example_external_task_marker_dag.py for tasks to queue
[2025-01-26T17:48:44.506+0000] {logging_mixin.py:190} INFO - [2025-01-26T17:48:44.506+0000] {dagbag.py:588} INFO - Filling up the DagBag from /home/airflow/.local/lib/python3.12/site-packages/airflow/example_dags/example_external_task_marker_dag.py
[2025-01-26T17:48:44.517+0000] {processor.py:925} INFO - DAG(s) 'example_external_task_marker_child', 'example_external_task_marker_parent' retrieved from /home/airflow/.local/lib/python3.12/site-packages/airflow/example_dags/example_external_task_marker_dag.py
[2025-01-26T17:48:44.552+0000] {logging_mixin.py:190} INFO - [2025-01-26T17:48:44.552+0000] {dag.py:3239} INFO - Sync 2 DAGs
[2025-01-26T17:48:44.571+0000] {logging_mixin.py:190} INFO - [2025-01-26T17:48:44.571+0000] {dag.py:4180} INFO - Setting next_dagrun for example_external_task_marker_child to None, run_after=None
[2025-01-26T17:48:44.579+0000] {logging_mixin.py:190} INFO - [2025-01-26T17:48:44.579+0000] {dag.py:4180} INFO - Setting next_dagrun for example_external_task_marker_parent to None, run_after=None
[2025-01-26T17:48:44.601+0000] {processor.py:208} INFO - Processing /home/airflow/.local/lib/python3.12/site-packages/airflow/example_dags/example_external_task_marker_dag.py took 0.107 seconds
[2025-01-26T17:49:16.780+0000] {processor.py:186} INFO - Started process (PID=2726) to work on /home/airflow/.local/lib/python3.12/site-packages/airflow/example_dags/example_external_task_marker_dag.py
[2025-01-26T17:49:16.787+0000] {processor.py:914} INFO - Processing file /home/airflow/.local/lib/python3.12/site-packages/airflow/example_dags/example_external_task_marker_dag.py for tasks to queue
[2025-01-26T17:49:16.800+0000] {logging_mixin.py:190} INFO - [2025-01-26T17:49:16.800+0000] {dagbag.py:588} INFO - Filling up the DagBag from /home/airflow/.local/lib/python3.12/site-packages/airflow/example_dags/example_external_task_marker_dag.py
[2025-01-26T17:49:16.830+0000] {processor.py:925} INFO - DAG(s) 'example_external_task_marker_parent', 'example_external_task_marker_child' retrieved from /home/airflow/.local/lib/python3.12/site-packages/airflow/example_dags/example_external_task_marker_dag.py
[2025-01-26T17:49:16.900+0000] {logging_mixin.py:190} INFO - [2025-01-26T17:49:16.900+0000] {dag.py:3239} INFO - Sync 2 DAGs
[2025-01-26T17:49:16.962+0000] {logging_mixin.py:190} INFO - [2025-01-26T17:49:16.961+0000] {dag.py:4180} INFO - Setting next_dagrun for example_external_task_marker_child to None, run_after=None
[2025-01-26T17:49:16.971+0000] {logging_mixin.py:190} INFO - [2025-01-26T17:49:16.971+0000] {dag.py:4180} INFO - Setting next_dagrun for example_external_task_marker_parent to None, run_after=None
[2025-01-26T17:49:17.026+0000] {processor.py:208} INFO - Processing /home/airflow/.local/lib/python3.12/site-packages/airflow/example_dags/example_external_task_marker_dag.py took 0.264 seconds
[2025-01-26T17:49:48.096+0000] {processor.py:186} INFO - Started process (PID=2786) to work on /home/airflow/.local/lib/python3.12/site-packages/airflow/example_dags/example_external_task_marker_dag.py
[2025-01-26T17:49:48.098+0000] {processor.py:914} INFO - Processing file /home/airflow/.local/lib/python3.12/site-packages/airflow/example_dags/example_external_task_marker_dag.py for tasks to queue
[2025-01-26T17:49:48.101+0000] {logging_mixin.py:190} INFO - [2025-01-26T17:49:48.101+0000] {dagbag.py:588} INFO - Filling up the DagBag from /home/airflow/.local/lib/python3.12/site-packages/airflow/example_dags/example_external_task_marker_dag.py
[2025-01-26T17:49:48.136+0000] {processor.py:925} INFO - DAG(s) 'example_external_task_marker_child', 'example_external_task_marker_parent' retrieved from /home/airflow/.local/lib/python3.12/site-packages/airflow/example_dags/example_external_task_marker_dag.py
[2025-01-26T17:49:48.221+0000] {logging_mixin.py:190} INFO - [2025-01-26T17:49:48.220+0000] {dag.py:3239} INFO - Sync 2 DAGs
[2025-01-26T17:49:48.252+0000] {logging_mixin.py:190} INFO - [2025-01-26T17:49:48.252+0000] {dag.py:4180} INFO - Setting next_dagrun for example_external_task_marker_child to None, run_after=None
[2025-01-26T17:49:48.268+0000] {logging_mixin.py:190} INFO - [2025-01-26T17:49:48.267+0000] {dag.py:4180} INFO - Setting next_dagrun for example_external_task_marker_parent to None, run_after=None
[2025-01-26T17:49:48.310+0000] {processor.py:208} INFO - Processing /home/airflow/.local/lib/python3.12/site-packages/airflow/example_dags/example_external_task_marker_dag.py took 0.241 seconds
[2025-01-26T17:50:19.163+0000] {processor.py:186} INFO - Started process (PID=2847) to work on /home/airflow/.local/lib/python3.12/site-packages/airflow/example_dags/example_external_task_marker_dag.py
[2025-01-26T17:50:19.164+0000] {processor.py:914} INFO - Processing file /home/airflow/.local/lib/python3.12/site-packages/airflow/example_dags/example_external_task_marker_dag.py for tasks to queue
[2025-01-26T17:50:19.168+0000] {logging_mixin.py:190} INFO - [2025-01-26T17:50:19.167+0000] {dagbag.py:588} INFO - Filling up the DagBag from /home/airflow/.local/lib/python3.12/site-packages/airflow/example_dags/example_external_task_marker_dag.py
[2025-01-26T17:50:19.178+0000] {processor.py:925} INFO - DAG(s) 'example_external_task_marker_child', 'example_external_task_marker_parent' retrieved from /home/airflow/.local/lib/python3.12/site-packages/airflow/example_dags/example_external_task_marker_dag.py
[2025-01-26T17:50:19.205+0000] {logging_mixin.py:190} INFO - [2025-01-26T17:50:19.205+0000] {dag.py:3239} INFO - Sync 2 DAGs
[2025-01-26T17:50:19.403+0000] {logging_mixin.py:190} INFO - [2025-01-26T17:50:19.402+0000] {dag.py:4180} INFO - Setting next_dagrun for example_external_task_marker_child to None, run_after=None
[2025-01-26T17:50:19.408+0000] {logging_mixin.py:190} INFO - [2025-01-26T17:50:19.408+0000] {dag.py:4180} INFO - Setting next_dagrun for example_external_task_marker_parent to None, run_after=None
[2025-01-26T17:50:19.427+0000] {processor.py:208} INFO - Processing /home/airflow/.local/lib/python3.12/site-packages/airflow/example_dags/example_external_task_marker_dag.py took 0.271 seconds
[2025-01-26T17:50:49.889+0000] {processor.py:186} INFO - Started process (PID=2908) to work on /home/airflow/.local/lib/python3.12/site-packages/airflow/example_dags/example_external_task_marker_dag.py
[2025-01-26T17:50:49.890+0000] {processor.py:914} INFO - Processing file /home/airflow/.local/lib/python3.12/site-packages/airflow/example_dags/example_external_task_marker_dag.py for tasks to queue
[2025-01-26T17:50:49.893+0000] {logging_mixin.py:190} INFO - [2025-01-26T17:50:49.893+0000] {dagbag.py:588} INFO - Filling up the DagBag from /home/airflow/.local/lib/python3.12/site-packages/airflow/example_dags/example_external_task_marker_dag.py
[2025-01-26T17:50:49.904+0000] {processor.py:925} INFO - DAG(s) 'example_external_task_marker_child', 'example_external_task_marker_parent' retrieved from /home/airflow/.local/lib/python3.12/site-packages/airflow/example_dags/example_external_task_marker_dag.py
[2025-01-26T17:50:49.925+0000] {logging_mixin.py:190} INFO - [2025-01-26T17:50:49.925+0000] {dag.py:3239} INFO - Sync 2 DAGs
[2025-01-26T17:50:50.087+0000] {logging_mixin.py:190} INFO - [2025-01-26T17:50:50.087+0000] {dag.py:4180} INFO - Setting next_dagrun for example_external_task_marker_child to None, run_after=None
[2025-01-26T17:50:50.091+0000] {logging_mixin.py:190} INFO - [2025-01-26T17:50:50.091+0000] {dag.py:4180} INFO - Setting next_dagrun for example_external_task_marker_parent to None, run_after=None
[2025-01-26T17:50:50.106+0000] {processor.py:208} INFO - Processing /home/airflow/.local/lib/python3.12/site-packages/airflow/example_dags/example_external_task_marker_dag.py took 0.225 seconds
[2025-01-26T17:51:20.322+0000] {processor.py:186} INFO - Started process (PID=2971) to work on /home/airflow/.local/lib/python3.12/site-packages/airflow/example_dags/example_external_task_marker_dag.py
[2025-01-26T17:51:20.323+0000] {processor.py:914} INFO - Processing file /home/airflow/.local/lib/python3.12/site-packages/airflow/example_dags/example_external_task_marker_dag.py for tasks to queue
[2025-01-26T17:51:20.326+0000] {logging_mixin.py:190} INFO - [2025-01-26T17:51:20.326+0000] {dagbag.py:588} INFO - Filling up the DagBag from /home/airflow/.local/lib/python3.12/site-packages/airflow/example_dags/example_external_task_marker_dag.py
[2025-01-26T17:51:20.336+0000] {processor.py:925} INFO - DAG(s) 'example_external_task_marker_parent', 'example_external_task_marker_child' retrieved from /home/airflow/.local/lib/python3.12/site-packages/airflow/example_dags/example_external_task_marker_dag.py
[2025-01-26T17:51:20.365+0000] {logging_mixin.py:190} INFO - [2025-01-26T17:51:20.365+0000] {dag.py:3239} INFO - Sync 2 DAGs
[2025-01-26T17:51:20.591+0000] {logging_mixin.py:190} INFO - [2025-01-26T17:51:20.591+0000] {dag.py:4180} INFO - Setting next_dagrun for example_external_task_marker_child to None, run_after=None
[2025-01-26T17:51:20.595+0000] {logging_mixin.py:190} INFO - [2025-01-26T17:51:20.595+0000] {dag.py:4180} INFO - Setting next_dagrun for example_external_task_marker_parent to None, run_after=None
[2025-01-26T17:51:20.612+0000] {processor.py:208} INFO - Processing /home/airflow/.local/lib/python3.12/site-packages/airflow/example_dags/example_external_task_marker_dag.py took 0.296 seconds
[2025-01-26T17:51:51.078+0000] {processor.py:186} INFO - Started process (PID=3036) to work on /home/airflow/.local/lib/python3.12/site-packages/airflow/example_dags/example_external_task_marker_dag.py
[2025-01-26T17:51:51.079+0000] {processor.py:914} INFO - Processing file /home/airflow/.local/lib/python3.12/site-packages/airflow/example_dags/example_external_task_marker_dag.py for tasks to queue
[2025-01-26T17:51:51.082+0000] {logging_mixin.py:190} INFO - [2025-01-26T17:51:51.081+0000] {dagbag.py:588} INFO - Filling up the DagBag from /home/airflow/.local/lib/python3.12/site-packages/airflow/example_dags/example_external_task_marker_dag.py
[2025-01-26T17:51:51.095+0000] {processor.py:925} INFO - DAG(s) 'example_external_task_marker_parent', 'example_external_task_marker_child' retrieved from /home/airflow/.local/lib/python3.12/site-packages/airflow/example_dags/example_external_task_marker_dag.py
[2025-01-26T17:51:51.130+0000] {logging_mixin.py:190} INFO - [2025-01-26T17:51:51.129+0000] {dag.py:3239} INFO - Sync 2 DAGs
[2025-01-26T17:51:51.154+0000] {logging_mixin.py:190} INFO - [2025-01-26T17:51:51.154+0000] {dag.py:4180} INFO - Setting next_dagrun for example_external_task_marker_child to None, run_after=None
[2025-01-26T17:51:51.159+0000] {logging_mixin.py:190} INFO - [2025-01-26T17:51:51.158+0000] {dag.py:4180} INFO - Setting next_dagrun for example_external_task_marker_parent to None, run_after=None
[2025-01-26T17:51:51.401+0000] {processor.py:208} INFO - Processing /home/airflow/.local/lib/python3.12/site-packages/airflow/example_dags/example_external_task_marker_dag.py took 0.334 seconds
[2025-01-26T17:52:21.970+0000] {processor.py:186} INFO - Started process (PID=3099) to work on /home/airflow/.local/lib/python3.12/site-packages/airflow/example_dags/example_external_task_marker_dag.py
[2025-01-26T17:52:21.971+0000] {processor.py:914} INFO - Processing file /home/airflow/.local/lib/python3.12/site-packages/airflow/example_dags/example_external_task_marker_dag.py for tasks to queue
[2025-01-26T17:52:21.973+0000] {logging_mixin.py:190} INFO - [2025-01-26T17:52:21.973+0000] {dagbag.py:588} INFO - Filling up the DagBag from /home/airflow/.local/lib/python3.12/site-packages/airflow/example_dags/example_external_task_marker_dag.py
[2025-01-26T17:52:21.984+0000] {processor.py:925} INFO - DAG(s) 'example_external_task_marker_child', 'example_external_task_marker_parent' retrieved from /home/airflow/.local/lib/python3.12/site-packages/airflow/example_dags/example_external_task_marker_dag.py
[2025-01-26T17:52:22.009+0000] {logging_mixin.py:190} INFO - [2025-01-26T17:52:22.009+0000] {dag.py:3239} INFO - Sync 2 DAGs
[2025-01-26T17:52:22.026+0000] {logging_mixin.py:190} INFO - [2025-01-26T17:52:22.025+0000] {dag.py:4180} INFO - Setting next_dagrun for example_external_task_marker_child to None, run_after=None
[2025-01-26T17:52:22.030+0000] {logging_mixin.py:190} INFO - [2025-01-26T17:52:22.030+0000] {dag.py:4180} INFO - Setting next_dagrun for example_external_task_marker_parent to None, run_after=None
[2025-01-26T17:52:22.053+0000] {processor.py:208} INFO - Processing /home/airflow/.local/lib/python3.12/site-packages/airflow/example_dags/example_external_task_marker_dag.py took 0.090 seconds
[2025-01-26T17:52:52.717+0000] {processor.py:186} INFO - Started process (PID=3162) to work on /home/airflow/.local/lib/python3.12/site-packages/airflow/example_dags/example_external_task_marker_dag.py
[2025-01-26T17:52:52.718+0000] {processor.py:914} INFO - Processing file /home/airflow/.local/lib/python3.12/site-packages/airflow/example_dags/example_external_task_marker_dag.py for tasks to queue
[2025-01-26T17:52:52.720+0000] {logging_mixin.py:190} INFO - [2025-01-26T17:52:52.720+0000] {dagbag.py:588} INFO - Filling up the DagBag from /home/airflow/.local/lib/python3.12/site-packages/airflow/example_dags/example_external_task_marker_dag.py
[2025-01-26T17:52:52.730+0000] {processor.py:925} INFO - DAG(s) 'example_external_task_marker_parent', 'example_external_task_marker_child' retrieved from /home/airflow/.local/lib/python3.12/site-packages/airflow/example_dags/example_external_task_marker_dag.py
[2025-01-26T17:52:52.756+0000] {logging_mixin.py:190} INFO - [2025-01-26T17:52:52.755+0000] {dag.py:3239} INFO - Sync 2 DAGs
[2025-01-26T17:52:52.774+0000] {logging_mixin.py:190} INFO - [2025-01-26T17:52:52.773+0000] {dag.py:4180} INFO - Setting next_dagrun for example_external_task_marker_child to None, run_after=None
[2025-01-26T17:52:52.779+0000] {logging_mixin.py:190} INFO - [2025-01-26T17:52:52.778+0000] {dag.py:4180} INFO - Setting next_dagrun for example_external_task_marker_parent to None, run_after=None
[2025-01-26T17:52:52.797+0000] {processor.py:208} INFO - Processing /home/airflow/.local/lib/python3.12/site-packages/airflow/example_dags/example_external_task_marker_dag.py took 0.086 seconds
[2025-01-26T17:53:23.397+0000] {processor.py:186} INFO - Started process (PID=3225) to work on /home/airflow/.local/lib/python3.12/site-packages/airflow/example_dags/example_external_task_marker_dag.py
[2025-01-26T17:53:23.399+0000] {processor.py:914} INFO - Processing file /home/airflow/.local/lib/python3.12/site-packages/airflow/example_dags/example_external_task_marker_dag.py for tasks to queue
[2025-01-26T17:53:23.403+0000] {logging_mixin.py:190} INFO - [2025-01-26T17:53:23.402+0000] {dagbag.py:588} INFO - Filling up the DagBag from /home/airflow/.local/lib/python3.12/site-packages/airflow/example_dags/example_external_task_marker_dag.py
[2025-01-26T17:53:23.412+0000] {processor.py:925} INFO - DAG(s) 'example_external_task_marker_child', 'example_external_task_marker_parent' retrieved from /home/airflow/.local/lib/python3.12/site-packages/airflow/example_dags/example_external_task_marker_dag.py
[2025-01-26T17:53:23.438+0000] {logging_mixin.py:190} INFO - [2025-01-26T17:53:23.437+0000] {dag.py:3239} INFO - Sync 2 DAGs
[2025-01-26T17:53:23.454+0000] {logging_mixin.py:190} INFO - [2025-01-26T17:53:23.454+0000] {dag.py:4180} INFO - Setting next_dagrun for example_external_task_marker_child to None, run_after=None
[2025-01-26T17:53:23.459+0000] {logging_mixin.py:190} INFO - [2025-01-26T17:53:23.459+0000] {dag.py:4180} INFO - Setting next_dagrun for example_external_task_marker_parent to None, run_after=None
[2025-01-26T17:53:23.479+0000] {processor.py:208} INFO - Processing /home/airflow/.local/lib/python3.12/site-packages/airflow/example_dags/example_external_task_marker_dag.py took 0.089 seconds
[2025-01-26T17:53:54.100+0000] {processor.py:186} INFO - Started process (PID=3288) to work on /home/airflow/.local/lib/python3.12/site-packages/airflow/example_dags/example_external_task_marker_dag.py
[2025-01-26T17:53:54.101+0000] {processor.py:914} INFO - Processing file /home/airflow/.local/lib/python3.12/site-packages/airflow/example_dags/example_external_task_marker_dag.py for tasks to queue
[2025-01-26T17:53:54.104+0000] {logging_mixin.py:190} INFO - [2025-01-26T17:53:54.104+0000] {dagbag.py:588} INFO - Filling up the DagBag from /home/airflow/.local/lib/python3.12/site-packages/airflow/example_dags/example_external_task_marker_dag.py
[2025-01-26T17:53:54.120+0000] {processor.py:925} INFO - DAG(s) 'example_external_task_marker_child', 'example_external_task_marker_parent' retrieved from /home/airflow/.local/lib/python3.12/site-packages/airflow/example_dags/example_external_task_marker_dag.py
[2025-01-26T17:53:54.160+0000] {logging_mixin.py:190} INFO - [2025-01-26T17:53:54.160+0000] {dag.py:3239} INFO - Sync 2 DAGs
[2025-01-26T17:53:54.178+0000] {logging_mixin.py:190} INFO - [2025-01-26T17:53:54.177+0000] {dag.py:4180} INFO - Setting next_dagrun for example_external_task_marker_child to None, run_after=None
[2025-01-26T17:53:54.184+0000] {logging_mixin.py:190} INFO - [2025-01-26T17:53:54.184+0000] {dag.py:4180} INFO - Setting next_dagrun for example_external_task_marker_parent to None, run_after=None
[2025-01-26T17:53:54.203+0000] {processor.py:208} INFO - Processing /home/airflow/.local/lib/python3.12/site-packages/airflow/example_dags/example_external_task_marker_dag.py took 0.114 seconds
[2025-01-26T17:54:24.684+0000] {processor.py:186} INFO - Started process (PID=3352) to work on /home/airflow/.local/lib/python3.12/site-packages/airflow/example_dags/example_external_task_marker_dag.py
[2025-01-26T17:54:24.686+0000] {processor.py:914} INFO - Processing file /home/airflow/.local/lib/python3.12/site-packages/airflow/example_dags/example_external_task_marker_dag.py for tasks to queue
[2025-01-26T17:54:24.696+0000] {logging_mixin.py:190} INFO - [2025-01-26T17:54:24.695+0000] {dagbag.py:588} INFO - Filling up the DagBag from /home/airflow/.local/lib/python3.12/site-packages/airflow/example_dags/example_external_task_marker_dag.py
[2025-01-26T17:54:24.714+0000] {processor.py:925} INFO - DAG(s) 'example_external_task_marker_child', 'example_external_task_marker_parent' retrieved from /home/airflow/.local/lib/python3.12/site-packages/airflow/example_dags/example_external_task_marker_dag.py
[2025-01-26T17:54:24.767+0000] {logging_mixin.py:190} INFO - [2025-01-26T17:54:24.767+0000] {dag.py:3239} INFO - Sync 2 DAGs
[2025-01-26T17:54:24.783+0000] {logging_mixin.py:190} INFO - [2025-01-26T17:54:24.783+0000] {dag.py:4180} INFO - Setting next_dagrun for example_external_task_marker_child to None, run_after=None
[2025-01-26T17:54:24.788+0000] {logging_mixin.py:190} INFO - [2025-01-26T17:54:24.788+0000] {dag.py:4180} INFO - Setting next_dagrun for example_external_task_marker_parent to None, run_after=None
[2025-01-26T17:54:24.808+0000] {processor.py:208} INFO - Processing /home/airflow/.local/lib/python3.12/site-packages/airflow/example_dags/example_external_task_marker_dag.py took 0.132 seconds
[2025-01-26T17:54:55.049+0000] {processor.py:186} INFO - Started process (PID=3416) to work on /home/airflow/.local/lib/python3.12/site-packages/airflow/example_dags/example_external_task_marker_dag.py
[2025-01-26T17:54:55.051+0000] {processor.py:914} INFO - Processing file /home/airflow/.local/lib/python3.12/site-packages/airflow/example_dags/example_external_task_marker_dag.py for tasks to queue
[2025-01-26T17:54:55.054+0000] {logging_mixin.py:190} INFO - [2025-01-26T17:54:55.053+0000] {dagbag.py:588} INFO - Filling up the DagBag from /home/airflow/.local/lib/python3.12/site-packages/airflow/example_dags/example_external_task_marker_dag.py
[2025-01-26T17:54:55.063+0000] {processor.py:925} INFO - DAG(s) 'example_external_task_marker_parent', 'example_external_task_marker_child' retrieved from /home/airflow/.local/lib/python3.12/site-packages/airflow/example_dags/example_external_task_marker_dag.py
[2025-01-26T17:54:55.100+0000] {logging_mixin.py:190} INFO - [2025-01-26T17:54:55.100+0000] {dag.py:3239} INFO - Sync 2 DAGs
[2025-01-26T17:54:55.115+0000] {logging_mixin.py:190} INFO - [2025-01-26T17:54:55.115+0000] {dag.py:4180} INFO - Setting next_dagrun for example_external_task_marker_child to None, run_after=None
[2025-01-26T17:54:55.119+0000] {logging_mixin.py:190} INFO - [2025-01-26T17:54:55.119+0000] {dag.py:4180} INFO - Setting next_dagrun for example_external_task_marker_parent to None, run_after=None
[2025-01-26T17:54:55.141+0000] {processor.py:208} INFO - Processing /home/airflow/.local/lib/python3.12/site-packages/airflow/example_dags/example_external_task_marker_dag.py took 0.097 seconds
[2025-01-26T17:55:25.724+0000] {processor.py:186} INFO - Started process (PID=3479) to work on /home/airflow/.local/lib/python3.12/site-packages/airflow/example_dags/example_external_task_marker_dag.py
[2025-01-26T17:55:25.725+0000] {processor.py:914} INFO - Processing file /home/airflow/.local/lib/python3.12/site-packages/airflow/example_dags/example_external_task_marker_dag.py for tasks to queue
[2025-01-26T17:55:25.731+0000] {logging_mixin.py:190} INFO - [2025-01-26T17:55:25.731+0000] {dagbag.py:588} INFO - Filling up the DagBag from /home/airflow/.local/lib/python3.12/site-packages/airflow/example_dags/example_external_task_marker_dag.py
[2025-01-26T17:55:25.742+0000] {processor.py:925} INFO - DAG(s) 'example_external_task_marker_child', 'example_external_task_marker_parent' retrieved from /home/airflow/.local/lib/python3.12/site-packages/airflow/example_dags/example_external_task_marker_dag.py
[2025-01-26T17:55:25.785+0000] {logging_mixin.py:190} INFO - [2025-01-26T17:55:25.785+0000] {dag.py:3239} INFO - Sync 2 DAGs
[2025-01-26T17:55:25.809+0000] {logging_mixin.py:190} INFO - [2025-01-26T17:55:25.809+0000] {dag.py:4180} INFO - Setting next_dagrun for example_external_task_marker_child to None, run_after=None
[2025-01-26T17:55:25.816+0000] {logging_mixin.py:190} INFO - [2025-01-26T17:55:25.815+0000] {dag.py:4180} INFO - Setting next_dagrun for example_external_task_marker_parent to None, run_after=None
[2025-01-26T17:55:25.868+0000] {processor.py:208} INFO - Processing /home/airflow/.local/lib/python3.12/site-packages/airflow/example_dags/example_external_task_marker_dag.py took 0.151 seconds
[2025-01-26T17:55:57.685+0000] {processor.py:186} INFO - Started process (PID=3542) to work on /home/airflow/.local/lib/python3.12/site-packages/airflow/example_dags/example_external_task_marker_dag.py
[2025-01-26T17:55:57.686+0000] {processor.py:914} INFO - Processing file /home/airflow/.local/lib/python3.12/site-packages/airflow/example_dags/example_external_task_marker_dag.py for tasks to queue
[2025-01-26T17:55:57.692+0000] {logging_mixin.py:190} INFO - [2025-01-26T17:55:57.691+0000] {dagbag.py:588} INFO - Filling up the DagBag from /home/airflow/.local/lib/python3.12/site-packages/airflow/example_dags/example_external_task_marker_dag.py
[2025-01-26T17:55:57.702+0000] {processor.py:925} INFO - DAG(s) 'example_external_task_marker_child', 'example_external_task_marker_parent' retrieved from /home/airflow/.local/lib/python3.12/site-packages/airflow/example_dags/example_external_task_marker_dag.py
[2025-01-26T17:55:57.734+0000] {logging_mixin.py:190} INFO - [2025-01-26T17:55:57.734+0000] {dag.py:3239} INFO - Sync 2 DAGs
[2025-01-26T17:55:57.757+0000] {logging_mixin.py:190} INFO - [2025-01-26T17:55:57.756+0000] {dag.py:4180} INFO - Setting next_dagrun for example_external_task_marker_child to None, run_after=None
[2025-01-26T17:55:57.764+0000] {logging_mixin.py:190} INFO - [2025-01-26T17:55:57.764+0000] {dag.py:4180} INFO - Setting next_dagrun for example_external_task_marker_parent to None, run_after=None
[2025-01-26T17:55:57.791+0000] {processor.py:208} INFO - Processing /home/airflow/.local/lib/python3.12/site-packages/airflow/example_dags/example_external_task_marker_dag.py took 0.114 seconds
[2025-01-26T17:56:28.062+0000] {processor.py:186} INFO - Started process (PID=3600) to work on /home/airflow/.local/lib/python3.12/site-packages/airflow/example_dags/example_external_task_marker_dag.py
[2025-01-26T17:56:28.065+0000] {processor.py:914} INFO - Processing file /home/airflow/.local/lib/python3.12/site-packages/airflow/example_dags/example_external_task_marker_dag.py for tasks to queue
[2025-01-26T17:56:28.068+0000] {logging_mixin.py:190} INFO - [2025-01-26T17:56:28.068+0000] {dagbag.py:588} INFO - Filling up the DagBag from /home/airflow/.local/lib/python3.12/site-packages/airflow/example_dags/example_external_task_marker_dag.py
[2025-01-26T17:56:28.089+0000] {processor.py:925} INFO - DAG(s) 'example_external_task_marker_parent', 'example_external_task_marker_child' retrieved from /home/airflow/.local/lib/python3.12/site-packages/airflow/example_dags/example_external_task_marker_dag.py
[2025-01-26T17:56:28.156+0000] {logging_mixin.py:190} INFO - [2025-01-26T17:56:28.156+0000] {dag.py:3239} INFO - Sync 2 DAGs
[2025-01-26T17:56:28.182+0000] {logging_mixin.py:190} INFO - [2025-01-26T17:56:28.182+0000] {dag.py:4180} INFO - Setting next_dagrun for example_external_task_marker_child to None, run_after=None
[2025-01-26T17:56:28.192+0000] {logging_mixin.py:190} INFO - [2025-01-26T17:56:28.192+0000] {dag.py:4180} INFO - Setting next_dagrun for example_external_task_marker_parent to None, run_after=None
[2025-01-26T17:56:28.218+0000] {processor.py:208} INFO - Processing /home/airflow/.local/lib/python3.12/site-packages/airflow/example_dags/example_external_task_marker_dag.py took 0.164 seconds
[2025-01-26T17:56:58.282+0000] {processor.py:186} INFO - Started process (PID=3664) to work on /home/airflow/.local/lib/python3.12/site-packages/airflow/example_dags/example_external_task_marker_dag.py
[2025-01-26T17:56:58.283+0000] {processor.py:914} INFO - Processing file /home/airflow/.local/lib/python3.12/site-packages/airflow/example_dags/example_external_task_marker_dag.py for tasks to queue
[2025-01-26T17:56:58.286+0000] {logging_mixin.py:190} INFO - [2025-01-26T17:56:58.285+0000] {dagbag.py:588} INFO - Filling up the DagBag from /home/airflow/.local/lib/python3.12/site-packages/airflow/example_dags/example_external_task_marker_dag.py
[2025-01-26T17:56:58.295+0000] {processor.py:925} INFO - DAG(s) 'example_external_task_marker_child', 'example_external_task_marker_parent' retrieved from /home/airflow/.local/lib/python3.12/site-packages/airflow/example_dags/example_external_task_marker_dag.py
[2025-01-26T17:56:58.320+0000] {logging_mixin.py:190} INFO - [2025-01-26T17:56:58.319+0000] {dag.py:3239} INFO - Sync 2 DAGs
[2025-01-26T17:56:58.410+0000] {logging_mixin.py:190} INFO - [2025-01-26T17:56:58.409+0000] {dag.py:4180} INFO - Setting next_dagrun for example_external_task_marker_child to None, run_after=None
[2025-01-26T17:56:58.416+0000] {logging_mixin.py:190} INFO - [2025-01-26T17:56:58.416+0000] {dag.py:4180} INFO - Setting next_dagrun for example_external_task_marker_parent to None, run_after=None
[2025-01-26T17:56:58.449+0000] {processor.py:208} INFO - Processing /home/airflow/.local/lib/python3.12/site-packages/airflow/example_dags/example_external_task_marker_dag.py took 0.173 seconds
[2025-01-26T17:57:28.739+0000] {processor.py:186} INFO - Started process (PID=3727) to work on /home/airflow/.local/lib/python3.12/site-packages/airflow/example_dags/example_external_task_marker_dag.py
[2025-01-26T17:57:28.740+0000] {processor.py:914} INFO - Processing file /home/airflow/.local/lib/python3.12/site-packages/airflow/example_dags/example_external_task_marker_dag.py for tasks to queue
[2025-01-26T17:57:28.743+0000] {logging_mixin.py:190} INFO - [2025-01-26T17:57:28.743+0000] {dagbag.py:588} INFO - Filling up the DagBag from /home/airflow/.local/lib/python3.12/site-packages/airflow/example_dags/example_external_task_marker_dag.py
[2025-01-26T17:57:28.752+0000] {processor.py:925} INFO - DAG(s) 'example_external_task_marker_child', 'example_external_task_marker_parent' retrieved from /home/airflow/.local/lib/python3.12/site-packages/airflow/example_dags/example_external_task_marker_dag.py
[2025-01-26T17:57:28.780+0000] {logging_mixin.py:190} INFO - [2025-01-26T17:57:28.780+0000] {dag.py:3239} INFO - Sync 2 DAGs
[2025-01-26T17:57:28.803+0000] {logging_mixin.py:190} INFO - [2025-01-26T17:57:28.802+0000] {dag.py:4180} INFO - Setting next_dagrun for example_external_task_marker_child to None, run_after=None
[2025-01-26T17:57:28.808+0000] {logging_mixin.py:190} INFO - [2025-01-26T17:57:28.808+0000] {dag.py:4180} INFO - Setting next_dagrun for example_external_task_marker_parent to None, run_after=None
[2025-01-26T17:57:28.876+0000] {processor.py:208} INFO - Processing /home/airflow/.local/lib/python3.12/site-packages/airflow/example_dags/example_external_task_marker_dag.py took 0.144 seconds
[2025-01-26T17:57:59.217+0000] {processor.py:186} INFO - Started process (PID=3791) to work on /home/airflow/.local/lib/python3.12/site-packages/airflow/example_dags/example_external_task_marker_dag.py
[2025-01-26T17:57:59.218+0000] {processor.py:914} INFO - Processing file /home/airflow/.local/lib/python3.12/site-packages/airflow/example_dags/example_external_task_marker_dag.py for tasks to queue
[2025-01-26T17:57:59.221+0000] {logging_mixin.py:190} INFO - [2025-01-26T17:57:59.221+0000] {dagbag.py:588} INFO - Filling up the DagBag from /home/airflow/.local/lib/python3.12/site-packages/airflow/example_dags/example_external_task_marker_dag.py
[2025-01-26T17:57:59.231+0000] {processor.py:925} INFO - DAG(s) 'example_external_task_marker_parent', 'example_external_task_marker_child' retrieved from /home/airflow/.local/lib/python3.12/site-packages/airflow/example_dags/example_external_task_marker_dag.py
[2025-01-26T17:57:59.255+0000] {logging_mixin.py:190} INFO - [2025-01-26T17:57:59.255+0000] {dag.py:3239} INFO - Sync 2 DAGs
[2025-01-26T17:57:59.270+0000] {logging_mixin.py:190} INFO - [2025-01-26T17:57:59.270+0000] {dag.py:4180} INFO - Setting next_dagrun for example_external_task_marker_child to None, run_after=None
[2025-01-26T17:57:59.276+0000] {logging_mixin.py:190} INFO - [2025-01-26T17:57:59.276+0000] {dag.py:4180} INFO - Setting next_dagrun for example_external_task_marker_parent to None, run_after=None
[2025-01-26T17:57:59.303+0000] {processor.py:208} INFO - Processing /home/airflow/.local/lib/python3.12/site-packages/airflow/example_dags/example_external_task_marker_dag.py took 0.093 seconds
[2025-01-26T17:58:29.431+0000] {processor.py:186} INFO - Started process (PID=3855) to work on /home/airflow/.local/lib/python3.12/site-packages/airflow/example_dags/example_external_task_marker_dag.py
[2025-01-26T17:58:29.432+0000] {processor.py:914} INFO - Processing file /home/airflow/.local/lib/python3.12/site-packages/airflow/example_dags/example_external_task_marker_dag.py for tasks to queue
[2025-01-26T17:58:29.435+0000] {logging_mixin.py:190} INFO - [2025-01-26T17:58:29.435+0000] {dagbag.py:588} INFO - Filling up the DagBag from /home/airflow/.local/lib/python3.12/site-packages/airflow/example_dags/example_external_task_marker_dag.py
[2025-01-26T17:58:29.445+0000] {processor.py:925} INFO - DAG(s) 'example_external_task_marker_child', 'example_external_task_marker_parent' retrieved from /home/airflow/.local/lib/python3.12/site-packages/airflow/example_dags/example_external_task_marker_dag.py
[2025-01-26T17:58:29.477+0000] {logging_mixin.py:190} INFO - [2025-01-26T17:58:29.476+0000] {dag.py:3239} INFO - Sync 2 DAGs
[2025-01-26T17:58:29.502+0000] {logging_mixin.py:190} INFO - [2025-01-26T17:58:29.501+0000] {dag.py:4180} INFO - Setting next_dagrun for example_external_task_marker_child to None, run_after=None
[2025-01-26T17:58:29.507+0000] {logging_mixin.py:190} INFO - [2025-01-26T17:58:29.507+0000] {dag.py:4180} INFO - Setting next_dagrun for example_external_task_marker_parent to None, run_after=None
[2025-01-26T17:58:29.536+0000] {processor.py:208} INFO - Processing /home/airflow/.local/lib/python3.12/site-packages/airflow/example_dags/example_external_task_marker_dag.py took 0.112 seconds
[2025-01-26T17:58:59.760+0000] {processor.py:186} INFO - Started process (PID=3918) to work on /home/airflow/.local/lib/python3.12/site-packages/airflow/example_dags/example_external_task_marker_dag.py
[2025-01-26T17:58:59.761+0000] {processor.py:914} INFO - Processing file /home/airflow/.local/lib/python3.12/site-packages/airflow/example_dags/example_external_task_marker_dag.py for tasks to queue
[2025-01-26T17:58:59.763+0000] {logging_mixin.py:190} INFO - [2025-01-26T17:58:59.763+0000] {dagbag.py:588} INFO - Filling up the DagBag from /home/airflow/.local/lib/python3.12/site-packages/airflow/example_dags/example_external_task_marker_dag.py
[2025-01-26T17:58:59.772+0000] {processor.py:925} INFO - DAG(s) 'example_external_task_marker_child', 'example_external_task_marker_parent' retrieved from /home/airflow/.local/lib/python3.12/site-packages/airflow/example_dags/example_external_task_marker_dag.py
[2025-01-26T17:58:59.796+0000] {logging_mixin.py:190} INFO - [2025-01-26T17:58:59.796+0000] {dag.py:3239} INFO - Sync 2 DAGs
[2025-01-26T17:58:59.812+0000] {logging_mixin.py:190} INFO - [2025-01-26T17:58:59.812+0000] {dag.py:4180} INFO - Setting next_dagrun for example_external_task_marker_child to None, run_after=None
[2025-01-26T17:58:59.816+0000] {logging_mixin.py:190} INFO - [2025-01-26T17:58:59.816+0000] {dag.py:4180} INFO - Setting next_dagrun for example_external_task_marker_parent to None, run_after=None
[2025-01-26T17:58:59.838+0000] {processor.py:208} INFO - Processing /home/airflow/.local/lib/python3.12/site-packages/airflow/example_dags/example_external_task_marker_dag.py took 0.086 seconds
[2025-01-26T17:59:29.934+0000] {processor.py:186} INFO - Started process (PID=3981) to work on /home/airflow/.local/lib/python3.12/site-packages/airflow/example_dags/example_external_task_marker_dag.py
[2025-01-26T17:59:29.935+0000] {processor.py:914} INFO - Processing file /home/airflow/.local/lib/python3.12/site-packages/airflow/example_dags/example_external_task_marker_dag.py for tasks to queue
[2025-01-26T17:59:29.938+0000] {logging_mixin.py:190} INFO - [2025-01-26T17:59:29.938+0000] {dagbag.py:588} INFO - Filling up the DagBag from /home/airflow/.local/lib/python3.12/site-packages/airflow/example_dags/example_external_task_marker_dag.py
[2025-01-26T17:59:29.946+0000] {processor.py:925} INFO - DAG(s) 'example_external_task_marker_child', 'example_external_task_marker_parent' retrieved from /home/airflow/.local/lib/python3.12/site-packages/airflow/example_dags/example_external_task_marker_dag.py
[2025-01-26T17:59:29.972+0000] {logging_mixin.py:190} INFO - [2025-01-26T17:59:29.972+0000] {dag.py:3239} INFO - Sync 2 DAGs
[2025-01-26T17:59:29.988+0000] {logging_mixin.py:190} INFO - [2025-01-26T17:59:29.988+0000] {dag.py:4180} INFO - Setting next_dagrun for example_external_task_marker_child to None, run_after=None
[2025-01-26T17:59:29.992+0000] {logging_mixin.py:190} INFO - [2025-01-26T17:59:29.992+0000] {dag.py:4180} INFO - Setting next_dagrun for example_external_task_marker_parent to None, run_after=None
[2025-01-26T17:59:30.013+0000] {processor.py:208} INFO - Processing /home/airflow/.local/lib/python3.12/site-packages/airflow/example_dags/example_external_task_marker_dag.py took 0.087 seconds
[2025-01-26T18:00:00.464+0000] {processor.py:186} INFO - Started process (PID=4044) to work on /home/airflow/.local/lib/python3.12/site-packages/airflow/example_dags/example_external_task_marker_dag.py
[2025-01-26T18:00:00.465+0000] {processor.py:914} INFO - Processing file /home/airflow/.local/lib/python3.12/site-packages/airflow/example_dags/example_external_task_marker_dag.py for tasks to queue
[2025-01-26T18:00:00.467+0000] {logging_mixin.py:190} INFO - [2025-01-26T18:00:00.467+0000] {dagbag.py:588} INFO - Filling up the DagBag from /home/airflow/.local/lib/python3.12/site-packages/airflow/example_dags/example_external_task_marker_dag.py
[2025-01-26T18:00:00.478+0000] {processor.py:925} INFO - DAG(s) 'example_external_task_marker_child', 'example_external_task_marker_parent' retrieved from /home/airflow/.local/lib/python3.12/site-packages/airflow/example_dags/example_external_task_marker_dag.py
[2025-01-26T18:00:00.500+0000] {logging_mixin.py:190} INFO - [2025-01-26T18:00:00.499+0000] {dag.py:3239} INFO - Sync 2 DAGs
[2025-01-26T18:00:00.514+0000] {logging_mixin.py:190} INFO - [2025-01-26T18:00:00.514+0000] {dag.py:4180} INFO - Setting next_dagrun for example_external_task_marker_child to None, run_after=None
[2025-01-26T18:00:00.518+0000] {logging_mixin.py:190} INFO - [2025-01-26T18:00:00.517+0000] {dag.py:4180} INFO - Setting next_dagrun for example_external_task_marker_parent to None, run_after=None
[2025-01-26T18:00:00.536+0000] {processor.py:208} INFO - Processing /home/airflow/.local/lib/python3.12/site-packages/airflow/example_dags/example_external_task_marker_dag.py took 0.078 seconds
[2025-01-26T18:00:30.874+0000] {processor.py:186} INFO - Started process (PID=4107) to work on /home/airflow/.local/lib/python3.12/site-packages/airflow/example_dags/example_external_task_marker_dag.py
[2025-01-26T18:00:30.875+0000] {processor.py:914} INFO - Processing file /home/airflow/.local/lib/python3.12/site-packages/airflow/example_dags/example_external_task_marker_dag.py for tasks to queue
[2025-01-26T18:00:30.880+0000] {logging_mixin.py:190} INFO - [2025-01-26T18:00:30.880+0000] {dagbag.py:588} INFO - Filling up the DagBag from /home/airflow/.local/lib/python3.12/site-packages/airflow/example_dags/example_external_task_marker_dag.py
[2025-01-26T18:00:30.893+0000] {processor.py:925} INFO - DAG(s) 'example_external_task_marker_child', 'example_external_task_marker_parent' retrieved from /home/airflow/.local/lib/python3.12/site-packages/airflow/example_dags/example_external_task_marker_dag.py
[2025-01-26T18:00:30.923+0000] {logging_mixin.py:190} INFO - [2025-01-26T18:00:30.922+0000] {dag.py:3239} INFO - Sync 2 DAGs
[2025-01-26T18:00:30.942+0000] {logging_mixin.py:190} INFO - [2025-01-26T18:00:30.942+0000] {dag.py:4180} INFO - Setting next_dagrun for example_external_task_marker_child to None, run_after=None
[2025-01-26T18:00:30.947+0000] {logging_mixin.py:190} INFO - [2025-01-26T18:00:30.947+0000] {dag.py:4180} INFO - Setting next_dagrun for example_external_task_marker_parent to None, run_after=None
[2025-01-26T18:00:30.979+0000] {processor.py:208} INFO - Processing /home/airflow/.local/lib/python3.12/site-packages/airflow/example_dags/example_external_task_marker_dag.py took 0.114 seconds
[2025-01-26T18:01:01.115+0000] {processor.py:186} INFO - Started process (PID=4170) to work on /home/airflow/.local/lib/python3.12/site-packages/airflow/example_dags/example_external_task_marker_dag.py
[2025-01-26T18:01:01.116+0000] {processor.py:914} INFO - Processing file /home/airflow/.local/lib/python3.12/site-packages/airflow/example_dags/example_external_task_marker_dag.py for tasks to queue
[2025-01-26T18:01:01.118+0000] {logging_mixin.py:190} INFO - [2025-01-26T18:01:01.118+0000] {dagbag.py:588} INFO - Filling up the DagBag from /home/airflow/.local/lib/python3.12/site-packages/airflow/example_dags/example_external_task_marker_dag.py
[2025-01-26T18:01:01.126+0000] {processor.py:925} INFO - DAG(s) 'example_external_task_marker_child', 'example_external_task_marker_parent' retrieved from /home/airflow/.local/lib/python3.12/site-packages/airflow/example_dags/example_external_task_marker_dag.py
[2025-01-26T18:01:01.150+0000] {logging_mixin.py:190} INFO - [2025-01-26T18:01:01.150+0000] {dag.py:3239} INFO - Sync 2 DAGs
[2025-01-26T18:01:01.168+0000] {logging_mixin.py:190} INFO - [2025-01-26T18:01:01.167+0000] {dag.py:4180} INFO - Setting next_dagrun for example_external_task_marker_child to None, run_after=None
[2025-01-26T18:01:01.173+0000] {logging_mixin.py:190} INFO - [2025-01-26T18:01:01.173+0000] {dag.py:4180} INFO - Setting next_dagrun for example_external_task_marker_parent to None, run_after=None
[2025-01-26T18:01:01.190+0000] {processor.py:208} INFO - Processing /home/airflow/.local/lib/python3.12/site-packages/airflow/example_dags/example_external_task_marker_dag.py took 0.081 seconds
[2025-01-26T18:01:31.261+0000] {processor.py:186} INFO - Started process (PID=4233) to work on /home/airflow/.local/lib/python3.12/site-packages/airflow/example_dags/example_external_task_marker_dag.py
[2025-01-26T18:01:31.262+0000] {processor.py:914} INFO - Processing file /home/airflow/.local/lib/python3.12/site-packages/airflow/example_dags/example_external_task_marker_dag.py for tasks to queue
[2025-01-26T18:01:31.264+0000] {logging_mixin.py:190} INFO - [2025-01-26T18:01:31.264+0000] {dagbag.py:588} INFO - Filling up the DagBag from /home/airflow/.local/lib/python3.12/site-packages/airflow/example_dags/example_external_task_marker_dag.py
[2025-01-26T18:01:31.274+0000] {processor.py:925} INFO - DAG(s) 'example_external_task_marker_child', 'example_external_task_marker_parent' retrieved from /home/airflow/.local/lib/python3.12/site-packages/airflow/example_dags/example_external_task_marker_dag.py
[2025-01-26T18:01:31.298+0000] {logging_mixin.py:190} INFO - [2025-01-26T18:01:31.297+0000] {dag.py:3239} INFO - Sync 2 DAGs
[2025-01-26T18:01:31.314+0000] {logging_mixin.py:190} INFO - [2025-01-26T18:01:31.314+0000] {dag.py:4180} INFO - Setting next_dagrun for example_external_task_marker_child to None, run_after=None
[2025-01-26T18:01:31.318+0000] {logging_mixin.py:190} INFO - [2025-01-26T18:01:31.317+0000] {dag.py:4180} INFO - Setting next_dagrun for example_external_task_marker_parent to None, run_after=None
[2025-01-26T18:01:31.337+0000] {processor.py:208} INFO - Processing /home/airflow/.local/lib/python3.12/site-packages/airflow/example_dags/example_external_task_marker_dag.py took 0.084 seconds
[2025-01-26T18:02:01.544+0000] {processor.py:186} INFO - Started process (PID=4296) to work on /home/airflow/.local/lib/python3.12/site-packages/airflow/example_dags/example_external_task_marker_dag.py
[2025-01-26T18:02:01.545+0000] {processor.py:914} INFO - Processing file /home/airflow/.local/lib/python3.12/site-packages/airflow/example_dags/example_external_task_marker_dag.py for tasks to queue
[2025-01-26T18:02:01.548+0000] {logging_mixin.py:190} INFO - [2025-01-26T18:02:01.548+0000] {dagbag.py:588} INFO - Filling up the DagBag from /home/airflow/.local/lib/python3.12/site-packages/airflow/example_dags/example_external_task_marker_dag.py
[2025-01-26T18:02:01.558+0000] {processor.py:925} INFO - DAG(s) 'example_external_task_marker_child', 'example_external_task_marker_parent' retrieved from /home/airflow/.local/lib/python3.12/site-packages/airflow/example_dags/example_external_task_marker_dag.py
[2025-01-26T18:02:01.585+0000] {logging_mixin.py:190} INFO - [2025-01-26T18:02:01.584+0000] {dag.py:3239} INFO - Sync 2 DAGs
[2025-01-26T18:02:01.602+0000] {logging_mixin.py:190} INFO - [2025-01-26T18:02:01.602+0000] {dag.py:4180} INFO - Setting next_dagrun for example_external_task_marker_child to None, run_after=None
[2025-01-26T18:02:01.606+0000] {logging_mixin.py:190} INFO - [2025-01-26T18:02:01.606+0000] {dag.py:4180} INFO - Setting next_dagrun for example_external_task_marker_parent to None, run_after=None
[2025-01-26T18:02:01.626+0000] {processor.py:208} INFO - Processing /home/airflow/.local/lib/python3.12/site-packages/airflow/example_dags/example_external_task_marker_dag.py took 0.088 seconds
[2025-01-26T18:02:31.872+0000] {processor.py:186} INFO - Started process (PID=4361) to work on /home/airflow/.local/lib/python3.12/site-packages/airflow/example_dags/example_external_task_marker_dag.py
[2025-01-26T18:02:31.873+0000] {processor.py:914} INFO - Processing file /home/airflow/.local/lib/python3.12/site-packages/airflow/example_dags/example_external_task_marker_dag.py for tasks to queue
[2025-01-26T18:02:31.876+0000] {logging_mixin.py:190} INFO - [2025-01-26T18:02:31.875+0000] {dagbag.py:588} INFO - Filling up the DagBag from /home/airflow/.local/lib/python3.12/site-packages/airflow/example_dags/example_external_task_marker_dag.py
[2025-01-26T18:02:31.885+0000] {processor.py:925} INFO - DAG(s) 'example_external_task_marker_child', 'example_external_task_marker_parent' retrieved from /home/airflow/.local/lib/python3.12/site-packages/airflow/example_dags/example_external_task_marker_dag.py
[2025-01-26T18:02:31.915+0000] {logging_mixin.py:190} INFO - [2025-01-26T18:02:31.915+0000] {dag.py:3239} INFO - Sync 2 DAGs
[2025-01-26T18:02:31.938+0000] {logging_mixin.py:190} INFO - [2025-01-26T18:02:31.937+0000] {dag.py:4180} INFO - Setting next_dagrun for example_external_task_marker_child to None, run_after=None
[2025-01-26T18:02:31.943+0000] {logging_mixin.py:190} INFO - [2025-01-26T18:02:31.943+0000] {dag.py:4180} INFO - Setting next_dagrun for example_external_task_marker_parent to None, run_after=None
[2025-01-26T18:02:31.966+0000] {processor.py:208} INFO - Processing /home/airflow/.local/lib/python3.12/site-packages/airflow/example_dags/example_external_task_marker_dag.py took 0.101 seconds
[2025-01-26T18:03:02.418+0000] {processor.py:186} INFO - Started process (PID=4425) to work on /home/airflow/.local/lib/python3.12/site-packages/airflow/example_dags/example_external_task_marker_dag.py
[2025-01-26T18:03:02.419+0000] {processor.py:914} INFO - Processing file /home/airflow/.local/lib/python3.12/site-packages/airflow/example_dags/example_external_task_marker_dag.py for tasks to queue
[2025-01-26T18:03:02.421+0000] {logging_mixin.py:190} INFO - [2025-01-26T18:03:02.420+0000] {dagbag.py:588} INFO - Filling up the DagBag from /home/airflow/.local/lib/python3.12/site-packages/airflow/example_dags/example_external_task_marker_dag.py
[2025-01-26T18:03:02.434+0000] {processor.py:925} INFO - DAG(s) 'example_external_task_marker_parent', 'example_external_task_marker_child' retrieved from /home/airflow/.local/lib/python3.12/site-packages/airflow/example_dags/example_external_task_marker_dag.py
[2025-01-26T18:03:02.462+0000] {logging_mixin.py:190} INFO - [2025-01-26T18:03:02.462+0000] {dag.py:3239} INFO - Sync 2 DAGs
[2025-01-26T18:03:02.481+0000] {logging_mixin.py:190} INFO - [2025-01-26T18:03:02.481+0000] {dag.py:4180} INFO - Setting next_dagrun for example_external_task_marker_child to None, run_after=None
[2025-01-26T18:03:02.486+0000] {logging_mixin.py:190} INFO - [2025-01-26T18:03:02.486+0000] {dag.py:4180} INFO - Setting next_dagrun for example_external_task_marker_parent to None, run_after=None
[2025-01-26T18:03:02.508+0000] {processor.py:208} INFO - Processing /home/airflow/.local/lib/python3.12/site-packages/airflow/example_dags/example_external_task_marker_dag.py took 0.098 seconds
[2025-01-26T18:03:32.616+0000] {processor.py:186} INFO - Started process (PID=4489) to work on /home/airflow/.local/lib/python3.12/site-packages/airflow/example_dags/example_external_task_marker_dag.py
[2025-01-26T18:03:32.617+0000] {processor.py:914} INFO - Processing file /home/airflow/.local/lib/python3.12/site-packages/airflow/example_dags/example_external_task_marker_dag.py for tasks to queue
[2025-01-26T18:03:32.619+0000] {logging_mixin.py:190} INFO - [2025-01-26T18:03:32.619+0000] {dagbag.py:588} INFO - Filling up the DagBag from /home/airflow/.local/lib/python3.12/site-packages/airflow/example_dags/example_external_task_marker_dag.py
[2025-01-26T18:03:32.629+0000] {processor.py:925} INFO - DAG(s) 'example_external_task_marker_child', 'example_external_task_marker_parent' retrieved from /home/airflow/.local/lib/python3.12/site-packages/airflow/example_dags/example_external_task_marker_dag.py
[2025-01-26T18:03:32.655+0000] {logging_mixin.py:190} INFO - [2025-01-26T18:03:32.655+0000] {dag.py:3239} INFO - Sync 2 DAGs
[2025-01-26T18:03:32.675+0000] {logging_mixin.py:190} INFO - [2025-01-26T18:03:32.675+0000] {dag.py:4180} INFO - Setting next_dagrun for example_external_task_marker_child to None, run_after=None
[2025-01-26T18:03:32.680+0000] {logging_mixin.py:190} INFO - [2025-01-26T18:03:32.680+0000] {dag.py:4180} INFO - Setting next_dagrun for example_external_task_marker_parent to None, run_after=None
[2025-01-26T18:03:32.699+0000] {processor.py:208} INFO - Processing /home/airflow/.local/lib/python3.12/site-packages/airflow/example_dags/example_external_task_marker_dag.py took 0.091 seconds
[2025-01-26T18:04:03.102+0000] {processor.py:186} INFO - Started process (PID=4553) to work on /home/airflow/.local/lib/python3.12/site-packages/airflow/example_dags/example_external_task_marker_dag.py
[2025-01-26T18:04:03.104+0000] {processor.py:914} INFO - Processing file /home/airflow/.local/lib/python3.12/site-packages/airflow/example_dags/example_external_task_marker_dag.py for tasks to queue
[2025-01-26T18:04:03.106+0000] {logging_mixin.py:190} INFO - [2025-01-26T18:04:03.105+0000] {dagbag.py:588} INFO - Filling up the DagBag from /home/airflow/.local/lib/python3.12/site-packages/airflow/example_dags/example_external_task_marker_dag.py
[2025-01-26T18:04:03.121+0000] {processor.py:925} INFO - DAG(s) 'example_external_task_marker_child', 'example_external_task_marker_parent' retrieved from /home/airflow/.local/lib/python3.12/site-packages/airflow/example_dags/example_external_task_marker_dag.py
[2025-01-26T18:04:03.152+0000] {logging_mixin.py:190} INFO - [2025-01-26T18:04:03.152+0000] {dag.py:3239} INFO - Sync 2 DAGs
[2025-01-26T18:04:03.178+0000] {logging_mixin.py:190} INFO - [2025-01-26T18:04:03.177+0000] {dag.py:4180} INFO - Setting next_dagrun for example_external_task_marker_child to None, run_after=None
[2025-01-26T18:04:03.184+0000] {logging_mixin.py:190} INFO - [2025-01-26T18:04:03.184+0000] {dag.py:4180} INFO - Setting next_dagrun for example_external_task_marker_parent to None, run_after=None
[2025-01-26T18:04:03.207+0000] {processor.py:208} INFO - Processing /home/airflow/.local/lib/python3.12/site-packages/airflow/example_dags/example_external_task_marker_dag.py took 0.113 seconds
[2025-01-26T18:04:33.708+0000] {processor.py:186} INFO - Started process (PID=4617) to work on /home/airflow/.local/lib/python3.12/site-packages/airflow/example_dags/example_external_task_marker_dag.py
[2025-01-26T18:04:33.709+0000] {processor.py:914} INFO - Processing file /home/airflow/.local/lib/python3.12/site-packages/airflow/example_dags/example_external_task_marker_dag.py for tasks to queue
[2025-01-26T18:04:33.711+0000] {logging_mixin.py:190} INFO - [2025-01-26T18:04:33.711+0000] {dagbag.py:588} INFO - Filling up the DagBag from /home/airflow/.local/lib/python3.12/site-packages/airflow/example_dags/example_external_task_marker_dag.py
[2025-01-26T18:04:33.719+0000] {processor.py:925} INFO - DAG(s) 'example_external_task_marker_child', 'example_external_task_marker_parent' retrieved from /home/airflow/.local/lib/python3.12/site-packages/airflow/example_dags/example_external_task_marker_dag.py
[2025-01-26T18:04:33.743+0000] {logging_mixin.py:190} INFO - [2025-01-26T18:04:33.743+0000] {dag.py:3239} INFO - Sync 2 DAGs
[2025-01-26T18:04:33.760+0000] {logging_mixin.py:190} INFO - [2025-01-26T18:04:33.760+0000] {dag.py:4180} INFO - Setting next_dagrun for example_external_task_marker_child to None, run_after=None
[2025-01-26T18:04:33.765+0000] {logging_mixin.py:190} INFO - [2025-01-26T18:04:33.765+0000] {dag.py:4180} INFO - Setting next_dagrun for example_external_task_marker_parent to None, run_after=None
[2025-01-26T18:04:33.785+0000] {processor.py:208} INFO - Processing /home/airflow/.local/lib/python3.12/site-packages/airflow/example_dags/example_external_task_marker_dag.py took 0.083 seconds
[2025-01-26T18:05:04.345+0000] {processor.py:186} INFO - Started process (PID=4681) to work on /home/airflow/.local/lib/python3.12/site-packages/airflow/example_dags/example_external_task_marker_dag.py
[2025-01-26T18:05:04.346+0000] {processor.py:914} INFO - Processing file /home/airflow/.local/lib/python3.12/site-packages/airflow/example_dags/example_external_task_marker_dag.py for tasks to queue
[2025-01-26T18:05:04.348+0000] {logging_mixin.py:190} INFO - [2025-01-26T18:05:04.348+0000] {dagbag.py:588} INFO - Filling up the DagBag from /home/airflow/.local/lib/python3.12/site-packages/airflow/example_dags/example_external_task_marker_dag.py
[2025-01-26T18:05:04.359+0000] {processor.py:925} INFO - DAG(s) 'example_external_task_marker_parent', 'example_external_task_marker_child' retrieved from /home/airflow/.local/lib/python3.12/site-packages/airflow/example_dags/example_external_task_marker_dag.py
[2025-01-26T18:05:04.384+0000] {logging_mixin.py:190} INFO - [2025-01-26T18:05:04.383+0000] {dag.py:3239} INFO - Sync 2 DAGs
[2025-01-26T18:05:04.399+0000] {logging_mixin.py:190} INFO - [2025-01-26T18:05:04.399+0000] {dag.py:4180} INFO - Setting next_dagrun for example_external_task_marker_child to None, run_after=None
[2025-01-26T18:05:04.404+0000] {logging_mixin.py:190} INFO - [2025-01-26T18:05:04.404+0000] {dag.py:4180} INFO - Setting next_dagrun for example_external_task_marker_parent to None, run_after=None
[2025-01-26T18:05:04.442+0000] {processor.py:208} INFO - Processing /home/airflow/.local/lib/python3.12/site-packages/airflow/example_dags/example_external_task_marker_dag.py took 0.105 seconds
[2025-01-26T18:05:34.950+0000] {processor.py:186} INFO - Started process (PID=4745) to work on /home/airflow/.local/lib/python3.12/site-packages/airflow/example_dags/example_external_task_marker_dag.py
[2025-01-26T18:05:34.951+0000] {processor.py:914} INFO - Processing file /home/airflow/.local/lib/python3.12/site-packages/airflow/example_dags/example_external_task_marker_dag.py for tasks to queue
[2025-01-26T18:05:34.953+0000] {logging_mixin.py:190} INFO - [2025-01-26T18:05:34.953+0000] {dagbag.py:588} INFO - Filling up the DagBag from /home/airflow/.local/lib/python3.12/site-packages/airflow/example_dags/example_external_task_marker_dag.py
[2025-01-26T18:05:34.962+0000] {processor.py:925} INFO - DAG(s) 'example_external_task_marker_child', 'example_external_task_marker_parent' retrieved from /home/airflow/.local/lib/python3.12/site-packages/airflow/example_dags/example_external_task_marker_dag.py
[2025-01-26T18:05:34.988+0000] {logging_mixin.py:190} INFO - [2025-01-26T18:05:34.988+0000] {dag.py:3239} INFO - Sync 2 DAGs
[2025-01-26T18:05:35.011+0000] {logging_mixin.py:190} INFO - [2025-01-26T18:05:35.010+0000] {dag.py:4180} INFO - Setting next_dagrun for example_external_task_marker_child to None, run_after=None
[2025-01-26T18:05:35.016+0000] {logging_mixin.py:190} INFO - [2025-01-26T18:05:35.016+0000] {dag.py:4180} INFO - Setting next_dagrun for example_external_task_marker_parent to None, run_after=None
[2025-01-26T18:05:35.041+0000] {processor.py:208} INFO - Processing /home/airflow/.local/lib/python3.12/site-packages/airflow/example_dags/example_external_task_marker_dag.py took 0.100 seconds
[2025-01-26T18:06:05.874+0000] {processor.py:186} INFO - Started process (PID=4810) to work on /home/airflow/.local/lib/python3.12/site-packages/airflow/example_dags/example_external_task_marker_dag.py
[2025-01-26T18:06:05.875+0000] {processor.py:914} INFO - Processing file /home/airflow/.local/lib/python3.12/site-packages/airflow/example_dags/example_external_task_marker_dag.py for tasks to queue
[2025-01-26T18:06:05.876+0000] {logging_mixin.py:190} INFO - [2025-01-26T18:06:05.875+0000] {dagbag.py:588} INFO - Filling up the DagBag from /home/airflow/.local/lib/python3.12/site-packages/airflow/example_dags/example_external_task_marker_dag.py
[2025-01-26T18:06:05.889+0000] {processor.py:925} INFO - DAG(s) 'example_external_task_marker_parent', 'example_external_task_marker_child' retrieved from /home/airflow/.local/lib/python3.12/site-packages/airflow/example_dags/example_external_task_marker_dag.py
[2025-01-26T18:06:05.918+0000] {logging_mixin.py:190} INFO - [2025-01-26T18:06:05.917+0000] {dag.py:3239} INFO - Sync 2 DAGs
[2025-01-26T18:06:05.942+0000] {logging_mixin.py:190} INFO - [2025-01-26T18:06:05.941+0000] {dag.py:4180} INFO - Setting next_dagrun for example_external_task_marker_child to None, run_after=None
[2025-01-26T18:06:05.951+0000] {logging_mixin.py:190} INFO - [2025-01-26T18:06:05.951+0000] {dag.py:4180} INFO - Setting next_dagrun for example_external_task_marker_parent to None, run_after=None
[2025-01-26T18:06:05.972+0000] {processor.py:208} INFO - Processing /home/airflow/.local/lib/python3.12/site-packages/airflow/example_dags/example_external_task_marker_dag.py took 0.107 seconds
[2025-01-26T18:06:36.331+0000] {processor.py:186} INFO - Started process (PID=4874) to work on /home/airflow/.local/lib/python3.12/site-packages/airflow/example_dags/example_external_task_marker_dag.py
[2025-01-26T18:06:36.338+0000] {processor.py:914} INFO - Processing file /home/airflow/.local/lib/python3.12/site-packages/airflow/example_dags/example_external_task_marker_dag.py for tasks to queue
[2025-01-26T18:06:36.340+0000] {logging_mixin.py:190} INFO - [2025-01-26T18:06:36.340+0000] {dagbag.py:588} INFO - Filling up the DagBag from /home/airflow/.local/lib/python3.12/site-packages/airflow/example_dags/example_external_task_marker_dag.py
[2025-01-26T18:06:36.351+0000] {processor.py:925} INFO - DAG(s) 'example_external_task_marker_parent', 'example_external_task_marker_child' retrieved from /home/airflow/.local/lib/python3.12/site-packages/airflow/example_dags/example_external_task_marker_dag.py
[2025-01-26T18:06:36.387+0000] {logging_mixin.py:190} INFO - [2025-01-26T18:06:36.386+0000] {dag.py:3239} INFO - Sync 2 DAGs
[2025-01-26T18:06:36.414+0000] {logging_mixin.py:190} INFO - [2025-01-26T18:06:36.413+0000] {dag.py:4180} INFO - Setting next_dagrun for example_external_task_marker_child to None, run_after=None
[2025-01-26T18:06:36.420+0000] {logging_mixin.py:190} INFO - [2025-01-26T18:06:36.420+0000] {dag.py:4180} INFO - Setting next_dagrun for example_external_task_marker_parent to None, run_after=None
[2025-01-26T18:06:36.443+0000] {processor.py:208} INFO - Processing /home/airflow/.local/lib/python3.12/site-packages/airflow/example_dags/example_external_task_marker_dag.py took 0.128 seconds
[2025-01-26T18:07:06.587+0000] {processor.py:186} INFO - Started process (PID=4938) to work on /home/airflow/.local/lib/python3.12/site-packages/airflow/example_dags/example_external_task_marker_dag.py
[2025-01-26T18:07:06.589+0000] {processor.py:914} INFO - Processing file /home/airflow/.local/lib/python3.12/site-packages/airflow/example_dags/example_external_task_marker_dag.py for tasks to queue
[2025-01-26T18:07:06.591+0000] {logging_mixin.py:190} INFO - [2025-01-26T18:07:06.590+0000] {dagbag.py:588} INFO - Filling up the DagBag from /home/airflow/.local/lib/python3.12/site-packages/airflow/example_dags/example_external_task_marker_dag.py
[2025-01-26T18:07:06.623+0000] {processor.py:925} INFO - DAG(s) 'example_external_task_marker_parent', 'example_external_task_marker_child' retrieved from /home/airflow/.local/lib/python3.12/site-packages/airflow/example_dags/example_external_task_marker_dag.py
[2025-01-26T18:07:06.744+0000] {logging_mixin.py:190} INFO - [2025-01-26T18:07:06.743+0000] {dag.py:3239} INFO - Sync 2 DAGs
[2025-01-26T18:07:06.788+0000] {logging_mixin.py:190} INFO - [2025-01-26T18:07:06.788+0000] {dag.py:4180} INFO - Setting next_dagrun for example_external_task_marker_child to None, run_after=None
[2025-01-26T18:07:06.793+0000] {logging_mixin.py:190} INFO - [2025-01-26T18:07:06.793+0000] {dag.py:4180} INFO - Setting next_dagrun for example_external_task_marker_parent to None, run_after=None
[2025-01-26T18:07:06.831+0000] {processor.py:208} INFO - Processing /home/airflow/.local/lib/python3.12/site-packages/airflow/example_dags/example_external_task_marker_dag.py took 0.261 seconds
[2025-01-26T18:07:37.284+0000] {processor.py:186} INFO - Started process (PID=5001) to work on /home/airflow/.local/lib/python3.12/site-packages/airflow/example_dags/example_external_task_marker_dag.py
[2025-01-26T18:07:37.285+0000] {processor.py:914} INFO - Processing file /home/airflow/.local/lib/python3.12/site-packages/airflow/example_dags/example_external_task_marker_dag.py for tasks to queue
[2025-01-26T18:07:37.286+0000] {logging_mixin.py:190} INFO - [2025-01-26T18:07:37.286+0000] {dagbag.py:588} INFO - Filling up the DagBag from /home/airflow/.local/lib/python3.12/site-packages/airflow/example_dags/example_external_task_marker_dag.py
[2025-01-26T18:07:37.294+0000] {processor.py:925} INFO - DAG(s) 'example_external_task_marker_parent', 'example_external_task_marker_child' retrieved from /home/airflow/.local/lib/python3.12/site-packages/airflow/example_dags/example_external_task_marker_dag.py
[2025-01-26T18:07:37.318+0000] {logging_mixin.py:190} INFO - [2025-01-26T18:07:37.318+0000] {dag.py:3239} INFO - Sync 2 DAGs
[2025-01-26T18:07:37.334+0000] {logging_mixin.py:190} INFO - [2025-01-26T18:07:37.333+0000] {dag.py:4180} INFO - Setting next_dagrun for example_external_task_marker_child to None, run_after=None
[2025-01-26T18:07:37.338+0000] {logging_mixin.py:190} INFO - [2025-01-26T18:07:37.337+0000] {dag.py:4180} INFO - Setting next_dagrun for example_external_task_marker_parent to None, run_after=None
[2025-01-26T18:07:37.357+0000] {processor.py:208} INFO - Processing /home/airflow/.local/lib/python3.12/site-packages/airflow/example_dags/example_external_task_marker_dag.py took 0.078 seconds
[2025-01-26T18:08:07.589+0000] {processor.py:186} INFO - Started process (PID=5065) to work on /home/airflow/.local/lib/python3.12/site-packages/airflow/example_dags/example_external_task_marker_dag.py
[2025-01-26T18:08:07.590+0000] {processor.py:914} INFO - Processing file /home/airflow/.local/lib/python3.12/site-packages/airflow/example_dags/example_external_task_marker_dag.py for tasks to queue
[2025-01-26T18:08:07.594+0000] {logging_mixin.py:190} INFO - [2025-01-26T18:08:07.593+0000] {dagbag.py:588} INFO - Filling up the DagBag from /home/airflow/.local/lib/python3.12/site-packages/airflow/example_dags/example_external_task_marker_dag.py
[2025-01-26T18:08:07.604+0000] {processor.py:925} INFO - DAG(s) 'example_external_task_marker_parent', 'example_external_task_marker_child' retrieved from /home/airflow/.local/lib/python3.12/site-packages/airflow/example_dags/example_external_task_marker_dag.py
[2025-01-26T18:08:07.628+0000] {logging_mixin.py:190} INFO - [2025-01-26T18:08:07.628+0000] {dag.py:3239} INFO - Sync 2 DAGs
[2025-01-26T18:08:07.648+0000] {logging_mixin.py:190} INFO - [2025-01-26T18:08:07.648+0000] {dag.py:4180} INFO - Setting next_dagrun for example_external_task_marker_child to None, run_after=None
[2025-01-26T18:08:07.654+0000] {logging_mixin.py:190} INFO - [2025-01-26T18:08:07.653+0000] {dag.py:4180} INFO - Setting next_dagrun for example_external_task_marker_parent to None, run_after=None
[2025-01-26T18:08:07.674+0000] {processor.py:208} INFO - Processing /home/airflow/.local/lib/python3.12/site-packages/airflow/example_dags/example_external_task_marker_dag.py took 0.093 seconds
[2025-01-26T18:08:38.339+0000] {processor.py:186} INFO - Started process (PID=5130) to work on /home/airflow/.local/lib/python3.12/site-packages/airflow/example_dags/example_external_task_marker_dag.py
[2025-01-26T18:08:38.340+0000] {processor.py:914} INFO - Processing file /home/airflow/.local/lib/python3.12/site-packages/airflow/example_dags/example_external_task_marker_dag.py for tasks to queue
[2025-01-26T18:08:38.346+0000] {logging_mixin.py:190} INFO - [2025-01-26T18:08:38.342+0000] {dagbag.py:588} INFO - Filling up the DagBag from /home/airflow/.local/lib/python3.12/site-packages/airflow/example_dags/example_external_task_marker_dag.py
[2025-01-26T18:08:38.357+0000] {processor.py:925} INFO - DAG(s) 'example_external_task_marker_parent', 'example_external_task_marker_child' retrieved from /home/airflow/.local/lib/python3.12/site-packages/airflow/example_dags/example_external_task_marker_dag.py
[2025-01-26T18:08:38.387+0000] {logging_mixin.py:190} INFO - [2025-01-26T18:08:38.387+0000] {dag.py:3239} INFO - Sync 2 DAGs
[2025-01-26T18:08:38.412+0000] {logging_mixin.py:190} INFO - [2025-01-26T18:08:38.411+0000] {dag.py:4180} INFO - Setting next_dagrun for example_external_task_marker_child to None, run_after=None
[2025-01-26T18:08:38.416+0000] {logging_mixin.py:190} INFO - [2025-01-26T18:08:38.416+0000] {dag.py:4180} INFO - Setting next_dagrun for example_external_task_marker_parent to None, run_after=None
[2025-01-26T18:08:38.444+0000] {processor.py:208} INFO - Processing /home/airflow/.local/lib/python3.12/site-packages/airflow/example_dags/example_external_task_marker_dag.py took 0.113 seconds
[2025-01-26T18:09:08.997+0000] {processor.py:186} INFO - Started process (PID=5193) to work on /home/airflow/.local/lib/python3.12/site-packages/airflow/example_dags/example_external_task_marker_dag.py
[2025-01-26T18:09:08.998+0000] {processor.py:914} INFO - Processing file /home/airflow/.local/lib/python3.12/site-packages/airflow/example_dags/example_external_task_marker_dag.py for tasks to queue
[2025-01-26T18:09:08.999+0000] {logging_mixin.py:190} INFO - [2025-01-26T18:09:08.999+0000] {dagbag.py:588} INFO - Filling up the DagBag from /home/airflow/.local/lib/python3.12/site-packages/airflow/example_dags/example_external_task_marker_dag.py
[2025-01-26T18:09:09.009+0000] {processor.py:925} INFO - DAG(s) 'example_external_task_marker_child', 'example_external_task_marker_parent' retrieved from /home/airflow/.local/lib/python3.12/site-packages/airflow/example_dags/example_external_task_marker_dag.py
[2025-01-26T18:09:09.035+0000] {logging_mixin.py:190} INFO - [2025-01-26T18:09:09.035+0000] {dag.py:3239} INFO - Sync 2 DAGs
[2025-01-26T18:09:09.051+0000] {logging_mixin.py:190} INFO - [2025-01-26T18:09:09.050+0000] {dag.py:4180} INFO - Setting next_dagrun for example_external_task_marker_child to None, run_after=None
[2025-01-26T18:09:09.054+0000] {logging_mixin.py:190} INFO - [2025-01-26T18:09:09.054+0000] {dag.py:4180} INFO - Setting next_dagrun for example_external_task_marker_parent to None, run_after=None
[2025-01-26T18:09:09.072+0000] {processor.py:208} INFO - Processing /home/airflow/.local/lib/python3.12/site-packages/airflow/example_dags/example_external_task_marker_dag.py took 0.083 seconds
[2025-01-26T18:09:39.420+0000] {processor.py:186} INFO - Started process (PID=5257) to work on /home/airflow/.local/lib/python3.12/site-packages/airflow/example_dags/example_external_task_marker_dag.py
[2025-01-26T18:09:39.421+0000] {processor.py:914} INFO - Processing file /home/airflow/.local/lib/python3.12/site-packages/airflow/example_dags/example_external_task_marker_dag.py for tasks to queue
[2025-01-26T18:09:39.423+0000] {logging_mixin.py:190} INFO - [2025-01-26T18:09:39.422+0000] {dagbag.py:588} INFO - Filling up the DagBag from /home/airflow/.local/lib/python3.12/site-packages/airflow/example_dags/example_external_task_marker_dag.py
[2025-01-26T18:09:39.430+0000] {processor.py:925} INFO - DAG(s) 'example_external_task_marker_parent', 'example_external_task_marker_child' retrieved from /home/airflow/.local/lib/python3.12/site-packages/airflow/example_dags/example_external_task_marker_dag.py
[2025-01-26T18:09:39.467+0000] {logging_mixin.py:190} INFO - [2025-01-26T18:09:39.467+0000] {dag.py:3239} INFO - Sync 2 DAGs
[2025-01-26T18:09:39.488+0000] {logging_mixin.py:190} INFO - [2025-01-26T18:09:39.487+0000] {dag.py:4180} INFO - Setting next_dagrun for example_external_task_marker_child to None, run_after=None
[2025-01-26T18:09:39.492+0000] {logging_mixin.py:190} INFO - [2025-01-26T18:09:39.492+0000] {dag.py:4180} INFO - Setting next_dagrun for example_external_task_marker_parent to None, run_after=None
[2025-01-26T18:09:39.517+0000] {processor.py:208} INFO - Processing /home/airflow/.local/lib/python3.12/site-packages/airflow/example_dags/example_external_task_marker_dag.py took 0.103 seconds
[2025-01-26T18:10:10.052+0000] {processor.py:186} INFO - Started process (PID=5321) to work on /home/airflow/.local/lib/python3.12/site-packages/airflow/example_dags/example_external_task_marker_dag.py
[2025-01-26T18:10:10.053+0000] {processor.py:914} INFO - Processing file /home/airflow/.local/lib/python3.12/site-packages/airflow/example_dags/example_external_task_marker_dag.py for tasks to queue
[2025-01-26T18:10:10.055+0000] {logging_mixin.py:190} INFO - [2025-01-26T18:10:10.054+0000] {dagbag.py:588} INFO - Filling up the DagBag from /home/airflow/.local/lib/python3.12/site-packages/airflow/example_dags/example_external_task_marker_dag.py
[2025-01-26T18:10:10.064+0000] {processor.py:925} INFO - DAG(s) 'example_external_task_marker_child', 'example_external_task_marker_parent' retrieved from /home/airflow/.local/lib/python3.12/site-packages/airflow/example_dags/example_external_task_marker_dag.py
[2025-01-26T18:10:10.103+0000] {logging_mixin.py:190} INFO - [2025-01-26T18:10:10.103+0000] {dag.py:3239} INFO - Sync 2 DAGs
[2025-01-26T18:10:10.128+0000] {logging_mixin.py:190} INFO - [2025-01-26T18:10:10.128+0000] {dag.py:4180} INFO - Setting next_dagrun for example_external_task_marker_child to None, run_after=None
[2025-01-26T18:10:10.133+0000] {logging_mixin.py:190} INFO - [2025-01-26T18:10:10.133+0000] {dag.py:4180} INFO - Setting next_dagrun for example_external_task_marker_parent to None, run_after=None
[2025-01-26T18:10:10.156+0000] {processor.py:208} INFO - Processing /home/airflow/.local/lib/python3.12/site-packages/airflow/example_dags/example_external_task_marker_dag.py took 0.112 seconds
[2025-01-26T18:10:40.770+0000] {processor.py:186} INFO - Started process (PID=5382) to work on /home/airflow/.local/lib/python3.12/site-packages/airflow/example_dags/example_external_task_marker_dag.py
[2025-01-26T18:10:40.773+0000] {processor.py:914} INFO - Processing file /home/airflow/.local/lib/python3.12/site-packages/airflow/example_dags/example_external_task_marker_dag.py for tasks to queue
[2025-01-26T18:10:40.776+0000] {logging_mixin.py:190} INFO - [2025-01-26T18:10:40.776+0000] {dagbag.py:588} INFO - Filling up the DagBag from /home/airflow/.local/lib/python3.12/site-packages/airflow/example_dags/example_external_task_marker_dag.py
[2025-01-26T18:10:40.788+0000] {processor.py:925} INFO - DAG(s) 'example_external_task_marker_parent', 'example_external_task_marker_child' retrieved from /home/airflow/.local/lib/python3.12/site-packages/airflow/example_dags/example_external_task_marker_dag.py
[2025-01-26T18:10:40.839+0000] {logging_mixin.py:190} INFO - [2025-01-26T18:10:40.839+0000] {dag.py:3239} INFO - Sync 2 DAGs
[2025-01-26T18:10:40.876+0000] {logging_mixin.py:190} INFO - [2025-01-26T18:10:40.876+0000] {dag.py:4180} INFO - Setting next_dagrun for example_external_task_marker_child to None, run_after=None
[2025-01-26T18:10:40.881+0000] {logging_mixin.py:190} INFO - [2025-01-26T18:10:40.880+0000] {dag.py:4180} INFO - Setting next_dagrun for example_external_task_marker_parent to None, run_after=None
[2025-01-26T18:10:40.902+0000] {processor.py:208} INFO - Processing /home/airflow/.local/lib/python3.12/site-packages/airflow/example_dags/example_external_task_marker_dag.py took 0.140 seconds
[2025-01-26T18:11:10.963+0000] {processor.py:186} INFO - Started process (PID=5452) to work on /home/airflow/.local/lib/python3.12/site-packages/airflow/example_dags/example_external_task_marker_dag.py
[2025-01-26T18:11:10.964+0000] {processor.py:914} INFO - Processing file /home/airflow/.local/lib/python3.12/site-packages/airflow/example_dags/example_external_task_marker_dag.py for tasks to queue
[2025-01-26T18:11:10.966+0000] {logging_mixin.py:190} INFO - [2025-01-26T18:11:10.965+0000] {dagbag.py:588} INFO - Filling up the DagBag from /home/airflow/.local/lib/python3.12/site-packages/airflow/example_dags/example_external_task_marker_dag.py
[2025-01-26T18:11:10.973+0000] {processor.py:925} INFO - DAG(s) 'example_external_task_marker_child', 'example_external_task_marker_parent' retrieved from /home/airflow/.local/lib/python3.12/site-packages/airflow/example_dags/example_external_task_marker_dag.py
[2025-01-26T18:11:11.002+0000] {logging_mixin.py:190} INFO - [2025-01-26T18:11:11.001+0000] {dag.py:3239} INFO - Sync 2 DAGs
[2025-01-26T18:11:11.024+0000] {logging_mixin.py:190} INFO - [2025-01-26T18:11:11.024+0000] {dag.py:4180} INFO - Setting next_dagrun for example_external_task_marker_child to None, run_after=None
[2025-01-26T18:11:11.029+0000] {logging_mixin.py:190} INFO - [2025-01-26T18:11:11.029+0000] {dag.py:4180} INFO - Setting next_dagrun for example_external_task_marker_parent to None, run_after=None
[2025-01-26T18:11:11.050+0000] {processor.py:208} INFO - Processing /home/airflow/.local/lib/python3.12/site-packages/airflow/example_dags/example_external_task_marker_dag.py took 0.092 seconds
[2025-01-26T18:11:41.431+0000] {processor.py:186} INFO - Started process (PID=5517) to work on /home/airflow/.local/lib/python3.12/site-packages/airflow/example_dags/example_external_task_marker_dag.py
[2025-01-26T18:11:41.432+0000] {processor.py:914} INFO - Processing file /home/airflow/.local/lib/python3.12/site-packages/airflow/example_dags/example_external_task_marker_dag.py for tasks to queue
[2025-01-26T18:11:41.434+0000] {logging_mixin.py:190} INFO - [2025-01-26T18:11:41.433+0000] {dagbag.py:588} INFO - Filling up the DagBag from /home/airflow/.local/lib/python3.12/site-packages/airflow/example_dags/example_external_task_marker_dag.py
[2025-01-26T18:11:41.444+0000] {processor.py:925} INFO - DAG(s) 'example_external_task_marker_child', 'example_external_task_marker_parent' retrieved from /home/airflow/.local/lib/python3.12/site-packages/airflow/example_dags/example_external_task_marker_dag.py
[2025-01-26T18:11:41.472+0000] {logging_mixin.py:190} INFO - [2025-01-26T18:11:41.472+0000] {dag.py:3239} INFO - Sync 2 DAGs
[2025-01-26T18:11:41.490+0000] {logging_mixin.py:190} INFO - [2025-01-26T18:11:41.490+0000] {dag.py:4180} INFO - Setting next_dagrun for example_external_task_marker_child to None, run_after=None
[2025-01-26T18:11:41.494+0000] {logging_mixin.py:190} INFO - [2025-01-26T18:11:41.494+0000] {dag.py:4180} INFO - Setting next_dagrun for example_external_task_marker_parent to None, run_after=None
[2025-01-26T18:11:41.512+0000] {processor.py:208} INFO - Processing /home/airflow/.local/lib/python3.12/site-packages/airflow/example_dags/example_external_task_marker_dag.py took 0.089 seconds
[2025-01-26T18:12:12.430+0000] {processor.py:186} INFO - Started process (PID=5578) to work on /home/airflow/.local/lib/python3.12/site-packages/airflow/example_dags/example_external_task_marker_dag.py
[2025-01-26T18:12:12.431+0000] {processor.py:914} INFO - Processing file /home/airflow/.local/lib/python3.12/site-packages/airflow/example_dags/example_external_task_marker_dag.py for tasks to queue
[2025-01-26T18:12:12.433+0000] {logging_mixin.py:190} INFO - [2025-01-26T18:12:12.432+0000] {dagbag.py:588} INFO - Filling up the DagBag from /home/airflow/.local/lib/python3.12/site-packages/airflow/example_dags/example_external_task_marker_dag.py
[2025-01-26T18:12:12.446+0000] {processor.py:925} INFO - DAG(s) 'example_external_task_marker_parent', 'example_external_task_marker_child' retrieved from /home/airflow/.local/lib/python3.12/site-packages/airflow/example_dags/example_external_task_marker_dag.py
[2025-01-26T18:12:12.476+0000] {logging_mixin.py:190} INFO - [2025-01-26T18:12:12.476+0000] {dag.py:3239} INFO - Sync 2 DAGs
[2025-01-26T18:12:12.500+0000] {logging_mixin.py:190} INFO - [2025-01-26T18:12:12.500+0000] {dag.py:4180} INFO - Setting next_dagrun for example_external_task_marker_child to None, run_after=None
[2025-01-26T18:12:12.503+0000] {logging_mixin.py:190} INFO - [2025-01-26T18:12:12.503+0000] {dag.py:4180} INFO - Setting next_dagrun for example_external_task_marker_parent to None, run_after=None
[2025-01-26T18:12:12.524+0000] {processor.py:208} INFO - Processing /home/airflow/.local/lib/python3.12/site-packages/airflow/example_dags/example_external_task_marker_dag.py took 0.108 seconds
[2025-01-26T18:12:42.610+0000] {processor.py:186} INFO - Started process (PID=5641) to work on /home/airflow/.local/lib/python3.12/site-packages/airflow/example_dags/example_external_task_marker_dag.py
[2025-01-26T18:12:42.620+0000] {processor.py:914} INFO - Processing file /home/airflow/.local/lib/python3.12/site-packages/airflow/example_dags/example_external_task_marker_dag.py for tasks to queue
[2025-01-26T18:12:42.622+0000] {logging_mixin.py:190} INFO - [2025-01-26T18:12:42.622+0000] {dagbag.py:588} INFO - Filling up the DagBag from /home/airflow/.local/lib/python3.12/site-packages/airflow/example_dags/example_external_task_marker_dag.py
[2025-01-26T18:12:42.639+0000] {processor.py:925} INFO - DAG(s) 'example_external_task_marker_parent', 'example_external_task_marker_child' retrieved from /home/airflow/.local/lib/python3.12/site-packages/airflow/example_dags/example_external_task_marker_dag.py
[2025-01-26T18:12:42.697+0000] {logging_mixin.py:190} INFO - [2025-01-26T18:12:42.697+0000] {dag.py:3239} INFO - Sync 2 DAGs
[2025-01-26T18:12:42.728+0000] {logging_mixin.py:190} INFO - [2025-01-26T18:12:42.728+0000] {dag.py:4180} INFO - Setting next_dagrun for example_external_task_marker_child to None, run_after=None
[2025-01-26T18:12:42.736+0000] {logging_mixin.py:190} INFO - [2025-01-26T18:12:42.736+0000] {dag.py:4180} INFO - Setting next_dagrun for example_external_task_marker_parent to None, run_after=None
[2025-01-26T18:12:42.768+0000] {processor.py:208} INFO - Processing /home/airflow/.local/lib/python3.12/site-packages/airflow/example_dags/example_external_task_marker_dag.py took 0.168 seconds
[2025-01-26T18:13:12.826+0000] {processor.py:186} INFO - Started process (PID=5705) to work on /home/airflow/.local/lib/python3.12/site-packages/airflow/example_dags/example_external_task_marker_dag.py
[2025-01-26T18:13:12.827+0000] {processor.py:914} INFO - Processing file /home/airflow/.local/lib/python3.12/site-packages/airflow/example_dags/example_external_task_marker_dag.py for tasks to queue
[2025-01-26T18:13:12.829+0000] {logging_mixin.py:190} INFO - [2025-01-26T18:13:12.829+0000] {dagbag.py:588} INFO - Filling up the DagBag from /home/airflow/.local/lib/python3.12/site-packages/airflow/example_dags/example_external_task_marker_dag.py
[2025-01-26T18:13:12.837+0000] {processor.py:925} INFO - DAG(s) 'example_external_task_marker_child', 'example_external_task_marker_parent' retrieved from /home/airflow/.local/lib/python3.12/site-packages/airflow/example_dags/example_external_task_marker_dag.py
[2025-01-26T18:13:12.867+0000] {logging_mixin.py:190} INFO - [2025-01-26T18:13:12.867+0000] {dag.py:3239} INFO - Sync 2 DAGs
[2025-01-26T18:13:12.891+0000] {logging_mixin.py:190} INFO - [2025-01-26T18:13:12.890+0000] {dag.py:4180} INFO - Setting next_dagrun for example_external_task_marker_child to None, run_after=None
[2025-01-26T18:13:12.896+0000] {logging_mixin.py:190} INFO - [2025-01-26T18:13:12.896+0000] {dag.py:4180} INFO - Setting next_dagrun for example_external_task_marker_parent to None, run_after=None
[2025-01-26T18:13:12.920+0000] {processor.py:208} INFO - Processing /home/airflow/.local/lib/python3.12/site-packages/airflow/example_dags/example_external_task_marker_dag.py took 0.102 seconds
[2025-01-26T18:13:43.160+0000] {processor.py:186} INFO - Started process (PID=5766) to work on /home/airflow/.local/lib/python3.12/site-packages/airflow/example_dags/example_external_task_marker_dag.py
[2025-01-26T18:13:43.162+0000] {processor.py:914} INFO - Processing file /home/airflow/.local/lib/python3.12/site-packages/airflow/example_dags/example_external_task_marker_dag.py for tasks to queue
[2025-01-26T18:13:43.163+0000] {logging_mixin.py:190} INFO - [2025-01-26T18:13:43.163+0000] {dagbag.py:588} INFO - Filling up the DagBag from /home/airflow/.local/lib/python3.12/site-packages/airflow/example_dags/example_external_task_marker_dag.py
[2025-01-26T18:13:43.172+0000] {processor.py:925} INFO - DAG(s) 'example_external_task_marker_parent', 'example_external_task_marker_child' retrieved from /home/airflow/.local/lib/python3.12/site-packages/airflow/example_dags/example_external_task_marker_dag.py
[2025-01-26T18:13:43.205+0000] {logging_mixin.py:190} INFO - [2025-01-26T18:13:43.204+0000] {dag.py:3239} INFO - Sync 2 DAGs
[2025-01-26T18:13:43.238+0000] {logging_mixin.py:190} INFO - [2025-01-26T18:13:43.238+0000] {dag.py:4180} INFO - Setting next_dagrun for example_external_task_marker_child to None, run_after=None
[2025-01-26T18:13:43.247+0000] {logging_mixin.py:190} INFO - [2025-01-26T18:13:43.246+0000] {dag.py:4180} INFO - Setting next_dagrun for example_external_task_marker_parent to None, run_after=None
[2025-01-26T18:13:43.276+0000] {processor.py:208} INFO - Processing /home/airflow/.local/lib/python3.12/site-packages/airflow/example_dags/example_external_task_marker_dag.py took 0.125 seconds
[2025-01-26T18:14:13.360+0000] {processor.py:186} INFO - Started process (PID=5828) to work on /home/airflow/.local/lib/python3.12/site-packages/airflow/example_dags/example_external_task_marker_dag.py
[2025-01-26T18:14:13.361+0000] {processor.py:914} INFO - Processing file /home/airflow/.local/lib/python3.12/site-packages/airflow/example_dags/example_external_task_marker_dag.py for tasks to queue
[2025-01-26T18:14:13.363+0000] {logging_mixin.py:190} INFO - [2025-01-26T18:14:13.362+0000] {dagbag.py:588} INFO - Filling up the DagBag from /home/airflow/.local/lib/python3.12/site-packages/airflow/example_dags/example_external_task_marker_dag.py
[2025-01-26T18:14:13.375+0000] {processor.py:925} INFO - DAG(s) 'example_external_task_marker_child', 'example_external_task_marker_parent' retrieved from /home/airflow/.local/lib/python3.12/site-packages/airflow/example_dags/example_external_task_marker_dag.py
[2025-01-26T18:14:13.400+0000] {logging_mixin.py:190} INFO - [2025-01-26T18:14:13.400+0000] {dag.py:3239} INFO - Sync 2 DAGs
[2025-01-26T18:14:13.419+0000] {logging_mixin.py:190} INFO - [2025-01-26T18:14:13.419+0000] {dag.py:4180} INFO - Setting next_dagrun for example_external_task_marker_child to None, run_after=None
[2025-01-26T18:14:13.424+0000] {logging_mixin.py:190} INFO - [2025-01-26T18:14:13.423+0000] {dag.py:4180} INFO - Setting next_dagrun for example_external_task_marker_parent to None, run_after=None
[2025-01-26T18:14:13.447+0000] {processor.py:208} INFO - Processing /home/airflow/.local/lib/python3.12/site-packages/airflow/example_dags/example_external_task_marker_dag.py took 0.093 seconds
[2025-01-26T18:14:43.550+0000] {processor.py:186} INFO - Started process (PID=5886) to work on /home/airflow/.local/lib/python3.12/site-packages/airflow/example_dags/example_external_task_marker_dag.py
[2025-01-26T18:14:43.552+0000] {processor.py:914} INFO - Processing file /home/airflow/.local/lib/python3.12/site-packages/airflow/example_dags/example_external_task_marker_dag.py for tasks to queue
[2025-01-26T18:14:43.553+0000] {logging_mixin.py:190} INFO - [2025-01-26T18:14:43.553+0000] {dagbag.py:588} INFO - Filling up the DagBag from /home/airflow/.local/lib/python3.12/site-packages/airflow/example_dags/example_external_task_marker_dag.py
[2025-01-26T18:14:43.561+0000] {processor.py:925} INFO - DAG(s) 'example_external_task_marker_child', 'example_external_task_marker_parent' retrieved from /home/airflow/.local/lib/python3.12/site-packages/airflow/example_dags/example_external_task_marker_dag.py
[2025-01-26T18:14:43.590+0000] {logging_mixin.py:190} INFO - [2025-01-26T18:14:43.589+0000] {dag.py:3239} INFO - Sync 2 DAGs
[2025-01-26T18:14:43.610+0000] {logging_mixin.py:190} INFO - [2025-01-26T18:14:43.609+0000] {dag.py:4180} INFO - Setting next_dagrun for example_external_task_marker_child to None, run_after=None
[2025-01-26T18:14:43.614+0000] {logging_mixin.py:190} INFO - [2025-01-26T18:14:43.614+0000] {dag.py:4180} INFO - Setting next_dagrun for example_external_task_marker_parent to None, run_after=None
[2025-01-26T18:14:43.636+0000] {processor.py:208} INFO - Processing /home/airflow/.local/lib/python3.12/site-packages/airflow/example_dags/example_external_task_marker_dag.py took 0.095 seconds
[2025-01-26T18:15:14.417+0000] {processor.py:186} INFO - Started process (PID=5950) to work on /home/airflow/.local/lib/python3.12/site-packages/airflow/example_dags/example_external_task_marker_dag.py
[2025-01-26T18:15:14.418+0000] {processor.py:914} INFO - Processing file /home/airflow/.local/lib/python3.12/site-packages/airflow/example_dags/example_external_task_marker_dag.py for tasks to queue
[2025-01-26T18:15:14.420+0000] {logging_mixin.py:190} INFO - [2025-01-26T18:15:14.419+0000] {dagbag.py:588} INFO - Filling up the DagBag from /home/airflow/.local/lib/python3.12/site-packages/airflow/example_dags/example_external_task_marker_dag.py
[2025-01-26T18:15:14.430+0000] {processor.py:925} INFO - DAG(s) 'example_external_task_marker_child', 'example_external_task_marker_parent' retrieved from /home/airflow/.local/lib/python3.12/site-packages/airflow/example_dags/example_external_task_marker_dag.py
[2025-01-26T18:15:14.459+0000] {logging_mixin.py:190} INFO - [2025-01-26T18:15:14.459+0000] {dag.py:3239} INFO - Sync 2 DAGs
[2025-01-26T18:15:14.483+0000] {logging_mixin.py:190} INFO - [2025-01-26T18:15:14.482+0000] {dag.py:4180} INFO - Setting next_dagrun for example_external_task_marker_child to None, run_after=None
[2025-01-26T18:15:14.493+0000] {logging_mixin.py:190} INFO - [2025-01-26T18:15:14.492+0000] {dag.py:4180} INFO - Setting next_dagrun for example_external_task_marker_parent to None, run_after=None
[2025-01-26T18:15:14.539+0000] {processor.py:208} INFO - Processing /home/airflow/.local/lib/python3.12/site-packages/airflow/example_dags/example_external_task_marker_dag.py took 0.127 seconds
[2025-01-26T18:15:44.863+0000] {processor.py:186} INFO - Started process (PID=6014) to work on /home/airflow/.local/lib/python3.12/site-packages/airflow/example_dags/example_external_task_marker_dag.py
[2025-01-26T18:15:44.865+0000] {processor.py:914} INFO - Processing file /home/airflow/.local/lib/python3.12/site-packages/airflow/example_dags/example_external_task_marker_dag.py for tasks to queue
[2025-01-26T18:15:44.866+0000] {logging_mixin.py:190} INFO - [2025-01-26T18:15:44.866+0000] {dagbag.py:588} INFO - Filling up the DagBag from /home/airflow/.local/lib/python3.12/site-packages/airflow/example_dags/example_external_task_marker_dag.py
[2025-01-26T18:15:44.878+0000] {processor.py:925} INFO - DAG(s) 'example_external_task_marker_parent', 'example_external_task_marker_child' retrieved from /home/airflow/.local/lib/python3.12/site-packages/airflow/example_dags/example_external_task_marker_dag.py
[2025-01-26T18:15:44.911+0000] {logging_mixin.py:190} INFO - [2025-01-26T18:15:44.910+0000] {dag.py:3239} INFO - Sync 2 DAGs
[2025-01-26T18:15:44.950+0000] {logging_mixin.py:190} INFO - [2025-01-26T18:15:44.950+0000] {dag.py:4180} INFO - Setting next_dagrun for example_external_task_marker_child to None, run_after=None
[2025-01-26T18:15:44.957+0000] {logging_mixin.py:190} INFO - [2025-01-26T18:15:44.957+0000] {dag.py:4180} INFO - Setting next_dagrun for example_external_task_marker_parent to None, run_after=None
[2025-01-26T18:15:44.985+0000] {processor.py:208} INFO - Processing /home/airflow/.local/lib/python3.12/site-packages/airflow/example_dags/example_external_task_marker_dag.py took 0.128 seconds
[2025-01-26T18:16:15.461+0000] {processor.py:186} INFO - Started process (PID=6079) to work on /home/airflow/.local/lib/python3.12/site-packages/airflow/example_dags/example_external_task_marker_dag.py
[2025-01-26T18:16:15.462+0000] {processor.py:914} INFO - Processing file /home/airflow/.local/lib/python3.12/site-packages/airflow/example_dags/example_external_task_marker_dag.py for tasks to queue
[2025-01-26T18:16:15.463+0000] {logging_mixin.py:190} INFO - [2025-01-26T18:16:15.463+0000] {dagbag.py:588} INFO - Filling up the DagBag from /home/airflow/.local/lib/python3.12/site-packages/airflow/example_dags/example_external_task_marker_dag.py
[2025-01-26T18:16:15.471+0000] {processor.py:925} INFO - DAG(s) 'example_external_task_marker_child', 'example_external_task_marker_parent' retrieved from /home/airflow/.local/lib/python3.12/site-packages/airflow/example_dags/example_external_task_marker_dag.py
[2025-01-26T18:16:15.501+0000] {logging_mixin.py:190} INFO - [2025-01-26T18:16:15.501+0000] {dag.py:3239} INFO - Sync 2 DAGs
[2025-01-26T18:16:15.519+0000] {logging_mixin.py:190} INFO - [2025-01-26T18:16:15.519+0000] {dag.py:4180} INFO - Setting next_dagrun for example_external_task_marker_child to None, run_after=None
[2025-01-26T18:16:15.525+0000] {logging_mixin.py:190} INFO - [2025-01-26T18:16:15.525+0000] {dag.py:4180} INFO - Setting next_dagrun for example_external_task_marker_parent to None, run_after=None
[2025-01-26T18:16:15.545+0000] {processor.py:208} INFO - Processing /home/airflow/.local/lib/python3.12/site-packages/airflow/example_dags/example_external_task_marker_dag.py took 0.092 seconds
[2025-01-26T18:16:46.179+0000] {processor.py:186} INFO - Started process (PID=6143) to work on /home/airflow/.local/lib/python3.12/site-packages/airflow/example_dags/example_external_task_marker_dag.py
[2025-01-26T18:16:46.180+0000] {processor.py:914} INFO - Processing file /home/airflow/.local/lib/python3.12/site-packages/airflow/example_dags/example_external_task_marker_dag.py for tasks to queue
[2025-01-26T18:16:46.182+0000] {logging_mixin.py:190} INFO - [2025-01-26T18:16:46.182+0000] {dagbag.py:588} INFO - Filling up the DagBag from /home/airflow/.local/lib/python3.12/site-packages/airflow/example_dags/example_external_task_marker_dag.py
[2025-01-26T18:16:46.208+0000] {processor.py:925} INFO - DAG(s) 'example_external_task_marker_parent', 'example_external_task_marker_child' retrieved from /home/airflow/.local/lib/python3.12/site-packages/airflow/example_dags/example_external_task_marker_dag.py
[2025-01-26T18:16:46.286+0000] {logging_mixin.py:190} INFO - [2025-01-26T18:16:46.285+0000] {dag.py:3239} INFO - Sync 2 DAGs
[2025-01-26T18:16:46.330+0000] {logging_mixin.py:190} INFO - [2025-01-26T18:16:46.330+0000] {dag.py:4180} INFO - Setting next_dagrun for example_external_task_marker_child to None, run_after=None
[2025-01-26T18:16:46.334+0000] {logging_mixin.py:190} INFO - [2025-01-26T18:16:46.334+0000] {dag.py:4180} INFO - Setting next_dagrun for example_external_task_marker_parent to None, run_after=None
[2025-01-26T18:16:46.354+0000] {processor.py:208} INFO - Processing /home/airflow/.local/lib/python3.12/site-packages/airflow/example_dags/example_external_task_marker_dag.py took 0.183 seconds
[2025-01-26T18:17:16.760+0000] {processor.py:186} INFO - Started process (PID=6207) to work on /home/airflow/.local/lib/python3.12/site-packages/airflow/example_dags/example_external_task_marker_dag.py
[2025-01-26T18:17:16.761+0000] {processor.py:914} INFO - Processing file /home/airflow/.local/lib/python3.12/site-packages/airflow/example_dags/example_external_task_marker_dag.py for tasks to queue
[2025-01-26T18:17:16.763+0000] {logging_mixin.py:190} INFO - [2025-01-26T18:17:16.762+0000] {dagbag.py:588} INFO - Filling up the DagBag from /home/airflow/.local/lib/python3.12/site-packages/airflow/example_dags/example_external_task_marker_dag.py
[2025-01-26T18:17:16.773+0000] {processor.py:925} INFO - DAG(s) 'example_external_task_marker_child', 'example_external_task_marker_parent' retrieved from /home/airflow/.local/lib/python3.12/site-packages/airflow/example_dags/example_external_task_marker_dag.py
[2025-01-26T18:17:16.798+0000] {logging_mixin.py:190} INFO - [2025-01-26T18:17:16.798+0000] {dag.py:3239} INFO - Sync 2 DAGs
[2025-01-26T18:17:16.817+0000] {logging_mixin.py:190} INFO - [2025-01-26T18:17:16.817+0000] {dag.py:4180} INFO - Setting next_dagrun for example_external_task_marker_child to None, run_after=None
[2025-01-26T18:17:16.822+0000] {logging_mixin.py:190} INFO - [2025-01-26T18:17:16.821+0000] {dag.py:4180} INFO - Setting next_dagrun for example_external_task_marker_parent to None, run_after=None
[2025-01-26T18:17:16.850+0000] {processor.py:208} INFO - Processing /home/airflow/.local/lib/python3.12/site-packages/airflow/example_dags/example_external_task_marker_dag.py took 0.099 seconds
[2025-01-26T18:17:47.158+0000] {processor.py:186} INFO - Started process (PID=6271) to work on /home/airflow/.local/lib/python3.12/site-packages/airflow/example_dags/example_external_task_marker_dag.py
[2025-01-26T18:17:47.159+0000] {processor.py:914} INFO - Processing file /home/airflow/.local/lib/python3.12/site-packages/airflow/example_dags/example_external_task_marker_dag.py for tasks to queue
[2025-01-26T18:17:47.161+0000] {logging_mixin.py:190} INFO - [2025-01-26T18:17:47.161+0000] {dagbag.py:588} INFO - Filling up the DagBag from /home/airflow/.local/lib/python3.12/site-packages/airflow/example_dags/example_external_task_marker_dag.py
[2025-01-26T18:17:47.173+0000] {processor.py:925} INFO - DAG(s) 'example_external_task_marker_parent', 'example_external_task_marker_child' retrieved from /home/airflow/.local/lib/python3.12/site-packages/airflow/example_dags/example_external_task_marker_dag.py
[2025-01-26T18:17:47.205+0000] {logging_mixin.py:190} INFO - [2025-01-26T18:17:47.205+0000] {dag.py:3239} INFO - Sync 2 DAGs
[2025-01-26T18:17:47.228+0000] {logging_mixin.py:190} INFO - [2025-01-26T18:17:47.228+0000] {dag.py:4180} INFO - Setting next_dagrun for example_external_task_marker_child to None, run_after=None
[2025-01-26T18:17:47.233+0000] {logging_mixin.py:190} INFO - [2025-01-26T18:17:47.233+0000] {dag.py:4180} INFO - Setting next_dagrun for example_external_task_marker_parent to None, run_after=None
[2025-01-26T18:17:47.264+0000] {processor.py:208} INFO - Processing /home/airflow/.local/lib/python3.12/site-packages/airflow/example_dags/example_external_task_marker_dag.py took 0.115 seconds
[2025-01-26T18:18:17.505+0000] {processor.py:186} INFO - Started process (PID=6335) to work on /home/airflow/.local/lib/python3.12/site-packages/airflow/example_dags/example_external_task_marker_dag.py
[2025-01-26T18:18:17.507+0000] {processor.py:914} INFO - Processing file /home/airflow/.local/lib/python3.12/site-packages/airflow/example_dags/example_external_task_marker_dag.py for tasks to queue
[2025-01-26T18:18:17.509+0000] {logging_mixin.py:190} INFO - [2025-01-26T18:18:17.508+0000] {dagbag.py:588} INFO - Filling up the DagBag from /home/airflow/.local/lib/python3.12/site-packages/airflow/example_dags/example_external_task_marker_dag.py
[2025-01-26T18:18:17.523+0000] {processor.py:925} INFO - DAG(s) 'example_external_task_marker_child', 'example_external_task_marker_parent' retrieved from /home/airflow/.local/lib/python3.12/site-packages/airflow/example_dags/example_external_task_marker_dag.py
[2025-01-26T18:18:17.556+0000] {logging_mixin.py:190} INFO - [2025-01-26T18:18:17.556+0000] {dag.py:3239} INFO - Sync 2 DAGs
[2025-01-26T18:18:17.582+0000] {logging_mixin.py:190} INFO - [2025-01-26T18:18:17.582+0000] {dag.py:4180} INFO - Setting next_dagrun for example_external_task_marker_child to None, run_after=None
[2025-01-26T18:18:17.595+0000] {logging_mixin.py:190} INFO - [2025-01-26T18:18:17.595+0000] {dag.py:4180} INFO - Setting next_dagrun for example_external_task_marker_parent to None, run_after=None
[2025-01-26T18:18:17.626+0000] {processor.py:208} INFO - Processing /home/airflow/.local/lib/python3.12/site-packages/airflow/example_dags/example_external_task_marker_dag.py took 0.128 seconds
[2025-01-26T18:18:47.722+0000] {processor.py:186} INFO - Started process (PID=6398) to work on /home/airflow/.local/lib/python3.12/site-packages/airflow/example_dags/example_external_task_marker_dag.py
[2025-01-26T18:18:47.723+0000] {processor.py:914} INFO - Processing file /home/airflow/.local/lib/python3.12/site-packages/airflow/example_dags/example_external_task_marker_dag.py for tasks to queue
[2025-01-26T18:18:47.725+0000] {logging_mixin.py:190} INFO - [2025-01-26T18:18:47.724+0000] {dagbag.py:588} INFO - Filling up the DagBag from /home/airflow/.local/lib/python3.12/site-packages/airflow/example_dags/example_external_task_marker_dag.py
[2025-01-26T18:18:47.736+0000] {processor.py:925} INFO - DAG(s) 'example_external_task_marker_child', 'example_external_task_marker_parent' retrieved from /home/airflow/.local/lib/python3.12/site-packages/airflow/example_dags/example_external_task_marker_dag.py
[2025-01-26T18:18:47.762+0000] {logging_mixin.py:190} INFO - [2025-01-26T18:18:47.762+0000] {dag.py:3239} INFO - Sync 2 DAGs
[2025-01-26T18:18:47.782+0000] {logging_mixin.py:190} INFO - [2025-01-26T18:18:47.781+0000] {dag.py:4180} INFO - Setting next_dagrun for example_external_task_marker_child to None, run_after=None
[2025-01-26T18:18:47.787+0000] {logging_mixin.py:190} INFO - [2025-01-26T18:18:47.787+0000] {dag.py:4180} INFO - Setting next_dagrun for example_external_task_marker_parent to None, run_after=None
[2025-01-26T18:18:47.807+0000] {processor.py:208} INFO - Processing /home/airflow/.local/lib/python3.12/site-packages/airflow/example_dags/example_external_task_marker_dag.py took 0.094 seconds
[2025-01-26T18:19:17.963+0000] {processor.py:186} INFO - Started process (PID=6462) to work on /home/airflow/.local/lib/python3.12/site-packages/airflow/example_dags/example_external_task_marker_dag.py
[2025-01-26T18:19:17.965+0000] {processor.py:914} INFO - Processing file /home/airflow/.local/lib/python3.12/site-packages/airflow/example_dags/example_external_task_marker_dag.py for tasks to queue
[2025-01-26T18:19:17.967+0000] {logging_mixin.py:190} INFO - [2025-01-26T18:19:17.966+0000] {dagbag.py:588} INFO - Filling up the DagBag from /home/airflow/.local/lib/python3.12/site-packages/airflow/example_dags/example_external_task_marker_dag.py
[2025-01-26T18:19:17.979+0000] {processor.py:925} INFO - DAG(s) 'example_external_task_marker_child', 'example_external_task_marker_parent' retrieved from /home/airflow/.local/lib/python3.12/site-packages/airflow/example_dags/example_external_task_marker_dag.py
[2025-01-26T18:19:18.005+0000] {logging_mixin.py:190} INFO - [2025-01-26T18:19:18.005+0000] {dag.py:3239} INFO - Sync 2 DAGs
[2025-01-26T18:19:18.022+0000] {logging_mixin.py:190} INFO - [2025-01-26T18:19:18.021+0000] {dag.py:4180} INFO - Setting next_dagrun for example_external_task_marker_child to None, run_after=None
[2025-01-26T18:19:18.026+0000] {logging_mixin.py:190} INFO - [2025-01-26T18:19:18.026+0000] {dag.py:4180} INFO - Setting next_dagrun for example_external_task_marker_parent to None, run_after=None
[2025-01-26T18:19:18.045+0000] {processor.py:208} INFO - Processing /home/airflow/.local/lib/python3.12/site-packages/airflow/example_dags/example_external_task_marker_dag.py took 0.097 seconds
[2025-01-26T18:19:48.183+0000] {processor.py:186} INFO - Started process (PID=6526) to work on /home/airflow/.local/lib/python3.12/site-packages/airflow/example_dags/example_external_task_marker_dag.py
[2025-01-26T18:19:48.184+0000] {processor.py:914} INFO - Processing file /home/airflow/.local/lib/python3.12/site-packages/airflow/example_dags/example_external_task_marker_dag.py for tasks to queue
[2025-01-26T18:19:48.186+0000] {logging_mixin.py:190} INFO - [2025-01-26T18:19:48.186+0000] {dagbag.py:588} INFO - Filling up the DagBag from /home/airflow/.local/lib/python3.12/site-packages/airflow/example_dags/example_external_task_marker_dag.py
[2025-01-26T18:19:48.197+0000] {processor.py:925} INFO - DAG(s) 'example_external_task_marker_parent', 'example_external_task_marker_child' retrieved from /home/airflow/.local/lib/python3.12/site-packages/airflow/example_dags/example_external_task_marker_dag.py
[2025-01-26T18:19:48.222+0000] {logging_mixin.py:190} INFO - [2025-01-26T18:19:48.221+0000] {dag.py:3239} INFO - Sync 2 DAGs
[2025-01-26T18:19:48.241+0000] {logging_mixin.py:190} INFO - [2025-01-26T18:19:48.241+0000] {dag.py:4180} INFO - Setting next_dagrun for example_external_task_marker_child to None, run_after=None
[2025-01-26T18:19:48.245+0000] {logging_mixin.py:190} INFO - [2025-01-26T18:19:48.245+0000] {dag.py:4180} INFO - Setting next_dagrun for example_external_task_marker_parent to None, run_after=None
[2025-01-26T18:19:48.264+0000] {processor.py:208} INFO - Processing /home/airflow/.local/lib/python3.12/site-packages/airflow/example_dags/example_external_task_marker_dag.py took 0.089 seconds
[2025-01-26T18:20:18.548+0000] {processor.py:186} INFO - Started process (PID=6591) to work on /home/airflow/.local/lib/python3.12/site-packages/airflow/example_dags/example_external_task_marker_dag.py
[2025-01-26T18:20:18.549+0000] {processor.py:914} INFO - Processing file /home/airflow/.local/lib/python3.12/site-packages/airflow/example_dags/example_external_task_marker_dag.py for tasks to queue
[2025-01-26T18:20:18.551+0000] {logging_mixin.py:190} INFO - [2025-01-26T18:20:18.551+0000] {dagbag.py:588} INFO - Filling up the DagBag from /home/airflow/.local/lib/python3.12/site-packages/airflow/example_dags/example_external_task_marker_dag.py
[2025-01-26T18:20:18.561+0000] {processor.py:925} INFO - DAG(s) 'example_external_task_marker_child', 'example_external_task_marker_parent' retrieved from /home/airflow/.local/lib/python3.12/site-packages/airflow/example_dags/example_external_task_marker_dag.py
[2025-01-26T18:20:18.588+0000] {logging_mixin.py:190} INFO - [2025-01-26T18:20:18.588+0000] {dag.py:3239} INFO - Sync 2 DAGs
[2025-01-26T18:20:18.608+0000] {logging_mixin.py:190} INFO - [2025-01-26T18:20:18.608+0000] {dag.py:4180} INFO - Setting next_dagrun for example_external_task_marker_child to None, run_after=None
[2025-01-26T18:20:18.612+0000] {logging_mixin.py:190} INFO - [2025-01-26T18:20:18.612+0000] {dag.py:4180} INFO - Setting next_dagrun for example_external_task_marker_parent to None, run_after=None
[2025-01-26T18:20:18.633+0000] {processor.py:208} INFO - Processing /home/airflow/.local/lib/python3.12/site-packages/airflow/example_dags/example_external_task_marker_dag.py took 0.094 seconds
[2025-01-26T18:20:48.870+0000] {processor.py:186} INFO - Started process (PID=6655) to work on /home/airflow/.local/lib/python3.12/site-packages/airflow/example_dags/example_external_task_marker_dag.py
[2025-01-26T18:20:48.874+0000] {processor.py:914} INFO - Processing file /home/airflow/.local/lib/python3.12/site-packages/airflow/example_dags/example_external_task_marker_dag.py for tasks to queue
[2025-01-26T18:20:48.876+0000] {logging_mixin.py:190} INFO - [2025-01-26T18:20:48.876+0000] {dagbag.py:588} INFO - Filling up the DagBag from /home/airflow/.local/lib/python3.12/site-packages/airflow/example_dags/example_external_task_marker_dag.py
[2025-01-26T18:20:48.891+0000] {processor.py:925} INFO - DAG(s) 'example_external_task_marker_parent', 'example_external_task_marker_child' retrieved from /home/airflow/.local/lib/python3.12/site-packages/airflow/example_dags/example_external_task_marker_dag.py
[2025-01-26T18:20:48.917+0000] {logging_mixin.py:190} INFO - [2025-01-26T18:20:48.917+0000] {dag.py:3239} INFO - Sync 2 DAGs
[2025-01-26T18:20:48.933+0000] {logging_mixin.py:190} INFO - [2025-01-26T18:20:48.933+0000] {dag.py:4180} INFO - Setting next_dagrun for example_external_task_marker_child to None, run_after=None
[2025-01-26T18:20:48.938+0000] {logging_mixin.py:190} INFO - [2025-01-26T18:20:48.938+0000] {dag.py:4180} INFO - Setting next_dagrun for example_external_task_marker_parent to None, run_after=None
[2025-01-26T18:20:48.957+0000] {processor.py:208} INFO - Processing /home/airflow/.local/lib/python3.12/site-packages/airflow/example_dags/example_external_task_marker_dag.py took 0.098 seconds
[2025-01-26T18:21:19.165+0000] {processor.py:186} INFO - Started process (PID=6720) to work on /home/airflow/.local/lib/python3.12/site-packages/airflow/example_dags/example_external_task_marker_dag.py
[2025-01-26T18:21:19.167+0000] {processor.py:914} INFO - Processing file /home/airflow/.local/lib/python3.12/site-packages/airflow/example_dags/example_external_task_marker_dag.py for tasks to queue
[2025-01-26T18:21:19.169+0000] {logging_mixin.py:190} INFO - [2025-01-26T18:21:19.168+0000] {dagbag.py:588} INFO - Filling up the DagBag from /home/airflow/.local/lib/python3.12/site-packages/airflow/example_dags/example_external_task_marker_dag.py
[2025-01-26T18:21:19.200+0000] {processor.py:925} INFO - DAG(s) 'example_external_task_marker_child', 'example_external_task_marker_parent' retrieved from /home/airflow/.local/lib/python3.12/site-packages/airflow/example_dags/example_external_task_marker_dag.py
[2025-01-26T18:21:19.275+0000] {logging_mixin.py:190} INFO - [2025-01-26T18:21:19.274+0000] {dag.py:3239} INFO - Sync 2 DAGs
[2025-01-26T18:21:19.299+0000] {logging_mixin.py:190} INFO - [2025-01-26T18:21:19.299+0000] {dag.py:4180} INFO - Setting next_dagrun for example_external_task_marker_child to None, run_after=None
[2025-01-26T18:21:19.309+0000] {logging_mixin.py:190} INFO - [2025-01-26T18:21:19.309+0000] {dag.py:4180} INFO - Setting next_dagrun for example_external_task_marker_parent to None, run_after=None
[2025-01-26T18:21:19.328+0000] {processor.py:208} INFO - Processing /home/airflow/.local/lib/python3.12/site-packages/airflow/example_dags/example_external_task_marker_dag.py took 0.171 seconds
[2025-01-26T18:21:49.897+0000] {processor.py:186} INFO - Started process (PID=6784) to work on /home/airflow/.local/lib/python3.12/site-packages/airflow/example_dags/example_external_task_marker_dag.py
[2025-01-26T18:21:49.898+0000] {processor.py:914} INFO - Processing file /home/airflow/.local/lib/python3.12/site-packages/airflow/example_dags/example_external_task_marker_dag.py for tasks to queue
[2025-01-26T18:21:49.902+0000] {logging_mixin.py:190} INFO - [2025-01-26T18:21:49.901+0000] {dagbag.py:588} INFO - Filling up the DagBag from /home/airflow/.local/lib/python3.12/site-packages/airflow/example_dags/example_external_task_marker_dag.py
[2025-01-26T18:21:49.909+0000] {processor.py:925} INFO - DAG(s) 'example_external_task_marker_child', 'example_external_task_marker_parent' retrieved from /home/airflow/.local/lib/python3.12/site-packages/airflow/example_dags/example_external_task_marker_dag.py
[2025-01-26T18:21:49.932+0000] {logging_mixin.py:190} INFO - [2025-01-26T18:21:49.932+0000] {dag.py:3239} INFO - Sync 2 DAGs
[2025-01-26T18:21:49.950+0000] {logging_mixin.py:190} INFO - [2025-01-26T18:21:49.950+0000] {dag.py:4180} INFO - Setting next_dagrun for example_external_task_marker_child to None, run_after=None
[2025-01-26T18:21:49.955+0000] {logging_mixin.py:190} INFO - [2025-01-26T18:21:49.955+0000] {dag.py:4180} INFO - Setting next_dagrun for example_external_task_marker_parent to None, run_after=None
[2025-01-26T18:21:49.975+0000] {processor.py:208} INFO - Processing /home/airflow/.local/lib/python3.12/site-packages/airflow/example_dags/example_external_task_marker_dag.py took 0.085 seconds
[2025-01-26T18:22:20.320+0000] {processor.py:186} INFO - Started process (PID=6848) to work on /home/airflow/.local/lib/python3.12/site-packages/airflow/example_dags/example_external_task_marker_dag.py
[2025-01-26T18:22:20.322+0000] {processor.py:914} INFO - Processing file /home/airflow/.local/lib/python3.12/site-packages/airflow/example_dags/example_external_task_marker_dag.py for tasks to queue
[2025-01-26T18:22:20.324+0000] {logging_mixin.py:190} INFO - [2025-01-26T18:22:20.323+0000] {dagbag.py:588} INFO - Filling up the DagBag from /home/airflow/.local/lib/python3.12/site-packages/airflow/example_dags/example_external_task_marker_dag.py
[2025-01-26T18:22:20.336+0000] {processor.py:925} INFO - DAG(s) 'example_external_task_marker_child', 'example_external_task_marker_parent' retrieved from /home/airflow/.local/lib/python3.12/site-packages/airflow/example_dags/example_external_task_marker_dag.py
[2025-01-26T18:22:20.373+0000] {logging_mixin.py:190} INFO - [2025-01-26T18:22:20.373+0000] {dag.py:3239} INFO - Sync 2 DAGs
[2025-01-26T18:22:20.426+0000] {logging_mixin.py:190} INFO - [2025-01-26T18:22:20.425+0000] {dag.py:4180} INFO - Setting next_dagrun for example_external_task_marker_child to None, run_after=None
[2025-01-26T18:22:20.431+0000] {logging_mixin.py:190} INFO - [2025-01-26T18:22:20.431+0000] {dag.py:4180} INFO - Setting next_dagrun for example_external_task_marker_parent to None, run_after=None
[2025-01-26T18:22:20.461+0000] {processor.py:208} INFO - Processing /home/airflow/.local/lib/python3.12/site-packages/airflow/example_dags/example_external_task_marker_dag.py took 0.149 seconds
[2025-01-26T18:22:50.695+0000] {processor.py:186} INFO - Started process (PID=6907) to work on /home/airflow/.local/lib/python3.12/site-packages/airflow/example_dags/example_external_task_marker_dag.py
[2025-01-26T18:22:50.697+0000] {processor.py:914} INFO - Processing file /home/airflow/.local/lib/python3.12/site-packages/airflow/example_dags/example_external_task_marker_dag.py for tasks to queue
[2025-01-26T18:22:50.698+0000] {logging_mixin.py:190} INFO - [2025-01-26T18:22:50.698+0000] {dagbag.py:588} INFO - Filling up the DagBag from /home/airflow/.local/lib/python3.12/site-packages/airflow/example_dags/example_external_task_marker_dag.py
[2025-01-26T18:22:50.720+0000] {processor.py:925} INFO - DAG(s) 'example_external_task_marker_child', 'example_external_task_marker_parent' retrieved from /home/airflow/.local/lib/python3.12/site-packages/airflow/example_dags/example_external_task_marker_dag.py
[2025-01-26T18:22:50.760+0000] {logging_mixin.py:190} INFO - [2025-01-26T18:22:50.759+0000] {dag.py:3239} INFO - Sync 2 DAGs
[2025-01-26T18:22:50.785+0000] {logging_mixin.py:190} INFO - [2025-01-26T18:22:50.784+0000] {dag.py:4180} INFO - Setting next_dagrun for example_external_task_marker_child to None, run_after=None
[2025-01-26T18:22:50.791+0000] {logging_mixin.py:190} INFO - [2025-01-26T18:22:50.790+0000] {dag.py:4180} INFO - Setting next_dagrun for example_external_task_marker_parent to None, run_after=None
[2025-01-26T18:22:50.813+0000] {processor.py:208} INFO - Processing /home/airflow/.local/lib/python3.12/site-packages/airflow/example_dags/example_external_task_marker_dag.py took 0.135 seconds
[2025-01-26T18:23:21.121+0000] {processor.py:186} INFO - Started process (PID=6971) to work on /home/airflow/.local/lib/python3.12/site-packages/airflow/example_dags/example_external_task_marker_dag.py
[2025-01-26T18:23:21.123+0000] {processor.py:914} INFO - Processing file /home/airflow/.local/lib/python3.12/site-packages/airflow/example_dags/example_external_task_marker_dag.py for tasks to queue
[2025-01-26T18:23:21.124+0000] {logging_mixin.py:190} INFO - [2025-01-26T18:23:21.124+0000] {dagbag.py:588} INFO - Filling up the DagBag from /home/airflow/.local/lib/python3.12/site-packages/airflow/example_dags/example_external_task_marker_dag.py
[2025-01-26T18:23:21.134+0000] {processor.py:925} INFO - DAG(s) 'example_external_task_marker_child', 'example_external_task_marker_parent' retrieved from /home/airflow/.local/lib/python3.12/site-packages/airflow/example_dags/example_external_task_marker_dag.py
[2025-01-26T18:23:21.190+0000] {logging_mixin.py:190} INFO - [2025-01-26T18:23:21.189+0000] {dag.py:3239} INFO - Sync 2 DAGs
[2025-01-26T18:23:21.224+0000] {logging_mixin.py:190} INFO - [2025-01-26T18:23:21.223+0000] {dag.py:4180} INFO - Setting next_dagrun for example_external_task_marker_child to None, run_after=None
[2025-01-26T18:23:21.243+0000] {logging_mixin.py:190} INFO - [2025-01-26T18:23:21.243+0000] {dag.py:4180} INFO - Setting next_dagrun for example_external_task_marker_parent to None, run_after=None
[2025-01-26T18:23:21.274+0000] {processor.py:208} INFO - Processing /home/airflow/.local/lib/python3.12/site-packages/airflow/example_dags/example_external_task_marker_dag.py took 0.161 seconds
[2025-01-26T18:23:51.698+0000] {processor.py:186} INFO - Started process (PID=7034) to work on /home/airflow/.local/lib/python3.12/site-packages/airflow/example_dags/example_external_task_marker_dag.py
[2025-01-26T18:23:51.699+0000] {processor.py:914} INFO - Processing file /home/airflow/.local/lib/python3.12/site-packages/airflow/example_dags/example_external_task_marker_dag.py for tasks to queue
[2025-01-26T18:23:51.701+0000] {logging_mixin.py:190} INFO - [2025-01-26T18:23:51.701+0000] {dagbag.py:588} INFO - Filling up the DagBag from /home/airflow/.local/lib/python3.12/site-packages/airflow/example_dags/example_external_task_marker_dag.py
[2025-01-26T18:23:51.714+0000] {processor.py:925} INFO - DAG(s) 'example_external_task_marker_child', 'example_external_task_marker_parent' retrieved from /home/airflow/.local/lib/python3.12/site-packages/airflow/example_dags/example_external_task_marker_dag.py
[2025-01-26T18:23:51.742+0000] {logging_mixin.py:190} INFO - [2025-01-26T18:23:51.742+0000] {dag.py:3239} INFO - Sync 2 DAGs
[2025-01-26T18:23:51.761+0000] {logging_mixin.py:190} INFO - [2025-01-26T18:23:51.760+0000] {dag.py:4180} INFO - Setting next_dagrun for example_external_task_marker_child to None, run_after=None
[2025-01-26T18:23:51.767+0000] {logging_mixin.py:190} INFO - [2025-01-26T18:23:51.766+0000] {dag.py:4180} INFO - Setting next_dagrun for example_external_task_marker_parent to None, run_after=None
[2025-01-26T18:23:51.795+0000] {processor.py:208} INFO - Processing /home/airflow/.local/lib/python3.12/site-packages/airflow/example_dags/example_external_task_marker_dag.py took 0.106 seconds
[2025-01-26T18:24:22.308+0000] {processor.py:186} INFO - Started process (PID=7099) to work on /home/airflow/.local/lib/python3.12/site-packages/airflow/example_dags/example_external_task_marker_dag.py
[2025-01-26T18:24:22.309+0000] {processor.py:914} INFO - Processing file /home/airflow/.local/lib/python3.12/site-packages/airflow/example_dags/example_external_task_marker_dag.py for tasks to queue
[2025-01-26T18:24:22.311+0000] {logging_mixin.py:190} INFO - [2025-01-26T18:24:22.310+0000] {dagbag.py:588} INFO - Filling up the DagBag from /home/airflow/.local/lib/python3.12/site-packages/airflow/example_dags/example_external_task_marker_dag.py
[2025-01-26T18:24:22.324+0000] {processor.py:925} INFO - DAG(s) 'example_external_task_marker_child', 'example_external_task_marker_parent' retrieved from /home/airflow/.local/lib/python3.12/site-packages/airflow/example_dags/example_external_task_marker_dag.py
[2025-01-26T18:24:22.358+0000] {logging_mixin.py:190} INFO - [2025-01-26T18:24:22.358+0000] {dag.py:3239} INFO - Sync 2 DAGs
[2025-01-26T18:24:22.382+0000] {logging_mixin.py:190} INFO - [2025-01-26T18:24:22.381+0000] {dag.py:4180} INFO - Setting next_dagrun for example_external_task_marker_child to None, run_after=None
[2025-01-26T18:24:22.387+0000] {logging_mixin.py:190} INFO - [2025-01-26T18:24:22.387+0000] {dag.py:4180} INFO - Setting next_dagrun for example_external_task_marker_parent to None, run_after=None
[2025-01-26T18:24:22.414+0000] {processor.py:208} INFO - Processing /home/airflow/.local/lib/python3.12/site-packages/airflow/example_dags/example_external_task_marker_dag.py took 0.114 seconds
[2025-01-26T18:24:52.598+0000] {processor.py:186} INFO - Started process (PID=7163) to work on /home/airflow/.local/lib/python3.12/site-packages/airflow/example_dags/example_external_task_marker_dag.py
[2025-01-26T18:24:52.599+0000] {processor.py:914} INFO - Processing file /home/airflow/.local/lib/python3.12/site-packages/airflow/example_dags/example_external_task_marker_dag.py for tasks to queue
[2025-01-26T18:24:52.600+0000] {logging_mixin.py:190} INFO - [2025-01-26T18:24:52.600+0000] {dagbag.py:588} INFO - Filling up the DagBag from /home/airflow/.local/lib/python3.12/site-packages/airflow/example_dags/example_external_task_marker_dag.py
[2025-01-26T18:24:52.611+0000] {processor.py:925} INFO - DAG(s) 'example_external_task_marker_child', 'example_external_task_marker_parent' retrieved from /home/airflow/.local/lib/python3.12/site-packages/airflow/example_dags/example_external_task_marker_dag.py
[2025-01-26T18:24:52.637+0000] {logging_mixin.py:190} INFO - [2025-01-26T18:24:52.637+0000] {dag.py:3239} INFO - Sync 2 DAGs
[2025-01-26T18:24:52.657+0000] {logging_mixin.py:190} INFO - [2025-01-26T18:24:52.657+0000] {dag.py:4180} INFO - Setting next_dagrun for example_external_task_marker_child to None, run_after=None
[2025-01-26T18:24:52.661+0000] {logging_mixin.py:190} INFO - [2025-01-26T18:24:52.661+0000] {dag.py:4180} INFO - Setting next_dagrun for example_external_task_marker_parent to None, run_after=None
[2025-01-26T18:24:52.680+0000] {processor.py:208} INFO - Processing /home/airflow/.local/lib/python3.12/site-packages/airflow/example_dags/example_external_task_marker_dag.py took 0.092 seconds
[2025-01-26T18:25:23.402+0000] {processor.py:186} INFO - Started process (PID=7227) to work on /home/airflow/.local/lib/python3.12/site-packages/airflow/example_dags/example_external_task_marker_dag.py
[2025-01-26T18:25:23.403+0000] {processor.py:914} INFO - Processing file /home/airflow/.local/lib/python3.12/site-packages/airflow/example_dags/example_external_task_marker_dag.py for tasks to queue
[2025-01-26T18:25:23.405+0000] {logging_mixin.py:190} INFO - [2025-01-26T18:25:23.405+0000] {dagbag.py:588} INFO - Filling up the DagBag from /home/airflow/.local/lib/python3.12/site-packages/airflow/example_dags/example_external_task_marker_dag.py
[2025-01-26T18:25:23.413+0000] {processor.py:925} INFO - DAG(s) 'example_external_task_marker_child', 'example_external_task_marker_parent' retrieved from /home/airflow/.local/lib/python3.12/site-packages/airflow/example_dags/example_external_task_marker_dag.py
[2025-01-26T18:25:23.439+0000] {logging_mixin.py:190} INFO - [2025-01-26T18:25:23.439+0000] {dag.py:3239} INFO - Sync 2 DAGs
[2025-01-26T18:25:23.456+0000] {logging_mixin.py:190} INFO - [2025-01-26T18:25:23.456+0000] {dag.py:4180} INFO - Setting next_dagrun for example_external_task_marker_child to None, run_after=None
[2025-01-26T18:25:23.460+0000] {logging_mixin.py:190} INFO - [2025-01-26T18:25:23.460+0000] {dag.py:4180} INFO - Setting next_dagrun for example_external_task_marker_parent to None, run_after=None
[2025-01-26T18:25:23.478+0000] {processor.py:208} INFO - Processing /home/airflow/.local/lib/python3.12/site-packages/airflow/example_dags/example_external_task_marker_dag.py took 0.083 seconds
[2025-01-26T18:25:53.737+0000] {processor.py:186} INFO - Started process (PID=7291) to work on /home/airflow/.local/lib/python3.12/site-packages/airflow/example_dags/example_external_task_marker_dag.py
[2025-01-26T18:25:53.738+0000] {processor.py:914} INFO - Processing file /home/airflow/.local/lib/python3.12/site-packages/airflow/example_dags/example_external_task_marker_dag.py for tasks to queue
[2025-01-26T18:25:53.739+0000] {logging_mixin.py:190} INFO - [2025-01-26T18:25:53.739+0000] {dagbag.py:588} INFO - Filling up the DagBag from /home/airflow/.local/lib/python3.12/site-packages/airflow/example_dags/example_external_task_marker_dag.py
[2025-01-26T18:25:53.747+0000] {processor.py:925} INFO - DAG(s) 'example_external_task_marker_parent', 'example_external_task_marker_child' retrieved from /home/airflow/.local/lib/python3.12/site-packages/airflow/example_dags/example_external_task_marker_dag.py
[2025-01-26T18:25:53.773+0000] {logging_mixin.py:190} INFO - [2025-01-26T18:25:53.773+0000] {dag.py:3239} INFO - Sync 2 DAGs
[2025-01-26T18:25:53.789+0000] {logging_mixin.py:190} INFO - [2025-01-26T18:25:53.789+0000] {dag.py:4180} INFO - Setting next_dagrun for example_external_task_marker_child to None, run_after=None
[2025-01-26T18:25:53.793+0000] {logging_mixin.py:190} INFO - [2025-01-26T18:25:53.793+0000] {dag.py:4180} INFO - Setting next_dagrun for example_external_task_marker_parent to None, run_after=None
[2025-01-26T18:25:53.812+0000] {processor.py:208} INFO - Processing /home/airflow/.local/lib/python3.12/site-packages/airflow/example_dags/example_external_task_marker_dag.py took 0.084 seconds
[2025-01-26T18:26:23.996+0000] {processor.py:186} INFO - Started process (PID=7355) to work on /home/airflow/.local/lib/python3.12/site-packages/airflow/example_dags/example_external_task_marker_dag.py
[2025-01-26T18:26:23.997+0000] {processor.py:914} INFO - Processing file /home/airflow/.local/lib/python3.12/site-packages/airflow/example_dags/example_external_task_marker_dag.py for tasks to queue
[2025-01-26T18:26:23.998+0000] {logging_mixin.py:190} INFO - [2025-01-26T18:26:23.998+0000] {dagbag.py:588} INFO - Filling up the DagBag from /home/airflow/.local/lib/python3.12/site-packages/airflow/example_dags/example_external_task_marker_dag.py
[2025-01-26T18:26:24.008+0000] {processor.py:925} INFO - DAG(s) 'example_external_task_marker_parent', 'example_external_task_marker_child' retrieved from /home/airflow/.local/lib/python3.12/site-packages/airflow/example_dags/example_external_task_marker_dag.py
[2025-01-26T18:26:24.032+0000] {logging_mixin.py:190} INFO - [2025-01-26T18:26:24.032+0000] {dag.py:3239} INFO - Sync 2 DAGs
[2025-01-26T18:26:24.054+0000] {logging_mixin.py:190} INFO - [2025-01-26T18:26:24.054+0000] {dag.py:4180} INFO - Setting next_dagrun for example_external_task_marker_child to None, run_after=None
[2025-01-26T18:26:24.058+0000] {logging_mixin.py:190} INFO - [2025-01-26T18:26:24.058+0000] {dag.py:4180} INFO - Setting next_dagrun for example_external_task_marker_parent to None, run_after=None
[2025-01-26T18:26:24.079+0000] {processor.py:208} INFO - Processing /home/airflow/.local/lib/python3.12/site-packages/airflow/example_dags/example_external_task_marker_dag.py took 0.090 seconds
[2025-01-26T18:26:54.733+0000] {processor.py:186} INFO - Started process (PID=7419) to work on /home/airflow/.local/lib/python3.12/site-packages/airflow/example_dags/example_external_task_marker_dag.py
[2025-01-26T18:26:54.734+0000] {processor.py:914} INFO - Processing file /home/airflow/.local/lib/python3.12/site-packages/airflow/example_dags/example_external_task_marker_dag.py for tasks to queue
[2025-01-26T18:26:54.735+0000] {logging_mixin.py:190} INFO - [2025-01-26T18:26:54.735+0000] {dagbag.py:588} INFO - Filling up the DagBag from /home/airflow/.local/lib/python3.12/site-packages/airflow/example_dags/example_external_task_marker_dag.py
[2025-01-26T18:26:54.746+0000] {processor.py:925} INFO - DAG(s) 'example_external_task_marker_parent', 'example_external_task_marker_child' retrieved from /home/airflow/.local/lib/python3.12/site-packages/airflow/example_dags/example_external_task_marker_dag.py
[2025-01-26T18:26:54.769+0000] {logging_mixin.py:190} INFO - [2025-01-26T18:26:54.769+0000] {dag.py:3239} INFO - Sync 2 DAGs
[2025-01-26T18:26:54.784+0000] {logging_mixin.py:190} INFO - [2025-01-26T18:26:54.784+0000] {dag.py:4180} INFO - Setting next_dagrun for example_external_task_marker_child to None, run_after=None
[2025-01-26T18:26:54.788+0000] {logging_mixin.py:190} INFO - [2025-01-26T18:26:54.788+0000] {dag.py:4180} INFO - Setting next_dagrun for example_external_task_marker_parent to None, run_after=None
[2025-01-26T18:26:54.805+0000] {processor.py:208} INFO - Processing /home/airflow/.local/lib/python3.12/site-packages/airflow/example_dags/example_external_task_marker_dag.py took 0.079 seconds
[2025-01-26T18:27:25.757+0000] {processor.py:186} INFO - Started process (PID=7483) to work on /home/airflow/.local/lib/python3.12/site-packages/airflow/example_dags/example_external_task_marker_dag.py
[2025-01-26T18:27:25.759+0000] {processor.py:914} INFO - Processing file /home/airflow/.local/lib/python3.12/site-packages/airflow/example_dags/example_external_task_marker_dag.py for tasks to queue
[2025-01-26T18:27:25.761+0000] {logging_mixin.py:190} INFO - [2025-01-26T18:27:25.760+0000] {dagbag.py:588} INFO - Filling up the DagBag from /home/airflow/.local/lib/python3.12/site-packages/airflow/example_dags/example_external_task_marker_dag.py
[2025-01-26T18:27:25.774+0000] {processor.py:925} INFO - DAG(s) 'example_external_task_marker_child', 'example_external_task_marker_parent' retrieved from /home/airflow/.local/lib/python3.12/site-packages/airflow/example_dags/example_external_task_marker_dag.py
[2025-01-26T18:27:25.814+0000] {logging_mixin.py:190} INFO - [2025-01-26T18:27:25.813+0000] {dag.py:3239} INFO - Sync 2 DAGs
[2025-01-26T18:27:25.860+0000] {logging_mixin.py:190} INFO - [2025-01-26T18:27:25.860+0000] {dag.py:4180} INFO - Setting next_dagrun for example_external_task_marker_child to None, run_after=None
[2025-01-26T18:27:25.875+0000] {logging_mixin.py:190} INFO - [2025-01-26T18:27:25.874+0000] {dag.py:4180} INFO - Setting next_dagrun for example_external_task_marker_parent to None, run_after=None
[2025-01-26T18:27:25.918+0000] {processor.py:208} INFO - Processing /home/airflow/.local/lib/python3.12/site-packages/airflow/example_dags/example_external_task_marker_dag.py took 0.170 seconds
[2025-01-26T18:27:56.136+0000] {processor.py:186} INFO - Started process (PID=7544) to work on /home/airflow/.local/lib/python3.12/site-packages/airflow/example_dags/example_external_task_marker_dag.py
[2025-01-26T18:27:56.137+0000] {processor.py:914} INFO - Processing file /home/airflow/.local/lib/python3.12/site-packages/airflow/example_dags/example_external_task_marker_dag.py for tasks to queue
[2025-01-26T18:27:56.139+0000] {logging_mixin.py:190} INFO - [2025-01-26T18:27:56.138+0000] {dagbag.py:588} INFO - Filling up the DagBag from /home/airflow/.local/lib/python3.12/site-packages/airflow/example_dags/example_external_task_marker_dag.py
[2025-01-26T18:27:56.148+0000] {processor.py:925} INFO - DAG(s) 'example_external_task_marker_parent', 'example_external_task_marker_child' retrieved from /home/airflow/.local/lib/python3.12/site-packages/airflow/example_dags/example_external_task_marker_dag.py
[2025-01-26T18:27:56.174+0000] {logging_mixin.py:190} INFO - [2025-01-26T18:27:56.174+0000] {dag.py:3239} INFO - Sync 2 DAGs
[2025-01-26T18:27:56.196+0000] {logging_mixin.py:190} INFO - [2025-01-26T18:27:56.196+0000] {dag.py:4180} INFO - Setting next_dagrun for example_external_task_marker_child to None, run_after=None
[2025-01-26T18:27:56.226+0000] {logging_mixin.py:190} INFO - [2025-01-26T18:27:56.226+0000] {dag.py:4180} INFO - Setting next_dagrun for example_external_task_marker_parent to None, run_after=None
[2025-01-26T18:27:56.256+0000] {processor.py:208} INFO - Processing /home/airflow/.local/lib/python3.12/site-packages/airflow/example_dags/example_external_task_marker_dag.py took 0.128 seconds
[2025-01-26T18:28:26.739+0000] {processor.py:186} INFO - Started process (PID=7603) to work on /home/airflow/.local/lib/python3.12/site-packages/airflow/example_dags/example_external_task_marker_dag.py
[2025-01-26T18:28:26.740+0000] {processor.py:914} INFO - Processing file /home/airflow/.local/lib/python3.12/site-packages/airflow/example_dags/example_external_task_marker_dag.py for tasks to queue
[2025-01-26T18:28:26.742+0000] {logging_mixin.py:190} INFO - [2025-01-26T18:28:26.741+0000] {dagbag.py:588} INFO - Filling up the DagBag from /home/airflow/.local/lib/python3.12/site-packages/airflow/example_dags/example_external_task_marker_dag.py
[2025-01-26T18:28:26.749+0000] {processor.py:925} INFO - DAG(s) 'example_external_task_marker_child', 'example_external_task_marker_parent' retrieved from /home/airflow/.local/lib/python3.12/site-packages/airflow/example_dags/example_external_task_marker_dag.py
[2025-01-26T18:28:26.771+0000] {logging_mixin.py:190} INFO - [2025-01-26T18:28:26.771+0000] {dag.py:3239} INFO - Sync 2 DAGs
[2025-01-26T18:28:26.786+0000] {logging_mixin.py:190} INFO - [2025-01-26T18:28:26.785+0000] {dag.py:4180} INFO - Setting next_dagrun for example_external_task_marker_child to None, run_after=None
[2025-01-26T18:28:26.789+0000] {logging_mixin.py:190} INFO - [2025-01-26T18:28:26.789+0000] {dag.py:4180} INFO - Setting next_dagrun for example_external_task_marker_parent to None, run_after=None
[2025-01-26T18:28:26.807+0000] {processor.py:208} INFO - Processing /home/airflow/.local/lib/python3.12/site-packages/airflow/example_dags/example_external_task_marker_dag.py took 0.073 seconds
[2025-01-26T18:28:58.303+0000] {processor.py:186} INFO - Started process (PID=7667) to work on /home/airflow/.local/lib/python3.12/site-packages/airflow/example_dags/example_external_task_marker_dag.py
[2025-01-26T18:28:58.304+0000] {processor.py:914} INFO - Processing file /home/airflow/.local/lib/python3.12/site-packages/airflow/example_dags/example_external_task_marker_dag.py for tasks to queue
[2025-01-26T18:28:58.305+0000] {logging_mixin.py:190} INFO - [2025-01-26T18:28:58.305+0000] {dagbag.py:588} INFO - Filling up the DagBag from /home/airflow/.local/lib/python3.12/site-packages/airflow/example_dags/example_external_task_marker_dag.py
[2025-01-26T18:28:58.313+0000] {processor.py:925} INFO - DAG(s) 'example_external_task_marker_child', 'example_external_task_marker_parent' retrieved from /home/airflow/.local/lib/python3.12/site-packages/airflow/example_dags/example_external_task_marker_dag.py
[2025-01-26T18:28:58.364+0000] {logging_mixin.py:190} INFO - [2025-01-26T18:28:58.364+0000] {dag.py:3239} INFO - Sync 2 DAGs
[2025-01-26T18:28:58.428+0000] {logging_mixin.py:190} INFO - [2025-01-26T18:28:58.427+0000] {dag.py:4180} INFO - Setting next_dagrun for example_external_task_marker_child to None, run_after=None
[2025-01-26T18:28:58.439+0000] {logging_mixin.py:190} INFO - [2025-01-26T18:28:58.439+0000] {dag.py:4180} INFO - Setting next_dagrun for example_external_task_marker_parent to None, run_after=None
[2025-01-26T18:28:58.493+0000] {processor.py:208} INFO - Processing /home/airflow/.local/lib/python3.12/site-packages/airflow/example_dags/example_external_task_marker_dag.py took 0.196 seconds
[2025-01-26T18:29:30.145+0000] {processor.py:186} INFO - Started process (PID=7730) to work on /home/airflow/.local/lib/python3.12/site-packages/airflow/example_dags/example_external_task_marker_dag.py
[2025-01-26T18:29:30.146+0000] {processor.py:914} INFO - Processing file /home/airflow/.local/lib/python3.12/site-packages/airflow/example_dags/example_external_task_marker_dag.py for tasks to queue
[2025-01-26T18:29:30.147+0000] {logging_mixin.py:190} INFO - [2025-01-26T18:29:30.147+0000] {dagbag.py:588} INFO - Filling up the DagBag from /home/airflow/.local/lib/python3.12/site-packages/airflow/example_dags/example_external_task_marker_dag.py
[2025-01-26T18:29:30.155+0000] {processor.py:925} INFO - DAG(s) 'example_external_task_marker_parent', 'example_external_task_marker_child' retrieved from /home/airflow/.local/lib/python3.12/site-packages/airflow/example_dags/example_external_task_marker_dag.py
[2025-01-26T18:29:30.182+0000] {logging_mixin.py:190} INFO - [2025-01-26T18:29:30.182+0000] {dag.py:3239} INFO - Sync 2 DAGs
[2025-01-26T18:29:30.198+0000] {logging_mixin.py:190} INFO - [2025-01-26T18:29:30.198+0000] {dag.py:4180} INFO - Setting next_dagrun for example_external_task_marker_child to None, run_after=None
[2025-01-26T18:29:30.203+0000] {logging_mixin.py:190} INFO - [2025-01-26T18:29:30.202+0000] {dag.py:4180} INFO - Setting next_dagrun for example_external_task_marker_parent to None, run_after=None
[2025-01-26T18:29:30.221+0000] {processor.py:208} INFO - Processing /home/airflow/.local/lib/python3.12/site-packages/airflow/example_dags/example_external_task_marker_dag.py took 0.082 seconds
[2025-01-26T18:30:01.556+0000] {processor.py:186} INFO - Started process (PID=7794) to work on /home/airflow/.local/lib/python3.12/site-packages/airflow/example_dags/example_external_task_marker_dag.py
[2025-01-26T18:30:01.560+0000] {processor.py:914} INFO - Processing file /home/airflow/.local/lib/python3.12/site-packages/airflow/example_dags/example_external_task_marker_dag.py for tasks to queue
[2025-01-26T18:30:01.562+0000] {logging_mixin.py:190} INFO - [2025-01-26T18:30:01.561+0000] {dagbag.py:588} INFO - Filling up the DagBag from /home/airflow/.local/lib/python3.12/site-packages/airflow/example_dags/example_external_task_marker_dag.py
[2025-01-26T18:30:01.572+0000] {processor.py:925} INFO - DAG(s) 'example_external_task_marker_parent', 'example_external_task_marker_child' retrieved from /home/airflow/.local/lib/python3.12/site-packages/airflow/example_dags/example_external_task_marker_dag.py
[2025-01-26T18:30:01.609+0000] {logging_mixin.py:190} INFO - [2025-01-26T18:30:01.608+0000] {dag.py:3239} INFO - Sync 2 DAGs
[2025-01-26T18:30:01.629+0000] {logging_mixin.py:190} INFO - [2025-01-26T18:30:01.629+0000] {dag.py:4180} INFO - Setting next_dagrun for example_external_task_marker_child to None, run_after=None
[2025-01-26T18:30:01.634+0000] {logging_mixin.py:190} INFO - [2025-01-26T18:30:01.634+0000] {dag.py:4180} INFO - Setting next_dagrun for example_external_task_marker_parent to None, run_after=None
[2025-01-26T18:30:01.656+0000] {processor.py:208} INFO - Processing /home/airflow/.local/lib/python3.12/site-packages/airflow/example_dags/example_external_task_marker_dag.py took 0.107 seconds
[2025-01-26T18:30:32.264+0000] {processor.py:186} INFO - Started process (PID=7854) to work on /home/airflow/.local/lib/python3.12/site-packages/airflow/example_dags/example_external_task_marker_dag.py
[2025-01-26T18:30:32.265+0000] {processor.py:914} INFO - Processing file /home/airflow/.local/lib/python3.12/site-packages/airflow/example_dags/example_external_task_marker_dag.py for tasks to queue
[2025-01-26T18:30:32.267+0000] {logging_mixin.py:190} INFO - [2025-01-26T18:30:32.267+0000] {dagbag.py:588} INFO - Filling up the DagBag from /home/airflow/.local/lib/python3.12/site-packages/airflow/example_dags/example_external_task_marker_dag.py
[2025-01-26T18:30:32.286+0000] {processor.py:925} INFO - DAG(s) 'example_external_task_marker_child', 'example_external_task_marker_parent' retrieved from /home/airflow/.local/lib/python3.12/site-packages/airflow/example_dags/example_external_task_marker_dag.py
[2025-01-26T18:30:32.342+0000] {logging_mixin.py:190} INFO - [2025-01-26T18:30:32.342+0000] {dag.py:3239} INFO - Sync 2 DAGs
[2025-01-26T18:30:32.385+0000] {logging_mixin.py:190} INFO - [2025-01-26T18:30:32.385+0000] {dag.py:4180} INFO - Setting next_dagrun for example_external_task_marker_child to None, run_after=None
[2025-01-26T18:30:32.392+0000] {logging_mixin.py:190} INFO - [2025-01-26T18:30:32.392+0000] {dag.py:4180} INFO - Setting next_dagrun for example_external_task_marker_parent to None, run_after=None
[2025-01-26T18:30:32.446+0000] {processor.py:208} INFO - Processing /home/airflow/.local/lib/python3.12/site-packages/airflow/example_dags/example_external_task_marker_dag.py took 0.190 seconds
[2025-01-26T18:31:03.180+0000] {processor.py:186} INFO - Started process (PID=7919) to work on /home/airflow/.local/lib/python3.12/site-packages/airflow/example_dags/example_external_task_marker_dag.py
[2025-01-26T18:31:03.182+0000] {processor.py:914} INFO - Processing file /home/airflow/.local/lib/python3.12/site-packages/airflow/example_dags/example_external_task_marker_dag.py for tasks to queue
[2025-01-26T18:31:03.183+0000] {logging_mixin.py:190} INFO - [2025-01-26T18:31:03.183+0000] {dagbag.py:588} INFO - Filling up the DagBag from /home/airflow/.local/lib/python3.12/site-packages/airflow/example_dags/example_external_task_marker_dag.py
[2025-01-26T18:31:03.195+0000] {processor.py:925} INFO - DAG(s) 'example_external_task_marker_child', 'example_external_task_marker_parent' retrieved from /home/airflow/.local/lib/python3.12/site-packages/airflow/example_dags/example_external_task_marker_dag.py
[2025-01-26T18:31:03.221+0000] {logging_mixin.py:190} INFO - [2025-01-26T18:31:03.221+0000] {dag.py:3239} INFO - Sync 2 DAGs
[2025-01-26T18:31:03.256+0000] {logging_mixin.py:190} INFO - [2025-01-26T18:31:03.256+0000] {dag.py:4180} INFO - Setting next_dagrun for example_external_task_marker_child to None, run_after=None
[2025-01-26T18:31:03.262+0000] {logging_mixin.py:190} INFO - [2025-01-26T18:31:03.261+0000] {dag.py:4180} INFO - Setting next_dagrun for example_external_task_marker_parent to None, run_after=None
[2025-01-26T18:31:03.280+0000] {processor.py:208} INFO - Processing /home/airflow/.local/lib/python3.12/site-packages/airflow/example_dags/example_external_task_marker_dag.py took 0.109 seconds
[2025-01-26T18:31:33.863+0000] {processor.py:186} INFO - Started process (PID=7981) to work on /home/airflow/.local/lib/python3.12/site-packages/airflow/example_dags/example_external_task_marker_dag.py
[2025-01-26T18:31:33.864+0000] {processor.py:914} INFO - Processing file /home/airflow/.local/lib/python3.12/site-packages/airflow/example_dags/example_external_task_marker_dag.py for tasks to queue
[2025-01-26T18:31:33.865+0000] {logging_mixin.py:190} INFO - [2025-01-26T18:31:33.865+0000] {dagbag.py:588} INFO - Filling up the DagBag from /home/airflow/.local/lib/python3.12/site-packages/airflow/example_dags/example_external_task_marker_dag.py
[2025-01-26T18:31:33.874+0000] {processor.py:925} INFO - DAG(s) 'example_external_task_marker_child', 'example_external_task_marker_parent' retrieved from /home/airflow/.local/lib/python3.12/site-packages/airflow/example_dags/example_external_task_marker_dag.py
[2025-01-26T18:31:33.900+0000] {logging_mixin.py:190} INFO - [2025-01-26T18:31:33.900+0000] {dag.py:3239} INFO - Sync 2 DAGs
[2025-01-26T18:31:33.917+0000] {logging_mixin.py:190} INFO - [2025-01-26T18:31:33.917+0000] {dag.py:4180} INFO - Setting next_dagrun for example_external_task_marker_child to None, run_after=None
[2025-01-26T18:31:33.924+0000] {logging_mixin.py:190} INFO - [2025-01-26T18:31:33.923+0000] {dag.py:4180} INFO - Setting next_dagrun for example_external_task_marker_parent to None, run_after=None
[2025-01-26T18:31:33.943+0000] {processor.py:208} INFO - Processing /home/airflow/.local/lib/python3.12/site-packages/airflow/example_dags/example_external_task_marker_dag.py took 0.086 seconds
[2025-01-26T18:32:04.515+0000] {processor.py:186} INFO - Started process (PID=8044) to work on /home/airflow/.local/lib/python3.12/site-packages/airflow/example_dags/example_external_task_marker_dag.py
[2025-01-26T18:32:04.516+0000] {processor.py:914} INFO - Processing file /home/airflow/.local/lib/python3.12/site-packages/airflow/example_dags/example_external_task_marker_dag.py for tasks to queue
[2025-01-26T18:32:04.518+0000] {logging_mixin.py:190} INFO - [2025-01-26T18:32:04.517+0000] {dagbag.py:588} INFO - Filling up the DagBag from /home/airflow/.local/lib/python3.12/site-packages/airflow/example_dags/example_external_task_marker_dag.py
[2025-01-26T18:32:04.528+0000] {processor.py:925} INFO - DAG(s) 'example_external_task_marker_child', 'example_external_task_marker_parent' retrieved from /home/airflow/.local/lib/python3.12/site-packages/airflow/example_dags/example_external_task_marker_dag.py
[2025-01-26T18:32:04.560+0000] {logging_mixin.py:190} INFO - [2025-01-26T18:32:04.560+0000] {dag.py:3239} INFO - Sync 2 DAGs
[2025-01-26T18:32:04.586+0000] {logging_mixin.py:190} INFO - [2025-01-26T18:32:04.586+0000] {dag.py:4180} INFO - Setting next_dagrun for example_external_task_marker_child to None, run_after=None
[2025-01-26T18:32:04.592+0000] {logging_mixin.py:190} INFO - [2025-01-26T18:32:04.592+0000] {dag.py:4180} INFO - Setting next_dagrun for example_external_task_marker_parent to None, run_after=None
[2025-01-26T18:32:04.618+0000] {processor.py:208} INFO - Processing /home/airflow/.local/lib/python3.12/site-packages/airflow/example_dags/example_external_task_marker_dag.py took 0.114 seconds
[2025-01-26T18:32:35.038+0000] {processor.py:186} INFO - Started process (PID=8108) to work on /home/airflow/.local/lib/python3.12/site-packages/airflow/example_dags/example_external_task_marker_dag.py
[2025-01-26T18:32:35.039+0000] {processor.py:914} INFO - Processing file /home/airflow/.local/lib/python3.12/site-packages/airflow/example_dags/example_external_task_marker_dag.py for tasks to queue
[2025-01-26T18:32:35.041+0000] {logging_mixin.py:190} INFO - [2025-01-26T18:32:35.041+0000] {dagbag.py:588} INFO - Filling up the DagBag from /home/airflow/.local/lib/python3.12/site-packages/airflow/example_dags/example_external_task_marker_dag.py
[2025-01-26T18:32:35.051+0000] {processor.py:925} INFO - DAG(s) 'example_external_task_marker_child', 'example_external_task_marker_parent' retrieved from /home/airflow/.local/lib/python3.12/site-packages/airflow/example_dags/example_external_task_marker_dag.py
[2025-01-26T18:32:35.086+0000] {logging_mixin.py:190} INFO - [2025-01-26T18:32:35.085+0000] {dag.py:3239} INFO - Sync 2 DAGs
[2025-01-26T18:32:35.107+0000] {logging_mixin.py:190} INFO - [2025-01-26T18:32:35.106+0000] {dag.py:4180} INFO - Setting next_dagrun for example_external_task_marker_child to None, run_after=None
[2025-01-26T18:32:35.112+0000] {logging_mixin.py:190} INFO - [2025-01-26T18:32:35.112+0000] {dag.py:4180} INFO - Setting next_dagrun for example_external_task_marker_parent to None, run_after=None
[2025-01-26T18:32:35.137+0000] {processor.py:208} INFO - Processing /home/airflow/.local/lib/python3.12/site-packages/airflow/example_dags/example_external_task_marker_dag.py took 0.110 seconds
[2025-01-26T18:33:05.312+0000] {processor.py:186} INFO - Started process (PID=8173) to work on /home/airflow/.local/lib/python3.12/site-packages/airflow/example_dags/example_external_task_marker_dag.py
[2025-01-26T18:33:05.314+0000] {processor.py:914} INFO - Processing file /home/airflow/.local/lib/python3.12/site-packages/airflow/example_dags/example_external_task_marker_dag.py for tasks to queue
[2025-01-26T18:33:05.315+0000] {logging_mixin.py:190} INFO - [2025-01-26T18:33:05.315+0000] {dagbag.py:588} INFO - Filling up the DagBag from /home/airflow/.local/lib/python3.12/site-packages/airflow/example_dags/example_external_task_marker_dag.py
[2025-01-26T18:33:05.324+0000] {processor.py:925} INFO - DAG(s) 'example_external_task_marker_parent', 'example_external_task_marker_child' retrieved from /home/airflow/.local/lib/python3.12/site-packages/airflow/example_dags/example_external_task_marker_dag.py
[2025-01-26T18:33:05.349+0000] {logging_mixin.py:190} INFO - [2025-01-26T18:33:05.348+0000] {dag.py:3239} INFO - Sync 2 DAGs
[2025-01-26T18:33:05.368+0000] {logging_mixin.py:190} INFO - [2025-01-26T18:33:05.368+0000] {dag.py:4180} INFO - Setting next_dagrun for example_external_task_marker_child to None, run_after=None
[2025-01-26T18:33:05.376+0000] {logging_mixin.py:190} INFO - [2025-01-26T18:33:05.375+0000] {dag.py:4180} INFO - Setting next_dagrun for example_external_task_marker_parent to None, run_after=None
[2025-01-26T18:33:05.398+0000] {processor.py:208} INFO - Processing /home/airflow/.local/lib/python3.12/site-packages/airflow/example_dags/example_external_task_marker_dag.py took 0.094 seconds
[2025-01-26T18:33:35.509+0000] {processor.py:186} INFO - Started process (PID=8237) to work on /home/airflow/.local/lib/python3.12/site-packages/airflow/example_dags/example_external_task_marker_dag.py
[2025-01-26T18:33:35.511+0000] {processor.py:914} INFO - Processing file /home/airflow/.local/lib/python3.12/site-packages/airflow/example_dags/example_external_task_marker_dag.py for tasks to queue
[2025-01-26T18:33:35.513+0000] {logging_mixin.py:190} INFO - [2025-01-26T18:33:35.513+0000] {dagbag.py:588} INFO - Filling up the DagBag from /home/airflow/.local/lib/python3.12/site-packages/airflow/example_dags/example_external_task_marker_dag.py
[2025-01-26T18:33:35.530+0000] {processor.py:925} INFO - DAG(s) 'example_external_task_marker_child', 'example_external_task_marker_parent' retrieved from /home/airflow/.local/lib/python3.12/site-packages/airflow/example_dags/example_external_task_marker_dag.py
[2025-01-26T18:33:35.569+0000] {logging_mixin.py:190} INFO - [2025-01-26T18:33:35.569+0000] {dag.py:3239} INFO - Sync 2 DAGs
[2025-01-26T18:33:35.629+0000] {logging_mixin.py:190} INFO - [2025-01-26T18:33:35.629+0000] {dag.py:4180} INFO - Setting next_dagrun for example_external_task_marker_child to None, run_after=None
[2025-01-26T18:33:35.638+0000] {logging_mixin.py:190} INFO - [2025-01-26T18:33:35.637+0000] {dag.py:4180} INFO - Setting next_dagrun for example_external_task_marker_parent to None, run_after=None
[2025-01-26T18:33:35.672+0000] {processor.py:208} INFO - Processing /home/airflow/.local/lib/python3.12/site-packages/airflow/example_dags/example_external_task_marker_dag.py took 0.181 seconds
[2025-01-26T18:34:05.933+0000] {processor.py:186} INFO - Started process (PID=8301) to work on /home/airflow/.local/lib/python3.12/site-packages/airflow/example_dags/example_external_task_marker_dag.py
[2025-01-26T18:34:05.934+0000] {processor.py:914} INFO - Processing file /home/airflow/.local/lib/python3.12/site-packages/airflow/example_dags/example_external_task_marker_dag.py for tasks to queue
[2025-01-26T18:34:05.936+0000] {logging_mixin.py:190} INFO - [2025-01-26T18:34:05.935+0000] {dagbag.py:588} INFO - Filling up the DagBag from /home/airflow/.local/lib/python3.12/site-packages/airflow/example_dags/example_external_task_marker_dag.py
[2025-01-26T18:34:05.944+0000] {processor.py:925} INFO - DAG(s) 'example_external_task_marker_child', 'example_external_task_marker_parent' retrieved from /home/airflow/.local/lib/python3.12/site-packages/airflow/example_dags/example_external_task_marker_dag.py
[2025-01-26T18:34:05.978+0000] {logging_mixin.py:190} INFO - [2025-01-26T18:34:05.977+0000] {dag.py:3239} INFO - Sync 2 DAGs
[2025-01-26T18:34:06.044+0000] {logging_mixin.py:190} INFO - [2025-01-26T18:34:06.043+0000] {dag.py:4180} INFO - Setting next_dagrun for example_external_task_marker_child to None, run_after=None
[2025-01-26T18:34:06.059+0000] {logging_mixin.py:190} INFO - [2025-01-26T18:34:06.059+0000] {dag.py:4180} INFO - Setting next_dagrun for example_external_task_marker_parent to None, run_after=None
[2025-01-26T18:34:06.118+0000] {processor.py:208} INFO - Processing /home/airflow/.local/lib/python3.12/site-packages/airflow/example_dags/example_external_task_marker_dag.py took 0.192 seconds
[2025-01-26T18:34:36.178+0000] {processor.py:186} INFO - Started process (PID=8365) to work on /home/airflow/.local/lib/python3.12/site-packages/airflow/example_dags/example_external_task_marker_dag.py
[2025-01-26T18:34:36.179+0000] {processor.py:914} INFO - Processing file /home/airflow/.local/lib/python3.12/site-packages/airflow/example_dags/example_external_task_marker_dag.py for tasks to queue
[2025-01-26T18:34:36.181+0000] {logging_mixin.py:190} INFO - [2025-01-26T18:34:36.180+0000] {dagbag.py:588} INFO - Filling up the DagBag from /home/airflow/.local/lib/python3.12/site-packages/airflow/example_dags/example_external_task_marker_dag.py
[2025-01-26T18:34:36.191+0000] {processor.py:925} INFO - DAG(s) 'example_external_task_marker_child', 'example_external_task_marker_parent' retrieved from /home/airflow/.local/lib/python3.12/site-packages/airflow/example_dags/example_external_task_marker_dag.py
[2025-01-26T18:34:36.214+0000] {logging_mixin.py:190} INFO - [2025-01-26T18:34:36.214+0000] {dag.py:3239} INFO - Sync 2 DAGs
[2025-01-26T18:34:36.230+0000] {logging_mixin.py:190} INFO - [2025-01-26T18:34:36.230+0000] {dag.py:4180} INFO - Setting next_dagrun for example_external_task_marker_child to None, run_after=None
[2025-01-26T18:34:36.234+0000] {logging_mixin.py:190} INFO - [2025-01-26T18:34:36.234+0000] {dag.py:4180} INFO - Setting next_dagrun for example_external_task_marker_parent to None, run_after=None
[2025-01-26T18:34:36.256+0000] {processor.py:208} INFO - Processing /home/airflow/.local/lib/python3.12/site-packages/airflow/example_dags/example_external_task_marker_dag.py took 0.086 seconds
[2025-01-26T18:35:06.581+0000] {processor.py:186} INFO - Started process (PID=8428) to work on /home/airflow/.local/lib/python3.12/site-packages/airflow/example_dags/example_external_task_marker_dag.py
[2025-01-26T18:35:06.583+0000] {processor.py:914} INFO - Processing file /home/airflow/.local/lib/python3.12/site-packages/airflow/example_dags/example_external_task_marker_dag.py for tasks to queue
[2025-01-26T18:35:06.588+0000] {logging_mixin.py:190} INFO - [2025-01-26T18:35:06.587+0000] {dagbag.py:588} INFO - Filling up the DagBag from /home/airflow/.local/lib/python3.12/site-packages/airflow/example_dags/example_external_task_marker_dag.py
[2025-01-26T18:35:06.598+0000] {processor.py:925} INFO - DAG(s) 'example_external_task_marker_parent', 'example_external_task_marker_child' retrieved from /home/airflow/.local/lib/python3.12/site-packages/airflow/example_dags/example_external_task_marker_dag.py
[2025-01-26T18:35:06.636+0000] {logging_mixin.py:190} INFO - [2025-01-26T18:35:06.636+0000] {dag.py:3239} INFO - Sync 2 DAGs
[2025-01-26T18:35:06.659+0000] {logging_mixin.py:190} INFO - [2025-01-26T18:35:06.658+0000] {dag.py:4180} INFO - Setting next_dagrun for example_external_task_marker_child to None, run_after=None
[2025-01-26T18:35:06.663+0000] {logging_mixin.py:190} INFO - [2025-01-26T18:35:06.663+0000] {dag.py:4180} INFO - Setting next_dagrun for example_external_task_marker_parent to None, run_after=None
[2025-01-26T18:35:06.688+0000] {processor.py:208} INFO - Processing /home/airflow/.local/lib/python3.12/site-packages/airflow/example_dags/example_external_task_marker_dag.py took 0.113 seconds
[2025-01-26T18:35:36.809+0000] {processor.py:186} INFO - Started process (PID=8492) to work on /home/airflow/.local/lib/python3.12/site-packages/airflow/example_dags/example_external_task_marker_dag.py
[2025-01-26T18:35:36.811+0000] {processor.py:914} INFO - Processing file /home/airflow/.local/lib/python3.12/site-packages/airflow/example_dags/example_external_task_marker_dag.py for tasks to queue
[2025-01-26T18:35:36.813+0000] {logging_mixin.py:190} INFO - [2025-01-26T18:35:36.812+0000] {dagbag.py:588} INFO - Filling up the DagBag from /home/airflow/.local/lib/python3.12/site-packages/airflow/example_dags/example_external_task_marker_dag.py
[2025-01-26T18:35:36.823+0000] {processor.py:925} INFO - DAG(s) 'example_external_task_marker_child', 'example_external_task_marker_parent' retrieved from /home/airflow/.local/lib/python3.12/site-packages/airflow/example_dags/example_external_task_marker_dag.py
[2025-01-26T18:35:36.845+0000] {logging_mixin.py:190} INFO - [2025-01-26T18:35:36.845+0000] {dag.py:3239} INFO - Sync 2 DAGs
[2025-01-26T18:35:36.862+0000] {logging_mixin.py:190} INFO - [2025-01-26T18:35:36.862+0000] {dag.py:4180} INFO - Setting next_dagrun for example_external_task_marker_child to None, run_after=None
[2025-01-26T18:35:36.868+0000] {logging_mixin.py:190} INFO - [2025-01-26T18:35:36.867+0000] {dag.py:4180} INFO - Setting next_dagrun for example_external_task_marker_parent to None, run_after=None
[2025-01-26T18:35:36.888+0000] {processor.py:208} INFO - Processing /home/airflow/.local/lib/python3.12/site-packages/airflow/example_dags/example_external_task_marker_dag.py took 0.089 seconds
[2025-01-26T18:36:07.354+0000] {processor.py:186} INFO - Started process (PID=8556) to work on /home/airflow/.local/lib/python3.12/site-packages/airflow/example_dags/example_external_task_marker_dag.py
[2025-01-26T18:36:07.355+0000] {processor.py:914} INFO - Processing file /home/airflow/.local/lib/python3.12/site-packages/airflow/example_dags/example_external_task_marker_dag.py for tasks to queue
[2025-01-26T18:36:07.357+0000] {logging_mixin.py:190} INFO - [2025-01-26T18:36:07.357+0000] {dagbag.py:588} INFO - Filling up the DagBag from /home/airflow/.local/lib/python3.12/site-packages/airflow/example_dags/example_external_task_marker_dag.py
[2025-01-26T18:36:07.365+0000] {processor.py:925} INFO - DAG(s) 'example_external_task_marker_child', 'example_external_task_marker_parent' retrieved from /home/airflow/.local/lib/python3.12/site-packages/airflow/example_dags/example_external_task_marker_dag.py
[2025-01-26T18:36:07.392+0000] {logging_mixin.py:190} INFO - [2025-01-26T18:36:07.392+0000] {dag.py:3239} INFO - Sync 2 DAGs
[2025-01-26T18:36:07.412+0000] {logging_mixin.py:190} INFO - [2025-01-26T18:36:07.411+0000] {dag.py:4180} INFO - Setting next_dagrun for example_external_task_marker_child to None, run_after=None
[2025-01-26T18:36:07.416+0000] {logging_mixin.py:190} INFO - [2025-01-26T18:36:07.416+0000] {dag.py:4180} INFO - Setting next_dagrun for example_external_task_marker_parent to None, run_after=None
[2025-01-26T18:36:07.436+0000] {processor.py:208} INFO - Processing /home/airflow/.local/lib/python3.12/site-packages/airflow/example_dags/example_external_task_marker_dag.py took 0.090 seconds
[2025-01-26T18:36:37.771+0000] {processor.py:186} INFO - Started process (PID=8621) to work on /home/airflow/.local/lib/python3.12/site-packages/airflow/example_dags/example_external_task_marker_dag.py
[2025-01-26T18:36:37.772+0000] {processor.py:914} INFO - Processing file /home/airflow/.local/lib/python3.12/site-packages/airflow/example_dags/example_external_task_marker_dag.py for tasks to queue
[2025-01-26T18:36:37.774+0000] {logging_mixin.py:190} INFO - [2025-01-26T18:36:37.774+0000] {dagbag.py:588} INFO - Filling up the DagBag from /home/airflow/.local/lib/python3.12/site-packages/airflow/example_dags/example_external_task_marker_dag.py
[2025-01-26T18:36:37.785+0000] {processor.py:925} INFO - DAG(s) 'example_external_task_marker_child', 'example_external_task_marker_parent' retrieved from /home/airflow/.local/lib/python3.12/site-packages/airflow/example_dags/example_external_task_marker_dag.py
[2025-01-26T18:36:37.814+0000] {logging_mixin.py:190} INFO - [2025-01-26T18:36:37.814+0000] {dag.py:3239} INFO - Sync 2 DAGs
[2025-01-26T18:36:37.841+0000] {logging_mixin.py:190} INFO - [2025-01-26T18:36:37.841+0000] {dag.py:4180} INFO - Setting next_dagrun for example_external_task_marker_child to None, run_after=None
[2025-01-26T18:36:37.845+0000] {logging_mixin.py:190} INFO - [2025-01-26T18:36:37.845+0000] {dag.py:4180} INFO - Setting next_dagrun for example_external_task_marker_parent to None, run_after=None
[2025-01-26T18:36:37.868+0000] {processor.py:208} INFO - Processing /home/airflow/.local/lib/python3.12/site-packages/airflow/example_dags/example_external_task_marker_dag.py took 0.108 seconds
[2025-01-26T18:37:08.114+0000] {processor.py:186} INFO - Started process (PID=8685) to work on /home/airflow/.local/lib/python3.12/site-packages/airflow/example_dags/example_external_task_marker_dag.py
[2025-01-26T18:37:08.115+0000] {processor.py:914} INFO - Processing file /home/airflow/.local/lib/python3.12/site-packages/airflow/example_dags/example_external_task_marker_dag.py for tasks to queue
[2025-01-26T18:37:08.118+0000] {logging_mixin.py:190} INFO - [2025-01-26T18:37:08.117+0000] {dagbag.py:588} INFO - Filling up the DagBag from /home/airflow/.local/lib/python3.12/site-packages/airflow/example_dags/example_external_task_marker_dag.py
[2025-01-26T18:37:08.129+0000] {processor.py:925} INFO - DAG(s) 'example_external_task_marker_parent', 'example_external_task_marker_child' retrieved from /home/airflow/.local/lib/python3.12/site-packages/airflow/example_dags/example_external_task_marker_dag.py
[2025-01-26T18:37:08.176+0000] {logging_mixin.py:190} INFO - [2025-01-26T18:37:08.176+0000] {dag.py:3239} INFO - Sync 2 DAGs
[2025-01-26T18:37:08.211+0000] {logging_mixin.py:190} INFO - [2025-01-26T18:37:08.210+0000] {dag.py:4180} INFO - Setting next_dagrun for example_external_task_marker_child to None, run_after=None
[2025-01-26T18:37:08.216+0000] {logging_mixin.py:190} INFO - [2025-01-26T18:37:08.215+0000] {dag.py:4180} INFO - Setting next_dagrun for example_external_task_marker_parent to None, run_after=None
[2025-01-26T18:37:08.240+0000] {processor.py:208} INFO - Processing /home/airflow/.local/lib/python3.12/site-packages/airflow/example_dags/example_external_task_marker_dag.py took 0.134 seconds
[2025-01-26T18:37:38.529+0000] {processor.py:186} INFO - Started process (PID=8749) to work on /home/airflow/.local/lib/python3.12/site-packages/airflow/example_dags/example_external_task_marker_dag.py
[2025-01-26T18:37:38.530+0000] {processor.py:914} INFO - Processing file /home/airflow/.local/lib/python3.12/site-packages/airflow/example_dags/example_external_task_marker_dag.py for tasks to queue
[2025-01-26T18:37:38.532+0000] {logging_mixin.py:190} INFO - [2025-01-26T18:37:38.531+0000] {dagbag.py:588} INFO - Filling up the DagBag from /home/airflow/.local/lib/python3.12/site-packages/airflow/example_dags/example_external_task_marker_dag.py
[2025-01-26T18:37:38.544+0000] {processor.py:925} INFO - DAG(s) 'example_external_task_marker_parent', 'example_external_task_marker_child' retrieved from /home/airflow/.local/lib/python3.12/site-packages/airflow/example_dags/example_external_task_marker_dag.py
[2025-01-26T18:37:38.596+0000] {logging_mixin.py:190} INFO - [2025-01-26T18:37:38.596+0000] {dag.py:3239} INFO - Sync 2 DAGs
[2025-01-26T18:37:38.629+0000] {logging_mixin.py:190} INFO - [2025-01-26T18:37:38.629+0000] {dag.py:4180} INFO - Setting next_dagrun for example_external_task_marker_child to None, run_after=None
[2025-01-26T18:37:38.635+0000] {logging_mixin.py:190} INFO - [2025-01-26T18:37:38.635+0000] {dag.py:4180} INFO - Setting next_dagrun for example_external_task_marker_parent to None, run_after=None
[2025-01-26T18:37:38.659+0000] {processor.py:208} INFO - Processing /home/airflow/.local/lib/python3.12/site-packages/airflow/example_dags/example_external_task_marker_dag.py took 0.138 seconds
[2025-01-26T18:38:08.931+0000] {processor.py:186} INFO - Started process (PID=8813) to work on /home/airflow/.local/lib/python3.12/site-packages/airflow/example_dags/example_external_task_marker_dag.py
[2025-01-26T18:38:08.932+0000] {processor.py:914} INFO - Processing file /home/airflow/.local/lib/python3.12/site-packages/airflow/example_dags/example_external_task_marker_dag.py for tasks to queue
[2025-01-26T18:38:08.934+0000] {logging_mixin.py:190} INFO - [2025-01-26T18:38:08.933+0000] {dagbag.py:588} INFO - Filling up the DagBag from /home/airflow/.local/lib/python3.12/site-packages/airflow/example_dags/example_external_task_marker_dag.py
[2025-01-26T18:38:08.944+0000] {processor.py:925} INFO - DAG(s) 'example_external_task_marker_child', 'example_external_task_marker_parent' retrieved from /home/airflow/.local/lib/python3.12/site-packages/airflow/example_dags/example_external_task_marker_dag.py
[2025-01-26T18:38:08.971+0000] {logging_mixin.py:190} INFO - [2025-01-26T18:38:08.971+0000] {dag.py:3239} INFO - Sync 2 DAGs
[2025-01-26T18:38:09.136+0000] {logging_mixin.py:190} INFO - [2025-01-26T18:38:09.136+0000] {dag.py:4180} INFO - Setting next_dagrun for example_external_task_marker_child to None, run_after=None
[2025-01-26T18:38:09.140+0000] {logging_mixin.py:190} INFO - [2025-01-26T18:38:09.140+0000] {dag.py:4180} INFO - Setting next_dagrun for example_external_task_marker_parent to None, run_after=None
[2025-01-26T18:38:09.157+0000] {processor.py:208} INFO - Processing /home/airflow/.local/lib/python3.12/site-packages/airflow/example_dags/example_external_task_marker_dag.py took 0.233 seconds
[2025-01-26T18:38:39.643+0000] {processor.py:186} INFO - Started process (PID=8878) to work on /home/airflow/.local/lib/python3.12/site-packages/airflow/example_dags/example_external_task_marker_dag.py
[2025-01-26T18:38:39.644+0000] {processor.py:914} INFO - Processing file /home/airflow/.local/lib/python3.12/site-packages/airflow/example_dags/example_external_task_marker_dag.py for tasks to queue
[2025-01-26T18:38:39.646+0000] {logging_mixin.py:190} INFO - [2025-01-26T18:38:39.645+0000] {dagbag.py:588} INFO - Filling up the DagBag from /home/airflow/.local/lib/python3.12/site-packages/airflow/example_dags/example_external_task_marker_dag.py
[2025-01-26T18:38:39.658+0000] {processor.py:925} INFO - DAG(s) 'example_external_task_marker_child', 'example_external_task_marker_parent' retrieved from /home/airflow/.local/lib/python3.12/site-packages/airflow/example_dags/example_external_task_marker_dag.py
[2025-01-26T18:38:39.690+0000] {logging_mixin.py:190} INFO - [2025-01-26T18:38:39.690+0000] {dag.py:3239} INFO - Sync 2 DAGs
[2025-01-26T18:38:39.945+0000] {logging_mixin.py:190} INFO - [2025-01-26T18:38:39.944+0000] {dag.py:4180} INFO - Setting next_dagrun for example_external_task_marker_child to None, run_after=None
[2025-01-26T18:38:39.950+0000] {logging_mixin.py:190} INFO - [2025-01-26T18:38:39.950+0000] {dag.py:4180} INFO - Setting next_dagrun for example_external_task_marker_parent to None, run_after=None
[2025-01-26T18:38:39.972+0000] {processor.py:208} INFO - Processing /home/airflow/.local/lib/python3.12/site-packages/airflow/example_dags/example_external_task_marker_dag.py took 0.337 seconds
[2025-01-26T18:39:10.154+0000] {processor.py:186} INFO - Started process (PID=8943) to work on /home/airflow/.local/lib/python3.12/site-packages/airflow/example_dags/example_external_task_marker_dag.py
[2025-01-26T18:39:10.155+0000] {processor.py:914} INFO - Processing file /home/airflow/.local/lib/python3.12/site-packages/airflow/example_dags/example_external_task_marker_dag.py for tasks to queue
[2025-01-26T18:39:10.156+0000] {logging_mixin.py:190} INFO - [2025-01-26T18:39:10.156+0000] {dagbag.py:588} INFO - Filling up the DagBag from /home/airflow/.local/lib/python3.12/site-packages/airflow/example_dags/example_external_task_marker_dag.py
[2025-01-26T18:39:10.167+0000] {processor.py:925} INFO - DAG(s) 'example_external_task_marker_parent', 'example_external_task_marker_child' retrieved from /home/airflow/.local/lib/python3.12/site-packages/airflow/example_dags/example_external_task_marker_dag.py
[2025-01-26T18:39:10.215+0000] {logging_mixin.py:190} INFO - [2025-01-26T18:39:10.215+0000] {dag.py:3239} INFO - Sync 2 DAGs
[2025-01-26T18:39:10.233+0000] {logging_mixin.py:190} INFO - [2025-01-26T18:39:10.233+0000] {dag.py:4180} INFO - Setting next_dagrun for example_external_task_marker_child to None, run_after=None
[2025-01-26T18:39:10.239+0000] {logging_mixin.py:190} INFO - [2025-01-26T18:39:10.238+0000] {dag.py:4180} INFO - Setting next_dagrun for example_external_task_marker_parent to None, run_after=None
[2025-01-26T18:39:10.263+0000] {processor.py:208} INFO - Processing /home/airflow/.local/lib/python3.12/site-packages/airflow/example_dags/example_external_task_marker_dag.py took 0.119 seconds
[2025-01-26T18:39:40.539+0000] {processor.py:186} INFO - Started process (PID=9007) to work on /home/airflow/.local/lib/python3.12/site-packages/airflow/example_dags/example_external_task_marker_dag.py
[2025-01-26T18:39:40.540+0000] {processor.py:914} INFO - Processing file /home/airflow/.local/lib/python3.12/site-packages/airflow/example_dags/example_external_task_marker_dag.py for tasks to queue
[2025-01-26T18:39:40.542+0000] {logging_mixin.py:190} INFO - [2025-01-26T18:39:40.542+0000] {dagbag.py:588} INFO - Filling up the DagBag from /home/airflow/.local/lib/python3.12/site-packages/airflow/example_dags/example_external_task_marker_dag.py
[2025-01-26T18:39:40.558+0000] {processor.py:925} INFO - DAG(s) 'example_external_task_marker_child', 'example_external_task_marker_parent' retrieved from /home/airflow/.local/lib/python3.12/site-packages/airflow/example_dags/example_external_task_marker_dag.py
[2025-01-26T18:39:40.606+0000] {logging_mixin.py:190} INFO - [2025-01-26T18:39:40.605+0000] {dag.py:3239} INFO - Sync 2 DAGs
[2025-01-26T18:39:40.636+0000] {logging_mixin.py:190} INFO - [2025-01-26T18:39:40.636+0000] {dag.py:4180} INFO - Setting next_dagrun for example_external_task_marker_child to None, run_after=None
[2025-01-26T18:39:40.644+0000] {logging_mixin.py:190} INFO - [2025-01-26T18:39:40.644+0000] {dag.py:4180} INFO - Setting next_dagrun for example_external_task_marker_parent to None, run_after=None
[2025-01-26T18:39:40.675+0000] {processor.py:208} INFO - Processing /home/airflow/.local/lib/python3.12/site-packages/airflow/example_dags/example_external_task_marker_dag.py took 0.147 seconds
[2025-01-26T18:40:11.193+0000] {processor.py:186} INFO - Started process (PID=9071) to work on /home/airflow/.local/lib/python3.12/site-packages/airflow/example_dags/example_external_task_marker_dag.py
[2025-01-26T18:40:11.194+0000] {processor.py:914} INFO - Processing file /home/airflow/.local/lib/python3.12/site-packages/airflow/example_dags/example_external_task_marker_dag.py for tasks to queue
[2025-01-26T18:40:11.196+0000] {logging_mixin.py:190} INFO - [2025-01-26T18:40:11.196+0000] {dagbag.py:588} INFO - Filling up the DagBag from /home/airflow/.local/lib/python3.12/site-packages/airflow/example_dags/example_external_task_marker_dag.py
[2025-01-26T18:40:11.207+0000] {processor.py:925} INFO - DAG(s) 'example_external_task_marker_parent', 'example_external_task_marker_child' retrieved from /home/airflow/.local/lib/python3.12/site-packages/airflow/example_dags/example_external_task_marker_dag.py
[2025-01-26T18:40:11.235+0000] {logging_mixin.py:190} INFO - [2025-01-26T18:40:11.234+0000] {dag.py:3239} INFO - Sync 2 DAGs
[2025-01-26T18:40:11.253+0000] {logging_mixin.py:190} INFO - [2025-01-26T18:40:11.252+0000] {dag.py:4180} INFO - Setting next_dagrun for example_external_task_marker_child to None, run_after=None
[2025-01-26T18:40:11.257+0000] {logging_mixin.py:190} INFO - [2025-01-26T18:40:11.256+0000] {dag.py:4180} INFO - Setting next_dagrun for example_external_task_marker_parent to None, run_after=None
[2025-01-26T18:40:11.277+0000] {processor.py:208} INFO - Processing /home/airflow/.local/lib/python3.12/site-packages/airflow/example_dags/example_external_task_marker_dag.py took 0.092 seconds
[2025-01-26T18:40:42.218+0000] {processor.py:186} INFO - Started process (PID=9137) to work on /home/airflow/.local/lib/python3.12/site-packages/airflow/example_dags/example_external_task_marker_dag.py
[2025-01-26T18:40:42.219+0000] {processor.py:914} INFO - Processing file /home/airflow/.local/lib/python3.12/site-packages/airflow/example_dags/example_external_task_marker_dag.py for tasks to queue
[2025-01-26T18:40:42.221+0000] {logging_mixin.py:190} INFO - [2025-01-26T18:40:42.221+0000] {dagbag.py:588} INFO - Filling up the DagBag from /home/airflow/.local/lib/python3.12/site-packages/airflow/example_dags/example_external_task_marker_dag.py
[2025-01-26T18:40:42.229+0000] {processor.py:925} INFO - DAG(s) 'example_external_task_marker_child', 'example_external_task_marker_parent' retrieved from /home/airflow/.local/lib/python3.12/site-packages/airflow/example_dags/example_external_task_marker_dag.py
[2025-01-26T18:40:42.252+0000] {logging_mixin.py:190} INFO - [2025-01-26T18:40:42.252+0000] {dag.py:3239} INFO - Sync 2 DAGs
[2025-01-26T18:40:42.268+0000] {logging_mixin.py:190} INFO - [2025-01-26T18:40:42.268+0000] {dag.py:4180} INFO - Setting next_dagrun for example_external_task_marker_child to None, run_after=None
[2025-01-26T18:40:42.273+0000] {logging_mixin.py:190} INFO - [2025-01-26T18:40:42.273+0000] {dag.py:4180} INFO - Setting next_dagrun for example_external_task_marker_parent to None, run_after=None
[2025-01-26T18:40:42.292+0000] {processor.py:208} INFO - Processing /home/airflow/.local/lib/python3.12/site-packages/airflow/example_dags/example_external_task_marker_dag.py took 0.083 seconds
[2025-01-26T18:41:12.525+0000] {processor.py:186} INFO - Started process (PID=9201) to work on /home/airflow/.local/lib/python3.12/site-packages/airflow/example_dags/example_external_task_marker_dag.py
[2025-01-26T18:41:12.526+0000] {processor.py:914} INFO - Processing file /home/airflow/.local/lib/python3.12/site-packages/airflow/example_dags/example_external_task_marker_dag.py for tasks to queue
[2025-01-26T18:41:12.527+0000] {logging_mixin.py:190} INFO - [2025-01-26T18:41:12.527+0000] {dagbag.py:588} INFO - Filling up the DagBag from /home/airflow/.local/lib/python3.12/site-packages/airflow/example_dags/example_external_task_marker_dag.py
[2025-01-26T18:41:12.542+0000] {processor.py:925} INFO - DAG(s) 'example_external_task_marker_child', 'example_external_task_marker_parent' retrieved from /home/airflow/.local/lib/python3.12/site-packages/airflow/example_dags/example_external_task_marker_dag.py
[2025-01-26T18:41:12.574+0000] {logging_mixin.py:190} INFO - [2025-01-26T18:41:12.574+0000] {dag.py:3239} INFO - Sync 2 DAGs
[2025-01-26T18:41:12.595+0000] {logging_mixin.py:190} INFO - [2025-01-26T18:41:12.595+0000] {dag.py:4180} INFO - Setting next_dagrun for example_external_task_marker_child to None, run_after=None
[2025-01-26T18:41:12.602+0000] {logging_mixin.py:190} INFO - [2025-01-26T18:41:12.602+0000] {dag.py:4180} INFO - Setting next_dagrun for example_external_task_marker_parent to None, run_after=None
[2025-01-26T18:41:12.624+0000] {processor.py:208} INFO - Processing /home/airflow/.local/lib/python3.12/site-packages/airflow/example_dags/example_external_task_marker_dag.py took 0.105 seconds
[2025-01-26T18:41:42.816+0000] {processor.py:186} INFO - Started process (PID=9265) to work on /home/airflow/.local/lib/python3.12/site-packages/airflow/example_dags/example_external_task_marker_dag.py
[2025-01-26T18:41:42.817+0000] {processor.py:914} INFO - Processing file /home/airflow/.local/lib/python3.12/site-packages/airflow/example_dags/example_external_task_marker_dag.py for tasks to queue
[2025-01-26T18:41:42.819+0000] {logging_mixin.py:190} INFO - [2025-01-26T18:41:42.818+0000] {dagbag.py:588} INFO - Filling up the DagBag from /home/airflow/.local/lib/python3.12/site-packages/airflow/example_dags/example_external_task_marker_dag.py
[2025-01-26T18:41:42.829+0000] {processor.py:925} INFO - DAG(s) 'example_external_task_marker_child', 'example_external_task_marker_parent' retrieved from /home/airflow/.local/lib/python3.12/site-packages/airflow/example_dags/example_external_task_marker_dag.py
[2025-01-26T18:41:42.856+0000] {logging_mixin.py:190} INFO - [2025-01-26T18:41:42.856+0000] {dag.py:3239} INFO - Sync 2 DAGs
[2025-01-26T18:41:42.882+0000] {logging_mixin.py:190} INFO - [2025-01-26T18:41:42.881+0000] {dag.py:4180} INFO - Setting next_dagrun for example_external_task_marker_child to None, run_after=None
[2025-01-26T18:41:42.885+0000] {logging_mixin.py:190} INFO - [2025-01-26T18:41:42.885+0000] {dag.py:4180} INFO - Setting next_dagrun for example_external_task_marker_parent to None, run_after=None
[2025-01-26T18:41:42.905+0000] {processor.py:208} INFO - Processing /home/airflow/.local/lib/python3.12/site-packages/airflow/example_dags/example_external_task_marker_dag.py took 0.098 seconds
[2025-01-26T18:42:13.341+0000] {processor.py:186} INFO - Started process (PID=9329) to work on /home/airflow/.local/lib/python3.12/site-packages/airflow/example_dags/example_external_task_marker_dag.py
[2025-01-26T18:42:13.343+0000] {processor.py:914} INFO - Processing file /home/airflow/.local/lib/python3.12/site-packages/airflow/example_dags/example_external_task_marker_dag.py for tasks to queue
[2025-01-26T18:42:13.344+0000] {logging_mixin.py:190} INFO - [2025-01-26T18:42:13.344+0000] {dagbag.py:588} INFO - Filling up the DagBag from /home/airflow/.local/lib/python3.12/site-packages/airflow/example_dags/example_external_task_marker_dag.py
[2025-01-26T18:42:13.355+0000] {processor.py:925} INFO - DAG(s) 'example_external_task_marker_parent', 'example_external_task_marker_child' retrieved from /home/airflow/.local/lib/python3.12/site-packages/airflow/example_dags/example_external_task_marker_dag.py
[2025-01-26T18:42:13.388+0000] {logging_mixin.py:190} INFO - [2025-01-26T18:42:13.387+0000] {dag.py:3239} INFO - Sync 2 DAGs
[2025-01-26T18:42:13.407+0000] {logging_mixin.py:190} INFO - [2025-01-26T18:42:13.406+0000] {dag.py:4180} INFO - Setting next_dagrun for example_external_task_marker_child to None, run_after=None
[2025-01-26T18:42:13.411+0000] {logging_mixin.py:190} INFO - [2025-01-26T18:42:13.411+0000] {dag.py:4180} INFO - Setting next_dagrun for example_external_task_marker_parent to None, run_after=None
[2025-01-26T18:42:13.429+0000] {processor.py:208} INFO - Processing /home/airflow/.local/lib/python3.12/site-packages/airflow/example_dags/example_external_task_marker_dag.py took 0.096 seconds
[2025-01-26T18:42:43.872+0000] {processor.py:186} INFO - Started process (PID=9395) to work on /home/airflow/.local/lib/python3.12/site-packages/airflow/example_dags/example_external_task_marker_dag.py
[2025-01-26T18:42:43.873+0000] {processor.py:914} INFO - Processing file /home/airflow/.local/lib/python3.12/site-packages/airflow/example_dags/example_external_task_marker_dag.py for tasks to queue
[2025-01-26T18:42:43.875+0000] {logging_mixin.py:190} INFO - [2025-01-26T18:42:43.874+0000] {dagbag.py:588} INFO - Filling up the DagBag from /home/airflow/.local/lib/python3.12/site-packages/airflow/example_dags/example_external_task_marker_dag.py
[2025-01-26T18:42:43.886+0000] {processor.py:925} INFO - DAG(s) 'example_external_task_marker_parent', 'example_external_task_marker_child' retrieved from /home/airflow/.local/lib/python3.12/site-packages/airflow/example_dags/example_external_task_marker_dag.py
[2025-01-26T18:42:43.914+0000] {logging_mixin.py:190} INFO - [2025-01-26T18:42:43.914+0000] {dag.py:3239} INFO - Sync 2 DAGs
[2025-01-26T18:42:43.932+0000] {logging_mixin.py:190} INFO - [2025-01-26T18:42:43.932+0000] {dag.py:4180} INFO - Setting next_dagrun for example_external_task_marker_child to None, run_after=None
[2025-01-26T18:42:43.936+0000] {logging_mixin.py:190} INFO - [2025-01-26T18:42:43.936+0000] {dag.py:4180} INFO - Setting next_dagrun for example_external_task_marker_parent to None, run_after=None
[2025-01-26T18:42:43.955+0000] {processor.py:208} INFO - Processing /home/airflow/.local/lib/python3.12/site-packages/airflow/example_dags/example_external_task_marker_dag.py took 0.089 seconds
[2025-01-26T18:43:14.299+0000] {processor.py:186} INFO - Started process (PID=9460) to work on /home/airflow/.local/lib/python3.12/site-packages/airflow/example_dags/example_external_task_marker_dag.py
[2025-01-26T18:43:14.301+0000] {processor.py:914} INFO - Processing file /home/airflow/.local/lib/python3.12/site-packages/airflow/example_dags/example_external_task_marker_dag.py for tasks to queue
[2025-01-26T18:43:14.302+0000] {logging_mixin.py:190} INFO - [2025-01-26T18:43:14.302+0000] {dagbag.py:588} INFO - Filling up the DagBag from /home/airflow/.local/lib/python3.12/site-packages/airflow/example_dags/example_external_task_marker_dag.py
[2025-01-26T18:43:14.312+0000] {processor.py:925} INFO - DAG(s) 'example_external_task_marker_child', 'example_external_task_marker_parent' retrieved from /home/airflow/.local/lib/python3.12/site-packages/airflow/example_dags/example_external_task_marker_dag.py
[2025-01-26T18:43:14.341+0000] {logging_mixin.py:190} INFO - [2025-01-26T18:43:14.341+0000] {dag.py:3239} INFO - Sync 2 DAGs
[2025-01-26T18:43:14.362+0000] {logging_mixin.py:190} INFO - [2025-01-26T18:43:14.362+0000] {dag.py:4180} INFO - Setting next_dagrun for example_external_task_marker_child to None, run_after=None
[2025-01-26T18:43:14.369+0000] {logging_mixin.py:190} INFO - [2025-01-26T18:43:14.368+0000] {dag.py:4180} INFO - Setting next_dagrun for example_external_task_marker_parent to None, run_after=None
[2025-01-26T18:43:14.394+0000] {processor.py:208} INFO - Processing /home/airflow/.local/lib/python3.12/site-packages/airflow/example_dags/example_external_task_marker_dag.py took 0.102 seconds
[2025-01-26T18:44:56.382+0000] {processor.py:186} INFO - Started process (PID=44) to work on /home/airflow/.local/lib/python3.12/site-packages/airflow/example_dags/example_external_task_marker_dag.py
[2025-01-26T18:44:56.383+0000] {processor.py:914} INFO - Processing file /home/airflow/.local/lib/python3.12/site-packages/airflow/example_dags/example_external_task_marker_dag.py for tasks to queue
[2025-01-26T18:44:56.386+0000] {logging_mixin.py:190} INFO - [2025-01-26T18:44:56.386+0000] {dagbag.py:588} INFO - Filling up the DagBag from /home/airflow/.local/lib/python3.12/site-packages/airflow/example_dags/example_external_task_marker_dag.py
[2025-01-26T18:44:56.402+0000] {processor.py:925} INFO - DAG(s) 'example_external_task_marker_parent', 'example_external_task_marker_child' retrieved from /home/airflow/.local/lib/python3.12/site-packages/airflow/example_dags/example_external_task_marker_dag.py
[2025-01-26T18:44:56.474+0000] {logging_mixin.py:190} INFO - [2025-01-26T18:44:56.474+0000] {dag.py:3239} INFO - Sync 2 DAGs
[2025-01-26T18:44:56.516+0000] {logging_mixin.py:190} INFO - [2025-01-26T18:44:56.515+0000] {dag.py:4180} INFO - Setting next_dagrun for example_external_task_marker_child to None, run_after=None
[2025-01-26T18:44:56.521+0000] {logging_mixin.py:190} INFO - [2025-01-26T18:44:56.521+0000] {dag.py:4180} INFO - Setting next_dagrun for example_external_task_marker_parent to None, run_after=None
[2025-01-26T18:44:56.613+0000] {processor.py:208} INFO - Processing /home/airflow/.local/lib/python3.12/site-packages/airflow/example_dags/example_external_task_marker_dag.py took 0.238 seconds
[2025-01-26T18:45:27.446+0000] {processor.py:186} INFO - Started process (PID=108) to work on /home/airflow/.local/lib/python3.12/site-packages/airflow/example_dags/example_external_task_marker_dag.py
[2025-01-26T18:45:27.447+0000] {processor.py:914} INFO - Processing file /home/airflow/.local/lib/python3.12/site-packages/airflow/example_dags/example_external_task_marker_dag.py for tasks to queue
[2025-01-26T18:45:27.450+0000] {logging_mixin.py:190} INFO - [2025-01-26T18:45:27.449+0000] {dagbag.py:588} INFO - Filling up the DagBag from /home/airflow/.local/lib/python3.12/site-packages/airflow/example_dags/example_external_task_marker_dag.py
[2025-01-26T18:45:27.459+0000] {processor.py:925} INFO - DAG(s) 'example_external_task_marker_parent', 'example_external_task_marker_child' retrieved from /home/airflow/.local/lib/python3.12/site-packages/airflow/example_dags/example_external_task_marker_dag.py
[2025-01-26T18:45:27.482+0000] {logging_mixin.py:190} INFO - [2025-01-26T18:45:27.482+0000] {dag.py:3239} INFO - Sync 2 DAGs
[2025-01-26T18:45:27.499+0000] {logging_mixin.py:190} INFO - [2025-01-26T18:45:27.499+0000] {dag.py:4180} INFO - Setting next_dagrun for example_external_task_marker_child to None, run_after=None
[2025-01-26T18:45:27.504+0000] {logging_mixin.py:190} INFO - [2025-01-26T18:45:27.504+0000] {dag.py:4180} INFO - Setting next_dagrun for example_external_task_marker_parent to None, run_after=None
[2025-01-26T18:45:27.523+0000] {processor.py:208} INFO - Processing /home/airflow/.local/lib/python3.12/site-packages/airflow/example_dags/example_external_task_marker_dag.py took 0.085 seconds
[2025-01-26T18:45:58.506+0000] {processor.py:186} INFO - Started process (PID=173) to work on /home/airflow/.local/lib/python3.12/site-packages/airflow/example_dags/example_external_task_marker_dag.py
[2025-01-26T18:45:58.508+0000] {processor.py:914} INFO - Processing file /home/airflow/.local/lib/python3.12/site-packages/airflow/example_dags/example_external_task_marker_dag.py for tasks to queue
[2025-01-26T18:45:58.511+0000] {logging_mixin.py:190} INFO - [2025-01-26T18:45:58.511+0000] {dagbag.py:588} INFO - Filling up the DagBag from /home/airflow/.local/lib/python3.12/site-packages/airflow/example_dags/example_external_task_marker_dag.py
[2025-01-26T18:45:58.522+0000] {processor.py:925} INFO - DAG(s) 'example_external_task_marker_child', 'example_external_task_marker_parent' retrieved from /home/airflow/.local/lib/python3.12/site-packages/airflow/example_dags/example_external_task_marker_dag.py
[2025-01-26T18:45:58.554+0000] {logging_mixin.py:190} INFO - [2025-01-26T18:45:58.554+0000] {dag.py:3239} INFO - Sync 2 DAGs
[2025-01-26T18:45:58.576+0000] {logging_mixin.py:190} INFO - [2025-01-26T18:45:58.576+0000] {dag.py:4180} INFO - Setting next_dagrun for example_external_task_marker_child to None, run_after=None
[2025-01-26T18:45:58.582+0000] {logging_mixin.py:190} INFO - [2025-01-26T18:45:58.581+0000] {dag.py:4180} INFO - Setting next_dagrun for example_external_task_marker_parent to None, run_after=None
[2025-01-26T18:45:58.611+0000] {processor.py:208} INFO - Processing /home/airflow/.local/lib/python3.12/site-packages/airflow/example_dags/example_external_task_marker_dag.py took 0.115 seconds
[2025-01-26T18:46:28.967+0000] {processor.py:186} INFO - Started process (PID=238) to work on /home/airflow/.local/lib/python3.12/site-packages/airflow/example_dags/example_external_task_marker_dag.py
[2025-01-26T18:46:28.968+0000] {processor.py:914} INFO - Processing file /home/airflow/.local/lib/python3.12/site-packages/airflow/example_dags/example_external_task_marker_dag.py for tasks to queue
[2025-01-26T18:46:28.975+0000] {logging_mixin.py:190} INFO - [2025-01-26T18:46:28.974+0000] {dagbag.py:588} INFO - Filling up the DagBag from /home/airflow/.local/lib/python3.12/site-packages/airflow/example_dags/example_external_task_marker_dag.py
[2025-01-26T18:46:28.986+0000] {processor.py:925} INFO - DAG(s) 'example_external_task_marker_parent', 'example_external_task_marker_child' retrieved from /home/airflow/.local/lib/python3.12/site-packages/airflow/example_dags/example_external_task_marker_dag.py
[2025-01-26T18:46:29.030+0000] {logging_mixin.py:190} INFO - [2025-01-26T18:46:29.030+0000] {dag.py:3239} INFO - Sync 2 DAGs
[2025-01-26T18:46:29.056+0000] {logging_mixin.py:190} INFO - [2025-01-26T18:46:29.056+0000] {dag.py:4180} INFO - Setting next_dagrun for example_external_task_marker_child to None, run_after=None
[2025-01-26T18:46:29.066+0000] {logging_mixin.py:190} INFO - [2025-01-26T18:46:29.066+0000] {dag.py:4180} INFO - Setting next_dagrun for example_external_task_marker_parent to None, run_after=None
[2025-01-26T18:46:29.093+0000] {processor.py:208} INFO - Processing /home/airflow/.local/lib/python3.12/site-packages/airflow/example_dags/example_external_task_marker_dag.py took 0.134 seconds
[2025-01-26T18:46:59.449+0000] {processor.py:186} INFO - Started process (PID=303) to work on /home/airflow/.local/lib/python3.12/site-packages/airflow/example_dags/example_external_task_marker_dag.py
[2025-01-26T18:46:59.451+0000] {processor.py:914} INFO - Processing file /home/airflow/.local/lib/python3.12/site-packages/airflow/example_dags/example_external_task_marker_dag.py for tasks to queue
[2025-01-26T18:46:59.455+0000] {logging_mixin.py:190} INFO - [2025-01-26T18:46:59.454+0000] {dagbag.py:588} INFO - Filling up the DagBag from /home/airflow/.local/lib/python3.12/site-packages/airflow/example_dags/example_external_task_marker_dag.py
[2025-01-26T18:46:59.472+0000] {processor.py:925} INFO - DAG(s) 'example_external_task_marker_child', 'example_external_task_marker_parent' retrieved from /home/airflow/.local/lib/python3.12/site-packages/airflow/example_dags/example_external_task_marker_dag.py
[2025-01-26T18:46:59.504+0000] {logging_mixin.py:190} INFO - [2025-01-26T18:46:59.503+0000] {dag.py:3239} INFO - Sync 2 DAGs
[2025-01-26T18:46:59.538+0000] {logging_mixin.py:190} INFO - [2025-01-26T18:46:59.538+0000] {dag.py:4180} INFO - Setting next_dagrun for example_external_task_marker_child to None, run_after=None
[2025-01-26T18:46:59.545+0000] {logging_mixin.py:190} INFO - [2025-01-26T18:46:59.545+0000] {dag.py:4180} INFO - Setting next_dagrun for example_external_task_marker_parent to None, run_after=None
[2025-01-26T18:46:59.592+0000] {processor.py:208} INFO - Processing /home/airflow/.local/lib/python3.12/site-packages/airflow/example_dags/example_external_task_marker_dag.py took 0.151 seconds
[2025-01-26T18:47:29.775+0000] {processor.py:186} INFO - Started process (PID=368) to work on /home/airflow/.local/lib/python3.12/site-packages/airflow/example_dags/example_external_task_marker_dag.py
[2025-01-26T18:47:29.776+0000] {processor.py:914} INFO - Processing file /home/airflow/.local/lib/python3.12/site-packages/airflow/example_dags/example_external_task_marker_dag.py for tasks to queue
[2025-01-26T18:47:29.780+0000] {logging_mixin.py:190} INFO - [2025-01-26T18:47:29.780+0000] {dagbag.py:588} INFO - Filling up the DagBag from /home/airflow/.local/lib/python3.12/site-packages/airflow/example_dags/example_external_task_marker_dag.py
[2025-01-26T18:47:29.791+0000] {processor.py:925} INFO - DAG(s) 'example_external_task_marker_parent', 'example_external_task_marker_child' retrieved from /home/airflow/.local/lib/python3.12/site-packages/airflow/example_dags/example_external_task_marker_dag.py
[2025-01-26T18:47:29.819+0000] {logging_mixin.py:190} INFO - [2025-01-26T18:47:29.819+0000] {dag.py:3239} INFO - Sync 2 DAGs
[2025-01-26T18:47:29.836+0000] {logging_mixin.py:190} INFO - [2025-01-26T18:47:29.836+0000] {dag.py:4180} INFO - Setting next_dagrun for example_external_task_marker_child to None, run_after=None
[2025-01-26T18:47:29.840+0000] {logging_mixin.py:190} INFO - [2025-01-26T18:47:29.840+0000] {dag.py:4180} INFO - Setting next_dagrun for example_external_task_marker_parent to None, run_after=None
[2025-01-26T18:47:29.862+0000] {processor.py:208} INFO - Processing /home/airflow/.local/lib/python3.12/site-packages/airflow/example_dags/example_external_task_marker_dag.py took 0.094 seconds
[2025-01-26T18:48:00.748+0000] {processor.py:186} INFO - Started process (PID=432) to work on /home/airflow/.local/lib/python3.12/site-packages/airflow/example_dags/example_external_task_marker_dag.py
[2025-01-26T18:48:00.755+0000] {processor.py:914} INFO - Processing file /home/airflow/.local/lib/python3.12/site-packages/airflow/example_dags/example_external_task_marker_dag.py for tasks to queue
[2025-01-26T18:48:00.760+0000] {logging_mixin.py:190} INFO - [2025-01-26T18:48:00.759+0000] {dagbag.py:588} INFO - Filling up the DagBag from /home/airflow/.local/lib/python3.12/site-packages/airflow/example_dags/example_external_task_marker_dag.py
[2025-01-26T18:48:00.779+0000] {processor.py:925} INFO - DAG(s) 'example_external_task_marker_parent', 'example_external_task_marker_child' retrieved from /home/airflow/.local/lib/python3.12/site-packages/airflow/example_dags/example_external_task_marker_dag.py
[2025-01-26T18:48:00.816+0000] {logging_mixin.py:190} INFO - [2025-01-26T18:48:00.815+0000] {dag.py:3239} INFO - Sync 2 DAGs
[2025-01-26T18:48:00.843+0000] {logging_mixin.py:190} INFO - [2025-01-26T18:48:00.843+0000] {dag.py:4180} INFO - Setting next_dagrun for example_external_task_marker_child to None, run_after=None
[2025-01-26T18:48:00.849+0000] {logging_mixin.py:190} INFO - [2025-01-26T18:48:00.848+0000] {dag.py:4180} INFO - Setting next_dagrun for example_external_task_marker_parent to None, run_after=None
[2025-01-26T18:48:00.872+0000] {processor.py:208} INFO - Processing /home/airflow/.local/lib/python3.12/site-packages/airflow/example_dags/example_external_task_marker_dag.py took 0.137 seconds
[2025-01-26T18:48:31.864+0000] {processor.py:186} INFO - Started process (PID=497) to work on /home/airflow/.local/lib/python3.12/site-packages/airflow/example_dags/example_external_task_marker_dag.py
[2025-01-26T18:48:31.866+0000] {processor.py:914} INFO - Processing file /home/airflow/.local/lib/python3.12/site-packages/airflow/example_dags/example_external_task_marker_dag.py for tasks to queue
[2025-01-26T18:48:31.870+0000] {logging_mixin.py:190} INFO - [2025-01-26T18:48:31.869+0000] {dagbag.py:588} INFO - Filling up the DagBag from /home/airflow/.local/lib/python3.12/site-packages/airflow/example_dags/example_external_task_marker_dag.py
[2025-01-26T18:48:31.885+0000] {processor.py:925} INFO - DAG(s) 'example_external_task_marker_child', 'example_external_task_marker_parent' retrieved from /home/airflow/.local/lib/python3.12/site-packages/airflow/example_dags/example_external_task_marker_dag.py
[2025-01-26T18:48:31.922+0000] {logging_mixin.py:190} INFO - [2025-01-26T18:48:31.922+0000] {dag.py:3239} INFO - Sync 2 DAGs
[2025-01-26T18:48:31.954+0000] {logging_mixin.py:190} INFO - [2025-01-26T18:48:31.954+0000] {dag.py:4180} INFO - Setting next_dagrun for example_external_task_marker_child to None, run_after=None
[2025-01-26T18:48:31.962+0000] {logging_mixin.py:190} INFO - [2025-01-26T18:48:31.961+0000] {dag.py:4180} INFO - Setting next_dagrun for example_external_task_marker_parent to None, run_after=None
[2025-01-26T18:48:31.985+0000] {processor.py:208} INFO - Processing /home/airflow/.local/lib/python3.12/site-packages/airflow/example_dags/example_external_task_marker_dag.py took 0.132 seconds
[2025-01-26T18:49:02.215+0000] {processor.py:186} INFO - Started process (PID=562) to work on /home/airflow/.local/lib/python3.12/site-packages/airflow/example_dags/example_external_task_marker_dag.py
[2025-01-26T18:49:02.216+0000] {processor.py:914} INFO - Processing file /home/airflow/.local/lib/python3.12/site-packages/airflow/example_dags/example_external_task_marker_dag.py for tasks to queue
[2025-01-26T18:49:02.220+0000] {logging_mixin.py:190} INFO - [2025-01-26T18:49:02.219+0000] {dagbag.py:588} INFO - Filling up the DagBag from /home/airflow/.local/lib/python3.12/site-packages/airflow/example_dags/example_external_task_marker_dag.py
[2025-01-26T18:49:02.232+0000] {processor.py:925} INFO - DAG(s) 'example_external_task_marker_child', 'example_external_task_marker_parent' retrieved from /home/airflow/.local/lib/python3.12/site-packages/airflow/example_dags/example_external_task_marker_dag.py
[2025-01-26T18:49:02.258+0000] {logging_mixin.py:190} INFO - [2025-01-26T18:49:02.257+0000] {dag.py:3239} INFO - Sync 2 DAGs
[2025-01-26T18:49:02.275+0000] {logging_mixin.py:190} INFO - [2025-01-26T18:49:02.275+0000] {dag.py:4180} INFO - Setting next_dagrun for example_external_task_marker_child to None, run_after=None
[2025-01-26T18:49:02.279+0000] {logging_mixin.py:190} INFO - [2025-01-26T18:49:02.279+0000] {dag.py:4180} INFO - Setting next_dagrun for example_external_task_marker_parent to None, run_after=None
[2025-01-26T18:49:02.297+0000] {processor.py:208} INFO - Processing /home/airflow/.local/lib/python3.12/site-packages/airflow/example_dags/example_external_task_marker_dag.py took 0.092 seconds
[2025-01-26T18:49:33.177+0000] {processor.py:186} INFO - Started process (PID=627) to work on /home/airflow/.local/lib/python3.12/site-packages/airflow/example_dags/example_external_task_marker_dag.py
[2025-01-26T18:49:33.178+0000] {processor.py:914} INFO - Processing file /home/airflow/.local/lib/python3.12/site-packages/airflow/example_dags/example_external_task_marker_dag.py for tasks to queue
[2025-01-26T18:49:33.181+0000] {logging_mixin.py:190} INFO - [2025-01-26T18:49:33.181+0000] {dagbag.py:588} INFO - Filling up the DagBag from /home/airflow/.local/lib/python3.12/site-packages/airflow/example_dags/example_external_task_marker_dag.py
[2025-01-26T18:49:33.191+0000] {processor.py:925} INFO - DAG(s) 'example_external_task_marker_parent', 'example_external_task_marker_child' retrieved from /home/airflow/.local/lib/python3.12/site-packages/airflow/example_dags/example_external_task_marker_dag.py
[2025-01-26T18:49:33.215+0000] {logging_mixin.py:190} INFO - [2025-01-26T18:49:33.215+0000] {dag.py:3239} INFO - Sync 2 DAGs
[2025-01-26T18:49:33.235+0000] {logging_mixin.py:190} INFO - [2025-01-26T18:49:33.235+0000] {dag.py:4180} INFO - Setting next_dagrun for example_external_task_marker_child to None, run_after=None
[2025-01-26T18:49:33.239+0000] {logging_mixin.py:190} INFO - [2025-01-26T18:49:33.239+0000] {dag.py:4180} INFO - Setting next_dagrun for example_external_task_marker_parent to None, run_after=None
[2025-01-26T18:49:33.255+0000] {processor.py:208} INFO - Processing /home/airflow/.local/lib/python3.12/site-packages/airflow/example_dags/example_external_task_marker_dag.py took 0.086 seconds
[2025-01-26T18:50:03.816+0000] {processor.py:186} INFO - Started process (PID=693) to work on /home/airflow/.local/lib/python3.12/site-packages/airflow/example_dags/example_external_task_marker_dag.py
[2025-01-26T18:50:03.817+0000] {processor.py:914} INFO - Processing file /home/airflow/.local/lib/python3.12/site-packages/airflow/example_dags/example_external_task_marker_dag.py for tasks to queue
[2025-01-26T18:50:03.821+0000] {logging_mixin.py:190} INFO - [2025-01-26T18:50:03.820+0000] {dagbag.py:588} INFO - Filling up the DagBag from /home/airflow/.local/lib/python3.12/site-packages/airflow/example_dags/example_external_task_marker_dag.py
[2025-01-26T18:50:03.831+0000] {processor.py:925} INFO - DAG(s) 'example_external_task_marker_child', 'example_external_task_marker_parent' retrieved from /home/airflow/.local/lib/python3.12/site-packages/airflow/example_dags/example_external_task_marker_dag.py
[2025-01-26T18:50:03.855+0000] {logging_mixin.py:190} INFO - [2025-01-26T18:50:03.855+0000] {dag.py:3239} INFO - Sync 2 DAGs
[2025-01-26T18:50:03.877+0000] {logging_mixin.py:190} INFO - [2025-01-26T18:50:03.876+0000] {dag.py:4180} INFO - Setting next_dagrun for example_external_task_marker_child to None, run_after=None
[2025-01-26T18:50:03.881+0000] {logging_mixin.py:190} INFO - [2025-01-26T18:50:03.881+0000] {dag.py:4180} INFO - Setting next_dagrun for example_external_task_marker_parent to None, run_after=None
[2025-01-26T18:50:03.901+0000] {processor.py:208} INFO - Processing /home/airflow/.local/lib/python3.12/site-packages/airflow/example_dags/example_external_task_marker_dag.py took 0.091 seconds
[2025-01-26T18:50:35.048+0000] {processor.py:186} INFO - Started process (PID=758) to work on /home/airflow/.local/lib/python3.12/site-packages/airflow/example_dags/example_external_task_marker_dag.py
[2025-01-26T18:50:35.049+0000] {processor.py:914} INFO - Processing file /home/airflow/.local/lib/python3.12/site-packages/airflow/example_dags/example_external_task_marker_dag.py for tasks to queue
[2025-01-26T18:50:35.054+0000] {logging_mixin.py:190} INFO - [2025-01-26T18:50:35.053+0000] {dagbag.py:588} INFO - Filling up the DagBag from /home/airflow/.local/lib/python3.12/site-packages/airflow/example_dags/example_external_task_marker_dag.py
[2025-01-26T18:50:35.065+0000] {processor.py:925} INFO - DAG(s) 'example_external_task_marker_parent', 'example_external_task_marker_child' retrieved from /home/airflow/.local/lib/python3.12/site-packages/airflow/example_dags/example_external_task_marker_dag.py
[2025-01-26T18:50:35.169+0000] {logging_mixin.py:190} INFO - [2025-01-26T18:50:35.168+0000] {dag.py:3239} INFO - Sync 2 DAGs
[2025-01-26T18:50:35.205+0000] {logging_mixin.py:190} INFO - [2025-01-26T18:50:35.205+0000] {dag.py:4180} INFO - Setting next_dagrun for example_external_task_marker_child to None, run_after=None
[2025-01-26T18:50:35.213+0000] {logging_mixin.py:190} INFO - [2025-01-26T18:50:35.210+0000] {dag.py:4180} INFO - Setting next_dagrun for example_external_task_marker_parent to None, run_after=None
[2025-01-26T18:50:35.243+0000] {processor.py:208} INFO - Processing /home/airflow/.local/lib/python3.12/site-packages/airflow/example_dags/example_external_task_marker_dag.py took 0.204 seconds
[2025-01-26T18:52:09.726+0000] {processor.py:186} INFO - Started process (PID=37) to work on /home/airflow/.local/lib/python3.12/site-packages/airflow/example_dags/example_external_task_marker_dag.py
[2025-01-26T18:52:09.727+0000] {processor.py:914} INFO - Processing file /home/airflow/.local/lib/python3.12/site-packages/airflow/example_dags/example_external_task_marker_dag.py for tasks to queue
[2025-01-26T18:52:09.732+0000] {logging_mixin.py:190} INFO - [2025-01-26T18:52:09.730+0000] {dagbag.py:588} INFO - Filling up the DagBag from /home/airflow/.local/lib/python3.12/site-packages/airflow/example_dags/example_external_task_marker_dag.py
[2025-01-26T18:52:09.752+0000] {processor.py:925} INFO - DAG(s) 'example_external_task_marker_parent', 'example_external_task_marker_child' retrieved from /home/airflow/.local/lib/python3.12/site-packages/airflow/example_dags/example_external_task_marker_dag.py
[2025-01-26T18:52:09.861+0000] {logging_mixin.py:190} INFO - [2025-01-26T18:52:09.861+0000] {dag.py:3239} INFO - Sync 2 DAGs
[2025-01-26T18:52:09.883+0000] {logging_mixin.py:190} INFO - [2025-01-26T18:52:09.883+0000] {dag.py:4180} INFO - Setting next_dagrun for example_external_task_marker_child to None, run_after=None
[2025-01-26T18:52:09.889+0000] {logging_mixin.py:190} INFO - [2025-01-26T18:52:09.888+0000] {dag.py:4180} INFO - Setting next_dagrun for example_external_task_marker_parent to None, run_after=None
[2025-01-26T18:52:09.916+0000] {processor.py:208} INFO - Processing /home/airflow/.local/lib/python3.12/site-packages/airflow/example_dags/example_external_task_marker_dag.py took 0.204 seconds
[2025-01-26T18:52:40.815+0000] {processor.py:186} INFO - Started process (PID=102) to work on /home/airflow/.local/lib/python3.12/site-packages/airflow/example_dags/example_external_task_marker_dag.py
[2025-01-26T18:52:40.819+0000] {processor.py:914} INFO - Processing file /home/airflow/.local/lib/python3.12/site-packages/airflow/example_dags/example_external_task_marker_dag.py for tasks to queue
[2025-01-26T18:52:40.829+0000] {logging_mixin.py:190} INFO - [2025-01-26T18:52:40.829+0000] {dagbag.py:588} INFO - Filling up the DagBag from /home/airflow/.local/lib/python3.12/site-packages/airflow/example_dags/example_external_task_marker_dag.py
[2025-01-26T18:52:40.844+0000] {processor.py:925} INFO - DAG(s) 'example_external_task_marker_child', 'example_external_task_marker_parent' retrieved from /home/airflow/.local/lib/python3.12/site-packages/airflow/example_dags/example_external_task_marker_dag.py
[2025-01-26T18:52:40.868+0000] {logging_mixin.py:190} INFO - [2025-01-26T18:52:40.867+0000] {dag.py:3239} INFO - Sync 2 DAGs
[2025-01-26T18:52:40.882+0000] {logging_mixin.py:190} INFO - [2025-01-26T18:52:40.882+0000] {dag.py:4180} INFO - Setting next_dagrun for example_external_task_marker_child to None, run_after=None
[2025-01-26T18:52:40.888+0000] {logging_mixin.py:190} INFO - [2025-01-26T18:52:40.887+0000] {dag.py:4180} INFO - Setting next_dagrun for example_external_task_marker_parent to None, run_after=None
[2025-01-26T18:52:40.906+0000] {processor.py:208} INFO - Processing /home/airflow/.local/lib/python3.12/site-packages/airflow/example_dags/example_external_task_marker_dag.py took 0.098 seconds
[2025-01-26T18:53:11.840+0000] {processor.py:186} INFO - Started process (PID=168) to work on /home/airflow/.local/lib/python3.12/site-packages/airflow/example_dags/example_external_task_marker_dag.py
[2025-01-26T18:53:11.842+0000] {processor.py:914} INFO - Processing file /home/airflow/.local/lib/python3.12/site-packages/airflow/example_dags/example_external_task_marker_dag.py for tasks to queue
[2025-01-26T18:53:11.844+0000] {logging_mixin.py:190} INFO - [2025-01-26T18:53:11.844+0000] {dagbag.py:588} INFO - Filling up the DagBag from /home/airflow/.local/lib/python3.12/site-packages/airflow/example_dags/example_external_task_marker_dag.py
[2025-01-26T18:53:11.852+0000] {processor.py:925} INFO - DAG(s) 'example_external_task_marker_child', 'example_external_task_marker_parent' retrieved from /home/airflow/.local/lib/python3.12/site-packages/airflow/example_dags/example_external_task_marker_dag.py
[2025-01-26T18:53:11.879+0000] {logging_mixin.py:190} INFO - [2025-01-26T18:53:11.879+0000] {dag.py:3239} INFO - Sync 2 DAGs
[2025-01-26T18:53:11.897+0000] {logging_mixin.py:190} INFO - [2025-01-26T18:53:11.897+0000] {dag.py:4180} INFO - Setting next_dagrun for example_external_task_marker_child to None, run_after=None
[2025-01-26T18:53:11.902+0000] {logging_mixin.py:190} INFO - [2025-01-26T18:53:11.902+0000] {dag.py:4180} INFO - Setting next_dagrun for example_external_task_marker_parent to None, run_after=None
[2025-01-26T18:53:11.927+0000] {processor.py:208} INFO - Processing /home/airflow/.local/lib/python3.12/site-packages/airflow/example_dags/example_external_task_marker_dag.py took 0.094 seconds
[2025-01-26T18:53:41.993+0000] {processor.py:186} INFO - Started process (PID=232) to work on /home/airflow/.local/lib/python3.12/site-packages/airflow/example_dags/example_external_task_marker_dag.py
[2025-01-26T18:53:41.994+0000] {processor.py:914} INFO - Processing file /home/airflow/.local/lib/python3.12/site-packages/airflow/example_dags/example_external_task_marker_dag.py for tasks to queue
[2025-01-26T18:53:41.996+0000] {logging_mixin.py:190} INFO - [2025-01-26T18:53:41.996+0000] {dagbag.py:588} INFO - Filling up the DagBag from /home/airflow/.local/lib/python3.12/site-packages/airflow/example_dags/example_external_task_marker_dag.py
[2025-01-26T18:53:42.005+0000] {processor.py:925} INFO - DAG(s) 'example_external_task_marker_parent', 'example_external_task_marker_child' retrieved from /home/airflow/.local/lib/python3.12/site-packages/airflow/example_dags/example_external_task_marker_dag.py
[2025-01-26T18:53:42.027+0000] {logging_mixin.py:190} INFO - [2025-01-26T18:53:42.027+0000] {dag.py:3239} INFO - Sync 2 DAGs
[2025-01-26T18:53:42.044+0000] {logging_mixin.py:190} INFO - [2025-01-26T18:53:42.044+0000] {dag.py:4180} INFO - Setting next_dagrun for example_external_task_marker_child to None, run_after=None
[2025-01-26T18:53:42.048+0000] {logging_mixin.py:190} INFO - [2025-01-26T18:53:42.047+0000] {dag.py:4180} INFO - Setting next_dagrun for example_external_task_marker_parent to None, run_after=None
[2025-01-26T18:53:42.064+0000] {processor.py:208} INFO - Processing /home/airflow/.local/lib/python3.12/site-packages/airflow/example_dags/example_external_task_marker_dag.py took 0.077 seconds
[2025-01-26T18:54:12.535+0000] {processor.py:186} INFO - Started process (PID=297) to work on /home/airflow/.local/lib/python3.12/site-packages/airflow/example_dags/example_external_task_marker_dag.py
[2025-01-26T18:54:12.536+0000] {processor.py:914} INFO - Processing file /home/airflow/.local/lib/python3.12/site-packages/airflow/example_dags/example_external_task_marker_dag.py for tasks to queue
[2025-01-26T18:54:12.538+0000] {logging_mixin.py:190} INFO - [2025-01-26T18:54:12.538+0000] {dagbag.py:588} INFO - Filling up the DagBag from /home/airflow/.local/lib/python3.12/site-packages/airflow/example_dags/example_external_task_marker_dag.py
[2025-01-26T18:54:12.548+0000] {processor.py:925} INFO - DAG(s) 'example_external_task_marker_child', 'example_external_task_marker_parent' retrieved from /home/airflow/.local/lib/python3.12/site-packages/airflow/example_dags/example_external_task_marker_dag.py
[2025-01-26T18:54:12.572+0000] {logging_mixin.py:190} INFO - [2025-01-26T18:54:12.572+0000] {dag.py:3239} INFO - Sync 2 DAGs
[2025-01-26T18:54:12.587+0000] {logging_mixin.py:190} INFO - [2025-01-26T18:54:12.586+0000] {dag.py:4180} INFO - Setting next_dagrun for example_external_task_marker_child to None, run_after=None
[2025-01-26T18:54:12.590+0000] {logging_mixin.py:190} INFO - [2025-01-26T18:54:12.590+0000] {dag.py:4180} INFO - Setting next_dagrun for example_external_task_marker_parent to None, run_after=None
[2025-01-26T18:54:12.608+0000] {processor.py:208} INFO - Processing /home/airflow/.local/lib/python3.12/site-packages/airflow/example_dags/example_external_task_marker_dag.py took 0.079 seconds
[2025-01-26T18:54:43.449+0000] {processor.py:186} INFO - Started process (PID=363) to work on /home/airflow/.local/lib/python3.12/site-packages/airflow/example_dags/example_external_task_marker_dag.py
[2025-01-26T18:54:43.450+0000] {processor.py:914} INFO - Processing file /home/airflow/.local/lib/python3.12/site-packages/airflow/example_dags/example_external_task_marker_dag.py for tasks to queue
[2025-01-26T18:54:43.454+0000] {logging_mixin.py:190} INFO - [2025-01-26T18:54:43.453+0000] {dagbag.py:588} INFO - Filling up the DagBag from /home/airflow/.local/lib/python3.12/site-packages/airflow/example_dags/example_external_task_marker_dag.py
[2025-01-26T18:54:43.463+0000] {processor.py:925} INFO - DAG(s) 'example_external_task_marker_child', 'example_external_task_marker_parent' retrieved from /home/airflow/.local/lib/python3.12/site-packages/airflow/example_dags/example_external_task_marker_dag.py
[2025-01-26T18:54:43.497+0000] {logging_mixin.py:190} INFO - [2025-01-26T18:54:43.497+0000] {dag.py:3239} INFO - Sync 2 DAGs
[2025-01-26T18:54:43.523+0000] {logging_mixin.py:190} INFO - [2025-01-26T18:54:43.523+0000] {dag.py:4180} INFO - Setting next_dagrun for example_external_task_marker_child to None, run_after=None
[2025-01-26T18:54:43.531+0000] {logging_mixin.py:190} INFO - [2025-01-26T18:54:43.531+0000] {dag.py:4180} INFO - Setting next_dagrun for example_external_task_marker_parent to None, run_after=None
[2025-01-26T18:54:43.560+0000] {processor.py:208} INFO - Processing /home/airflow/.local/lib/python3.12/site-packages/airflow/example_dags/example_external_task_marker_dag.py took 0.118 seconds
[2025-01-26T18:55:13.649+0000] {processor.py:186} INFO - Started process (PID=428) to work on /home/airflow/.local/lib/python3.12/site-packages/airflow/example_dags/example_external_task_marker_dag.py
[2025-01-26T18:55:13.653+0000] {processor.py:914} INFO - Processing file /home/airflow/.local/lib/python3.12/site-packages/airflow/example_dags/example_external_task_marker_dag.py for tasks to queue
[2025-01-26T18:55:13.658+0000] {logging_mixin.py:190} INFO - [2025-01-26T18:55:13.658+0000] {dagbag.py:588} INFO - Filling up the DagBag from /home/airflow/.local/lib/python3.12/site-packages/airflow/example_dags/example_external_task_marker_dag.py
[2025-01-26T18:55:13.670+0000] {processor.py:925} INFO - DAG(s) 'example_external_task_marker_child', 'example_external_task_marker_parent' retrieved from /home/airflow/.local/lib/python3.12/site-packages/airflow/example_dags/example_external_task_marker_dag.py
[2025-01-26T18:55:13.717+0000] {logging_mixin.py:190} INFO - [2025-01-26T18:55:13.717+0000] {dag.py:3239} INFO - Sync 2 DAGs
[2025-01-26T18:55:13.741+0000] {logging_mixin.py:190} INFO - [2025-01-26T18:55:13.740+0000] {dag.py:4180} INFO - Setting next_dagrun for example_external_task_marker_child to None, run_after=None
[2025-01-26T18:55:13.746+0000] {logging_mixin.py:190} INFO - [2025-01-26T18:55:13.746+0000] {dag.py:4180} INFO - Setting next_dagrun for example_external_task_marker_parent to None, run_after=None
[2025-01-26T18:55:13.765+0000] {processor.py:208} INFO - Processing /home/airflow/.local/lib/python3.12/site-packages/airflow/example_dags/example_external_task_marker_dag.py took 0.125 seconds
[2025-01-26T18:55:44.634+0000] {processor.py:186} INFO - Started process (PID=499) to work on /home/airflow/.local/lib/python3.12/site-packages/airflow/example_dags/example_external_task_marker_dag.py
[2025-01-26T18:55:44.635+0000] {processor.py:914} INFO - Processing file /home/airflow/.local/lib/python3.12/site-packages/airflow/example_dags/example_external_task_marker_dag.py for tasks to queue
[2025-01-26T18:55:44.639+0000] {logging_mixin.py:190} INFO - [2025-01-26T18:55:44.638+0000] {dagbag.py:588} INFO - Filling up the DagBag from /home/airflow/.local/lib/python3.12/site-packages/airflow/example_dags/example_external_task_marker_dag.py
[2025-01-26T18:55:44.651+0000] {processor.py:925} INFO - DAG(s) 'example_external_task_marker_parent', 'example_external_task_marker_child' retrieved from /home/airflow/.local/lib/python3.12/site-packages/airflow/example_dags/example_external_task_marker_dag.py
[2025-01-26T18:55:44.678+0000] {logging_mixin.py:190} INFO - [2025-01-26T18:55:44.678+0000] {dag.py:3239} INFO - Sync 2 DAGs
[2025-01-26T18:55:44.697+0000] {logging_mixin.py:190} INFO - [2025-01-26T18:55:44.696+0000] {dag.py:4180} INFO - Setting next_dagrun for example_external_task_marker_child to None, run_after=None
[2025-01-26T18:55:44.701+0000] {logging_mixin.py:190} INFO - [2025-01-26T18:55:44.701+0000] {dag.py:4180} INFO - Setting next_dagrun for example_external_task_marker_parent to None, run_after=None
[2025-01-26T18:55:44.718+0000] {processor.py:208} INFO - Processing /home/airflow/.local/lib/python3.12/site-packages/airflow/example_dags/example_external_task_marker_dag.py took 0.089 seconds
[2025-01-26T18:56:15.218+0000] {processor.py:186} INFO - Started process (PID=563) to work on /home/airflow/.local/lib/python3.12/site-packages/airflow/example_dags/example_external_task_marker_dag.py
[2025-01-26T18:56:15.219+0000] {processor.py:914} INFO - Processing file /home/airflow/.local/lib/python3.12/site-packages/airflow/example_dags/example_external_task_marker_dag.py for tasks to queue
[2025-01-26T18:56:15.222+0000] {logging_mixin.py:190} INFO - [2025-01-26T18:56:15.221+0000] {dagbag.py:588} INFO - Filling up the DagBag from /home/airflow/.local/lib/python3.12/site-packages/airflow/example_dags/example_external_task_marker_dag.py
[2025-01-26T18:56:15.231+0000] {processor.py:925} INFO - DAG(s) 'example_external_task_marker_parent', 'example_external_task_marker_child' retrieved from /home/airflow/.local/lib/python3.12/site-packages/airflow/example_dags/example_external_task_marker_dag.py
[2025-01-26T18:56:15.258+0000] {logging_mixin.py:190} INFO - [2025-01-26T18:56:15.258+0000] {dag.py:3239} INFO - Sync 2 DAGs
[2025-01-26T18:56:15.277+0000] {logging_mixin.py:190} INFO - [2025-01-26T18:56:15.277+0000] {dag.py:4180} INFO - Setting next_dagrun for example_external_task_marker_child to None, run_after=None
[2025-01-26T18:56:15.282+0000] {logging_mixin.py:190} INFO - [2025-01-26T18:56:15.282+0000] {dag.py:4180} INFO - Setting next_dagrun for example_external_task_marker_parent to None, run_after=None
[2025-01-26T18:56:15.303+0000] {processor.py:208} INFO - Processing /home/airflow/.local/lib/python3.12/site-packages/airflow/example_dags/example_external_task_marker_dag.py took 0.091 seconds
[2025-01-26T18:56:46.046+0000] {processor.py:186} INFO - Started process (PID=628) to work on /home/airflow/.local/lib/python3.12/site-packages/airflow/example_dags/example_external_task_marker_dag.py
[2025-01-26T18:56:46.047+0000] {processor.py:914} INFO - Processing file /home/airflow/.local/lib/python3.12/site-packages/airflow/example_dags/example_external_task_marker_dag.py for tasks to queue
[2025-01-26T18:56:46.053+0000] {logging_mixin.py:190} INFO - [2025-01-26T18:56:46.053+0000] {dagbag.py:588} INFO - Filling up the DagBag from /home/airflow/.local/lib/python3.12/site-packages/airflow/example_dags/example_external_task_marker_dag.py
[2025-01-26T18:56:46.065+0000] {processor.py:925} INFO - DAG(s) 'example_external_task_marker_child', 'example_external_task_marker_parent' retrieved from /home/airflow/.local/lib/python3.12/site-packages/airflow/example_dags/example_external_task_marker_dag.py
[2025-01-26T18:56:46.121+0000] {logging_mixin.py:190} INFO - [2025-01-26T18:56:46.121+0000] {dag.py:3239} INFO - Sync 2 DAGs
[2025-01-26T18:56:46.142+0000] {logging_mixin.py:190} INFO - [2025-01-26T18:56:46.141+0000] {dag.py:4180} INFO - Setting next_dagrun for example_external_task_marker_child to None, run_after=None
[2025-01-26T18:56:46.146+0000] {logging_mixin.py:190} INFO - [2025-01-26T18:56:46.145+0000] {dag.py:4180} INFO - Setting next_dagrun for example_external_task_marker_parent to None, run_after=None
[2025-01-26T18:56:46.168+0000] {processor.py:208} INFO - Processing /home/airflow/.local/lib/python3.12/site-packages/airflow/example_dags/example_external_task_marker_dag.py took 0.129 seconds
[2025-01-26T18:57:17.117+0000] {processor.py:186} INFO - Started process (PID=693) to work on /home/airflow/.local/lib/python3.12/site-packages/airflow/example_dags/example_external_task_marker_dag.py
[2025-01-26T18:57:17.119+0000] {processor.py:914} INFO - Processing file /home/airflow/.local/lib/python3.12/site-packages/airflow/example_dags/example_external_task_marker_dag.py for tasks to queue
[2025-01-26T18:57:17.122+0000] {logging_mixin.py:190} INFO - [2025-01-26T18:57:17.121+0000] {dagbag.py:588} INFO - Filling up the DagBag from /home/airflow/.local/lib/python3.12/site-packages/airflow/example_dags/example_external_task_marker_dag.py
[2025-01-26T18:57:17.130+0000] {processor.py:925} INFO - DAG(s) 'example_external_task_marker_child', 'example_external_task_marker_parent' retrieved from /home/airflow/.local/lib/python3.12/site-packages/airflow/example_dags/example_external_task_marker_dag.py
[2025-01-26T18:57:17.161+0000] {logging_mixin.py:190} INFO - [2025-01-26T18:57:17.161+0000] {dag.py:3239} INFO - Sync 2 DAGs
[2025-01-26T18:57:17.180+0000] {logging_mixin.py:190} INFO - [2025-01-26T18:57:17.180+0000] {dag.py:4180} INFO - Setting next_dagrun for example_external_task_marker_child to None, run_after=None
[2025-01-26T18:57:17.186+0000] {logging_mixin.py:190} INFO - [2025-01-26T18:57:17.185+0000] {dag.py:4180} INFO - Setting next_dagrun for example_external_task_marker_parent to None, run_after=None
[2025-01-26T18:57:17.211+0000] {processor.py:208} INFO - Processing /home/airflow/.local/lib/python3.12/site-packages/airflow/example_dags/example_external_task_marker_dag.py took 0.104 seconds
[2025-01-26T18:57:47.608+0000] {processor.py:186} INFO - Started process (PID=759) to work on /home/airflow/.local/lib/python3.12/site-packages/airflow/example_dags/example_external_task_marker_dag.py
[2025-01-26T18:57:47.609+0000] {processor.py:914} INFO - Processing file /home/airflow/.local/lib/python3.12/site-packages/airflow/example_dags/example_external_task_marker_dag.py for tasks to queue
[2025-01-26T18:57:47.612+0000] {logging_mixin.py:190} INFO - [2025-01-26T18:57:47.612+0000] {dagbag.py:588} INFO - Filling up the DagBag from /home/airflow/.local/lib/python3.12/site-packages/airflow/example_dags/example_external_task_marker_dag.py
[2025-01-26T18:57:47.620+0000] {processor.py:925} INFO - DAG(s) 'example_external_task_marker_child', 'example_external_task_marker_parent' retrieved from /home/airflow/.local/lib/python3.12/site-packages/airflow/example_dags/example_external_task_marker_dag.py
[2025-01-26T18:57:47.647+0000] {logging_mixin.py:190} INFO - [2025-01-26T18:57:47.647+0000] {dag.py:3239} INFO - Sync 2 DAGs
[2025-01-26T18:57:47.670+0000] {logging_mixin.py:190} INFO - [2025-01-26T18:57:47.667+0000] {dag.py:4180} INFO - Setting next_dagrun for example_external_task_marker_child to None, run_after=None
[2025-01-26T18:57:47.674+0000] {logging_mixin.py:190} INFO - [2025-01-26T18:57:47.674+0000] {dag.py:4180} INFO - Setting next_dagrun for example_external_task_marker_parent to None, run_after=None
[2025-01-26T18:57:47.690+0000] {processor.py:208} INFO - Processing /home/airflow/.local/lib/python3.12/site-packages/airflow/example_dags/example_external_task_marker_dag.py took 0.087 seconds
[2025-01-26T18:58:18.433+0000] {processor.py:186} INFO - Started process (PID=824) to work on /home/airflow/.local/lib/python3.12/site-packages/airflow/example_dags/example_external_task_marker_dag.py
[2025-01-26T18:58:18.434+0000] {processor.py:914} INFO - Processing file /home/airflow/.local/lib/python3.12/site-packages/airflow/example_dags/example_external_task_marker_dag.py for tasks to queue
[2025-01-26T18:58:18.437+0000] {logging_mixin.py:190} INFO - [2025-01-26T18:58:18.437+0000] {dagbag.py:588} INFO - Filling up the DagBag from /home/airflow/.local/lib/python3.12/site-packages/airflow/example_dags/example_external_task_marker_dag.py
[2025-01-26T18:58:18.448+0000] {processor.py:925} INFO - DAG(s) 'example_external_task_marker_parent', 'example_external_task_marker_child' retrieved from /home/airflow/.local/lib/python3.12/site-packages/airflow/example_dags/example_external_task_marker_dag.py
[2025-01-26T18:58:18.488+0000] {logging_mixin.py:190} INFO - [2025-01-26T18:58:18.487+0000] {dag.py:3239} INFO - Sync 2 DAGs
[2025-01-26T18:58:18.511+0000] {logging_mixin.py:190} INFO - [2025-01-26T18:58:18.511+0000] {dag.py:4180} INFO - Setting next_dagrun for example_external_task_marker_child to None, run_after=None
[2025-01-26T18:58:18.517+0000] {logging_mixin.py:190} INFO - [2025-01-26T18:58:18.517+0000] {dag.py:4180} INFO - Setting next_dagrun for example_external_task_marker_parent to None, run_after=None
[2025-01-26T18:58:18.540+0000] {processor.py:208} INFO - Processing /home/airflow/.local/lib/python3.12/site-packages/airflow/example_dags/example_external_task_marker_dag.py took 0.115 seconds
[2025-01-26T18:58:48.745+0000] {processor.py:186} INFO - Started process (PID=889) to work on /home/airflow/.local/lib/python3.12/site-packages/airflow/example_dags/example_external_task_marker_dag.py
[2025-01-26T18:58:48.746+0000] {processor.py:914} INFO - Processing file /home/airflow/.local/lib/python3.12/site-packages/airflow/example_dags/example_external_task_marker_dag.py for tasks to queue
[2025-01-26T18:58:48.749+0000] {logging_mixin.py:190} INFO - [2025-01-26T18:58:48.749+0000] {dagbag.py:588} INFO - Filling up the DagBag from /home/airflow/.local/lib/python3.12/site-packages/airflow/example_dags/example_external_task_marker_dag.py
[2025-01-26T18:58:48.758+0000] {processor.py:925} INFO - DAG(s) 'example_external_task_marker_child', 'example_external_task_marker_parent' retrieved from /home/airflow/.local/lib/python3.12/site-packages/airflow/example_dags/example_external_task_marker_dag.py
[2025-01-26T18:58:48.785+0000] {logging_mixin.py:190} INFO - [2025-01-26T18:58:48.785+0000] {dag.py:3239} INFO - Sync 2 DAGs
[2025-01-26T18:58:48.803+0000] {logging_mixin.py:190} INFO - [2025-01-26T18:58:48.802+0000] {dag.py:4180} INFO - Setting next_dagrun for example_external_task_marker_child to None, run_after=None
[2025-01-26T18:58:48.807+0000] {logging_mixin.py:190} INFO - [2025-01-26T18:58:48.807+0000] {dag.py:4180} INFO - Setting next_dagrun for example_external_task_marker_parent to None, run_after=None
[2025-01-26T18:58:48.827+0000] {processor.py:208} INFO - Processing /home/airflow/.local/lib/python3.12/site-packages/airflow/example_dags/example_external_task_marker_dag.py took 0.088 seconds
[2025-01-26T18:59:19.485+0000] {processor.py:186} INFO - Started process (PID=954) to work on /home/airflow/.local/lib/python3.12/site-packages/airflow/example_dags/example_external_task_marker_dag.py
[2025-01-26T18:59:19.486+0000] {processor.py:914} INFO - Processing file /home/airflow/.local/lib/python3.12/site-packages/airflow/example_dags/example_external_task_marker_dag.py for tasks to queue
[2025-01-26T18:59:19.490+0000] {logging_mixin.py:190} INFO - [2025-01-26T18:59:19.489+0000] {dagbag.py:588} INFO - Filling up the DagBag from /home/airflow/.local/lib/python3.12/site-packages/airflow/example_dags/example_external_task_marker_dag.py
[2025-01-26T18:59:19.502+0000] {processor.py:925} INFO - DAG(s) 'example_external_task_marker_child', 'example_external_task_marker_parent' retrieved from /home/airflow/.local/lib/python3.12/site-packages/airflow/example_dags/example_external_task_marker_dag.py
[2025-01-26T18:59:19.540+0000] {logging_mixin.py:190} INFO - [2025-01-26T18:59:19.539+0000] {dag.py:3239} INFO - Sync 2 DAGs
[2025-01-26T18:59:19.566+0000] {logging_mixin.py:190} INFO - [2025-01-26T18:59:19.566+0000] {dag.py:4180} INFO - Setting next_dagrun for example_external_task_marker_child to None, run_after=None
[2025-01-26T18:59:19.572+0000] {logging_mixin.py:190} INFO - [2025-01-26T18:59:19.572+0000] {dag.py:4180} INFO - Setting next_dagrun for example_external_task_marker_parent to None, run_after=None
[2025-01-26T18:59:19.599+0000] {processor.py:208} INFO - Processing /home/airflow/.local/lib/python3.12/site-packages/airflow/example_dags/example_external_task_marker_dag.py took 0.124 seconds
[2025-01-26T18:59:49.743+0000] {processor.py:186} INFO - Started process (PID=1019) to work on /home/airflow/.local/lib/python3.12/site-packages/airflow/example_dags/example_external_task_marker_dag.py
[2025-01-26T18:59:49.744+0000] {processor.py:914} INFO - Processing file /home/airflow/.local/lib/python3.12/site-packages/airflow/example_dags/example_external_task_marker_dag.py for tasks to queue
[2025-01-26T18:59:49.746+0000] {logging_mixin.py:190} INFO - [2025-01-26T18:59:49.746+0000] {dagbag.py:588} INFO - Filling up the DagBag from /home/airflow/.local/lib/python3.12/site-packages/airflow/example_dags/example_external_task_marker_dag.py
[2025-01-26T18:59:49.755+0000] {processor.py:925} INFO - DAG(s) 'example_external_task_marker_child', 'example_external_task_marker_parent' retrieved from /home/airflow/.local/lib/python3.12/site-packages/airflow/example_dags/example_external_task_marker_dag.py
[2025-01-26T18:59:49.783+0000] {logging_mixin.py:190} INFO - [2025-01-26T18:59:49.782+0000] {dag.py:3239} INFO - Sync 2 DAGs
[2025-01-26T18:59:49.799+0000] {logging_mixin.py:190} INFO - [2025-01-26T18:59:49.798+0000] {dag.py:4180} INFO - Setting next_dagrun for example_external_task_marker_child to None, run_after=None
[2025-01-26T18:59:49.803+0000] {logging_mixin.py:190} INFO - [2025-01-26T18:59:49.803+0000] {dag.py:4180} INFO - Setting next_dagrun for example_external_task_marker_parent to None, run_after=None
[2025-01-26T18:59:49.823+0000] {processor.py:208} INFO - Processing /home/airflow/.local/lib/python3.12/site-packages/airflow/example_dags/example_external_task_marker_dag.py took 0.086 seconds
[2025-01-26T19:00:19.911+0000] {processor.py:186} INFO - Started process (PID=1084) to work on /home/airflow/.local/lib/python3.12/site-packages/airflow/example_dags/example_external_task_marker_dag.py
[2025-01-26T19:00:19.912+0000] {processor.py:914} INFO - Processing file /home/airflow/.local/lib/python3.12/site-packages/airflow/example_dags/example_external_task_marker_dag.py for tasks to queue
[2025-01-26T19:00:19.915+0000] {logging_mixin.py:190} INFO - [2025-01-26T19:00:19.914+0000] {dagbag.py:588} INFO - Filling up the DagBag from /home/airflow/.local/lib/python3.12/site-packages/airflow/example_dags/example_external_task_marker_dag.py
[2025-01-26T19:00:19.925+0000] {processor.py:925} INFO - DAG(s) 'example_external_task_marker_parent', 'example_external_task_marker_child' retrieved from /home/airflow/.local/lib/python3.12/site-packages/airflow/example_dags/example_external_task_marker_dag.py
[2025-01-26T19:00:19.951+0000] {logging_mixin.py:190} INFO - [2025-01-26T19:00:19.951+0000] {dag.py:3239} INFO - Sync 2 DAGs
[2025-01-26T19:00:19.972+0000] {logging_mixin.py:190} INFO - [2025-01-26T19:00:19.972+0000] {dag.py:4180} INFO - Setting next_dagrun for example_external_task_marker_child to None, run_after=None
[2025-01-26T19:00:19.978+0000] {logging_mixin.py:190} INFO - [2025-01-26T19:00:19.978+0000] {dag.py:4180} INFO - Setting next_dagrun for example_external_task_marker_parent to None, run_after=None
[2025-01-26T19:00:20.003+0000] {processor.py:208} INFO - Processing /home/airflow/.local/lib/python3.12/site-packages/airflow/example_dags/example_external_task_marker_dag.py took 0.098 seconds
[2025-01-26T19:00:50.116+0000] {processor.py:186} INFO - Started process (PID=1149) to work on /home/airflow/.local/lib/python3.12/site-packages/airflow/example_dags/example_external_task_marker_dag.py
[2025-01-26T19:00:50.118+0000] {processor.py:914} INFO - Processing file /home/airflow/.local/lib/python3.12/site-packages/airflow/example_dags/example_external_task_marker_dag.py for tasks to queue
[2025-01-26T19:00:50.121+0000] {logging_mixin.py:190} INFO - [2025-01-26T19:00:50.121+0000] {dagbag.py:588} INFO - Filling up the DagBag from /home/airflow/.local/lib/python3.12/site-packages/airflow/example_dags/example_external_task_marker_dag.py
[2025-01-26T19:00:50.149+0000] {processor.py:925} INFO - DAG(s) 'example_external_task_marker_parent', 'example_external_task_marker_child' retrieved from /home/airflow/.local/lib/python3.12/site-packages/airflow/example_dags/example_external_task_marker_dag.py
[2025-01-26T19:00:50.191+0000] {logging_mixin.py:190} INFO - [2025-01-26T19:00:50.191+0000] {dag.py:3239} INFO - Sync 2 DAGs
[2025-01-26T19:00:50.213+0000] {logging_mixin.py:190} INFO - [2025-01-26T19:00:50.213+0000] {dag.py:4180} INFO - Setting next_dagrun for example_external_task_marker_child to None, run_after=None
[2025-01-26T19:00:50.220+0000] {logging_mixin.py:190} INFO - [2025-01-26T19:00:50.219+0000] {dag.py:4180} INFO - Setting next_dagrun for example_external_task_marker_parent to None, run_after=None
[2025-01-26T19:00:50.239+0000] {processor.py:208} INFO - Processing /home/airflow/.local/lib/python3.12/site-packages/airflow/example_dags/example_external_task_marker_dag.py took 0.134 seconds
[2025-01-26T19:01:20.437+0000] {processor.py:186} INFO - Started process (PID=1214) to work on /home/airflow/.local/lib/python3.12/site-packages/airflow/example_dags/example_external_task_marker_dag.py
[2025-01-26T19:01:20.438+0000] {processor.py:914} INFO - Processing file /home/airflow/.local/lib/python3.12/site-packages/airflow/example_dags/example_external_task_marker_dag.py for tasks to queue
[2025-01-26T19:01:20.441+0000] {logging_mixin.py:190} INFO - [2025-01-26T19:01:20.440+0000] {dagbag.py:588} INFO - Filling up the DagBag from /home/airflow/.local/lib/python3.12/site-packages/airflow/example_dags/example_external_task_marker_dag.py
[2025-01-26T19:01:20.449+0000] {processor.py:925} INFO - DAG(s) 'example_external_task_marker_child', 'example_external_task_marker_parent' retrieved from /home/airflow/.local/lib/python3.12/site-packages/airflow/example_dags/example_external_task_marker_dag.py
[2025-01-26T19:01:20.470+0000] {logging_mixin.py:190} INFO - [2025-01-26T19:01:20.469+0000] {dag.py:3239} INFO - Sync 2 DAGs
[2025-01-26T19:01:20.486+0000] {logging_mixin.py:190} INFO - [2025-01-26T19:01:20.485+0000] {dag.py:4180} INFO - Setting next_dagrun for example_external_task_marker_child to None, run_after=None
[2025-01-26T19:01:20.490+0000] {logging_mixin.py:190} INFO - [2025-01-26T19:01:20.490+0000] {dag.py:4180} INFO - Setting next_dagrun for example_external_task_marker_parent to None, run_after=None
[2025-01-26T19:01:20.511+0000] {processor.py:208} INFO - Processing /home/airflow/.local/lib/python3.12/site-packages/airflow/example_dags/example_external_task_marker_dag.py took 0.079 seconds
[2025-01-26T19:01:51.091+0000] {processor.py:186} INFO - Started process (PID=1279) to work on /home/airflow/.local/lib/python3.12/site-packages/airflow/example_dags/example_external_task_marker_dag.py
[2025-01-26T19:01:51.092+0000] {processor.py:914} INFO - Processing file /home/airflow/.local/lib/python3.12/site-packages/airflow/example_dags/example_external_task_marker_dag.py for tasks to queue
[2025-01-26T19:01:51.094+0000] {logging_mixin.py:190} INFO - [2025-01-26T19:01:51.094+0000] {dagbag.py:588} INFO - Filling up the DagBag from /home/airflow/.local/lib/python3.12/site-packages/airflow/example_dags/example_external_task_marker_dag.py
[2025-01-26T19:01:51.103+0000] {processor.py:925} INFO - DAG(s) 'example_external_task_marker_child', 'example_external_task_marker_parent' retrieved from /home/airflow/.local/lib/python3.12/site-packages/airflow/example_dags/example_external_task_marker_dag.py
[2025-01-26T19:01:51.130+0000] {logging_mixin.py:190} INFO - [2025-01-26T19:01:51.130+0000] {dag.py:3239} INFO - Sync 2 DAGs
[2025-01-26T19:01:51.146+0000] {logging_mixin.py:190} INFO - [2025-01-26T19:01:51.146+0000] {dag.py:4180} INFO - Setting next_dagrun for example_external_task_marker_child to None, run_after=None
[2025-01-26T19:01:51.151+0000] {logging_mixin.py:190} INFO - [2025-01-26T19:01:51.150+0000] {dag.py:4180} INFO - Setting next_dagrun for example_external_task_marker_parent to None, run_after=None
[2025-01-26T19:01:51.169+0000] {processor.py:208} INFO - Processing /home/airflow/.local/lib/python3.12/site-packages/airflow/example_dags/example_external_task_marker_dag.py took 0.085 seconds
[2025-01-26T19:02:21.606+0000] {processor.py:186} INFO - Started process (PID=1344) to work on /home/airflow/.local/lib/python3.12/site-packages/airflow/example_dags/example_external_task_marker_dag.py
[2025-01-26T19:02:21.607+0000] {processor.py:914} INFO - Processing file /home/airflow/.local/lib/python3.12/site-packages/airflow/example_dags/example_external_task_marker_dag.py for tasks to queue
[2025-01-26T19:02:21.609+0000] {logging_mixin.py:190} INFO - [2025-01-26T19:02:21.609+0000] {dagbag.py:588} INFO - Filling up the DagBag from /home/airflow/.local/lib/python3.12/site-packages/airflow/example_dags/example_external_task_marker_dag.py
[2025-01-26T19:02:21.620+0000] {processor.py:925} INFO - DAG(s) 'example_external_task_marker_child', 'example_external_task_marker_parent' retrieved from /home/airflow/.local/lib/python3.12/site-packages/airflow/example_dags/example_external_task_marker_dag.py
[2025-01-26T19:02:21.650+0000] {logging_mixin.py:190} INFO - [2025-01-26T19:02:21.650+0000] {dag.py:3239} INFO - Sync 2 DAGs
[2025-01-26T19:02:21.669+0000] {logging_mixin.py:190} INFO - [2025-01-26T19:02:21.669+0000] {dag.py:4180} INFO - Setting next_dagrun for example_external_task_marker_child to None, run_after=None
[2025-01-26T19:02:21.674+0000] {logging_mixin.py:190} INFO - [2025-01-26T19:02:21.674+0000] {dag.py:4180} INFO - Setting next_dagrun for example_external_task_marker_parent to None, run_after=None
[2025-01-26T19:02:21.697+0000] {processor.py:208} INFO - Processing /home/airflow/.local/lib/python3.12/site-packages/airflow/example_dags/example_external_task_marker_dag.py took 0.097 seconds
[2025-01-26T19:02:51.953+0000] {processor.py:186} INFO - Started process (PID=1409) to work on /home/airflow/.local/lib/python3.12/site-packages/airflow/example_dags/example_external_task_marker_dag.py
[2025-01-26T19:02:51.954+0000] {processor.py:914} INFO - Processing file /home/airflow/.local/lib/python3.12/site-packages/airflow/example_dags/example_external_task_marker_dag.py for tasks to queue
[2025-01-26T19:02:51.957+0000] {logging_mixin.py:190} INFO - [2025-01-26T19:02:51.957+0000] {dagbag.py:588} INFO - Filling up the DagBag from /home/airflow/.local/lib/python3.12/site-packages/airflow/example_dags/example_external_task_marker_dag.py
[2025-01-26T19:02:51.965+0000] {processor.py:925} INFO - DAG(s) 'example_external_task_marker_child', 'example_external_task_marker_parent' retrieved from /home/airflow/.local/lib/python3.12/site-packages/airflow/example_dags/example_external_task_marker_dag.py
[2025-01-26T19:02:51.988+0000] {logging_mixin.py:190} INFO - [2025-01-26T19:02:51.988+0000] {dag.py:3239} INFO - Sync 2 DAGs
[2025-01-26T19:02:52.007+0000] {logging_mixin.py:190} INFO - [2025-01-26T19:02:52.007+0000] {dag.py:4180} INFO - Setting next_dagrun for example_external_task_marker_child to None, run_after=None
[2025-01-26T19:02:52.012+0000] {logging_mixin.py:190} INFO - [2025-01-26T19:02:52.012+0000] {dag.py:4180} INFO - Setting next_dagrun for example_external_task_marker_parent to None, run_after=None
[2025-01-26T19:02:52.032+0000] {processor.py:208} INFO - Processing /home/airflow/.local/lib/python3.12/site-packages/airflow/example_dags/example_external_task_marker_dag.py took 0.087 seconds
[2025-01-26T19:03:22.692+0000] {processor.py:186} INFO - Started process (PID=1474) to work on /home/airflow/.local/lib/python3.12/site-packages/airflow/example_dags/example_external_task_marker_dag.py
[2025-01-26T19:03:22.693+0000] {processor.py:914} INFO - Processing file /home/airflow/.local/lib/python3.12/site-packages/airflow/example_dags/example_external_task_marker_dag.py for tasks to queue
[2025-01-26T19:03:22.695+0000] {logging_mixin.py:190} INFO - [2025-01-26T19:03:22.695+0000] {dagbag.py:588} INFO - Filling up the DagBag from /home/airflow/.local/lib/python3.12/site-packages/airflow/example_dags/example_external_task_marker_dag.py
[2025-01-26T19:03:22.704+0000] {processor.py:925} INFO - DAG(s) 'example_external_task_marker_parent', 'example_external_task_marker_child' retrieved from /home/airflow/.local/lib/python3.12/site-packages/airflow/example_dags/example_external_task_marker_dag.py
[2025-01-26T19:03:22.728+0000] {logging_mixin.py:190} INFO - [2025-01-26T19:03:22.727+0000] {dag.py:3239} INFO - Sync 2 DAGs
[2025-01-26T19:03:22.745+0000] {logging_mixin.py:190} INFO - [2025-01-26T19:03:22.745+0000] {dag.py:4180} INFO - Setting next_dagrun for example_external_task_marker_child to None, run_after=None
[2025-01-26T19:03:22.749+0000] {logging_mixin.py:190} INFO - [2025-01-26T19:03:22.749+0000] {dag.py:4180} INFO - Setting next_dagrun for example_external_task_marker_parent to None, run_after=None
[2025-01-26T19:03:22.768+0000] {processor.py:208} INFO - Processing /home/airflow/.local/lib/python3.12/site-packages/airflow/example_dags/example_external_task_marker_dag.py took 0.083 seconds
[2025-01-26T19:03:53.151+0000] {processor.py:186} INFO - Started process (PID=1539) to work on /home/airflow/.local/lib/python3.12/site-packages/airflow/example_dags/example_external_task_marker_dag.py
[2025-01-26T19:03:53.152+0000] {processor.py:914} INFO - Processing file /home/airflow/.local/lib/python3.12/site-packages/airflow/example_dags/example_external_task_marker_dag.py for tasks to queue
[2025-01-26T19:03:53.155+0000] {logging_mixin.py:190} INFO - [2025-01-26T19:03:53.154+0000] {dagbag.py:588} INFO - Filling up the DagBag from /home/airflow/.local/lib/python3.12/site-packages/airflow/example_dags/example_external_task_marker_dag.py
[2025-01-26T19:03:53.165+0000] {processor.py:925} INFO - DAG(s) 'example_external_task_marker_parent', 'example_external_task_marker_child' retrieved from /home/airflow/.local/lib/python3.12/site-packages/airflow/example_dags/example_external_task_marker_dag.py
[2025-01-26T19:03:53.191+0000] {logging_mixin.py:190} INFO - [2025-01-26T19:03:53.191+0000] {dag.py:3239} INFO - Sync 2 DAGs
[2025-01-26T19:03:53.211+0000] {logging_mixin.py:190} INFO - [2025-01-26T19:03:53.211+0000] {dag.py:4180} INFO - Setting next_dagrun for example_external_task_marker_child to None, run_after=None
[2025-01-26T19:03:53.216+0000] {logging_mixin.py:190} INFO - [2025-01-26T19:03:53.216+0000] {dag.py:4180} INFO - Setting next_dagrun for example_external_task_marker_parent to None, run_after=None
[2025-01-26T19:03:53.236+0000] {processor.py:208} INFO - Processing /home/airflow/.local/lib/python3.12/site-packages/airflow/example_dags/example_external_task_marker_dag.py took 0.091 seconds
[2025-01-26T19:04:23.491+0000] {processor.py:186} INFO - Started process (PID=1605) to work on /home/airflow/.local/lib/python3.12/site-packages/airflow/example_dags/example_external_task_marker_dag.py
[2025-01-26T19:04:23.492+0000] {processor.py:914} INFO - Processing file /home/airflow/.local/lib/python3.12/site-packages/airflow/example_dags/example_external_task_marker_dag.py for tasks to queue
[2025-01-26T19:04:23.520+0000] {logging_mixin.py:190} INFO - [2025-01-26T19:04:23.519+0000] {dagbag.py:588} INFO - Filling up the DagBag from /home/airflow/.local/lib/python3.12/site-packages/airflow/example_dags/example_external_task_marker_dag.py
[2025-01-26T19:04:23.535+0000] {processor.py:925} INFO - DAG(s) 'example_external_task_marker_child', 'example_external_task_marker_parent' retrieved from /home/airflow/.local/lib/python3.12/site-packages/airflow/example_dags/example_external_task_marker_dag.py
[2025-01-26T19:04:23.558+0000] {logging_mixin.py:190} INFO - [2025-01-26T19:04:23.558+0000] {dag.py:3239} INFO - Sync 2 DAGs
[2025-01-26T19:04:23.586+0000] {logging_mixin.py:190} INFO - [2025-01-26T19:04:23.585+0000] {dag.py:4180} INFO - Setting next_dagrun for example_external_task_marker_child to None, run_after=None
[2025-01-26T19:04:23.592+0000] {logging_mixin.py:190} INFO - [2025-01-26T19:04:23.591+0000] {dag.py:4180} INFO - Setting next_dagrun for example_external_task_marker_parent to None, run_after=None
[2025-01-26T19:04:23.609+0000] {processor.py:208} INFO - Processing /home/airflow/.local/lib/python3.12/site-packages/airflow/example_dags/example_external_task_marker_dag.py took 0.124 seconds
[2025-01-26T19:04:54.404+0000] {processor.py:186} INFO - Started process (PID=1669) to work on /home/airflow/.local/lib/python3.12/site-packages/airflow/example_dags/example_external_task_marker_dag.py
[2025-01-26T19:04:54.406+0000] {processor.py:914} INFO - Processing file /home/airflow/.local/lib/python3.12/site-packages/airflow/example_dags/example_external_task_marker_dag.py for tasks to queue
[2025-01-26T19:04:54.418+0000] {logging_mixin.py:190} INFO - [2025-01-26T19:04:54.417+0000] {dagbag.py:588} INFO - Filling up the DagBag from /home/airflow/.local/lib/python3.12/site-packages/airflow/example_dags/example_external_task_marker_dag.py
[2025-01-26T19:04:54.432+0000] {processor.py:925} INFO - DAG(s) 'example_external_task_marker_child', 'example_external_task_marker_parent' retrieved from /home/airflow/.local/lib/python3.12/site-packages/airflow/example_dags/example_external_task_marker_dag.py
[2025-01-26T19:04:54.504+0000] {logging_mixin.py:190} INFO - [2025-01-26T19:04:54.504+0000] {dag.py:3239} INFO - Sync 2 DAGs
[2025-01-26T19:04:54.537+0000] {logging_mixin.py:190} INFO - [2025-01-26T19:04:54.537+0000] {dag.py:4180} INFO - Setting next_dagrun for example_external_task_marker_child to None, run_after=None
[2025-01-26T19:04:54.548+0000] {logging_mixin.py:190} INFO - [2025-01-26T19:04:54.548+0000] {dag.py:4180} INFO - Setting next_dagrun for example_external_task_marker_parent to None, run_after=None
[2025-01-26T19:04:54.593+0000] {processor.py:208} INFO - Processing /home/airflow/.local/lib/python3.12/site-packages/airflow/example_dags/example_external_task_marker_dag.py took 0.197 seconds
[2025-01-26T19:05:24.979+0000] {processor.py:186} INFO - Started process (PID=1734) to work on /home/airflow/.local/lib/python3.12/site-packages/airflow/example_dags/example_external_task_marker_dag.py
[2025-01-26T19:05:24.981+0000] {processor.py:914} INFO - Processing file /home/airflow/.local/lib/python3.12/site-packages/airflow/example_dags/example_external_task_marker_dag.py for tasks to queue
[2025-01-26T19:05:24.983+0000] {logging_mixin.py:190} INFO - [2025-01-26T19:05:24.983+0000] {dagbag.py:588} INFO - Filling up the DagBag from /home/airflow/.local/lib/python3.12/site-packages/airflow/example_dags/example_external_task_marker_dag.py
[2025-01-26T19:05:24.994+0000] {processor.py:925} INFO - DAG(s) 'example_external_task_marker_parent', 'example_external_task_marker_child' retrieved from /home/airflow/.local/lib/python3.12/site-packages/airflow/example_dags/example_external_task_marker_dag.py
[2025-01-26T19:05:25.023+0000] {logging_mixin.py:190} INFO - [2025-01-26T19:05:25.022+0000] {dag.py:3239} INFO - Sync 2 DAGs
[2025-01-26T19:05:25.041+0000] {logging_mixin.py:190} INFO - [2025-01-26T19:05:25.040+0000] {dag.py:4180} INFO - Setting next_dagrun for example_external_task_marker_child to None, run_after=None
[2025-01-26T19:05:25.047+0000] {logging_mixin.py:190} INFO - [2025-01-26T19:05:25.047+0000] {dag.py:4180} INFO - Setting next_dagrun for example_external_task_marker_parent to None, run_after=None
[2025-01-26T19:05:25.070+0000] {processor.py:208} INFO - Processing /home/airflow/.local/lib/python3.12/site-packages/airflow/example_dags/example_external_task_marker_dag.py took 0.100 seconds
[2025-01-26T19:05:55.535+0000] {processor.py:186} INFO - Started process (PID=1799) to work on /home/airflow/.local/lib/python3.12/site-packages/airflow/example_dags/example_external_task_marker_dag.py
[2025-01-26T19:05:55.536+0000] {processor.py:914} INFO - Processing file /home/airflow/.local/lib/python3.12/site-packages/airflow/example_dags/example_external_task_marker_dag.py for tasks to queue
[2025-01-26T19:05:55.540+0000] {logging_mixin.py:190} INFO - [2025-01-26T19:05:55.540+0000] {dagbag.py:588} INFO - Filling up the DagBag from /home/airflow/.local/lib/python3.12/site-packages/airflow/example_dags/example_external_task_marker_dag.py
[2025-01-26T19:05:55.550+0000] {processor.py:925} INFO - DAG(s) 'example_external_task_marker_parent', 'example_external_task_marker_child' retrieved from /home/airflow/.local/lib/python3.12/site-packages/airflow/example_dags/example_external_task_marker_dag.py
[2025-01-26T19:05:55.578+0000] {logging_mixin.py:190} INFO - [2025-01-26T19:05:55.577+0000] {dag.py:3239} INFO - Sync 2 DAGs
[2025-01-26T19:05:55.595+0000] {logging_mixin.py:190} INFO - [2025-01-26T19:05:55.595+0000] {dag.py:4180} INFO - Setting next_dagrun for example_external_task_marker_child to None, run_after=None
[2025-01-26T19:05:55.603+0000] {logging_mixin.py:190} INFO - [2025-01-26T19:05:55.603+0000] {dag.py:4180} INFO - Setting next_dagrun for example_external_task_marker_parent to None, run_after=None
[2025-01-26T19:05:55.634+0000] {processor.py:208} INFO - Processing /home/airflow/.local/lib/python3.12/site-packages/airflow/example_dags/example_external_task_marker_dag.py took 0.106 seconds
[2025-01-26T19:06:26.325+0000] {processor.py:186} INFO - Started process (PID=1864) to work on /home/airflow/.local/lib/python3.12/site-packages/airflow/example_dags/example_external_task_marker_dag.py
[2025-01-26T19:06:26.326+0000] {processor.py:914} INFO - Processing file /home/airflow/.local/lib/python3.12/site-packages/airflow/example_dags/example_external_task_marker_dag.py for tasks to queue
[2025-01-26T19:06:26.329+0000] {logging_mixin.py:190} INFO - [2025-01-26T19:06:26.329+0000] {dagbag.py:588} INFO - Filling up the DagBag from /home/airflow/.local/lib/python3.12/site-packages/airflow/example_dags/example_external_task_marker_dag.py
[2025-01-26T19:06:26.360+0000] {processor.py:925} INFO - DAG(s) 'example_external_task_marker_child', 'example_external_task_marker_parent' retrieved from /home/airflow/.local/lib/python3.12/site-packages/airflow/example_dags/example_external_task_marker_dag.py
[2025-01-26T19:06:26.426+0000] {logging_mixin.py:190} INFO - [2025-01-26T19:06:26.426+0000] {dag.py:3239} INFO - Sync 2 DAGs
[2025-01-26T19:06:26.447+0000] {logging_mixin.py:190} INFO - [2025-01-26T19:06:26.447+0000] {dag.py:4180} INFO - Setting next_dagrun for example_external_task_marker_child to None, run_after=None
[2025-01-26T19:06:26.451+0000] {logging_mixin.py:190} INFO - [2025-01-26T19:06:26.450+0000] {dag.py:4180} INFO - Setting next_dagrun for example_external_task_marker_parent to None, run_after=None
[2025-01-26T19:06:26.477+0000] {processor.py:208} INFO - Processing /home/airflow/.local/lib/python3.12/site-packages/airflow/example_dags/example_external_task_marker_dag.py took 0.164 seconds
[2025-01-26T19:06:57.413+0000] {processor.py:186} INFO - Started process (PID=1929) to work on /home/airflow/.local/lib/python3.12/site-packages/airflow/example_dags/example_external_task_marker_dag.py
[2025-01-26T19:06:57.414+0000] {processor.py:914} INFO - Processing file /home/airflow/.local/lib/python3.12/site-packages/airflow/example_dags/example_external_task_marker_dag.py for tasks to queue
[2025-01-26T19:06:57.419+0000] {logging_mixin.py:190} INFO - [2025-01-26T19:06:57.418+0000] {dagbag.py:588} INFO - Filling up the DagBag from /home/airflow/.local/lib/python3.12/site-packages/airflow/example_dags/example_external_task_marker_dag.py
[2025-01-26T19:06:57.432+0000] {processor.py:925} INFO - DAG(s) 'example_external_task_marker_parent', 'example_external_task_marker_child' retrieved from /home/airflow/.local/lib/python3.12/site-packages/airflow/example_dags/example_external_task_marker_dag.py
[2025-01-26T19:06:57.465+0000] {logging_mixin.py:190} INFO - [2025-01-26T19:06:57.465+0000] {dag.py:3239} INFO - Sync 2 DAGs
[2025-01-26T19:06:57.489+0000] {logging_mixin.py:190} INFO - [2025-01-26T19:06:57.488+0000] {dag.py:4180} INFO - Setting next_dagrun for example_external_task_marker_child to None, run_after=None
[2025-01-26T19:06:57.497+0000] {logging_mixin.py:190} INFO - [2025-01-26T19:06:57.497+0000] {dag.py:4180} INFO - Setting next_dagrun for example_external_task_marker_parent to None, run_after=None
[2025-01-26T19:06:57.521+0000] {processor.py:208} INFO - Processing /home/airflow/.local/lib/python3.12/site-packages/airflow/example_dags/example_external_task_marker_dag.py took 0.118 seconds
[2025-01-26T19:07:27.893+0000] {processor.py:186} INFO - Started process (PID=1994) to work on /home/airflow/.local/lib/python3.12/site-packages/airflow/example_dags/example_external_task_marker_dag.py
[2025-01-26T19:07:27.896+0000] {processor.py:914} INFO - Processing file /home/airflow/.local/lib/python3.12/site-packages/airflow/example_dags/example_external_task_marker_dag.py for tasks to queue
[2025-01-26T19:07:27.905+0000] {logging_mixin.py:190} INFO - [2025-01-26T19:07:27.905+0000] {dagbag.py:588} INFO - Filling up the DagBag from /home/airflow/.local/lib/python3.12/site-packages/airflow/example_dags/example_external_task_marker_dag.py
[2025-01-26T19:07:27.916+0000] {processor.py:925} INFO - DAG(s) 'example_external_task_marker_child', 'example_external_task_marker_parent' retrieved from /home/airflow/.local/lib/python3.12/site-packages/airflow/example_dags/example_external_task_marker_dag.py
[2025-01-26T19:07:27.954+0000] {logging_mixin.py:190} INFO - [2025-01-26T19:07:27.954+0000] {dag.py:3239} INFO - Sync 2 DAGs
[2025-01-26T19:07:27.976+0000] {logging_mixin.py:190} INFO - [2025-01-26T19:07:27.976+0000] {dag.py:4180} INFO - Setting next_dagrun for example_external_task_marker_child to None, run_after=None
[2025-01-26T19:07:27.982+0000] {logging_mixin.py:190} INFO - [2025-01-26T19:07:27.981+0000] {dag.py:4180} INFO - Setting next_dagrun for example_external_task_marker_parent to None, run_after=None
[2025-01-26T19:07:28.004+0000] {processor.py:208} INFO - Processing /home/airflow/.local/lib/python3.12/site-packages/airflow/example_dags/example_external_task_marker_dag.py took 0.119 seconds
[2025-01-26T19:07:58.087+0000] {processor.py:186} INFO - Started process (PID=2058) to work on /home/airflow/.local/lib/python3.12/site-packages/airflow/example_dags/example_external_task_marker_dag.py
[2025-01-26T19:07:58.088+0000] {processor.py:914} INFO - Processing file /home/airflow/.local/lib/python3.12/site-packages/airflow/example_dags/example_external_task_marker_dag.py for tasks to queue
[2025-01-26T19:07:58.091+0000] {logging_mixin.py:190} INFO - [2025-01-26T19:07:58.090+0000] {dagbag.py:588} INFO - Filling up the DagBag from /home/airflow/.local/lib/python3.12/site-packages/airflow/example_dags/example_external_task_marker_dag.py
[2025-01-26T19:07:58.099+0000] {processor.py:925} INFO - DAG(s) 'example_external_task_marker_child', 'example_external_task_marker_parent' retrieved from /home/airflow/.local/lib/python3.12/site-packages/airflow/example_dags/example_external_task_marker_dag.py
[2025-01-26T19:07:58.125+0000] {logging_mixin.py:190} INFO - [2025-01-26T19:07:58.125+0000] {dag.py:3239} INFO - Sync 2 DAGs
[2025-01-26T19:07:58.140+0000] {logging_mixin.py:190} INFO - [2025-01-26T19:07:58.140+0000] {dag.py:4180} INFO - Setting next_dagrun for example_external_task_marker_child to None, run_after=None
[2025-01-26T19:07:58.145+0000] {logging_mixin.py:190} INFO - [2025-01-26T19:07:58.145+0000] {dag.py:4180} INFO - Setting next_dagrun for example_external_task_marker_parent to None, run_after=None
[2025-01-26T19:07:58.164+0000] {processor.py:208} INFO - Processing /home/airflow/.local/lib/python3.12/site-packages/airflow/example_dags/example_external_task_marker_dag.py took 0.082 seconds
[2025-01-26T19:08:28.720+0000] {processor.py:186} INFO - Started process (PID=2124) to work on /home/airflow/.local/lib/python3.12/site-packages/airflow/example_dags/example_external_task_marker_dag.py
[2025-01-26T19:08:28.721+0000] {processor.py:914} INFO - Processing file /home/airflow/.local/lib/python3.12/site-packages/airflow/example_dags/example_external_task_marker_dag.py for tasks to queue
[2025-01-26T19:08:28.725+0000] {logging_mixin.py:190} INFO - [2025-01-26T19:08:28.724+0000] {dagbag.py:588} INFO - Filling up the DagBag from /home/airflow/.local/lib/python3.12/site-packages/airflow/example_dags/example_external_task_marker_dag.py
[2025-01-26T19:08:28.737+0000] {processor.py:925} INFO - DAG(s) 'example_external_task_marker_parent', 'example_external_task_marker_child' retrieved from /home/airflow/.local/lib/python3.12/site-packages/airflow/example_dags/example_external_task_marker_dag.py
[2025-01-26T19:08:28.761+0000] {logging_mixin.py:190} INFO - [2025-01-26T19:08:28.761+0000] {dag.py:3239} INFO - Sync 2 DAGs
[2025-01-26T19:08:28.778+0000] {logging_mixin.py:190} INFO - [2025-01-26T19:08:28.778+0000] {dag.py:4180} INFO - Setting next_dagrun for example_external_task_marker_child to None, run_after=None
[2025-01-26T19:08:28.782+0000] {logging_mixin.py:190} INFO - [2025-01-26T19:08:28.782+0000] {dag.py:4180} INFO - Setting next_dagrun for example_external_task_marker_parent to None, run_after=None
[2025-01-26T19:08:28.801+0000] {processor.py:208} INFO - Processing /home/airflow/.local/lib/python3.12/site-packages/airflow/example_dags/example_external_task_marker_dag.py took 0.087 seconds
[2025-01-26T19:08:59.526+0000] {processor.py:186} INFO - Started process (PID=2190) to work on /home/airflow/.local/lib/python3.12/site-packages/airflow/example_dags/example_external_task_marker_dag.py
[2025-01-26T19:08:59.527+0000] {processor.py:914} INFO - Processing file /home/airflow/.local/lib/python3.12/site-packages/airflow/example_dags/example_external_task_marker_dag.py for tasks to queue
[2025-01-26T19:08:59.532+0000] {logging_mixin.py:190} INFO - [2025-01-26T19:08:59.531+0000] {dagbag.py:588} INFO - Filling up the DagBag from /home/airflow/.local/lib/python3.12/site-packages/airflow/example_dags/example_external_task_marker_dag.py
[2025-01-26T19:08:59.543+0000] {processor.py:925} INFO - DAG(s) 'example_external_task_marker_parent', 'example_external_task_marker_child' retrieved from /home/airflow/.local/lib/python3.12/site-packages/airflow/example_dags/example_external_task_marker_dag.py
[2025-01-26T19:08:59.576+0000] {logging_mixin.py:190} INFO - [2025-01-26T19:08:59.576+0000] {dag.py:3239} INFO - Sync 2 DAGs
[2025-01-26T19:08:59.597+0000] {logging_mixin.py:190} INFO - [2025-01-26T19:08:59.597+0000] {dag.py:4180} INFO - Setting next_dagrun for example_external_task_marker_child to None, run_after=None
[2025-01-26T19:08:59.603+0000] {logging_mixin.py:190} INFO - [2025-01-26T19:08:59.602+0000] {dag.py:4180} INFO - Setting next_dagrun for example_external_task_marker_parent to None, run_after=None
[2025-01-26T19:08:59.632+0000] {processor.py:208} INFO - Processing /home/airflow/.local/lib/python3.12/site-packages/airflow/example_dags/example_external_task_marker_dag.py took 0.114 seconds
[2025-01-26T19:10:05.790+0000] {processor.py:186} INFO - Started process (PID=38) to work on /home/airflow/.local/lib/python3.12/site-packages/airflow/example_dags/example_external_task_marker_dag.py
[2025-01-26T19:10:05.792+0000] {processor.py:914} INFO - Processing file /home/airflow/.local/lib/python3.12/site-packages/airflow/example_dags/example_external_task_marker_dag.py for tasks to queue
[2025-01-26T19:10:05.798+0000] {logging_mixin.py:190} INFO - [2025-01-26T19:10:05.797+0000] {dagbag.py:588} INFO - Filling up the DagBag from /home/airflow/.local/lib/python3.12/site-packages/airflow/example_dags/example_external_task_marker_dag.py
[2025-01-26T19:10:05.824+0000] {processor.py:925} INFO - DAG(s) 'example_external_task_marker_child', 'example_external_task_marker_parent' retrieved from /home/airflow/.local/lib/python3.12/site-packages/airflow/example_dags/example_external_task_marker_dag.py
[2025-01-26T19:10:05.874+0000] {logging_mixin.py:190} INFO - [2025-01-26T19:10:05.874+0000] {dag.py:3239} INFO - Sync 2 DAGs
[2025-01-26T19:10:05.891+0000] {logging_mixin.py:190} INFO - [2025-01-26T19:10:05.891+0000] {dag.py:4180} INFO - Setting next_dagrun for example_external_task_marker_child to None, run_after=None
[2025-01-26T19:10:05.898+0000] {logging_mixin.py:190} INFO - [2025-01-26T19:10:05.897+0000] {dag.py:4180} INFO - Setting next_dagrun for example_external_task_marker_parent to None, run_after=None
[2025-01-26T19:10:05.918+0000] {processor.py:208} INFO - Processing /home/airflow/.local/lib/python3.12/site-packages/airflow/example_dags/example_external_task_marker_dag.py took 0.139 seconds
[2025-01-26T19:10:36.390+0000] {processor.py:186} INFO - Started process (PID=102) to work on /home/airflow/.local/lib/python3.12/site-packages/airflow/example_dags/example_external_task_marker_dag.py
[2025-01-26T19:10:36.391+0000] {processor.py:914} INFO - Processing file /home/airflow/.local/lib/python3.12/site-packages/airflow/example_dags/example_external_task_marker_dag.py for tasks to queue
[2025-01-26T19:10:36.395+0000] {logging_mixin.py:190} INFO - [2025-01-26T19:10:36.395+0000] {dagbag.py:588} INFO - Filling up the DagBag from /home/airflow/.local/lib/python3.12/site-packages/airflow/example_dags/example_external_task_marker_dag.py
[2025-01-26T19:10:36.410+0000] {processor.py:925} INFO - DAG(s) 'example_external_task_marker_child', 'example_external_task_marker_parent' retrieved from /home/airflow/.local/lib/python3.12/site-packages/airflow/example_dags/example_external_task_marker_dag.py
[2025-01-26T19:10:36.437+0000] {logging_mixin.py:190} INFO - [2025-01-26T19:10:36.437+0000] {dag.py:3239} INFO - Sync 2 DAGs
[2025-01-26T19:10:36.460+0000] {logging_mixin.py:190} INFO - [2025-01-26T19:10:36.460+0000] {dag.py:4180} INFO - Setting next_dagrun for example_external_task_marker_child to None, run_after=None
[2025-01-26T19:10:36.466+0000] {logging_mixin.py:190} INFO - [2025-01-26T19:10:36.466+0000] {dag.py:4180} INFO - Setting next_dagrun for example_external_task_marker_parent to None, run_after=None
[2025-01-26T19:10:36.491+0000] {processor.py:208} INFO - Processing /home/airflow/.local/lib/python3.12/site-packages/airflow/example_dags/example_external_task_marker_dag.py took 0.110 seconds
[2025-01-26T19:11:06.750+0000] {processor.py:186} INFO - Started process (PID=168) to work on /home/airflow/.local/lib/python3.12/site-packages/airflow/example_dags/example_external_task_marker_dag.py
[2025-01-26T19:11:06.751+0000] {processor.py:914} INFO - Processing file /home/airflow/.local/lib/python3.12/site-packages/airflow/example_dags/example_external_task_marker_dag.py for tasks to queue
[2025-01-26T19:11:06.754+0000] {logging_mixin.py:190} INFO - [2025-01-26T19:11:06.754+0000] {dagbag.py:588} INFO - Filling up the DagBag from /home/airflow/.local/lib/python3.12/site-packages/airflow/example_dags/example_external_task_marker_dag.py
[2025-01-26T19:11:06.765+0000] {processor.py:925} INFO - DAG(s) 'example_external_task_marker_parent', 'example_external_task_marker_child' retrieved from /home/airflow/.local/lib/python3.12/site-packages/airflow/example_dags/example_external_task_marker_dag.py
[2025-01-26T19:11:06.790+0000] {logging_mixin.py:190} INFO - [2025-01-26T19:11:06.790+0000] {dag.py:3239} INFO - Sync 2 DAGs
[2025-01-26T19:11:06.804+0000] {logging_mixin.py:190} INFO - [2025-01-26T19:11:06.804+0000] {dag.py:4180} INFO - Setting next_dagrun for example_external_task_marker_child to None, run_after=None
[2025-01-26T19:11:06.808+0000] {logging_mixin.py:190} INFO - [2025-01-26T19:11:06.808+0000] {dag.py:4180} INFO - Setting next_dagrun for example_external_task_marker_parent to None, run_after=None
[2025-01-26T19:11:06.825+0000] {processor.py:208} INFO - Processing /home/airflow/.local/lib/python3.12/site-packages/airflow/example_dags/example_external_task_marker_dag.py took 0.082 seconds
[2025-01-26T19:11:37.342+0000] {processor.py:186} INFO - Started process (PID=233) to work on /home/airflow/.local/lib/python3.12/site-packages/airflow/example_dags/example_external_task_marker_dag.py
[2025-01-26T19:11:37.343+0000] {processor.py:914} INFO - Processing file /home/airflow/.local/lib/python3.12/site-packages/airflow/example_dags/example_external_task_marker_dag.py for tasks to queue
[2025-01-26T19:11:37.347+0000] {logging_mixin.py:190} INFO - [2025-01-26T19:11:37.346+0000] {dagbag.py:588} INFO - Filling up the DagBag from /home/airflow/.local/lib/python3.12/site-packages/airflow/example_dags/example_external_task_marker_dag.py
[2025-01-26T19:11:37.357+0000] {processor.py:925} INFO - DAG(s) 'example_external_task_marker_child', 'example_external_task_marker_parent' retrieved from /home/airflow/.local/lib/python3.12/site-packages/airflow/example_dags/example_external_task_marker_dag.py
[2025-01-26T19:11:37.380+0000] {logging_mixin.py:190} INFO - [2025-01-26T19:11:37.380+0000] {dag.py:3239} INFO - Sync 2 DAGs
[2025-01-26T19:11:37.397+0000] {logging_mixin.py:190} INFO - [2025-01-26T19:11:37.397+0000] {dag.py:4180} INFO - Setting next_dagrun for example_external_task_marker_child to None, run_after=None
[2025-01-26T19:11:37.401+0000] {logging_mixin.py:190} INFO - [2025-01-26T19:11:37.401+0000] {dag.py:4180} INFO - Setting next_dagrun for example_external_task_marker_parent to None, run_after=None
[2025-01-26T19:11:37.419+0000] {processor.py:208} INFO - Processing /home/airflow/.local/lib/python3.12/site-packages/airflow/example_dags/example_external_task_marker_dag.py took 0.084 seconds
[2025-01-26T19:12:08.195+0000] {processor.py:186} INFO - Started process (PID=298) to work on /home/airflow/.local/lib/python3.12/site-packages/airflow/example_dags/example_external_task_marker_dag.py
[2025-01-26T19:12:08.196+0000] {processor.py:914} INFO - Processing file /home/airflow/.local/lib/python3.12/site-packages/airflow/example_dags/example_external_task_marker_dag.py for tasks to queue
[2025-01-26T19:12:08.199+0000] {logging_mixin.py:190} INFO - [2025-01-26T19:12:08.199+0000] {dagbag.py:588} INFO - Filling up the DagBag from /home/airflow/.local/lib/python3.12/site-packages/airflow/example_dags/example_external_task_marker_dag.py
[2025-01-26T19:12:08.207+0000] {processor.py:925} INFO - DAG(s) 'example_external_task_marker_parent', 'example_external_task_marker_child' retrieved from /home/airflow/.local/lib/python3.12/site-packages/airflow/example_dags/example_external_task_marker_dag.py
[2025-01-26T19:12:08.233+0000] {logging_mixin.py:190} INFO - [2025-01-26T19:12:08.233+0000] {dag.py:3239} INFO - Sync 2 DAGs
[2025-01-26T19:12:08.251+0000] {logging_mixin.py:190} INFO - [2025-01-26T19:12:08.251+0000] {dag.py:4180} INFO - Setting next_dagrun for example_external_task_marker_child to None, run_after=None
[2025-01-26T19:12:08.257+0000] {logging_mixin.py:190} INFO - [2025-01-26T19:12:08.256+0000] {dag.py:4180} INFO - Setting next_dagrun for example_external_task_marker_parent to None, run_after=None
[2025-01-26T19:12:08.276+0000] {processor.py:208} INFO - Processing /home/airflow/.local/lib/python3.12/site-packages/airflow/example_dags/example_external_task_marker_dag.py took 0.088 seconds
[2025-01-26T19:12:39.201+0000] {processor.py:186} INFO - Started process (PID=364) to work on /home/airflow/.local/lib/python3.12/site-packages/airflow/example_dags/example_external_task_marker_dag.py
[2025-01-26T19:12:39.203+0000] {processor.py:914} INFO - Processing file /home/airflow/.local/lib/python3.12/site-packages/airflow/example_dags/example_external_task_marker_dag.py for tasks to queue
[2025-01-26T19:12:39.205+0000] {logging_mixin.py:190} INFO - [2025-01-26T19:12:39.205+0000] {dagbag.py:588} INFO - Filling up the DagBag from /home/airflow/.local/lib/python3.12/site-packages/airflow/example_dags/example_external_task_marker_dag.py
[2025-01-26T19:12:39.215+0000] {processor.py:925} INFO - DAG(s) 'example_external_task_marker_child', 'example_external_task_marker_parent' retrieved from /home/airflow/.local/lib/python3.12/site-packages/airflow/example_dags/example_external_task_marker_dag.py
[2025-01-26T19:12:39.238+0000] {logging_mixin.py:190} INFO - [2025-01-26T19:12:39.238+0000] {dag.py:3239} INFO - Sync 2 DAGs
[2025-01-26T19:12:39.256+0000] {logging_mixin.py:190} INFO - [2025-01-26T19:12:39.255+0000] {dag.py:4180} INFO - Setting next_dagrun for example_external_task_marker_child to None, run_after=None
[2025-01-26T19:12:39.260+0000] {logging_mixin.py:190} INFO - [2025-01-26T19:12:39.260+0000] {dag.py:4180} INFO - Setting next_dagrun for example_external_task_marker_parent to None, run_after=None
[2025-01-26T19:12:39.279+0000] {processor.py:208} INFO - Processing /home/airflow/.local/lib/python3.12/site-packages/airflow/example_dags/example_external_task_marker_dag.py took 0.086 seconds
[2025-01-26T19:13:09.974+0000] {processor.py:186} INFO - Started process (PID=430) to work on /home/airflow/.local/lib/python3.12/site-packages/airflow/example_dags/example_external_task_marker_dag.py
[2025-01-26T19:13:09.975+0000] {processor.py:914} INFO - Processing file /home/airflow/.local/lib/python3.12/site-packages/airflow/example_dags/example_external_task_marker_dag.py for tasks to queue
[2025-01-26T19:13:09.978+0000] {logging_mixin.py:190} INFO - [2025-01-26T19:13:09.978+0000] {dagbag.py:588} INFO - Filling up the DagBag from /home/airflow/.local/lib/python3.12/site-packages/airflow/example_dags/example_external_task_marker_dag.py
[2025-01-26T19:13:09.989+0000] {processor.py:925} INFO - DAG(s) 'example_external_task_marker_parent', 'example_external_task_marker_child' retrieved from /home/airflow/.local/lib/python3.12/site-packages/airflow/example_dags/example_external_task_marker_dag.py
[2025-01-26T19:13:10.017+0000] {logging_mixin.py:190} INFO - [2025-01-26T19:13:10.017+0000] {dag.py:3239} INFO - Sync 2 DAGs
[2025-01-26T19:13:10.041+0000] {logging_mixin.py:190} INFO - [2025-01-26T19:13:10.041+0000] {dag.py:4180} INFO - Setting next_dagrun for example_external_task_marker_child to None, run_after=None
[2025-01-26T19:13:10.049+0000] {logging_mixin.py:190} INFO - [2025-01-26T19:13:10.049+0000] {dag.py:4180} INFO - Setting next_dagrun for example_external_task_marker_parent to None, run_after=None
[2025-01-26T19:13:10.076+0000] {processor.py:208} INFO - Processing /home/airflow/.local/lib/python3.12/site-packages/airflow/example_dags/example_external_task_marker_dag.py took 0.111 seconds
[2025-01-26T19:13:40.574+0000] {processor.py:186} INFO - Started process (PID=496) to work on /home/airflow/.local/lib/python3.12/site-packages/airflow/example_dags/example_external_task_marker_dag.py
[2025-01-26T19:13:40.575+0000] {processor.py:914} INFO - Processing file /home/airflow/.local/lib/python3.12/site-packages/airflow/example_dags/example_external_task_marker_dag.py for tasks to queue
[2025-01-26T19:13:40.578+0000] {logging_mixin.py:190} INFO - [2025-01-26T19:13:40.578+0000] {dagbag.py:588} INFO - Filling up the DagBag from /home/airflow/.local/lib/python3.12/site-packages/airflow/example_dags/example_external_task_marker_dag.py
[2025-01-26T19:13:40.585+0000] {processor.py:925} INFO - DAG(s) 'example_external_task_marker_parent', 'example_external_task_marker_child' retrieved from /home/airflow/.local/lib/python3.12/site-packages/airflow/example_dags/example_external_task_marker_dag.py
[2025-01-26T19:13:40.610+0000] {logging_mixin.py:190} INFO - [2025-01-26T19:13:40.609+0000] {dag.py:3239} INFO - Sync 2 DAGs
[2025-01-26T19:13:40.630+0000] {logging_mixin.py:190} INFO - [2025-01-26T19:13:40.629+0000] {dag.py:4180} INFO - Setting next_dagrun for example_external_task_marker_child to None, run_after=None
[2025-01-26T19:13:40.634+0000] {logging_mixin.py:190} INFO - [2025-01-26T19:13:40.634+0000] {dag.py:4180} INFO - Setting next_dagrun for example_external_task_marker_parent to None, run_after=None
[2025-01-26T19:13:40.659+0000] {processor.py:208} INFO - Processing /home/airflow/.local/lib/python3.12/site-packages/airflow/example_dags/example_external_task_marker_dag.py took 0.093 seconds
[2025-01-26T19:14:10.966+0000] {processor.py:186} INFO - Started process (PID=561) to work on /home/airflow/.local/lib/python3.12/site-packages/airflow/example_dags/example_external_task_marker_dag.py
[2025-01-26T19:14:10.967+0000] {processor.py:914} INFO - Processing file /home/airflow/.local/lib/python3.12/site-packages/airflow/example_dags/example_external_task_marker_dag.py for tasks to queue
[2025-01-26T19:14:10.969+0000] {logging_mixin.py:190} INFO - [2025-01-26T19:14:10.969+0000] {dagbag.py:588} INFO - Filling up the DagBag from /home/airflow/.local/lib/python3.12/site-packages/airflow/example_dags/example_external_task_marker_dag.py
[2025-01-26T19:14:10.978+0000] {processor.py:925} INFO - DAG(s) 'example_external_task_marker_child', 'example_external_task_marker_parent' retrieved from /home/airflow/.local/lib/python3.12/site-packages/airflow/example_dags/example_external_task_marker_dag.py
[2025-01-26T19:14:11.001+0000] {logging_mixin.py:190} INFO - [2025-01-26T19:14:11.001+0000] {dag.py:3239} INFO - Sync 2 DAGs
[2025-01-26T19:14:11.015+0000] {logging_mixin.py:190} INFO - [2025-01-26T19:14:11.014+0000] {dag.py:4180} INFO - Setting next_dagrun for example_external_task_marker_child to None, run_after=None
[2025-01-26T19:14:11.018+0000] {logging_mixin.py:190} INFO - [2025-01-26T19:14:11.018+0000] {dag.py:4180} INFO - Setting next_dagrun for example_external_task_marker_parent to None, run_after=None
[2025-01-26T19:14:11.033+0000] {processor.py:208} INFO - Processing /home/airflow/.local/lib/python3.12/site-packages/airflow/example_dags/example_external_task_marker_dag.py took 0.073 seconds
[2025-01-26T19:14:41.428+0000] {processor.py:186} INFO - Started process (PID=625) to work on /home/airflow/.local/lib/python3.12/site-packages/airflow/example_dags/example_external_task_marker_dag.py
[2025-01-26T19:14:41.429+0000] {processor.py:914} INFO - Processing file /home/airflow/.local/lib/python3.12/site-packages/airflow/example_dags/example_external_task_marker_dag.py for tasks to queue
[2025-01-26T19:14:41.432+0000] {logging_mixin.py:190} INFO - [2025-01-26T19:14:41.432+0000] {dagbag.py:588} INFO - Filling up the DagBag from /home/airflow/.local/lib/python3.12/site-packages/airflow/example_dags/example_external_task_marker_dag.py
[2025-01-26T19:14:41.441+0000] {processor.py:925} INFO - DAG(s) 'example_external_task_marker_parent', 'example_external_task_marker_child' retrieved from /home/airflow/.local/lib/python3.12/site-packages/airflow/example_dags/example_external_task_marker_dag.py
[2025-01-26T19:14:41.462+0000] {logging_mixin.py:190} INFO - [2025-01-26T19:14:41.461+0000] {dag.py:3239} INFO - Sync 2 DAGs
[2025-01-26T19:14:41.477+0000] {logging_mixin.py:190} INFO - [2025-01-26T19:14:41.477+0000] {dag.py:4180} INFO - Setting next_dagrun for example_external_task_marker_child to None, run_after=None
[2025-01-26T19:14:41.481+0000] {logging_mixin.py:190} INFO - [2025-01-26T19:14:41.481+0000] {dag.py:4180} INFO - Setting next_dagrun for example_external_task_marker_parent to None, run_after=None
[2025-01-26T19:14:41.498+0000] {processor.py:208} INFO - Processing /home/airflow/.local/lib/python3.12/site-packages/airflow/example_dags/example_external_task_marker_dag.py took 0.075 seconds
[2025-01-26T19:15:12.052+0000] {processor.py:186} INFO - Started process (PID=690) to work on /home/airflow/.local/lib/python3.12/site-packages/airflow/example_dags/example_external_task_marker_dag.py
[2025-01-26T19:15:12.053+0000] {processor.py:914} INFO - Processing file /home/airflow/.local/lib/python3.12/site-packages/airflow/example_dags/example_external_task_marker_dag.py for tasks to queue
[2025-01-26T19:15:12.058+0000] {logging_mixin.py:190} INFO - [2025-01-26T19:15:12.057+0000] {dagbag.py:588} INFO - Filling up the DagBag from /home/airflow/.local/lib/python3.12/site-packages/airflow/example_dags/example_external_task_marker_dag.py
[2025-01-26T19:15:12.070+0000] {processor.py:925} INFO - DAG(s) 'example_external_task_marker_parent', 'example_external_task_marker_child' retrieved from /home/airflow/.local/lib/python3.12/site-packages/airflow/example_dags/example_external_task_marker_dag.py
[2025-01-26T19:15:12.110+0000] {logging_mixin.py:190} INFO - [2025-01-26T19:15:12.110+0000] {dag.py:3239} INFO - Sync 2 DAGs
[2025-01-26T19:15:12.134+0000] {logging_mixin.py:190} INFO - [2025-01-26T19:15:12.134+0000] {dag.py:4180} INFO - Setting next_dagrun for example_external_task_marker_child to None, run_after=None
[2025-01-26T19:15:12.141+0000] {logging_mixin.py:190} INFO - [2025-01-26T19:15:12.140+0000] {dag.py:4180} INFO - Setting next_dagrun for example_external_task_marker_parent to None, run_after=None
[2025-01-26T19:15:12.169+0000] {processor.py:208} INFO - Processing /home/airflow/.local/lib/python3.12/site-packages/airflow/example_dags/example_external_task_marker_dag.py took 0.129 seconds
[2025-01-26T19:15:43.144+0000] {processor.py:186} INFO - Started process (PID=755) to work on /home/airflow/.local/lib/python3.12/site-packages/airflow/example_dags/example_external_task_marker_dag.py
[2025-01-26T19:15:43.145+0000] {processor.py:914} INFO - Processing file /home/airflow/.local/lib/python3.12/site-packages/airflow/example_dags/example_external_task_marker_dag.py for tasks to queue
[2025-01-26T19:15:43.148+0000] {logging_mixin.py:190} INFO - [2025-01-26T19:15:43.148+0000] {dagbag.py:588} INFO - Filling up the DagBag from /home/airflow/.local/lib/python3.12/site-packages/airflow/example_dags/example_external_task_marker_dag.py
[2025-01-26T19:15:43.156+0000] {processor.py:925} INFO - DAG(s) 'example_external_task_marker_parent', 'example_external_task_marker_child' retrieved from /home/airflow/.local/lib/python3.12/site-packages/airflow/example_dags/example_external_task_marker_dag.py
[2025-01-26T19:15:43.179+0000] {logging_mixin.py:190} INFO - [2025-01-26T19:15:43.178+0000] {dag.py:3239} INFO - Sync 2 DAGs
[2025-01-26T19:15:43.194+0000] {logging_mixin.py:190} INFO - [2025-01-26T19:15:43.194+0000] {dag.py:4180} INFO - Setting next_dagrun for example_external_task_marker_child to None, run_after=None
[2025-01-26T19:15:43.199+0000] {logging_mixin.py:190} INFO - [2025-01-26T19:15:43.199+0000] {dag.py:4180} INFO - Setting next_dagrun for example_external_task_marker_parent to None, run_after=None
[2025-01-26T19:15:43.216+0000] {processor.py:208} INFO - Processing /home/airflow/.local/lib/python3.12/site-packages/airflow/example_dags/example_external_task_marker_dag.py took 0.078 seconds
[2025-01-26T19:16:13.958+0000] {processor.py:186} INFO - Started process (PID=821) to work on /home/airflow/.local/lib/python3.12/site-packages/airflow/example_dags/example_external_task_marker_dag.py
[2025-01-26T19:16:13.959+0000] {processor.py:914} INFO - Processing file /home/airflow/.local/lib/python3.12/site-packages/airflow/example_dags/example_external_task_marker_dag.py for tasks to queue
[2025-01-26T19:16:13.963+0000] {logging_mixin.py:190} INFO - [2025-01-26T19:16:13.962+0000] {dagbag.py:588} INFO - Filling up the DagBag from /home/airflow/.local/lib/python3.12/site-packages/airflow/example_dags/example_external_task_marker_dag.py
[2025-01-26T19:16:13.973+0000] {processor.py:925} INFO - DAG(s) 'example_external_task_marker_child', 'example_external_task_marker_parent' retrieved from /home/airflow/.local/lib/python3.12/site-packages/airflow/example_dags/example_external_task_marker_dag.py
[2025-01-26T19:16:13.999+0000] {logging_mixin.py:190} INFO - [2025-01-26T19:16:13.998+0000] {dag.py:3239} INFO - Sync 2 DAGs
[2025-01-26T19:16:14.017+0000] {logging_mixin.py:190} INFO - [2025-01-26T19:16:14.016+0000] {dag.py:4180} INFO - Setting next_dagrun for example_external_task_marker_child to None, run_after=None
[2025-01-26T19:16:14.021+0000] {logging_mixin.py:190} INFO - [2025-01-26T19:16:14.021+0000] {dag.py:4180} INFO - Setting next_dagrun for example_external_task_marker_parent to None, run_after=None
[2025-01-26T19:16:14.041+0000] {processor.py:208} INFO - Processing /home/airflow/.local/lib/python3.12/site-packages/airflow/example_dags/example_external_task_marker_dag.py took 0.090 seconds
[2025-01-26T19:16:44.543+0000] {processor.py:186} INFO - Started process (PID=886) to work on /home/airflow/.local/lib/python3.12/site-packages/airflow/example_dags/example_external_task_marker_dag.py
[2025-01-26T19:16:44.545+0000] {processor.py:914} INFO - Processing file /home/airflow/.local/lib/python3.12/site-packages/airflow/example_dags/example_external_task_marker_dag.py for tasks to queue
[2025-01-26T19:16:44.548+0000] {logging_mixin.py:190} INFO - [2025-01-26T19:16:44.548+0000] {dagbag.py:588} INFO - Filling up the DagBag from /home/airflow/.local/lib/python3.12/site-packages/airflow/example_dags/example_external_task_marker_dag.py
[2025-01-26T19:16:44.562+0000] {processor.py:925} INFO - DAG(s) 'example_external_task_marker_child', 'example_external_task_marker_parent' retrieved from /home/airflow/.local/lib/python3.12/site-packages/airflow/example_dags/example_external_task_marker_dag.py
[2025-01-26T19:16:44.600+0000] {logging_mixin.py:190} INFO - [2025-01-26T19:16:44.599+0000] {dag.py:3239} INFO - Sync 2 DAGs
[2025-01-26T19:16:44.620+0000] {logging_mixin.py:190} INFO - [2025-01-26T19:16:44.620+0000] {dag.py:4180} INFO - Setting next_dagrun for example_external_task_marker_child to None, run_after=None
[2025-01-26T19:16:44.626+0000] {logging_mixin.py:190} INFO - [2025-01-26T19:16:44.625+0000] {dag.py:4180} INFO - Setting next_dagrun for example_external_task_marker_parent to None, run_after=None
[2025-01-26T19:16:44.660+0000] {processor.py:208} INFO - Processing /home/airflow/.local/lib/python3.12/site-packages/airflow/example_dags/example_external_task_marker_dag.py took 0.125 seconds
[2025-01-26T19:17:15.364+0000] {processor.py:186} INFO - Started process (PID=957) to work on /home/airflow/.local/lib/python3.12/site-packages/airflow/example_dags/example_external_task_marker_dag.py
[2025-01-26T19:17:15.365+0000] {processor.py:914} INFO - Processing file /home/airflow/.local/lib/python3.12/site-packages/airflow/example_dags/example_external_task_marker_dag.py for tasks to queue
[2025-01-26T19:17:15.368+0000] {logging_mixin.py:190} INFO - [2025-01-26T19:17:15.368+0000] {dagbag.py:588} INFO - Filling up the DagBag from /home/airflow/.local/lib/python3.12/site-packages/airflow/example_dags/example_external_task_marker_dag.py
[2025-01-26T19:17:15.378+0000] {processor.py:925} INFO - DAG(s) 'example_external_task_marker_child', 'example_external_task_marker_parent' retrieved from /home/airflow/.local/lib/python3.12/site-packages/airflow/example_dags/example_external_task_marker_dag.py
[2025-01-26T19:17:15.401+0000] {logging_mixin.py:190} INFO - [2025-01-26T19:17:15.401+0000] {dag.py:3239} INFO - Sync 2 DAGs
[2025-01-26T19:17:15.417+0000] {logging_mixin.py:190} INFO - [2025-01-26T19:17:15.417+0000] {dag.py:4180} INFO - Setting next_dagrun for example_external_task_marker_child to None, run_after=None
[2025-01-26T19:17:15.421+0000] {logging_mixin.py:190} INFO - [2025-01-26T19:17:15.421+0000] {dag.py:4180} INFO - Setting next_dagrun for example_external_task_marker_parent to None, run_after=None
[2025-01-26T19:17:15.438+0000] {processor.py:208} INFO - Processing /home/airflow/.local/lib/python3.12/site-packages/airflow/example_dags/example_external_task_marker_dag.py took 0.081 seconds
[2025-01-26T19:18:33.151+0000] {processor.py:186} INFO - Started process (PID=37) to work on /home/airflow/.local/lib/python3.12/site-packages/airflow/example_dags/example_external_task_marker_dag.py
[2025-01-26T19:18:33.152+0000] {processor.py:914} INFO - Processing file /home/airflow/.local/lib/python3.12/site-packages/airflow/example_dags/example_external_task_marker_dag.py for tasks to queue
[2025-01-26T19:18:33.155+0000] {logging_mixin.py:190} INFO - [2025-01-26T19:18:33.154+0000] {dagbag.py:588} INFO - Filling up the DagBag from /home/airflow/.local/lib/python3.12/site-packages/airflow/example_dags/example_external_task_marker_dag.py
[2025-01-26T19:18:33.162+0000] {processor.py:925} INFO - DAG(s) 'example_external_task_marker_parent', 'example_external_task_marker_child' retrieved from /home/airflow/.local/lib/python3.12/site-packages/airflow/example_dags/example_external_task_marker_dag.py
[2025-01-26T19:18:33.189+0000] {logging_mixin.py:190} INFO - [2025-01-26T19:18:33.189+0000] {dag.py:3239} INFO - Sync 2 DAGs
[2025-01-26T19:18:33.204+0000] {logging_mixin.py:190} INFO - [2025-01-26T19:18:33.204+0000] {dag.py:4180} INFO - Setting next_dagrun for example_external_task_marker_child to None, run_after=None
[2025-01-26T19:18:33.208+0000] {logging_mixin.py:190} INFO - [2025-01-26T19:18:33.208+0000] {dag.py:4180} INFO - Setting next_dagrun for example_external_task_marker_parent to None, run_after=None
[2025-01-26T19:18:33.226+0000] {processor.py:208} INFO - Processing /home/airflow/.local/lib/python3.12/site-packages/airflow/example_dags/example_external_task_marker_dag.py took 0.081 seconds
[2025-01-26T19:19:03.511+0000] {processor.py:186} INFO - Started process (PID=102) to work on /home/airflow/.local/lib/python3.12/site-packages/airflow/example_dags/example_external_task_marker_dag.py
[2025-01-26T19:19:03.519+0000] {processor.py:914} INFO - Processing file /home/airflow/.local/lib/python3.12/site-packages/airflow/example_dags/example_external_task_marker_dag.py for tasks to queue
[2025-01-26T19:19:03.526+0000] {logging_mixin.py:190} INFO - [2025-01-26T19:19:03.526+0000] {dagbag.py:588} INFO - Filling up the DagBag from /home/airflow/.local/lib/python3.12/site-packages/airflow/example_dags/example_external_task_marker_dag.py
[2025-01-26T19:19:03.548+0000] {processor.py:925} INFO - DAG(s) 'example_external_task_marker_child', 'example_external_task_marker_parent' retrieved from /home/airflow/.local/lib/python3.12/site-packages/airflow/example_dags/example_external_task_marker_dag.py
[2025-01-26T19:19:03.623+0000] {logging_mixin.py:190} INFO - [2025-01-26T19:19:03.623+0000] {dag.py:3239} INFO - Sync 2 DAGs
[2025-01-26T19:19:03.689+0000] {logging_mixin.py:190} INFO - [2025-01-26T19:19:03.689+0000] {dag.py:4180} INFO - Setting next_dagrun for example_external_task_marker_child to None, run_after=None
[2025-01-26T19:19:03.734+0000] {logging_mixin.py:190} INFO - [2025-01-26T19:19:03.734+0000] {dag.py:4180} INFO - Setting next_dagrun for example_external_task_marker_parent to None, run_after=None
[2025-01-26T19:19:03.827+0000] {processor.py:208} INFO - Processing /home/airflow/.local/lib/python3.12/site-packages/airflow/example_dags/example_external_task_marker_dag.py took 0.323 seconds
[2025-01-26T19:19:34.619+0000] {processor.py:186} INFO - Started process (PID=165) to work on /home/airflow/.local/lib/python3.12/site-packages/airflow/example_dags/example_external_task_marker_dag.py
[2025-01-26T19:19:34.620+0000] {processor.py:914} INFO - Processing file /home/airflow/.local/lib/python3.12/site-packages/airflow/example_dags/example_external_task_marker_dag.py for tasks to queue
[2025-01-26T19:19:34.622+0000] {logging_mixin.py:190} INFO - [2025-01-26T19:19:34.622+0000] {dagbag.py:588} INFO - Filling up the DagBag from /home/airflow/.local/lib/python3.12/site-packages/airflow/example_dags/example_external_task_marker_dag.py
[2025-01-26T19:19:34.634+0000] {processor.py:925} INFO - DAG(s) 'example_external_task_marker_parent', 'example_external_task_marker_child' retrieved from /home/airflow/.local/lib/python3.12/site-packages/airflow/example_dags/example_external_task_marker_dag.py
[2025-01-26T19:19:34.664+0000] {logging_mixin.py:190} INFO - [2025-01-26T19:19:34.664+0000] {dag.py:3239} INFO - Sync 2 DAGs
[2025-01-26T19:19:34.685+0000] {logging_mixin.py:190} INFO - [2025-01-26T19:19:34.685+0000] {dag.py:4180} INFO - Setting next_dagrun for example_external_task_marker_child to None, run_after=None
[2025-01-26T19:19:34.690+0000] {logging_mixin.py:190} INFO - [2025-01-26T19:19:34.690+0000] {dag.py:4180} INFO - Setting next_dagrun for example_external_task_marker_parent to None, run_after=None
[2025-01-26T19:19:34.714+0000] {processor.py:208} INFO - Processing /home/airflow/.local/lib/python3.12/site-packages/airflow/example_dags/example_external_task_marker_dag.py took 0.103 seconds
[2025-01-26T19:20:04.784+0000] {processor.py:186} INFO - Started process (PID=229) to work on /home/airflow/.local/lib/python3.12/site-packages/airflow/example_dags/example_external_task_marker_dag.py
[2025-01-26T19:20:04.785+0000] {processor.py:914} INFO - Processing file /home/airflow/.local/lib/python3.12/site-packages/airflow/example_dags/example_external_task_marker_dag.py for tasks to queue
[2025-01-26T19:20:04.788+0000] {logging_mixin.py:190} INFO - [2025-01-26T19:20:04.787+0000] {dagbag.py:588} INFO - Filling up the DagBag from /home/airflow/.local/lib/python3.12/site-packages/airflow/example_dags/example_external_task_marker_dag.py
[2025-01-26T19:20:04.796+0000] {processor.py:925} INFO - DAG(s) 'example_external_task_marker_parent', 'example_external_task_marker_child' retrieved from /home/airflow/.local/lib/python3.12/site-packages/airflow/example_dags/example_external_task_marker_dag.py
[2025-01-26T19:20:04.823+0000] {logging_mixin.py:190} INFO - [2025-01-26T19:20:04.822+0000] {dag.py:3239} INFO - Sync 2 DAGs
[2025-01-26T19:20:04.848+0000] {logging_mixin.py:190} INFO - [2025-01-26T19:20:04.848+0000] {dag.py:4180} INFO - Setting next_dagrun for example_external_task_marker_child to None, run_after=None
[2025-01-26T19:20:04.853+0000] {logging_mixin.py:190} INFO - [2025-01-26T19:20:04.853+0000] {dag.py:4180} INFO - Setting next_dagrun for example_external_task_marker_parent to None, run_after=None
[2025-01-26T19:20:04.872+0000] {processor.py:208} INFO - Processing /home/airflow/.local/lib/python3.12/site-packages/airflow/example_dags/example_external_task_marker_dag.py took 0.095 seconds
[2025-01-26T19:20:35.699+0000] {processor.py:186} INFO - Started process (PID=294) to work on /home/airflow/.local/lib/python3.12/site-packages/airflow/example_dags/example_external_task_marker_dag.py
[2025-01-26T19:20:35.700+0000] {processor.py:914} INFO - Processing file /home/airflow/.local/lib/python3.12/site-packages/airflow/example_dags/example_external_task_marker_dag.py for tasks to queue
[2025-01-26T19:20:35.703+0000] {logging_mixin.py:190} INFO - [2025-01-26T19:20:35.703+0000] {dagbag.py:588} INFO - Filling up the DagBag from /home/airflow/.local/lib/python3.12/site-packages/airflow/example_dags/example_external_task_marker_dag.py
[2025-01-26T19:20:35.713+0000] {processor.py:925} INFO - DAG(s) 'example_external_task_marker_child', 'example_external_task_marker_parent' retrieved from /home/airflow/.local/lib/python3.12/site-packages/airflow/example_dags/example_external_task_marker_dag.py
[2025-01-26T19:20:35.751+0000] {logging_mixin.py:190} INFO - [2025-01-26T19:20:35.750+0000] {dag.py:3239} INFO - Sync 2 DAGs
[2025-01-26T19:20:35.777+0000] {logging_mixin.py:190} INFO - [2025-01-26T19:20:35.777+0000] {dag.py:4180} INFO - Setting next_dagrun for example_external_task_marker_child to None, run_after=None
[2025-01-26T19:20:35.782+0000] {logging_mixin.py:190} INFO - [2025-01-26T19:20:35.781+0000] {dag.py:4180} INFO - Setting next_dagrun for example_external_task_marker_parent to None, run_after=None
[2025-01-26T19:20:35.801+0000] {processor.py:208} INFO - Processing /home/airflow/.local/lib/python3.12/site-packages/airflow/example_dags/example_external_task_marker_dag.py took 0.110 seconds
[2025-01-26T19:21:06.656+0000] {processor.py:186} INFO - Started process (PID=359) to work on /home/airflow/.local/lib/python3.12/site-packages/airflow/example_dags/example_external_task_marker_dag.py
[2025-01-26T19:21:06.657+0000] {processor.py:914} INFO - Processing file /home/airflow/.local/lib/python3.12/site-packages/airflow/example_dags/example_external_task_marker_dag.py for tasks to queue
[2025-01-26T19:21:06.660+0000] {logging_mixin.py:190} INFO - [2025-01-26T19:21:06.659+0000] {dagbag.py:588} INFO - Filling up the DagBag from /home/airflow/.local/lib/python3.12/site-packages/airflow/example_dags/example_external_task_marker_dag.py
[2025-01-26T19:21:06.667+0000] {processor.py:925} INFO - DAG(s) 'example_external_task_marker_parent', 'example_external_task_marker_child' retrieved from /home/airflow/.local/lib/python3.12/site-packages/airflow/example_dags/example_external_task_marker_dag.py
[2025-01-26T19:21:06.693+0000] {logging_mixin.py:190} INFO - [2025-01-26T19:21:06.692+0000] {dag.py:3239} INFO - Sync 2 DAGs
[2025-01-26T19:21:06.707+0000] {logging_mixin.py:190} INFO - [2025-01-26T19:21:06.707+0000] {dag.py:4180} INFO - Setting next_dagrun for example_external_task_marker_child to None, run_after=None
[2025-01-26T19:21:06.711+0000] {logging_mixin.py:190} INFO - [2025-01-26T19:21:06.711+0000] {dag.py:4180} INFO - Setting next_dagrun for example_external_task_marker_parent to None, run_after=None
[2025-01-26T19:21:06.730+0000] {processor.py:208} INFO - Processing /home/airflow/.local/lib/python3.12/site-packages/airflow/example_dags/example_external_task_marker_dag.py took 0.079 seconds
[2025-01-26T19:21:37.063+0000] {processor.py:186} INFO - Started process (PID=424) to work on /home/airflow/.local/lib/python3.12/site-packages/airflow/example_dags/example_external_task_marker_dag.py
[2025-01-26T19:21:37.065+0000] {processor.py:914} INFO - Processing file /home/airflow/.local/lib/python3.12/site-packages/airflow/example_dags/example_external_task_marker_dag.py for tasks to queue
[2025-01-26T19:21:37.074+0000] {logging_mixin.py:190} INFO - [2025-01-26T19:21:37.073+0000] {dagbag.py:588} INFO - Filling up the DagBag from /home/airflow/.local/lib/python3.12/site-packages/airflow/example_dags/example_external_task_marker_dag.py
[2025-01-26T19:21:37.087+0000] {processor.py:925} INFO - DAG(s) 'example_external_task_marker_child', 'example_external_task_marker_parent' retrieved from /home/airflow/.local/lib/python3.12/site-packages/airflow/example_dags/example_external_task_marker_dag.py
[2025-01-26T19:21:37.117+0000] {logging_mixin.py:190} INFO - [2025-01-26T19:21:37.117+0000] {dag.py:3239} INFO - Sync 2 DAGs
[2025-01-26T19:21:37.137+0000] {logging_mixin.py:190} INFO - [2025-01-26T19:21:37.137+0000] {dag.py:4180} INFO - Setting next_dagrun for example_external_task_marker_child to None, run_after=None
[2025-01-26T19:21:37.143+0000] {logging_mixin.py:190} INFO - [2025-01-26T19:21:37.142+0000] {dag.py:4180} INFO - Setting next_dagrun for example_external_task_marker_parent to None, run_after=None
[2025-01-26T19:21:37.178+0000] {processor.py:208} INFO - Processing /home/airflow/.local/lib/python3.12/site-packages/airflow/example_dags/example_external_task_marker_dag.py took 0.123 seconds
[2025-01-26T19:22:08.147+0000] {processor.py:186} INFO - Started process (PID=490) to work on /home/airflow/.local/lib/python3.12/site-packages/airflow/example_dags/example_external_task_marker_dag.py
[2025-01-26T19:22:08.149+0000] {processor.py:914} INFO - Processing file /home/airflow/.local/lib/python3.12/site-packages/airflow/example_dags/example_external_task_marker_dag.py for tasks to queue
[2025-01-26T19:22:08.152+0000] {logging_mixin.py:190} INFO - [2025-01-26T19:22:08.152+0000] {dagbag.py:588} INFO - Filling up the DagBag from /home/airflow/.local/lib/python3.12/site-packages/airflow/example_dags/example_external_task_marker_dag.py
[2025-01-26T19:22:08.163+0000] {processor.py:925} INFO - DAG(s) 'example_external_task_marker_parent', 'example_external_task_marker_child' retrieved from /home/airflow/.local/lib/python3.12/site-packages/airflow/example_dags/example_external_task_marker_dag.py
[2025-01-26T19:22:08.197+0000] {logging_mixin.py:190} INFO - [2025-01-26T19:22:08.197+0000] {dag.py:3239} INFO - Sync 2 DAGs
[2025-01-26T19:22:08.219+0000] {logging_mixin.py:190} INFO - [2025-01-26T19:22:08.219+0000] {dag.py:4180} INFO - Setting next_dagrun for example_external_task_marker_child to None, run_after=None
[2025-01-26T19:22:08.225+0000] {logging_mixin.py:190} INFO - [2025-01-26T19:22:08.225+0000] {dag.py:4180} INFO - Setting next_dagrun for example_external_task_marker_parent to None, run_after=None
[2025-01-26T19:22:08.249+0000] {processor.py:208} INFO - Processing /home/airflow/.local/lib/python3.12/site-packages/airflow/example_dags/example_external_task_marker_dag.py took 0.113 seconds
[2025-01-26T19:22:38.343+0000] {processor.py:186} INFO - Started process (PID=555) to work on /home/airflow/.local/lib/python3.12/site-packages/airflow/example_dags/example_external_task_marker_dag.py
[2025-01-26T19:22:38.346+0000] {processor.py:914} INFO - Processing file /home/airflow/.local/lib/python3.12/site-packages/airflow/example_dags/example_external_task_marker_dag.py for tasks to queue
[2025-01-26T19:22:38.351+0000] {logging_mixin.py:190} INFO - [2025-01-26T19:22:38.351+0000] {dagbag.py:588} INFO - Filling up the DagBag from /home/airflow/.local/lib/python3.12/site-packages/airflow/example_dags/example_external_task_marker_dag.py
[2025-01-26T19:22:38.365+0000] {processor.py:925} INFO - DAG(s) 'example_external_task_marker_child', 'example_external_task_marker_parent' retrieved from /home/airflow/.local/lib/python3.12/site-packages/airflow/example_dags/example_external_task_marker_dag.py
[2025-01-26T19:22:38.401+0000] {logging_mixin.py:190} INFO - [2025-01-26T19:22:38.401+0000] {dag.py:3239} INFO - Sync 2 DAGs
[2025-01-26T19:22:38.426+0000] {logging_mixin.py:190} INFO - [2025-01-26T19:22:38.425+0000] {dag.py:4180} INFO - Setting next_dagrun for example_external_task_marker_child to None, run_after=None
[2025-01-26T19:22:38.432+0000] {logging_mixin.py:190} INFO - [2025-01-26T19:22:38.431+0000] {dag.py:4180} INFO - Setting next_dagrun for example_external_task_marker_parent to None, run_after=None
[2025-01-26T19:22:38.457+0000] {processor.py:208} INFO - Processing /home/airflow/.local/lib/python3.12/site-packages/airflow/example_dags/example_external_task_marker_dag.py took 0.121 seconds
[2025-01-26T19:23:08.548+0000] {processor.py:186} INFO - Started process (PID=620) to work on /home/airflow/.local/lib/python3.12/site-packages/airflow/example_dags/example_external_task_marker_dag.py
[2025-01-26T19:23:08.549+0000] {processor.py:914} INFO - Processing file /home/airflow/.local/lib/python3.12/site-packages/airflow/example_dags/example_external_task_marker_dag.py for tasks to queue
[2025-01-26T19:23:08.552+0000] {logging_mixin.py:190} INFO - [2025-01-26T19:23:08.552+0000] {dagbag.py:588} INFO - Filling up the DagBag from /home/airflow/.local/lib/python3.12/site-packages/airflow/example_dags/example_external_task_marker_dag.py
[2025-01-26T19:23:08.562+0000] {processor.py:925} INFO - DAG(s) 'example_external_task_marker_child', 'example_external_task_marker_parent' retrieved from /home/airflow/.local/lib/python3.12/site-packages/airflow/example_dags/example_external_task_marker_dag.py
[2025-01-26T19:23:08.606+0000] {logging_mixin.py:190} INFO - [2025-01-26T19:23:08.606+0000] {dag.py:3239} INFO - Sync 2 DAGs
[2025-01-26T19:23:08.627+0000] {logging_mixin.py:190} INFO - [2025-01-26T19:23:08.627+0000] {dag.py:4180} INFO - Setting next_dagrun for example_external_task_marker_child to None, run_after=None
[2025-01-26T19:23:08.631+0000] {logging_mixin.py:190} INFO - [2025-01-26T19:23:08.631+0000] {dag.py:4180} INFO - Setting next_dagrun for example_external_task_marker_parent to None, run_after=None
[2025-01-26T19:23:08.656+0000] {processor.py:208} INFO - Processing /home/airflow/.local/lib/python3.12/site-packages/airflow/example_dags/example_external_task_marker_dag.py took 0.114 seconds
[2025-01-26T19:23:38.966+0000] {processor.py:186} INFO - Started process (PID=685) to work on /home/airflow/.local/lib/python3.12/site-packages/airflow/example_dags/example_external_task_marker_dag.py
[2025-01-26T19:23:38.967+0000] {processor.py:914} INFO - Processing file /home/airflow/.local/lib/python3.12/site-packages/airflow/example_dags/example_external_task_marker_dag.py for tasks to queue
[2025-01-26T19:23:38.970+0000] {logging_mixin.py:190} INFO - [2025-01-26T19:23:38.970+0000] {dagbag.py:588} INFO - Filling up the DagBag from /home/airflow/.local/lib/python3.12/site-packages/airflow/example_dags/example_external_task_marker_dag.py
[2025-01-26T19:23:38.978+0000] {processor.py:925} INFO - DAG(s) 'example_external_task_marker_child', 'example_external_task_marker_parent' retrieved from /home/airflow/.local/lib/python3.12/site-packages/airflow/example_dags/example_external_task_marker_dag.py
[2025-01-26T19:23:39.003+0000] {logging_mixin.py:190} INFO - [2025-01-26T19:23:39.003+0000] {dag.py:3239} INFO - Sync 2 DAGs
[2025-01-26T19:23:39.019+0000] {logging_mixin.py:190} INFO - [2025-01-26T19:23:39.019+0000] {dag.py:4180} INFO - Setting next_dagrun for example_external_task_marker_child to None, run_after=None
[2025-01-26T19:23:39.023+0000] {logging_mixin.py:190} INFO - [2025-01-26T19:23:39.023+0000] {dag.py:4180} INFO - Setting next_dagrun for example_external_task_marker_parent to None, run_after=None
[2025-01-26T19:23:39.041+0000] {processor.py:208} INFO - Processing /home/airflow/.local/lib/python3.12/site-packages/airflow/example_dags/example_external_task_marker_dag.py took 0.084 seconds
[2025-01-26T19:25:25.303+0000] {processor.py:186} INFO - Started process (PID=42) to work on /home/airflow/.local/lib/python3.12/site-packages/airflow/example_dags/example_external_task_marker_dag.py
[2025-01-26T19:25:25.309+0000] {processor.py:914} INFO - Processing file /home/airflow/.local/lib/python3.12/site-packages/airflow/example_dags/example_external_task_marker_dag.py for tasks to queue
[2025-01-26T19:25:25.316+0000] {logging_mixin.py:190} INFO - [2025-01-26T19:25:25.315+0000] {dagbag.py:588} INFO - Filling up the DagBag from /home/airflow/.local/lib/python3.12/site-packages/airflow/example_dags/example_external_task_marker_dag.py
[2025-01-26T19:25:25.332+0000] {processor.py:925} INFO - DAG(s) 'example_external_task_marker_child', 'example_external_task_marker_parent' retrieved from /home/airflow/.local/lib/python3.12/site-packages/airflow/example_dags/example_external_task_marker_dag.py
[2025-01-26T19:25:25.383+0000] {logging_mixin.py:190} INFO - [2025-01-26T19:25:25.383+0000] {dag.py:3239} INFO - Sync 2 DAGs
[2025-01-26T19:25:25.416+0000] {logging_mixin.py:190} INFO - [2025-01-26T19:25:25.416+0000] {dag.py:4180} INFO - Setting next_dagrun for example_external_task_marker_child to None, run_after=None
[2025-01-26T19:25:25.423+0000] {logging_mixin.py:190} INFO - [2025-01-26T19:25:25.422+0000] {dag.py:4180} INFO - Setting next_dagrun for example_external_task_marker_parent to None, run_after=None
[2025-01-26T19:25:25.450+0000] {processor.py:208} INFO - Processing /home/airflow/.local/lib/python3.12/site-packages/airflow/example_dags/example_external_task_marker_dag.py took 0.158 seconds
[2025-01-26T19:25:56.074+0000] {processor.py:186} INFO - Started process (PID=106) to work on /home/airflow/.local/lib/python3.12/site-packages/airflow/example_dags/example_external_task_marker_dag.py
[2025-01-26T19:25:56.076+0000] {processor.py:914} INFO - Processing file /home/airflow/.local/lib/python3.12/site-packages/airflow/example_dags/example_external_task_marker_dag.py for tasks to queue
[2025-01-26T19:25:56.079+0000] {logging_mixin.py:190} INFO - [2025-01-26T19:25:56.079+0000] {dagbag.py:588} INFO - Filling up the DagBag from /home/airflow/.local/lib/python3.12/site-packages/airflow/example_dags/example_external_task_marker_dag.py
[2025-01-26T19:25:56.090+0000] {processor.py:925} INFO - DAG(s) 'example_external_task_marker_parent', 'example_external_task_marker_child' retrieved from /home/airflow/.local/lib/python3.12/site-packages/airflow/example_dags/example_external_task_marker_dag.py
[2025-01-26T19:25:56.127+0000] {logging_mixin.py:190} INFO - [2025-01-26T19:25:56.126+0000] {dag.py:3239} INFO - Sync 2 DAGs
[2025-01-26T19:25:56.153+0000] {logging_mixin.py:190} INFO - [2025-01-26T19:25:56.153+0000] {dag.py:4180} INFO - Setting next_dagrun for example_external_task_marker_child to None, run_after=None
[2025-01-26T19:25:56.161+0000] {logging_mixin.py:190} INFO - [2025-01-26T19:25:56.160+0000] {dag.py:4180} INFO - Setting next_dagrun for example_external_task_marker_parent to None, run_after=None
[2025-01-26T19:25:56.199+0000] {processor.py:208} INFO - Processing /home/airflow/.local/lib/python3.12/site-packages/airflow/example_dags/example_external_task_marker_dag.py took 0.132 seconds
[2025-01-26T19:26:26.837+0000] {processor.py:186} INFO - Started process (PID=170) to work on /home/airflow/.local/lib/python3.12/site-packages/airflow/example_dags/example_external_task_marker_dag.py
[2025-01-26T19:26:26.838+0000] {processor.py:914} INFO - Processing file /home/airflow/.local/lib/python3.12/site-packages/airflow/example_dags/example_external_task_marker_dag.py for tasks to queue
[2025-01-26T19:26:26.840+0000] {logging_mixin.py:190} INFO - [2025-01-26T19:26:26.840+0000] {dagbag.py:588} INFO - Filling up the DagBag from /home/airflow/.local/lib/python3.12/site-packages/airflow/example_dags/example_external_task_marker_dag.py
[2025-01-26T19:26:26.849+0000] {processor.py:925} INFO - DAG(s) 'example_external_task_marker_child', 'example_external_task_marker_parent' retrieved from /home/airflow/.local/lib/python3.12/site-packages/airflow/example_dags/example_external_task_marker_dag.py
[2025-01-26T19:26:26.880+0000] {logging_mixin.py:190} INFO - [2025-01-26T19:26:26.880+0000] {dag.py:3239} INFO - Sync 2 DAGs
[2025-01-26T19:26:26.899+0000] {logging_mixin.py:190} INFO - [2025-01-26T19:26:26.899+0000] {dag.py:4180} INFO - Setting next_dagrun for example_external_task_marker_child to None, run_after=None
[2025-01-26T19:26:26.904+0000] {logging_mixin.py:190} INFO - [2025-01-26T19:26:26.903+0000] {dag.py:4180} INFO - Setting next_dagrun for example_external_task_marker_parent to None, run_after=None
[2025-01-26T19:26:26.925+0000] {processor.py:208} INFO - Processing /home/airflow/.local/lib/python3.12/site-packages/airflow/example_dags/example_external_task_marker_dag.py took 0.094 seconds
[2025-01-26T19:26:57.480+0000] {processor.py:186} INFO - Started process (PID=236) to work on /home/airflow/.local/lib/python3.12/site-packages/airflow/example_dags/example_external_task_marker_dag.py
[2025-01-26T19:26:57.481+0000] {processor.py:914} INFO - Processing file /home/airflow/.local/lib/python3.12/site-packages/airflow/example_dags/example_external_task_marker_dag.py for tasks to queue
[2025-01-26T19:26:57.484+0000] {logging_mixin.py:190} INFO - [2025-01-26T19:26:57.484+0000] {dagbag.py:588} INFO - Filling up the DagBag from /home/airflow/.local/lib/python3.12/site-packages/airflow/example_dags/example_external_task_marker_dag.py
[2025-01-26T19:26:57.497+0000] {processor.py:925} INFO - DAG(s) 'example_external_task_marker_child', 'example_external_task_marker_parent' retrieved from /home/airflow/.local/lib/python3.12/site-packages/airflow/example_dags/example_external_task_marker_dag.py
[2025-01-26T19:26:57.525+0000] {logging_mixin.py:190} INFO - [2025-01-26T19:26:57.525+0000] {dag.py:3239} INFO - Sync 2 DAGs
[2025-01-26T19:26:57.543+0000] {logging_mixin.py:190} INFO - [2025-01-26T19:26:57.543+0000] {dag.py:4180} INFO - Setting next_dagrun for example_external_task_marker_child to None, run_after=None
[2025-01-26T19:26:57.548+0000] {logging_mixin.py:190} INFO - [2025-01-26T19:26:57.548+0000] {dag.py:4180} INFO - Setting next_dagrun for example_external_task_marker_parent to None, run_after=None
[2025-01-26T19:26:57.570+0000] {processor.py:208} INFO - Processing /home/airflow/.local/lib/python3.12/site-packages/airflow/example_dags/example_external_task_marker_dag.py took 0.098 seconds
[2025-01-26T19:27:28.379+0000] {processor.py:186} INFO - Started process (PID=302) to work on /home/airflow/.local/lib/python3.12/site-packages/airflow/example_dags/example_external_task_marker_dag.py
[2025-01-26T19:27:28.380+0000] {processor.py:914} INFO - Processing file /home/airflow/.local/lib/python3.12/site-packages/airflow/example_dags/example_external_task_marker_dag.py for tasks to queue
[2025-01-26T19:27:28.383+0000] {logging_mixin.py:190} INFO - [2025-01-26T19:27:28.383+0000] {dagbag.py:588} INFO - Filling up the DagBag from /home/airflow/.local/lib/python3.12/site-packages/airflow/example_dags/example_external_task_marker_dag.py
[2025-01-26T19:27:28.390+0000] {processor.py:925} INFO - DAG(s) 'example_external_task_marker_child', 'example_external_task_marker_parent' retrieved from /home/airflow/.local/lib/python3.12/site-packages/airflow/example_dags/example_external_task_marker_dag.py
[2025-01-26T19:27:28.416+0000] {logging_mixin.py:190} INFO - [2025-01-26T19:27:28.416+0000] {dag.py:3239} INFO - Sync 2 DAGs
[2025-01-26T19:27:28.433+0000] {logging_mixin.py:190} INFO - [2025-01-26T19:27:28.433+0000] {dag.py:4180} INFO - Setting next_dagrun for example_external_task_marker_child to None, run_after=None
[2025-01-26T19:27:28.437+0000] {logging_mixin.py:190} INFO - [2025-01-26T19:27:28.437+0000] {dag.py:4180} INFO - Setting next_dagrun for example_external_task_marker_parent to None, run_after=None
[2025-01-26T19:27:28.455+0000] {processor.py:208} INFO - Processing /home/airflow/.local/lib/python3.12/site-packages/airflow/example_dags/example_external_task_marker_dag.py took 0.084 seconds
[2025-01-26T19:27:59.180+0000] {processor.py:186} INFO - Started process (PID=367) to work on /home/airflow/.local/lib/python3.12/site-packages/airflow/example_dags/example_external_task_marker_dag.py
[2025-01-26T19:27:59.181+0000] {processor.py:914} INFO - Processing file /home/airflow/.local/lib/python3.12/site-packages/airflow/example_dags/example_external_task_marker_dag.py for tasks to queue
[2025-01-26T19:27:59.185+0000] {logging_mixin.py:190} INFO - [2025-01-26T19:27:59.185+0000] {dagbag.py:588} INFO - Filling up the DagBag from /home/airflow/.local/lib/python3.12/site-packages/airflow/example_dags/example_external_task_marker_dag.py
[2025-01-26T19:27:59.201+0000] {processor.py:925} INFO - DAG(s) 'example_external_task_marker_parent', 'example_external_task_marker_child' retrieved from /home/airflow/.local/lib/python3.12/site-packages/airflow/example_dags/example_external_task_marker_dag.py
[2025-01-26T19:27:59.238+0000] {logging_mixin.py:190} INFO - [2025-01-26T19:27:59.238+0000] {dag.py:3239} INFO - Sync 2 DAGs
[2025-01-26T19:27:59.272+0000] {logging_mixin.py:190} INFO - [2025-01-26T19:27:59.271+0000] {dag.py:4180} INFO - Setting next_dagrun for example_external_task_marker_child to None, run_after=None
[2025-01-26T19:27:59.319+0000] {logging_mixin.py:190} INFO - [2025-01-26T19:27:59.319+0000] {dag.py:4180} INFO - Setting next_dagrun for example_external_task_marker_parent to None, run_after=None
[2025-01-26T19:27:59.369+0000] {processor.py:208} INFO - Processing /home/airflow/.local/lib/python3.12/site-packages/airflow/example_dags/example_external_task_marker_dag.py took 0.200 seconds
[2025-01-26T19:28:29.940+0000] {processor.py:186} INFO - Started process (PID=432) to work on /home/airflow/.local/lib/python3.12/site-packages/airflow/example_dags/example_external_task_marker_dag.py
[2025-01-26T19:28:29.941+0000] {processor.py:914} INFO - Processing file /home/airflow/.local/lib/python3.12/site-packages/airflow/example_dags/example_external_task_marker_dag.py for tasks to queue
[2025-01-26T19:28:29.945+0000] {logging_mixin.py:190} INFO - [2025-01-26T19:28:29.945+0000] {dagbag.py:588} INFO - Filling up the DagBag from /home/airflow/.local/lib/python3.12/site-packages/airflow/example_dags/example_external_task_marker_dag.py
[2025-01-26T19:28:29.954+0000] {processor.py:925} INFO - DAG(s) 'example_external_task_marker_parent', 'example_external_task_marker_child' retrieved from /home/airflow/.local/lib/python3.12/site-packages/airflow/example_dags/example_external_task_marker_dag.py
[2025-01-26T19:28:29.981+0000] {logging_mixin.py:190} INFO - [2025-01-26T19:28:29.980+0000] {dag.py:3239} INFO - Sync 2 DAGs
[2025-01-26T19:28:29.997+0000] {logging_mixin.py:190} INFO - [2025-01-26T19:28:29.996+0000] {dag.py:4180} INFO - Setting next_dagrun for example_external_task_marker_child to None, run_after=None
[2025-01-26T19:28:30.002+0000] {logging_mixin.py:190} INFO - [2025-01-26T19:28:30.001+0000] {dag.py:4180} INFO - Setting next_dagrun for example_external_task_marker_parent to None, run_after=None
[2025-01-26T19:28:30.022+0000] {processor.py:208} INFO - Processing /home/airflow/.local/lib/python3.12/site-packages/airflow/example_dags/example_external_task_marker_dag.py took 0.090 seconds
[2025-01-26T19:29:00.595+0000] {processor.py:186} INFO - Started process (PID=497) to work on /home/airflow/.local/lib/python3.12/site-packages/airflow/example_dags/example_external_task_marker_dag.py
[2025-01-26T19:29:00.596+0000] {processor.py:914} INFO - Processing file /home/airflow/.local/lib/python3.12/site-packages/airflow/example_dags/example_external_task_marker_dag.py for tasks to queue
[2025-01-26T19:29:00.599+0000] {logging_mixin.py:190} INFO - [2025-01-26T19:29:00.599+0000] {dagbag.py:588} INFO - Filling up the DagBag from /home/airflow/.local/lib/python3.12/site-packages/airflow/example_dags/example_external_task_marker_dag.py
[2025-01-26T19:29:00.608+0000] {processor.py:925} INFO - DAG(s) 'example_external_task_marker_child', 'example_external_task_marker_parent' retrieved from /home/airflow/.local/lib/python3.12/site-packages/airflow/example_dags/example_external_task_marker_dag.py
[2025-01-26T19:29:00.634+0000] {logging_mixin.py:190} INFO - [2025-01-26T19:29:00.633+0000] {dag.py:3239} INFO - Sync 2 DAGs
[2025-01-26T19:29:00.649+0000] {logging_mixin.py:190} INFO - [2025-01-26T19:29:00.649+0000] {dag.py:4180} INFO - Setting next_dagrun for example_external_task_marker_child to None, run_after=None
[2025-01-26T19:29:00.655+0000] {logging_mixin.py:190} INFO - [2025-01-26T19:29:00.654+0000] {dag.py:4180} INFO - Setting next_dagrun for example_external_task_marker_parent to None, run_after=None
[2025-01-26T19:29:00.680+0000] {processor.py:208} INFO - Processing /home/airflow/.local/lib/python3.12/site-packages/airflow/example_dags/example_external_task_marker_dag.py took 0.093 seconds
[2025-01-26T19:29:30.923+0000] {processor.py:186} INFO - Started process (PID=562) to work on /home/airflow/.local/lib/python3.12/site-packages/airflow/example_dags/example_external_task_marker_dag.py
[2025-01-26T19:29:30.924+0000] {processor.py:914} INFO - Processing file /home/airflow/.local/lib/python3.12/site-packages/airflow/example_dags/example_external_task_marker_dag.py for tasks to queue
[2025-01-26T19:29:30.928+0000] {logging_mixin.py:190} INFO - [2025-01-26T19:29:30.927+0000] {dagbag.py:588} INFO - Filling up the DagBag from /home/airflow/.local/lib/python3.12/site-packages/airflow/example_dags/example_external_task_marker_dag.py
[2025-01-26T19:29:30.937+0000] {processor.py:925} INFO - DAG(s) 'example_external_task_marker_child', 'example_external_task_marker_parent' retrieved from /home/airflow/.local/lib/python3.12/site-packages/airflow/example_dags/example_external_task_marker_dag.py
[2025-01-26T19:29:30.963+0000] {logging_mixin.py:190} INFO - [2025-01-26T19:29:30.963+0000] {dag.py:3239} INFO - Sync 2 DAGs
[2025-01-26T19:29:30.977+0000] {logging_mixin.py:190} INFO - [2025-01-26T19:29:30.977+0000] {dag.py:4180} INFO - Setting next_dagrun for example_external_task_marker_child to None, run_after=None
[2025-01-26T19:29:30.981+0000] {logging_mixin.py:190} INFO - [2025-01-26T19:29:30.981+0000] {dag.py:4180} INFO - Setting next_dagrun for example_external_task_marker_parent to None, run_after=None
[2025-01-26T19:29:31.000+0000] {processor.py:208} INFO - Processing /home/airflow/.local/lib/python3.12/site-packages/airflow/example_dags/example_external_task_marker_dag.py took 0.084 seconds
[2025-01-26T19:30:01.350+0000] {processor.py:186} INFO - Started process (PID=628) to work on /home/airflow/.local/lib/python3.12/site-packages/airflow/example_dags/example_external_task_marker_dag.py
[2025-01-26T19:30:01.351+0000] {processor.py:914} INFO - Processing file /home/airflow/.local/lib/python3.12/site-packages/airflow/example_dags/example_external_task_marker_dag.py for tasks to queue
[2025-01-26T19:30:01.354+0000] {logging_mixin.py:190} INFO - [2025-01-26T19:30:01.354+0000] {dagbag.py:588} INFO - Filling up the DagBag from /home/airflow/.local/lib/python3.12/site-packages/airflow/example_dags/example_external_task_marker_dag.py
[2025-01-26T19:30:01.362+0000] {processor.py:925} INFO - DAG(s) 'example_external_task_marker_child', 'example_external_task_marker_parent' retrieved from /home/airflow/.local/lib/python3.12/site-packages/airflow/example_dags/example_external_task_marker_dag.py
[2025-01-26T19:30:01.386+0000] {logging_mixin.py:190} INFO - [2025-01-26T19:30:01.386+0000] {dag.py:3239} INFO - Sync 2 DAGs
[2025-01-26T19:30:01.402+0000] {logging_mixin.py:190} INFO - [2025-01-26T19:30:01.402+0000] {dag.py:4180} INFO - Setting next_dagrun for example_external_task_marker_child to None, run_after=None
[2025-01-26T19:30:01.407+0000] {logging_mixin.py:190} INFO - [2025-01-26T19:30:01.406+0000] {dag.py:4180} INFO - Setting next_dagrun for example_external_task_marker_parent to None, run_after=None
[2025-01-26T19:30:01.427+0000] {processor.py:208} INFO - Processing /home/airflow/.local/lib/python3.12/site-packages/airflow/example_dags/example_external_task_marker_dag.py took 0.082 seconds
[2025-01-26T19:30:32.276+0000] {processor.py:186} INFO - Started process (PID=693) to work on /home/airflow/.local/lib/python3.12/site-packages/airflow/example_dags/example_external_task_marker_dag.py
[2025-01-26T19:30:32.277+0000] {processor.py:914} INFO - Processing file /home/airflow/.local/lib/python3.12/site-packages/airflow/example_dags/example_external_task_marker_dag.py for tasks to queue
[2025-01-26T19:30:32.280+0000] {logging_mixin.py:190} INFO - [2025-01-26T19:30:32.280+0000] {dagbag.py:588} INFO - Filling up the DagBag from /home/airflow/.local/lib/python3.12/site-packages/airflow/example_dags/example_external_task_marker_dag.py
[2025-01-26T19:30:32.291+0000] {processor.py:925} INFO - DAG(s) 'example_external_task_marker_child', 'example_external_task_marker_parent' retrieved from /home/airflow/.local/lib/python3.12/site-packages/airflow/example_dags/example_external_task_marker_dag.py
[2025-01-26T19:30:32.318+0000] {logging_mixin.py:190} INFO - [2025-01-26T19:30:32.318+0000] {dag.py:3239} INFO - Sync 2 DAGs
[2025-01-26T19:30:32.339+0000] {logging_mixin.py:190} INFO - [2025-01-26T19:30:32.339+0000] {dag.py:4180} INFO - Setting next_dagrun for example_external_task_marker_child to None, run_after=None
[2025-01-26T19:30:32.345+0000] {logging_mixin.py:190} INFO - [2025-01-26T19:30:32.344+0000] {dag.py:4180} INFO - Setting next_dagrun for example_external_task_marker_parent to None, run_after=None
[2025-01-26T19:30:32.371+0000] {processor.py:208} INFO - Processing /home/airflow/.local/lib/python3.12/site-packages/airflow/example_dags/example_external_task_marker_dag.py took 0.103 seconds
[2025-01-26T19:31:02.928+0000] {processor.py:186} INFO - Started process (PID=758) to work on /home/airflow/.local/lib/python3.12/site-packages/airflow/example_dags/example_external_task_marker_dag.py
[2025-01-26T19:31:02.929+0000] {processor.py:914} INFO - Processing file /home/airflow/.local/lib/python3.12/site-packages/airflow/example_dags/example_external_task_marker_dag.py for tasks to queue
[2025-01-26T19:31:02.931+0000] {logging_mixin.py:190} INFO - [2025-01-26T19:31:02.931+0000] {dagbag.py:588} INFO - Filling up the DagBag from /home/airflow/.local/lib/python3.12/site-packages/airflow/example_dags/example_external_task_marker_dag.py
[2025-01-26T19:31:02.943+0000] {processor.py:925} INFO - DAG(s) 'example_external_task_marker_child', 'example_external_task_marker_parent' retrieved from /home/airflow/.local/lib/python3.12/site-packages/airflow/example_dags/example_external_task_marker_dag.py
[2025-01-26T19:31:02.970+0000] {logging_mixin.py:190} INFO - [2025-01-26T19:31:02.970+0000] {dag.py:3239} INFO - Sync 2 DAGs
[2025-01-26T19:31:02.987+0000] {logging_mixin.py:190} INFO - [2025-01-26T19:31:02.987+0000] {dag.py:4180} INFO - Setting next_dagrun for example_external_task_marker_child to None, run_after=None
[2025-01-26T19:31:02.991+0000] {logging_mixin.py:190} INFO - [2025-01-26T19:31:02.991+0000] {dag.py:4180} INFO - Setting next_dagrun for example_external_task_marker_parent to None, run_after=None
[2025-01-26T19:31:03.011+0000] {processor.py:208} INFO - Processing /home/airflow/.local/lib/python3.12/site-packages/airflow/example_dags/example_external_task_marker_dag.py took 0.089 seconds
[2025-01-26T19:31:33.877+0000] {processor.py:186} INFO - Started process (PID=823) to work on /home/airflow/.local/lib/python3.12/site-packages/airflow/example_dags/example_external_task_marker_dag.py
[2025-01-26T19:31:33.878+0000] {processor.py:914} INFO - Processing file /home/airflow/.local/lib/python3.12/site-packages/airflow/example_dags/example_external_task_marker_dag.py for tasks to queue
[2025-01-26T19:31:33.882+0000] {logging_mixin.py:190} INFO - [2025-01-26T19:31:33.881+0000] {dagbag.py:588} INFO - Filling up the DagBag from /home/airflow/.local/lib/python3.12/site-packages/airflow/example_dags/example_external_task_marker_dag.py
[2025-01-26T19:31:33.892+0000] {processor.py:925} INFO - DAG(s) 'example_external_task_marker_parent', 'example_external_task_marker_child' retrieved from /home/airflow/.local/lib/python3.12/site-packages/airflow/example_dags/example_external_task_marker_dag.py
[2025-01-26T19:31:33.917+0000] {logging_mixin.py:190} INFO - [2025-01-26T19:31:33.916+0000] {dag.py:3239} INFO - Sync 2 DAGs
[2025-01-26T19:31:33.938+0000] {logging_mixin.py:190} INFO - [2025-01-26T19:31:33.937+0000] {dag.py:4180} INFO - Setting next_dagrun for example_external_task_marker_child to None, run_after=None
[2025-01-26T19:31:33.942+0000] {logging_mixin.py:190} INFO - [2025-01-26T19:31:33.942+0000] {dag.py:4180} INFO - Setting next_dagrun for example_external_task_marker_parent to None, run_after=None
[2025-01-26T19:31:33.963+0000] {processor.py:208} INFO - Processing /home/airflow/.local/lib/python3.12/site-packages/airflow/example_dags/example_external_task_marker_dag.py took 0.092 seconds
[2025-01-26T19:32:04.089+0000] {processor.py:186} INFO - Started process (PID=888) to work on /home/airflow/.local/lib/python3.12/site-packages/airflow/example_dags/example_external_task_marker_dag.py
[2025-01-26T19:32:04.091+0000] {processor.py:914} INFO - Processing file /home/airflow/.local/lib/python3.12/site-packages/airflow/example_dags/example_external_task_marker_dag.py for tasks to queue
[2025-01-26T19:32:04.095+0000] {logging_mixin.py:190} INFO - [2025-01-26T19:32:04.094+0000] {dagbag.py:588} INFO - Filling up the DagBag from /home/airflow/.local/lib/python3.12/site-packages/airflow/example_dags/example_external_task_marker_dag.py
[2025-01-26T19:32:04.107+0000] {processor.py:925} INFO - DAG(s) 'example_external_task_marker_child', 'example_external_task_marker_parent' retrieved from /home/airflow/.local/lib/python3.12/site-packages/airflow/example_dags/example_external_task_marker_dag.py
[2025-01-26T19:32:04.135+0000] {logging_mixin.py:190} INFO - [2025-01-26T19:32:04.135+0000] {dag.py:3239} INFO - Sync 2 DAGs
[2025-01-26T19:32:04.152+0000] {logging_mixin.py:190} INFO - [2025-01-26T19:32:04.152+0000] {dag.py:4180} INFO - Setting next_dagrun for example_external_task_marker_child to None, run_after=None
[2025-01-26T19:32:04.157+0000] {logging_mixin.py:190} INFO - [2025-01-26T19:32:04.157+0000] {dag.py:4180} INFO - Setting next_dagrun for example_external_task_marker_parent to None, run_after=None
[2025-01-26T19:32:04.177+0000] {processor.py:208} INFO - Processing /home/airflow/.local/lib/python3.12/site-packages/airflow/example_dags/example_external_task_marker_dag.py took 0.105 seconds
[2025-01-26T19:32:34.915+0000] {processor.py:186} INFO - Started process (PID=954) to work on /home/airflow/.local/lib/python3.12/site-packages/airflow/example_dags/example_external_task_marker_dag.py
[2025-01-26T19:32:34.917+0000] {processor.py:914} INFO - Processing file /home/airflow/.local/lib/python3.12/site-packages/airflow/example_dags/example_external_task_marker_dag.py for tasks to queue
[2025-01-26T19:32:34.920+0000] {logging_mixin.py:190} INFO - [2025-01-26T19:32:34.920+0000] {dagbag.py:588} INFO - Filling up the DagBag from /home/airflow/.local/lib/python3.12/site-packages/airflow/example_dags/example_external_task_marker_dag.py
[2025-01-26T19:32:34.931+0000] {processor.py:925} INFO - DAG(s) 'example_external_task_marker_child', 'example_external_task_marker_parent' retrieved from /home/airflow/.local/lib/python3.12/site-packages/airflow/example_dags/example_external_task_marker_dag.py
[2025-01-26T19:32:34.963+0000] {logging_mixin.py:190} INFO - [2025-01-26T19:32:34.962+0000] {dag.py:3239} INFO - Sync 2 DAGs
[2025-01-26T19:32:34.987+0000] {logging_mixin.py:190} INFO - [2025-01-26T19:32:34.987+0000] {dag.py:4180} INFO - Setting next_dagrun for example_external_task_marker_child to None, run_after=None
[2025-01-26T19:32:34.993+0000] {logging_mixin.py:190} INFO - [2025-01-26T19:32:34.992+0000] {dag.py:4180} INFO - Setting next_dagrun for example_external_task_marker_parent to None, run_after=None
[2025-01-26T19:32:35.015+0000] {processor.py:208} INFO - Processing /home/airflow/.local/lib/python3.12/site-packages/airflow/example_dags/example_external_task_marker_dag.py took 0.106 seconds
[2025-01-26T19:33:05.449+0000] {processor.py:186} INFO - Started process (PID=1020) to work on /home/airflow/.local/lib/python3.12/site-packages/airflow/example_dags/example_external_task_marker_dag.py
[2025-01-26T19:33:05.450+0000] {processor.py:914} INFO - Processing file /home/airflow/.local/lib/python3.12/site-packages/airflow/example_dags/example_external_task_marker_dag.py for tasks to queue
[2025-01-26T19:33:05.453+0000] {logging_mixin.py:190} INFO - [2025-01-26T19:33:05.452+0000] {dagbag.py:588} INFO - Filling up the DagBag from /home/airflow/.local/lib/python3.12/site-packages/airflow/example_dags/example_external_task_marker_dag.py
[2025-01-26T19:33:05.460+0000] {processor.py:925} INFO - DAG(s) 'example_external_task_marker_child', 'example_external_task_marker_parent' retrieved from /home/airflow/.local/lib/python3.12/site-packages/airflow/example_dags/example_external_task_marker_dag.py
[2025-01-26T19:33:05.486+0000] {logging_mixin.py:190} INFO - [2025-01-26T19:33:05.485+0000] {dag.py:3239} INFO - Sync 2 DAGs
[2025-01-26T19:33:05.504+0000] {logging_mixin.py:190} INFO - [2025-01-26T19:33:05.504+0000] {dag.py:4180} INFO - Setting next_dagrun for example_external_task_marker_child to None, run_after=None
[2025-01-26T19:33:05.509+0000] {logging_mixin.py:190} INFO - [2025-01-26T19:33:05.508+0000] {dag.py:4180} INFO - Setting next_dagrun for example_external_task_marker_parent to None, run_after=None
[2025-01-26T19:33:05.532+0000] {processor.py:208} INFO - Processing /home/airflow/.local/lib/python3.12/site-packages/airflow/example_dags/example_external_task_marker_dag.py took 0.089 seconds
[2025-01-26T19:33:36.129+0000] {processor.py:186} INFO - Started process (PID=1085) to work on /home/airflow/.local/lib/python3.12/site-packages/airflow/example_dags/example_external_task_marker_dag.py
[2025-01-26T19:33:36.130+0000] {processor.py:914} INFO - Processing file /home/airflow/.local/lib/python3.12/site-packages/airflow/example_dags/example_external_task_marker_dag.py for tasks to queue
[2025-01-26T19:33:36.133+0000] {logging_mixin.py:190} INFO - [2025-01-26T19:33:36.133+0000] {dagbag.py:588} INFO - Filling up the DagBag from /home/airflow/.local/lib/python3.12/site-packages/airflow/example_dags/example_external_task_marker_dag.py
[2025-01-26T19:33:36.141+0000] {processor.py:925} INFO - DAG(s) 'example_external_task_marker_child', 'example_external_task_marker_parent' retrieved from /home/airflow/.local/lib/python3.12/site-packages/airflow/example_dags/example_external_task_marker_dag.py
[2025-01-26T19:33:36.163+0000] {logging_mixin.py:190} INFO - [2025-01-26T19:33:36.163+0000] {dag.py:3239} INFO - Sync 2 DAGs
[2025-01-26T19:33:36.180+0000] {logging_mixin.py:190} INFO - [2025-01-26T19:33:36.180+0000] {dag.py:4180} INFO - Setting next_dagrun for example_external_task_marker_child to None, run_after=None
[2025-01-26T19:33:36.184+0000] {logging_mixin.py:190} INFO - [2025-01-26T19:33:36.184+0000] {dag.py:4180} INFO - Setting next_dagrun for example_external_task_marker_parent to None, run_after=None
[2025-01-26T19:33:36.203+0000] {processor.py:208} INFO - Processing /home/airflow/.local/lib/python3.12/site-packages/airflow/example_dags/example_external_task_marker_dag.py took 0.081 seconds
[2025-01-26T19:34:06.449+0000] {processor.py:186} INFO - Started process (PID=1150) to work on /home/airflow/.local/lib/python3.12/site-packages/airflow/example_dags/example_external_task_marker_dag.py
[2025-01-26T19:34:06.451+0000] {processor.py:914} INFO - Processing file /home/airflow/.local/lib/python3.12/site-packages/airflow/example_dags/example_external_task_marker_dag.py for tasks to queue
[2025-01-26T19:34:06.455+0000] {logging_mixin.py:190} INFO - [2025-01-26T19:34:06.454+0000] {dagbag.py:588} INFO - Filling up the DagBag from /home/airflow/.local/lib/python3.12/site-packages/airflow/example_dags/example_external_task_marker_dag.py
[2025-01-26T19:34:06.466+0000] {processor.py:925} INFO - DAG(s) 'example_external_task_marker_child', 'example_external_task_marker_parent' retrieved from /home/airflow/.local/lib/python3.12/site-packages/airflow/example_dags/example_external_task_marker_dag.py
[2025-01-26T19:34:06.494+0000] {logging_mixin.py:190} INFO - [2025-01-26T19:34:06.493+0000] {dag.py:3239} INFO - Sync 2 DAGs
[2025-01-26T19:34:06.517+0000] {logging_mixin.py:190} INFO - [2025-01-26T19:34:06.517+0000] {dag.py:4180} INFO - Setting next_dagrun for example_external_task_marker_child to None, run_after=None
[2025-01-26T19:34:06.523+0000] {logging_mixin.py:190} INFO - [2025-01-26T19:34:06.522+0000] {dag.py:4180} INFO - Setting next_dagrun for example_external_task_marker_parent to None, run_after=None
[2025-01-26T19:34:06.545+0000] {processor.py:208} INFO - Processing /home/airflow/.local/lib/python3.12/site-packages/airflow/example_dags/example_external_task_marker_dag.py took 0.104 seconds
[2025-01-26T23:29:55.858+0000] {processor.py:186} INFO - Started process (PID=36) to work on /home/airflow/.local/lib/python3.12/site-packages/airflow/example_dags/example_external_task_marker_dag.py
[2025-01-26T23:29:55.859+0000] {processor.py:914} INFO - Processing file /home/airflow/.local/lib/python3.12/site-packages/airflow/example_dags/example_external_task_marker_dag.py for tasks to queue
[2025-01-26T23:29:55.863+0000] {logging_mixin.py:190} INFO - [2025-01-26T23:29:55.862+0000] {dagbag.py:588} INFO - Filling up the DagBag from /home/airflow/.local/lib/python3.12/site-packages/airflow/example_dags/example_external_task_marker_dag.py
[2025-01-26T23:29:55.876+0000] {processor.py:925} INFO - DAG(s) 'example_external_task_marker_parent', 'example_external_task_marker_child' retrieved from /home/airflow/.local/lib/python3.12/site-packages/airflow/example_dags/example_external_task_marker_dag.py
[2025-01-26T23:29:55.906+0000] {logging_mixin.py:190} INFO - [2025-01-26T23:29:55.906+0000] {dag.py:3239} INFO - Sync 2 DAGs
[2025-01-26T23:29:55.929+0000] {logging_mixin.py:190} INFO - [2025-01-26T23:29:55.929+0000] {dag.py:4180} INFO - Setting next_dagrun for example_external_task_marker_child to None, run_after=None
[2025-01-26T23:29:55.934+0000] {logging_mixin.py:190} INFO - [2025-01-26T23:29:55.934+0000] {dag.py:4180} INFO - Setting next_dagrun for example_external_task_marker_parent to None, run_after=None
[2025-01-26T23:29:55.960+0000] {processor.py:208} INFO - Processing /home/airflow/.local/lib/python3.12/site-packages/airflow/example_dags/example_external_task_marker_dag.py took 0.108 seconds
[2025-01-26T23:30:26.919+0000] {processor.py:186} INFO - Started process (PID=101) to work on /home/airflow/.local/lib/python3.12/site-packages/airflow/example_dags/example_external_task_marker_dag.py
[2025-01-26T23:30:26.920+0000] {processor.py:914} INFO - Processing file /home/airflow/.local/lib/python3.12/site-packages/airflow/example_dags/example_external_task_marker_dag.py for tasks to queue
[2025-01-26T23:30:26.922+0000] {logging_mixin.py:190} INFO - [2025-01-26T23:30:26.922+0000] {dagbag.py:588} INFO - Filling up the DagBag from /home/airflow/.local/lib/python3.12/site-packages/airflow/example_dags/example_external_task_marker_dag.py
[2025-01-26T23:30:26.930+0000] {processor.py:925} INFO - DAG(s) 'example_external_task_marker_child', 'example_external_task_marker_parent' retrieved from /home/airflow/.local/lib/python3.12/site-packages/airflow/example_dags/example_external_task_marker_dag.py
[2025-01-26T23:30:26.953+0000] {logging_mixin.py:190} INFO - [2025-01-26T23:30:26.952+0000] {dag.py:3239} INFO - Sync 2 DAGs
[2025-01-26T23:30:26.969+0000] {logging_mixin.py:190} INFO - [2025-01-26T23:30:26.968+0000] {dag.py:4180} INFO - Setting next_dagrun for example_external_task_marker_child to None, run_after=None
[2025-01-26T23:30:26.973+0000] {logging_mixin.py:190} INFO - [2025-01-26T23:30:26.973+0000] {dag.py:4180} INFO - Setting next_dagrun for example_external_task_marker_parent to None, run_after=None
[2025-01-26T23:30:26.989+0000] {processor.py:208} INFO - Processing /home/airflow/.local/lib/python3.12/site-packages/airflow/example_dags/example_external_task_marker_dag.py took 0.076 seconds
[2025-01-26T23:30:57.917+0000] {processor.py:186} INFO - Started process (PID=165) to work on /home/airflow/.local/lib/python3.12/site-packages/airflow/example_dags/example_external_task_marker_dag.py
[2025-01-26T23:30:57.918+0000] {processor.py:914} INFO - Processing file /home/airflow/.local/lib/python3.12/site-packages/airflow/example_dags/example_external_task_marker_dag.py for tasks to queue
[2025-01-26T23:30:57.921+0000] {logging_mixin.py:190} INFO - [2025-01-26T23:30:57.921+0000] {dagbag.py:588} INFO - Filling up the DagBag from /home/airflow/.local/lib/python3.12/site-packages/airflow/example_dags/example_external_task_marker_dag.py
[2025-01-26T23:30:57.932+0000] {processor.py:925} INFO - DAG(s) 'example_external_task_marker_child', 'example_external_task_marker_parent' retrieved from /home/airflow/.local/lib/python3.12/site-packages/airflow/example_dags/example_external_task_marker_dag.py
[2025-01-26T23:30:57.957+0000] {logging_mixin.py:190} INFO - [2025-01-26T23:30:57.957+0000] {dag.py:3239} INFO - Sync 2 DAGs
[2025-01-26T23:30:57.976+0000] {logging_mixin.py:190} INFO - [2025-01-26T23:30:57.976+0000] {dag.py:4180} INFO - Setting next_dagrun for example_external_task_marker_child to None, run_after=None
[2025-01-26T23:30:57.982+0000] {logging_mixin.py:190} INFO - [2025-01-26T23:30:57.981+0000] {dag.py:4180} INFO - Setting next_dagrun for example_external_task_marker_parent to None, run_after=None
[2025-01-26T23:30:58.012+0000] {processor.py:208} INFO - Processing /home/airflow/.local/lib/python3.12/site-packages/airflow/example_dags/example_external_task_marker_dag.py took 0.103 seconds
[2025-01-26T23:31:28.327+0000] {processor.py:186} INFO - Started process (PID=234) to work on /home/airflow/.local/lib/python3.12/site-packages/airflow/example_dags/example_external_task_marker_dag.py
[2025-01-26T23:31:28.328+0000] {processor.py:914} INFO - Processing file /home/airflow/.local/lib/python3.12/site-packages/airflow/example_dags/example_external_task_marker_dag.py for tasks to queue
[2025-01-26T23:31:28.330+0000] {logging_mixin.py:190} INFO - [2025-01-26T23:31:28.330+0000] {dagbag.py:588} INFO - Filling up the DagBag from /home/airflow/.local/lib/python3.12/site-packages/airflow/example_dags/example_external_task_marker_dag.py
[2025-01-26T23:31:28.339+0000] {processor.py:925} INFO - DAG(s) 'example_external_task_marker_parent', 'example_external_task_marker_child' retrieved from /home/airflow/.local/lib/python3.12/site-packages/airflow/example_dags/example_external_task_marker_dag.py
[2025-01-26T23:31:28.362+0000] {logging_mixin.py:190} INFO - [2025-01-26T23:31:28.362+0000] {dag.py:3239} INFO - Sync 2 DAGs
[2025-01-26T23:31:28.377+0000] {logging_mixin.py:190} INFO - [2025-01-26T23:31:28.377+0000] {dag.py:4180} INFO - Setting next_dagrun for example_external_task_marker_child to None, run_after=None
[2025-01-26T23:31:28.384+0000] {logging_mixin.py:190} INFO - [2025-01-26T23:31:28.383+0000] {dag.py:4180} INFO - Setting next_dagrun for example_external_task_marker_parent to None, run_after=None
[2025-01-26T23:31:28.409+0000] {processor.py:208} INFO - Processing /home/airflow/.local/lib/python3.12/site-packages/airflow/example_dags/example_external_task_marker_dag.py took 0.089 seconds
[2025-01-26T23:31:59.783+0000] {processor.py:186} INFO - Started process (PID=299) to work on /home/airflow/.local/lib/python3.12/site-packages/airflow/example_dags/example_external_task_marker_dag.py
[2025-01-26T23:31:59.798+0000] {processor.py:914} INFO - Processing file /home/airflow/.local/lib/python3.12/site-packages/airflow/example_dags/example_external_task_marker_dag.py for tasks to queue
[2025-01-26T23:31:59.836+0000] {logging_mixin.py:190} INFO - [2025-01-26T23:31:59.835+0000] {dagbag.py:588} INFO - Filling up the DagBag from /home/airflow/.local/lib/python3.12/site-packages/airflow/example_dags/example_external_task_marker_dag.py
[2025-01-26T23:31:59.894+0000] {processor.py:925} INFO - DAG(s) 'example_external_task_marker_child', 'example_external_task_marker_parent' retrieved from /home/airflow/.local/lib/python3.12/site-packages/airflow/example_dags/example_external_task_marker_dag.py
[2025-01-26T23:31:59.976+0000] {logging_mixin.py:190} INFO - [2025-01-26T23:31:59.975+0000] {dag.py:3239} INFO - Sync 2 DAGs
[2025-01-26T23:32:00.030+0000] {logging_mixin.py:190} INFO - [2025-01-26T23:32:00.030+0000] {dag.py:4180} INFO - Setting next_dagrun for example_external_task_marker_child to None, run_after=None
[2025-01-26T23:32:00.054+0000] {logging_mixin.py:190} INFO - [2025-01-26T23:32:00.054+0000] {dag.py:4180} INFO - Setting next_dagrun for example_external_task_marker_parent to None, run_after=None
[2025-01-26T23:32:00.106+0000] {processor.py:208} INFO - Processing /home/airflow/.local/lib/python3.12/site-packages/airflow/example_dags/example_external_task_marker_dag.py took 0.342 seconds
[2025-01-26T23:32:30.356+0000] {processor.py:186} INFO - Started process (PID=364) to work on /home/airflow/.local/lib/python3.12/site-packages/airflow/example_dags/example_external_task_marker_dag.py
[2025-01-26T23:32:30.357+0000] {processor.py:914} INFO - Processing file /home/airflow/.local/lib/python3.12/site-packages/airflow/example_dags/example_external_task_marker_dag.py for tasks to queue
[2025-01-26T23:32:30.360+0000] {logging_mixin.py:190} INFO - [2025-01-26T23:32:30.360+0000] {dagbag.py:588} INFO - Filling up the DagBag from /home/airflow/.local/lib/python3.12/site-packages/airflow/example_dags/example_external_task_marker_dag.py
[2025-01-26T23:32:30.371+0000] {processor.py:925} INFO - DAG(s) 'example_external_task_marker_child', 'example_external_task_marker_parent' retrieved from /home/airflow/.local/lib/python3.12/site-packages/airflow/example_dags/example_external_task_marker_dag.py
[2025-01-26T23:32:30.399+0000] {logging_mixin.py:190} INFO - [2025-01-26T23:32:30.399+0000] {dag.py:3239} INFO - Sync 2 DAGs
[2025-01-26T23:32:30.414+0000] {logging_mixin.py:190} INFO - [2025-01-26T23:32:30.413+0000] {dag.py:4180} INFO - Setting next_dagrun for example_external_task_marker_child to None, run_after=None
[2025-01-26T23:32:30.417+0000] {logging_mixin.py:190} INFO - [2025-01-26T23:32:30.417+0000] {dag.py:4180} INFO - Setting next_dagrun for example_external_task_marker_parent to None, run_after=None
[2025-01-26T23:32:30.439+0000] {processor.py:208} INFO - Processing /home/airflow/.local/lib/python3.12/site-packages/airflow/example_dags/example_external_task_marker_dag.py took 0.090 seconds
[2025-01-26T23:33:00.804+0000] {processor.py:186} INFO - Started process (PID=429) to work on /home/airflow/.local/lib/python3.12/site-packages/airflow/example_dags/example_external_task_marker_dag.py
[2025-01-26T23:33:00.806+0000] {processor.py:914} INFO - Processing file /home/airflow/.local/lib/python3.12/site-packages/airflow/example_dags/example_external_task_marker_dag.py for tasks to queue
[2025-01-26T23:33:00.809+0000] {logging_mixin.py:190} INFO - [2025-01-26T23:33:00.809+0000] {dagbag.py:588} INFO - Filling up the DagBag from /home/airflow/.local/lib/python3.12/site-packages/airflow/example_dags/example_external_task_marker_dag.py
[2025-01-26T23:33:00.820+0000] {processor.py:925} INFO - DAG(s) 'example_external_task_marker_parent', 'example_external_task_marker_child' retrieved from /home/airflow/.local/lib/python3.12/site-packages/airflow/example_dags/example_external_task_marker_dag.py
[2025-01-26T23:33:00.841+0000] {logging_mixin.py:190} INFO - [2025-01-26T23:33:00.841+0000] {dag.py:3239} INFO - Sync 2 DAGs
[2025-01-26T23:33:00.859+0000] {logging_mixin.py:190} INFO - [2025-01-26T23:33:00.858+0000] {dag.py:4180} INFO - Setting next_dagrun for example_external_task_marker_child to None, run_after=None
[2025-01-26T23:33:00.863+0000] {logging_mixin.py:190} INFO - [2025-01-26T23:33:00.863+0000] {dag.py:4180} INFO - Setting next_dagrun for example_external_task_marker_parent to None, run_after=None
[2025-01-26T23:33:00.882+0000] {processor.py:208} INFO - Processing /home/airflow/.local/lib/python3.12/site-packages/airflow/example_dags/example_external_task_marker_dag.py took 0.084 seconds
[2025-01-26T23:33:30.956+0000] {processor.py:186} INFO - Started process (PID=493) to work on /home/airflow/.local/lib/python3.12/site-packages/airflow/example_dags/example_external_task_marker_dag.py
[2025-01-26T23:33:30.958+0000] {processor.py:914} INFO - Processing file /home/airflow/.local/lib/python3.12/site-packages/airflow/example_dags/example_external_task_marker_dag.py for tasks to queue
[2025-01-26T23:33:30.960+0000] {logging_mixin.py:190} INFO - [2025-01-26T23:33:30.960+0000] {dagbag.py:588} INFO - Filling up the DagBag from /home/airflow/.local/lib/python3.12/site-packages/airflow/example_dags/example_external_task_marker_dag.py
[2025-01-26T23:33:30.968+0000] {processor.py:925} INFO - DAG(s) 'example_external_task_marker_parent', 'example_external_task_marker_child' retrieved from /home/airflow/.local/lib/python3.12/site-packages/airflow/example_dags/example_external_task_marker_dag.py
[2025-01-26T23:33:30.991+0000] {logging_mixin.py:190} INFO - [2025-01-26T23:33:30.991+0000] {dag.py:3239} INFO - Sync 2 DAGs
[2025-01-26T23:33:31.008+0000] {logging_mixin.py:190} INFO - [2025-01-26T23:33:31.007+0000] {dag.py:4180} INFO - Setting next_dagrun for example_external_task_marker_child to None, run_after=None
[2025-01-26T23:33:31.012+0000] {logging_mixin.py:190} INFO - [2025-01-26T23:33:31.011+0000] {dag.py:4180} INFO - Setting next_dagrun for example_external_task_marker_parent to None, run_after=None
[2025-01-26T23:33:31.038+0000] {processor.py:208} INFO - Processing /home/airflow/.local/lib/python3.12/site-packages/airflow/example_dags/example_external_task_marker_dag.py took 0.087 seconds
[2025-01-26T23:34:01.177+0000] {processor.py:186} INFO - Started process (PID=558) to work on /home/airflow/.local/lib/python3.12/site-packages/airflow/example_dags/example_external_task_marker_dag.py
[2025-01-26T23:34:01.178+0000] {processor.py:914} INFO - Processing file /home/airflow/.local/lib/python3.12/site-packages/airflow/example_dags/example_external_task_marker_dag.py for tasks to queue
[2025-01-26T23:34:01.182+0000] {logging_mixin.py:190} INFO - [2025-01-26T23:34:01.181+0000] {dagbag.py:588} INFO - Filling up the DagBag from /home/airflow/.local/lib/python3.12/site-packages/airflow/example_dags/example_external_task_marker_dag.py
[2025-01-26T23:34:01.190+0000] {processor.py:925} INFO - DAG(s) 'example_external_task_marker_parent', 'example_external_task_marker_child' retrieved from /home/airflow/.local/lib/python3.12/site-packages/airflow/example_dags/example_external_task_marker_dag.py
[2025-01-26T23:34:01.213+0000] {logging_mixin.py:190} INFO - [2025-01-26T23:34:01.213+0000] {dag.py:3239} INFO - Sync 2 DAGs
[2025-01-26T23:34:01.243+0000] {logging_mixin.py:190} INFO - [2025-01-26T23:34:01.243+0000] {dag.py:4180} INFO - Setting next_dagrun for example_external_task_marker_child to None, run_after=None
[2025-01-26T23:34:01.248+0000] {logging_mixin.py:190} INFO - [2025-01-26T23:34:01.247+0000] {dag.py:4180} INFO - Setting next_dagrun for example_external_task_marker_parent to None, run_after=None
[2025-01-26T23:34:01.269+0000] {processor.py:208} INFO - Processing /home/airflow/.local/lib/python3.12/site-packages/airflow/example_dags/example_external_task_marker_dag.py took 0.099 seconds
[2025-01-26T23:34:31.923+0000] {processor.py:186} INFO - Started process (PID=623) to work on /home/airflow/.local/lib/python3.12/site-packages/airflow/example_dags/example_external_task_marker_dag.py
[2025-01-26T23:34:31.925+0000] {processor.py:914} INFO - Processing file /home/airflow/.local/lib/python3.12/site-packages/airflow/example_dags/example_external_task_marker_dag.py for tasks to queue
[2025-01-26T23:34:31.927+0000] {logging_mixin.py:190} INFO - [2025-01-26T23:34:31.927+0000] {dagbag.py:588} INFO - Filling up the DagBag from /home/airflow/.local/lib/python3.12/site-packages/airflow/example_dags/example_external_task_marker_dag.py
[2025-01-26T23:34:31.939+0000] {processor.py:925} INFO - DAG(s) 'example_external_task_marker_parent', 'example_external_task_marker_child' retrieved from /home/airflow/.local/lib/python3.12/site-packages/airflow/example_dags/example_external_task_marker_dag.py
[2025-01-26T23:34:31.971+0000] {logging_mixin.py:190} INFO - [2025-01-26T23:34:31.970+0000] {dag.py:3239} INFO - Sync 2 DAGs
[2025-01-26T23:34:31.992+0000] {logging_mixin.py:190} INFO - [2025-01-26T23:34:31.992+0000] {dag.py:4180} INFO - Setting next_dagrun for example_external_task_marker_child to None, run_after=None
[2025-01-26T23:34:31.997+0000] {logging_mixin.py:190} INFO - [2025-01-26T23:34:31.997+0000] {dag.py:4180} INFO - Setting next_dagrun for example_external_task_marker_parent to None, run_after=None
[2025-01-26T23:34:32.021+0000] {processor.py:208} INFO - Processing /home/airflow/.local/lib/python3.12/site-packages/airflow/example_dags/example_external_task_marker_dag.py took 0.105 seconds
[2025-01-26T23:35:02.665+0000] {processor.py:186} INFO - Started process (PID=688) to work on /home/airflow/.local/lib/python3.12/site-packages/airflow/example_dags/example_external_task_marker_dag.py
[2025-01-26T23:35:02.667+0000] {processor.py:914} INFO - Processing file /home/airflow/.local/lib/python3.12/site-packages/airflow/example_dags/example_external_task_marker_dag.py for tasks to queue
[2025-01-26T23:35:02.673+0000] {logging_mixin.py:190} INFO - [2025-01-26T23:35:02.673+0000] {dagbag.py:588} INFO - Filling up the DagBag from /home/airflow/.local/lib/python3.12/site-packages/airflow/example_dags/example_external_task_marker_dag.py
[2025-01-26T23:35:02.688+0000] {processor.py:925} INFO - DAG(s) 'example_external_task_marker_parent', 'example_external_task_marker_child' retrieved from /home/airflow/.local/lib/python3.12/site-packages/airflow/example_dags/example_external_task_marker_dag.py
[2025-01-26T23:35:02.738+0000] {logging_mixin.py:190} INFO - [2025-01-26T23:35:02.738+0000] {dag.py:3239} INFO - Sync 2 DAGs
[2025-01-26T23:35:02.767+0000] {logging_mixin.py:190} INFO - [2025-01-26T23:35:02.767+0000] {dag.py:4180} INFO - Setting next_dagrun for example_external_task_marker_child to None, run_after=None
[2025-01-26T23:35:02.773+0000] {logging_mixin.py:190} INFO - [2025-01-26T23:35:02.773+0000] {dag.py:4180} INFO - Setting next_dagrun for example_external_task_marker_parent to None, run_after=None
[2025-01-26T23:35:02.807+0000] {processor.py:208} INFO - Processing /home/airflow/.local/lib/python3.12/site-packages/airflow/example_dags/example_external_task_marker_dag.py took 0.150 seconds
[2025-01-26T23:35:32.966+0000] {processor.py:186} INFO - Started process (PID=753) to work on /home/airflow/.local/lib/python3.12/site-packages/airflow/example_dags/example_external_task_marker_dag.py
[2025-01-26T23:35:32.968+0000] {processor.py:914} INFO - Processing file /home/airflow/.local/lib/python3.12/site-packages/airflow/example_dags/example_external_task_marker_dag.py for tasks to queue
[2025-01-26T23:35:32.971+0000] {logging_mixin.py:190} INFO - [2025-01-26T23:35:32.970+0000] {dagbag.py:588} INFO - Filling up the DagBag from /home/airflow/.local/lib/python3.12/site-packages/airflow/example_dags/example_external_task_marker_dag.py
[2025-01-26T23:35:32.981+0000] {processor.py:925} INFO - DAG(s) 'example_external_task_marker_child', 'example_external_task_marker_parent' retrieved from /home/airflow/.local/lib/python3.12/site-packages/airflow/example_dags/example_external_task_marker_dag.py
[2025-01-26T23:35:33.007+0000] {logging_mixin.py:190} INFO - [2025-01-26T23:35:33.007+0000] {dag.py:3239} INFO - Sync 2 DAGs
[2025-01-26T23:35:33.024+0000] {logging_mixin.py:190} INFO - [2025-01-26T23:35:33.023+0000] {dag.py:4180} INFO - Setting next_dagrun for example_external_task_marker_child to None, run_after=None
[2025-01-26T23:35:33.028+0000] {logging_mixin.py:190} INFO - [2025-01-26T23:35:33.027+0000] {dag.py:4180} INFO - Setting next_dagrun for example_external_task_marker_parent to None, run_after=None
[2025-01-26T23:35:33.049+0000] {processor.py:208} INFO - Processing /home/airflow/.local/lib/python3.12/site-packages/airflow/example_dags/example_external_task_marker_dag.py took 0.090 seconds
[2025-01-26T23:36:03.534+0000] {processor.py:186} INFO - Started process (PID=818) to work on /home/airflow/.local/lib/python3.12/site-packages/airflow/example_dags/example_external_task_marker_dag.py
[2025-01-26T23:36:03.535+0000] {processor.py:914} INFO - Processing file /home/airflow/.local/lib/python3.12/site-packages/airflow/example_dags/example_external_task_marker_dag.py for tasks to queue
[2025-01-26T23:36:03.538+0000] {logging_mixin.py:190} INFO - [2025-01-26T23:36:03.537+0000] {dagbag.py:588} INFO - Filling up the DagBag from /home/airflow/.local/lib/python3.12/site-packages/airflow/example_dags/example_external_task_marker_dag.py
[2025-01-26T23:36:03.548+0000] {processor.py:925} INFO - DAG(s) 'example_external_task_marker_parent', 'example_external_task_marker_child' retrieved from /home/airflow/.local/lib/python3.12/site-packages/airflow/example_dags/example_external_task_marker_dag.py
[2025-01-26T23:36:03.573+0000] {logging_mixin.py:190} INFO - [2025-01-26T23:36:03.573+0000] {dag.py:3239} INFO - Sync 2 DAGs
[2025-01-26T23:36:03.594+0000] {logging_mixin.py:190} INFO - [2025-01-26T23:36:03.593+0000] {dag.py:4180} INFO - Setting next_dagrun for example_external_task_marker_child to None, run_after=None
[2025-01-26T23:36:03.598+0000] {logging_mixin.py:190} INFO - [2025-01-26T23:36:03.598+0000] {dag.py:4180} INFO - Setting next_dagrun for example_external_task_marker_parent to None, run_after=None
[2025-01-26T23:36:03.617+0000] {processor.py:208} INFO - Processing /home/airflow/.local/lib/python3.12/site-packages/airflow/example_dags/example_external_task_marker_dag.py took 0.088 seconds
[2025-01-26T23:36:33.962+0000] {processor.py:186} INFO - Started process (PID=883) to work on /home/airflow/.local/lib/python3.12/site-packages/airflow/example_dags/example_external_task_marker_dag.py
[2025-01-26T23:36:33.964+0000] {processor.py:914} INFO - Processing file /home/airflow/.local/lib/python3.12/site-packages/airflow/example_dags/example_external_task_marker_dag.py for tasks to queue
[2025-01-26T23:36:33.966+0000] {logging_mixin.py:190} INFO - [2025-01-26T23:36:33.966+0000] {dagbag.py:588} INFO - Filling up the DagBag from /home/airflow/.local/lib/python3.12/site-packages/airflow/example_dags/example_external_task_marker_dag.py
[2025-01-26T23:36:33.973+0000] {processor.py:925} INFO - DAG(s) 'example_external_task_marker_child', 'example_external_task_marker_parent' retrieved from /home/airflow/.local/lib/python3.12/site-packages/airflow/example_dags/example_external_task_marker_dag.py
[2025-01-26T23:36:33.996+0000] {logging_mixin.py:190} INFO - [2025-01-26T23:36:33.995+0000] {dag.py:3239} INFO - Sync 2 DAGs
[2025-01-26T23:36:34.011+0000] {logging_mixin.py:190} INFO - [2025-01-26T23:36:34.011+0000] {dag.py:4180} INFO - Setting next_dagrun for example_external_task_marker_child to None, run_after=None
[2025-01-26T23:36:34.016+0000] {logging_mixin.py:190} INFO - [2025-01-26T23:36:34.016+0000] {dag.py:4180} INFO - Setting next_dagrun for example_external_task_marker_parent to None, run_after=None
[2025-01-26T23:36:34.035+0000] {processor.py:208} INFO - Processing /home/airflow/.local/lib/python3.12/site-packages/airflow/example_dags/example_external_task_marker_dag.py took 0.078 seconds
[2025-01-26T23:37:04.569+0000] {processor.py:186} INFO - Started process (PID=948) to work on /home/airflow/.local/lib/python3.12/site-packages/airflow/example_dags/example_external_task_marker_dag.py
[2025-01-26T23:37:04.571+0000] {processor.py:914} INFO - Processing file /home/airflow/.local/lib/python3.12/site-packages/airflow/example_dags/example_external_task_marker_dag.py for tasks to queue
[2025-01-26T23:37:04.574+0000] {logging_mixin.py:190} INFO - [2025-01-26T23:37:04.574+0000] {dagbag.py:588} INFO - Filling up the DagBag from /home/airflow/.local/lib/python3.12/site-packages/airflow/example_dags/example_external_task_marker_dag.py
[2025-01-26T23:37:04.591+0000] {processor.py:925} INFO - DAG(s) 'example_external_task_marker_parent', 'example_external_task_marker_child' retrieved from /home/airflow/.local/lib/python3.12/site-packages/airflow/example_dags/example_external_task_marker_dag.py
[2025-01-26T23:37:04.630+0000] {logging_mixin.py:190} INFO - [2025-01-26T23:37:04.630+0000] {dag.py:3239} INFO - Sync 2 DAGs
[2025-01-26T23:37:04.657+0000] {logging_mixin.py:190} INFO - [2025-01-26T23:37:04.657+0000] {dag.py:4180} INFO - Setting next_dagrun for example_external_task_marker_child to None, run_after=None
[2025-01-26T23:37:04.664+0000] {logging_mixin.py:190} INFO - [2025-01-26T23:37:04.663+0000] {dag.py:4180} INFO - Setting next_dagrun for example_external_task_marker_parent to None, run_after=None
[2025-01-26T23:37:04.693+0000] {processor.py:208} INFO - Processing /home/airflow/.local/lib/python3.12/site-packages/airflow/example_dags/example_external_task_marker_dag.py took 0.133 seconds
[2025-01-26T23:37:35.469+0000] {processor.py:186} INFO - Started process (PID=1012) to work on /home/airflow/.local/lib/python3.12/site-packages/airflow/example_dags/example_external_task_marker_dag.py
[2025-01-26T23:37:35.470+0000] {processor.py:914} INFO - Processing file /home/airflow/.local/lib/python3.12/site-packages/airflow/example_dags/example_external_task_marker_dag.py for tasks to queue
[2025-01-26T23:37:35.474+0000] {logging_mixin.py:190} INFO - [2025-01-26T23:37:35.473+0000] {dagbag.py:588} INFO - Filling up the DagBag from /home/airflow/.local/lib/python3.12/site-packages/airflow/example_dags/example_external_task_marker_dag.py
[2025-01-26T23:37:35.485+0000] {processor.py:925} INFO - DAG(s) 'example_external_task_marker_parent', 'example_external_task_marker_child' retrieved from /home/airflow/.local/lib/python3.12/site-packages/airflow/example_dags/example_external_task_marker_dag.py
[2025-01-26T23:37:35.520+0000] {logging_mixin.py:190} INFO - [2025-01-26T23:37:35.520+0000] {dag.py:3239} INFO - Sync 2 DAGs
[2025-01-26T23:37:35.545+0000] {logging_mixin.py:190} INFO - [2025-01-26T23:37:35.542+0000] {dag.py:4180} INFO - Setting next_dagrun for example_external_task_marker_child to None, run_after=None
[2025-01-26T23:37:35.555+0000] {logging_mixin.py:190} INFO - [2025-01-26T23:37:35.555+0000] {dag.py:4180} INFO - Setting next_dagrun for example_external_task_marker_parent to None, run_after=None
[2025-01-26T23:37:35.589+0000] {processor.py:208} INFO - Processing /home/airflow/.local/lib/python3.12/site-packages/airflow/example_dags/example_external_task_marker_dag.py took 0.130 seconds
[2025-01-26T23:38:06.263+0000] {processor.py:186} INFO - Started process (PID=1078) to work on /home/airflow/.local/lib/python3.12/site-packages/airflow/example_dags/example_external_task_marker_dag.py
[2025-01-26T23:38:06.264+0000] {processor.py:914} INFO - Processing file /home/airflow/.local/lib/python3.12/site-packages/airflow/example_dags/example_external_task_marker_dag.py for tasks to queue
[2025-01-26T23:38:06.267+0000] {logging_mixin.py:190} INFO - [2025-01-26T23:38:06.267+0000] {dagbag.py:588} INFO - Filling up the DagBag from /home/airflow/.local/lib/python3.12/site-packages/airflow/example_dags/example_external_task_marker_dag.py
[2025-01-26T23:38:06.275+0000] {processor.py:925} INFO - DAG(s) 'example_external_task_marker_child', 'example_external_task_marker_parent' retrieved from /home/airflow/.local/lib/python3.12/site-packages/airflow/example_dags/example_external_task_marker_dag.py
[2025-01-26T23:38:06.297+0000] {logging_mixin.py:190} INFO - [2025-01-26T23:38:06.297+0000] {dag.py:3239} INFO - Sync 2 DAGs
[2025-01-26T23:38:06.317+0000] {logging_mixin.py:190} INFO - [2025-01-26T23:38:06.317+0000] {dag.py:4180} INFO - Setting next_dagrun for example_external_task_marker_child to None, run_after=None
[2025-01-26T23:38:06.321+0000] {logging_mixin.py:190} INFO - [2025-01-26T23:38:06.321+0000] {dag.py:4180} INFO - Setting next_dagrun for example_external_task_marker_parent to None, run_after=None
[2025-01-26T23:38:06.338+0000] {processor.py:208} INFO - Processing /home/airflow/.local/lib/python3.12/site-packages/airflow/example_dags/example_external_task_marker_dag.py took 0.083 seconds
[2025-01-26T23:38:37.006+0000] {processor.py:186} INFO - Started process (PID=1143) to work on /home/airflow/.local/lib/python3.12/site-packages/airflow/example_dags/example_external_task_marker_dag.py
[2025-01-26T23:38:37.007+0000] {processor.py:914} INFO - Processing file /home/airflow/.local/lib/python3.12/site-packages/airflow/example_dags/example_external_task_marker_dag.py for tasks to queue
[2025-01-26T23:38:37.012+0000] {logging_mixin.py:190} INFO - [2025-01-26T23:38:37.012+0000] {dagbag.py:588} INFO - Filling up the DagBag from /home/airflow/.local/lib/python3.12/site-packages/airflow/example_dags/example_external_task_marker_dag.py
[2025-01-26T23:38:37.022+0000] {processor.py:925} INFO - DAG(s) 'example_external_task_marker_parent', 'example_external_task_marker_child' retrieved from /home/airflow/.local/lib/python3.12/site-packages/airflow/example_dags/example_external_task_marker_dag.py
[2025-01-26T23:38:37.056+0000] {logging_mixin.py:190} INFO - [2025-01-26T23:38:37.056+0000] {dag.py:3239} INFO - Sync 2 DAGs
[2025-01-26T23:38:37.080+0000] {logging_mixin.py:190} INFO - [2025-01-26T23:38:37.080+0000] {dag.py:4180} INFO - Setting next_dagrun for example_external_task_marker_child to None, run_after=None
[2025-01-26T23:38:37.096+0000] {logging_mixin.py:190} INFO - [2025-01-26T23:38:37.096+0000] {dag.py:4180} INFO - Setting next_dagrun for example_external_task_marker_parent to None, run_after=None
[2025-01-26T23:38:37.130+0000] {processor.py:208} INFO - Processing /home/airflow/.local/lib/python3.12/site-packages/airflow/example_dags/example_external_task_marker_dag.py took 0.132 seconds
[2025-01-26T23:39:07.800+0000] {processor.py:186} INFO - Started process (PID=1208) to work on /home/airflow/.local/lib/python3.12/site-packages/airflow/example_dags/example_external_task_marker_dag.py
[2025-01-26T23:39:07.801+0000] {processor.py:914} INFO - Processing file /home/airflow/.local/lib/python3.12/site-packages/airflow/example_dags/example_external_task_marker_dag.py for tasks to queue
[2025-01-26T23:39:07.805+0000] {logging_mixin.py:190} INFO - [2025-01-26T23:39:07.804+0000] {dagbag.py:588} INFO - Filling up the DagBag from /home/airflow/.local/lib/python3.12/site-packages/airflow/example_dags/example_external_task_marker_dag.py
[2025-01-26T23:39:07.812+0000] {processor.py:925} INFO - DAG(s) 'example_external_task_marker_parent', 'example_external_task_marker_child' retrieved from /home/airflow/.local/lib/python3.12/site-packages/airflow/example_dags/example_external_task_marker_dag.py
[2025-01-26T23:39:07.847+0000] {logging_mixin.py:190} INFO - [2025-01-26T23:39:07.847+0000] {dag.py:3239} INFO - Sync 2 DAGs
[2025-01-26T23:39:07.865+0000] {logging_mixin.py:190} INFO - [2025-01-26T23:39:07.865+0000] {dag.py:4180} INFO - Setting next_dagrun for example_external_task_marker_child to None, run_after=None
[2025-01-26T23:39:07.870+0000] {logging_mixin.py:190} INFO - [2025-01-26T23:39:07.869+0000] {dag.py:4180} INFO - Setting next_dagrun for example_external_task_marker_parent to None, run_after=None
[2025-01-26T23:39:07.888+0000] {processor.py:208} INFO - Processing /home/airflow/.local/lib/python3.12/site-packages/airflow/example_dags/example_external_task_marker_dag.py took 0.093 seconds
[2025-01-26T23:39:37.970+0000] {processor.py:186} INFO - Started process (PID=1273) to work on /home/airflow/.local/lib/python3.12/site-packages/airflow/example_dags/example_external_task_marker_dag.py
[2025-01-26T23:39:37.972+0000] {processor.py:914} INFO - Processing file /home/airflow/.local/lib/python3.12/site-packages/airflow/example_dags/example_external_task_marker_dag.py for tasks to queue
[2025-01-26T23:39:37.976+0000] {logging_mixin.py:190} INFO - [2025-01-26T23:39:37.975+0000] {dagbag.py:588} INFO - Filling up the DagBag from /home/airflow/.local/lib/python3.12/site-packages/airflow/example_dags/example_external_task_marker_dag.py
[2025-01-26T23:39:37.986+0000] {processor.py:925} INFO - DAG(s) 'example_external_task_marker_child', 'example_external_task_marker_parent' retrieved from /home/airflow/.local/lib/python3.12/site-packages/airflow/example_dags/example_external_task_marker_dag.py
[2025-01-26T23:39:38.015+0000] {logging_mixin.py:190} INFO - [2025-01-26T23:39:38.015+0000] {dag.py:3239} INFO - Sync 2 DAGs
[2025-01-26T23:39:38.031+0000] {logging_mixin.py:190} INFO - [2025-01-26T23:39:38.030+0000] {dag.py:4180} INFO - Setting next_dagrun for example_external_task_marker_child to None, run_after=None
[2025-01-26T23:39:38.035+0000] {logging_mixin.py:190} INFO - [2025-01-26T23:39:38.034+0000] {dag.py:4180} INFO - Setting next_dagrun for example_external_task_marker_parent to None, run_after=None
[2025-01-26T23:39:38.061+0000] {processor.py:208} INFO - Processing /home/airflow/.local/lib/python3.12/site-packages/airflow/example_dags/example_external_task_marker_dag.py took 0.096 seconds
[2025-01-26T23:40:08.764+0000] {processor.py:186} INFO - Started process (PID=1338) to work on /home/airflow/.local/lib/python3.12/site-packages/airflow/example_dags/example_external_task_marker_dag.py
[2025-01-26T23:40:08.765+0000] {processor.py:914} INFO - Processing file /home/airflow/.local/lib/python3.12/site-packages/airflow/example_dags/example_external_task_marker_dag.py for tasks to queue
[2025-01-26T23:40:08.769+0000] {logging_mixin.py:190} INFO - [2025-01-26T23:40:08.768+0000] {dagbag.py:588} INFO - Filling up the DagBag from /home/airflow/.local/lib/python3.12/site-packages/airflow/example_dags/example_external_task_marker_dag.py
[2025-01-26T23:40:08.778+0000] {processor.py:925} INFO - DAG(s) 'example_external_task_marker_parent', 'example_external_task_marker_child' retrieved from /home/airflow/.local/lib/python3.12/site-packages/airflow/example_dags/example_external_task_marker_dag.py
[2025-01-26T23:40:08.806+0000] {logging_mixin.py:190} INFO - [2025-01-26T23:40:08.805+0000] {dag.py:3239} INFO - Sync 2 DAGs
[2025-01-26T23:40:08.844+0000] {logging_mixin.py:190} INFO - [2025-01-26T23:40:08.843+0000] {dag.py:4180} INFO - Setting next_dagrun for example_external_task_marker_child to None, run_after=None
[2025-01-26T23:40:08.850+0000] {logging_mixin.py:190} INFO - [2025-01-26T23:40:08.849+0000] {dag.py:4180} INFO - Setting next_dagrun for example_external_task_marker_parent to None, run_after=None
[2025-01-26T23:40:08.869+0000] {processor.py:208} INFO - Processing /home/airflow/.local/lib/python3.12/site-packages/airflow/example_dags/example_external_task_marker_dag.py took 0.112 seconds
[2025-01-26T23:40:39.767+0000] {processor.py:186} INFO - Started process (PID=1403) to work on /home/airflow/.local/lib/python3.12/site-packages/airflow/example_dags/example_external_task_marker_dag.py
[2025-01-26T23:40:39.769+0000] {processor.py:914} INFO - Processing file /home/airflow/.local/lib/python3.12/site-packages/airflow/example_dags/example_external_task_marker_dag.py for tasks to queue
[2025-01-26T23:40:39.772+0000] {logging_mixin.py:190} INFO - [2025-01-26T23:40:39.772+0000] {dagbag.py:588} INFO - Filling up the DagBag from /home/airflow/.local/lib/python3.12/site-packages/airflow/example_dags/example_external_task_marker_dag.py
[2025-01-26T23:40:39.782+0000] {processor.py:925} INFO - DAG(s) 'example_external_task_marker_child', 'example_external_task_marker_parent' retrieved from /home/airflow/.local/lib/python3.12/site-packages/airflow/example_dags/example_external_task_marker_dag.py
[2025-01-26T23:40:39.813+0000] {logging_mixin.py:190} INFO - [2025-01-26T23:40:39.813+0000] {dag.py:3239} INFO - Sync 2 DAGs
[2025-01-26T23:40:39.830+0000] {logging_mixin.py:190} INFO - [2025-01-26T23:40:39.830+0000] {dag.py:4180} INFO - Setting next_dagrun for example_external_task_marker_child to None, run_after=None
[2025-01-26T23:40:39.834+0000] {logging_mixin.py:190} INFO - [2025-01-26T23:40:39.834+0000] {dag.py:4180} INFO - Setting next_dagrun for example_external_task_marker_parent to None, run_after=None
[2025-01-26T23:40:39.860+0000] {processor.py:208} INFO - Processing /home/airflow/.local/lib/python3.12/site-packages/airflow/example_dags/example_external_task_marker_dag.py took 0.100 seconds
[2025-01-26T23:41:10.133+0000] {processor.py:186} INFO - Started process (PID=1468) to work on /home/airflow/.local/lib/python3.12/site-packages/airflow/example_dags/example_external_task_marker_dag.py
[2025-01-26T23:41:10.134+0000] {processor.py:914} INFO - Processing file /home/airflow/.local/lib/python3.12/site-packages/airflow/example_dags/example_external_task_marker_dag.py for tasks to queue
[2025-01-26T23:41:10.137+0000] {logging_mixin.py:190} INFO - [2025-01-26T23:41:10.137+0000] {dagbag.py:588} INFO - Filling up the DagBag from /home/airflow/.local/lib/python3.12/site-packages/airflow/example_dags/example_external_task_marker_dag.py
[2025-01-26T23:41:10.145+0000] {processor.py:925} INFO - DAG(s) 'example_external_task_marker_parent', 'example_external_task_marker_child' retrieved from /home/airflow/.local/lib/python3.12/site-packages/airflow/example_dags/example_external_task_marker_dag.py
[2025-01-26T23:41:10.168+0000] {logging_mixin.py:190} INFO - [2025-01-26T23:41:10.168+0000] {dag.py:3239} INFO - Sync 2 DAGs
[2025-01-26T23:41:10.187+0000] {logging_mixin.py:190} INFO - [2025-01-26T23:41:10.186+0000] {dag.py:4180} INFO - Setting next_dagrun for example_external_task_marker_child to None, run_after=None
[2025-01-26T23:41:10.193+0000] {logging_mixin.py:190} INFO - [2025-01-26T23:41:10.193+0000] {dag.py:4180} INFO - Setting next_dagrun for example_external_task_marker_parent to None, run_after=None
[2025-01-26T23:41:10.215+0000] {processor.py:208} INFO - Processing /home/airflow/.local/lib/python3.12/site-packages/airflow/example_dags/example_external_task_marker_dag.py took 0.087 seconds
[2025-01-26T23:41:40.708+0000] {processor.py:186} INFO - Started process (PID=1533) to work on /home/airflow/.local/lib/python3.12/site-packages/airflow/example_dags/example_external_task_marker_dag.py
[2025-01-26T23:41:40.710+0000] {processor.py:914} INFO - Processing file /home/airflow/.local/lib/python3.12/site-packages/airflow/example_dags/example_external_task_marker_dag.py for tasks to queue
[2025-01-26T23:41:40.713+0000] {logging_mixin.py:190} INFO - [2025-01-26T23:41:40.712+0000] {dagbag.py:588} INFO - Filling up the DagBag from /home/airflow/.local/lib/python3.12/site-packages/airflow/example_dags/example_external_task_marker_dag.py
[2025-01-26T23:41:40.721+0000] {processor.py:925} INFO - DAG(s) 'example_external_task_marker_child', 'example_external_task_marker_parent' retrieved from /home/airflow/.local/lib/python3.12/site-packages/airflow/example_dags/example_external_task_marker_dag.py
[2025-01-26T23:41:40.747+0000] {logging_mixin.py:190} INFO - [2025-01-26T23:41:40.746+0000] {dag.py:3239} INFO - Sync 2 DAGs
[2025-01-26T23:41:40.762+0000] {logging_mixin.py:190} INFO - [2025-01-26T23:41:40.762+0000] {dag.py:4180} INFO - Setting next_dagrun for example_external_task_marker_child to None, run_after=None
[2025-01-26T23:41:40.767+0000] {logging_mixin.py:190} INFO - [2025-01-26T23:41:40.767+0000] {dag.py:4180} INFO - Setting next_dagrun for example_external_task_marker_parent to None, run_after=None
[2025-01-26T23:41:40.788+0000] {processor.py:208} INFO - Processing /home/airflow/.local/lib/python3.12/site-packages/airflow/example_dags/example_external_task_marker_dag.py took 0.085 seconds
[2025-01-26T23:42:10.992+0000] {processor.py:186} INFO - Started process (PID=1598) to work on /home/airflow/.local/lib/python3.12/site-packages/airflow/example_dags/example_external_task_marker_dag.py
[2025-01-26T23:42:10.993+0000] {processor.py:914} INFO - Processing file /home/airflow/.local/lib/python3.12/site-packages/airflow/example_dags/example_external_task_marker_dag.py for tasks to queue
[2025-01-26T23:42:10.996+0000] {logging_mixin.py:190} INFO - [2025-01-26T23:42:10.996+0000] {dagbag.py:588} INFO - Filling up the DagBag from /home/airflow/.local/lib/python3.12/site-packages/airflow/example_dags/example_external_task_marker_dag.py
[2025-01-26T23:42:11.003+0000] {processor.py:925} INFO - DAG(s) 'example_external_task_marker_parent', 'example_external_task_marker_child' retrieved from /home/airflow/.local/lib/python3.12/site-packages/airflow/example_dags/example_external_task_marker_dag.py
[2025-01-26T23:42:11.023+0000] {logging_mixin.py:190} INFO - [2025-01-26T23:42:11.023+0000] {dag.py:3239} INFO - Sync 2 DAGs
[2025-01-26T23:42:11.037+0000] {logging_mixin.py:190} INFO - [2025-01-26T23:42:11.037+0000] {dag.py:4180} INFO - Setting next_dagrun for example_external_task_marker_child to None, run_after=None
[2025-01-26T23:42:11.041+0000] {logging_mixin.py:190} INFO - [2025-01-26T23:42:11.040+0000] {dag.py:4180} INFO - Setting next_dagrun for example_external_task_marker_parent to None, run_after=None
[2025-01-26T23:42:11.056+0000] {processor.py:208} INFO - Processing /home/airflow/.local/lib/python3.12/site-packages/airflow/example_dags/example_external_task_marker_dag.py took 0.069 seconds
[2025-01-26T23:42:41.483+0000] {processor.py:186} INFO - Started process (PID=1664) to work on /home/airflow/.local/lib/python3.12/site-packages/airflow/example_dags/example_external_task_marker_dag.py
[2025-01-26T23:42:41.484+0000] {processor.py:914} INFO - Processing file /home/airflow/.local/lib/python3.12/site-packages/airflow/example_dags/example_external_task_marker_dag.py for tasks to queue
[2025-01-26T23:42:41.488+0000] {logging_mixin.py:190} INFO - [2025-01-26T23:42:41.487+0000] {dagbag.py:588} INFO - Filling up the DagBag from /home/airflow/.local/lib/python3.12/site-packages/airflow/example_dags/example_external_task_marker_dag.py
[2025-01-26T23:42:41.499+0000] {processor.py:925} INFO - DAG(s) 'example_external_task_marker_child', 'example_external_task_marker_parent' retrieved from /home/airflow/.local/lib/python3.12/site-packages/airflow/example_dags/example_external_task_marker_dag.py
[2025-01-26T23:42:41.527+0000] {logging_mixin.py:190} INFO - [2025-01-26T23:42:41.526+0000] {dag.py:3239} INFO - Sync 2 DAGs
[2025-01-26T23:42:41.546+0000] {logging_mixin.py:190} INFO - [2025-01-26T23:42:41.546+0000] {dag.py:4180} INFO - Setting next_dagrun for example_external_task_marker_child to None, run_after=None
[2025-01-26T23:42:41.551+0000] {logging_mixin.py:190} INFO - [2025-01-26T23:42:41.551+0000] {dag.py:4180} INFO - Setting next_dagrun for example_external_task_marker_parent to None, run_after=None
[2025-01-26T23:42:41.569+0000] {processor.py:208} INFO - Processing /home/airflow/.local/lib/python3.12/site-packages/airflow/example_dags/example_external_task_marker_dag.py took 0.095 seconds
[2025-01-26T23:43:11.783+0000] {processor.py:186} INFO - Started process (PID=1729) to work on /home/airflow/.local/lib/python3.12/site-packages/airflow/example_dags/example_external_task_marker_dag.py
[2025-01-26T23:43:11.784+0000] {processor.py:914} INFO - Processing file /home/airflow/.local/lib/python3.12/site-packages/airflow/example_dags/example_external_task_marker_dag.py for tasks to queue
[2025-01-26T23:43:11.787+0000] {logging_mixin.py:190} INFO - [2025-01-26T23:43:11.787+0000] {dagbag.py:588} INFO - Filling up the DagBag from /home/airflow/.local/lib/python3.12/site-packages/airflow/example_dags/example_external_task_marker_dag.py
[2025-01-26T23:43:11.804+0000] {processor.py:925} INFO - DAG(s) 'example_external_task_marker_parent', 'example_external_task_marker_child' retrieved from /home/airflow/.local/lib/python3.12/site-packages/airflow/example_dags/example_external_task_marker_dag.py
[2025-01-26T23:43:11.828+0000] {logging_mixin.py:190} INFO - [2025-01-26T23:43:11.827+0000] {dag.py:3239} INFO - Sync 2 DAGs
[2025-01-26T23:43:11.847+0000] {logging_mixin.py:190} INFO - [2025-01-26T23:43:11.846+0000] {dag.py:4180} INFO - Setting next_dagrun for example_external_task_marker_child to None, run_after=None
[2025-01-26T23:43:11.851+0000] {logging_mixin.py:190} INFO - [2025-01-26T23:43:11.851+0000] {dag.py:4180} INFO - Setting next_dagrun for example_external_task_marker_parent to None, run_after=None
[2025-01-26T23:43:11.868+0000] {processor.py:208} INFO - Processing /home/airflow/.local/lib/python3.12/site-packages/airflow/example_dags/example_external_task_marker_dag.py took 0.090 seconds
[2025-01-26T23:43:42.385+0000] {processor.py:186} INFO - Started process (PID=1794) to work on /home/airflow/.local/lib/python3.12/site-packages/airflow/example_dags/example_external_task_marker_dag.py
[2025-01-26T23:43:42.386+0000] {processor.py:914} INFO - Processing file /home/airflow/.local/lib/python3.12/site-packages/airflow/example_dags/example_external_task_marker_dag.py for tasks to queue
[2025-01-26T23:43:42.390+0000] {logging_mixin.py:190} INFO - [2025-01-26T23:43:42.390+0000] {dagbag.py:588} INFO - Filling up the DagBag from /home/airflow/.local/lib/python3.12/site-packages/airflow/example_dags/example_external_task_marker_dag.py
[2025-01-26T23:43:42.399+0000] {processor.py:925} INFO - DAG(s) 'example_external_task_marker_child', 'example_external_task_marker_parent' retrieved from /home/airflow/.local/lib/python3.12/site-packages/airflow/example_dags/example_external_task_marker_dag.py
[2025-01-26T23:43:42.424+0000] {logging_mixin.py:190} INFO - [2025-01-26T23:43:42.424+0000] {dag.py:3239} INFO - Sync 2 DAGs
[2025-01-26T23:43:42.443+0000] {logging_mixin.py:190} INFO - [2025-01-26T23:43:42.443+0000] {dag.py:4180} INFO - Setting next_dagrun for example_external_task_marker_child to None, run_after=None
[2025-01-26T23:43:42.448+0000] {logging_mixin.py:190} INFO - [2025-01-26T23:43:42.448+0000] {dag.py:4180} INFO - Setting next_dagrun for example_external_task_marker_parent to None, run_after=None
[2025-01-26T23:43:42.468+0000] {processor.py:208} INFO - Processing /home/airflow/.local/lib/python3.12/site-packages/airflow/example_dags/example_external_task_marker_dag.py took 0.088 seconds
[2025-01-26T23:44:13.348+0000] {processor.py:186} INFO - Started process (PID=1857) to work on /home/airflow/.local/lib/python3.12/site-packages/airflow/example_dags/example_external_task_marker_dag.py
[2025-01-26T23:44:13.349+0000] {processor.py:914} INFO - Processing file /home/airflow/.local/lib/python3.12/site-packages/airflow/example_dags/example_external_task_marker_dag.py for tasks to queue
[2025-01-26T23:44:13.352+0000] {logging_mixin.py:190} INFO - [2025-01-26T23:44:13.351+0000] {dagbag.py:588} INFO - Filling up the DagBag from /home/airflow/.local/lib/python3.12/site-packages/airflow/example_dags/example_external_task_marker_dag.py
[2025-01-26T23:44:13.362+0000] {processor.py:925} INFO - DAG(s) 'example_external_task_marker_child', 'example_external_task_marker_parent' retrieved from /home/airflow/.local/lib/python3.12/site-packages/airflow/example_dags/example_external_task_marker_dag.py
[2025-01-26T23:44:13.388+0000] {logging_mixin.py:190} INFO - [2025-01-26T23:44:13.388+0000] {dag.py:3239} INFO - Sync 2 DAGs
[2025-01-26T23:44:13.406+0000] {logging_mixin.py:190} INFO - [2025-01-26T23:44:13.406+0000] {dag.py:4180} INFO - Setting next_dagrun for example_external_task_marker_child to None, run_after=None
[2025-01-26T23:44:13.410+0000] {logging_mixin.py:190} INFO - [2025-01-26T23:44:13.410+0000] {dag.py:4180} INFO - Setting next_dagrun for example_external_task_marker_parent to None, run_after=None
[2025-01-26T23:44:13.427+0000] {processor.py:208} INFO - Processing /home/airflow/.local/lib/python3.12/site-packages/airflow/example_dags/example_external_task_marker_dag.py took 0.087 seconds
[2025-01-26T23:44:45.391+0000] {processor.py:186} INFO - Started process (PID=1922) to work on /home/airflow/.local/lib/python3.12/site-packages/airflow/example_dags/example_external_task_marker_dag.py
[2025-01-26T23:44:45.392+0000] {processor.py:914} INFO - Processing file /home/airflow/.local/lib/python3.12/site-packages/airflow/example_dags/example_external_task_marker_dag.py for tasks to queue
[2025-01-26T23:44:45.395+0000] {logging_mixin.py:190} INFO - [2025-01-26T23:44:45.395+0000] {dagbag.py:588} INFO - Filling up the DagBag from /home/airflow/.local/lib/python3.12/site-packages/airflow/example_dags/example_external_task_marker_dag.py
[2025-01-26T23:44:45.407+0000] {processor.py:925} INFO - DAG(s) 'example_external_task_marker_parent', 'example_external_task_marker_child' retrieved from /home/airflow/.local/lib/python3.12/site-packages/airflow/example_dags/example_external_task_marker_dag.py
[2025-01-26T23:44:45.428+0000] {logging_mixin.py:190} INFO - [2025-01-26T23:44:45.428+0000] {dag.py:3239} INFO - Sync 2 DAGs
[2025-01-26T23:44:45.443+0000] {logging_mixin.py:190} INFO - [2025-01-26T23:44:45.442+0000] {dag.py:4180} INFO - Setting next_dagrun for example_external_task_marker_child to None, run_after=None
[2025-01-26T23:44:45.447+0000] {logging_mixin.py:190} INFO - [2025-01-26T23:44:45.447+0000] {dag.py:4180} INFO - Setting next_dagrun for example_external_task_marker_parent to None, run_after=None
[2025-01-26T23:44:45.462+0000] {processor.py:208} INFO - Processing /home/airflow/.local/lib/python3.12/site-packages/airflow/example_dags/example_external_task_marker_dag.py took 0.079 seconds
[2025-01-26T23:45:16.126+0000] {processor.py:186} INFO - Started process (PID=1987) to work on /home/airflow/.local/lib/python3.12/site-packages/airflow/example_dags/example_external_task_marker_dag.py
[2025-01-26T23:45:16.127+0000] {processor.py:914} INFO - Processing file /home/airflow/.local/lib/python3.12/site-packages/airflow/example_dags/example_external_task_marker_dag.py for tasks to queue
[2025-01-26T23:45:16.130+0000] {logging_mixin.py:190} INFO - [2025-01-26T23:45:16.130+0000] {dagbag.py:588} INFO - Filling up the DagBag from /home/airflow/.local/lib/python3.12/site-packages/airflow/example_dags/example_external_task_marker_dag.py
[2025-01-26T23:45:16.141+0000] {processor.py:925} INFO - DAG(s) 'example_external_task_marker_child', 'example_external_task_marker_parent' retrieved from /home/airflow/.local/lib/python3.12/site-packages/airflow/example_dags/example_external_task_marker_dag.py
[2025-01-26T23:45:16.175+0000] {logging_mixin.py:190} INFO - [2025-01-26T23:45:16.174+0000] {dag.py:3239} INFO - Sync 2 DAGs
[2025-01-26T23:45:16.196+0000] {logging_mixin.py:190} INFO - [2025-01-26T23:45:16.195+0000] {dag.py:4180} INFO - Setting next_dagrun for example_external_task_marker_child to None, run_after=None
[2025-01-26T23:45:16.201+0000] {logging_mixin.py:190} INFO - [2025-01-26T23:45:16.201+0000] {dag.py:4180} INFO - Setting next_dagrun for example_external_task_marker_parent to None, run_after=None
[2025-01-26T23:45:16.229+0000] {processor.py:208} INFO - Processing /home/airflow/.local/lib/python3.12/site-packages/airflow/example_dags/example_external_task_marker_dag.py took 0.111 seconds
[2025-01-26T23:45:47.098+0000] {processor.py:186} INFO - Started process (PID=2051) to work on /home/airflow/.local/lib/python3.12/site-packages/airflow/example_dags/example_external_task_marker_dag.py
[2025-01-26T23:45:47.099+0000] {processor.py:914} INFO - Processing file /home/airflow/.local/lib/python3.12/site-packages/airflow/example_dags/example_external_task_marker_dag.py for tasks to queue
[2025-01-26T23:45:47.101+0000] {logging_mixin.py:190} INFO - [2025-01-26T23:45:47.101+0000] {dagbag.py:588} INFO - Filling up the DagBag from /home/airflow/.local/lib/python3.12/site-packages/airflow/example_dags/example_external_task_marker_dag.py
[2025-01-26T23:45:47.111+0000] {processor.py:925} INFO - DAG(s) 'example_external_task_marker_parent', 'example_external_task_marker_child' retrieved from /home/airflow/.local/lib/python3.12/site-packages/airflow/example_dags/example_external_task_marker_dag.py
[2025-01-26T23:45:47.138+0000] {logging_mixin.py:190} INFO - [2025-01-26T23:45:47.137+0000] {dag.py:3239} INFO - Sync 2 DAGs
[2025-01-26T23:45:47.155+0000] {logging_mixin.py:190} INFO - [2025-01-26T23:45:47.154+0000] {dag.py:4180} INFO - Setting next_dagrun for example_external_task_marker_child to None, run_after=None
[2025-01-26T23:45:47.160+0000] {logging_mixin.py:190} INFO - [2025-01-26T23:45:47.160+0000] {dag.py:4180} INFO - Setting next_dagrun for example_external_task_marker_parent to None, run_after=None
[2025-01-26T23:45:47.182+0000] {processor.py:208} INFO - Processing /home/airflow/.local/lib/python3.12/site-packages/airflow/example_dags/example_external_task_marker_dag.py took 0.091 seconds
[2025-01-26T23:46:17.858+0000] {processor.py:186} INFO - Started process (PID=2116) to work on /home/airflow/.local/lib/python3.12/site-packages/airflow/example_dags/example_external_task_marker_dag.py
[2025-01-26T23:46:17.859+0000] {processor.py:914} INFO - Processing file /home/airflow/.local/lib/python3.12/site-packages/airflow/example_dags/example_external_task_marker_dag.py for tasks to queue
[2025-01-26T23:46:17.861+0000] {logging_mixin.py:190} INFO - [2025-01-26T23:46:17.861+0000] {dagbag.py:588} INFO - Filling up the DagBag from /home/airflow/.local/lib/python3.12/site-packages/airflow/example_dags/example_external_task_marker_dag.py
[2025-01-26T23:46:17.869+0000] {processor.py:925} INFO - DAG(s) 'example_external_task_marker_child', 'example_external_task_marker_parent' retrieved from /home/airflow/.local/lib/python3.12/site-packages/airflow/example_dags/example_external_task_marker_dag.py
[2025-01-26T23:46:17.892+0000] {logging_mixin.py:190} INFO - [2025-01-26T23:46:17.892+0000] {dag.py:3239} INFO - Sync 2 DAGs
[2025-01-26T23:46:17.908+0000] {logging_mixin.py:190} INFO - [2025-01-26T23:46:17.907+0000] {dag.py:4180} INFO - Setting next_dagrun for example_external_task_marker_child to None, run_after=None
[2025-01-26T23:46:17.913+0000] {logging_mixin.py:190} INFO - [2025-01-26T23:46:17.913+0000] {dag.py:4180} INFO - Setting next_dagrun for example_external_task_marker_parent to None, run_after=None
[2025-01-26T23:46:17.932+0000] {processor.py:208} INFO - Processing /home/airflow/.local/lib/python3.12/site-packages/airflow/example_dags/example_external_task_marker_dag.py took 0.080 seconds
[2025-01-26T23:46:48.413+0000] {processor.py:186} INFO - Started process (PID=2180) to work on /home/airflow/.local/lib/python3.12/site-packages/airflow/example_dags/example_external_task_marker_dag.py
[2025-01-26T23:46:48.414+0000] {processor.py:914} INFO - Processing file /home/airflow/.local/lib/python3.12/site-packages/airflow/example_dags/example_external_task_marker_dag.py for tasks to queue
[2025-01-26T23:46:48.416+0000] {logging_mixin.py:190} INFO - [2025-01-26T23:46:48.416+0000] {dagbag.py:588} INFO - Filling up the DagBag from /home/airflow/.local/lib/python3.12/site-packages/airflow/example_dags/example_external_task_marker_dag.py
[2025-01-26T23:46:48.427+0000] {processor.py:925} INFO - DAG(s) 'example_external_task_marker_parent', 'example_external_task_marker_child' retrieved from /home/airflow/.local/lib/python3.12/site-packages/airflow/example_dags/example_external_task_marker_dag.py
[2025-01-26T23:46:48.452+0000] {logging_mixin.py:190} INFO - [2025-01-26T23:46:48.451+0000] {dag.py:3239} INFO - Sync 2 DAGs
[2025-01-26T23:46:48.469+0000] {logging_mixin.py:190} INFO - [2025-01-26T23:46:48.469+0000] {dag.py:4180} INFO - Setting next_dagrun for example_external_task_marker_child to None, run_after=None
[2025-01-26T23:46:48.474+0000] {logging_mixin.py:190} INFO - [2025-01-26T23:46:48.474+0000] {dag.py:4180} INFO - Setting next_dagrun for example_external_task_marker_parent to None, run_after=None
[2025-01-26T23:46:48.491+0000] {processor.py:208} INFO - Processing /home/airflow/.local/lib/python3.12/site-packages/airflow/example_dags/example_external_task_marker_dag.py took 0.084 seconds
[2025-01-26T23:47:18.779+0000] {processor.py:186} INFO - Started process (PID=2245) to work on /home/airflow/.local/lib/python3.12/site-packages/airflow/example_dags/example_external_task_marker_dag.py
[2025-01-26T23:47:18.781+0000] {processor.py:914} INFO - Processing file /home/airflow/.local/lib/python3.12/site-packages/airflow/example_dags/example_external_task_marker_dag.py for tasks to queue
[2025-01-26T23:47:18.785+0000] {logging_mixin.py:190} INFO - [2025-01-26T23:47:18.784+0000] {dagbag.py:588} INFO - Filling up the DagBag from /home/airflow/.local/lib/python3.12/site-packages/airflow/example_dags/example_external_task_marker_dag.py
[2025-01-26T23:47:18.793+0000] {processor.py:925} INFO - DAG(s) 'example_external_task_marker_parent', 'example_external_task_marker_child' retrieved from /home/airflow/.local/lib/python3.12/site-packages/airflow/example_dags/example_external_task_marker_dag.py
[2025-01-26T23:47:18.825+0000] {logging_mixin.py:190} INFO - [2025-01-26T23:47:18.825+0000] {dag.py:3239} INFO - Sync 2 DAGs
[2025-01-26T23:47:18.847+0000] {logging_mixin.py:190} INFO - [2025-01-26T23:47:18.847+0000] {dag.py:4180} INFO - Setting next_dagrun for example_external_task_marker_child to None, run_after=None
[2025-01-26T23:47:18.852+0000] {logging_mixin.py:190} INFO - [2025-01-26T23:47:18.852+0000] {dag.py:4180} INFO - Setting next_dagrun for example_external_task_marker_parent to None, run_after=None
[2025-01-26T23:47:18.870+0000] {processor.py:208} INFO - Processing /home/airflow/.local/lib/python3.12/site-packages/airflow/example_dags/example_external_task_marker_dag.py took 0.098 seconds
[2025-01-26T23:47:49.061+0000] {processor.py:186} INFO - Started process (PID=2310) to work on /home/airflow/.local/lib/python3.12/site-packages/airflow/example_dags/example_external_task_marker_dag.py
[2025-01-26T23:47:49.062+0000] {processor.py:914} INFO - Processing file /home/airflow/.local/lib/python3.12/site-packages/airflow/example_dags/example_external_task_marker_dag.py for tasks to queue
[2025-01-26T23:47:49.065+0000] {logging_mixin.py:190} INFO - [2025-01-26T23:47:49.064+0000] {dagbag.py:588} INFO - Filling up the DagBag from /home/airflow/.local/lib/python3.12/site-packages/airflow/example_dags/example_external_task_marker_dag.py
[2025-01-26T23:47:49.073+0000] {processor.py:925} INFO - DAG(s) 'example_external_task_marker_child', 'example_external_task_marker_parent' retrieved from /home/airflow/.local/lib/python3.12/site-packages/airflow/example_dags/example_external_task_marker_dag.py
[2025-01-26T23:47:49.095+0000] {logging_mixin.py:190} INFO - [2025-01-26T23:47:49.094+0000] {dag.py:3239} INFO - Sync 2 DAGs
[2025-01-26T23:47:49.109+0000] {logging_mixin.py:190} INFO - [2025-01-26T23:47:49.109+0000] {dag.py:4180} INFO - Setting next_dagrun for example_external_task_marker_child to None, run_after=None
[2025-01-26T23:47:49.113+0000] {logging_mixin.py:190} INFO - [2025-01-26T23:47:49.113+0000] {dag.py:4180} INFO - Setting next_dagrun for example_external_task_marker_parent to None, run_after=None
[2025-01-26T23:47:49.132+0000] {processor.py:208} INFO - Processing /home/airflow/.local/lib/python3.12/site-packages/airflow/example_dags/example_external_task_marker_dag.py took 0.077 seconds
[2025-01-26T23:48:19.288+0000] {processor.py:186} INFO - Started process (PID=2375) to work on /home/airflow/.local/lib/python3.12/site-packages/airflow/example_dags/example_external_task_marker_dag.py
[2025-01-26T23:48:19.289+0000] {processor.py:914} INFO - Processing file /home/airflow/.local/lib/python3.12/site-packages/airflow/example_dags/example_external_task_marker_dag.py for tasks to queue
[2025-01-26T23:48:19.291+0000] {logging_mixin.py:190} INFO - [2025-01-26T23:48:19.291+0000] {dagbag.py:588} INFO - Filling up the DagBag from /home/airflow/.local/lib/python3.12/site-packages/airflow/example_dags/example_external_task_marker_dag.py
[2025-01-26T23:48:19.301+0000] {processor.py:925} INFO - DAG(s) 'example_external_task_marker_parent', 'example_external_task_marker_child' retrieved from /home/airflow/.local/lib/python3.12/site-packages/airflow/example_dags/example_external_task_marker_dag.py
[2025-01-26T23:48:19.326+0000] {logging_mixin.py:190} INFO - [2025-01-26T23:48:19.326+0000] {dag.py:3239} INFO - Sync 2 DAGs
[2025-01-26T23:48:19.341+0000] {logging_mixin.py:190} INFO - [2025-01-26T23:48:19.341+0000] {dag.py:4180} INFO - Setting next_dagrun for example_external_task_marker_child to None, run_after=None
[2025-01-26T23:48:19.347+0000] {logging_mixin.py:190} INFO - [2025-01-26T23:48:19.347+0000] {dag.py:4180} INFO - Setting next_dagrun for example_external_task_marker_parent to None, run_after=None
[2025-01-26T23:48:19.366+0000] {processor.py:208} INFO - Processing /home/airflow/.local/lib/python3.12/site-packages/airflow/example_dags/example_external_task_marker_dag.py took 0.084 seconds
[2025-01-26T23:48:49.566+0000] {processor.py:186} INFO - Started process (PID=2440) to work on /home/airflow/.local/lib/python3.12/site-packages/airflow/example_dags/example_external_task_marker_dag.py
[2025-01-26T23:48:49.567+0000] {processor.py:914} INFO - Processing file /home/airflow/.local/lib/python3.12/site-packages/airflow/example_dags/example_external_task_marker_dag.py for tasks to queue
[2025-01-26T23:48:49.571+0000] {logging_mixin.py:190} INFO - [2025-01-26T23:48:49.570+0000] {dagbag.py:588} INFO - Filling up the DagBag from /home/airflow/.local/lib/python3.12/site-packages/airflow/example_dags/example_external_task_marker_dag.py
[2025-01-26T23:48:49.582+0000] {processor.py:925} INFO - DAG(s) 'example_external_task_marker_parent', 'example_external_task_marker_child' retrieved from /home/airflow/.local/lib/python3.12/site-packages/airflow/example_dags/example_external_task_marker_dag.py
[2025-01-26T23:48:49.607+0000] {logging_mixin.py:190} INFO - [2025-01-26T23:48:49.607+0000] {dag.py:3239} INFO - Sync 2 DAGs
[2025-01-26T23:48:49.622+0000] {logging_mixin.py:190} INFO - [2025-01-26T23:48:49.622+0000] {dag.py:4180} INFO - Setting next_dagrun for example_external_task_marker_child to None, run_after=None
[2025-01-26T23:48:49.626+0000] {logging_mixin.py:190} INFO - [2025-01-26T23:48:49.626+0000] {dag.py:4180} INFO - Setting next_dagrun for example_external_task_marker_parent to None, run_after=None
[2025-01-26T23:48:49.648+0000] {processor.py:208} INFO - Processing /home/airflow/.local/lib/python3.12/site-packages/airflow/example_dags/example_external_task_marker_dag.py took 0.090 seconds
[2025-01-26T23:49:22.328+0000] {processor.py:186} INFO - Started process (PID=2488) to work on /home/airflow/.local/lib/python3.12/site-packages/airflow/example_dags/example_external_task_marker_dag.py
[2025-01-26T23:49:22.329+0000] {processor.py:914} INFO - Processing file /home/airflow/.local/lib/python3.12/site-packages/airflow/example_dags/example_external_task_marker_dag.py for tasks to queue
[2025-01-26T23:49:22.342+0000] {logging_mixin.py:190} INFO - [2025-01-26T23:49:22.342+0000] {dagbag.py:588} INFO - Filling up the DagBag from /home/airflow/.local/lib/python3.12/site-packages/airflow/example_dags/example_external_task_marker_dag.py
[2025-01-26T23:49:22.376+0000] {processor.py:925} INFO - DAG(s) 'example_external_task_marker_parent', 'example_external_task_marker_child' retrieved from /home/airflow/.local/lib/python3.12/site-packages/airflow/example_dags/example_external_task_marker_dag.py
[2025-01-26T23:49:22.431+0000] {logging_mixin.py:190} INFO - [2025-01-26T23:49:22.431+0000] {dag.py:3239} INFO - Sync 2 DAGs
[2025-01-26T23:49:22.473+0000] {logging_mixin.py:190} INFO - [2025-01-26T23:49:22.473+0000] {dag.py:4180} INFO - Setting next_dagrun for example_external_task_marker_child to None, run_after=None
[2025-01-26T23:49:22.488+0000] {logging_mixin.py:190} INFO - [2025-01-26T23:49:22.487+0000] {dag.py:4180} INFO - Setting next_dagrun for example_external_task_marker_parent to None, run_after=None
[2025-01-26T23:49:22.548+0000] {processor.py:208} INFO - Processing /home/airflow/.local/lib/python3.12/site-packages/airflow/example_dags/example_external_task_marker_dag.py took 0.236 seconds
[2025-01-26T23:49:56.101+0000] {processor.py:186} INFO - Started process (PID=2553) to work on /home/airflow/.local/lib/python3.12/site-packages/airflow/example_dags/example_external_task_marker_dag.py
[2025-01-26T23:49:56.102+0000] {processor.py:914} INFO - Processing file /home/airflow/.local/lib/python3.12/site-packages/airflow/example_dags/example_external_task_marker_dag.py for tasks to queue
[2025-01-26T23:49:56.104+0000] {logging_mixin.py:190} INFO - [2025-01-26T23:49:56.104+0000] {dagbag.py:588} INFO - Filling up the DagBag from /home/airflow/.local/lib/python3.12/site-packages/airflow/example_dags/example_external_task_marker_dag.py
[2025-01-26T23:49:56.113+0000] {processor.py:925} INFO - DAG(s) 'example_external_task_marker_child', 'example_external_task_marker_parent' retrieved from /home/airflow/.local/lib/python3.12/site-packages/airflow/example_dags/example_external_task_marker_dag.py
[2025-01-26T23:49:56.133+0000] {logging_mixin.py:190} INFO - [2025-01-26T23:49:56.133+0000] {dag.py:3239} INFO - Sync 2 DAGs
[2025-01-26T23:49:56.147+0000] {logging_mixin.py:190} INFO - [2025-01-26T23:49:56.147+0000] {dag.py:4180} INFO - Setting next_dagrun for example_external_task_marker_child to None, run_after=None
[2025-01-26T23:49:56.151+0000] {logging_mixin.py:190} INFO - [2025-01-26T23:49:56.151+0000] {dag.py:4180} INFO - Setting next_dagrun for example_external_task_marker_parent to None, run_after=None
[2025-01-26T23:49:56.167+0000] {processor.py:208} INFO - Processing /home/airflow/.local/lib/python3.12/site-packages/airflow/example_dags/example_external_task_marker_dag.py took 0.071 seconds
[2025-01-26T23:50:26.781+0000] {processor.py:186} INFO - Started process (PID=2618) to work on /home/airflow/.local/lib/python3.12/site-packages/airflow/example_dags/example_external_task_marker_dag.py
[2025-01-26T23:50:26.782+0000] {processor.py:914} INFO - Processing file /home/airflow/.local/lib/python3.12/site-packages/airflow/example_dags/example_external_task_marker_dag.py for tasks to queue
[2025-01-26T23:50:26.784+0000] {logging_mixin.py:190} INFO - [2025-01-26T23:50:26.784+0000] {dagbag.py:588} INFO - Filling up the DagBag from /home/airflow/.local/lib/python3.12/site-packages/airflow/example_dags/example_external_task_marker_dag.py
[2025-01-26T23:50:26.793+0000] {processor.py:925} INFO - DAG(s) 'example_external_task_marker_parent', 'example_external_task_marker_child' retrieved from /home/airflow/.local/lib/python3.12/site-packages/airflow/example_dags/example_external_task_marker_dag.py
[2025-01-26T23:50:26.820+0000] {logging_mixin.py:190} INFO - [2025-01-26T23:50:26.819+0000] {dag.py:3239} INFO - Sync 2 DAGs
[2025-01-26T23:50:26.841+0000] {logging_mixin.py:190} INFO - [2025-01-26T23:50:26.841+0000] {dag.py:4180} INFO - Setting next_dagrun for example_external_task_marker_child to None, run_after=None
[2025-01-26T23:50:26.846+0000] {logging_mixin.py:190} INFO - [2025-01-26T23:50:26.846+0000] {dag.py:4180} INFO - Setting next_dagrun for example_external_task_marker_parent to None, run_after=None
[2025-01-26T23:50:26.865+0000] {processor.py:208} INFO - Processing /home/airflow/.local/lib/python3.12/site-packages/airflow/example_dags/example_external_task_marker_dag.py took 0.090 seconds
[2025-01-26T23:50:58.920+0000] {processor.py:186} INFO - Started process (PID=2683) to work on /home/airflow/.local/lib/python3.12/site-packages/airflow/example_dags/example_external_task_marker_dag.py
[2025-01-26T23:50:58.921+0000] {processor.py:914} INFO - Processing file /home/airflow/.local/lib/python3.12/site-packages/airflow/example_dags/example_external_task_marker_dag.py for tasks to queue
[2025-01-26T23:50:58.924+0000] {logging_mixin.py:190} INFO - [2025-01-26T23:50:58.923+0000] {dagbag.py:588} INFO - Filling up the DagBag from /home/airflow/.local/lib/python3.12/site-packages/airflow/example_dags/example_external_task_marker_dag.py
[2025-01-26T23:50:58.937+0000] {processor.py:925} INFO - DAG(s) 'example_external_task_marker_parent', 'example_external_task_marker_child' retrieved from /home/airflow/.local/lib/python3.12/site-packages/airflow/example_dags/example_external_task_marker_dag.py
[2025-01-26T23:50:58.968+0000] {logging_mixin.py:190} INFO - [2025-01-26T23:50:58.967+0000] {dag.py:3239} INFO - Sync 2 DAGs
[2025-01-26T23:50:58.983+0000] {logging_mixin.py:190} INFO - [2025-01-26T23:50:58.983+0000] {dag.py:4180} INFO - Setting next_dagrun for example_external_task_marker_child to None, run_after=None
[2025-01-26T23:50:58.988+0000] {logging_mixin.py:190} INFO - [2025-01-26T23:50:58.987+0000] {dag.py:4180} INFO - Setting next_dagrun for example_external_task_marker_parent to None, run_after=None
[2025-01-26T23:50:59.008+0000] {processor.py:208} INFO - Processing /home/airflow/.local/lib/python3.12/site-packages/airflow/example_dags/example_external_task_marker_dag.py took 0.094 seconds
[2025-01-26T23:51:29.448+0000] {processor.py:186} INFO - Started process (PID=2748) to work on /home/airflow/.local/lib/python3.12/site-packages/airflow/example_dags/example_external_task_marker_dag.py
[2025-01-26T23:51:29.449+0000] {processor.py:914} INFO - Processing file /home/airflow/.local/lib/python3.12/site-packages/airflow/example_dags/example_external_task_marker_dag.py for tasks to queue
[2025-01-26T23:51:29.452+0000] {logging_mixin.py:190} INFO - [2025-01-26T23:51:29.451+0000] {dagbag.py:588} INFO - Filling up the DagBag from /home/airflow/.local/lib/python3.12/site-packages/airflow/example_dags/example_external_task_marker_dag.py
[2025-01-26T23:51:29.462+0000] {processor.py:925} INFO - DAG(s) 'example_external_task_marker_parent', 'example_external_task_marker_child' retrieved from /home/airflow/.local/lib/python3.12/site-packages/airflow/example_dags/example_external_task_marker_dag.py
[2025-01-26T23:51:29.485+0000] {logging_mixin.py:190} INFO - [2025-01-26T23:51:29.485+0000] {dag.py:3239} INFO - Sync 2 DAGs
[2025-01-26T23:51:29.504+0000] {logging_mixin.py:190} INFO - [2025-01-26T23:51:29.504+0000] {dag.py:4180} INFO - Setting next_dagrun for example_external_task_marker_child to None, run_after=None
[2025-01-26T23:51:29.509+0000] {logging_mixin.py:190} INFO - [2025-01-26T23:51:29.509+0000] {dag.py:4180} INFO - Setting next_dagrun for example_external_task_marker_parent to None, run_after=None
[2025-01-26T23:51:29.530+0000] {processor.py:208} INFO - Processing /home/airflow/.local/lib/python3.12/site-packages/airflow/example_dags/example_external_task_marker_dag.py took 0.088 seconds
[2025-01-26T23:51:59.878+0000] {processor.py:186} INFO - Started process (PID=2812) to work on /home/airflow/.local/lib/python3.12/site-packages/airflow/example_dags/example_external_task_marker_dag.py
[2025-01-26T23:51:59.879+0000] {processor.py:914} INFO - Processing file /home/airflow/.local/lib/python3.12/site-packages/airflow/example_dags/example_external_task_marker_dag.py for tasks to queue
[2025-01-26T23:51:59.882+0000] {logging_mixin.py:190} INFO - [2025-01-26T23:51:59.881+0000] {dagbag.py:588} INFO - Filling up the DagBag from /home/airflow/.local/lib/python3.12/site-packages/airflow/example_dags/example_external_task_marker_dag.py
[2025-01-26T23:51:59.890+0000] {processor.py:925} INFO - DAG(s) 'example_external_task_marker_child', 'example_external_task_marker_parent' retrieved from /home/airflow/.local/lib/python3.12/site-packages/airflow/example_dags/example_external_task_marker_dag.py
[2025-01-26T23:51:59.915+0000] {logging_mixin.py:190} INFO - [2025-01-26T23:51:59.915+0000] {dag.py:3239} INFO - Sync 2 DAGs
[2025-01-26T23:51:59.934+0000] {logging_mixin.py:190} INFO - [2025-01-26T23:51:59.934+0000] {dag.py:4180} INFO - Setting next_dagrun for example_external_task_marker_child to None, run_after=None
[2025-01-26T23:51:59.939+0000] {logging_mixin.py:190} INFO - [2025-01-26T23:51:59.939+0000] {dag.py:4180} INFO - Setting next_dagrun for example_external_task_marker_parent to None, run_after=None
[2025-01-26T23:51:59.956+0000] {processor.py:208} INFO - Processing /home/airflow/.local/lib/python3.12/site-packages/airflow/example_dags/example_external_task_marker_dag.py took 0.085 seconds
[2025-01-26T23:53:29.462+0000] {processor.py:186} INFO - Started process (PID=37) to work on /home/airflow/.local/lib/python3.12/site-packages/airflow/example_dags/example_external_task_marker_dag.py
[2025-01-26T23:53:29.470+0000] {processor.py:914} INFO - Processing file /home/airflow/.local/lib/python3.12/site-packages/airflow/example_dags/example_external_task_marker_dag.py for tasks to queue
[2025-01-26T23:53:29.477+0000] {logging_mixin.py:190} INFO - [2025-01-26T23:53:29.477+0000] {dagbag.py:588} INFO - Filling up the DagBag from /home/airflow/.local/lib/python3.12/site-packages/airflow/example_dags/example_external_task_marker_dag.py
[2025-01-26T23:53:29.502+0000] {processor.py:925} INFO - DAG(s) 'example_external_task_marker_child', 'example_external_task_marker_parent' retrieved from /home/airflow/.local/lib/python3.12/site-packages/airflow/example_dags/example_external_task_marker_dag.py
[2025-01-26T23:53:29.565+0000] {logging_mixin.py:190} INFO - [2025-01-26T23:53:29.564+0000] {dag.py:3239} INFO - Sync 2 DAGs
[2025-01-26T23:53:29.610+0000] {logging_mixin.py:190} INFO - [2025-01-26T23:53:29.608+0000] {dag.py:4180} INFO - Setting next_dagrun for example_external_task_marker_child to None, run_after=None
[2025-01-26T23:53:29.620+0000] {logging_mixin.py:190} INFO - [2025-01-26T23:53:29.619+0000] {dag.py:4180} INFO - Setting next_dagrun for example_external_task_marker_parent to None, run_after=None
[2025-01-26T23:53:29.675+0000] {processor.py:208} INFO - Processing /home/airflow/.local/lib/python3.12/site-packages/airflow/example_dags/example_external_task_marker_dag.py took 0.222 seconds
[2025-01-26T23:54:00.052+0000] {processor.py:186} INFO - Started process (PID=101) to work on /home/airflow/.local/lib/python3.12/site-packages/airflow/example_dags/example_external_task_marker_dag.py
[2025-01-26T23:54:00.054+0000] {processor.py:914} INFO - Processing file /home/airflow/.local/lib/python3.12/site-packages/airflow/example_dags/example_external_task_marker_dag.py for tasks to queue
[2025-01-26T23:54:00.057+0000] {logging_mixin.py:190} INFO - [2025-01-26T23:54:00.057+0000] {dagbag.py:588} INFO - Filling up the DagBag from /home/airflow/.local/lib/python3.12/site-packages/airflow/example_dags/example_external_task_marker_dag.py
[2025-01-26T23:54:00.066+0000] {processor.py:925} INFO - DAG(s) 'example_external_task_marker_child', 'example_external_task_marker_parent' retrieved from /home/airflow/.local/lib/python3.12/site-packages/airflow/example_dags/example_external_task_marker_dag.py
[2025-01-26T23:54:00.088+0000] {logging_mixin.py:190} INFO - [2025-01-26T23:54:00.088+0000] {dag.py:3239} INFO - Sync 2 DAGs
[2025-01-26T23:54:00.102+0000] {logging_mixin.py:190} INFO - [2025-01-26T23:54:00.102+0000] {dag.py:4180} INFO - Setting next_dagrun for example_external_task_marker_child to None, run_after=None
[2025-01-26T23:54:00.106+0000] {logging_mixin.py:190} INFO - [2025-01-26T23:54:00.106+0000] {dag.py:4180} INFO - Setting next_dagrun for example_external_task_marker_parent to None, run_after=None
[2025-01-26T23:54:00.123+0000] {processor.py:208} INFO - Processing /home/airflow/.local/lib/python3.12/site-packages/airflow/example_dags/example_external_task_marker_dag.py took 0.079 seconds
[2025-01-26T23:54:30.748+0000] {processor.py:186} INFO - Started process (PID=166) to work on /home/airflow/.local/lib/python3.12/site-packages/airflow/example_dags/example_external_task_marker_dag.py
[2025-01-26T23:54:30.749+0000] {processor.py:914} INFO - Processing file /home/airflow/.local/lib/python3.12/site-packages/airflow/example_dags/example_external_task_marker_dag.py for tasks to queue
[2025-01-26T23:54:30.750+0000] {logging_mixin.py:190} INFO - [2025-01-26T23:54:30.750+0000] {dagbag.py:588} INFO - Filling up the DagBag from /home/airflow/.local/lib/python3.12/site-packages/airflow/example_dags/example_external_task_marker_dag.py
[2025-01-26T23:54:30.760+0000] {processor.py:925} INFO - DAG(s) 'example_external_task_marker_parent', 'example_external_task_marker_child' retrieved from /home/airflow/.local/lib/python3.12/site-packages/airflow/example_dags/example_external_task_marker_dag.py
[2025-01-26T23:54:30.788+0000] {logging_mixin.py:190} INFO - [2025-01-26T23:54:30.788+0000] {dag.py:3239} INFO - Sync 2 DAGs
[2025-01-26T23:54:30.813+0000] {logging_mixin.py:190} INFO - [2025-01-26T23:54:30.813+0000] {dag.py:4180} INFO - Setting next_dagrun for example_external_task_marker_child to None, run_after=None
[2025-01-26T23:54:30.824+0000] {logging_mixin.py:190} INFO - [2025-01-26T23:54:30.824+0000] {dag.py:4180} INFO - Setting next_dagrun for example_external_task_marker_parent to None, run_after=None
[2025-01-26T23:54:30.847+0000] {processor.py:208} INFO - Processing /home/airflow/.local/lib/python3.12/site-packages/airflow/example_dags/example_external_task_marker_dag.py took 0.107 seconds
[2025-01-26T23:55:01.658+0000] {processor.py:186} INFO - Started process (PID=238) to work on /home/airflow/.local/lib/python3.12/site-packages/airflow/example_dags/example_external_task_marker_dag.py
[2025-01-26T23:55:01.659+0000] {processor.py:914} INFO - Processing file /home/airflow/.local/lib/python3.12/site-packages/airflow/example_dags/example_external_task_marker_dag.py for tasks to queue
[2025-01-26T23:55:01.661+0000] {logging_mixin.py:190} INFO - [2025-01-26T23:55:01.660+0000] {dagbag.py:588} INFO - Filling up the DagBag from /home/airflow/.local/lib/python3.12/site-packages/airflow/example_dags/example_external_task_marker_dag.py
[2025-01-26T23:55:01.670+0000] {processor.py:925} INFO - DAG(s) 'example_external_task_marker_parent', 'example_external_task_marker_child' retrieved from /home/airflow/.local/lib/python3.12/site-packages/airflow/example_dags/example_external_task_marker_dag.py
[2025-01-26T23:55:01.697+0000] {logging_mixin.py:190} INFO - [2025-01-26T23:55:01.697+0000] {dag.py:3239} INFO - Sync 2 DAGs
[2025-01-26T23:55:01.713+0000] {logging_mixin.py:190} INFO - [2025-01-26T23:55:01.713+0000] {dag.py:4180} INFO - Setting next_dagrun for example_external_task_marker_child to None, run_after=None
[2025-01-26T23:55:01.718+0000] {logging_mixin.py:190} INFO - [2025-01-26T23:55:01.718+0000] {dag.py:4180} INFO - Setting next_dagrun for example_external_task_marker_parent to None, run_after=None
[2025-01-26T23:55:01.738+0000] {processor.py:208} INFO - Processing /home/airflow/.local/lib/python3.12/site-packages/airflow/example_dags/example_external_task_marker_dag.py took 0.086 seconds
[2025-01-26T23:55:31.871+0000] {processor.py:186} INFO - Started process (PID=303) to work on /home/airflow/.local/lib/python3.12/site-packages/airflow/example_dags/example_external_task_marker_dag.py
[2025-01-26T23:55:31.872+0000] {processor.py:914} INFO - Processing file /home/airflow/.local/lib/python3.12/site-packages/airflow/example_dags/example_external_task_marker_dag.py for tasks to queue
[2025-01-26T23:55:31.873+0000] {logging_mixin.py:190} INFO - [2025-01-26T23:55:31.873+0000] {dagbag.py:588} INFO - Filling up the DagBag from /home/airflow/.local/lib/python3.12/site-packages/airflow/example_dags/example_external_task_marker_dag.py
[2025-01-26T23:55:31.882+0000] {processor.py:925} INFO - DAG(s) 'example_external_task_marker_parent', 'example_external_task_marker_child' retrieved from /home/airflow/.local/lib/python3.12/site-packages/airflow/example_dags/example_external_task_marker_dag.py
[2025-01-26T23:55:31.906+0000] {logging_mixin.py:190} INFO - [2025-01-26T23:55:31.905+0000] {dag.py:3239} INFO - Sync 2 DAGs
[2025-01-26T23:55:31.922+0000] {logging_mixin.py:190} INFO - [2025-01-26T23:55:31.922+0000] {dag.py:4180} INFO - Setting next_dagrun for example_external_task_marker_child to None, run_after=None
[2025-01-26T23:55:31.927+0000] {logging_mixin.py:190} INFO - [2025-01-26T23:55:31.926+0000] {dag.py:4180} INFO - Setting next_dagrun for example_external_task_marker_parent to None, run_after=None
[2025-01-26T23:55:31.946+0000] {processor.py:208} INFO - Processing /home/airflow/.local/lib/python3.12/site-packages/airflow/example_dags/example_external_task_marker_dag.py took 0.082 seconds
[2025-01-26T23:58:20.538+0000] {processor.py:186} INFO - Started process (PID=37) to work on /home/airflow/.local/lib/python3.12/site-packages/airflow/example_dags/example_external_task_marker_dag.py
[2025-01-26T23:58:20.539+0000] {processor.py:914} INFO - Processing file /home/airflow/.local/lib/python3.12/site-packages/airflow/example_dags/example_external_task_marker_dag.py for tasks to queue
[2025-01-26T23:58:20.543+0000] {logging_mixin.py:190} INFO - [2025-01-26T23:58:20.543+0000] {dagbag.py:588} INFO - Filling up the DagBag from /home/airflow/.local/lib/python3.12/site-packages/airflow/example_dags/example_external_task_marker_dag.py
[2025-01-26T23:58:20.556+0000] {processor.py:925} INFO - DAG(s) 'example_external_task_marker_child', 'example_external_task_marker_parent' retrieved from /home/airflow/.local/lib/python3.12/site-packages/airflow/example_dags/example_external_task_marker_dag.py
[2025-01-26T23:58:20.590+0000] {logging_mixin.py:190} INFO - [2025-01-26T23:58:20.590+0000] {dag.py:3239} INFO - Sync 2 DAGs
[2025-01-26T23:58:20.607+0000] {logging_mixin.py:190} INFO - [2025-01-26T23:58:20.606+0000] {dag.py:4180} INFO - Setting next_dagrun for example_external_task_marker_child to None, run_after=None
[2025-01-26T23:58:20.611+0000] {logging_mixin.py:190} INFO - [2025-01-26T23:58:20.611+0000] {dag.py:4180} INFO - Setting next_dagrun for example_external_task_marker_parent to None, run_after=None
[2025-01-26T23:58:20.648+0000] {processor.py:208} INFO - Processing /home/airflow/.local/lib/python3.12/site-packages/airflow/example_dags/example_external_task_marker_dag.py took 0.116 seconds
[2025-01-26T23:58:50.894+0000] {processor.py:186} INFO - Started process (PID=101) to work on /home/airflow/.local/lib/python3.12/site-packages/airflow/example_dags/example_external_task_marker_dag.py
[2025-01-26T23:58:50.899+0000] {processor.py:914} INFO - Processing file /home/airflow/.local/lib/python3.12/site-packages/airflow/example_dags/example_external_task_marker_dag.py for tasks to queue
[2025-01-26T23:58:50.904+0000] {logging_mixin.py:190} INFO - [2025-01-26T23:58:50.903+0000] {dagbag.py:588} INFO - Filling up the DagBag from /home/airflow/.local/lib/python3.12/site-packages/airflow/example_dags/example_external_task_marker_dag.py
[2025-01-26T23:58:50.921+0000] {processor.py:925} INFO - DAG(s) 'example_external_task_marker_parent', 'example_external_task_marker_child' retrieved from /home/airflow/.local/lib/python3.12/site-packages/airflow/example_dags/example_external_task_marker_dag.py
[2025-01-26T23:58:50.956+0000] {logging_mixin.py:190} INFO - [2025-01-26T23:58:50.956+0000] {dag.py:3239} INFO - Sync 2 DAGs
[2025-01-26T23:58:50.982+0000] {logging_mixin.py:190} INFO - [2025-01-26T23:58:50.982+0000] {dag.py:4180} INFO - Setting next_dagrun for example_external_task_marker_child to None, run_after=None
[2025-01-26T23:58:50.988+0000] {logging_mixin.py:190} INFO - [2025-01-26T23:58:50.988+0000] {dag.py:4180} INFO - Setting next_dagrun for example_external_task_marker_parent to None, run_after=None
[2025-01-26T23:58:51.014+0000] {processor.py:208} INFO - Processing /home/airflow/.local/lib/python3.12/site-packages/airflow/example_dags/example_external_task_marker_dag.py took 0.128 seconds
[2025-01-26T23:59:21.249+0000] {processor.py:186} INFO - Started process (PID=166) to work on /home/airflow/.local/lib/python3.12/site-packages/airflow/example_dags/example_external_task_marker_dag.py
[2025-01-26T23:59:21.250+0000] {processor.py:914} INFO - Processing file /home/airflow/.local/lib/python3.12/site-packages/airflow/example_dags/example_external_task_marker_dag.py for tasks to queue
[2025-01-26T23:59:21.253+0000] {logging_mixin.py:190} INFO - [2025-01-26T23:59:21.253+0000] {dagbag.py:588} INFO - Filling up the DagBag from /home/airflow/.local/lib/python3.12/site-packages/airflow/example_dags/example_external_task_marker_dag.py
[2025-01-26T23:59:21.263+0000] {processor.py:925} INFO - DAG(s) 'example_external_task_marker_parent', 'example_external_task_marker_child' retrieved from /home/airflow/.local/lib/python3.12/site-packages/airflow/example_dags/example_external_task_marker_dag.py
[2025-01-26T23:59:21.298+0000] {logging_mixin.py:190} INFO - [2025-01-26T23:59:21.298+0000] {dag.py:3239} INFO - Sync 2 DAGs
[2025-01-26T23:59:21.324+0000] {logging_mixin.py:190} INFO - [2025-01-26T23:59:21.323+0000] {dag.py:4180} INFO - Setting next_dagrun for example_external_task_marker_child to None, run_after=None
[2025-01-26T23:59:21.334+0000] {logging_mixin.py:190} INFO - [2025-01-26T23:59:21.334+0000] {dag.py:4180} INFO - Setting next_dagrun for example_external_task_marker_parent to None, run_after=None
[2025-01-26T23:59:21.377+0000] {processor.py:208} INFO - Processing /home/airflow/.local/lib/python3.12/site-packages/airflow/example_dags/example_external_task_marker_dag.py took 0.136 seconds
[2025-01-26T23:59:51.931+0000] {processor.py:186} INFO - Started process (PID=232) to work on /home/airflow/.local/lib/python3.12/site-packages/airflow/example_dags/example_external_task_marker_dag.py
[2025-01-26T23:59:51.932+0000] {processor.py:914} INFO - Processing file /home/airflow/.local/lib/python3.12/site-packages/airflow/example_dags/example_external_task_marker_dag.py for tasks to queue
[2025-01-26T23:59:51.935+0000] {logging_mixin.py:190} INFO - [2025-01-26T23:59:51.934+0000] {dagbag.py:588} INFO - Filling up the DagBag from /home/airflow/.local/lib/python3.12/site-packages/airflow/example_dags/example_external_task_marker_dag.py
[2025-01-26T23:59:51.944+0000] {processor.py:925} INFO - DAG(s) 'example_external_task_marker_child', 'example_external_task_marker_parent' retrieved from /home/airflow/.local/lib/python3.12/site-packages/airflow/example_dags/example_external_task_marker_dag.py
[2025-01-26T23:59:51.969+0000] {logging_mixin.py:190} INFO - [2025-01-26T23:59:51.969+0000] {dag.py:3239} INFO - Sync 2 DAGs
[2025-01-26T23:59:51.986+0000] {logging_mixin.py:190} INFO - [2025-01-26T23:59:51.986+0000] {dag.py:4180} INFO - Setting next_dagrun for example_external_task_marker_child to None, run_after=None
[2025-01-26T23:59:51.991+0000] {logging_mixin.py:190} INFO - [2025-01-26T23:59:51.991+0000] {dag.py:4180} INFO - Setting next_dagrun for example_external_task_marker_parent to None, run_after=None
[2025-01-26T23:59:52.009+0000] {processor.py:208} INFO - Processing /home/airflow/.local/lib/python3.12/site-packages/airflow/example_dags/example_external_task_marker_dag.py took 0.084 seconds
