[2025-01-26T17:27:13.410+0000] {processor.py:186} INFO - Started process (PID=42) to work on /home/airflow/.local/lib/python3.12/site-packages/airflow/example_dags/example_sensors.py
[2025-01-26T17:27:13.411+0000] {processor.py:914} INFO - Processing file /home/airflow/.local/lib/python3.12/site-packages/airflow/example_dags/example_sensors.py for tasks to queue
[2025-01-26T17:27:13.418+0000] {logging_mixin.py:190} INFO - [2025-01-26T17:27:13.417+0000] {dagbag.py:588} INFO - Filling up the DagBag from /home/airflow/.local/lib/python3.12/site-packages/airflow/example_dags/example_sensors.py
[2025-01-26T17:27:13.435+0000] {processor.py:925} INFO - DAG(s) 'example_sensors' retrieved from /home/airflow/.local/lib/python3.12/site-packages/airflow/example_dags/example_sensors.py
[2025-01-26T17:27:13.499+0000] {logging_mixin.py:190} INFO - [2025-01-26T17:27:13.499+0000] {dag.py:3239} INFO - Sync 1 DAGs
[2025-01-26T17:27:13.534+0000] {logging_mixin.py:190} INFO - [2025-01-26T17:27:13.533+0000] {dag.py:4180} INFO - Setting next_dagrun for example_sensors to None, run_after=None
[2025-01-26T17:27:13.567+0000] {processor.py:208} INFO - Processing /home/airflow/.local/lib/python3.12/site-packages/airflow/example_dags/example_sensors.py took 0.165 seconds
[2025-01-26T17:27:44.089+0000] {processor.py:186} INFO - Started process (PID=104) to work on /home/airflow/.local/lib/python3.12/site-packages/airflow/example_dags/example_sensors.py
[2025-01-26T17:27:44.091+0000] {processor.py:914} INFO - Processing file /home/airflow/.local/lib/python3.12/site-packages/airflow/example_dags/example_sensors.py for tasks to queue
[2025-01-26T17:27:44.096+0000] {logging_mixin.py:190} INFO - [2025-01-26T17:27:44.096+0000] {dagbag.py:588} INFO - Filling up the DagBag from /home/airflow/.local/lib/python3.12/site-packages/airflow/example_dags/example_sensors.py
[2025-01-26T17:27:44.118+0000] {processor.py:925} INFO - DAG(s) 'example_sensors' retrieved from /home/airflow/.local/lib/python3.12/site-packages/airflow/example_dags/example_sensors.py
[2025-01-26T17:27:44.213+0000] {logging_mixin.py:190} INFO - [2025-01-26T17:27:44.213+0000] {dag.py:3239} INFO - Sync 1 DAGs
[2025-01-26T17:27:44.241+0000] {logging_mixin.py:190} INFO - [2025-01-26T17:27:44.241+0000] {dag.py:4180} INFO - Setting next_dagrun for example_sensors to None, run_after=None
[2025-01-26T17:27:44.293+0000] {processor.py:208} INFO - Processing /home/airflow/.local/lib/python3.12/site-packages/airflow/example_dags/example_sensors.py took 0.215 seconds
[2025-01-26T17:28:14.742+0000] {processor.py:186} INFO - Started process (PID=167) to work on /home/airflow/.local/lib/python3.12/site-packages/airflow/example_dags/example_sensors.py
[2025-01-26T17:28:14.743+0000] {processor.py:914} INFO - Processing file /home/airflow/.local/lib/python3.12/site-packages/airflow/example_dags/example_sensors.py for tasks to queue
[2025-01-26T17:28:14.745+0000] {logging_mixin.py:190} INFO - [2025-01-26T17:28:14.745+0000] {dagbag.py:588} INFO - Filling up the DagBag from /home/airflow/.local/lib/python3.12/site-packages/airflow/example_dags/example_sensors.py
[2025-01-26T17:28:14.756+0000] {processor.py:925} INFO - DAG(s) 'example_sensors' retrieved from /home/airflow/.local/lib/python3.12/site-packages/airflow/example_dags/example_sensors.py
[2025-01-26T17:28:14.780+0000] {logging_mixin.py:190} INFO - [2025-01-26T17:28:14.779+0000] {dag.py:3239} INFO - Sync 1 DAGs
[2025-01-26T17:28:14.796+0000] {logging_mixin.py:190} INFO - [2025-01-26T17:28:14.795+0000] {dag.py:4180} INFO - Setting next_dagrun for example_sensors to None, run_after=None
[2025-01-26T17:28:14.816+0000] {processor.py:208} INFO - Processing /home/airflow/.local/lib/python3.12/site-packages/airflow/example_dags/example_sensors.py took 0.079 seconds
[2025-01-26T17:28:45.108+0000] {processor.py:186} INFO - Started process (PID=230) to work on /home/airflow/.local/lib/python3.12/site-packages/airflow/example_dags/example_sensors.py
[2025-01-26T17:28:45.109+0000] {processor.py:914} INFO - Processing file /home/airflow/.local/lib/python3.12/site-packages/airflow/example_dags/example_sensors.py for tasks to queue
[2025-01-26T17:28:45.111+0000] {logging_mixin.py:190} INFO - [2025-01-26T17:28:45.111+0000] {dagbag.py:588} INFO - Filling up the DagBag from /home/airflow/.local/lib/python3.12/site-packages/airflow/example_dags/example_sensors.py
[2025-01-26T17:28:45.122+0000] {processor.py:925} INFO - DAG(s) 'example_sensors' retrieved from /home/airflow/.local/lib/python3.12/site-packages/airflow/example_dags/example_sensors.py
[2025-01-26T17:28:45.144+0000] {logging_mixin.py:190} INFO - [2025-01-26T17:28:45.144+0000] {dag.py:3239} INFO - Sync 1 DAGs
[2025-01-26T17:28:45.157+0000] {logging_mixin.py:190} INFO - [2025-01-26T17:28:45.157+0000] {dag.py:4180} INFO - Setting next_dagrun for example_sensors to None, run_after=None
[2025-01-26T17:28:45.177+0000] {processor.py:208} INFO - Processing /home/airflow/.local/lib/python3.12/site-packages/airflow/example_dags/example_sensors.py took 0.074 seconds
[2025-01-26T17:29:15.405+0000] {processor.py:186} INFO - Started process (PID=293) to work on /home/airflow/.local/lib/python3.12/site-packages/airflow/example_dags/example_sensors.py
[2025-01-26T17:29:15.406+0000] {processor.py:914} INFO - Processing file /home/airflow/.local/lib/python3.12/site-packages/airflow/example_dags/example_sensors.py for tasks to queue
[2025-01-26T17:29:15.408+0000] {logging_mixin.py:190} INFO - [2025-01-26T17:29:15.408+0000] {dagbag.py:588} INFO - Filling up the DagBag from /home/airflow/.local/lib/python3.12/site-packages/airflow/example_dags/example_sensors.py
[2025-01-26T17:29:15.419+0000] {processor.py:925} INFO - DAG(s) 'example_sensors' retrieved from /home/airflow/.local/lib/python3.12/site-packages/airflow/example_dags/example_sensors.py
[2025-01-26T17:29:15.443+0000] {logging_mixin.py:190} INFO - [2025-01-26T17:29:15.443+0000] {dag.py:3239} INFO - Sync 1 DAGs
[2025-01-26T17:29:15.460+0000] {logging_mixin.py:190} INFO - [2025-01-26T17:29:15.460+0000] {dag.py:4180} INFO - Setting next_dagrun for example_sensors to None, run_after=None
[2025-01-26T17:29:15.482+0000] {processor.py:208} INFO - Processing /home/airflow/.local/lib/python3.12/site-packages/airflow/example_dags/example_sensors.py took 0.082 seconds
[2025-01-26T17:29:46.047+0000] {processor.py:186} INFO - Started process (PID=355) to work on /home/airflow/.local/lib/python3.12/site-packages/airflow/example_dags/example_sensors.py
[2025-01-26T17:29:46.048+0000] {processor.py:914} INFO - Processing file /home/airflow/.local/lib/python3.12/site-packages/airflow/example_dags/example_sensors.py for tasks to queue
[2025-01-26T17:29:46.051+0000] {logging_mixin.py:190} INFO - [2025-01-26T17:29:46.051+0000] {dagbag.py:588} INFO - Filling up the DagBag from /home/airflow/.local/lib/python3.12/site-packages/airflow/example_dags/example_sensors.py
[2025-01-26T17:29:46.090+0000] {processor.py:925} INFO - DAG(s) 'example_sensors' retrieved from /home/airflow/.local/lib/python3.12/site-packages/airflow/example_dags/example_sensors.py
[2025-01-26T17:29:46.172+0000] {logging_mixin.py:190} INFO - [2025-01-26T17:29:46.171+0000] {dag.py:3239} INFO - Sync 1 DAGs
[2025-01-26T17:29:46.233+0000] {logging_mixin.py:190} INFO - [2025-01-26T17:29:46.233+0000] {dag.py:4180} INFO - Setting next_dagrun for example_sensors to None, run_after=None
[2025-01-26T17:29:46.299+0000] {processor.py:208} INFO - Processing /home/airflow/.local/lib/python3.12/site-packages/airflow/example_dags/example_sensors.py took 0.270 seconds
[2025-01-26T17:30:16.947+0000] {processor.py:186} INFO - Started process (PID=418) to work on /home/airflow/.local/lib/python3.12/site-packages/airflow/example_dags/example_sensors.py
[2025-01-26T17:30:16.948+0000] {processor.py:914} INFO - Processing file /home/airflow/.local/lib/python3.12/site-packages/airflow/example_dags/example_sensors.py for tasks to queue
[2025-01-26T17:30:16.951+0000] {logging_mixin.py:190} INFO - [2025-01-26T17:30:16.951+0000] {dagbag.py:588} INFO - Filling up the DagBag from /home/airflow/.local/lib/python3.12/site-packages/airflow/example_dags/example_sensors.py
[2025-01-26T17:30:16.968+0000] {processor.py:925} INFO - DAG(s) 'example_sensors' retrieved from /home/airflow/.local/lib/python3.12/site-packages/airflow/example_dags/example_sensors.py
[2025-01-26T17:30:17.007+0000] {logging_mixin.py:190} INFO - [2025-01-26T17:30:17.007+0000] {dag.py:3239} INFO - Sync 1 DAGs
[2025-01-26T17:30:17.027+0000] {logging_mixin.py:190} INFO - [2025-01-26T17:30:17.027+0000] {dag.py:4180} INFO - Setting next_dagrun for example_sensors to None, run_after=None
[2025-01-26T17:30:17.051+0000] {processor.py:208} INFO - Processing /home/airflow/.local/lib/python3.12/site-packages/airflow/example_dags/example_sensors.py took 0.111 seconds
[2025-01-26T17:30:47.946+0000] {processor.py:186} INFO - Started process (PID=482) to work on /home/airflow/.local/lib/python3.12/site-packages/airflow/example_dags/example_sensors.py
[2025-01-26T17:30:47.952+0000] {processor.py:914} INFO - Processing file /home/airflow/.local/lib/python3.12/site-packages/airflow/example_dags/example_sensors.py for tasks to queue
[2025-01-26T17:30:47.966+0000] {logging_mixin.py:190} INFO - [2025-01-26T17:30:47.966+0000] {dagbag.py:588} INFO - Filling up the DagBag from /home/airflow/.local/lib/python3.12/site-packages/airflow/example_dags/example_sensors.py
[2025-01-26T17:30:48.024+0000] {processor.py:925} INFO - DAG(s) 'example_sensors' retrieved from /home/airflow/.local/lib/python3.12/site-packages/airflow/example_dags/example_sensors.py
[2025-01-26T17:30:48.120+0000] {logging_mixin.py:190} INFO - [2025-01-26T17:30:48.120+0000] {dag.py:3239} INFO - Sync 1 DAGs
[2025-01-26T17:30:48.190+0000] {logging_mixin.py:190} INFO - [2025-01-26T17:30:48.190+0000] {dag.py:4180} INFO - Setting next_dagrun for example_sensors to None, run_after=None
[2025-01-26T17:30:48.261+0000] {processor.py:208} INFO - Processing /home/airflow/.local/lib/python3.12/site-packages/airflow/example_dags/example_sensors.py took 0.324 seconds
[2025-01-26T17:31:18.477+0000] {processor.py:186} INFO - Started process (PID=545) to work on /home/airflow/.local/lib/python3.12/site-packages/airflow/example_dags/example_sensors.py
[2025-01-26T17:31:18.479+0000] {processor.py:914} INFO - Processing file /home/airflow/.local/lib/python3.12/site-packages/airflow/example_dags/example_sensors.py for tasks to queue
[2025-01-26T17:31:18.482+0000] {logging_mixin.py:190} INFO - [2025-01-26T17:31:18.482+0000] {dagbag.py:588} INFO - Filling up the DagBag from /home/airflow/.local/lib/python3.12/site-packages/airflow/example_dags/example_sensors.py
[2025-01-26T17:31:18.503+0000] {processor.py:925} INFO - DAG(s) 'example_sensors' retrieved from /home/airflow/.local/lib/python3.12/site-packages/airflow/example_dags/example_sensors.py
[2025-01-26T17:31:18.568+0000] {logging_mixin.py:190} INFO - [2025-01-26T17:31:18.567+0000] {dag.py:3239} INFO - Sync 1 DAGs
[2025-01-26T17:31:18.624+0000] {logging_mixin.py:190} INFO - [2025-01-26T17:31:18.623+0000] {dag.py:4180} INFO - Setting next_dagrun for example_sensors to None, run_after=None
[2025-01-26T17:31:18.681+0000] {processor.py:208} INFO - Processing /home/airflow/.local/lib/python3.12/site-packages/airflow/example_dags/example_sensors.py took 0.214 seconds
[2025-01-26T17:31:48.820+0000] {processor.py:186} INFO - Started process (PID=608) to work on /home/airflow/.local/lib/python3.12/site-packages/airflow/example_dags/example_sensors.py
[2025-01-26T17:31:48.821+0000] {processor.py:914} INFO - Processing file /home/airflow/.local/lib/python3.12/site-packages/airflow/example_dags/example_sensors.py for tasks to queue
[2025-01-26T17:31:48.824+0000] {logging_mixin.py:190} INFO - [2025-01-26T17:31:48.823+0000] {dagbag.py:588} INFO - Filling up the DagBag from /home/airflow/.local/lib/python3.12/site-packages/airflow/example_dags/example_sensors.py
[2025-01-26T17:31:48.836+0000] {processor.py:925} INFO - DAG(s) 'example_sensors' retrieved from /home/airflow/.local/lib/python3.12/site-packages/airflow/example_dags/example_sensors.py
[2025-01-26T17:31:48.863+0000] {logging_mixin.py:190} INFO - [2025-01-26T17:31:48.862+0000] {dag.py:3239} INFO - Sync 1 DAGs
[2025-01-26T17:31:48.880+0000] {logging_mixin.py:190} INFO - [2025-01-26T17:31:48.880+0000] {dag.py:4180} INFO - Setting next_dagrun for example_sensors to None, run_after=None
[2025-01-26T17:31:48.903+0000] {processor.py:208} INFO - Processing /home/airflow/.local/lib/python3.12/site-packages/airflow/example_dags/example_sensors.py took 0.089 seconds
[2025-01-26T17:32:19.467+0000] {processor.py:186} INFO - Started process (PID=670) to work on /home/airflow/.local/lib/python3.12/site-packages/airflow/example_dags/example_sensors.py
[2025-01-26T17:32:19.468+0000] {processor.py:914} INFO - Processing file /home/airflow/.local/lib/python3.12/site-packages/airflow/example_dags/example_sensors.py for tasks to queue
[2025-01-26T17:32:19.472+0000] {logging_mixin.py:190} INFO - [2025-01-26T17:32:19.471+0000] {dagbag.py:588} INFO - Filling up the DagBag from /home/airflow/.local/lib/python3.12/site-packages/airflow/example_dags/example_sensors.py
[2025-01-26T17:32:19.496+0000] {processor.py:925} INFO - DAG(s) 'example_sensors' retrieved from /home/airflow/.local/lib/python3.12/site-packages/airflow/example_dags/example_sensors.py
[2025-01-26T17:32:19.552+0000] {logging_mixin.py:190} INFO - [2025-01-26T17:32:19.551+0000] {dag.py:3239} INFO - Sync 1 DAGs
[2025-01-26T17:32:19.586+0000] {logging_mixin.py:190} INFO - [2025-01-26T17:32:19.586+0000] {dag.py:4180} INFO - Setting next_dagrun for example_sensors to None, run_after=None
[2025-01-26T17:32:19.629+0000] {processor.py:208} INFO - Processing /home/airflow/.local/lib/python3.12/site-packages/airflow/example_dags/example_sensors.py took 0.179 seconds
[2025-01-26T17:32:50.038+0000] {processor.py:186} INFO - Started process (PID=733) to work on /home/airflow/.local/lib/python3.12/site-packages/airflow/example_dags/example_sensors.py
[2025-01-26T17:32:50.039+0000] {processor.py:914} INFO - Processing file /home/airflow/.local/lib/python3.12/site-packages/airflow/example_dags/example_sensors.py for tasks to queue
[2025-01-26T17:32:50.041+0000] {logging_mixin.py:190} INFO - [2025-01-26T17:32:50.041+0000] {dagbag.py:588} INFO - Filling up the DagBag from /home/airflow/.local/lib/python3.12/site-packages/airflow/example_dags/example_sensors.py
[2025-01-26T17:32:50.051+0000] {processor.py:925} INFO - DAG(s) 'example_sensors' retrieved from /home/airflow/.local/lib/python3.12/site-packages/airflow/example_dags/example_sensors.py
[2025-01-26T17:32:50.072+0000] {logging_mixin.py:190} INFO - [2025-01-26T17:32:50.072+0000] {dag.py:3239} INFO - Sync 1 DAGs
[2025-01-26T17:32:50.085+0000] {logging_mixin.py:190} INFO - [2025-01-26T17:32:50.085+0000] {dag.py:4180} INFO - Setting next_dagrun for example_sensors to None, run_after=None
[2025-01-26T17:32:50.104+0000] {processor.py:208} INFO - Processing /home/airflow/.local/lib/python3.12/site-packages/airflow/example_dags/example_sensors.py took 0.071 seconds
[2025-01-26T17:33:20.440+0000] {processor.py:186} INFO - Started process (PID=796) to work on /home/airflow/.local/lib/python3.12/site-packages/airflow/example_dags/example_sensors.py
[2025-01-26T17:33:20.441+0000] {processor.py:914} INFO - Processing file /home/airflow/.local/lib/python3.12/site-packages/airflow/example_dags/example_sensors.py for tasks to queue
[2025-01-26T17:33:20.444+0000] {logging_mixin.py:190} INFO - [2025-01-26T17:33:20.444+0000] {dagbag.py:588} INFO - Filling up the DagBag from /home/airflow/.local/lib/python3.12/site-packages/airflow/example_dags/example_sensors.py
[2025-01-26T17:33:20.461+0000] {processor.py:925} INFO - DAG(s) 'example_sensors' retrieved from /home/airflow/.local/lib/python3.12/site-packages/airflow/example_dags/example_sensors.py
[2025-01-26T17:33:20.494+0000] {logging_mixin.py:190} INFO - [2025-01-26T17:33:20.493+0000] {dag.py:3239} INFO - Sync 1 DAGs
[2025-01-26T17:33:20.544+0000] {logging_mixin.py:190} INFO - [2025-01-26T17:33:20.534+0000] {dag.py:4180} INFO - Setting next_dagrun for example_sensors to None, run_after=None
[2025-01-26T17:33:20.577+0000] {processor.py:208} INFO - Processing /home/airflow/.local/lib/python3.12/site-packages/airflow/example_dags/example_sensors.py took 0.146 seconds
[2025-01-26T17:33:51.389+0000] {processor.py:186} INFO - Started process (PID=859) to work on /home/airflow/.local/lib/python3.12/site-packages/airflow/example_dags/example_sensors.py
[2025-01-26T17:33:51.392+0000] {processor.py:914} INFO - Processing file /home/airflow/.local/lib/python3.12/site-packages/airflow/example_dags/example_sensors.py for tasks to queue
[2025-01-26T17:33:51.395+0000] {logging_mixin.py:190} INFO - [2025-01-26T17:33:51.394+0000] {dagbag.py:588} INFO - Filling up the DagBag from /home/airflow/.local/lib/python3.12/site-packages/airflow/example_dags/example_sensors.py
[2025-01-26T17:33:51.422+0000] {processor.py:925} INFO - DAG(s) 'example_sensors' retrieved from /home/airflow/.local/lib/python3.12/site-packages/airflow/example_dags/example_sensors.py
[2025-01-26T17:33:51.499+0000] {logging_mixin.py:190} INFO - [2025-01-26T17:33:51.498+0000] {dag.py:3239} INFO - Sync 1 DAGs
[2025-01-26T17:33:51.522+0000] {logging_mixin.py:190} INFO - [2025-01-26T17:33:51.521+0000] {dag.py:4180} INFO - Setting next_dagrun for example_sensors to None, run_after=None
[2025-01-26T17:33:51.554+0000] {processor.py:208} INFO - Processing /home/airflow/.local/lib/python3.12/site-packages/airflow/example_dags/example_sensors.py took 0.173 seconds
[2025-01-26T17:34:22.728+0000] {processor.py:186} INFO - Started process (PID=920) to work on /home/airflow/.local/lib/python3.12/site-packages/airflow/example_dags/example_sensors.py
[2025-01-26T17:34:22.729+0000] {processor.py:914} INFO - Processing file /home/airflow/.local/lib/python3.12/site-packages/airflow/example_dags/example_sensors.py for tasks to queue
[2025-01-26T17:34:22.732+0000] {logging_mixin.py:190} INFO - [2025-01-26T17:34:22.732+0000] {dagbag.py:588} INFO - Filling up the DagBag from /home/airflow/.local/lib/python3.12/site-packages/airflow/example_dags/example_sensors.py
[2025-01-26T17:34:22.748+0000] {processor.py:925} INFO - DAG(s) 'example_sensors' retrieved from /home/airflow/.local/lib/python3.12/site-packages/airflow/example_dags/example_sensors.py
[2025-01-26T17:34:22.785+0000] {logging_mixin.py:190} INFO - [2025-01-26T17:34:22.784+0000] {dag.py:3239} INFO - Sync 1 DAGs
[2025-01-26T17:34:22.805+0000] {logging_mixin.py:190} INFO - [2025-01-26T17:34:22.805+0000] {dag.py:4180} INFO - Setting next_dagrun for example_sensors to None, run_after=None
[2025-01-26T17:34:22.840+0000] {processor.py:208} INFO - Processing /home/airflow/.local/lib/python3.12/site-packages/airflow/example_dags/example_sensors.py took 0.119 seconds
[2025-01-26T17:34:54.069+0000] {processor.py:186} INFO - Started process (PID=979) to work on /home/airflow/.local/lib/python3.12/site-packages/airflow/example_dags/example_sensors.py
[2025-01-26T17:34:54.070+0000] {processor.py:914} INFO - Processing file /home/airflow/.local/lib/python3.12/site-packages/airflow/example_dags/example_sensors.py for tasks to queue
[2025-01-26T17:34:54.074+0000] {logging_mixin.py:190} INFO - [2025-01-26T17:34:54.073+0000] {dagbag.py:588} INFO - Filling up the DagBag from /home/airflow/.local/lib/python3.12/site-packages/airflow/example_dags/example_sensors.py
[2025-01-26T17:34:54.100+0000] {processor.py:925} INFO - DAG(s) 'example_sensors' retrieved from /home/airflow/.local/lib/python3.12/site-packages/airflow/example_dags/example_sensors.py
[2025-01-26T17:34:54.147+0000] {logging_mixin.py:190} INFO - [2025-01-26T17:34:54.147+0000] {dag.py:3239} INFO - Sync 1 DAGs
[2025-01-26T17:34:54.169+0000] {logging_mixin.py:190} INFO - [2025-01-26T17:34:54.169+0000] {dag.py:4180} INFO - Setting next_dagrun for example_sensors to None, run_after=None
[2025-01-26T17:34:54.197+0000] {processor.py:208} INFO - Processing /home/airflow/.local/lib/python3.12/site-packages/airflow/example_dags/example_sensors.py took 0.146 seconds
[2025-01-26T17:35:26.228+0000] {processor.py:186} INFO - Started process (PID=1041) to work on /home/airflow/.local/lib/python3.12/site-packages/airflow/example_dags/example_sensors.py
[2025-01-26T17:35:26.238+0000] {processor.py:914} INFO - Processing file /home/airflow/.local/lib/python3.12/site-packages/airflow/example_dags/example_sensors.py for tasks to queue
[2025-01-26T17:35:26.242+0000] {logging_mixin.py:190} INFO - [2025-01-26T17:35:26.241+0000] {dagbag.py:588} INFO - Filling up the DagBag from /home/airflow/.local/lib/python3.12/site-packages/airflow/example_dags/example_sensors.py
[2025-01-26T17:35:26.287+0000] {processor.py:925} INFO - DAG(s) 'example_sensors' retrieved from /home/airflow/.local/lib/python3.12/site-packages/airflow/example_dags/example_sensors.py
[2025-01-26T17:35:26.372+0000] {logging_mixin.py:190} INFO - [2025-01-26T17:35:26.371+0000] {dag.py:3239} INFO - Sync 1 DAGs
[2025-01-26T17:35:26.408+0000] {logging_mixin.py:190} INFO - [2025-01-26T17:35:26.408+0000] {dag.py:4180} INFO - Setting next_dagrun for example_sensors to None, run_after=None
[2025-01-26T17:35:26.452+0000] {processor.py:208} INFO - Processing /home/airflow/.local/lib/python3.12/site-packages/airflow/example_dags/example_sensors.py took 0.234 seconds
[2025-01-26T17:35:57.504+0000] {processor.py:186} INFO - Started process (PID=1104) to work on /home/airflow/.local/lib/python3.12/site-packages/airflow/example_dags/example_sensors.py
[2025-01-26T17:35:57.505+0000] {processor.py:914} INFO - Processing file /home/airflow/.local/lib/python3.12/site-packages/airflow/example_dags/example_sensors.py for tasks to queue
[2025-01-26T17:35:57.509+0000] {logging_mixin.py:190} INFO - [2025-01-26T17:35:57.509+0000] {dagbag.py:588} INFO - Filling up the DagBag from /home/airflow/.local/lib/python3.12/site-packages/airflow/example_dags/example_sensors.py
[2025-01-26T17:35:57.525+0000] {processor.py:925} INFO - DAG(s) 'example_sensors' retrieved from /home/airflow/.local/lib/python3.12/site-packages/airflow/example_dags/example_sensors.py
[2025-01-26T17:35:57.570+0000] {logging_mixin.py:190} INFO - [2025-01-26T17:35:57.569+0000] {dag.py:3239} INFO - Sync 1 DAGs
[2025-01-26T17:35:57.600+0000] {logging_mixin.py:190} INFO - [2025-01-26T17:35:57.600+0000] {dag.py:4180} INFO - Setting next_dagrun for example_sensors to None, run_after=None
[2025-01-26T17:35:57.630+0000] {processor.py:208} INFO - Processing /home/airflow/.local/lib/python3.12/site-packages/airflow/example_dags/example_sensors.py took 0.135 seconds
[2025-01-26T17:36:29.447+0000] {processor.py:186} INFO - Started process (PID=1167) to work on /home/airflow/.local/lib/python3.12/site-packages/airflow/example_dags/example_sensors.py
[2025-01-26T17:36:29.450+0000] {processor.py:914} INFO - Processing file /home/airflow/.local/lib/python3.12/site-packages/airflow/example_dags/example_sensors.py for tasks to queue
[2025-01-26T17:36:29.453+0000] {logging_mixin.py:190} INFO - [2025-01-26T17:36:29.453+0000] {dagbag.py:588} INFO - Filling up the DagBag from /home/airflow/.local/lib/python3.12/site-packages/airflow/example_dags/example_sensors.py
[2025-01-26T17:36:29.481+0000] {processor.py:925} INFO - DAG(s) 'example_sensors' retrieved from /home/airflow/.local/lib/python3.12/site-packages/airflow/example_dags/example_sensors.py
[2025-01-26T17:36:29.555+0000] {logging_mixin.py:190} INFO - [2025-01-26T17:36:29.554+0000] {dag.py:3239} INFO - Sync 1 DAGs
[2025-01-26T17:36:29.596+0000] {logging_mixin.py:190} INFO - [2025-01-26T17:36:29.596+0000] {dag.py:4180} INFO - Setting next_dagrun for example_sensors to None, run_after=None
[2025-01-26T17:36:29.648+0000] {processor.py:208} INFO - Processing /home/airflow/.local/lib/python3.12/site-packages/airflow/example_dags/example_sensors.py took 0.219 seconds
[2025-01-26T17:37:00.008+0000] {processor.py:186} INFO - Started process (PID=1227) to work on /home/airflow/.local/lib/python3.12/site-packages/airflow/example_dags/example_sensors.py
[2025-01-26T17:37:00.010+0000] {processor.py:914} INFO - Processing file /home/airflow/.local/lib/python3.12/site-packages/airflow/example_dags/example_sensors.py for tasks to queue
[2025-01-26T17:37:00.018+0000] {logging_mixin.py:190} INFO - [2025-01-26T17:37:00.017+0000] {dagbag.py:588} INFO - Filling up the DagBag from /home/airflow/.local/lib/python3.12/site-packages/airflow/example_dags/example_sensors.py
[2025-01-26T17:37:00.036+0000] {processor.py:925} INFO - DAG(s) 'example_sensors' retrieved from /home/airflow/.local/lib/python3.12/site-packages/airflow/example_dags/example_sensors.py
[2025-01-26T17:37:00.081+0000] {logging_mixin.py:190} INFO - [2025-01-26T17:37:00.081+0000] {dag.py:3239} INFO - Sync 1 DAGs
[2025-01-26T17:37:00.102+0000] {logging_mixin.py:190} INFO - [2025-01-26T17:37:00.102+0000] {dag.py:4180} INFO - Setting next_dagrun for example_sensors to None, run_after=None
[2025-01-26T17:37:00.131+0000] {processor.py:208} INFO - Processing /home/airflow/.local/lib/python3.12/site-packages/airflow/example_dags/example_sensors.py took 0.132 seconds
[2025-01-26T17:37:30.957+0000] {processor.py:186} INFO - Started process (PID=1289) to work on /home/airflow/.local/lib/python3.12/site-packages/airflow/example_dags/example_sensors.py
[2025-01-26T17:37:30.962+0000] {processor.py:914} INFO - Processing file /home/airflow/.local/lib/python3.12/site-packages/airflow/example_dags/example_sensors.py for tasks to queue
[2025-01-26T17:37:30.974+0000] {logging_mixin.py:190} INFO - [2025-01-26T17:37:30.973+0000] {dagbag.py:588} INFO - Filling up the DagBag from /home/airflow/.local/lib/python3.12/site-packages/airflow/example_dags/example_sensors.py
[2025-01-26T17:37:31.014+0000] {processor.py:925} INFO - DAG(s) 'example_sensors' retrieved from /home/airflow/.local/lib/python3.12/site-packages/airflow/example_dags/example_sensors.py
[2025-01-26T17:37:31.074+0000] {logging_mixin.py:190} INFO - [2025-01-26T17:37:31.074+0000] {dag.py:3239} INFO - Sync 1 DAGs
[2025-01-26T17:37:31.137+0000] {logging_mixin.py:190} INFO - [2025-01-26T17:37:31.136+0000] {dag.py:4180} INFO - Setting next_dagrun for example_sensors to None, run_after=None
[2025-01-26T17:37:31.206+0000] {processor.py:208} INFO - Processing /home/airflow/.local/lib/python3.12/site-packages/airflow/example_dags/example_sensors.py took 0.263 seconds
[2025-01-26T17:38:02.561+0000] {processor.py:186} INFO - Started process (PID=1343) to work on /home/airflow/.local/lib/python3.12/site-packages/airflow/example_dags/example_sensors.py
[2025-01-26T17:38:02.562+0000] {processor.py:914} INFO - Processing file /home/airflow/.local/lib/python3.12/site-packages/airflow/example_dags/example_sensors.py for tasks to queue
[2025-01-26T17:38:02.583+0000] {logging_mixin.py:190} INFO - [2025-01-26T17:38:02.583+0000] {dagbag.py:588} INFO - Filling up the DagBag from /home/airflow/.local/lib/python3.12/site-packages/airflow/example_dags/example_sensors.py
[2025-01-26T17:38:02.637+0000] {processor.py:925} INFO - DAG(s) 'example_sensors' retrieved from /home/airflow/.local/lib/python3.12/site-packages/airflow/example_dags/example_sensors.py
[2025-01-26T17:38:02.770+0000] {logging_mixin.py:190} INFO - [2025-01-26T17:38:02.770+0000] {dag.py:3239} INFO - Sync 1 DAGs
[2025-01-26T17:38:02.831+0000] {logging_mixin.py:190} INFO - [2025-01-26T17:38:02.831+0000] {dag.py:4180} INFO - Setting next_dagrun for example_sensors to None, run_after=None
[2025-01-26T17:38:02.897+0000] {processor.py:208} INFO - Processing /home/airflow/.local/lib/python3.12/site-packages/airflow/example_dags/example_sensors.py took 0.344 seconds
[2025-01-26T17:38:33.411+0000] {processor.py:186} INFO - Started process (PID=1406) to work on /home/airflow/.local/lib/python3.12/site-packages/airflow/example_dags/example_sensors.py
[2025-01-26T17:38:33.412+0000] {processor.py:914} INFO - Processing file /home/airflow/.local/lib/python3.12/site-packages/airflow/example_dags/example_sensors.py for tasks to queue
[2025-01-26T17:38:33.415+0000] {logging_mixin.py:190} INFO - [2025-01-26T17:38:33.415+0000] {dagbag.py:588} INFO - Filling up the DagBag from /home/airflow/.local/lib/python3.12/site-packages/airflow/example_dags/example_sensors.py
[2025-01-26T17:38:33.446+0000] {processor.py:925} INFO - DAG(s) 'example_sensors' retrieved from /home/airflow/.local/lib/python3.12/site-packages/airflow/example_dags/example_sensors.py
[2025-01-26T17:38:33.509+0000] {logging_mixin.py:190} INFO - [2025-01-26T17:38:33.509+0000] {dag.py:3239} INFO - Sync 1 DAGs
[2025-01-26T17:38:33.556+0000] {logging_mixin.py:190} INFO - [2025-01-26T17:38:33.556+0000] {dag.py:4180} INFO - Setting next_dagrun for example_sensors to None, run_after=None
[2025-01-26T17:38:33.585+0000] {processor.py:208} INFO - Processing /home/airflow/.local/lib/python3.12/site-packages/airflow/example_dags/example_sensors.py took 0.190 seconds
[2025-01-26T17:39:05.794+0000] {processor.py:186} INFO - Started process (PID=1474) to work on /home/airflow/.local/lib/python3.12/site-packages/airflow/example_dags/example_sensors.py
[2025-01-26T17:39:05.815+0000] {processor.py:914} INFO - Processing file /home/airflow/.local/lib/python3.12/site-packages/airflow/example_dags/example_sensors.py for tasks to queue
[2025-01-26T17:39:05.832+0000] {logging_mixin.py:190} INFO - [2025-01-26T17:39:05.831+0000] {dagbag.py:588} INFO - Filling up the DagBag from /home/airflow/.local/lib/python3.12/site-packages/airflow/example_dags/example_sensors.py
[2025-01-26T17:39:05.883+0000] {processor.py:925} INFO - DAG(s) 'example_sensors' retrieved from /home/airflow/.local/lib/python3.12/site-packages/airflow/example_dags/example_sensors.py
[2025-01-26T17:39:05.993+0000] {logging_mixin.py:190} INFO - [2025-01-26T17:39:05.993+0000] {dag.py:3239} INFO - Sync 1 DAGs
[2025-01-26T17:39:06.037+0000] {logging_mixin.py:190} INFO - [2025-01-26T17:39:06.037+0000] {dag.py:4180} INFO - Setting next_dagrun for example_sensors to None, run_after=None
[2025-01-26T17:39:06.114+0000] {processor.py:208} INFO - Processing /home/airflow/.local/lib/python3.12/site-packages/airflow/example_dags/example_sensors.py took 0.329 seconds
[2025-01-26T17:39:36.859+0000] {processor.py:186} INFO - Started process (PID=1536) to work on /home/airflow/.local/lib/python3.12/site-packages/airflow/example_dags/example_sensors.py
[2025-01-26T17:39:36.861+0000] {processor.py:914} INFO - Processing file /home/airflow/.local/lib/python3.12/site-packages/airflow/example_dags/example_sensors.py for tasks to queue
[2025-01-26T17:39:36.864+0000] {logging_mixin.py:190} INFO - [2025-01-26T17:39:36.864+0000] {dagbag.py:588} INFO - Filling up the DagBag from /home/airflow/.local/lib/python3.12/site-packages/airflow/example_dags/example_sensors.py
[2025-01-26T17:39:36.886+0000] {processor.py:925} INFO - DAG(s) 'example_sensors' retrieved from /home/airflow/.local/lib/python3.12/site-packages/airflow/example_dags/example_sensors.py
[2025-01-26T17:39:36.937+0000] {logging_mixin.py:190} INFO - [2025-01-26T17:39:36.937+0000] {dag.py:3239} INFO - Sync 1 DAGs
[2025-01-26T17:39:36.956+0000] {logging_mixin.py:190} INFO - [2025-01-26T17:39:36.955+0000] {dag.py:4180} INFO - Setting next_dagrun for example_sensors to None, run_after=None
[2025-01-26T17:39:36.984+0000] {processor.py:208} INFO - Processing /home/airflow/.local/lib/python3.12/site-packages/airflow/example_dags/example_sensors.py took 0.138 seconds
[2025-01-26T17:40:07.438+0000] {processor.py:186} INFO - Started process (PID=1599) to work on /home/airflow/.local/lib/python3.12/site-packages/airflow/example_dags/example_sensors.py
[2025-01-26T17:40:07.440+0000] {processor.py:914} INFO - Processing file /home/airflow/.local/lib/python3.12/site-packages/airflow/example_dags/example_sensors.py for tasks to queue
[2025-01-26T17:40:07.442+0000] {logging_mixin.py:190} INFO - [2025-01-26T17:40:07.442+0000] {dagbag.py:588} INFO - Filling up the DagBag from /home/airflow/.local/lib/python3.12/site-packages/airflow/example_dags/example_sensors.py
[2025-01-26T17:40:07.455+0000] {processor.py:925} INFO - DAG(s) 'example_sensors' retrieved from /home/airflow/.local/lib/python3.12/site-packages/airflow/example_dags/example_sensors.py
[2025-01-26T17:40:07.478+0000] {logging_mixin.py:190} INFO - [2025-01-26T17:40:07.478+0000] {dag.py:3239} INFO - Sync 1 DAGs
[2025-01-26T17:40:07.492+0000] {logging_mixin.py:190} INFO - [2025-01-26T17:40:07.492+0000] {dag.py:4180} INFO - Setting next_dagrun for example_sensors to None, run_after=None
[2025-01-26T17:40:07.511+0000] {processor.py:208} INFO - Processing /home/airflow/.local/lib/python3.12/site-packages/airflow/example_dags/example_sensors.py took 0.079 seconds
[2025-01-26T17:40:37.743+0000] {processor.py:186} INFO - Started process (PID=1663) to work on /home/airflow/.local/lib/python3.12/site-packages/airflow/example_dags/example_sensors.py
[2025-01-26T17:40:37.744+0000] {processor.py:914} INFO - Processing file /home/airflow/.local/lib/python3.12/site-packages/airflow/example_dags/example_sensors.py for tasks to queue
[2025-01-26T17:40:37.747+0000] {logging_mixin.py:190} INFO - [2025-01-26T17:40:37.746+0000] {dagbag.py:588} INFO - Filling up the DagBag from /home/airflow/.local/lib/python3.12/site-packages/airflow/example_dags/example_sensors.py
[2025-01-26T17:40:37.757+0000] {processor.py:925} INFO - DAG(s) 'example_sensors' retrieved from /home/airflow/.local/lib/python3.12/site-packages/airflow/example_dags/example_sensors.py
[2025-01-26T17:40:37.784+0000] {logging_mixin.py:190} INFO - [2025-01-26T17:40:37.784+0000] {dag.py:3239} INFO - Sync 1 DAGs
[2025-01-26T17:40:37.799+0000] {logging_mixin.py:190} INFO - [2025-01-26T17:40:37.799+0000] {dag.py:4180} INFO - Setting next_dagrun for example_sensors to None, run_after=None
[2025-01-26T17:40:37.829+0000] {processor.py:208} INFO - Processing /home/airflow/.local/lib/python3.12/site-packages/airflow/example_dags/example_sensors.py took 0.093 seconds
[2025-01-26T17:41:07.895+0000] {processor.py:186} INFO - Started process (PID=1726) to work on /home/airflow/.local/lib/python3.12/site-packages/airflow/example_dags/example_sensors.py
[2025-01-26T17:41:07.896+0000] {processor.py:914} INFO - Processing file /home/airflow/.local/lib/python3.12/site-packages/airflow/example_dags/example_sensors.py for tasks to queue
[2025-01-26T17:41:07.902+0000] {logging_mixin.py:190} INFO - [2025-01-26T17:41:07.901+0000] {dagbag.py:588} INFO - Filling up the DagBag from /home/airflow/.local/lib/python3.12/site-packages/airflow/example_dags/example_sensors.py
[2025-01-26T17:41:07.918+0000] {processor.py:925} INFO - DAG(s) 'example_sensors' retrieved from /home/airflow/.local/lib/python3.12/site-packages/airflow/example_dags/example_sensors.py
[2025-01-26T17:41:07.950+0000] {logging_mixin.py:190} INFO - [2025-01-26T17:41:07.949+0000] {dag.py:3239} INFO - Sync 1 DAGs
[2025-01-26T17:41:07.968+0000] {logging_mixin.py:190} INFO - [2025-01-26T17:41:07.968+0000] {dag.py:4180} INFO - Setting next_dagrun for example_sensors to None, run_after=None
[2025-01-26T17:41:07.992+0000] {processor.py:208} INFO - Processing /home/airflow/.local/lib/python3.12/site-packages/airflow/example_dags/example_sensors.py took 0.104 seconds
[2025-01-26T17:41:38.323+0000] {processor.py:186} INFO - Started process (PID=1789) to work on /home/airflow/.local/lib/python3.12/site-packages/airflow/example_dags/example_sensors.py
[2025-01-26T17:41:38.324+0000] {processor.py:914} INFO - Processing file /home/airflow/.local/lib/python3.12/site-packages/airflow/example_dags/example_sensors.py for tasks to queue
[2025-01-26T17:41:38.326+0000] {logging_mixin.py:190} INFO - [2025-01-26T17:41:38.326+0000] {dagbag.py:588} INFO - Filling up the DagBag from /home/airflow/.local/lib/python3.12/site-packages/airflow/example_dags/example_sensors.py
[2025-01-26T17:41:38.341+0000] {processor.py:925} INFO - DAG(s) 'example_sensors' retrieved from /home/airflow/.local/lib/python3.12/site-packages/airflow/example_dags/example_sensors.py
[2025-01-26T17:41:38.373+0000] {logging_mixin.py:190} INFO - [2025-01-26T17:41:38.373+0000] {dag.py:3239} INFO - Sync 1 DAGs
[2025-01-26T17:41:38.394+0000] {logging_mixin.py:190} INFO - [2025-01-26T17:41:38.394+0000] {dag.py:4180} INFO - Setting next_dagrun for example_sensors to None, run_after=None
[2025-01-26T17:41:38.416+0000] {processor.py:208} INFO - Processing /home/airflow/.local/lib/python3.12/site-packages/airflow/example_dags/example_sensors.py took 0.099 seconds
[2025-01-26T17:42:08.977+0000] {processor.py:186} INFO - Started process (PID=1852) to work on /home/airflow/.local/lib/python3.12/site-packages/airflow/example_dags/example_sensors.py
[2025-01-26T17:42:08.979+0000] {processor.py:914} INFO - Processing file /home/airflow/.local/lib/python3.12/site-packages/airflow/example_dags/example_sensors.py for tasks to queue
[2025-01-26T17:42:08.992+0000] {logging_mixin.py:190} INFO - [2025-01-26T17:42:08.992+0000] {dagbag.py:588} INFO - Filling up the DagBag from /home/airflow/.local/lib/python3.12/site-packages/airflow/example_dags/example_sensors.py
[2025-01-26T17:42:09.030+0000] {processor.py:925} INFO - DAG(s) 'example_sensors' retrieved from /home/airflow/.local/lib/python3.12/site-packages/airflow/example_dags/example_sensors.py
[2025-01-26T17:42:09.130+0000] {logging_mixin.py:190} INFO - [2025-01-26T17:42:09.130+0000] {dag.py:3239} INFO - Sync 1 DAGs
[2025-01-26T17:42:09.185+0000] {logging_mixin.py:190} INFO - [2025-01-26T17:42:09.185+0000] {dag.py:4180} INFO - Setting next_dagrun for example_sensors to None, run_after=None
[2025-01-26T17:42:09.248+0000] {processor.py:208} INFO - Processing /home/airflow/.local/lib/python3.12/site-packages/airflow/example_dags/example_sensors.py took 0.287 seconds
[2025-01-26T17:42:39.980+0000] {processor.py:186} INFO - Started process (PID=1915) to work on /home/airflow/.local/lib/python3.12/site-packages/airflow/example_dags/example_sensors.py
[2025-01-26T17:42:39.982+0000] {processor.py:914} INFO - Processing file /home/airflow/.local/lib/python3.12/site-packages/airflow/example_dags/example_sensors.py for tasks to queue
[2025-01-26T17:42:40.000+0000] {logging_mixin.py:190} INFO - [2025-01-26T17:42:39.999+0000] {dagbag.py:588} INFO - Filling up the DagBag from /home/airflow/.local/lib/python3.12/site-packages/airflow/example_dags/example_sensors.py
[2025-01-26T17:42:40.028+0000] {processor.py:925} INFO - DAG(s) 'example_sensors' retrieved from /home/airflow/.local/lib/python3.12/site-packages/airflow/example_dags/example_sensors.py
[2025-01-26T17:42:40.107+0000] {logging_mixin.py:190} INFO - [2025-01-26T17:42:40.107+0000] {dag.py:3239} INFO - Sync 1 DAGs
[2025-01-26T17:42:40.158+0000] {logging_mixin.py:190} INFO - [2025-01-26T17:42:40.158+0000] {dag.py:4180} INFO - Setting next_dagrun for example_sensors to None, run_after=None
[2025-01-26T17:42:40.238+0000] {processor.py:208} INFO - Processing /home/airflow/.local/lib/python3.12/site-packages/airflow/example_dags/example_sensors.py took 0.271 seconds
[2025-01-26T17:43:10.486+0000] {processor.py:186} INFO - Started process (PID=1978) to work on /home/airflow/.local/lib/python3.12/site-packages/airflow/example_dags/example_sensors.py
[2025-01-26T17:43:10.488+0000] {processor.py:914} INFO - Processing file /home/airflow/.local/lib/python3.12/site-packages/airflow/example_dags/example_sensors.py for tasks to queue
[2025-01-26T17:43:10.491+0000] {logging_mixin.py:190} INFO - [2025-01-26T17:43:10.490+0000] {dagbag.py:588} INFO - Filling up the DagBag from /home/airflow/.local/lib/python3.12/site-packages/airflow/example_dags/example_sensors.py
[2025-01-26T17:43:10.507+0000] {processor.py:925} INFO - DAG(s) 'example_sensors' retrieved from /home/airflow/.local/lib/python3.12/site-packages/airflow/example_dags/example_sensors.py
[2025-01-26T17:43:10.557+0000] {logging_mixin.py:190} INFO - [2025-01-26T17:43:10.557+0000] {dag.py:3239} INFO - Sync 1 DAGs
[2025-01-26T17:43:10.582+0000] {logging_mixin.py:190} INFO - [2025-01-26T17:43:10.582+0000] {dag.py:4180} INFO - Setting next_dagrun for example_sensors to None, run_after=None
[2025-01-26T17:43:10.612+0000] {processor.py:208} INFO - Processing /home/airflow/.local/lib/python3.12/site-packages/airflow/example_dags/example_sensors.py took 0.133 seconds
[2025-01-26T17:43:41.376+0000] {processor.py:186} INFO - Started process (PID=2041) to work on /home/airflow/.local/lib/python3.12/site-packages/airflow/example_dags/example_sensors.py
[2025-01-26T17:43:41.378+0000] {processor.py:914} INFO - Processing file /home/airflow/.local/lib/python3.12/site-packages/airflow/example_dags/example_sensors.py for tasks to queue
[2025-01-26T17:43:41.381+0000] {logging_mixin.py:190} INFO - [2025-01-26T17:43:41.381+0000] {dagbag.py:588} INFO - Filling up the DagBag from /home/airflow/.local/lib/python3.12/site-packages/airflow/example_dags/example_sensors.py
[2025-01-26T17:43:41.398+0000] {processor.py:925} INFO - DAG(s) 'example_sensors' retrieved from /home/airflow/.local/lib/python3.12/site-packages/airflow/example_dags/example_sensors.py
[2025-01-26T17:43:41.464+0000] {logging_mixin.py:190} INFO - [2025-01-26T17:43:41.464+0000] {dag.py:3239} INFO - Sync 1 DAGs
[2025-01-26T17:43:41.504+0000] {logging_mixin.py:190} INFO - [2025-01-26T17:43:41.504+0000] {dag.py:4180} INFO - Setting next_dagrun for example_sensors to None, run_after=None
[2025-01-26T17:43:41.542+0000] {processor.py:208} INFO - Processing /home/airflow/.local/lib/python3.12/site-packages/airflow/example_dags/example_sensors.py took 0.172 seconds
[2025-01-26T17:44:11.638+0000] {processor.py:186} INFO - Started process (PID=2104) to work on /home/airflow/.local/lib/python3.12/site-packages/airflow/example_dags/example_sensors.py
[2025-01-26T17:44:11.640+0000] {processor.py:914} INFO - Processing file /home/airflow/.local/lib/python3.12/site-packages/airflow/example_dags/example_sensors.py for tasks to queue
[2025-01-26T17:44:11.644+0000] {logging_mixin.py:190} INFO - [2025-01-26T17:44:11.643+0000] {dagbag.py:588} INFO - Filling up the DagBag from /home/airflow/.local/lib/python3.12/site-packages/airflow/example_dags/example_sensors.py
[2025-01-26T17:44:11.658+0000] {processor.py:925} INFO - DAG(s) 'example_sensors' retrieved from /home/airflow/.local/lib/python3.12/site-packages/airflow/example_dags/example_sensors.py
[2025-01-26T17:44:11.691+0000] {logging_mixin.py:190} INFO - [2025-01-26T17:44:11.691+0000] {dag.py:3239} INFO - Sync 1 DAGs
[2025-01-26T17:44:11.707+0000] {logging_mixin.py:190} INFO - [2025-01-26T17:44:11.706+0000] {dag.py:4180} INFO - Setting next_dagrun for example_sensors to None, run_after=None
[2025-01-26T17:44:11.729+0000] {processor.py:208} INFO - Processing /home/airflow/.local/lib/python3.12/site-packages/airflow/example_dags/example_sensors.py took 0.097 seconds
[2025-01-26T17:44:42.257+0000] {processor.py:186} INFO - Started process (PID=2168) to work on /home/airflow/.local/lib/python3.12/site-packages/airflow/example_dags/example_sensors.py
[2025-01-26T17:44:42.259+0000] {processor.py:914} INFO - Processing file /home/airflow/.local/lib/python3.12/site-packages/airflow/example_dags/example_sensors.py for tasks to queue
[2025-01-26T17:44:42.262+0000] {logging_mixin.py:190} INFO - [2025-01-26T17:44:42.261+0000] {dagbag.py:588} INFO - Filling up the DagBag from /home/airflow/.local/lib/python3.12/site-packages/airflow/example_dags/example_sensors.py
[2025-01-26T17:44:42.277+0000] {processor.py:925} INFO - DAG(s) 'example_sensors' retrieved from /home/airflow/.local/lib/python3.12/site-packages/airflow/example_dags/example_sensors.py
[2025-01-26T17:44:42.304+0000] {logging_mixin.py:190} INFO - [2025-01-26T17:44:42.304+0000] {dag.py:3239} INFO - Sync 1 DAGs
[2025-01-26T17:44:42.325+0000] {logging_mixin.py:190} INFO - [2025-01-26T17:44:42.325+0000] {dag.py:4180} INFO - Setting next_dagrun for example_sensors to None, run_after=None
[2025-01-26T17:44:42.350+0000] {processor.py:208} INFO - Processing /home/airflow/.local/lib/python3.12/site-packages/airflow/example_dags/example_sensors.py took 0.100 seconds
[2025-01-26T17:45:12.947+0000] {processor.py:186} INFO - Started process (PID=2232) to work on /home/airflow/.local/lib/python3.12/site-packages/airflow/example_dags/example_sensors.py
[2025-01-26T17:45:12.948+0000] {processor.py:914} INFO - Processing file /home/airflow/.local/lib/python3.12/site-packages/airflow/example_dags/example_sensors.py for tasks to queue
[2025-01-26T17:45:12.952+0000] {logging_mixin.py:190} INFO - [2025-01-26T17:45:12.951+0000] {dagbag.py:588} INFO - Filling up the DagBag from /home/airflow/.local/lib/python3.12/site-packages/airflow/example_dags/example_sensors.py
[2025-01-26T17:45:12.964+0000] {processor.py:925} INFO - DAG(s) 'example_sensors' retrieved from /home/airflow/.local/lib/python3.12/site-packages/airflow/example_dags/example_sensors.py
[2025-01-26T17:45:12.989+0000] {logging_mixin.py:190} INFO - [2025-01-26T17:45:12.988+0000] {dag.py:3239} INFO - Sync 1 DAGs
[2025-01-26T17:45:13.003+0000] {logging_mixin.py:190} INFO - [2025-01-26T17:45:13.003+0000] {dag.py:4180} INFO - Setting next_dagrun for example_sensors to None, run_after=None
[2025-01-26T17:45:13.024+0000] {processor.py:208} INFO - Processing /home/airflow/.local/lib/python3.12/site-packages/airflow/example_dags/example_sensors.py took 0.088 seconds
[2025-01-26T17:45:43.128+0000] {processor.py:186} INFO - Started process (PID=2295) to work on /home/airflow/.local/lib/python3.12/site-packages/airflow/example_dags/example_sensors.py
[2025-01-26T17:45:43.129+0000] {processor.py:914} INFO - Processing file /home/airflow/.local/lib/python3.12/site-packages/airflow/example_dags/example_sensors.py for tasks to queue
[2025-01-26T17:45:43.135+0000] {logging_mixin.py:190} INFO - [2025-01-26T17:45:43.134+0000] {dagbag.py:588} INFO - Filling up the DagBag from /home/airflow/.local/lib/python3.12/site-packages/airflow/example_dags/example_sensors.py
[2025-01-26T17:45:43.146+0000] {processor.py:925} INFO - DAG(s) 'example_sensors' retrieved from /home/airflow/.local/lib/python3.12/site-packages/airflow/example_dags/example_sensors.py
[2025-01-26T17:45:43.174+0000] {logging_mixin.py:190} INFO - [2025-01-26T17:45:43.173+0000] {dag.py:3239} INFO - Sync 1 DAGs
[2025-01-26T17:45:43.189+0000] {logging_mixin.py:190} INFO - [2025-01-26T17:45:43.189+0000] {dag.py:4180} INFO - Setting next_dagrun for example_sensors to None, run_after=None
[2025-01-26T17:45:43.211+0000] {processor.py:208} INFO - Processing /home/airflow/.local/lib/python3.12/site-packages/airflow/example_dags/example_sensors.py took 0.091 seconds
[2025-01-26T17:46:13.810+0000] {processor.py:186} INFO - Started process (PID=2358) to work on /home/airflow/.local/lib/python3.12/site-packages/airflow/example_dags/example_sensors.py
[2025-01-26T17:46:13.811+0000] {processor.py:914} INFO - Processing file /home/airflow/.local/lib/python3.12/site-packages/airflow/example_dags/example_sensors.py for tasks to queue
[2025-01-26T17:46:13.816+0000] {logging_mixin.py:190} INFO - [2025-01-26T17:46:13.816+0000] {dagbag.py:588} INFO - Filling up the DagBag from /home/airflow/.local/lib/python3.12/site-packages/airflow/example_dags/example_sensors.py
[2025-01-26T17:46:13.844+0000] {processor.py:925} INFO - DAG(s) 'example_sensors' retrieved from /home/airflow/.local/lib/python3.12/site-packages/airflow/example_dags/example_sensors.py
[2025-01-26T17:46:13.892+0000] {logging_mixin.py:190} INFO - [2025-01-26T17:46:13.892+0000] {dag.py:3239} INFO - Sync 1 DAGs
[2025-01-26T17:46:13.925+0000] {logging_mixin.py:190} INFO - [2025-01-26T17:46:13.924+0000] {dag.py:4180} INFO - Setting next_dagrun for example_sensors to None, run_after=None
[2025-01-26T17:46:13.966+0000] {processor.py:208} INFO - Processing /home/airflow/.local/lib/python3.12/site-packages/airflow/example_dags/example_sensors.py took 0.163 seconds
[2025-01-26T17:46:44.080+0000] {processor.py:186} INFO - Started process (PID=2421) to work on /home/airflow/.local/lib/python3.12/site-packages/airflow/example_dags/example_sensors.py
[2025-01-26T17:46:44.081+0000] {processor.py:914} INFO - Processing file /home/airflow/.local/lib/python3.12/site-packages/airflow/example_dags/example_sensors.py for tasks to queue
[2025-01-26T17:46:44.084+0000] {logging_mixin.py:190} INFO - [2025-01-26T17:46:44.083+0000] {dagbag.py:588} INFO - Filling up the DagBag from /home/airflow/.local/lib/python3.12/site-packages/airflow/example_dags/example_sensors.py
[2025-01-26T17:46:44.095+0000] {processor.py:925} INFO - DAG(s) 'example_sensors' retrieved from /home/airflow/.local/lib/python3.12/site-packages/airflow/example_dags/example_sensors.py
[2025-01-26T17:46:44.133+0000] {logging_mixin.py:190} INFO - [2025-01-26T17:46:44.133+0000] {dag.py:3239} INFO - Sync 1 DAGs
[2025-01-26T17:46:44.153+0000] {logging_mixin.py:190} INFO - [2025-01-26T17:46:44.152+0000] {dag.py:4180} INFO - Setting next_dagrun for example_sensors to None, run_after=None
[2025-01-26T17:46:44.175+0000] {processor.py:208} INFO - Processing /home/airflow/.local/lib/python3.12/site-packages/airflow/example_dags/example_sensors.py took 0.102 seconds
[2025-01-26T17:47:14.612+0000] {processor.py:186} INFO - Started process (PID=2480) to work on /home/airflow/.local/lib/python3.12/site-packages/airflow/example_dags/example_sensors.py
[2025-01-26T17:47:14.613+0000] {processor.py:914} INFO - Processing file /home/airflow/.local/lib/python3.12/site-packages/airflow/example_dags/example_sensors.py for tasks to queue
[2025-01-26T17:47:14.616+0000] {logging_mixin.py:190} INFO - [2025-01-26T17:47:14.615+0000] {dagbag.py:588} INFO - Filling up the DagBag from /home/airflow/.local/lib/python3.12/site-packages/airflow/example_dags/example_sensors.py
[2025-01-26T17:47:14.626+0000] {processor.py:925} INFO - DAG(s) 'example_sensors' retrieved from /home/airflow/.local/lib/python3.12/site-packages/airflow/example_dags/example_sensors.py
[2025-01-26T17:47:14.654+0000] {logging_mixin.py:190} INFO - [2025-01-26T17:47:14.653+0000] {dag.py:3239} INFO - Sync 1 DAGs
[2025-01-26T17:47:14.671+0000] {logging_mixin.py:190} INFO - [2025-01-26T17:47:14.671+0000] {dag.py:4180} INFO - Setting next_dagrun for example_sensors to None, run_after=None
[2025-01-26T17:47:14.699+0000] {processor.py:208} INFO - Processing /home/airflow/.local/lib/python3.12/site-packages/airflow/example_dags/example_sensors.py took 0.093 seconds
[2025-01-26T17:47:44.869+0000] {processor.py:186} INFO - Started process (PID=2543) to work on /home/airflow/.local/lib/python3.12/site-packages/airflow/example_dags/example_sensors.py
[2025-01-26T17:47:44.870+0000] {processor.py:914} INFO - Processing file /home/airflow/.local/lib/python3.12/site-packages/airflow/example_dags/example_sensors.py for tasks to queue
[2025-01-26T17:47:44.872+0000] {logging_mixin.py:190} INFO - [2025-01-26T17:47:44.872+0000] {dagbag.py:588} INFO - Filling up the DagBag from /home/airflow/.local/lib/python3.12/site-packages/airflow/example_dags/example_sensors.py
[2025-01-26T17:47:44.889+0000] {processor.py:925} INFO - DAG(s) 'example_sensors' retrieved from /home/airflow/.local/lib/python3.12/site-packages/airflow/example_dags/example_sensors.py
[2025-01-26T17:47:44.924+0000] {logging_mixin.py:190} INFO - [2025-01-26T17:47:44.923+0000] {dag.py:3239} INFO - Sync 1 DAGs
[2025-01-26T17:47:44.944+0000] {logging_mixin.py:190} INFO - [2025-01-26T17:47:44.944+0000] {dag.py:4180} INFO - Setting next_dagrun for example_sensors to None, run_after=None
[2025-01-26T17:47:44.968+0000] {processor.py:208} INFO - Processing /home/airflow/.local/lib/python3.12/site-packages/airflow/example_dags/example_sensors.py took 0.110 seconds
[2025-01-26T17:48:15.192+0000] {processor.py:186} INFO - Started process (PID=2606) to work on /home/airflow/.local/lib/python3.12/site-packages/airflow/example_dags/example_sensors.py
[2025-01-26T17:48:15.193+0000] {processor.py:914} INFO - Processing file /home/airflow/.local/lib/python3.12/site-packages/airflow/example_dags/example_sensors.py for tasks to queue
[2025-01-26T17:48:15.205+0000] {logging_mixin.py:190} INFO - [2025-01-26T17:48:15.196+0000] {dagbag.py:588} INFO - Filling up the DagBag from /home/airflow/.local/lib/python3.12/site-packages/airflow/example_dags/example_sensors.py
[2025-01-26T17:48:15.230+0000] {processor.py:925} INFO - DAG(s) 'example_sensors' retrieved from /home/airflow/.local/lib/python3.12/site-packages/airflow/example_dags/example_sensors.py
[2025-01-26T17:48:15.280+0000] {logging_mixin.py:190} INFO - [2025-01-26T17:48:15.280+0000] {dag.py:3239} INFO - Sync 1 DAGs
[2025-01-26T17:48:15.302+0000] {logging_mixin.py:190} INFO - [2025-01-26T17:48:15.302+0000] {dag.py:4180} INFO - Setting next_dagrun for example_sensors to None, run_after=None
[2025-01-26T17:48:15.325+0000] {processor.py:208} INFO - Processing /home/airflow/.local/lib/python3.12/site-packages/airflow/example_dags/example_sensors.py took 0.146 seconds
[2025-01-26T17:48:45.569+0000] {processor.py:186} INFO - Started process (PID=2669) to work on /home/airflow/.local/lib/python3.12/site-packages/airflow/example_dags/example_sensors.py
[2025-01-26T17:48:45.570+0000] {processor.py:914} INFO - Processing file /home/airflow/.local/lib/python3.12/site-packages/airflow/example_dags/example_sensors.py for tasks to queue
[2025-01-26T17:48:45.573+0000] {logging_mixin.py:190} INFO - [2025-01-26T17:48:45.573+0000] {dagbag.py:588} INFO - Filling up the DagBag from /home/airflow/.local/lib/python3.12/site-packages/airflow/example_dags/example_sensors.py
[2025-01-26T17:48:45.585+0000] {processor.py:925} INFO - DAG(s) 'example_sensors' retrieved from /home/airflow/.local/lib/python3.12/site-packages/airflow/example_dags/example_sensors.py
[2025-01-26T17:48:45.629+0000] {logging_mixin.py:190} INFO - [2025-01-26T17:48:45.628+0000] {dag.py:3239} INFO - Sync 1 DAGs
[2025-01-26T17:48:45.695+0000] {logging_mixin.py:190} INFO - [2025-01-26T17:48:45.694+0000] {dag.py:4180} INFO - Setting next_dagrun for example_sensors to None, run_after=None
[2025-01-26T17:48:45.723+0000] {processor.py:208} INFO - Processing /home/airflow/.local/lib/python3.12/site-packages/airflow/example_dags/example_sensors.py took 0.164 seconds
[2025-01-26T17:49:17.182+0000] {processor.py:186} INFO - Started process (PID=2727) to work on /home/airflow/.local/lib/python3.12/site-packages/airflow/example_dags/example_sensors.py
[2025-01-26T17:49:17.189+0000] {processor.py:914} INFO - Processing file /home/airflow/.local/lib/python3.12/site-packages/airflow/example_dags/example_sensors.py for tasks to queue
[2025-01-26T17:49:17.273+0000] {logging_mixin.py:190} INFO - [2025-01-26T17:49:17.273+0000] {dagbag.py:588} INFO - Filling up the DagBag from /home/airflow/.local/lib/python3.12/site-packages/airflow/example_dags/example_sensors.py
[2025-01-26T17:49:17.311+0000] {processor.py:925} INFO - DAG(s) 'example_sensors' retrieved from /home/airflow/.local/lib/python3.12/site-packages/airflow/example_dags/example_sensors.py
[2025-01-26T17:49:17.406+0000] {logging_mixin.py:190} INFO - [2025-01-26T17:49:17.406+0000] {dag.py:3239} INFO - Sync 1 DAGs
[2025-01-26T17:49:17.474+0000] {logging_mixin.py:190} INFO - [2025-01-26T17:49:17.474+0000] {dag.py:4180} INFO - Setting next_dagrun for example_sensors to None, run_after=None
[2025-01-26T17:49:17.574+0000] {processor.py:208} INFO - Processing /home/airflow/.local/lib/python3.12/site-packages/airflow/example_dags/example_sensors.py took 0.401 seconds
[2025-01-26T17:49:48.210+0000] {processor.py:186} INFO - Started process (PID=2787) to work on /home/airflow/.local/lib/python3.12/site-packages/airflow/example_dags/example_sensors.py
[2025-01-26T17:49:48.222+0000] {processor.py:914} INFO - Processing file /home/airflow/.local/lib/python3.12/site-packages/airflow/example_dags/example_sensors.py for tasks to queue
[2025-01-26T17:49:48.225+0000] {logging_mixin.py:190} INFO - [2025-01-26T17:49:48.225+0000] {dagbag.py:588} INFO - Filling up the DagBag from /home/airflow/.local/lib/python3.12/site-packages/airflow/example_dags/example_sensors.py
[2025-01-26T17:49:48.265+0000] {processor.py:925} INFO - DAG(s) 'example_sensors' retrieved from /home/airflow/.local/lib/python3.12/site-packages/airflow/example_dags/example_sensors.py
[2025-01-26T17:49:48.328+0000] {logging_mixin.py:190} INFO - [2025-01-26T17:49:48.328+0000] {dag.py:3239} INFO - Sync 1 DAGs
[2025-01-26T17:49:48.370+0000] {logging_mixin.py:190} INFO - [2025-01-26T17:49:48.370+0000] {dag.py:4180} INFO - Setting next_dagrun for example_sensors to None, run_after=None
[2025-01-26T17:49:48.423+0000] {processor.py:208} INFO - Processing /home/airflow/.local/lib/python3.12/site-packages/airflow/example_dags/example_sensors.py took 0.221 seconds
[2025-01-26T17:50:19.187+0000] {processor.py:186} INFO - Started process (PID=2848) to work on /home/airflow/.local/lib/python3.12/site-packages/airflow/example_dags/example_sensors.py
[2025-01-26T17:50:19.188+0000] {processor.py:914} INFO - Processing file /home/airflow/.local/lib/python3.12/site-packages/airflow/example_dags/example_sensors.py for tasks to queue
[2025-01-26T17:50:19.192+0000] {logging_mixin.py:190} INFO - [2025-01-26T17:50:19.191+0000] {dagbag.py:588} INFO - Filling up the DagBag from /home/airflow/.local/lib/python3.12/site-packages/airflow/example_dags/example_sensors.py
[2025-01-26T17:50:19.205+0000] {processor.py:925} INFO - DAG(s) 'example_sensors' retrieved from /home/airflow/.local/lib/python3.12/site-packages/airflow/example_dags/example_sensors.py
[2025-01-26T17:50:19.236+0000] {logging_mixin.py:190} INFO - [2025-01-26T17:50:19.236+0000] {dag.py:3239} INFO - Sync 1 DAGs
[2025-01-26T17:50:19.257+0000] {logging_mixin.py:190} INFO - [2025-01-26T17:50:19.256+0000] {dag.py:4180} INFO - Setting next_dagrun for example_sensors to None, run_after=None
[2025-01-26T17:50:19.285+0000] {processor.py:208} INFO - Processing /home/airflow/.local/lib/python3.12/site-packages/airflow/example_dags/example_sensors.py took 0.105 seconds
[2025-01-26T17:50:49.891+0000] {processor.py:186} INFO - Started process (PID=2909) to work on /home/airflow/.local/lib/python3.12/site-packages/airflow/example_dags/example_sensors.py
[2025-01-26T17:50:49.892+0000] {processor.py:914} INFO - Processing file /home/airflow/.local/lib/python3.12/site-packages/airflow/example_dags/example_sensors.py for tasks to queue
[2025-01-26T17:50:49.895+0000] {logging_mixin.py:190} INFO - [2025-01-26T17:50:49.895+0000] {dagbag.py:588} INFO - Filling up the DagBag from /home/airflow/.local/lib/python3.12/site-packages/airflow/example_dags/example_sensors.py
[2025-01-26T17:50:49.908+0000] {processor.py:925} INFO - DAG(s) 'example_sensors' retrieved from /home/airflow/.local/lib/python3.12/site-packages/airflow/example_dags/example_sensors.py
[2025-01-26T17:50:49.933+0000] {logging_mixin.py:190} INFO - [2025-01-26T17:50:49.933+0000] {dag.py:3239} INFO - Sync 1 DAGs
[2025-01-26T17:50:50.094+0000] {logging_mixin.py:190} INFO - [2025-01-26T17:50:50.094+0000] {dag.py:4180} INFO - Setting next_dagrun for example_sensors to None, run_after=None
[2025-01-26T17:50:50.110+0000] {processor.py:208} INFO - Processing /home/airflow/.local/lib/python3.12/site-packages/airflow/example_dags/example_sensors.py took 0.226 seconds
[2025-01-26T17:51:20.325+0000] {processor.py:186} INFO - Started process (PID=2972) to work on /home/airflow/.local/lib/python3.12/site-packages/airflow/example_dags/example_sensors.py
[2025-01-26T17:51:20.326+0000] {processor.py:914} INFO - Processing file /home/airflow/.local/lib/python3.12/site-packages/airflow/example_dags/example_sensors.py for tasks to queue
[2025-01-26T17:51:20.328+0000] {logging_mixin.py:190} INFO - [2025-01-26T17:51:20.328+0000] {dagbag.py:588} INFO - Filling up the DagBag from /home/airflow/.local/lib/python3.12/site-packages/airflow/example_dags/example_sensors.py
[2025-01-26T17:51:20.339+0000] {processor.py:925} INFO - DAG(s) 'example_sensors' retrieved from /home/airflow/.local/lib/python3.12/site-packages/airflow/example_dags/example_sensors.py
[2025-01-26T17:51:20.369+0000] {logging_mixin.py:190} INFO - [2025-01-26T17:51:20.369+0000] {dag.py:3239} INFO - Sync 1 DAGs
[2025-01-26T17:51:20.568+0000] {logging_mixin.py:190} INFO - [2025-01-26T17:51:20.568+0000] {dag.py:4180} INFO - Setting next_dagrun for example_sensors to None, run_after=None
[2025-01-26T17:51:20.624+0000] {processor.py:208} INFO - Processing /home/airflow/.local/lib/python3.12/site-packages/airflow/example_dags/example_sensors.py took 0.306 seconds
[2025-01-26T17:51:51.076+0000] {processor.py:186} INFO - Started process (PID=3037) to work on /home/airflow/.local/lib/python3.12/site-packages/airflow/example_dags/example_sensors.py
[2025-01-26T17:51:51.078+0000] {processor.py:914} INFO - Processing file /home/airflow/.local/lib/python3.12/site-packages/airflow/example_dags/example_sensors.py for tasks to queue
[2025-01-26T17:51:51.082+0000] {logging_mixin.py:190} INFO - [2025-01-26T17:51:51.081+0000] {dagbag.py:588} INFO - Filling up the DagBag from /home/airflow/.local/lib/python3.12/site-packages/airflow/example_dags/example_sensors.py
[2025-01-26T17:51:51.097+0000] {processor.py:925} INFO - DAG(s) 'example_sensors' retrieved from /home/airflow/.local/lib/python3.12/site-packages/airflow/example_dags/example_sensors.py
[2025-01-26T17:51:51.136+0000] {logging_mixin.py:190} INFO - [2025-01-26T17:51:51.135+0000] {dag.py:3239} INFO - Sync 1 DAGs
[2025-01-26T17:51:51.331+0000] {logging_mixin.py:190} INFO - [2025-01-26T17:51:51.331+0000] {dag.py:4180} INFO - Setting next_dagrun for example_sensors to None, run_after=None
[2025-01-26T17:51:51.369+0000] {processor.py:208} INFO - Processing /home/airflow/.local/lib/python3.12/site-packages/airflow/example_dags/example_sensors.py took 0.300 seconds
[2025-01-26T17:52:21.972+0000] {processor.py:186} INFO - Started process (PID=3100) to work on /home/airflow/.local/lib/python3.12/site-packages/airflow/example_dags/example_sensors.py
[2025-01-26T17:52:21.973+0000] {processor.py:914} INFO - Processing file /home/airflow/.local/lib/python3.12/site-packages/airflow/example_dags/example_sensors.py for tasks to queue
[2025-01-26T17:52:21.975+0000] {logging_mixin.py:190} INFO - [2025-01-26T17:52:21.974+0000] {dagbag.py:588} INFO - Filling up the DagBag from /home/airflow/.local/lib/python3.12/site-packages/airflow/example_dags/example_sensors.py
[2025-01-26T17:52:21.988+0000] {processor.py:925} INFO - DAG(s) 'example_sensors' retrieved from /home/airflow/.local/lib/python3.12/site-packages/airflow/example_dags/example_sensors.py
[2025-01-26T17:52:22.019+0000] {logging_mixin.py:190} INFO - [2025-01-26T17:52:22.019+0000] {dag.py:3239} INFO - Sync 1 DAGs
[2025-01-26T17:52:22.036+0000] {logging_mixin.py:190} INFO - [2025-01-26T17:52:22.036+0000] {dag.py:4180} INFO - Setting next_dagrun for example_sensors to None, run_after=None
[2025-01-26T17:52:22.059+0000] {processor.py:208} INFO - Processing /home/airflow/.local/lib/python3.12/site-packages/airflow/example_dags/example_sensors.py took 0.095 seconds
[2025-01-26T17:52:52.718+0000] {processor.py:186} INFO - Started process (PID=3163) to work on /home/airflow/.local/lib/python3.12/site-packages/airflow/example_dags/example_sensors.py
[2025-01-26T17:52:52.719+0000] {processor.py:914} INFO - Processing file /home/airflow/.local/lib/python3.12/site-packages/airflow/example_dags/example_sensors.py for tasks to queue
[2025-01-26T17:52:52.722+0000] {logging_mixin.py:190} INFO - [2025-01-26T17:52:52.721+0000] {dagbag.py:588} INFO - Filling up the DagBag from /home/airflow/.local/lib/python3.12/site-packages/airflow/example_dags/example_sensors.py
[2025-01-26T17:52:52.734+0000] {processor.py:925} INFO - DAG(s) 'example_sensors' retrieved from /home/airflow/.local/lib/python3.12/site-packages/airflow/example_dags/example_sensors.py
[2025-01-26T17:52:52.765+0000] {logging_mixin.py:190} INFO - [2025-01-26T17:52:52.765+0000] {dag.py:3239} INFO - Sync 1 DAGs
[2025-01-26T17:52:52.782+0000] {logging_mixin.py:190} INFO - [2025-01-26T17:52:52.782+0000] {dag.py:4180} INFO - Setting next_dagrun for example_sensors to None, run_after=None
[2025-01-26T17:52:52.804+0000] {processor.py:208} INFO - Processing /home/airflow/.local/lib/python3.12/site-packages/airflow/example_dags/example_sensors.py took 0.091 seconds
[2025-01-26T17:53:23.402+0000] {processor.py:186} INFO - Started process (PID=3226) to work on /home/airflow/.local/lib/python3.12/site-packages/airflow/example_dags/example_sensors.py
[2025-01-26T17:53:23.403+0000] {processor.py:914} INFO - Processing file /home/airflow/.local/lib/python3.12/site-packages/airflow/example_dags/example_sensors.py for tasks to queue
[2025-01-26T17:53:23.406+0000] {logging_mixin.py:190} INFO - [2025-01-26T17:53:23.406+0000] {dagbag.py:588} INFO - Filling up the DagBag from /home/airflow/.local/lib/python3.12/site-packages/airflow/example_dags/example_sensors.py
[2025-01-26T17:53:23.419+0000] {processor.py:925} INFO - DAG(s) 'example_sensors' retrieved from /home/airflow/.local/lib/python3.12/site-packages/airflow/example_dags/example_sensors.py
[2025-01-26T17:53:23.447+0000] {logging_mixin.py:190} INFO - [2025-01-26T17:53:23.447+0000] {dag.py:3239} INFO - Sync 1 DAGs
[2025-01-26T17:53:23.463+0000] {logging_mixin.py:190} INFO - [2025-01-26T17:53:23.463+0000] {dag.py:4180} INFO - Setting next_dagrun for example_sensors to None, run_after=None
[2025-01-26T17:53:23.484+0000] {processor.py:208} INFO - Processing /home/airflow/.local/lib/python3.12/site-packages/airflow/example_dags/example_sensors.py took 0.093 seconds
[2025-01-26T17:53:54.112+0000] {processor.py:186} INFO - Started process (PID=3289) to work on /home/airflow/.local/lib/python3.12/site-packages/airflow/example_dags/example_sensors.py
[2025-01-26T17:53:54.114+0000] {processor.py:914} INFO - Processing file /home/airflow/.local/lib/python3.12/site-packages/airflow/example_dags/example_sensors.py for tasks to queue
[2025-01-26T17:53:54.121+0000] {logging_mixin.py:190} INFO - [2025-01-26T17:53:54.121+0000] {dagbag.py:588} INFO - Filling up the DagBag from /home/airflow/.local/lib/python3.12/site-packages/airflow/example_dags/example_sensors.py
[2025-01-26T17:53:54.142+0000] {processor.py:925} INFO - DAG(s) 'example_sensors' retrieved from /home/airflow/.local/lib/python3.12/site-packages/airflow/example_dags/example_sensors.py
[2025-01-26T17:53:54.177+0000] {logging_mixin.py:190} INFO - [2025-01-26T17:53:54.176+0000] {dag.py:3239} INFO - Sync 1 DAGs
[2025-01-26T17:53:54.196+0000] {logging_mixin.py:190} INFO - [2025-01-26T17:53:54.196+0000] {dag.py:4180} INFO - Setting next_dagrun for example_sensors to None, run_after=None
[2025-01-26T17:53:54.223+0000] {processor.py:208} INFO - Processing /home/airflow/.local/lib/python3.12/site-packages/airflow/example_dags/example_sensors.py took 0.122 seconds
[2025-01-26T17:54:24.690+0000] {processor.py:186} INFO - Started process (PID=3353) to work on /home/airflow/.local/lib/python3.12/site-packages/airflow/example_dags/example_sensors.py
[2025-01-26T17:54:24.691+0000] {processor.py:914} INFO - Processing file /home/airflow/.local/lib/python3.12/site-packages/airflow/example_dags/example_sensors.py for tasks to queue
[2025-01-26T17:54:24.696+0000] {logging_mixin.py:190} INFO - [2025-01-26T17:54:24.696+0000] {dagbag.py:588} INFO - Filling up the DagBag from /home/airflow/.local/lib/python3.12/site-packages/airflow/example_dags/example_sensors.py
[2025-01-26T17:54:24.718+0000] {processor.py:925} INFO - DAG(s) 'example_sensors' retrieved from /home/airflow/.local/lib/python3.12/site-packages/airflow/example_dags/example_sensors.py
[2025-01-26T17:54:24.773+0000] {logging_mixin.py:190} INFO - [2025-01-26T17:54:24.773+0000] {dag.py:3239} INFO - Sync 1 DAGs
[2025-01-26T17:54:24.789+0000] {logging_mixin.py:190} INFO - [2025-01-26T17:54:24.788+0000] {dag.py:4180} INFO - Setting next_dagrun for example_sensors to None, run_after=None
[2025-01-26T17:54:24.808+0000] {processor.py:208} INFO - Processing /home/airflow/.local/lib/python3.12/site-packages/airflow/example_dags/example_sensors.py took 0.132 seconds
[2025-01-26T17:54:55.051+0000] {processor.py:186} INFO - Started process (PID=3417) to work on /home/airflow/.local/lib/python3.12/site-packages/airflow/example_dags/example_sensors.py
[2025-01-26T17:54:55.052+0000] {processor.py:914} INFO - Processing file /home/airflow/.local/lib/python3.12/site-packages/airflow/example_dags/example_sensors.py for tasks to queue
[2025-01-26T17:54:55.055+0000] {logging_mixin.py:190} INFO - [2025-01-26T17:54:55.055+0000] {dagbag.py:588} INFO - Filling up the DagBag from /home/airflow/.local/lib/python3.12/site-packages/airflow/example_dags/example_sensors.py
[2025-01-26T17:54:55.068+0000] {processor.py:925} INFO - DAG(s) 'example_sensors' retrieved from /home/airflow/.local/lib/python3.12/site-packages/airflow/example_dags/example_sensors.py
[2025-01-26T17:54:55.107+0000] {logging_mixin.py:190} INFO - [2025-01-26T17:54:55.106+0000] {dag.py:3239} INFO - Sync 1 DAGs
[2025-01-26T17:54:55.121+0000] {logging_mixin.py:190} INFO - [2025-01-26T17:54:55.120+0000] {dag.py:4180} INFO - Setting next_dagrun for example_sensors to None, run_after=None
[2025-01-26T17:54:55.144+0000] {processor.py:208} INFO - Processing /home/airflow/.local/lib/python3.12/site-packages/airflow/example_dags/example_sensors.py took 0.099 seconds
[2025-01-26T17:55:25.727+0000] {processor.py:186} INFO - Started process (PID=3480) to work on /home/airflow/.local/lib/python3.12/site-packages/airflow/example_dags/example_sensors.py
[2025-01-26T17:55:25.730+0000] {processor.py:914} INFO - Processing file /home/airflow/.local/lib/python3.12/site-packages/airflow/example_dags/example_sensors.py for tasks to queue
[2025-01-26T17:55:25.733+0000] {logging_mixin.py:190} INFO - [2025-01-26T17:55:25.732+0000] {dagbag.py:588} INFO - Filling up the DagBag from /home/airflow/.local/lib/python3.12/site-packages/airflow/example_dags/example_sensors.py
[2025-01-26T17:55:25.755+0000] {processor.py:925} INFO - DAG(s) 'example_sensors' retrieved from /home/airflow/.local/lib/python3.12/site-packages/airflow/example_dags/example_sensors.py
[2025-01-26T17:55:25.801+0000] {logging_mixin.py:190} INFO - [2025-01-26T17:55:25.800+0000] {dag.py:3239} INFO - Sync 1 DAGs
[2025-01-26T17:55:25.825+0000] {logging_mixin.py:190} INFO - [2025-01-26T17:55:25.825+0000] {dag.py:4180} INFO - Setting next_dagrun for example_sensors to None, run_after=None
[2025-01-26T17:55:25.903+0000] {processor.py:208} INFO - Processing /home/airflow/.local/lib/python3.12/site-packages/airflow/example_dags/example_sensors.py took 0.184 seconds
[2025-01-26T17:55:57.777+0000] {processor.py:186} INFO - Started process (PID=3543) to work on /home/airflow/.local/lib/python3.12/site-packages/airflow/example_dags/example_sensors.py
[2025-01-26T17:55:57.779+0000] {processor.py:914} INFO - Processing file /home/airflow/.local/lib/python3.12/site-packages/airflow/example_dags/example_sensors.py for tasks to queue
[2025-01-26T17:55:57.782+0000] {logging_mixin.py:190} INFO - [2025-01-26T17:55:57.781+0000] {dagbag.py:588} INFO - Filling up the DagBag from /home/airflow/.local/lib/python3.12/site-packages/airflow/example_dags/example_sensors.py
[2025-01-26T17:55:57.797+0000] {processor.py:925} INFO - DAG(s) 'example_sensors' retrieved from /home/airflow/.local/lib/python3.12/site-packages/airflow/example_dags/example_sensors.py
[2025-01-26T17:55:57.834+0000] {logging_mixin.py:190} INFO - [2025-01-26T17:55:57.833+0000] {dag.py:3239} INFO - Sync 1 DAGs
[2025-01-26T17:55:57.859+0000] {logging_mixin.py:190} INFO - [2025-01-26T17:55:57.859+0000] {dag.py:4180} INFO - Setting next_dagrun for example_sensors to None, run_after=None
[2025-01-26T17:55:57.887+0000] {processor.py:208} INFO - Processing /home/airflow/.local/lib/python3.12/site-packages/airflow/example_dags/example_sensors.py took 0.118 seconds
[2025-01-26T17:56:28.062+0000] {processor.py:186} INFO - Started process (PID=3601) to work on /home/airflow/.local/lib/python3.12/site-packages/airflow/example_dags/example_sensors.py
[2025-01-26T17:56:28.065+0000] {processor.py:914} INFO - Processing file /home/airflow/.local/lib/python3.12/site-packages/airflow/example_dags/example_sensors.py for tasks to queue
[2025-01-26T17:56:28.068+0000] {logging_mixin.py:190} INFO - [2025-01-26T17:56:28.067+0000] {dagbag.py:588} INFO - Filling up the DagBag from /home/airflow/.local/lib/python3.12/site-packages/airflow/example_dags/example_sensors.py
[2025-01-26T17:56:28.119+0000] {processor.py:925} INFO - DAG(s) 'example_sensors' retrieved from /home/airflow/.local/lib/python3.12/site-packages/airflow/example_dags/example_sensors.py
[2025-01-26T17:56:28.167+0000] {logging_mixin.py:190} INFO - [2025-01-26T17:56:28.166+0000] {dag.py:3239} INFO - Sync 1 DAGs
[2025-01-26T17:56:28.197+0000] {logging_mixin.py:190} INFO - [2025-01-26T17:56:28.197+0000] {dag.py:4180} INFO - Setting next_dagrun for example_sensors to None, run_after=None
[2025-01-26T17:56:28.223+0000] {processor.py:208} INFO - Processing /home/airflow/.local/lib/python3.12/site-packages/airflow/example_dags/example_sensors.py took 0.166 seconds
[2025-01-26T17:56:58.427+0000] {processor.py:186} INFO - Started process (PID=3665) to work on /home/airflow/.local/lib/python3.12/site-packages/airflow/example_dags/example_sensors.py
[2025-01-26T17:56:58.429+0000] {processor.py:914} INFO - Processing file /home/airflow/.local/lib/python3.12/site-packages/airflow/example_dags/example_sensors.py for tasks to queue
[2025-01-26T17:56:58.433+0000] {logging_mixin.py:190} INFO - [2025-01-26T17:56:58.433+0000] {dagbag.py:588} INFO - Filling up the DagBag from /home/airflow/.local/lib/python3.12/site-packages/airflow/example_dags/example_sensors.py
[2025-01-26T17:56:58.453+0000] {processor.py:925} INFO - DAG(s) 'example_sensors' retrieved from /home/airflow/.local/lib/python3.12/site-packages/airflow/example_dags/example_sensors.py
[2025-01-26T17:56:58.505+0000] {logging_mixin.py:190} INFO - [2025-01-26T17:56:58.504+0000] {dag.py:3239} INFO - Sync 1 DAGs
[2025-01-26T17:56:58.540+0000] {logging_mixin.py:190} INFO - [2025-01-26T17:56:58.540+0000] {dag.py:4180} INFO - Setting next_dagrun for example_sensors to None, run_after=None
[2025-01-26T17:56:58.582+0000] {processor.py:208} INFO - Processing /home/airflow/.local/lib/python3.12/site-packages/airflow/example_dags/example_sensors.py took 0.163 seconds
[2025-01-26T17:57:28.739+0000] {processor.py:186} INFO - Started process (PID=3728) to work on /home/airflow/.local/lib/python3.12/site-packages/airflow/example_dags/example_sensors.py
[2025-01-26T17:57:28.740+0000] {processor.py:914} INFO - Processing file /home/airflow/.local/lib/python3.12/site-packages/airflow/example_dags/example_sensors.py for tasks to queue
[2025-01-26T17:57:28.742+0000] {logging_mixin.py:190} INFO - [2025-01-26T17:57:28.742+0000] {dagbag.py:588} INFO - Filling up the DagBag from /home/airflow/.local/lib/python3.12/site-packages/airflow/example_dags/example_sensors.py
[2025-01-26T17:57:28.752+0000] {processor.py:925} INFO - DAG(s) 'example_sensors' retrieved from /home/airflow/.local/lib/python3.12/site-packages/airflow/example_dags/example_sensors.py
[2025-01-26T17:57:28.786+0000] {logging_mixin.py:190} INFO - [2025-01-26T17:57:28.786+0000] {dag.py:3239} INFO - Sync 1 DAGs
[2025-01-26T17:57:28.803+0000] {logging_mixin.py:190} INFO - [2025-01-26T17:57:28.803+0000] {dag.py:4180} INFO - Setting next_dagrun for example_sensors to None, run_after=None
[2025-01-26T17:57:28.863+0000] {processor.py:208} INFO - Processing /home/airflow/.local/lib/python3.12/site-packages/airflow/example_dags/example_sensors.py took 0.129 seconds
[2025-01-26T17:57:59.218+0000] {processor.py:186} INFO - Started process (PID=3792) to work on /home/airflow/.local/lib/python3.12/site-packages/airflow/example_dags/example_sensors.py
[2025-01-26T17:57:59.219+0000] {processor.py:914} INFO - Processing file /home/airflow/.local/lib/python3.12/site-packages/airflow/example_dags/example_sensors.py for tasks to queue
[2025-01-26T17:57:59.222+0000] {logging_mixin.py:190} INFO - [2025-01-26T17:57:59.222+0000] {dagbag.py:588} INFO - Filling up the DagBag from /home/airflow/.local/lib/python3.12/site-packages/airflow/example_dags/example_sensors.py
[2025-01-26T17:57:59.235+0000] {processor.py:925} INFO - DAG(s) 'example_sensors' retrieved from /home/airflow/.local/lib/python3.12/site-packages/airflow/example_dags/example_sensors.py
[2025-01-26T17:57:59.261+0000] {logging_mixin.py:190} INFO - [2025-01-26T17:57:59.261+0000] {dag.py:3239} INFO - Sync 1 DAGs
[2025-01-26T17:57:59.276+0000] {logging_mixin.py:190} INFO - [2025-01-26T17:57:59.276+0000] {dag.py:4180} INFO - Setting next_dagrun for example_sensors to None, run_after=None
[2025-01-26T17:57:59.307+0000] {processor.py:208} INFO - Processing /home/airflow/.local/lib/python3.12/site-packages/airflow/example_dags/example_sensors.py took 0.095 seconds
[2025-01-26T17:58:29.432+0000] {processor.py:186} INFO - Started process (PID=3856) to work on /home/airflow/.local/lib/python3.12/site-packages/airflow/example_dags/example_sensors.py
[2025-01-26T17:58:29.433+0000] {processor.py:914} INFO - Processing file /home/airflow/.local/lib/python3.12/site-packages/airflow/example_dags/example_sensors.py for tasks to queue
[2025-01-26T17:58:29.436+0000] {logging_mixin.py:190} INFO - [2025-01-26T17:58:29.435+0000] {dagbag.py:588} INFO - Filling up the DagBag from /home/airflow/.local/lib/python3.12/site-packages/airflow/example_dags/example_sensors.py
[2025-01-26T17:58:29.451+0000] {processor.py:925} INFO - DAG(s) 'example_sensors' retrieved from /home/airflow/.local/lib/python3.12/site-packages/airflow/example_dags/example_sensors.py
[2025-01-26T17:58:29.488+0000] {logging_mixin.py:190} INFO - [2025-01-26T17:58:29.487+0000] {dag.py:3239} INFO - Sync 1 DAGs
[2025-01-26T17:58:29.509+0000] {logging_mixin.py:190} INFO - [2025-01-26T17:58:29.508+0000] {dag.py:4180} INFO - Setting next_dagrun for example_sensors to None, run_after=None
[2025-01-26T17:58:29.539+0000] {processor.py:208} INFO - Processing /home/airflow/.local/lib/python3.12/site-packages/airflow/example_dags/example_sensors.py took 0.113 seconds
[2025-01-26T17:58:59.760+0000] {processor.py:186} INFO - Started process (PID=3919) to work on /home/airflow/.local/lib/python3.12/site-packages/airflow/example_dags/example_sensors.py
[2025-01-26T17:58:59.761+0000] {processor.py:914} INFO - Processing file /home/airflow/.local/lib/python3.12/site-packages/airflow/example_dags/example_sensors.py for tasks to queue
[2025-01-26T17:58:59.763+0000] {logging_mixin.py:190} INFO - [2025-01-26T17:58:59.763+0000] {dagbag.py:588} INFO - Filling up the DagBag from /home/airflow/.local/lib/python3.12/site-packages/airflow/example_dags/example_sensors.py
[2025-01-26T17:58:59.775+0000] {processor.py:925} INFO - DAG(s) 'example_sensors' retrieved from /home/airflow/.local/lib/python3.12/site-packages/airflow/example_dags/example_sensors.py
[2025-01-26T17:58:59.799+0000] {logging_mixin.py:190} INFO - [2025-01-26T17:58:59.799+0000] {dag.py:3239} INFO - Sync 1 DAGs
[2025-01-26T17:58:59.814+0000] {logging_mixin.py:190} INFO - [2025-01-26T17:58:59.814+0000] {dag.py:4180} INFO - Setting next_dagrun for example_sensors to None, run_after=None
[2025-01-26T17:58:59.839+0000] {processor.py:208} INFO - Processing /home/airflow/.local/lib/python3.12/site-packages/airflow/example_dags/example_sensors.py took 0.086 seconds
[2025-01-26T17:59:29.936+0000] {processor.py:186} INFO - Started process (PID=3982) to work on /home/airflow/.local/lib/python3.12/site-packages/airflow/example_dags/example_sensors.py
[2025-01-26T17:59:29.937+0000] {processor.py:914} INFO - Processing file /home/airflow/.local/lib/python3.12/site-packages/airflow/example_dags/example_sensors.py for tasks to queue
[2025-01-26T17:59:29.940+0000] {logging_mixin.py:190} INFO - [2025-01-26T17:59:29.939+0000] {dagbag.py:588} INFO - Filling up the DagBag from /home/airflow/.local/lib/python3.12/site-packages/airflow/example_dags/example_sensors.py
[2025-01-26T17:59:29.950+0000] {processor.py:925} INFO - DAG(s) 'example_sensors' retrieved from /home/airflow/.local/lib/python3.12/site-packages/airflow/example_dags/example_sensors.py
[2025-01-26T17:59:29.978+0000] {logging_mixin.py:190} INFO - [2025-01-26T17:59:29.978+0000] {dag.py:3239} INFO - Sync 1 DAGs
[2025-01-26T17:59:29.993+0000] {logging_mixin.py:190} INFO - [2025-01-26T17:59:29.993+0000] {dag.py:4180} INFO - Setting next_dagrun for example_sensors to None, run_after=None
[2025-01-26T17:59:30.015+0000] {processor.py:208} INFO - Processing /home/airflow/.local/lib/python3.12/site-packages/airflow/example_dags/example_sensors.py took 0.086 seconds
[2025-01-26T18:00:00.466+0000] {processor.py:186} INFO - Started process (PID=4045) to work on /home/airflow/.local/lib/python3.12/site-packages/airflow/example_dags/example_sensors.py
[2025-01-26T18:00:00.467+0000] {processor.py:914} INFO - Processing file /home/airflow/.local/lib/python3.12/site-packages/airflow/example_dags/example_sensors.py for tasks to queue
[2025-01-26T18:00:00.470+0000] {logging_mixin.py:190} INFO - [2025-01-26T18:00:00.469+0000] {dagbag.py:588} INFO - Filling up the DagBag from /home/airflow/.local/lib/python3.12/site-packages/airflow/example_dags/example_sensors.py
[2025-01-26T18:00:00.482+0000] {processor.py:925} INFO - DAG(s) 'example_sensors' retrieved from /home/airflow/.local/lib/python3.12/site-packages/airflow/example_dags/example_sensors.py
[2025-01-26T18:00:00.505+0000] {logging_mixin.py:190} INFO - [2025-01-26T18:00:00.505+0000] {dag.py:3239} INFO - Sync 1 DAGs
[2025-01-26T18:00:00.519+0000] {logging_mixin.py:190} INFO - [2025-01-26T18:00:00.519+0000] {dag.py:4180} INFO - Setting next_dagrun for example_sensors to None, run_after=None
[2025-01-26T18:00:00.539+0000] {processor.py:208} INFO - Processing /home/airflow/.local/lib/python3.12/site-packages/airflow/example_dags/example_sensors.py took 0.077 seconds
[2025-01-26T18:00:30.873+0000] {processor.py:186} INFO - Started process (PID=4108) to work on /home/airflow/.local/lib/python3.12/site-packages/airflow/example_dags/example_sensors.py
[2025-01-26T18:00:30.875+0000] {processor.py:914} INFO - Processing file /home/airflow/.local/lib/python3.12/site-packages/airflow/example_dags/example_sensors.py for tasks to queue
[2025-01-26T18:00:30.880+0000] {logging_mixin.py:190} INFO - [2025-01-26T18:00:30.880+0000] {dagbag.py:588} INFO - Filling up the DagBag from /home/airflow/.local/lib/python3.12/site-packages/airflow/example_dags/example_sensors.py
[2025-01-26T18:00:30.898+0000] {processor.py:925} INFO - DAG(s) 'example_sensors' retrieved from /home/airflow/.local/lib/python3.12/site-packages/airflow/example_dags/example_sensors.py
[2025-01-26T18:00:30.925+0000] {logging_mixin.py:190} INFO - [2025-01-26T18:00:30.924+0000] {dag.py:3239} INFO - Sync 1 DAGs
[2025-01-26T18:00:30.945+0000] {logging_mixin.py:190} INFO - [2025-01-26T18:00:30.945+0000] {dag.py:4180} INFO - Setting next_dagrun for example_sensors to None, run_after=None
[2025-01-26T18:00:30.974+0000] {processor.py:208} INFO - Processing /home/airflow/.local/lib/python3.12/site-packages/airflow/example_dags/example_sensors.py took 0.111 seconds
[2025-01-26T18:01:01.117+0000] {processor.py:186} INFO - Started process (PID=4171) to work on /home/airflow/.local/lib/python3.12/site-packages/airflow/example_dags/example_sensors.py
[2025-01-26T18:01:01.118+0000] {processor.py:914} INFO - Processing file /home/airflow/.local/lib/python3.12/site-packages/airflow/example_dags/example_sensors.py for tasks to queue
[2025-01-26T18:01:01.120+0000] {logging_mixin.py:190} INFO - [2025-01-26T18:01:01.120+0000] {dagbag.py:588} INFO - Filling up the DagBag from /home/airflow/.local/lib/python3.12/site-packages/airflow/example_dags/example_sensors.py
[2025-01-26T18:01:01.133+0000] {processor.py:925} INFO - DAG(s) 'example_sensors' retrieved from /home/airflow/.local/lib/python3.12/site-packages/airflow/example_dags/example_sensors.py
[2025-01-26T18:01:01.160+0000] {logging_mixin.py:190} INFO - [2025-01-26T18:01:01.160+0000] {dag.py:3239} INFO - Sync 1 DAGs
[2025-01-26T18:01:01.178+0000] {logging_mixin.py:190} INFO - [2025-01-26T18:01:01.178+0000] {dag.py:4180} INFO - Setting next_dagrun for example_sensors to None, run_after=None
[2025-01-26T18:01:01.200+0000] {processor.py:208} INFO - Processing /home/airflow/.local/lib/python3.12/site-packages/airflow/example_dags/example_sensors.py took 0.089 seconds
[2025-01-26T18:01:31.261+0000] {processor.py:186} INFO - Started process (PID=4234) to work on /home/airflow/.local/lib/python3.12/site-packages/airflow/example_dags/example_sensors.py
[2025-01-26T18:01:31.262+0000] {processor.py:914} INFO - Processing file /home/airflow/.local/lib/python3.12/site-packages/airflow/example_dags/example_sensors.py for tasks to queue
[2025-01-26T18:01:31.264+0000] {logging_mixin.py:190} INFO - [2025-01-26T18:01:31.264+0000] {dagbag.py:588} INFO - Filling up the DagBag from /home/airflow/.local/lib/python3.12/site-packages/airflow/example_dags/example_sensors.py
[2025-01-26T18:01:31.277+0000] {processor.py:925} INFO - DAG(s) 'example_sensors' retrieved from /home/airflow/.local/lib/python3.12/site-packages/airflow/example_dags/example_sensors.py
[2025-01-26T18:01:31.302+0000] {logging_mixin.py:190} INFO - [2025-01-26T18:01:31.302+0000] {dag.py:3239} INFO - Sync 1 DAGs
[2025-01-26T18:01:31.322+0000] {logging_mixin.py:190} INFO - [2025-01-26T18:01:31.321+0000] {dag.py:4180} INFO - Setting next_dagrun for example_sensors to None, run_after=None
[2025-01-26T18:01:31.343+0000] {processor.py:208} INFO - Processing /home/airflow/.local/lib/python3.12/site-packages/airflow/example_dags/example_sensors.py took 0.089 seconds
[2025-01-26T18:02:01.544+0000] {processor.py:186} INFO - Started process (PID=4297) to work on /home/airflow/.local/lib/python3.12/site-packages/airflow/example_dags/example_sensors.py
[2025-01-26T18:02:01.545+0000] {processor.py:914} INFO - Processing file /home/airflow/.local/lib/python3.12/site-packages/airflow/example_dags/example_sensors.py for tasks to queue
[2025-01-26T18:02:01.548+0000] {logging_mixin.py:190} INFO - [2025-01-26T18:02:01.548+0000] {dagbag.py:588} INFO - Filling up the DagBag from /home/airflow/.local/lib/python3.12/site-packages/airflow/example_dags/example_sensors.py
[2025-01-26T18:02:01.563+0000] {processor.py:925} INFO - DAG(s) 'example_sensors' retrieved from /home/airflow/.local/lib/python3.12/site-packages/airflow/example_dags/example_sensors.py
[2025-01-26T18:02:01.591+0000] {logging_mixin.py:190} INFO - [2025-01-26T18:02:01.590+0000] {dag.py:3239} INFO - Sync 1 DAGs
[2025-01-26T18:02:01.607+0000] {logging_mixin.py:190} INFO - [2025-01-26T18:02:01.607+0000] {dag.py:4180} INFO - Setting next_dagrun for example_sensors to None, run_after=None
[2025-01-26T18:02:01.628+0000] {processor.py:208} INFO - Processing /home/airflow/.local/lib/python3.12/site-packages/airflow/example_dags/example_sensors.py took 0.090 seconds
[2025-01-26T18:02:31.876+0000] {processor.py:186} INFO - Started process (PID=4362) to work on /home/airflow/.local/lib/python3.12/site-packages/airflow/example_dags/example_sensors.py
[2025-01-26T18:02:31.877+0000] {processor.py:914} INFO - Processing file /home/airflow/.local/lib/python3.12/site-packages/airflow/example_dags/example_sensors.py for tasks to queue
[2025-01-26T18:02:31.879+0000] {logging_mixin.py:190} INFO - [2025-01-26T18:02:31.878+0000] {dagbag.py:588} INFO - Filling up the DagBag from /home/airflow/.local/lib/python3.12/site-packages/airflow/example_dags/example_sensors.py
[2025-01-26T18:02:31.892+0000] {processor.py:925} INFO - DAG(s) 'example_sensors' retrieved from /home/airflow/.local/lib/python3.12/site-packages/airflow/example_dags/example_sensors.py
[2025-01-26T18:02:31.928+0000] {logging_mixin.py:190} INFO - [2025-01-26T18:02:31.928+0000] {dag.py:3239} INFO - Sync 1 DAGs
[2025-01-26T18:02:31.949+0000] {logging_mixin.py:190} INFO - [2025-01-26T18:02:31.948+0000] {dag.py:4180} INFO - Setting next_dagrun for example_sensors to None, run_after=None
[2025-01-26T18:02:31.974+0000] {processor.py:208} INFO - Processing /home/airflow/.local/lib/python3.12/site-packages/airflow/example_dags/example_sensors.py took 0.104 seconds
[2025-01-26T18:03:02.425+0000] {processor.py:186} INFO - Started process (PID=4426) to work on /home/airflow/.local/lib/python3.12/site-packages/airflow/example_dags/example_sensors.py
[2025-01-26T18:03:02.427+0000] {processor.py:914} INFO - Processing file /home/airflow/.local/lib/python3.12/site-packages/airflow/example_dags/example_sensors.py for tasks to queue
[2025-01-26T18:03:02.428+0000] {logging_mixin.py:190} INFO - [2025-01-26T18:03:02.428+0000] {dagbag.py:588} INFO - Filling up the DagBag from /home/airflow/.local/lib/python3.12/site-packages/airflow/example_dags/example_sensors.py
[2025-01-26T18:03:02.446+0000] {processor.py:925} INFO - DAG(s) 'example_sensors' retrieved from /home/airflow/.local/lib/python3.12/site-packages/airflow/example_dags/example_sensors.py
[2025-01-26T18:03:02.484+0000] {logging_mixin.py:190} INFO - [2025-01-26T18:03:02.484+0000] {dag.py:3239} INFO - Sync 1 DAGs
[2025-01-26T18:03:02.505+0000] {logging_mixin.py:190} INFO - [2025-01-26T18:03:02.504+0000] {dag.py:4180} INFO - Setting next_dagrun for example_sensors to None, run_after=None
[2025-01-26T18:03:02.530+0000] {processor.py:208} INFO - Processing /home/airflow/.local/lib/python3.12/site-packages/airflow/example_dags/example_sensors.py took 0.112 seconds
[2025-01-26T18:03:32.619+0000] {processor.py:186} INFO - Started process (PID=4490) to work on /home/airflow/.local/lib/python3.12/site-packages/airflow/example_dags/example_sensors.py
[2025-01-26T18:03:32.620+0000] {processor.py:914} INFO - Processing file /home/airflow/.local/lib/python3.12/site-packages/airflow/example_dags/example_sensors.py for tasks to queue
[2025-01-26T18:03:32.622+0000] {logging_mixin.py:190} INFO - [2025-01-26T18:03:32.622+0000] {dagbag.py:588} INFO - Filling up the DagBag from /home/airflow/.local/lib/python3.12/site-packages/airflow/example_dags/example_sensors.py
[2025-01-26T18:03:32.635+0000] {processor.py:925} INFO - DAG(s) 'example_sensors' retrieved from /home/airflow/.local/lib/python3.12/site-packages/airflow/example_dags/example_sensors.py
[2025-01-26T18:03:32.666+0000] {logging_mixin.py:190} INFO - [2025-01-26T18:03:32.665+0000] {dag.py:3239} INFO - Sync 1 DAGs
[2025-01-26T18:03:32.683+0000] {logging_mixin.py:190} INFO - [2025-01-26T18:03:32.682+0000] {dag.py:4180} INFO - Setting next_dagrun for example_sensors to None, run_after=None
[2025-01-26T18:03:32.703+0000] {processor.py:208} INFO - Processing /home/airflow/.local/lib/python3.12/site-packages/airflow/example_dags/example_sensors.py took 0.091 seconds
[2025-01-26T18:04:03.108+0000] {processor.py:186} INFO - Started process (PID=4554) to work on /home/airflow/.local/lib/python3.12/site-packages/airflow/example_dags/example_sensors.py
[2025-01-26T18:04:03.109+0000] {processor.py:914} INFO - Processing file /home/airflow/.local/lib/python3.12/site-packages/airflow/example_dags/example_sensors.py for tasks to queue
[2025-01-26T18:04:03.111+0000] {logging_mixin.py:190} INFO - [2025-01-26T18:04:03.110+0000] {dagbag.py:588} INFO - Filling up the DagBag from /home/airflow/.local/lib/python3.12/site-packages/airflow/example_dags/example_sensors.py
[2025-01-26T18:04:03.132+0000] {processor.py:925} INFO - DAG(s) 'example_sensors' retrieved from /home/airflow/.local/lib/python3.12/site-packages/airflow/example_dags/example_sensors.py
[2025-01-26T18:04:03.172+0000] {logging_mixin.py:190} INFO - [2025-01-26T18:04:03.172+0000] {dag.py:3239} INFO - Sync 1 DAGs
[2025-01-26T18:04:03.194+0000] {logging_mixin.py:190} INFO - [2025-01-26T18:04:03.194+0000] {dag.py:4180} INFO - Setting next_dagrun for example_sensors to None, run_after=None
[2025-01-26T18:04:03.221+0000] {processor.py:208} INFO - Processing /home/airflow/.local/lib/python3.12/site-packages/airflow/example_dags/example_sensors.py took 0.121 seconds
[2025-01-26T18:04:33.710+0000] {processor.py:186} INFO - Started process (PID=4618) to work on /home/airflow/.local/lib/python3.12/site-packages/airflow/example_dags/example_sensors.py
[2025-01-26T18:04:33.711+0000] {processor.py:914} INFO - Processing file /home/airflow/.local/lib/python3.12/site-packages/airflow/example_dags/example_sensors.py for tasks to queue
[2025-01-26T18:04:33.712+0000] {logging_mixin.py:190} INFO - [2025-01-26T18:04:33.712+0000] {dagbag.py:588} INFO - Filling up the DagBag from /home/airflow/.local/lib/python3.12/site-packages/airflow/example_dags/example_sensors.py
[2025-01-26T18:04:33.724+0000] {processor.py:925} INFO - DAG(s) 'example_sensors' retrieved from /home/airflow/.local/lib/python3.12/site-packages/airflow/example_dags/example_sensors.py
[2025-01-26T18:04:33.750+0000] {logging_mixin.py:190} INFO - [2025-01-26T18:04:33.750+0000] {dag.py:3239} INFO - Sync 1 DAGs
[2025-01-26T18:04:33.765+0000] {logging_mixin.py:190} INFO - [2025-01-26T18:04:33.765+0000] {dag.py:4180} INFO - Setting next_dagrun for example_sensors to None, run_after=None
[2025-01-26T18:04:33.790+0000] {processor.py:208} INFO - Processing /home/airflow/.local/lib/python3.12/site-packages/airflow/example_dags/example_sensors.py took 0.086 seconds
[2025-01-26T18:05:04.345+0000] {processor.py:186} INFO - Started process (PID=4682) to work on /home/airflow/.local/lib/python3.12/site-packages/airflow/example_dags/example_sensors.py
[2025-01-26T18:05:04.346+0000] {processor.py:914} INFO - Processing file /home/airflow/.local/lib/python3.12/site-packages/airflow/example_dags/example_sensors.py for tasks to queue
[2025-01-26T18:05:04.348+0000] {logging_mixin.py:190} INFO - [2025-01-26T18:05:04.348+0000] {dagbag.py:588} INFO - Filling up the DagBag from /home/airflow/.local/lib/python3.12/site-packages/airflow/example_dags/example_sensors.py
[2025-01-26T18:05:04.362+0000] {processor.py:925} INFO - DAG(s) 'example_sensors' retrieved from /home/airflow/.local/lib/python3.12/site-packages/airflow/example_dags/example_sensors.py
[2025-01-26T18:05:04.387+0000] {logging_mixin.py:190} INFO - [2025-01-26T18:05:04.387+0000] {dag.py:3239} INFO - Sync 1 DAGs
[2025-01-26T18:05:04.401+0000] {logging_mixin.py:190} INFO - [2025-01-26T18:05:04.401+0000] {dag.py:4180} INFO - Setting next_dagrun for example_sensors to None, run_after=None
[2025-01-26T18:05:04.423+0000] {processor.py:208} INFO - Processing /home/airflow/.local/lib/python3.12/site-packages/airflow/example_dags/example_sensors.py took 0.085 seconds
[2025-01-26T18:05:34.951+0000] {processor.py:186} INFO - Started process (PID=4746) to work on /home/airflow/.local/lib/python3.12/site-packages/airflow/example_dags/example_sensors.py
[2025-01-26T18:05:34.952+0000] {processor.py:914} INFO - Processing file /home/airflow/.local/lib/python3.12/site-packages/airflow/example_dags/example_sensors.py for tasks to queue
[2025-01-26T18:05:34.954+0000] {logging_mixin.py:190} INFO - [2025-01-26T18:05:34.954+0000] {dagbag.py:588} INFO - Filling up the DagBag from /home/airflow/.local/lib/python3.12/site-packages/airflow/example_dags/example_sensors.py
[2025-01-26T18:05:34.967+0000] {processor.py:925} INFO - DAG(s) 'example_sensors' retrieved from /home/airflow/.local/lib/python3.12/site-packages/airflow/example_dags/example_sensors.py
[2025-01-26T18:05:34.996+0000] {logging_mixin.py:190} INFO - [2025-01-26T18:05:34.995+0000] {dag.py:3239} INFO - Sync 1 DAGs
[2025-01-26T18:05:35.018+0000] {logging_mixin.py:190} INFO - [2025-01-26T18:05:35.017+0000] {dag.py:4180} INFO - Setting next_dagrun for example_sensors to None, run_after=None
[2025-01-26T18:05:35.052+0000] {processor.py:208} INFO - Processing /home/airflow/.local/lib/python3.12/site-packages/airflow/example_dags/example_sensors.py took 0.108 seconds
[2025-01-26T18:06:05.881+0000] {processor.py:186} INFO - Started process (PID=4811) to work on /home/airflow/.local/lib/python3.12/site-packages/airflow/example_dags/example_sensors.py
[2025-01-26T18:06:05.882+0000] {processor.py:914} INFO - Processing file /home/airflow/.local/lib/python3.12/site-packages/airflow/example_dags/example_sensors.py for tasks to queue
[2025-01-26T18:06:05.887+0000] {logging_mixin.py:190} INFO - [2025-01-26T18:06:05.884+0000] {dagbag.py:588} INFO - Filling up the DagBag from /home/airflow/.local/lib/python3.12/site-packages/airflow/example_dags/example_sensors.py
[2025-01-26T18:06:05.904+0000] {processor.py:925} INFO - DAG(s) 'example_sensors' retrieved from /home/airflow/.local/lib/python3.12/site-packages/airflow/example_dags/example_sensors.py
[2025-01-26T18:06:05.944+0000] {logging_mixin.py:190} INFO - [2025-01-26T18:06:05.942+0000] {dag.py:3239} INFO - Sync 1 DAGs
[2025-01-26T18:06:05.967+0000] {logging_mixin.py:190} INFO - [2025-01-26T18:06:05.966+0000] {dag.py:4180} INFO - Setting next_dagrun for example_sensors to None, run_after=None
[2025-01-26T18:06:05.992+0000] {processor.py:208} INFO - Processing /home/airflow/.local/lib/python3.12/site-packages/airflow/example_dags/example_sensors.py took 0.120 seconds
[2025-01-26T18:06:36.338+0000] {processor.py:186} INFO - Started process (PID=4875) to work on /home/airflow/.local/lib/python3.12/site-packages/airflow/example_dags/example_sensors.py
[2025-01-26T18:06:36.339+0000] {processor.py:914} INFO - Processing file /home/airflow/.local/lib/python3.12/site-packages/airflow/example_dags/example_sensors.py for tasks to queue
[2025-01-26T18:06:36.341+0000] {logging_mixin.py:190} INFO - [2025-01-26T18:06:36.340+0000] {dagbag.py:588} INFO - Filling up the DagBag from /home/airflow/.local/lib/python3.12/site-packages/airflow/example_dags/example_sensors.py
[2025-01-26T18:06:36.358+0000] {processor.py:925} INFO - DAG(s) 'example_sensors' retrieved from /home/airflow/.local/lib/python3.12/site-packages/airflow/example_dags/example_sensors.py
[2025-01-26T18:06:36.395+0000] {logging_mixin.py:190} INFO - [2025-01-26T18:06:36.394+0000] {dag.py:3239} INFO - Sync 1 DAGs
[2025-01-26T18:06:36.417+0000] {logging_mixin.py:190} INFO - [2025-01-26T18:06:36.416+0000] {dag.py:4180} INFO - Setting next_dagrun for example_sensors to None, run_after=None
[2025-01-26T18:06:36.443+0000] {processor.py:208} INFO - Processing /home/airflow/.local/lib/python3.12/site-packages/airflow/example_dags/example_sensors.py took 0.123 seconds
[2025-01-26T18:07:06.870+0000] {processor.py:186} INFO - Started process (PID=4939) to work on /home/airflow/.local/lib/python3.12/site-packages/airflow/example_dags/example_sensors.py
[2025-01-26T18:07:06.872+0000] {processor.py:914} INFO - Processing file /home/airflow/.local/lib/python3.12/site-packages/airflow/example_dags/example_sensors.py for tasks to queue
[2025-01-26T18:07:06.873+0000] {logging_mixin.py:190} INFO - [2025-01-26T18:07:06.873+0000] {dagbag.py:588} INFO - Filling up the DagBag from /home/airflow/.local/lib/python3.12/site-packages/airflow/example_dags/example_sensors.py
[2025-01-26T18:07:06.954+0000] {processor.py:925} INFO - DAG(s) 'example_sensors' retrieved from /home/airflow/.local/lib/python3.12/site-packages/airflow/example_dags/example_sensors.py
[2025-01-26T18:07:07.044+0000] {logging_mixin.py:190} INFO - [2025-01-26T18:07:07.044+0000] {dag.py:3239} INFO - Sync 1 DAGs
[2025-01-26T18:07:07.117+0000] {logging_mixin.py:190} INFO - [2025-01-26T18:07:07.117+0000] {dag.py:4180} INFO - Setting next_dagrun for example_sensors to None, run_after=None
[2025-01-26T18:07:07.223+0000] {processor.py:208} INFO - Processing /home/airflow/.local/lib/python3.12/site-packages/airflow/example_dags/example_sensors.py took 0.359 seconds
[2025-01-26T18:07:37.393+0000] {processor.py:186} INFO - Started process (PID=5002) to work on /home/airflow/.local/lib/python3.12/site-packages/airflow/example_dags/example_sensors.py
[2025-01-26T18:07:37.394+0000] {processor.py:914} INFO - Processing file /home/airflow/.local/lib/python3.12/site-packages/airflow/example_dags/example_sensors.py for tasks to queue
[2025-01-26T18:07:37.395+0000] {logging_mixin.py:190} INFO - [2025-01-26T18:07:37.394+0000] {dagbag.py:588} INFO - Filling up the DagBag from /home/airflow/.local/lib/python3.12/site-packages/airflow/example_dags/example_sensors.py
[2025-01-26T18:07:37.406+0000] {processor.py:925} INFO - DAG(s) 'example_sensors' retrieved from /home/airflow/.local/lib/python3.12/site-packages/airflow/example_dags/example_sensors.py
[2025-01-26T18:07:37.432+0000] {logging_mixin.py:190} INFO - [2025-01-26T18:07:37.432+0000] {dag.py:3239} INFO - Sync 1 DAGs
[2025-01-26T18:07:37.450+0000] {logging_mixin.py:190} INFO - [2025-01-26T18:07:37.450+0000] {dag.py:4180} INFO - Setting next_dagrun for example_sensors to None, run_after=None
[2025-01-26T18:07:37.478+0000] {processor.py:208} INFO - Processing /home/airflow/.local/lib/python3.12/site-packages/airflow/example_dags/example_sensors.py took 0.091 seconds
[2025-01-26T18:08:07.597+0000] {processor.py:186} INFO - Started process (PID=5066) to work on /home/airflow/.local/lib/python3.12/site-packages/airflow/example_dags/example_sensors.py
[2025-01-26T18:08:07.598+0000] {processor.py:914} INFO - Processing file /home/airflow/.local/lib/python3.12/site-packages/airflow/example_dags/example_sensors.py for tasks to queue
[2025-01-26T18:08:07.600+0000] {logging_mixin.py:190} INFO - [2025-01-26T18:08:07.600+0000] {dagbag.py:588} INFO - Filling up the DagBag from /home/airflow/.local/lib/python3.12/site-packages/airflow/example_dags/example_sensors.py
[2025-01-26T18:08:07.617+0000] {processor.py:925} INFO - DAG(s) 'example_sensors' retrieved from /home/airflow/.local/lib/python3.12/site-packages/airflow/example_dags/example_sensors.py
[2025-01-26T18:08:07.647+0000] {logging_mixin.py:190} INFO - [2025-01-26T18:08:07.647+0000] {dag.py:3239} INFO - Sync 1 DAGs
[2025-01-26T18:08:07.664+0000] {logging_mixin.py:190} INFO - [2025-01-26T18:08:07.663+0000] {dag.py:4180} INFO - Setting next_dagrun for example_sensors to None, run_after=None
[2025-01-26T18:08:07.689+0000] {processor.py:208} INFO - Processing /home/airflow/.local/lib/python3.12/site-packages/airflow/example_dags/example_sensors.py took 0.101 seconds
[2025-01-26T18:08:38.486+0000] {processor.py:186} INFO - Started process (PID=5131) to work on /home/airflow/.local/lib/python3.12/site-packages/airflow/example_dags/example_sensors.py
[2025-01-26T18:08:38.487+0000] {processor.py:914} INFO - Processing file /home/airflow/.local/lib/python3.12/site-packages/airflow/example_dags/example_sensors.py for tasks to queue
[2025-01-26T18:08:38.488+0000] {logging_mixin.py:190} INFO - [2025-01-26T18:08:38.488+0000] {dagbag.py:588} INFO - Filling up the DagBag from /home/airflow/.local/lib/python3.12/site-packages/airflow/example_dags/example_sensors.py
[2025-01-26T18:08:38.510+0000] {processor.py:925} INFO - DAG(s) 'example_sensors' retrieved from /home/airflow/.local/lib/python3.12/site-packages/airflow/example_dags/example_sensors.py
[2025-01-26T18:08:38.554+0000] {logging_mixin.py:190} INFO - [2025-01-26T18:08:38.553+0000] {dag.py:3239} INFO - Sync 1 DAGs
[2025-01-26T18:08:38.587+0000] {logging_mixin.py:190} INFO - [2025-01-26T18:08:38.586+0000] {dag.py:4180} INFO - Setting next_dagrun for example_sensors to None, run_after=None
[2025-01-26T18:08:38.607+0000] {processor.py:208} INFO - Processing /home/airflow/.local/lib/python3.12/site-packages/airflow/example_dags/example_sensors.py took 0.132 seconds
[2025-01-26T18:09:08.997+0000] {processor.py:186} INFO - Started process (PID=5194) to work on /home/airflow/.local/lib/python3.12/site-packages/airflow/example_dags/example_sensors.py
[2025-01-26T18:09:08.998+0000] {processor.py:914} INFO - Processing file /home/airflow/.local/lib/python3.12/site-packages/airflow/example_dags/example_sensors.py for tasks to queue
[2025-01-26T18:09:08.999+0000] {logging_mixin.py:190} INFO - [2025-01-26T18:09:08.999+0000] {dagbag.py:588} INFO - Filling up the DagBag from /home/airflow/.local/lib/python3.12/site-packages/airflow/example_dags/example_sensors.py
[2025-01-26T18:09:09.014+0000] {processor.py:925} INFO - DAG(s) 'example_sensors' retrieved from /home/airflow/.local/lib/python3.12/site-packages/airflow/example_dags/example_sensors.py
[2025-01-26T18:09:09.042+0000] {logging_mixin.py:190} INFO - [2025-01-26T18:09:09.042+0000] {dag.py:3239} INFO - Sync 1 DAGs
[2025-01-26T18:09:09.057+0000] {logging_mixin.py:190} INFO - [2025-01-26T18:09:09.057+0000] {dag.py:4180} INFO - Setting next_dagrun for example_sensors to None, run_after=None
[2025-01-26T18:09:09.078+0000] {processor.py:208} INFO - Processing /home/airflow/.local/lib/python3.12/site-packages/airflow/example_dags/example_sensors.py took 0.088 seconds
[2025-01-26T18:09:39.425+0000] {processor.py:186} INFO - Started process (PID=5258) to work on /home/airflow/.local/lib/python3.12/site-packages/airflow/example_dags/example_sensors.py
[2025-01-26T18:09:39.426+0000] {processor.py:914} INFO - Processing file /home/airflow/.local/lib/python3.12/site-packages/airflow/example_dags/example_sensors.py for tasks to queue
[2025-01-26T18:09:39.427+0000] {logging_mixin.py:190} INFO - [2025-01-26T18:09:39.427+0000] {dagbag.py:588} INFO - Filling up the DagBag from /home/airflow/.local/lib/python3.12/site-packages/airflow/example_dags/example_sensors.py
[2025-01-26T18:09:39.443+0000] {processor.py:925} INFO - DAG(s) 'example_sensors' retrieved from /home/airflow/.local/lib/python3.12/site-packages/airflow/example_dags/example_sensors.py
[2025-01-26T18:09:39.485+0000] {logging_mixin.py:190} INFO - [2025-01-26T18:09:39.484+0000] {dag.py:3239} INFO - Sync 1 DAGs
[2025-01-26T18:09:39.506+0000] {logging_mixin.py:190} INFO - [2025-01-26T18:09:39.505+0000] {dag.py:4180} INFO - Setting next_dagrun for example_sensors to None, run_after=None
[2025-01-26T18:09:39.545+0000] {processor.py:208} INFO - Processing /home/airflow/.local/lib/python3.12/site-packages/airflow/example_dags/example_sensors.py took 0.128 seconds
[2025-01-26T18:10:10.200+0000] {processor.py:186} INFO - Started process (PID=5322) to work on /home/airflow/.local/lib/python3.12/site-packages/airflow/example_dags/example_sensors.py
[2025-01-26T18:10:10.201+0000] {processor.py:914} INFO - Processing file /home/airflow/.local/lib/python3.12/site-packages/airflow/example_dags/example_sensors.py for tasks to queue
[2025-01-26T18:10:10.203+0000] {logging_mixin.py:190} INFO - [2025-01-26T18:10:10.202+0000] {dagbag.py:588} INFO - Filling up the DagBag from /home/airflow/.local/lib/python3.12/site-packages/airflow/example_dags/example_sensors.py
[2025-01-26T18:10:10.218+0000] {processor.py:925} INFO - DAG(s) 'example_sensors' retrieved from /home/airflow/.local/lib/python3.12/site-packages/airflow/example_dags/example_sensors.py
[2025-01-26T18:10:10.245+0000] {logging_mixin.py:190} INFO - [2025-01-26T18:10:10.245+0000] {dag.py:3239} INFO - Sync 1 DAGs
[2025-01-26T18:10:10.262+0000] {logging_mixin.py:190} INFO - [2025-01-26T18:10:10.261+0000] {dag.py:4180} INFO - Setting next_dagrun for example_sensors to None, run_after=None
[2025-01-26T18:10:10.284+0000] {processor.py:208} INFO - Processing /home/airflow/.local/lib/python3.12/site-packages/airflow/example_dags/example_sensors.py took 0.091 seconds
[2025-01-26T18:10:40.772+0000] {processor.py:186} INFO - Started process (PID=5383) to work on /home/airflow/.local/lib/python3.12/site-packages/airflow/example_dags/example_sensors.py
[2025-01-26T18:10:40.773+0000] {processor.py:914} INFO - Processing file /home/airflow/.local/lib/python3.12/site-packages/airflow/example_dags/example_sensors.py for tasks to queue
[2025-01-26T18:10:40.777+0000] {logging_mixin.py:190} INFO - [2025-01-26T18:10:40.776+0000] {dagbag.py:588} INFO - Filling up the DagBag from /home/airflow/.local/lib/python3.12/site-packages/airflow/example_dags/example_sensors.py
[2025-01-26T18:10:40.795+0000] {processor.py:925} INFO - DAG(s) 'example_sensors' retrieved from /home/airflow/.local/lib/python3.12/site-packages/airflow/example_dags/example_sensors.py
[2025-01-26T18:10:40.849+0000] {logging_mixin.py:190} INFO - [2025-01-26T18:10:40.848+0000] {dag.py:3239} INFO - Sync 1 DAGs
[2025-01-26T18:10:40.887+0000] {logging_mixin.py:190} INFO - [2025-01-26T18:10:40.887+0000] {dag.py:4180} INFO - Setting next_dagrun for example_sensors to None, run_after=None
[2025-01-26T18:10:40.914+0000] {processor.py:208} INFO - Processing /home/airflow/.local/lib/python3.12/site-packages/airflow/example_dags/example_sensors.py took 0.152 seconds
[2025-01-26T18:11:10.965+0000] {processor.py:186} INFO - Started process (PID=5453) to work on /home/airflow/.local/lib/python3.12/site-packages/airflow/example_dags/example_sensors.py
[2025-01-26T18:11:10.966+0000] {processor.py:914} INFO - Processing file /home/airflow/.local/lib/python3.12/site-packages/airflow/example_dags/example_sensors.py for tasks to queue
[2025-01-26T18:11:10.967+0000] {logging_mixin.py:190} INFO - [2025-01-26T18:11:10.967+0000] {dagbag.py:588} INFO - Filling up the DagBag from /home/airflow/.local/lib/python3.12/site-packages/airflow/example_dags/example_sensors.py
[2025-01-26T18:11:10.979+0000] {processor.py:925} INFO - DAG(s) 'example_sensors' retrieved from /home/airflow/.local/lib/python3.12/site-packages/airflow/example_dags/example_sensors.py
[2025-01-26T18:11:11.011+0000] {logging_mixin.py:190} INFO - [2025-01-26T18:11:11.011+0000] {dag.py:3239} INFO - Sync 1 DAGs
[2025-01-26T18:11:11.033+0000] {logging_mixin.py:190} INFO - [2025-01-26T18:11:11.033+0000] {dag.py:4180} INFO - Setting next_dagrun for example_sensors to None, run_after=None
[2025-01-26T18:11:11.059+0000] {processor.py:208} INFO - Processing /home/airflow/.local/lib/python3.12/site-packages/airflow/example_dags/example_sensors.py took 0.100 seconds
[2025-01-26T18:11:41.454+0000] {processor.py:186} INFO - Started process (PID=5518) to work on /home/airflow/.local/lib/python3.12/site-packages/airflow/example_dags/example_sensors.py
[2025-01-26T18:11:41.455+0000] {processor.py:914} INFO - Processing file /home/airflow/.local/lib/python3.12/site-packages/airflow/example_dags/example_sensors.py for tasks to queue
[2025-01-26T18:11:41.457+0000] {logging_mixin.py:190} INFO - [2025-01-26T18:11:41.457+0000] {dagbag.py:588} INFO - Filling up the DagBag from /home/airflow/.local/lib/python3.12/site-packages/airflow/example_dags/example_sensors.py
[2025-01-26T18:11:41.475+0000] {processor.py:925} INFO - DAG(s) 'example_sensors' retrieved from /home/airflow/.local/lib/python3.12/site-packages/airflow/example_dags/example_sensors.py
[2025-01-26T18:11:41.505+0000] {logging_mixin.py:190} INFO - [2025-01-26T18:11:41.505+0000] {dag.py:3239} INFO - Sync 1 DAGs
[2025-01-26T18:11:41.521+0000] {logging_mixin.py:190} INFO - [2025-01-26T18:11:41.521+0000] {dag.py:4180} INFO - Setting next_dagrun for example_sensors to None, run_after=None
[2025-01-26T18:11:41.538+0000] {processor.py:208} INFO - Processing /home/airflow/.local/lib/python3.12/site-packages/airflow/example_dags/example_sensors.py took 0.091 seconds
[2025-01-26T18:12:12.427+0000] {processor.py:186} INFO - Started process (PID=5579) to work on /home/airflow/.local/lib/python3.12/site-packages/airflow/example_dags/example_sensors.py
[2025-01-26T18:12:12.428+0000] {processor.py:914} INFO - Processing file /home/airflow/.local/lib/python3.12/site-packages/airflow/example_dags/example_sensors.py for tasks to queue
[2025-01-26T18:12:12.430+0000] {logging_mixin.py:190} INFO - [2025-01-26T18:12:12.429+0000] {dagbag.py:588} INFO - Filling up the DagBag from /home/airflow/.local/lib/python3.12/site-packages/airflow/example_dags/example_sensors.py
[2025-01-26T18:12:12.456+0000] {processor.py:925} INFO - DAG(s) 'example_sensors' retrieved from /home/airflow/.local/lib/python3.12/site-packages/airflow/example_dags/example_sensors.py
[2025-01-26T18:12:12.494+0000] {logging_mixin.py:190} INFO - [2025-01-26T18:12:12.494+0000] {dag.py:3239} INFO - Sync 1 DAGs
[2025-01-26T18:12:12.513+0000] {logging_mixin.py:190} INFO - [2025-01-26T18:12:12.513+0000] {dag.py:4180} INFO - Setting next_dagrun for example_sensors to None, run_after=None
[2025-01-26T18:12:12.538+0000] {processor.py:208} INFO - Processing /home/airflow/.local/lib/python3.12/site-packages/airflow/example_dags/example_sensors.py took 0.120 seconds
[2025-01-26T18:12:42.850+0000] {processor.py:186} INFO - Started process (PID=5642) to work on /home/airflow/.local/lib/python3.12/site-packages/airflow/example_dags/example_sensors.py
[2025-01-26T18:12:42.852+0000] {processor.py:914} INFO - Processing file /home/airflow/.local/lib/python3.12/site-packages/airflow/example_dags/example_sensors.py for tasks to queue
[2025-01-26T18:12:42.854+0000] {logging_mixin.py:190} INFO - [2025-01-26T18:12:42.853+0000] {dagbag.py:588} INFO - Filling up the DagBag from /home/airflow/.local/lib/python3.12/site-packages/airflow/example_dags/example_sensors.py
[2025-01-26T18:12:42.888+0000] {processor.py:925} INFO - DAG(s) 'example_sensors' retrieved from /home/airflow/.local/lib/python3.12/site-packages/airflow/example_dags/example_sensors.py
[2025-01-26T18:12:42.956+0000] {logging_mixin.py:190} INFO - [2025-01-26T18:12:42.956+0000] {dag.py:3239} INFO - Sync 1 DAGs
[2025-01-26T18:12:43.048+0000] {logging_mixin.py:190} INFO - [2025-01-26T18:12:43.047+0000] {dag.py:4180} INFO - Setting next_dagrun for example_sensors to None, run_after=None
[2025-01-26T18:12:43.132+0000] {processor.py:208} INFO - Processing /home/airflow/.local/lib/python3.12/site-packages/airflow/example_dags/example_sensors.py took 0.298 seconds
[2025-01-26T18:13:14.009+0000] {processor.py:186} INFO - Started process (PID=5707) to work on /home/airflow/.local/lib/python3.12/site-packages/airflow/example_dags/example_sensors.py
[2025-01-26T18:13:14.011+0000] {processor.py:914} INFO - Processing file /home/airflow/.local/lib/python3.12/site-packages/airflow/example_dags/example_sensors.py for tasks to queue
[2025-01-26T18:13:14.014+0000] {logging_mixin.py:190} INFO - [2025-01-26T18:13:14.013+0000] {dagbag.py:588} INFO - Filling up the DagBag from /home/airflow/.local/lib/python3.12/site-packages/airflow/example_dags/example_sensors.py
[2025-01-26T18:13:14.042+0000] {processor.py:925} INFO - DAG(s) 'example_sensors' retrieved from /home/airflow/.local/lib/python3.12/site-packages/airflow/example_dags/example_sensors.py
[2025-01-26T18:13:14.094+0000] {logging_mixin.py:190} INFO - [2025-01-26T18:13:14.093+0000] {dag.py:3239} INFO - Sync 1 DAGs
[2025-01-26T18:13:14.129+0000] {logging_mixin.py:190} INFO - [2025-01-26T18:13:14.128+0000] {dag.py:4180} INFO - Setting next_dagrun for example_sensors to None, run_after=None
[2025-01-26T18:13:14.164+0000] {processor.py:208} INFO - Processing /home/airflow/.local/lib/python3.12/site-packages/airflow/example_dags/example_sensors.py took 0.170 seconds
[2025-01-26T18:13:44.572+0000] {processor.py:186} INFO - Started process (PID=5771) to work on /home/airflow/.local/lib/python3.12/site-packages/airflow/example_dags/example_sensors.py
[2025-01-26T18:13:44.576+0000] {processor.py:914} INFO - Processing file /home/airflow/.local/lib/python3.12/site-packages/airflow/example_dags/example_sensors.py for tasks to queue
[2025-01-26T18:13:44.584+0000] {logging_mixin.py:190} INFO - [2025-01-26T18:13:44.584+0000] {dagbag.py:588} INFO - Filling up the DagBag from /home/airflow/.local/lib/python3.12/site-packages/airflow/example_dags/example_sensors.py
[2025-01-26T18:13:44.617+0000] {processor.py:925} INFO - DAG(s) 'example_sensors' retrieved from /home/airflow/.local/lib/python3.12/site-packages/airflow/example_dags/example_sensors.py
[2025-01-26T18:13:44.679+0000] {logging_mixin.py:190} INFO - [2025-01-26T18:13:44.678+0000] {dag.py:3239} INFO - Sync 1 DAGs
[2025-01-26T18:13:44.704+0000] {logging_mixin.py:190} INFO - [2025-01-26T18:13:44.704+0000] {dag.py:4180} INFO - Setting next_dagrun for example_sensors to None, run_after=None
[2025-01-26T18:13:44.744+0000] {processor.py:208} INFO - Processing /home/airflow/.local/lib/python3.12/site-packages/airflow/example_dags/example_sensors.py took 0.179 seconds
[2025-01-26T18:14:14.919+0000] {processor.py:186} INFO - Started process (PID=5835) to work on /home/airflow/.local/lib/python3.12/site-packages/airflow/example_dags/example_sensors.py
[2025-01-26T18:14:14.920+0000] {processor.py:914} INFO - Processing file /home/airflow/.local/lib/python3.12/site-packages/airflow/example_dags/example_sensors.py for tasks to queue
[2025-01-26T18:14:14.921+0000] {logging_mixin.py:190} INFO - [2025-01-26T18:14:14.921+0000] {dagbag.py:588} INFO - Filling up the DagBag from /home/airflow/.local/lib/python3.12/site-packages/airflow/example_dags/example_sensors.py
[2025-01-26T18:14:14.937+0000] {processor.py:925} INFO - DAG(s) 'example_sensors' retrieved from /home/airflow/.local/lib/python3.12/site-packages/airflow/example_dags/example_sensors.py
[2025-01-26T18:14:14.966+0000] {logging_mixin.py:190} INFO - [2025-01-26T18:14:14.965+0000] {dag.py:3239} INFO - Sync 1 DAGs
[2025-01-26T18:14:14.983+0000] {logging_mixin.py:190} INFO - [2025-01-26T18:14:14.983+0000] {dag.py:4180} INFO - Setting next_dagrun for example_sensors to None, run_after=None
[2025-01-26T18:14:15.003+0000] {processor.py:208} INFO - Processing /home/airflow/.local/lib/python3.12/site-packages/airflow/example_dags/example_sensors.py took 0.091 seconds
[2025-01-26T18:14:45.342+0000] {processor.py:186} INFO - Started process (PID=5900) to work on /home/airflow/.local/lib/python3.12/site-packages/airflow/example_dags/example_sensors.py
[2025-01-26T18:14:45.343+0000] {processor.py:914} INFO - Processing file /home/airflow/.local/lib/python3.12/site-packages/airflow/example_dags/example_sensors.py for tasks to queue
[2025-01-26T18:14:45.345+0000] {logging_mixin.py:190} INFO - [2025-01-26T18:14:45.344+0000] {dagbag.py:588} INFO - Filling up the DagBag from /home/airflow/.local/lib/python3.12/site-packages/airflow/example_dags/example_sensors.py
[2025-01-26T18:14:45.358+0000] {processor.py:925} INFO - DAG(s) 'example_sensors' retrieved from /home/airflow/.local/lib/python3.12/site-packages/airflow/example_dags/example_sensors.py
[2025-01-26T18:14:45.385+0000] {logging_mixin.py:190} INFO - [2025-01-26T18:14:45.385+0000] {dag.py:3239} INFO - Sync 1 DAGs
[2025-01-26T18:14:45.400+0000] {logging_mixin.py:190} INFO - [2025-01-26T18:14:45.400+0000] {dag.py:4180} INFO - Setting next_dagrun for example_sensors to None, run_after=None
[2025-01-26T18:14:45.421+0000] {processor.py:208} INFO - Processing /home/airflow/.local/lib/python3.12/site-packages/airflow/example_dags/example_sensors.py took 0.084 seconds
[2025-01-26T18:15:16.353+0000] {processor.py:186} INFO - Started process (PID=5964) to work on /home/airflow/.local/lib/python3.12/site-packages/airflow/example_dags/example_sensors.py
[2025-01-26T18:15:16.355+0000] {processor.py:914} INFO - Processing file /home/airflow/.local/lib/python3.12/site-packages/airflow/example_dags/example_sensors.py for tasks to queue
[2025-01-26T18:15:16.356+0000] {logging_mixin.py:190} INFO - [2025-01-26T18:15:16.356+0000] {dagbag.py:588} INFO - Filling up the DagBag from /home/airflow/.local/lib/python3.12/site-packages/airflow/example_dags/example_sensors.py
[2025-01-26T18:15:16.371+0000] {processor.py:925} INFO - DAG(s) 'example_sensors' retrieved from /home/airflow/.local/lib/python3.12/site-packages/airflow/example_dags/example_sensors.py
[2025-01-26T18:15:16.400+0000] {logging_mixin.py:190} INFO - [2025-01-26T18:15:16.400+0000] {dag.py:3239} INFO - Sync 1 DAGs
[2025-01-26T18:15:16.417+0000] {logging_mixin.py:190} INFO - [2025-01-26T18:15:16.417+0000] {dag.py:4180} INFO - Setting next_dagrun for example_sensors to None, run_after=None
[2025-01-26T18:15:16.440+0000] {processor.py:208} INFO - Processing /home/airflow/.local/lib/python3.12/site-packages/airflow/example_dags/example_sensors.py took 0.095 seconds
[2025-01-26T18:15:46.934+0000] {processor.py:186} INFO - Started process (PID=6028) to work on /home/airflow/.local/lib/python3.12/site-packages/airflow/example_dags/example_sensors.py
[2025-01-26T18:15:46.935+0000] {processor.py:914} INFO - Processing file /home/airflow/.local/lib/python3.12/site-packages/airflow/example_dags/example_sensors.py for tasks to queue
[2025-01-26T18:15:46.939+0000] {logging_mixin.py:190} INFO - [2025-01-26T18:15:46.936+0000] {dagbag.py:588} INFO - Filling up the DagBag from /home/airflow/.local/lib/python3.12/site-packages/airflow/example_dags/example_sensors.py
[2025-01-26T18:15:46.951+0000] {processor.py:925} INFO - DAG(s) 'example_sensors' retrieved from /home/airflow/.local/lib/python3.12/site-packages/airflow/example_dags/example_sensors.py
[2025-01-26T18:15:46.983+0000] {logging_mixin.py:190} INFO - [2025-01-26T18:15:46.983+0000] {dag.py:3239} INFO - Sync 1 DAGs
[2025-01-26T18:15:47.002+0000] {logging_mixin.py:190} INFO - [2025-01-26T18:15:47.002+0000] {dag.py:4180} INFO - Setting next_dagrun for example_sensors to None, run_after=None
[2025-01-26T18:15:47.026+0000] {processor.py:208} INFO - Processing /home/airflow/.local/lib/python3.12/site-packages/airflow/example_dags/example_sensors.py took 0.098 seconds
[2025-01-26T18:16:17.400+0000] {processor.py:186} INFO - Started process (PID=6093) to work on /home/airflow/.local/lib/python3.12/site-packages/airflow/example_dags/example_sensors.py
[2025-01-26T18:16:17.401+0000] {processor.py:914} INFO - Processing file /home/airflow/.local/lib/python3.12/site-packages/airflow/example_dags/example_sensors.py for tasks to queue
[2025-01-26T18:16:17.402+0000] {logging_mixin.py:190} INFO - [2025-01-26T18:16:17.402+0000] {dagbag.py:588} INFO - Filling up the DagBag from /home/airflow/.local/lib/python3.12/site-packages/airflow/example_dags/example_sensors.py
[2025-01-26T18:16:17.416+0000] {processor.py:925} INFO - DAG(s) 'example_sensors' retrieved from /home/airflow/.local/lib/python3.12/site-packages/airflow/example_dags/example_sensors.py
[2025-01-26T18:16:17.442+0000] {logging_mixin.py:190} INFO - [2025-01-26T18:16:17.442+0000] {dag.py:3239} INFO - Sync 1 DAGs
[2025-01-26T18:16:17.457+0000] {logging_mixin.py:190} INFO - [2025-01-26T18:16:17.457+0000] {dag.py:4180} INFO - Setting next_dagrun for example_sensors to None, run_after=None
[2025-01-26T18:16:17.477+0000] {processor.py:208} INFO - Processing /home/airflow/.local/lib/python3.12/site-packages/airflow/example_dags/example_sensors.py took 0.084 seconds
[2025-01-26T18:16:48.361+0000] {processor.py:186} INFO - Started process (PID=6157) to work on /home/airflow/.local/lib/python3.12/site-packages/airflow/example_dags/example_sensors.py
[2025-01-26T18:16:48.362+0000] {processor.py:914} INFO - Processing file /home/airflow/.local/lib/python3.12/site-packages/airflow/example_dags/example_sensors.py for tasks to queue
[2025-01-26T18:16:48.364+0000] {logging_mixin.py:190} INFO - [2025-01-26T18:16:48.363+0000] {dagbag.py:588} INFO - Filling up the DagBag from /home/airflow/.local/lib/python3.12/site-packages/airflow/example_dags/example_sensors.py
[2025-01-26T18:16:48.375+0000] {processor.py:925} INFO - DAG(s) 'example_sensors' retrieved from /home/airflow/.local/lib/python3.12/site-packages/airflow/example_dags/example_sensors.py
[2025-01-26T18:16:48.398+0000] {logging_mixin.py:190} INFO - [2025-01-26T18:16:48.398+0000] {dag.py:3239} INFO - Sync 1 DAGs
[2025-01-26T18:16:48.411+0000] {logging_mixin.py:190} INFO - [2025-01-26T18:16:48.411+0000] {dag.py:4180} INFO - Setting next_dagrun for example_sensors to None, run_after=None
[2025-01-26T18:16:48.447+0000] {processor.py:208} INFO - Processing /home/airflow/.local/lib/python3.12/site-packages/airflow/example_dags/example_sensors.py took 0.091 seconds
[2025-01-26T18:17:18.723+0000] {processor.py:186} INFO - Started process (PID=6221) to work on /home/airflow/.local/lib/python3.12/site-packages/airflow/example_dags/example_sensors.py
[2025-01-26T18:17:18.725+0000] {processor.py:914} INFO - Processing file /home/airflow/.local/lib/python3.12/site-packages/airflow/example_dags/example_sensors.py for tasks to queue
[2025-01-26T18:17:18.726+0000] {logging_mixin.py:190} INFO - [2025-01-26T18:17:18.726+0000] {dagbag.py:588} INFO - Filling up the DagBag from /home/airflow/.local/lib/python3.12/site-packages/airflow/example_dags/example_sensors.py
[2025-01-26T18:17:18.739+0000] {processor.py:925} INFO - DAG(s) 'example_sensors' retrieved from /home/airflow/.local/lib/python3.12/site-packages/airflow/example_dags/example_sensors.py
[2025-01-26T18:17:18.767+0000] {logging_mixin.py:190} INFO - [2025-01-26T18:17:18.767+0000] {dag.py:3239} INFO - Sync 1 DAGs
[2025-01-26T18:17:18.782+0000] {logging_mixin.py:190} INFO - [2025-01-26T18:17:18.782+0000] {dag.py:4180} INFO - Setting next_dagrun for example_sensors to None, run_after=None
[2025-01-26T18:17:18.805+0000] {processor.py:208} INFO - Processing /home/airflow/.local/lib/python3.12/site-packages/airflow/example_dags/example_sensors.py took 0.089 seconds
[2025-01-26T18:17:49.266+0000] {processor.py:186} INFO - Started process (PID=6285) to work on /home/airflow/.local/lib/python3.12/site-packages/airflow/example_dags/example_sensors.py
[2025-01-26T18:17:49.267+0000] {processor.py:914} INFO - Processing file /home/airflow/.local/lib/python3.12/site-packages/airflow/example_dags/example_sensors.py for tasks to queue
[2025-01-26T18:17:49.270+0000] {logging_mixin.py:190} INFO - [2025-01-26T18:17:49.269+0000] {dagbag.py:588} INFO - Filling up the DagBag from /home/airflow/.local/lib/python3.12/site-packages/airflow/example_dags/example_sensors.py
[2025-01-26T18:17:49.293+0000] {processor.py:925} INFO - DAG(s) 'example_sensors' retrieved from /home/airflow/.local/lib/python3.12/site-packages/airflow/example_dags/example_sensors.py
[2025-01-26T18:17:49.335+0000] {logging_mixin.py:190} INFO - [2025-01-26T18:17:49.334+0000] {dag.py:3239} INFO - Sync 1 DAGs
[2025-01-26T18:17:49.359+0000] {logging_mixin.py:190} INFO - [2025-01-26T18:17:49.359+0000] {dag.py:4180} INFO - Setting next_dagrun for example_sensors to None, run_after=None
[2025-01-26T18:17:49.391+0000] {processor.py:208} INFO - Processing /home/airflow/.local/lib/python3.12/site-packages/airflow/example_dags/example_sensors.py took 0.137 seconds
[2025-01-26T18:18:20.429+0000] {processor.py:186} INFO - Started process (PID=6349) to work on /home/airflow/.local/lib/python3.12/site-packages/airflow/example_dags/example_sensors.py
[2025-01-26T18:18:20.430+0000] {processor.py:914} INFO - Processing file /home/airflow/.local/lib/python3.12/site-packages/airflow/example_dags/example_sensors.py for tasks to queue
[2025-01-26T18:18:20.431+0000] {logging_mixin.py:190} INFO - [2025-01-26T18:18:20.431+0000] {dagbag.py:588} INFO - Filling up the DagBag from /home/airflow/.local/lib/python3.12/site-packages/airflow/example_dags/example_sensors.py
[2025-01-26T18:18:20.452+0000] {processor.py:925} INFO - DAG(s) 'example_sensors' retrieved from /home/airflow/.local/lib/python3.12/site-packages/airflow/example_dags/example_sensors.py
[2025-01-26T18:18:20.488+0000] {logging_mixin.py:190} INFO - [2025-01-26T18:18:20.488+0000] {dag.py:3239} INFO - Sync 1 DAGs
[2025-01-26T18:18:20.508+0000] {logging_mixin.py:190} INFO - [2025-01-26T18:18:20.508+0000] {dag.py:4180} INFO - Setting next_dagrun for example_sensors to None, run_after=None
[2025-01-26T18:18:20.534+0000] {processor.py:208} INFO - Processing /home/airflow/.local/lib/python3.12/site-packages/airflow/example_dags/example_sensors.py took 0.127 seconds
[2025-01-26T18:18:50.606+0000] {processor.py:186} INFO - Started process (PID=6412) to work on /home/airflow/.local/lib/python3.12/site-packages/airflow/example_dags/example_sensors.py
[2025-01-26T18:18:50.607+0000] {processor.py:914} INFO - Processing file /home/airflow/.local/lib/python3.12/site-packages/airflow/example_dags/example_sensors.py for tasks to queue
[2025-01-26T18:18:50.609+0000] {logging_mixin.py:190} INFO - [2025-01-26T18:18:50.609+0000] {dagbag.py:588} INFO - Filling up the DagBag from /home/airflow/.local/lib/python3.12/site-packages/airflow/example_dags/example_sensors.py
[2025-01-26T18:18:50.632+0000] {processor.py:925} INFO - DAG(s) 'example_sensors' retrieved from /home/airflow/.local/lib/python3.12/site-packages/airflow/example_dags/example_sensors.py
[2025-01-26T18:18:50.667+0000] {logging_mixin.py:190} INFO - [2025-01-26T18:18:50.666+0000] {dag.py:3239} INFO - Sync 1 DAGs
[2025-01-26T18:18:50.697+0000] {logging_mixin.py:190} INFO - [2025-01-26T18:18:50.697+0000] {dag.py:4180} INFO - Setting next_dagrun for example_sensors to None, run_after=None
[2025-01-26T18:18:50.728+0000] {processor.py:208} INFO - Processing /home/airflow/.local/lib/python3.12/site-packages/airflow/example_dags/example_sensors.py took 0.129 seconds
[2025-01-26T18:19:20.830+0000] {processor.py:186} INFO - Started process (PID=6476) to work on /home/airflow/.local/lib/python3.12/site-packages/airflow/example_dags/example_sensors.py
[2025-01-26T18:19:20.832+0000] {processor.py:914} INFO - Processing file /home/airflow/.local/lib/python3.12/site-packages/airflow/example_dags/example_sensors.py for tasks to queue
[2025-01-26T18:19:20.834+0000] {logging_mixin.py:190} INFO - [2025-01-26T18:19:20.833+0000] {dagbag.py:588} INFO - Filling up the DagBag from /home/airflow/.local/lib/python3.12/site-packages/airflow/example_dags/example_sensors.py
[2025-01-26T18:19:20.848+0000] {processor.py:925} INFO - DAG(s) 'example_sensors' retrieved from /home/airflow/.local/lib/python3.12/site-packages/airflow/example_dags/example_sensors.py
[2025-01-26T18:19:20.874+0000] {logging_mixin.py:190} INFO - [2025-01-26T18:19:20.874+0000] {dag.py:3239} INFO - Sync 1 DAGs
[2025-01-26T18:19:20.892+0000] {logging_mixin.py:190} INFO - [2025-01-26T18:19:20.891+0000] {dag.py:4180} INFO - Setting next_dagrun for example_sensors to None, run_after=None
[2025-01-26T18:19:20.927+0000] {processor.py:208} INFO - Processing /home/airflow/.local/lib/python3.12/site-packages/airflow/example_dags/example_sensors.py took 0.104 seconds
[2025-01-26T18:19:51.098+0000] {processor.py:186} INFO - Started process (PID=6540) to work on /home/airflow/.local/lib/python3.12/site-packages/airflow/example_dags/example_sensors.py
[2025-01-26T18:19:51.099+0000] {processor.py:914} INFO - Processing file /home/airflow/.local/lib/python3.12/site-packages/airflow/example_dags/example_sensors.py for tasks to queue
[2025-01-26T18:19:51.100+0000] {logging_mixin.py:190} INFO - [2025-01-26T18:19:51.100+0000] {dagbag.py:588} INFO - Filling up the DagBag from /home/airflow/.local/lib/python3.12/site-packages/airflow/example_dags/example_sensors.py
[2025-01-26T18:19:51.112+0000] {processor.py:925} INFO - DAG(s) 'example_sensors' retrieved from /home/airflow/.local/lib/python3.12/site-packages/airflow/example_dags/example_sensors.py
[2025-01-26T18:19:51.136+0000] {logging_mixin.py:190} INFO - [2025-01-26T18:19:51.136+0000] {dag.py:3239} INFO - Sync 1 DAGs
[2025-01-26T18:19:51.151+0000] {logging_mixin.py:190} INFO - [2025-01-26T18:19:51.151+0000] {dag.py:4180} INFO - Setting next_dagrun for example_sensors to None, run_after=None
[2025-01-26T18:19:51.176+0000] {processor.py:208} INFO - Processing /home/airflow/.local/lib/python3.12/site-packages/airflow/example_dags/example_sensors.py took 0.084 seconds
[2025-01-26T18:20:21.412+0000] {processor.py:186} INFO - Started process (PID=6605) to work on /home/airflow/.local/lib/python3.12/site-packages/airflow/example_dags/example_sensors.py
[2025-01-26T18:20:21.413+0000] {processor.py:914} INFO - Processing file /home/airflow/.local/lib/python3.12/site-packages/airflow/example_dags/example_sensors.py for tasks to queue
[2025-01-26T18:20:21.414+0000] {logging_mixin.py:190} INFO - [2025-01-26T18:20:21.414+0000] {dagbag.py:588} INFO - Filling up the DagBag from /home/airflow/.local/lib/python3.12/site-packages/airflow/example_dags/example_sensors.py
[2025-01-26T18:20:21.426+0000] {processor.py:925} INFO - DAG(s) 'example_sensors' retrieved from /home/airflow/.local/lib/python3.12/site-packages/airflow/example_dags/example_sensors.py
[2025-01-26T18:20:21.450+0000] {logging_mixin.py:190} INFO - [2025-01-26T18:20:21.450+0000] {dag.py:3239} INFO - Sync 1 DAGs
[2025-01-26T18:20:21.469+0000] {logging_mixin.py:190} INFO - [2025-01-26T18:20:21.469+0000] {dag.py:4180} INFO - Setting next_dagrun for example_sensors to None, run_after=None
[2025-01-26T18:20:21.512+0000] {processor.py:208} INFO - Processing /home/airflow/.local/lib/python3.12/site-packages/airflow/example_dags/example_sensors.py took 0.106 seconds
[2025-01-26T18:20:51.845+0000] {processor.py:186} INFO - Started process (PID=6669) to work on /home/airflow/.local/lib/python3.12/site-packages/airflow/example_dags/example_sensors.py
[2025-01-26T18:20:51.846+0000] {processor.py:914} INFO - Processing file /home/airflow/.local/lib/python3.12/site-packages/airflow/example_dags/example_sensors.py for tasks to queue
[2025-01-26T18:20:51.847+0000] {logging_mixin.py:190} INFO - [2025-01-26T18:20:51.847+0000] {dagbag.py:588} INFO - Filling up the DagBag from /home/airflow/.local/lib/python3.12/site-packages/airflow/example_dags/example_sensors.py
[2025-01-26T18:20:51.859+0000] {processor.py:925} INFO - DAG(s) 'example_sensors' retrieved from /home/airflow/.local/lib/python3.12/site-packages/airflow/example_dags/example_sensors.py
[2025-01-26T18:20:51.885+0000] {logging_mixin.py:190} INFO - [2025-01-26T18:20:51.885+0000] {dag.py:3239} INFO - Sync 1 DAGs
[2025-01-26T18:20:51.899+0000] {logging_mixin.py:190} INFO - [2025-01-26T18:20:51.899+0000] {dag.py:4180} INFO - Setting next_dagrun for example_sensors to None, run_after=None
[2025-01-26T18:20:51.917+0000] {processor.py:208} INFO - Processing /home/airflow/.local/lib/python3.12/site-packages/airflow/example_dags/example_sensors.py took 0.081 seconds
[2025-01-26T18:21:22.152+0000] {processor.py:186} INFO - Started process (PID=6734) to work on /home/airflow/.local/lib/python3.12/site-packages/airflow/example_dags/example_sensors.py
[2025-01-26T18:21:22.153+0000] {processor.py:914} INFO - Processing file /home/airflow/.local/lib/python3.12/site-packages/airflow/example_dags/example_sensors.py for tasks to queue
[2025-01-26T18:21:22.154+0000] {logging_mixin.py:190} INFO - [2025-01-26T18:21:22.154+0000] {dagbag.py:588} INFO - Filling up the DagBag from /home/airflow/.local/lib/python3.12/site-packages/airflow/example_dags/example_sensors.py
[2025-01-26T18:21:22.169+0000] {processor.py:925} INFO - DAG(s) 'example_sensors' retrieved from /home/airflow/.local/lib/python3.12/site-packages/airflow/example_dags/example_sensors.py
[2025-01-26T18:21:22.199+0000] {logging_mixin.py:190} INFO - [2025-01-26T18:21:22.198+0000] {dag.py:3239} INFO - Sync 1 DAGs
[2025-01-26T18:21:22.213+0000] {logging_mixin.py:190} INFO - [2025-01-26T18:21:22.213+0000] {dag.py:4180} INFO - Setting next_dagrun for example_sensors to None, run_after=None
[2025-01-26T18:21:22.232+0000] {processor.py:208} INFO - Processing /home/airflow/.local/lib/python3.12/site-packages/airflow/example_dags/example_sensors.py took 0.086 seconds
[2025-01-26T18:21:52.885+0000] {processor.py:186} INFO - Started process (PID=6798) to work on /home/airflow/.local/lib/python3.12/site-packages/airflow/example_dags/example_sensors.py
[2025-01-26T18:21:52.887+0000] {processor.py:914} INFO - Processing file /home/airflow/.local/lib/python3.12/site-packages/airflow/example_dags/example_sensors.py for tasks to queue
[2025-01-26T18:21:52.889+0000] {logging_mixin.py:190} INFO - [2025-01-26T18:21:52.888+0000] {dagbag.py:588} INFO - Filling up the DagBag from /home/airflow/.local/lib/python3.12/site-packages/airflow/example_dags/example_sensors.py
[2025-01-26T18:21:52.906+0000] {processor.py:925} INFO - DAG(s) 'example_sensors' retrieved from /home/airflow/.local/lib/python3.12/site-packages/airflow/example_dags/example_sensors.py
[2025-01-26T18:21:52.947+0000] {logging_mixin.py:190} INFO - [2025-01-26T18:21:52.947+0000] {dag.py:3239} INFO - Sync 1 DAGs
[2025-01-26T18:21:52.969+0000] {logging_mixin.py:190} INFO - [2025-01-26T18:21:52.968+0000] {dag.py:4180} INFO - Setting next_dagrun for example_sensors to None, run_after=None
[2025-01-26T18:21:52.992+0000] {processor.py:208} INFO - Processing /home/airflow/.local/lib/python3.12/site-packages/airflow/example_dags/example_sensors.py took 0.116 seconds
[2025-01-26T18:22:23.788+0000] {processor.py:186} INFO - Started process (PID=6862) to work on /home/airflow/.local/lib/python3.12/site-packages/airflow/example_dags/example_sensors.py
[2025-01-26T18:22:23.789+0000] {processor.py:914} INFO - Processing file /home/airflow/.local/lib/python3.12/site-packages/airflow/example_dags/example_sensors.py for tasks to queue
[2025-01-26T18:22:23.790+0000] {logging_mixin.py:190} INFO - [2025-01-26T18:22:23.790+0000] {dagbag.py:588} INFO - Filling up the DagBag from /home/airflow/.local/lib/python3.12/site-packages/airflow/example_dags/example_sensors.py
[2025-01-26T18:22:23.803+0000] {processor.py:925} INFO - DAG(s) 'example_sensors' retrieved from /home/airflow/.local/lib/python3.12/site-packages/airflow/example_dags/example_sensors.py
[2025-01-26T18:22:23.830+0000] {logging_mixin.py:190} INFO - [2025-01-26T18:22:23.830+0000] {dag.py:3239} INFO - Sync 1 DAGs
[2025-01-26T18:22:23.849+0000] {logging_mixin.py:190} INFO - [2025-01-26T18:22:23.848+0000] {dag.py:4180} INFO - Setting next_dagrun for example_sensors to None, run_after=None
[2025-01-26T18:22:23.876+0000] {processor.py:208} INFO - Processing /home/airflow/.local/lib/python3.12/site-packages/airflow/example_dags/example_sensors.py took 0.096 seconds
[2025-01-26T18:22:54.236+0000] {processor.py:186} INFO - Started process (PID=6926) to work on /home/airflow/.local/lib/python3.12/site-packages/airflow/example_dags/example_sensors.py
[2025-01-26T18:22:54.239+0000] {processor.py:914} INFO - Processing file /home/airflow/.local/lib/python3.12/site-packages/airflow/example_dags/example_sensors.py for tasks to queue
[2025-01-26T18:22:54.241+0000] {logging_mixin.py:190} INFO - [2025-01-26T18:22:54.240+0000] {dagbag.py:588} INFO - Filling up the DagBag from /home/airflow/.local/lib/python3.12/site-packages/airflow/example_dags/example_sensors.py
[2025-01-26T18:22:54.263+0000] {processor.py:925} INFO - DAG(s) 'example_sensors' retrieved from /home/airflow/.local/lib/python3.12/site-packages/airflow/example_dags/example_sensors.py
[2025-01-26T18:22:54.304+0000] {logging_mixin.py:190} INFO - [2025-01-26T18:22:54.304+0000] {dag.py:3239} INFO - Sync 1 DAGs
[2025-01-26T18:22:54.327+0000] {logging_mixin.py:190} INFO - [2025-01-26T18:22:54.327+0000] {dag.py:4180} INFO - Setting next_dagrun for example_sensors to None, run_after=None
[2025-01-26T18:22:54.371+0000] {processor.py:208} INFO - Processing /home/airflow/.local/lib/python3.12/site-packages/airflow/example_dags/example_sensors.py took 0.142 seconds
[2025-01-26T18:23:25.144+0000] {processor.py:186} INFO - Started process (PID=6990) to work on /home/airflow/.local/lib/python3.12/site-packages/airflow/example_dags/example_sensors.py
[2025-01-26T18:23:25.145+0000] {processor.py:914} INFO - Processing file /home/airflow/.local/lib/python3.12/site-packages/airflow/example_dags/example_sensors.py for tasks to queue
[2025-01-26T18:23:25.146+0000] {logging_mixin.py:190} INFO - [2025-01-26T18:23:25.146+0000] {dagbag.py:588} INFO - Filling up the DagBag from /home/airflow/.local/lib/python3.12/site-packages/airflow/example_dags/example_sensors.py
[2025-01-26T18:23:25.159+0000] {processor.py:925} INFO - DAG(s) 'example_sensors' retrieved from /home/airflow/.local/lib/python3.12/site-packages/airflow/example_dags/example_sensors.py
[2025-01-26T18:23:25.183+0000] {logging_mixin.py:190} INFO - [2025-01-26T18:23:25.183+0000] {dag.py:3239} INFO - Sync 1 DAGs
[2025-01-26T18:23:25.199+0000] {logging_mixin.py:190} INFO - [2025-01-26T18:23:25.199+0000] {dag.py:4180} INFO - Setting next_dagrun for example_sensors to None, run_after=None
[2025-01-26T18:23:25.218+0000] {processor.py:208} INFO - Processing /home/airflow/.local/lib/python3.12/site-packages/airflow/example_dags/example_sensors.py took 0.079 seconds
[2025-01-26T18:23:55.733+0000] {processor.py:186} INFO - Started process (PID=7053) to work on /home/airflow/.local/lib/python3.12/site-packages/airflow/example_dags/example_sensors.py
[2025-01-26T18:23:55.734+0000] {processor.py:914} INFO - Processing file /home/airflow/.local/lib/python3.12/site-packages/airflow/example_dags/example_sensors.py for tasks to queue
[2025-01-26T18:23:55.735+0000] {logging_mixin.py:190} INFO - [2025-01-26T18:23:55.735+0000] {dagbag.py:588} INFO - Filling up the DagBag from /home/airflow/.local/lib/python3.12/site-packages/airflow/example_dags/example_sensors.py
[2025-01-26T18:23:55.751+0000] {processor.py:925} INFO - DAG(s) 'example_sensors' retrieved from /home/airflow/.local/lib/python3.12/site-packages/airflow/example_dags/example_sensors.py
[2025-01-26T18:23:55.791+0000] {logging_mixin.py:190} INFO - [2025-01-26T18:23:55.791+0000] {dag.py:3239} INFO - Sync 1 DAGs
[2025-01-26T18:23:55.808+0000] {logging_mixin.py:190} INFO - [2025-01-26T18:23:55.808+0000] {dag.py:4180} INFO - Setting next_dagrun for example_sensors to None, run_after=None
[2025-01-26T18:23:55.843+0000] {processor.py:208} INFO - Processing /home/airflow/.local/lib/python3.12/site-packages/airflow/example_dags/example_sensors.py took 0.118 seconds
[2025-01-26T18:24:26.147+0000] {processor.py:186} INFO - Started process (PID=7118) to work on /home/airflow/.local/lib/python3.12/site-packages/airflow/example_dags/example_sensors.py
[2025-01-26T18:24:26.149+0000] {processor.py:914} INFO - Processing file /home/airflow/.local/lib/python3.12/site-packages/airflow/example_dags/example_sensors.py for tasks to queue
[2025-01-26T18:24:26.151+0000] {logging_mixin.py:190} INFO - [2025-01-26T18:24:26.151+0000] {dagbag.py:588} INFO - Filling up the DagBag from /home/airflow/.local/lib/python3.12/site-packages/airflow/example_dags/example_sensors.py
[2025-01-26T18:24:26.165+0000] {processor.py:925} INFO - DAG(s) 'example_sensors' retrieved from /home/airflow/.local/lib/python3.12/site-packages/airflow/example_dags/example_sensors.py
[2025-01-26T18:24:26.194+0000] {logging_mixin.py:190} INFO - [2025-01-26T18:24:26.193+0000] {dag.py:3239} INFO - Sync 1 DAGs
[2025-01-26T18:24:26.214+0000] {logging_mixin.py:190} INFO - [2025-01-26T18:24:26.214+0000] {dag.py:4180} INFO - Setting next_dagrun for example_sensors to None, run_after=None
[2025-01-26T18:24:26.237+0000] {processor.py:208} INFO - Processing /home/airflow/.local/lib/python3.12/site-packages/airflow/example_dags/example_sensors.py took 0.098 seconds
[2025-01-26T18:24:56.670+0000] {processor.py:186} INFO - Started process (PID=7177) to work on /home/airflow/.local/lib/python3.12/site-packages/airflow/example_dags/example_sensors.py
[2025-01-26T18:24:56.671+0000] {processor.py:914} INFO - Processing file /home/airflow/.local/lib/python3.12/site-packages/airflow/example_dags/example_sensors.py for tasks to queue
[2025-01-26T18:24:56.672+0000] {logging_mixin.py:190} INFO - [2025-01-26T18:24:56.672+0000] {dagbag.py:588} INFO - Filling up the DagBag from /home/airflow/.local/lib/python3.12/site-packages/airflow/example_dags/example_sensors.py
[2025-01-26T18:24:56.686+0000] {processor.py:925} INFO - DAG(s) 'example_sensors' retrieved from /home/airflow/.local/lib/python3.12/site-packages/airflow/example_dags/example_sensors.py
[2025-01-26T18:24:56.716+0000] {logging_mixin.py:190} INFO - [2025-01-26T18:24:56.715+0000] {dag.py:3239} INFO - Sync 1 DAGs
[2025-01-26T18:24:56.732+0000] {logging_mixin.py:190} INFO - [2025-01-26T18:24:56.731+0000] {dag.py:4180} INFO - Setting next_dagrun for example_sensors to None, run_after=None
[2025-01-26T18:24:56.752+0000] {processor.py:208} INFO - Processing /home/airflow/.local/lib/python3.12/site-packages/airflow/example_dags/example_sensors.py took 0.089 seconds
[2025-01-26T18:25:27.361+0000] {processor.py:186} INFO - Started process (PID=7241) to work on /home/airflow/.local/lib/python3.12/site-packages/airflow/example_dags/example_sensors.py
[2025-01-26T18:25:27.363+0000] {processor.py:914} INFO - Processing file /home/airflow/.local/lib/python3.12/site-packages/airflow/example_dags/example_sensors.py for tasks to queue
[2025-01-26T18:25:27.365+0000] {logging_mixin.py:190} INFO - [2025-01-26T18:25:27.364+0000] {dagbag.py:588} INFO - Filling up the DagBag from /home/airflow/.local/lib/python3.12/site-packages/airflow/example_dags/example_sensors.py
[2025-01-26T18:25:27.380+0000] {processor.py:925} INFO - DAG(s) 'example_sensors' retrieved from /home/airflow/.local/lib/python3.12/site-packages/airflow/example_dags/example_sensors.py
[2025-01-26T18:25:27.409+0000] {logging_mixin.py:190} INFO - [2025-01-26T18:25:27.409+0000] {dag.py:3239} INFO - Sync 1 DAGs
[2025-01-26T18:25:27.425+0000] {logging_mixin.py:190} INFO - [2025-01-26T18:25:27.425+0000] {dag.py:4180} INFO - Setting next_dagrun for example_sensors to None, run_after=None
[2025-01-26T18:25:27.446+0000] {processor.py:208} INFO - Processing /home/airflow/.local/lib/python3.12/site-packages/airflow/example_dags/example_sensors.py took 0.091 seconds
[2025-01-26T18:25:57.675+0000] {processor.py:186} INFO - Started process (PID=7305) to work on /home/airflow/.local/lib/python3.12/site-packages/airflow/example_dags/example_sensors.py
[2025-01-26T18:25:57.676+0000] {processor.py:914} INFO - Processing file /home/airflow/.local/lib/python3.12/site-packages/airflow/example_dags/example_sensors.py for tasks to queue
[2025-01-26T18:25:57.678+0000] {logging_mixin.py:190} INFO - [2025-01-26T18:25:57.677+0000] {dagbag.py:588} INFO - Filling up the DagBag from /home/airflow/.local/lib/python3.12/site-packages/airflow/example_dags/example_sensors.py
[2025-01-26T18:25:57.692+0000] {processor.py:925} INFO - DAG(s) 'example_sensors' retrieved from /home/airflow/.local/lib/python3.12/site-packages/airflow/example_dags/example_sensors.py
[2025-01-26T18:25:57.721+0000] {logging_mixin.py:190} INFO - [2025-01-26T18:25:57.721+0000] {dag.py:3239} INFO - Sync 1 DAGs
[2025-01-26T18:25:57.736+0000] {logging_mixin.py:190} INFO - [2025-01-26T18:25:57.735+0000] {dag.py:4180} INFO - Setting next_dagrun for example_sensors to None, run_after=None
[2025-01-26T18:25:57.757+0000] {processor.py:208} INFO - Processing /home/airflow/.local/lib/python3.12/site-packages/airflow/example_dags/example_sensors.py took 0.087 seconds
[2025-01-26T18:26:28.025+0000] {processor.py:186} INFO - Started process (PID=7369) to work on /home/airflow/.local/lib/python3.12/site-packages/airflow/example_dags/example_sensors.py
[2025-01-26T18:26:28.026+0000] {processor.py:914} INFO - Processing file /home/airflow/.local/lib/python3.12/site-packages/airflow/example_dags/example_sensors.py for tasks to queue
[2025-01-26T18:26:28.027+0000] {logging_mixin.py:190} INFO - [2025-01-26T18:26:28.027+0000] {dagbag.py:588} INFO - Filling up the DagBag from /home/airflow/.local/lib/python3.12/site-packages/airflow/example_dags/example_sensors.py
[2025-01-26T18:26:28.038+0000] {processor.py:925} INFO - DAG(s) 'example_sensors' retrieved from /home/airflow/.local/lib/python3.12/site-packages/airflow/example_dags/example_sensors.py
[2025-01-26T18:26:28.069+0000] {logging_mixin.py:190} INFO - [2025-01-26T18:26:28.069+0000] {dag.py:3239} INFO - Sync 1 DAGs
[2025-01-26T18:26:28.094+0000] {logging_mixin.py:190} INFO - [2025-01-26T18:26:28.094+0000] {dag.py:4180} INFO - Setting next_dagrun for example_sensors to None, run_after=None
[2025-01-26T18:26:28.116+0000] {processor.py:208} INFO - Processing /home/airflow/.local/lib/python3.12/site-packages/airflow/example_dags/example_sensors.py took 0.097 seconds
[2025-01-26T18:26:58.654+0000] {processor.py:186} INFO - Started process (PID=7433) to work on /home/airflow/.local/lib/python3.12/site-packages/airflow/example_dags/example_sensors.py
[2025-01-26T18:26:58.655+0000] {processor.py:914} INFO - Processing file /home/airflow/.local/lib/python3.12/site-packages/airflow/example_dags/example_sensors.py for tasks to queue
[2025-01-26T18:26:58.657+0000] {logging_mixin.py:190} INFO - [2025-01-26T18:26:58.657+0000] {dagbag.py:588} INFO - Filling up the DagBag from /home/airflow/.local/lib/python3.12/site-packages/airflow/example_dags/example_sensors.py
[2025-01-26T18:26:58.675+0000] {processor.py:925} INFO - DAG(s) 'example_sensors' retrieved from /home/airflow/.local/lib/python3.12/site-packages/airflow/example_dags/example_sensors.py
[2025-01-26T18:26:58.727+0000] {logging_mixin.py:190} INFO - [2025-01-26T18:26:58.727+0000] {dag.py:3239} INFO - Sync 1 DAGs
[2025-01-26T18:26:58.801+0000] {logging_mixin.py:190} INFO - [2025-01-26T18:26:58.801+0000] {dag.py:4180} INFO - Setting next_dagrun for example_sensors to None, run_after=None
[2025-01-26T18:26:58.863+0000] {processor.py:208} INFO - Processing /home/airflow/.local/lib/python3.12/site-packages/airflow/example_dags/example_sensors.py took 0.218 seconds
[2025-01-26T18:27:28.962+0000] {processor.py:186} INFO - Started process (PID=7498) to work on /home/airflow/.local/lib/python3.12/site-packages/airflow/example_dags/example_sensors.py
[2025-01-26T18:27:28.963+0000] {processor.py:914} INFO - Processing file /home/airflow/.local/lib/python3.12/site-packages/airflow/example_dags/example_sensors.py for tasks to queue
[2025-01-26T18:27:28.965+0000] {logging_mixin.py:190} INFO - [2025-01-26T18:27:28.964+0000] {dagbag.py:588} INFO - Filling up the DagBag from /home/airflow/.local/lib/python3.12/site-packages/airflow/example_dags/example_sensors.py
[2025-01-26T18:27:28.978+0000] {processor.py:925} INFO - DAG(s) 'example_sensors' retrieved from /home/airflow/.local/lib/python3.12/site-packages/airflow/example_dags/example_sensors.py
[2025-01-26T18:27:29.006+0000] {logging_mixin.py:190} INFO - [2025-01-26T18:27:29.006+0000] {dag.py:3239} INFO - Sync 1 DAGs
[2025-01-26T18:27:29.024+0000] {logging_mixin.py:190} INFO - [2025-01-26T18:27:29.024+0000] {dag.py:4180} INFO - Setting next_dagrun for example_sensors to None, run_after=None
[2025-01-26T18:27:29.043+0000] {processor.py:208} INFO - Processing /home/airflow/.local/lib/python3.12/site-packages/airflow/example_dags/example_sensors.py took 0.089 seconds
[2025-01-26T18:27:59.413+0000] {processor.py:186} INFO - Started process (PID=7562) to work on /home/airflow/.local/lib/python3.12/site-packages/airflow/example_dags/example_sensors.py
[2025-01-26T18:27:59.414+0000] {processor.py:914} INFO - Processing file /home/airflow/.local/lib/python3.12/site-packages/airflow/example_dags/example_sensors.py for tasks to queue
[2025-01-26T18:27:59.416+0000] {logging_mixin.py:190} INFO - [2025-01-26T18:27:59.416+0000] {dagbag.py:588} INFO - Filling up the DagBag from /home/airflow/.local/lib/python3.12/site-packages/airflow/example_dags/example_sensors.py
[2025-01-26T18:27:59.434+0000] {processor.py:925} INFO - DAG(s) 'example_sensors' retrieved from /home/airflow/.local/lib/python3.12/site-packages/airflow/example_dags/example_sensors.py
[2025-01-26T18:27:59.489+0000] {logging_mixin.py:190} INFO - [2025-01-26T18:27:59.488+0000] {dag.py:3239} INFO - Sync 1 DAGs
[2025-01-26T18:27:59.513+0000] {logging_mixin.py:190} INFO - [2025-01-26T18:27:59.512+0000] {dag.py:4180} INFO - Setting next_dagrun for example_sensors to None, run_after=None
[2025-01-26T18:27:59.556+0000] {processor.py:208} INFO - Processing /home/airflow/.local/lib/python3.12/site-packages/airflow/example_dags/example_sensors.py took 0.151 seconds
[2025-01-26T18:28:29.738+0000] {processor.py:186} INFO - Started process (PID=7625) to work on /home/airflow/.local/lib/python3.12/site-packages/airflow/example_dags/example_sensors.py
[2025-01-26T18:28:29.740+0000] {processor.py:914} INFO - Processing file /home/airflow/.local/lib/python3.12/site-packages/airflow/example_dags/example_sensors.py for tasks to queue
[2025-01-26T18:28:29.741+0000] {logging_mixin.py:190} INFO - [2025-01-26T18:28:29.741+0000] {dagbag.py:588} INFO - Filling up the DagBag from /home/airflow/.local/lib/python3.12/site-packages/airflow/example_dags/example_sensors.py
[2025-01-26T18:28:29.755+0000] {processor.py:925} INFO - DAG(s) 'example_sensors' retrieved from /home/airflow/.local/lib/python3.12/site-packages/airflow/example_dags/example_sensors.py
[2025-01-26T18:28:29.789+0000] {logging_mixin.py:190} INFO - [2025-01-26T18:28:29.788+0000] {dag.py:3239} INFO - Sync 1 DAGs
[2025-01-26T18:28:29.812+0000] {logging_mixin.py:190} INFO - [2025-01-26T18:28:29.811+0000] {dag.py:4180} INFO - Setting next_dagrun for example_sensors to None, run_after=None
[2025-01-26T18:28:29.833+0000] {processor.py:208} INFO - Processing /home/airflow/.local/lib/python3.12/site-packages/airflow/example_dags/example_sensors.py took 0.102 seconds
[2025-01-26T18:29:00.089+0000] {processor.py:186} INFO - Started process (PID=7683) to work on /home/airflow/.local/lib/python3.12/site-packages/airflow/example_dags/example_sensors.py
[2025-01-26T18:29:00.090+0000] {processor.py:914} INFO - Processing file /home/airflow/.local/lib/python3.12/site-packages/airflow/example_dags/example_sensors.py for tasks to queue
[2025-01-26T18:29:00.092+0000] {logging_mixin.py:190} INFO - [2025-01-26T18:29:00.091+0000] {dagbag.py:588} INFO - Filling up the DagBag from /home/airflow/.local/lib/python3.12/site-packages/airflow/example_dags/example_sensors.py
[2025-01-26T18:29:00.105+0000] {processor.py:925} INFO - DAG(s) 'example_sensors' retrieved from /home/airflow/.local/lib/python3.12/site-packages/airflow/example_dags/example_sensors.py
[2025-01-26T18:29:00.133+0000] {logging_mixin.py:190} INFO - [2025-01-26T18:29:00.132+0000] {dag.py:3239} INFO - Sync 1 DAGs
[2025-01-26T18:29:00.149+0000] {logging_mixin.py:190} INFO - [2025-01-26T18:29:00.149+0000] {dag.py:4180} INFO - Setting next_dagrun for example_sensors to None, run_after=None
[2025-01-26T18:29:00.170+0000] {processor.py:208} INFO - Processing /home/airflow/.local/lib/python3.12/site-packages/airflow/example_dags/example_sensors.py took 0.087 seconds
[2025-01-26T18:29:30.580+0000] {processor.py:186} INFO - Started process (PID=7737) to work on /home/airflow/.local/lib/python3.12/site-packages/airflow/example_dags/example_sensors.py
[2025-01-26T18:29:30.581+0000] {processor.py:914} INFO - Processing file /home/airflow/.local/lib/python3.12/site-packages/airflow/example_dags/example_sensors.py for tasks to queue
[2025-01-26T18:29:30.583+0000] {logging_mixin.py:190} INFO - [2025-01-26T18:29:30.582+0000] {dagbag.py:588} INFO - Filling up the DagBag from /home/airflow/.local/lib/python3.12/site-packages/airflow/example_dags/example_sensors.py
[2025-01-26T18:29:30.597+0000] {processor.py:925} INFO - DAG(s) 'example_sensors' retrieved from /home/airflow/.local/lib/python3.12/site-packages/airflow/example_dags/example_sensors.py
[2025-01-26T18:29:30.633+0000] {logging_mixin.py:190} INFO - [2025-01-26T18:29:30.633+0000] {dag.py:3239} INFO - Sync 1 DAGs
[2025-01-26T18:29:30.654+0000] {logging_mixin.py:190} INFO - [2025-01-26T18:29:30.653+0000] {dag.py:4180} INFO - Setting next_dagrun for example_sensors to None, run_after=None
[2025-01-26T18:29:30.683+0000] {processor.py:208} INFO - Processing /home/airflow/.local/lib/python3.12/site-packages/airflow/example_dags/example_sensors.py took 0.109 seconds
[2025-01-26T18:30:01.697+0000] {processor.py:186} INFO - Started process (PID=7795) to work on /home/airflow/.local/lib/python3.12/site-packages/airflow/example_dags/example_sensors.py
[2025-01-26T18:30:01.698+0000] {processor.py:914} INFO - Processing file /home/airflow/.local/lib/python3.12/site-packages/airflow/example_dags/example_sensors.py for tasks to queue
[2025-01-26T18:30:01.700+0000] {logging_mixin.py:190} INFO - [2025-01-26T18:30:01.700+0000] {dagbag.py:588} INFO - Filling up the DagBag from /home/airflow/.local/lib/python3.12/site-packages/airflow/example_dags/example_sensors.py
[2025-01-26T18:30:01.716+0000] {processor.py:925} INFO - DAG(s) 'example_sensors' retrieved from /home/airflow/.local/lib/python3.12/site-packages/airflow/example_dags/example_sensors.py
[2025-01-26T18:30:01.749+0000] {logging_mixin.py:190} INFO - [2025-01-26T18:30:01.749+0000] {dag.py:3239} INFO - Sync 1 DAGs
[2025-01-26T18:30:01.769+0000] {logging_mixin.py:190} INFO - [2025-01-26T18:30:01.768+0000] {dag.py:4180} INFO - Setting next_dagrun for example_sensors to None, run_after=None
[2025-01-26T18:30:01.789+0000] {processor.py:208} INFO - Processing /home/airflow/.local/lib/python3.12/site-packages/airflow/example_dags/example_sensors.py took 0.098 seconds
[2025-01-26T18:30:32.363+0000] {processor.py:186} INFO - Started process (PID=7855) to work on /home/airflow/.local/lib/python3.12/site-packages/airflow/example_dags/example_sensors.py
[2025-01-26T18:30:32.365+0000] {processor.py:914} INFO - Processing file /home/airflow/.local/lib/python3.12/site-packages/airflow/example_dags/example_sensors.py for tasks to queue
[2025-01-26T18:30:32.374+0000] {logging_mixin.py:190} INFO - [2025-01-26T18:30:32.373+0000] {dagbag.py:588} INFO - Filling up the DagBag from /home/airflow/.local/lib/python3.12/site-packages/airflow/example_dags/example_sensors.py
[2025-01-26T18:30:32.397+0000] {processor.py:925} INFO - DAG(s) 'example_sensors' retrieved from /home/airflow/.local/lib/python3.12/site-packages/airflow/example_dags/example_sensors.py
[2025-01-26T18:30:32.479+0000] {logging_mixin.py:190} INFO - [2025-01-26T18:30:32.479+0000] {dag.py:3239} INFO - Sync 1 DAGs
[2025-01-26T18:30:32.534+0000] {logging_mixin.py:190} INFO - [2025-01-26T18:30:32.534+0000] {dag.py:4180} INFO - Setting next_dagrun for example_sensors to None, run_after=None
[2025-01-26T18:30:32.567+0000] {processor.py:208} INFO - Processing /home/airflow/.local/lib/python3.12/site-packages/airflow/example_dags/example_sensors.py took 0.212 seconds
[2025-01-26T18:31:03.257+0000] {processor.py:186} INFO - Started process (PID=7920) to work on /home/airflow/.local/lib/python3.12/site-packages/airflow/example_dags/example_sensors.py
[2025-01-26T18:31:03.258+0000] {processor.py:914} INFO - Processing file /home/airflow/.local/lib/python3.12/site-packages/airflow/example_dags/example_sensors.py for tasks to queue
[2025-01-26T18:31:03.260+0000] {logging_mixin.py:190} INFO - [2025-01-26T18:31:03.260+0000] {dagbag.py:588} INFO - Filling up the DagBag from /home/airflow/.local/lib/python3.12/site-packages/airflow/example_dags/example_sensors.py
[2025-01-26T18:31:03.274+0000] {processor.py:925} INFO - DAG(s) 'example_sensors' retrieved from /home/airflow/.local/lib/python3.12/site-packages/airflow/example_dags/example_sensors.py
[2025-01-26T18:31:03.310+0000] {logging_mixin.py:190} INFO - [2025-01-26T18:31:03.310+0000] {dag.py:3239} INFO - Sync 1 DAGs
[2025-01-26T18:31:03.326+0000] {logging_mixin.py:190} INFO - [2025-01-26T18:31:03.325+0000] {dag.py:4180} INFO - Setting next_dagrun for example_sensors to None, run_after=None
[2025-01-26T18:31:03.352+0000] {processor.py:208} INFO - Processing /home/airflow/.local/lib/python3.12/site-packages/airflow/example_dags/example_sensors.py took 0.101 seconds
[2025-01-26T18:31:33.865+0000] {processor.py:186} INFO - Started process (PID=7982) to work on /home/airflow/.local/lib/python3.12/site-packages/airflow/example_dags/example_sensors.py
[2025-01-26T18:31:33.866+0000] {processor.py:914} INFO - Processing file /home/airflow/.local/lib/python3.12/site-packages/airflow/example_dags/example_sensors.py for tasks to queue
[2025-01-26T18:31:33.867+0000] {logging_mixin.py:190} INFO - [2025-01-26T18:31:33.867+0000] {dagbag.py:588} INFO - Filling up the DagBag from /home/airflow/.local/lib/python3.12/site-packages/airflow/example_dags/example_sensors.py
[2025-01-26T18:31:33.880+0000] {processor.py:925} INFO - DAG(s) 'example_sensors' retrieved from /home/airflow/.local/lib/python3.12/site-packages/airflow/example_dags/example_sensors.py
[2025-01-26T18:31:33.909+0000] {logging_mixin.py:190} INFO - [2025-01-26T18:31:33.908+0000] {dag.py:3239} INFO - Sync 1 DAGs
[2025-01-26T18:31:33.926+0000] {logging_mixin.py:190} INFO - [2025-01-26T18:31:33.926+0000] {dag.py:4180} INFO - Setting next_dagrun for example_sensors to None, run_after=None
[2025-01-26T18:31:33.947+0000] {processor.py:208} INFO - Processing /home/airflow/.local/lib/python3.12/site-packages/airflow/example_dags/example_sensors.py took 0.088 seconds
[2025-01-26T18:32:04.515+0000] {processor.py:186} INFO - Started process (PID=8045) to work on /home/airflow/.local/lib/python3.12/site-packages/airflow/example_dags/example_sensors.py
[2025-01-26T18:32:04.516+0000] {processor.py:914} INFO - Processing file /home/airflow/.local/lib/python3.12/site-packages/airflow/example_dags/example_sensors.py for tasks to queue
[2025-01-26T18:32:04.518+0000] {logging_mixin.py:190} INFO - [2025-01-26T18:32:04.518+0000] {dagbag.py:588} INFO - Filling up the DagBag from /home/airflow/.local/lib/python3.12/site-packages/airflow/example_dags/example_sensors.py
[2025-01-26T18:32:04.534+0000] {processor.py:925} INFO - DAG(s) 'example_sensors' retrieved from /home/airflow/.local/lib/python3.12/site-packages/airflow/example_dags/example_sensors.py
[2025-01-26T18:32:04.570+0000] {logging_mixin.py:190} INFO - [2025-01-26T18:32:04.568+0000] {dag.py:3239} INFO - Sync 1 DAGs
[2025-01-26T18:32:04.597+0000] {logging_mixin.py:190} INFO - [2025-01-26T18:32:04.597+0000] {dag.py:4180} INFO - Setting next_dagrun for example_sensors to None, run_after=None
[2025-01-26T18:32:04.624+0000] {processor.py:208} INFO - Processing /home/airflow/.local/lib/python3.12/site-packages/airflow/example_dags/example_sensors.py took 0.118 seconds
[2025-01-26T18:32:35.040+0000] {processor.py:186} INFO - Started process (PID=8109) to work on /home/airflow/.local/lib/python3.12/site-packages/airflow/example_dags/example_sensors.py
[2025-01-26T18:32:35.042+0000] {processor.py:914} INFO - Processing file /home/airflow/.local/lib/python3.12/site-packages/airflow/example_dags/example_sensors.py for tasks to queue
[2025-01-26T18:32:35.043+0000] {logging_mixin.py:190} INFO - [2025-01-26T18:32:35.043+0000] {dagbag.py:588} INFO - Filling up the DagBag from /home/airflow/.local/lib/python3.12/site-packages/airflow/example_dags/example_sensors.py
[2025-01-26T18:32:35.059+0000] {processor.py:925} INFO - DAG(s) 'example_sensors' retrieved from /home/airflow/.local/lib/python3.12/site-packages/airflow/example_dags/example_sensors.py
[2025-01-26T18:32:35.094+0000] {logging_mixin.py:190} INFO - [2025-01-26T18:32:35.094+0000] {dag.py:3239} INFO - Sync 1 DAGs
[2025-01-26T18:32:35.113+0000] {logging_mixin.py:190} INFO - [2025-01-26T18:32:35.113+0000] {dag.py:4180} INFO - Setting next_dagrun for example_sensors to None, run_after=None
[2025-01-26T18:32:35.147+0000] {processor.py:208} INFO - Processing /home/airflow/.local/lib/python3.12/site-packages/airflow/example_dags/example_sensors.py took 0.115 seconds
[2025-01-26T18:33:05.315+0000] {processor.py:186} INFO - Started process (PID=8174) to work on /home/airflow/.local/lib/python3.12/site-packages/airflow/example_dags/example_sensors.py
[2025-01-26T18:33:05.316+0000] {processor.py:914} INFO - Processing file /home/airflow/.local/lib/python3.12/site-packages/airflow/example_dags/example_sensors.py for tasks to queue
[2025-01-26T18:33:05.317+0000] {logging_mixin.py:190} INFO - [2025-01-26T18:33:05.317+0000] {dagbag.py:588} INFO - Filling up the DagBag from /home/airflow/.local/lib/python3.12/site-packages/airflow/example_dags/example_sensors.py
[2025-01-26T18:33:05.332+0000] {processor.py:925} INFO - DAG(s) 'example_sensors' retrieved from /home/airflow/.local/lib/python3.12/site-packages/airflow/example_dags/example_sensors.py
[2025-01-26T18:33:05.357+0000] {logging_mixin.py:190} INFO - [2025-01-26T18:33:05.357+0000] {dag.py:3239} INFO - Sync 1 DAGs
[2025-01-26T18:33:05.376+0000] {logging_mixin.py:190} INFO - [2025-01-26T18:33:05.375+0000] {dag.py:4180} INFO - Setting next_dagrun for example_sensors to None, run_after=None
[2025-01-26T18:33:05.398+0000] {processor.py:208} INFO - Processing /home/airflow/.local/lib/python3.12/site-packages/airflow/example_dags/example_sensors.py took 0.091 seconds
[2025-01-26T18:33:35.503+0000] {processor.py:186} INFO - Started process (PID=8238) to work on /home/airflow/.local/lib/python3.12/site-packages/airflow/example_dags/example_sensors.py
[2025-01-26T18:33:35.512+0000] {processor.py:914} INFO - Processing file /home/airflow/.local/lib/python3.12/site-packages/airflow/example_dags/example_sensors.py for tasks to queue
[2025-01-26T18:33:35.514+0000] {logging_mixin.py:190} INFO - [2025-01-26T18:33:35.513+0000] {dagbag.py:588} INFO - Filling up the DagBag from /home/airflow/.local/lib/python3.12/site-packages/airflow/example_dags/example_sensors.py
[2025-01-26T18:33:35.534+0000] {processor.py:925} INFO - DAG(s) 'example_sensors' retrieved from /home/airflow/.local/lib/python3.12/site-packages/airflow/example_dags/example_sensors.py
[2025-01-26T18:33:35.578+0000] {logging_mixin.py:190} INFO - [2025-01-26T18:33:35.578+0000] {dag.py:3239} INFO - Sync 1 DAGs
[2025-01-26T18:33:35.617+0000] {logging_mixin.py:190} INFO - [2025-01-26T18:33:35.616+0000] {dag.py:4180} INFO - Setting next_dagrun for example_sensors to None, run_after=None
[2025-01-26T18:33:35.658+0000] {processor.py:208} INFO - Processing /home/airflow/.local/lib/python3.12/site-packages/airflow/example_dags/example_sensors.py took 0.166 seconds
[2025-01-26T18:34:05.935+0000] {processor.py:186} INFO - Started process (PID=8302) to work on /home/airflow/.local/lib/python3.12/site-packages/airflow/example_dags/example_sensors.py
[2025-01-26T18:34:05.937+0000] {processor.py:914} INFO - Processing file /home/airflow/.local/lib/python3.12/site-packages/airflow/example_dags/example_sensors.py for tasks to queue
[2025-01-26T18:34:05.938+0000] {logging_mixin.py:190} INFO - [2025-01-26T18:34:05.938+0000] {dagbag.py:588} INFO - Filling up the DagBag from /home/airflow/.local/lib/python3.12/site-packages/airflow/example_dags/example_sensors.py
[2025-01-26T18:34:05.950+0000] {processor.py:925} INFO - DAG(s) 'example_sensors' retrieved from /home/airflow/.local/lib/python3.12/site-packages/airflow/example_dags/example_sensors.py
[2025-01-26T18:34:06.007+0000] {logging_mixin.py:190} INFO - [2025-01-26T18:34:05.995+0000] {dag.py:3239} INFO - Sync 1 DAGs
[2025-01-26T18:34:06.071+0000] {logging_mixin.py:190} INFO - [2025-01-26T18:34:06.070+0000] {dag.py:4180} INFO - Setting next_dagrun for example_sensors to None, run_after=None
[2025-01-26T18:34:06.137+0000] {processor.py:208} INFO - Processing /home/airflow/.local/lib/python3.12/site-packages/airflow/example_dags/example_sensors.py took 0.208 seconds
[2025-01-26T18:34:36.273+0000] {processor.py:186} INFO - Started process (PID=8366) to work on /home/airflow/.local/lib/python3.12/site-packages/airflow/example_dags/example_sensors.py
[2025-01-26T18:34:36.274+0000] {processor.py:914} INFO - Processing file /home/airflow/.local/lib/python3.12/site-packages/airflow/example_dags/example_sensors.py for tasks to queue
[2025-01-26T18:34:36.275+0000] {logging_mixin.py:190} INFO - [2025-01-26T18:34:36.275+0000] {dagbag.py:588} INFO - Filling up the DagBag from /home/airflow/.local/lib/python3.12/site-packages/airflow/example_dags/example_sensors.py
[2025-01-26T18:34:36.287+0000] {processor.py:925} INFO - DAG(s) 'example_sensors' retrieved from /home/airflow/.local/lib/python3.12/site-packages/airflow/example_dags/example_sensors.py
[2025-01-26T18:34:36.314+0000] {logging_mixin.py:190} INFO - [2025-01-26T18:34:36.313+0000] {dag.py:3239} INFO - Sync 1 DAGs
[2025-01-26T18:34:36.341+0000] {logging_mixin.py:190} INFO - [2025-01-26T18:34:36.340+0000] {dag.py:4180} INFO - Setting next_dagrun for example_sensors to None, run_after=None
[2025-01-26T18:34:36.360+0000] {processor.py:208} INFO - Processing /home/airflow/.local/lib/python3.12/site-packages/airflow/example_dags/example_sensors.py took 0.097 seconds
[2025-01-26T18:35:06.584+0000] {processor.py:186} INFO - Started process (PID=8429) to work on /home/airflow/.local/lib/python3.12/site-packages/airflow/example_dags/example_sensors.py
[2025-01-26T18:35:06.586+0000] {processor.py:914} INFO - Processing file /home/airflow/.local/lib/python3.12/site-packages/airflow/example_dags/example_sensors.py for tasks to queue
[2025-01-26T18:35:06.588+0000] {logging_mixin.py:190} INFO - [2025-01-26T18:35:06.588+0000] {dagbag.py:588} INFO - Filling up the DagBag from /home/airflow/.local/lib/python3.12/site-packages/airflow/example_dags/example_sensors.py
[2025-01-26T18:35:06.606+0000] {processor.py:925} INFO - DAG(s) 'example_sensors' retrieved from /home/airflow/.local/lib/python3.12/site-packages/airflow/example_dags/example_sensors.py
[2025-01-26T18:35:06.648+0000] {logging_mixin.py:190} INFO - [2025-01-26T18:35:06.648+0000] {dag.py:3239} INFO - Sync 1 DAGs
[2025-01-26T18:35:06.673+0000] {logging_mixin.py:190} INFO - [2025-01-26T18:35:06.673+0000] {dag.py:4180} INFO - Setting next_dagrun for example_sensors to None, run_after=None
[2025-01-26T18:35:06.696+0000] {processor.py:208} INFO - Processing /home/airflow/.local/lib/python3.12/site-packages/airflow/example_dags/example_sensors.py took 0.119 seconds
[2025-01-26T18:35:36.813+0000] {processor.py:186} INFO - Started process (PID=8493) to work on /home/airflow/.local/lib/python3.12/site-packages/airflow/example_dags/example_sensors.py
[2025-01-26T18:35:36.814+0000] {processor.py:914} INFO - Processing file /home/airflow/.local/lib/python3.12/site-packages/airflow/example_dags/example_sensors.py for tasks to queue
[2025-01-26T18:35:36.815+0000] {logging_mixin.py:190} INFO - [2025-01-26T18:35:36.815+0000] {dagbag.py:588} INFO - Filling up the DagBag from /home/airflow/.local/lib/python3.12/site-packages/airflow/example_dags/example_sensors.py
[2025-01-26T18:35:36.828+0000] {processor.py:925} INFO - DAG(s) 'example_sensors' retrieved from /home/airflow/.local/lib/python3.12/site-packages/airflow/example_dags/example_sensors.py
[2025-01-26T18:35:36.853+0000] {logging_mixin.py:190} INFO - [2025-01-26T18:35:36.852+0000] {dag.py:3239} INFO - Sync 1 DAGs
[2025-01-26T18:35:36.871+0000] {logging_mixin.py:190} INFO - [2025-01-26T18:35:36.870+0000] {dag.py:4180} INFO - Setting next_dagrun for example_sensors to None, run_after=None
[2025-01-26T18:35:36.893+0000] {processor.py:208} INFO - Processing /home/airflow/.local/lib/python3.12/site-packages/airflow/example_dags/example_sensors.py took 0.089 seconds
[2025-01-26T18:36:07.355+0000] {processor.py:186} INFO - Started process (PID=8557) to work on /home/airflow/.local/lib/python3.12/site-packages/airflow/example_dags/example_sensors.py
[2025-01-26T18:36:07.356+0000] {processor.py:914} INFO - Processing file /home/airflow/.local/lib/python3.12/site-packages/airflow/example_dags/example_sensors.py for tasks to queue
[2025-01-26T18:36:07.357+0000] {logging_mixin.py:190} INFO - [2025-01-26T18:36:07.357+0000] {dagbag.py:588} INFO - Filling up the DagBag from /home/airflow/.local/lib/python3.12/site-packages/airflow/example_dags/example_sensors.py
[2025-01-26T18:36:07.370+0000] {processor.py:925} INFO - DAG(s) 'example_sensors' retrieved from /home/airflow/.local/lib/python3.12/site-packages/airflow/example_dags/example_sensors.py
[2025-01-26T18:36:07.398+0000] {logging_mixin.py:190} INFO - [2025-01-26T18:36:07.398+0000] {dag.py:3239} INFO - Sync 1 DAGs
[2025-01-26T18:36:07.415+0000] {logging_mixin.py:190} INFO - [2025-01-26T18:36:07.415+0000] {dag.py:4180} INFO - Setting next_dagrun for example_sensors to None, run_after=None
[2025-01-26T18:36:07.437+0000] {processor.py:208} INFO - Processing /home/airflow/.local/lib/python3.12/site-packages/airflow/example_dags/example_sensors.py took 0.089 seconds
[2025-01-26T18:36:37.773+0000] {processor.py:186} INFO - Started process (PID=8622) to work on /home/airflow/.local/lib/python3.12/site-packages/airflow/example_dags/example_sensors.py
[2025-01-26T18:36:37.774+0000] {processor.py:914} INFO - Processing file /home/airflow/.local/lib/python3.12/site-packages/airflow/example_dags/example_sensors.py for tasks to queue
[2025-01-26T18:36:37.775+0000] {logging_mixin.py:190} INFO - [2025-01-26T18:36:37.775+0000] {dagbag.py:588} INFO - Filling up the DagBag from /home/airflow/.local/lib/python3.12/site-packages/airflow/example_dags/example_sensors.py
[2025-01-26T18:36:37.791+0000] {processor.py:925} INFO - DAG(s) 'example_sensors' retrieved from /home/airflow/.local/lib/python3.12/site-packages/airflow/example_dags/example_sensors.py
[2025-01-26T18:36:37.822+0000] {logging_mixin.py:190} INFO - [2025-01-26T18:36:37.821+0000] {dag.py:3239} INFO - Sync 1 DAGs
[2025-01-26T18:36:37.849+0000] {logging_mixin.py:190} INFO - [2025-01-26T18:36:37.849+0000] {dag.py:4180} INFO - Setting next_dagrun for example_sensors to None, run_after=None
[2025-01-26T18:36:37.878+0000] {processor.py:208} INFO - Processing /home/airflow/.local/lib/python3.12/site-packages/airflow/example_dags/example_sensors.py took 0.113 seconds
[2025-01-26T18:37:08.114+0000] {processor.py:186} INFO - Started process (PID=8686) to work on /home/airflow/.local/lib/python3.12/site-packages/airflow/example_dags/example_sensors.py
[2025-01-26T18:37:08.115+0000] {processor.py:914} INFO - Processing file /home/airflow/.local/lib/python3.12/site-packages/airflow/example_dags/example_sensors.py for tasks to queue
[2025-01-26T18:37:08.117+0000] {logging_mixin.py:190} INFO - [2025-01-26T18:37:08.116+0000] {dagbag.py:588} INFO - Filling up the DagBag from /home/airflow/.local/lib/python3.12/site-packages/airflow/example_dags/example_sensors.py
[2025-01-26T18:37:08.133+0000] {processor.py:925} INFO - DAG(s) 'example_sensors' retrieved from /home/airflow/.local/lib/python3.12/site-packages/airflow/example_dags/example_sensors.py
[2025-01-26T18:37:08.175+0000] {logging_mixin.py:190} INFO - [2025-01-26T18:37:08.175+0000] {dag.py:3239} INFO - Sync 1 DAGs
[2025-01-26T18:37:08.208+0000] {logging_mixin.py:190} INFO - [2025-01-26T18:37:08.208+0000] {dag.py:4180} INFO - Setting next_dagrun for example_sensors to None, run_after=None
[2025-01-26T18:37:08.232+0000] {processor.py:208} INFO - Processing /home/airflow/.local/lib/python3.12/site-packages/airflow/example_dags/example_sensors.py took 0.132 seconds
[2025-01-26T18:37:38.533+0000] {processor.py:186} INFO - Started process (PID=8750) to work on /home/airflow/.local/lib/python3.12/site-packages/airflow/example_dags/example_sensors.py
[2025-01-26T18:37:38.538+0000] {processor.py:914} INFO - Processing file /home/airflow/.local/lib/python3.12/site-packages/airflow/example_dags/example_sensors.py for tasks to queue
[2025-01-26T18:37:38.540+0000] {logging_mixin.py:190} INFO - [2025-01-26T18:37:38.540+0000] {dagbag.py:588} INFO - Filling up the DagBag from /home/airflow/.local/lib/python3.12/site-packages/airflow/example_dags/example_sensors.py
[2025-01-26T18:37:38.559+0000] {processor.py:925} INFO - DAG(s) 'example_sensors' retrieved from /home/airflow/.local/lib/python3.12/site-packages/airflow/example_dags/example_sensors.py
[2025-01-26T18:37:38.621+0000] {logging_mixin.py:190} INFO - [2025-01-26T18:37:38.621+0000] {dag.py:3239} INFO - Sync 1 DAGs
[2025-01-26T18:37:38.646+0000] {logging_mixin.py:190} INFO - [2025-01-26T18:37:38.646+0000] {dag.py:4180} INFO - Setting next_dagrun for example_sensors to None, run_after=None
[2025-01-26T18:37:38.666+0000] {processor.py:208} INFO - Processing /home/airflow/.local/lib/python3.12/site-packages/airflow/example_dags/example_sensors.py took 0.141 seconds
[2025-01-26T18:38:08.931+0000] {processor.py:186} INFO - Started process (PID=8814) to work on /home/airflow/.local/lib/python3.12/site-packages/airflow/example_dags/example_sensors.py
[2025-01-26T18:38:08.932+0000] {processor.py:914} INFO - Processing file /home/airflow/.local/lib/python3.12/site-packages/airflow/example_dags/example_sensors.py for tasks to queue
[2025-01-26T18:38:08.934+0000] {logging_mixin.py:190} INFO - [2025-01-26T18:38:08.933+0000] {dagbag.py:588} INFO - Filling up the DagBag from /home/airflow/.local/lib/python3.12/site-packages/airflow/example_dags/example_sensors.py
[2025-01-26T18:38:08.948+0000] {processor.py:925} INFO - DAG(s) 'example_sensors' retrieved from /home/airflow/.local/lib/python3.12/site-packages/airflow/example_dags/example_sensors.py
[2025-01-26T18:38:08.978+0000] {logging_mixin.py:190} INFO - [2025-01-26T18:38:08.978+0000] {dag.py:3239} INFO - Sync 1 DAGs
[2025-01-26T18:38:08.994+0000] {logging_mixin.py:190} INFO - [2025-01-26T18:38:08.993+0000] {dag.py:4180} INFO - Setting next_dagrun for example_sensors to None, run_after=None
[2025-01-26T18:38:09.017+0000] {processor.py:208} INFO - Processing /home/airflow/.local/lib/python3.12/site-packages/airflow/example_dags/example_sensors.py took 0.091 seconds
[2025-01-26T18:38:39.648+0000] {processor.py:186} INFO - Started process (PID=8879) to work on /home/airflow/.local/lib/python3.12/site-packages/airflow/example_dags/example_sensors.py
[2025-01-26T18:38:39.650+0000] {processor.py:914} INFO - Processing file /home/airflow/.local/lib/python3.12/site-packages/airflow/example_dags/example_sensors.py for tasks to queue
[2025-01-26T18:38:39.654+0000] {logging_mixin.py:190} INFO - [2025-01-26T18:38:39.654+0000] {dagbag.py:588} INFO - Filling up the DagBag from /home/airflow/.local/lib/python3.12/site-packages/airflow/example_dags/example_sensors.py
[2025-01-26T18:38:39.674+0000] {processor.py:925} INFO - DAG(s) 'example_sensors' retrieved from /home/airflow/.local/lib/python3.12/site-packages/airflow/example_dags/example_sensors.py
[2025-01-26T18:38:39.712+0000] {logging_mixin.py:190} INFO - [2025-01-26T18:38:39.712+0000] {dag.py:3239} INFO - Sync 1 DAGs
[2025-01-26T18:38:39.964+0000] {logging_mixin.py:190} INFO - [2025-01-26T18:38:39.963+0000] {dag.py:4180} INFO - Setting next_dagrun for example_sensors to None, run_after=None
[2025-01-26T18:38:39.991+0000] {processor.py:208} INFO - Processing /home/airflow/.local/lib/python3.12/site-packages/airflow/example_dags/example_sensors.py took 0.350 seconds
[2025-01-26T18:39:10.156+0000] {processor.py:186} INFO - Started process (PID=8944) to work on /home/airflow/.local/lib/python3.12/site-packages/airflow/example_dags/example_sensors.py
[2025-01-26T18:39:10.158+0000] {processor.py:914} INFO - Processing file /home/airflow/.local/lib/python3.12/site-packages/airflow/example_dags/example_sensors.py for tasks to queue
[2025-01-26T18:39:10.160+0000] {logging_mixin.py:190} INFO - [2025-01-26T18:39:10.159+0000] {dagbag.py:588} INFO - Filling up the DagBag from /home/airflow/.local/lib/python3.12/site-packages/airflow/example_dags/example_sensors.py
[2025-01-26T18:39:10.187+0000] {processor.py:925} INFO - DAG(s) 'example_sensors' retrieved from /home/airflow/.local/lib/python3.12/site-packages/airflow/example_dags/example_sensors.py
[2025-01-26T18:39:10.221+0000] {logging_mixin.py:190} INFO - [2025-01-26T18:39:10.220+0000] {dag.py:3239} INFO - Sync 1 DAGs
[2025-01-26T18:39:10.237+0000] {logging_mixin.py:190} INFO - [2025-01-26T18:39:10.237+0000] {dag.py:4180} INFO - Setting next_dagrun for example_sensors to None, run_after=None
[2025-01-26T18:39:10.406+0000] {processor.py:208} INFO - Processing /home/airflow/.local/lib/python3.12/site-packages/airflow/example_dags/example_sensors.py took 0.260 seconds
[2025-01-26T18:39:40.542+0000] {processor.py:186} INFO - Started process (PID=9008) to work on /home/airflow/.local/lib/python3.12/site-packages/airflow/example_dags/example_sensors.py
[2025-01-26T18:39:40.544+0000] {processor.py:914} INFO - Processing file /home/airflow/.local/lib/python3.12/site-packages/airflow/example_dags/example_sensors.py for tasks to queue
[2025-01-26T18:39:40.546+0000] {logging_mixin.py:190} INFO - [2025-01-26T18:39:40.546+0000] {dagbag.py:588} INFO - Filling up the DagBag from /home/airflow/.local/lib/python3.12/site-packages/airflow/example_dags/example_sensors.py
[2025-01-26T18:39:40.574+0000] {processor.py:925} INFO - DAG(s) 'example_sensors' retrieved from /home/airflow/.local/lib/python3.12/site-packages/airflow/example_dags/example_sensors.py
[2025-01-26T18:39:40.622+0000] {logging_mixin.py:190} INFO - [2025-01-26T18:39:40.621+0000] {dag.py:3239} INFO - Sync 1 DAGs
[2025-01-26T18:39:40.648+0000] {logging_mixin.py:190} INFO - [2025-01-26T18:39:40.648+0000] {dag.py:4180} INFO - Setting next_dagrun for example_sensors to None, run_after=None
[2025-01-26T18:39:40.680+0000] {processor.py:208} INFO - Processing /home/airflow/.local/lib/python3.12/site-packages/airflow/example_dags/example_sensors.py took 0.146 seconds
[2025-01-26T18:40:11.196+0000] {processor.py:186} INFO - Started process (PID=9072) to work on /home/airflow/.local/lib/python3.12/site-packages/airflow/example_dags/example_sensors.py
[2025-01-26T18:40:11.197+0000] {processor.py:914} INFO - Processing file /home/airflow/.local/lib/python3.12/site-packages/airflow/example_dags/example_sensors.py for tasks to queue
[2025-01-26T18:40:11.199+0000] {logging_mixin.py:190} INFO - [2025-01-26T18:40:11.198+0000] {dagbag.py:588} INFO - Filling up the DagBag from /home/airflow/.local/lib/python3.12/site-packages/airflow/example_dags/example_sensors.py
[2025-01-26T18:40:11.217+0000] {processor.py:925} INFO - DAG(s) 'example_sensors' retrieved from /home/airflow/.local/lib/python3.12/site-packages/airflow/example_dags/example_sensors.py
[2025-01-26T18:40:11.252+0000] {logging_mixin.py:190} INFO - [2025-01-26T18:40:11.252+0000] {dag.py:3239} INFO - Sync 1 DAGs
[2025-01-26T18:40:11.269+0000] {logging_mixin.py:190} INFO - [2025-01-26T18:40:11.269+0000] {dag.py:4180} INFO - Setting next_dagrun for example_sensors to None, run_after=None
[2025-01-26T18:40:11.292+0000] {processor.py:208} INFO - Processing /home/airflow/.local/lib/python3.12/site-packages/airflow/example_dags/example_sensors.py took 0.103 seconds
[2025-01-26T18:40:42.219+0000] {processor.py:186} INFO - Started process (PID=9138) to work on /home/airflow/.local/lib/python3.12/site-packages/airflow/example_dags/example_sensors.py
[2025-01-26T18:40:42.220+0000] {processor.py:914} INFO - Processing file /home/airflow/.local/lib/python3.12/site-packages/airflow/example_dags/example_sensors.py for tasks to queue
[2025-01-26T18:40:42.221+0000] {logging_mixin.py:190} INFO - [2025-01-26T18:40:42.221+0000] {dagbag.py:588} INFO - Filling up the DagBag from /home/airflow/.local/lib/python3.12/site-packages/airflow/example_dags/example_sensors.py
[2025-01-26T18:40:42.233+0000] {processor.py:925} INFO - DAG(s) 'example_sensors' retrieved from /home/airflow/.local/lib/python3.12/site-packages/airflow/example_dags/example_sensors.py
[2025-01-26T18:40:42.258+0000] {logging_mixin.py:190} INFO - [2025-01-26T18:40:42.258+0000] {dag.py:3239} INFO - Sync 1 DAGs
[2025-01-26T18:40:42.273+0000] {logging_mixin.py:190} INFO - [2025-01-26T18:40:42.273+0000] {dag.py:4180} INFO - Setting next_dagrun for example_sensors to None, run_after=None
[2025-01-26T18:40:42.294+0000] {processor.py:208} INFO - Processing /home/airflow/.local/lib/python3.12/site-packages/airflow/example_dags/example_sensors.py took 0.083 seconds
[2025-01-26T18:41:12.528+0000] {processor.py:186} INFO - Started process (PID=9202) to work on /home/airflow/.local/lib/python3.12/site-packages/airflow/example_dags/example_sensors.py
[2025-01-26T18:41:12.529+0000] {processor.py:914} INFO - Processing file /home/airflow/.local/lib/python3.12/site-packages/airflow/example_dags/example_sensors.py for tasks to queue
[2025-01-26T18:41:12.532+0000] {logging_mixin.py:190} INFO - [2025-01-26T18:41:12.532+0000] {dagbag.py:588} INFO - Filling up the DagBag from /home/airflow/.local/lib/python3.12/site-packages/airflow/example_dags/example_sensors.py
[2025-01-26T18:41:12.552+0000] {processor.py:925} INFO - DAG(s) 'example_sensors' retrieved from /home/airflow/.local/lib/python3.12/site-packages/airflow/example_dags/example_sensors.py
[2025-01-26T18:41:12.590+0000] {logging_mixin.py:190} INFO - [2025-01-26T18:41:12.590+0000] {dag.py:3239} INFO - Sync 1 DAGs
[2025-01-26T18:41:12.609+0000] {logging_mixin.py:190} INFO - [2025-01-26T18:41:12.608+0000] {dag.py:4180} INFO - Setting next_dagrun for example_sensors to None, run_after=None
[2025-01-26T18:41:12.636+0000] {processor.py:208} INFO - Processing /home/airflow/.local/lib/python3.12/site-packages/airflow/example_dags/example_sensors.py took 0.114 seconds
[2025-01-26T18:41:42.821+0000] {processor.py:186} INFO - Started process (PID=9266) to work on /home/airflow/.local/lib/python3.12/site-packages/airflow/example_dags/example_sensors.py
[2025-01-26T18:41:42.822+0000] {processor.py:914} INFO - Processing file /home/airflow/.local/lib/python3.12/site-packages/airflow/example_dags/example_sensors.py for tasks to queue
[2025-01-26T18:41:42.823+0000] {logging_mixin.py:190} INFO - [2025-01-26T18:41:42.823+0000] {dagbag.py:588} INFO - Filling up the DagBag from /home/airflow/.local/lib/python3.12/site-packages/airflow/example_dags/example_sensors.py
[2025-01-26T18:41:42.840+0000] {processor.py:925} INFO - DAG(s) 'example_sensors' retrieved from /home/airflow/.local/lib/python3.12/site-packages/airflow/example_dags/example_sensors.py
[2025-01-26T18:41:42.874+0000] {logging_mixin.py:190} INFO - [2025-01-26T18:41:42.874+0000] {dag.py:3239} INFO - Sync 1 DAGs
[2025-01-26T18:41:42.890+0000] {logging_mixin.py:190} INFO - [2025-01-26T18:41:42.890+0000] {dag.py:4180} INFO - Setting next_dagrun for example_sensors to None, run_after=None
[2025-01-26T18:41:42.911+0000] {processor.py:208} INFO - Processing /home/airflow/.local/lib/python3.12/site-packages/airflow/example_dags/example_sensors.py took 0.098 seconds
[2025-01-26T18:42:13.344+0000] {processor.py:186} INFO - Started process (PID=9330) to work on /home/airflow/.local/lib/python3.12/site-packages/airflow/example_dags/example_sensors.py
[2025-01-26T18:42:13.345+0000] {processor.py:914} INFO - Processing file /home/airflow/.local/lib/python3.12/site-packages/airflow/example_dags/example_sensors.py for tasks to queue
[2025-01-26T18:42:13.347+0000] {logging_mixin.py:190} INFO - [2025-01-26T18:42:13.346+0000] {dagbag.py:588} INFO - Filling up the DagBag from /home/airflow/.local/lib/python3.12/site-packages/airflow/example_dags/example_sensors.py
[2025-01-26T18:42:13.360+0000] {processor.py:925} INFO - DAG(s) 'example_sensors' retrieved from /home/airflow/.local/lib/python3.12/site-packages/airflow/example_dags/example_sensors.py
[2025-01-26T18:42:13.394+0000] {logging_mixin.py:190} INFO - [2025-01-26T18:42:13.394+0000] {dag.py:3239} INFO - Sync 1 DAGs
[2025-01-26T18:42:13.412+0000] {logging_mixin.py:190} INFO - [2025-01-26T18:42:13.412+0000] {dag.py:4180} INFO - Setting next_dagrun for example_sensors to None, run_after=None
[2025-01-26T18:42:13.432+0000] {processor.py:208} INFO - Processing /home/airflow/.local/lib/python3.12/site-packages/airflow/example_dags/example_sensors.py took 0.095 seconds
[2025-01-26T18:42:43.876+0000] {processor.py:186} INFO - Started process (PID=9396) to work on /home/airflow/.local/lib/python3.12/site-packages/airflow/example_dags/example_sensors.py
[2025-01-26T18:42:43.877+0000] {processor.py:914} INFO - Processing file /home/airflow/.local/lib/python3.12/site-packages/airflow/example_dags/example_sensors.py for tasks to queue
[2025-01-26T18:42:43.878+0000] {logging_mixin.py:190} INFO - [2025-01-26T18:42:43.878+0000] {dagbag.py:588} INFO - Filling up the DagBag from /home/airflow/.local/lib/python3.12/site-packages/airflow/example_dags/example_sensors.py
[2025-01-26T18:42:43.894+0000] {processor.py:925} INFO - DAG(s) 'example_sensors' retrieved from /home/airflow/.local/lib/python3.12/site-packages/airflow/example_dags/example_sensors.py
[2025-01-26T18:42:43.923+0000] {logging_mixin.py:190} INFO - [2025-01-26T18:42:43.923+0000] {dag.py:3239} INFO - Sync 1 DAGs
[2025-01-26T18:42:43.939+0000] {logging_mixin.py:190} INFO - [2025-01-26T18:42:43.939+0000] {dag.py:4180} INFO - Setting next_dagrun for example_sensors to None, run_after=None
[2025-01-26T18:42:43.960+0000] {processor.py:208} INFO - Processing /home/airflow/.local/lib/python3.12/site-packages/airflow/example_dags/example_sensors.py took 0.091 seconds
[2025-01-26T18:43:14.305+0000] {processor.py:186} INFO - Started process (PID=9461) to work on /home/airflow/.local/lib/python3.12/site-packages/airflow/example_dags/example_sensors.py
[2025-01-26T18:43:14.306+0000] {processor.py:914} INFO - Processing file /home/airflow/.local/lib/python3.12/site-packages/airflow/example_dags/example_sensors.py for tasks to queue
[2025-01-26T18:43:14.308+0000] {logging_mixin.py:190} INFO - [2025-01-26T18:43:14.307+0000] {dagbag.py:588} INFO - Filling up the DagBag from /home/airflow/.local/lib/python3.12/site-packages/airflow/example_dags/example_sensors.py
[2025-01-26T18:43:14.324+0000] {processor.py:925} INFO - DAG(s) 'example_sensors' retrieved from /home/airflow/.local/lib/python3.12/site-packages/airflow/example_dags/example_sensors.py
[2025-01-26T18:43:14.357+0000] {logging_mixin.py:190} INFO - [2025-01-26T18:43:14.356+0000] {dag.py:3239} INFO - Sync 1 DAGs
[2025-01-26T18:43:14.382+0000] {logging_mixin.py:190} INFO - [2025-01-26T18:43:14.381+0000] {dag.py:4180} INFO - Setting next_dagrun for example_sensors to None, run_after=None
[2025-01-26T18:43:14.406+0000] {processor.py:208} INFO - Processing /home/airflow/.local/lib/python3.12/site-packages/airflow/example_dags/example_sensors.py took 0.111 seconds
[2025-01-26T18:44:56.658+0000] {processor.py:186} INFO - Started process (PID=45) to work on /home/airflow/.local/lib/python3.12/site-packages/airflow/example_dags/example_sensors.py
[2025-01-26T18:44:56.659+0000] {processor.py:914} INFO - Processing file /home/airflow/.local/lib/python3.12/site-packages/airflow/example_dags/example_sensors.py for tasks to queue
[2025-01-26T18:44:56.662+0000] {logging_mixin.py:190} INFO - [2025-01-26T18:44:56.662+0000] {dagbag.py:588} INFO - Filling up the DagBag from /home/airflow/.local/lib/python3.12/site-packages/airflow/example_dags/example_sensors.py
[2025-01-26T18:44:56.679+0000] {processor.py:925} INFO - DAG(s) 'example_sensors' retrieved from /home/airflow/.local/lib/python3.12/site-packages/airflow/example_dags/example_sensors.py
[2025-01-26T18:44:56.721+0000] {logging_mixin.py:190} INFO - [2025-01-26T18:44:56.721+0000] {dag.py:3239} INFO - Sync 1 DAGs
[2025-01-26T18:44:56.739+0000] {logging_mixin.py:190} INFO - [2025-01-26T18:44:56.738+0000] {dag.py:4180} INFO - Setting next_dagrun for example_sensors to None, run_after=None
[2025-01-26T18:44:56.765+0000] {processor.py:208} INFO - Processing /home/airflow/.local/lib/python3.12/site-packages/airflow/example_dags/example_sensors.py took 0.115 seconds
[2025-01-26T18:45:27.447+0000] {processor.py:186} INFO - Started process (PID=109) to work on /home/airflow/.local/lib/python3.12/site-packages/airflow/example_dags/example_sensors.py
[2025-01-26T18:45:27.448+0000] {processor.py:914} INFO - Processing file /home/airflow/.local/lib/python3.12/site-packages/airflow/example_dags/example_sensors.py for tasks to queue
[2025-01-26T18:45:27.451+0000] {logging_mixin.py:190} INFO - [2025-01-26T18:45:27.450+0000] {dagbag.py:588} INFO - Filling up the DagBag from /home/airflow/.local/lib/python3.12/site-packages/airflow/example_dags/example_sensors.py
[2025-01-26T18:45:27.463+0000] {processor.py:925} INFO - DAG(s) 'example_sensors' retrieved from /home/airflow/.local/lib/python3.12/site-packages/airflow/example_dags/example_sensors.py
[2025-01-26T18:45:27.489+0000] {logging_mixin.py:190} INFO - [2025-01-26T18:45:27.488+0000] {dag.py:3239} INFO - Sync 1 DAGs
[2025-01-26T18:45:27.507+0000] {logging_mixin.py:190} INFO - [2025-01-26T18:45:27.507+0000] {dag.py:4180} INFO - Setting next_dagrun for example_sensors to None, run_after=None
[2025-01-26T18:45:27.528+0000] {processor.py:208} INFO - Processing /home/airflow/.local/lib/python3.12/site-packages/airflow/example_dags/example_sensors.py took 0.088 seconds
[2025-01-26T18:45:58.507+0000] {processor.py:186} INFO - Started process (PID=174) to work on /home/airflow/.local/lib/python3.12/site-packages/airflow/example_dags/example_sensors.py
[2025-01-26T18:45:58.509+0000] {processor.py:914} INFO - Processing file /home/airflow/.local/lib/python3.12/site-packages/airflow/example_dags/example_sensors.py for tasks to queue
[2025-01-26T18:45:58.512+0000] {logging_mixin.py:190} INFO - [2025-01-26T18:45:58.512+0000] {dagbag.py:588} INFO - Filling up the DagBag from /home/airflow/.local/lib/python3.12/site-packages/airflow/example_dags/example_sensors.py
[2025-01-26T18:45:58.528+0000] {processor.py:925} INFO - DAG(s) 'example_sensors' retrieved from /home/airflow/.local/lib/python3.12/site-packages/airflow/example_dags/example_sensors.py
[2025-01-26T18:45:58.558+0000] {logging_mixin.py:190} INFO - [2025-01-26T18:45:58.558+0000] {dag.py:3239} INFO - Sync 1 DAGs
[2025-01-26T18:45:58.578+0000] {logging_mixin.py:190} INFO - [2025-01-26T18:45:58.578+0000] {dag.py:4180} INFO - Setting next_dagrun for example_sensors to None, run_after=None
[2025-01-26T18:45:58.609+0000] {processor.py:208} INFO - Processing /home/airflow/.local/lib/python3.12/site-packages/airflow/example_dags/example_sensors.py took 0.110 seconds
[2025-01-26T18:46:28.987+0000] {processor.py:186} INFO - Started process (PID=239) to work on /home/airflow/.local/lib/python3.12/site-packages/airflow/example_dags/example_sensors.py
[2025-01-26T18:46:28.988+0000] {processor.py:914} INFO - Processing file /home/airflow/.local/lib/python3.12/site-packages/airflow/example_dags/example_sensors.py for tasks to queue
[2025-01-26T18:46:28.996+0000] {logging_mixin.py:190} INFO - [2025-01-26T18:46:28.995+0000] {dagbag.py:588} INFO - Filling up the DagBag from /home/airflow/.local/lib/python3.12/site-packages/airflow/example_dags/example_sensors.py
[2025-01-26T18:46:29.019+0000] {processor.py:925} INFO - DAG(s) 'example_sensors' retrieved from /home/airflow/.local/lib/python3.12/site-packages/airflow/example_dags/example_sensors.py
[2025-01-26T18:46:29.066+0000] {logging_mixin.py:190} INFO - [2025-01-26T18:46:29.066+0000] {dag.py:3239} INFO - Sync 1 DAGs
[2025-01-26T18:46:29.097+0000] {logging_mixin.py:190} INFO - [2025-01-26T18:46:29.097+0000] {dag.py:4180} INFO - Setting next_dagrun for example_sensors to None, run_after=None
[2025-01-26T18:46:29.128+0000] {processor.py:208} INFO - Processing /home/airflow/.local/lib/python3.12/site-packages/airflow/example_dags/example_sensors.py took 0.150 seconds
[2025-01-26T18:46:59.498+0000] {processor.py:186} INFO - Started process (PID=304) to work on /home/airflow/.local/lib/python3.12/site-packages/airflow/example_dags/example_sensors.py
[2025-01-26T18:46:59.499+0000] {processor.py:914} INFO - Processing file /home/airflow/.local/lib/python3.12/site-packages/airflow/example_dags/example_sensors.py for tasks to queue
[2025-01-26T18:46:59.502+0000] {logging_mixin.py:190} INFO - [2025-01-26T18:46:59.502+0000] {dagbag.py:588} INFO - Filling up the DagBag from /home/airflow/.local/lib/python3.12/site-packages/airflow/example_dags/example_sensors.py
[2025-01-26T18:46:59.529+0000] {processor.py:925} INFO - DAG(s) 'example_sensors' retrieved from /home/airflow/.local/lib/python3.12/site-packages/airflow/example_dags/example_sensors.py
[2025-01-26T18:46:59.590+0000] {logging_mixin.py:190} INFO - [2025-01-26T18:46:59.589+0000] {dag.py:3239} INFO - Sync 1 DAGs
[2025-01-26T18:46:59.637+0000] {logging_mixin.py:190} INFO - [2025-01-26T18:46:59.636+0000] {dag.py:4180} INFO - Setting next_dagrun for example_sensors to None, run_after=None
[2025-01-26T18:46:59.674+0000] {processor.py:208} INFO - Processing /home/airflow/.local/lib/python3.12/site-packages/airflow/example_dags/example_sensors.py took 0.186 seconds
[2025-01-26T18:47:29.880+0000] {processor.py:186} INFO - Started process (PID=369) to work on /home/airflow/.local/lib/python3.12/site-packages/airflow/example_dags/example_sensors.py
[2025-01-26T18:47:29.882+0000] {processor.py:914} INFO - Processing file /home/airflow/.local/lib/python3.12/site-packages/airflow/example_dags/example_sensors.py for tasks to queue
[2025-01-26T18:47:29.885+0000] {logging_mixin.py:190} INFO - [2025-01-26T18:47:29.884+0000] {dagbag.py:588} INFO - Filling up the DagBag from /home/airflow/.local/lib/python3.12/site-packages/airflow/example_dags/example_sensors.py
[2025-01-26T18:47:29.899+0000] {processor.py:925} INFO - DAG(s) 'example_sensors' retrieved from /home/airflow/.local/lib/python3.12/site-packages/airflow/example_dags/example_sensors.py
[2025-01-26T18:47:29.928+0000] {logging_mixin.py:190} INFO - [2025-01-26T18:47:29.927+0000] {dag.py:3239} INFO - Sync 1 DAGs
[2025-01-26T18:47:29.945+0000] {logging_mixin.py:190} INFO - [2025-01-26T18:47:29.945+0000] {dag.py:4180} INFO - Setting next_dagrun for example_sensors to None, run_after=None
[2025-01-26T18:47:29.966+0000] {processor.py:208} INFO - Processing /home/airflow/.local/lib/python3.12/site-packages/airflow/example_dags/example_sensors.py took 0.097 seconds
[2025-01-26T18:48:00.827+0000] {processor.py:186} INFO - Started process (PID=433) to work on /home/airflow/.local/lib/python3.12/site-packages/airflow/example_dags/example_sensors.py
[2025-01-26T18:48:00.828+0000] {processor.py:914} INFO - Processing file /home/airflow/.local/lib/python3.12/site-packages/airflow/example_dags/example_sensors.py for tasks to queue
[2025-01-26T18:48:00.837+0000] {logging_mixin.py:190} INFO - [2025-01-26T18:48:00.836+0000] {dagbag.py:588} INFO - Filling up the DagBag from /home/airflow/.local/lib/python3.12/site-packages/airflow/example_dags/example_sensors.py
[2025-01-26T18:48:00.854+0000] {processor.py:925} INFO - DAG(s) 'example_sensors' retrieved from /home/airflow/.local/lib/python3.12/site-packages/airflow/example_dags/example_sensors.py
[2025-01-26T18:48:00.890+0000] {logging_mixin.py:190} INFO - [2025-01-26T18:48:00.889+0000] {dag.py:3239} INFO - Sync 1 DAGs
[2025-01-26T18:48:00.918+0000] {logging_mixin.py:190} INFO - [2025-01-26T18:48:00.917+0000] {dag.py:4180} INFO - Setting next_dagrun for example_sensors to None, run_after=None
[2025-01-26T18:48:00.964+0000] {processor.py:208} INFO - Processing /home/airflow/.local/lib/python3.12/site-packages/airflow/example_dags/example_sensors.py took 0.145 seconds
[2025-01-26T18:48:31.945+0000] {processor.py:186} INFO - Started process (PID=498) to work on /home/airflow/.local/lib/python3.12/site-packages/airflow/example_dags/example_sensors.py
[2025-01-26T18:48:31.946+0000] {processor.py:914} INFO - Processing file /home/airflow/.local/lib/python3.12/site-packages/airflow/example_dags/example_sensors.py for tasks to queue
[2025-01-26T18:48:31.950+0000] {logging_mixin.py:190} INFO - [2025-01-26T18:48:31.950+0000] {dagbag.py:588} INFO - Filling up the DagBag from /home/airflow/.local/lib/python3.12/site-packages/airflow/example_dags/example_sensors.py
[2025-01-26T18:48:31.970+0000] {processor.py:925} INFO - DAG(s) 'example_sensors' retrieved from /home/airflow/.local/lib/python3.12/site-packages/airflow/example_dags/example_sensors.py
[2025-01-26T18:48:32.011+0000] {logging_mixin.py:190} INFO - [2025-01-26T18:48:32.010+0000] {dag.py:3239} INFO - Sync 1 DAGs
[2025-01-26T18:48:32.034+0000] {logging_mixin.py:190} INFO - [2025-01-26T18:48:32.034+0000] {dag.py:4180} INFO - Setting next_dagrun for example_sensors to None, run_after=None
[2025-01-26T18:48:32.074+0000] {processor.py:208} INFO - Processing /home/airflow/.local/lib/python3.12/site-packages/airflow/example_dags/example_sensors.py took 0.139 seconds
[2025-01-26T18:49:02.240+0000] {processor.py:186} INFO - Started process (PID=563) to work on /home/airflow/.local/lib/python3.12/site-packages/airflow/example_dags/example_sensors.py
[2025-01-26T18:49:02.242+0000] {processor.py:914} INFO - Processing file /home/airflow/.local/lib/python3.12/site-packages/airflow/example_dags/example_sensors.py for tasks to queue
[2025-01-26T18:49:02.245+0000] {logging_mixin.py:190} INFO - [2025-01-26T18:49:02.244+0000] {dagbag.py:588} INFO - Filling up the DagBag from /home/airflow/.local/lib/python3.12/site-packages/airflow/example_dags/example_sensors.py
[2025-01-26T18:49:02.258+0000] {processor.py:925} INFO - DAG(s) 'example_sensors' retrieved from /home/airflow/.local/lib/python3.12/site-packages/airflow/example_dags/example_sensors.py
[2025-01-26T18:49:02.285+0000] {logging_mixin.py:190} INFO - [2025-01-26T18:49:02.285+0000] {dag.py:3239} INFO - Sync 1 DAGs
[2025-01-26T18:49:02.302+0000] {logging_mixin.py:190} INFO - [2025-01-26T18:49:02.302+0000] {dag.py:4180} INFO - Setting next_dagrun for example_sensors to None, run_after=None
[2025-01-26T18:49:02.324+0000] {processor.py:208} INFO - Processing /home/airflow/.local/lib/python3.12/site-packages/airflow/example_dags/example_sensors.py took 0.092 seconds
[2025-01-26T18:49:33.215+0000] {processor.py:186} INFO - Started process (PID=628) to work on /home/airflow/.local/lib/python3.12/site-packages/airflow/example_dags/example_sensors.py
[2025-01-26T18:49:33.216+0000] {processor.py:914} INFO - Processing file /home/airflow/.local/lib/python3.12/site-packages/airflow/example_dags/example_sensors.py for tasks to queue
[2025-01-26T18:49:33.219+0000] {logging_mixin.py:190} INFO - [2025-01-26T18:49:33.218+0000] {dagbag.py:588} INFO - Filling up the DagBag from /home/airflow/.local/lib/python3.12/site-packages/airflow/example_dags/example_sensors.py
[2025-01-26T18:49:33.234+0000] {processor.py:925} INFO - DAG(s) 'example_sensors' retrieved from /home/airflow/.local/lib/python3.12/site-packages/airflow/example_dags/example_sensors.py
[2025-01-26T18:49:33.260+0000] {logging_mixin.py:190} INFO - [2025-01-26T18:49:33.260+0000] {dag.py:3239} INFO - Sync 1 DAGs
[2025-01-26T18:49:33.278+0000] {logging_mixin.py:190} INFO - [2025-01-26T18:49:33.277+0000] {dag.py:4180} INFO - Setting next_dagrun for example_sensors to None, run_after=None
[2025-01-26T18:49:33.298+0000] {processor.py:208} INFO - Processing /home/airflow/.local/lib/python3.12/site-packages/airflow/example_dags/example_sensors.py took 0.091 seconds
[2025-01-26T18:50:03.834+0000] {processor.py:186} INFO - Started process (PID=694) to work on /home/airflow/.local/lib/python3.12/site-packages/airflow/example_dags/example_sensors.py
[2025-01-26T18:50:03.835+0000] {processor.py:914} INFO - Processing file /home/airflow/.local/lib/python3.12/site-packages/airflow/example_dags/example_sensors.py for tasks to queue
[2025-01-26T18:50:03.838+0000] {logging_mixin.py:190} INFO - [2025-01-26T18:50:03.837+0000] {dagbag.py:588} INFO - Filling up the DagBag from /home/airflow/.local/lib/python3.12/site-packages/airflow/example_dags/example_sensors.py
[2025-01-26T18:50:03.851+0000] {processor.py:925} INFO - DAG(s) 'example_sensors' retrieved from /home/airflow/.local/lib/python3.12/site-packages/airflow/example_dags/example_sensors.py
[2025-01-26T18:50:03.885+0000] {logging_mixin.py:190} INFO - [2025-01-26T18:50:03.885+0000] {dag.py:3239} INFO - Sync 1 DAGs
[2025-01-26T18:50:03.904+0000] {logging_mixin.py:190} INFO - [2025-01-26T18:50:03.904+0000] {dag.py:4180} INFO - Setting next_dagrun for example_sensors to None, run_after=None
[2025-01-26T18:50:03.929+0000] {processor.py:208} INFO - Processing /home/airflow/.local/lib/python3.12/site-packages/airflow/example_dags/example_sensors.py took 0.102 seconds
[2025-01-26T18:50:35.339+0000] {processor.py:186} INFO - Started process (PID=759) to work on /home/airflow/.local/lib/python3.12/site-packages/airflow/example_dags/example_sensors.py
[2025-01-26T18:50:35.343+0000] {processor.py:914} INFO - Processing file /home/airflow/.local/lib/python3.12/site-packages/airflow/example_dags/example_sensors.py for tasks to queue
[2025-01-26T18:50:35.347+0000] {logging_mixin.py:190} INFO - [2025-01-26T18:50:35.347+0000] {dagbag.py:588} INFO - Filling up the DagBag from /home/airflow/.local/lib/python3.12/site-packages/airflow/example_dags/example_sensors.py
[2025-01-26T18:50:35.370+0000] {processor.py:925} INFO - DAG(s) 'example_sensors' retrieved from /home/airflow/.local/lib/python3.12/site-packages/airflow/example_dags/example_sensors.py
[2025-01-26T18:50:35.408+0000] {logging_mixin.py:190} INFO - [2025-01-26T18:50:35.408+0000] {dag.py:3239} INFO - Sync 1 DAGs
[2025-01-26T18:50:35.430+0000] {logging_mixin.py:190} INFO - [2025-01-26T18:50:35.430+0000] {dag.py:4180} INFO - Setting next_dagrun for example_sensors to None, run_after=None
[2025-01-26T18:50:35.464+0000] {processor.py:208} INFO - Processing /home/airflow/.local/lib/python3.12/site-packages/airflow/example_dags/example_sensors.py took 0.135 seconds
[2025-01-26T18:52:09.967+0000] {processor.py:186} INFO - Started process (PID=38) to work on /home/airflow/.local/lib/python3.12/site-packages/airflow/example_dags/example_sensors.py
[2025-01-26T18:52:09.969+0000] {processor.py:914} INFO - Processing file /home/airflow/.local/lib/python3.12/site-packages/airflow/example_dags/example_sensors.py for tasks to queue
[2025-01-26T18:52:09.975+0000] {logging_mixin.py:190} INFO - [2025-01-26T18:52:09.974+0000] {dagbag.py:588} INFO - Filling up the DagBag from /home/airflow/.local/lib/python3.12/site-packages/airflow/example_dags/example_sensors.py
[2025-01-26T18:52:10.000+0000] {processor.py:925} INFO - DAG(s) 'example_sensors' retrieved from /home/airflow/.local/lib/python3.12/site-packages/airflow/example_dags/example_sensors.py
[2025-01-26T18:52:10.052+0000] {logging_mixin.py:190} INFO - [2025-01-26T18:52:10.052+0000] {dag.py:3239} INFO - Sync 1 DAGs
[2025-01-26T18:52:10.092+0000] {logging_mixin.py:190} INFO - [2025-01-26T18:52:10.091+0000] {dag.py:4180} INFO - Setting next_dagrun for example_sensors to None, run_after=None
[2025-01-26T18:52:10.135+0000] {processor.py:208} INFO - Processing /home/airflow/.local/lib/python3.12/site-packages/airflow/example_dags/example_sensors.py took 0.177 seconds
[2025-01-26T18:52:40.934+0000] {processor.py:186} INFO - Started process (PID=103) to work on /home/airflow/.local/lib/python3.12/site-packages/airflow/example_dags/example_sensors.py
[2025-01-26T18:52:40.935+0000] {processor.py:914} INFO - Processing file /home/airflow/.local/lib/python3.12/site-packages/airflow/example_dags/example_sensors.py for tasks to queue
[2025-01-26T18:52:40.938+0000] {logging_mixin.py:190} INFO - [2025-01-26T18:52:40.938+0000] {dagbag.py:588} INFO - Filling up the DagBag from /home/airflow/.local/lib/python3.12/site-packages/airflow/example_dags/example_sensors.py
[2025-01-26T18:52:40.950+0000] {processor.py:925} INFO - DAG(s) 'example_sensors' retrieved from /home/airflow/.local/lib/python3.12/site-packages/airflow/example_dags/example_sensors.py
[2025-01-26T18:52:40.975+0000] {logging_mixin.py:190} INFO - [2025-01-26T18:52:40.975+0000] {dag.py:3239} INFO - Sync 1 DAGs
[2025-01-26T18:52:40.990+0000] {logging_mixin.py:190} INFO - [2025-01-26T18:52:40.990+0000] {dag.py:4180} INFO - Setting next_dagrun for example_sensors to None, run_after=None
[2025-01-26T18:52:41.011+0000] {processor.py:208} INFO - Processing /home/airflow/.local/lib/python3.12/site-packages/airflow/example_dags/example_sensors.py took 0.082 seconds
[2025-01-26T18:53:11.957+0000] {processor.py:186} INFO - Started process (PID=169) to work on /home/airflow/.local/lib/python3.12/site-packages/airflow/example_dags/example_sensors.py
[2025-01-26T18:53:11.959+0000] {processor.py:914} INFO - Processing file /home/airflow/.local/lib/python3.12/site-packages/airflow/example_dags/example_sensors.py for tasks to queue
[2025-01-26T18:53:11.961+0000] {logging_mixin.py:190} INFO - [2025-01-26T18:53:11.961+0000] {dagbag.py:588} INFO - Filling up the DagBag from /home/airflow/.local/lib/python3.12/site-packages/airflow/example_dags/example_sensors.py
[2025-01-26T18:53:11.972+0000] {processor.py:925} INFO - DAG(s) 'example_sensors' retrieved from /home/airflow/.local/lib/python3.12/site-packages/airflow/example_dags/example_sensors.py
[2025-01-26T18:53:11.998+0000] {logging_mixin.py:190} INFO - [2025-01-26T18:53:11.998+0000] {dag.py:3239} INFO - Sync 1 DAGs
[2025-01-26T18:53:12.016+0000] {logging_mixin.py:190} INFO - [2025-01-26T18:53:12.015+0000] {dag.py:4180} INFO - Setting next_dagrun for example_sensors to None, run_after=None
[2025-01-26T18:53:12.035+0000] {processor.py:208} INFO - Processing /home/airflow/.local/lib/python3.12/site-packages/airflow/example_dags/example_sensors.py took 0.083 seconds
[2025-01-26T18:53:42.100+0000] {processor.py:186} INFO - Started process (PID=233) to work on /home/airflow/.local/lib/python3.12/site-packages/airflow/example_dags/example_sensors.py
[2025-01-26T18:53:42.101+0000] {processor.py:914} INFO - Processing file /home/airflow/.local/lib/python3.12/site-packages/airflow/example_dags/example_sensors.py for tasks to queue
[2025-01-26T18:53:42.104+0000] {logging_mixin.py:190} INFO - [2025-01-26T18:53:42.103+0000] {dagbag.py:588} INFO - Filling up the DagBag from /home/airflow/.local/lib/python3.12/site-packages/airflow/example_dags/example_sensors.py
[2025-01-26T18:53:42.115+0000] {processor.py:925} INFO - DAG(s) 'example_sensors' retrieved from /home/airflow/.local/lib/python3.12/site-packages/airflow/example_dags/example_sensors.py
[2025-01-26T18:53:42.142+0000] {logging_mixin.py:190} INFO - [2025-01-26T18:53:42.142+0000] {dag.py:3239} INFO - Sync 1 DAGs
[2025-01-26T18:53:42.158+0000] {logging_mixin.py:190} INFO - [2025-01-26T18:53:42.158+0000] {dag.py:4180} INFO - Setting next_dagrun for example_sensors to None, run_after=None
[2025-01-26T18:53:42.182+0000] {processor.py:208} INFO - Processing /home/airflow/.local/lib/python3.12/site-packages/airflow/example_dags/example_sensors.py took 0.087 seconds
[2025-01-26T18:54:12.535+0000] {processor.py:186} INFO - Started process (PID=298) to work on /home/airflow/.local/lib/python3.12/site-packages/airflow/example_dags/example_sensors.py
[2025-01-26T18:54:12.536+0000] {processor.py:914} INFO - Processing file /home/airflow/.local/lib/python3.12/site-packages/airflow/example_dags/example_sensors.py for tasks to queue
[2025-01-26T18:54:12.538+0000] {logging_mixin.py:190} INFO - [2025-01-26T18:54:12.538+0000] {dagbag.py:588} INFO - Filling up the DagBag from /home/airflow/.local/lib/python3.12/site-packages/airflow/example_dags/example_sensors.py
[2025-01-26T18:54:12.551+0000] {processor.py:925} INFO - DAG(s) 'example_sensors' retrieved from /home/airflow/.local/lib/python3.12/site-packages/airflow/example_dags/example_sensors.py
[2025-01-26T18:54:12.578+0000] {logging_mixin.py:190} INFO - [2025-01-26T18:54:12.578+0000] {dag.py:3239} INFO - Sync 1 DAGs
[2025-01-26T18:54:12.592+0000] {logging_mixin.py:190} INFO - [2025-01-26T18:54:12.592+0000] {dag.py:4180} INFO - Setting next_dagrun for example_sensors to None, run_after=None
[2025-01-26T18:54:12.612+0000] {processor.py:208} INFO - Processing /home/airflow/.local/lib/python3.12/site-packages/airflow/example_dags/example_sensors.py took 0.082 seconds
[2025-01-26T18:54:43.453+0000] {processor.py:186} INFO - Started process (PID=364) to work on /home/airflow/.local/lib/python3.12/site-packages/airflow/example_dags/example_sensors.py
[2025-01-26T18:54:43.454+0000] {processor.py:914} INFO - Processing file /home/airflow/.local/lib/python3.12/site-packages/airflow/example_dags/example_sensors.py for tasks to queue
[2025-01-26T18:54:43.456+0000] {logging_mixin.py:190} INFO - [2025-01-26T18:54:43.456+0000] {dagbag.py:588} INFO - Filling up the DagBag from /home/airflow/.local/lib/python3.12/site-packages/airflow/example_dags/example_sensors.py
[2025-01-26T18:54:43.470+0000] {processor.py:925} INFO - DAG(s) 'example_sensors' retrieved from /home/airflow/.local/lib/python3.12/site-packages/airflow/example_dags/example_sensors.py
[2025-01-26T18:54:43.511+0000] {logging_mixin.py:190} INFO - [2025-01-26T18:54:43.511+0000] {dag.py:3239} INFO - Sync 1 DAGs
[2025-01-26T18:54:43.534+0000] {logging_mixin.py:190} INFO - [2025-01-26T18:54:43.533+0000] {dag.py:4180} INFO - Setting next_dagrun for example_sensors to None, run_after=None
[2025-01-26T18:54:43.564+0000] {processor.py:208} INFO - Processing /home/airflow/.local/lib/python3.12/site-packages/airflow/example_dags/example_sensors.py took 0.119 seconds
[2025-01-26T18:55:13.658+0000] {processor.py:186} INFO - Started process (PID=435) to work on /home/airflow/.local/lib/python3.12/site-packages/airflow/example_dags/example_sensors.py
[2025-01-26T18:55:13.659+0000] {processor.py:914} INFO - Processing file /home/airflow/.local/lib/python3.12/site-packages/airflow/example_dags/example_sensors.py for tasks to queue
[2025-01-26T18:55:13.662+0000] {logging_mixin.py:190} INFO - [2025-01-26T18:55:13.662+0000] {dagbag.py:588} INFO - Filling up the DagBag from /home/airflow/.local/lib/python3.12/site-packages/airflow/example_dags/example_sensors.py
[2025-01-26T18:55:13.689+0000] {processor.py:925} INFO - DAG(s) 'example_sensors' retrieved from /home/airflow/.local/lib/python3.12/site-packages/airflow/example_dags/example_sensors.py
[2025-01-26T18:55:13.739+0000] {logging_mixin.py:190} INFO - [2025-01-26T18:55:13.739+0000] {dag.py:3239} INFO - Sync 1 DAGs
[2025-01-26T18:55:13.756+0000] {logging_mixin.py:190} INFO - [2025-01-26T18:55:13.756+0000] {dag.py:4180} INFO - Setting next_dagrun for example_sensors to None, run_after=None
[2025-01-26T18:55:13.778+0000] {processor.py:208} INFO - Processing /home/airflow/.local/lib/python3.12/site-packages/airflow/example_dags/example_sensors.py took 0.130 seconds
[2025-01-26T18:55:44.636+0000] {processor.py:186} INFO - Started process (PID=500) to work on /home/airflow/.local/lib/python3.12/site-packages/airflow/example_dags/example_sensors.py
[2025-01-26T18:55:44.637+0000] {processor.py:914} INFO - Processing file /home/airflow/.local/lib/python3.12/site-packages/airflow/example_dags/example_sensors.py for tasks to queue
[2025-01-26T18:55:44.640+0000] {logging_mixin.py:190} INFO - [2025-01-26T18:55:44.640+0000] {dagbag.py:588} INFO - Filling up the DagBag from /home/airflow/.local/lib/python3.12/site-packages/airflow/example_dags/example_sensors.py
[2025-01-26T18:55:44.655+0000] {processor.py:925} INFO - DAG(s) 'example_sensors' retrieved from /home/airflow/.local/lib/python3.12/site-packages/airflow/example_dags/example_sensors.py
[2025-01-26T18:55:44.686+0000] {logging_mixin.py:190} INFO - [2025-01-26T18:55:44.686+0000] {dag.py:3239} INFO - Sync 1 DAGs
[2025-01-26T18:55:44.702+0000] {logging_mixin.py:190} INFO - [2025-01-26T18:55:44.702+0000] {dag.py:4180} INFO - Setting next_dagrun for example_sensors to None, run_after=None
[2025-01-26T18:55:44.723+0000] {processor.py:208} INFO - Processing /home/airflow/.local/lib/python3.12/site-packages/airflow/example_dags/example_sensors.py took 0.093 seconds
[2025-01-26T18:56:15.218+0000] {processor.py:186} INFO - Started process (PID=564) to work on /home/airflow/.local/lib/python3.12/site-packages/airflow/example_dags/example_sensors.py
[2025-01-26T18:56:15.219+0000] {processor.py:914} INFO - Processing file /home/airflow/.local/lib/python3.12/site-packages/airflow/example_dags/example_sensors.py for tasks to queue
[2025-01-26T18:56:15.222+0000] {logging_mixin.py:190} INFO - [2025-01-26T18:56:15.222+0000] {dagbag.py:588} INFO - Filling up the DagBag from /home/airflow/.local/lib/python3.12/site-packages/airflow/example_dags/example_sensors.py
[2025-01-26T18:56:15.238+0000] {processor.py:925} INFO - DAG(s) 'example_sensors' retrieved from /home/airflow/.local/lib/python3.12/site-packages/airflow/example_dags/example_sensors.py
[2025-01-26T18:56:15.270+0000] {logging_mixin.py:190} INFO - [2025-01-26T18:56:15.270+0000] {dag.py:3239} INFO - Sync 1 DAGs
[2025-01-26T18:56:15.289+0000] {logging_mixin.py:190} INFO - [2025-01-26T18:56:15.289+0000] {dag.py:4180} INFO - Setting next_dagrun for example_sensors to None, run_after=None
[2025-01-26T18:56:15.314+0000] {processor.py:208} INFO - Processing /home/airflow/.local/lib/python3.12/site-packages/airflow/example_dags/example_sensors.py took 0.101 seconds
[2025-01-26T18:56:46.046+0000] {processor.py:186} INFO - Started process (PID=629) to work on /home/airflow/.local/lib/python3.12/site-packages/airflow/example_dags/example_sensors.py
[2025-01-26T18:56:46.048+0000] {processor.py:914} INFO - Processing file /home/airflow/.local/lib/python3.12/site-packages/airflow/example_dags/example_sensors.py for tasks to queue
[2025-01-26T18:56:46.051+0000] {logging_mixin.py:190} INFO - [2025-01-26T18:56:46.051+0000] {dagbag.py:588} INFO - Filling up the DagBag from /home/airflow/.local/lib/python3.12/site-packages/airflow/example_dags/example_sensors.py
[2025-01-26T18:56:46.068+0000] {processor.py:925} INFO - DAG(s) 'example_sensors' retrieved from /home/airflow/.local/lib/python3.12/site-packages/airflow/example_dags/example_sensors.py
[2025-01-26T18:56:46.119+0000] {logging_mixin.py:190} INFO - [2025-01-26T18:56:46.119+0000] {dag.py:3239} INFO - Sync 1 DAGs
[2025-01-26T18:56:46.141+0000] {logging_mixin.py:190} INFO - [2025-01-26T18:56:46.141+0000] {dag.py:4180} INFO - Setting next_dagrun for example_sensors to None, run_after=None
[2025-01-26T18:56:46.166+0000] {processor.py:208} INFO - Processing /home/airflow/.local/lib/python3.12/site-packages/airflow/example_dags/example_sensors.py took 0.127 seconds
[2025-01-26T18:57:17.119+0000] {processor.py:186} INFO - Started process (PID=694) to work on /home/airflow/.local/lib/python3.12/site-packages/airflow/example_dags/example_sensors.py
[2025-01-26T18:57:17.120+0000] {processor.py:914} INFO - Processing file /home/airflow/.local/lib/python3.12/site-packages/airflow/example_dags/example_sensors.py for tasks to queue
[2025-01-26T18:57:17.123+0000] {logging_mixin.py:190} INFO - [2025-01-26T18:57:17.123+0000] {dagbag.py:588} INFO - Filling up the DagBag from /home/airflow/.local/lib/python3.12/site-packages/airflow/example_dags/example_sensors.py
[2025-01-26T18:57:17.135+0000] {processor.py:925} INFO - DAG(s) 'example_sensors' retrieved from /home/airflow/.local/lib/python3.12/site-packages/airflow/example_dags/example_sensors.py
[2025-01-26T18:57:17.168+0000] {logging_mixin.py:190} INFO - [2025-01-26T18:57:17.168+0000] {dag.py:3239} INFO - Sync 1 DAGs
[2025-01-26T18:57:17.185+0000] {logging_mixin.py:190} INFO - [2025-01-26T18:57:17.185+0000] {dag.py:4180} INFO - Setting next_dagrun for example_sensors to None, run_after=None
[2025-01-26T18:57:17.212+0000] {processor.py:208} INFO - Processing /home/airflow/.local/lib/python3.12/site-packages/airflow/example_dags/example_sensors.py took 0.101 seconds
[2025-01-26T18:57:47.609+0000] {processor.py:186} INFO - Started process (PID=760) to work on /home/airflow/.local/lib/python3.12/site-packages/airflow/example_dags/example_sensors.py
[2025-01-26T18:57:47.609+0000] {processor.py:914} INFO - Processing file /home/airflow/.local/lib/python3.12/site-packages/airflow/example_dags/example_sensors.py for tasks to queue
[2025-01-26T18:57:47.612+0000] {logging_mixin.py:190} INFO - [2025-01-26T18:57:47.612+0000] {dagbag.py:588} INFO - Filling up the DagBag from /home/airflow/.local/lib/python3.12/site-packages/airflow/example_dags/example_sensors.py
[2025-01-26T18:57:47.623+0000] {processor.py:925} INFO - DAG(s) 'example_sensors' retrieved from /home/airflow/.local/lib/python3.12/site-packages/airflow/example_dags/example_sensors.py
[2025-01-26T18:57:47.654+0000] {logging_mixin.py:190} INFO - [2025-01-26T18:57:47.654+0000] {dag.py:3239} INFO - Sync 1 DAGs
[2025-01-26T18:57:47.675+0000] {logging_mixin.py:190} INFO - [2025-01-26T18:57:47.675+0000] {dag.py:4180} INFO - Setting next_dagrun for example_sensors to None, run_after=None
[2025-01-26T18:57:47.694+0000] {processor.py:208} INFO - Processing /home/airflow/.local/lib/python3.12/site-packages/airflow/example_dags/example_sensors.py took 0.090 seconds
[2025-01-26T18:58:18.436+0000] {processor.py:186} INFO - Started process (PID=825) to work on /home/airflow/.local/lib/python3.12/site-packages/airflow/example_dags/example_sensors.py
[2025-01-26T18:58:18.437+0000] {processor.py:914} INFO - Processing file /home/airflow/.local/lib/python3.12/site-packages/airflow/example_dags/example_sensors.py for tasks to queue
[2025-01-26T18:58:18.440+0000] {logging_mixin.py:190} INFO - [2025-01-26T18:58:18.440+0000] {dagbag.py:588} INFO - Filling up the DagBag from /home/airflow/.local/lib/python3.12/site-packages/airflow/example_dags/example_sensors.py
[2025-01-26T18:58:18.458+0000] {processor.py:925} INFO - DAG(s) 'example_sensors' retrieved from /home/airflow/.local/lib/python3.12/site-packages/airflow/example_dags/example_sensors.py
[2025-01-26T18:58:18.495+0000] {logging_mixin.py:190} INFO - [2025-01-26T18:58:18.495+0000] {dag.py:3239} INFO - Sync 1 DAGs
[2025-01-26T18:58:18.515+0000] {logging_mixin.py:190} INFO - [2025-01-26T18:58:18.515+0000] {dag.py:4180} INFO - Setting next_dagrun for example_sensors to None, run_after=None
[2025-01-26T18:58:18.540+0000] {processor.py:208} INFO - Processing /home/airflow/.local/lib/python3.12/site-packages/airflow/example_dags/example_sensors.py took 0.113 seconds
[2025-01-26T18:58:48.745+0000] {processor.py:186} INFO - Started process (PID=890) to work on /home/airflow/.local/lib/python3.12/site-packages/airflow/example_dags/example_sensors.py
[2025-01-26T18:58:48.746+0000] {processor.py:914} INFO - Processing file /home/airflow/.local/lib/python3.12/site-packages/airflow/example_dags/example_sensors.py for tasks to queue
[2025-01-26T18:58:48.750+0000] {logging_mixin.py:190} INFO - [2025-01-26T18:58:48.750+0000] {dagbag.py:588} INFO - Filling up the DagBag from /home/airflow/.local/lib/python3.12/site-packages/airflow/example_dags/example_sensors.py
[2025-01-26T18:58:48.761+0000] {processor.py:925} INFO - DAG(s) 'example_sensors' retrieved from /home/airflow/.local/lib/python3.12/site-packages/airflow/example_dags/example_sensors.py
[2025-01-26T18:58:48.791+0000] {logging_mixin.py:190} INFO - [2025-01-26T18:58:48.790+0000] {dag.py:3239} INFO - Sync 1 DAGs
[2025-01-26T18:58:48.811+0000] {logging_mixin.py:190} INFO - [2025-01-26T18:58:48.810+0000] {dag.py:4180} INFO - Setting next_dagrun for example_sensors to None, run_after=None
[2025-01-26T18:58:48.835+0000] {processor.py:208} INFO - Processing /home/airflow/.local/lib/python3.12/site-packages/airflow/example_dags/example_sensors.py took 0.096 seconds
[2025-01-26T18:59:19.491+0000] {processor.py:186} INFO - Started process (PID=955) to work on /home/airflow/.local/lib/python3.12/site-packages/airflow/example_dags/example_sensors.py
[2025-01-26T18:59:19.493+0000] {processor.py:914} INFO - Processing file /home/airflow/.local/lib/python3.12/site-packages/airflow/example_dags/example_sensors.py for tasks to queue
[2025-01-26T18:59:19.497+0000] {logging_mixin.py:190} INFO - [2025-01-26T18:59:19.496+0000] {dagbag.py:588} INFO - Filling up the DagBag from /home/airflow/.local/lib/python3.12/site-packages/airflow/example_dags/example_sensors.py
[2025-01-26T18:59:19.520+0000] {processor.py:925} INFO - DAG(s) 'example_sensors' retrieved from /home/airflow/.local/lib/python3.12/site-packages/airflow/example_dags/example_sensors.py
[2025-01-26T18:59:19.563+0000] {logging_mixin.py:190} INFO - [2025-01-26T18:59:19.562+0000] {dag.py:3239} INFO - Sync 1 DAGs
[2025-01-26T18:59:19.591+0000] {logging_mixin.py:190} INFO - [2025-01-26T18:59:19.591+0000] {dag.py:4180} INFO - Setting next_dagrun for example_sensors to None, run_after=None
[2025-01-26T18:59:19.625+0000] {processor.py:208} INFO - Processing /home/airflow/.local/lib/python3.12/site-packages/airflow/example_dags/example_sensors.py took 0.141 seconds
[2025-01-26T18:59:49.744+0000] {processor.py:186} INFO - Started process (PID=1020) to work on /home/airflow/.local/lib/python3.12/site-packages/airflow/example_dags/example_sensors.py
[2025-01-26T18:59:49.745+0000] {processor.py:914} INFO - Processing file /home/airflow/.local/lib/python3.12/site-packages/airflow/example_dags/example_sensors.py for tasks to queue
[2025-01-26T18:59:49.748+0000] {logging_mixin.py:190} INFO - [2025-01-26T18:59:49.747+0000] {dagbag.py:588} INFO - Filling up the DagBag from /home/airflow/.local/lib/python3.12/site-packages/airflow/example_dags/example_sensors.py
[2025-01-26T18:59:49.760+0000] {processor.py:925} INFO - DAG(s) 'example_sensors' retrieved from /home/airflow/.local/lib/python3.12/site-packages/airflow/example_dags/example_sensors.py
[2025-01-26T18:59:49.787+0000] {logging_mixin.py:190} INFO - [2025-01-26T18:59:49.787+0000] {dag.py:3239} INFO - Sync 1 DAGs
[2025-01-26T18:59:49.804+0000] {logging_mixin.py:190} INFO - [2025-01-26T18:59:49.804+0000] {dag.py:4180} INFO - Setting next_dagrun for example_sensors to None, run_after=None
[2025-01-26T18:59:49.833+0000] {processor.py:208} INFO - Processing /home/airflow/.local/lib/python3.12/site-packages/airflow/example_dags/example_sensors.py took 0.095 seconds
[2025-01-26T19:00:20.066+0000] {processor.py:186} INFO - Started process (PID=1085) to work on /home/airflow/.local/lib/python3.12/site-packages/airflow/example_dags/example_sensors.py
[2025-01-26T19:00:20.067+0000] {processor.py:914} INFO - Processing file /home/airflow/.local/lib/python3.12/site-packages/airflow/example_dags/example_sensors.py for tasks to queue
[2025-01-26T19:00:20.071+0000] {logging_mixin.py:190} INFO - [2025-01-26T19:00:20.070+0000] {dagbag.py:588} INFO - Filling up the DagBag from /home/airflow/.local/lib/python3.12/site-packages/airflow/example_dags/example_sensors.py
[2025-01-26T19:00:20.086+0000] {processor.py:925} INFO - DAG(s) 'example_sensors' retrieved from /home/airflow/.local/lib/python3.12/site-packages/airflow/example_dags/example_sensors.py
[2025-01-26T19:00:20.135+0000] {logging_mixin.py:190} INFO - [2025-01-26T19:00:20.135+0000] {dag.py:3239} INFO - Sync 1 DAGs
[2025-01-26T19:00:20.156+0000] {logging_mixin.py:190} INFO - [2025-01-26T19:00:20.156+0000] {dag.py:4180} INFO - Setting next_dagrun for example_sensors to None, run_after=None
[2025-01-26T19:00:20.187+0000] {processor.py:208} INFO - Processing /home/airflow/.local/lib/python3.12/site-packages/airflow/example_dags/example_sensors.py took 0.133 seconds
[2025-01-26T19:00:50.300+0000] {processor.py:186} INFO - Started process (PID=1150) to work on /home/airflow/.local/lib/python3.12/site-packages/airflow/example_dags/example_sensors.py
[2025-01-26T19:00:50.301+0000] {processor.py:914} INFO - Processing file /home/airflow/.local/lib/python3.12/site-packages/airflow/example_dags/example_sensors.py for tasks to queue
[2025-01-26T19:00:50.305+0000] {logging_mixin.py:190} INFO - [2025-01-26T19:00:50.304+0000] {dagbag.py:588} INFO - Filling up the DagBag from /home/airflow/.local/lib/python3.12/site-packages/airflow/example_dags/example_sensors.py
[2025-01-26T19:00:50.325+0000] {processor.py:925} INFO - DAG(s) 'example_sensors' retrieved from /home/airflow/.local/lib/python3.12/site-packages/airflow/example_dags/example_sensors.py
[2025-01-26T19:00:50.370+0000] {logging_mixin.py:190} INFO - [2025-01-26T19:00:50.370+0000] {dag.py:3239} INFO - Sync 1 DAGs
[2025-01-26T19:00:50.399+0000] {logging_mixin.py:190} INFO - [2025-01-26T19:00:50.399+0000] {dag.py:4180} INFO - Setting next_dagrun for example_sensors to None, run_after=None
[2025-01-26T19:00:50.428+0000] {processor.py:208} INFO - Processing /home/airflow/.local/lib/python3.12/site-packages/airflow/example_dags/example_sensors.py took 0.139 seconds
[2025-01-26T19:01:20.561+0000] {processor.py:186} INFO - Started process (PID=1215) to work on /home/airflow/.local/lib/python3.12/site-packages/airflow/example_dags/example_sensors.py
[2025-01-26T19:01:20.562+0000] {processor.py:914} INFO - Processing file /home/airflow/.local/lib/python3.12/site-packages/airflow/example_dags/example_sensors.py for tasks to queue
[2025-01-26T19:01:20.565+0000] {logging_mixin.py:190} INFO - [2025-01-26T19:01:20.565+0000] {dagbag.py:588} INFO - Filling up the DagBag from /home/airflow/.local/lib/python3.12/site-packages/airflow/example_dags/example_sensors.py
[2025-01-26T19:01:20.576+0000] {processor.py:925} INFO - DAG(s) 'example_sensors' retrieved from /home/airflow/.local/lib/python3.12/site-packages/airflow/example_dags/example_sensors.py
[2025-01-26T19:01:20.618+0000] {logging_mixin.py:190} INFO - [2025-01-26T19:01:20.618+0000] {dag.py:3239} INFO - Sync 1 DAGs
[2025-01-26T19:01:20.639+0000] {logging_mixin.py:190} INFO - [2025-01-26T19:01:20.638+0000] {dag.py:4180} INFO - Setting next_dagrun for example_sensors to None, run_after=None
[2025-01-26T19:01:20.686+0000] {processor.py:208} INFO - Processing /home/airflow/.local/lib/python3.12/site-packages/airflow/example_dags/example_sensors.py took 0.132 seconds
[2025-01-26T19:01:51.167+0000] {processor.py:186} INFO - Started process (PID=1280) to work on /home/airflow/.local/lib/python3.12/site-packages/airflow/example_dags/example_sensors.py
[2025-01-26T19:01:51.168+0000] {processor.py:914} INFO - Processing file /home/airflow/.local/lib/python3.12/site-packages/airflow/example_dags/example_sensors.py for tasks to queue
[2025-01-26T19:01:51.171+0000] {logging_mixin.py:190} INFO - [2025-01-26T19:01:51.170+0000] {dagbag.py:588} INFO - Filling up the DagBag from /home/airflow/.local/lib/python3.12/site-packages/airflow/example_dags/example_sensors.py
[2025-01-26T19:01:51.184+0000] {processor.py:925} INFO - DAG(s) 'example_sensors' retrieved from /home/airflow/.local/lib/python3.12/site-packages/airflow/example_dags/example_sensors.py
[2025-01-26T19:01:51.210+0000] {logging_mixin.py:190} INFO - [2025-01-26T19:01:51.210+0000] {dag.py:3239} INFO - Sync 1 DAGs
[2025-01-26T19:01:51.225+0000] {logging_mixin.py:190} INFO - [2025-01-26T19:01:51.225+0000] {dag.py:4180} INFO - Setting next_dagrun for example_sensors to None, run_after=None
[2025-01-26T19:01:51.253+0000] {processor.py:208} INFO - Processing /home/airflow/.local/lib/python3.12/site-packages/airflow/example_dags/example_sensors.py took 0.092 seconds
[2025-01-26T19:02:21.702+0000] {processor.py:186} INFO - Started process (PID=1345) to work on /home/airflow/.local/lib/python3.12/site-packages/airflow/example_dags/example_sensors.py
[2025-01-26T19:02:21.704+0000] {processor.py:914} INFO - Processing file /home/airflow/.local/lib/python3.12/site-packages/airflow/example_dags/example_sensors.py for tasks to queue
[2025-01-26T19:02:21.706+0000] {logging_mixin.py:190} INFO - [2025-01-26T19:02:21.706+0000] {dagbag.py:588} INFO - Filling up the DagBag from /home/airflow/.local/lib/python3.12/site-packages/airflow/example_dags/example_sensors.py
[2025-01-26T19:02:21.719+0000] {processor.py:925} INFO - DAG(s) 'example_sensors' retrieved from /home/airflow/.local/lib/python3.12/site-packages/airflow/example_dags/example_sensors.py
[2025-01-26T19:02:21.745+0000] {logging_mixin.py:190} INFO - [2025-01-26T19:02:21.745+0000] {dag.py:3239} INFO - Sync 1 DAGs
[2025-01-26T19:02:21.762+0000] {logging_mixin.py:190} INFO - [2025-01-26T19:02:21.762+0000] {dag.py:4180} INFO - Setting next_dagrun for example_sensors to None, run_after=None
[2025-01-26T19:02:21.782+0000] {processor.py:208} INFO - Processing /home/airflow/.local/lib/python3.12/site-packages/airflow/example_dags/example_sensors.py took 0.085 seconds
[2025-01-26T19:02:52.057+0000] {processor.py:186} INFO - Started process (PID=1410) to work on /home/airflow/.local/lib/python3.12/site-packages/airflow/example_dags/example_sensors.py
[2025-01-26T19:02:52.058+0000] {processor.py:914} INFO - Processing file /home/airflow/.local/lib/python3.12/site-packages/airflow/example_dags/example_sensors.py for tasks to queue
[2025-01-26T19:02:52.061+0000] {logging_mixin.py:190} INFO - [2025-01-26T19:02:52.060+0000] {dagbag.py:588} INFO - Filling up the DagBag from /home/airflow/.local/lib/python3.12/site-packages/airflow/example_dags/example_sensors.py
[2025-01-26T19:02:52.075+0000] {processor.py:925} INFO - DAG(s) 'example_sensors' retrieved from /home/airflow/.local/lib/python3.12/site-packages/airflow/example_dags/example_sensors.py
[2025-01-26T19:02:52.104+0000] {logging_mixin.py:190} INFO - [2025-01-26T19:02:52.104+0000] {dag.py:3239} INFO - Sync 1 DAGs
[2025-01-26T19:02:52.120+0000] {logging_mixin.py:190} INFO - [2025-01-26T19:02:52.120+0000] {dag.py:4180} INFO - Setting next_dagrun for example_sensors to None, run_after=None
[2025-01-26T19:02:52.140+0000] {processor.py:208} INFO - Processing /home/airflow/.local/lib/python3.12/site-packages/airflow/example_dags/example_sensors.py took 0.089 seconds
[2025-01-26T19:03:22.773+0000] {processor.py:186} INFO - Started process (PID=1475) to work on /home/airflow/.local/lib/python3.12/site-packages/airflow/example_dags/example_sensors.py
[2025-01-26T19:03:22.774+0000] {processor.py:914} INFO - Processing file /home/airflow/.local/lib/python3.12/site-packages/airflow/example_dags/example_sensors.py for tasks to queue
[2025-01-26T19:03:22.777+0000] {logging_mixin.py:190} INFO - [2025-01-26T19:03:22.776+0000] {dagbag.py:588} INFO - Filling up the DagBag from /home/airflow/.local/lib/python3.12/site-packages/airflow/example_dags/example_sensors.py
[2025-01-26T19:03:22.788+0000] {processor.py:925} INFO - DAG(s) 'example_sensors' retrieved from /home/airflow/.local/lib/python3.12/site-packages/airflow/example_dags/example_sensors.py
[2025-01-26T19:03:22.814+0000] {logging_mixin.py:190} INFO - [2025-01-26T19:03:22.814+0000] {dag.py:3239} INFO - Sync 1 DAGs
[2025-01-26T19:03:22.839+0000] {logging_mixin.py:190} INFO - [2025-01-26T19:03:22.839+0000] {dag.py:4180} INFO - Setting next_dagrun for example_sensors to None, run_after=None
[2025-01-26T19:03:22.860+0000] {processor.py:208} INFO - Processing /home/airflow/.local/lib/python3.12/site-packages/airflow/example_dags/example_sensors.py took 0.093 seconds
[2025-01-26T19:03:53.236+0000] {processor.py:186} INFO - Started process (PID=1540) to work on /home/airflow/.local/lib/python3.12/site-packages/airflow/example_dags/example_sensors.py
[2025-01-26T19:03:53.237+0000] {processor.py:914} INFO - Processing file /home/airflow/.local/lib/python3.12/site-packages/airflow/example_dags/example_sensors.py for tasks to queue
[2025-01-26T19:03:53.240+0000] {logging_mixin.py:190} INFO - [2025-01-26T19:03:53.240+0000] {dagbag.py:588} INFO - Filling up the DagBag from /home/airflow/.local/lib/python3.12/site-packages/airflow/example_dags/example_sensors.py
[2025-01-26T19:03:53.254+0000] {processor.py:925} INFO - DAG(s) 'example_sensors' retrieved from /home/airflow/.local/lib/python3.12/site-packages/airflow/example_dags/example_sensors.py
[2025-01-26T19:03:53.285+0000] {logging_mixin.py:190} INFO - [2025-01-26T19:03:53.285+0000] {dag.py:3239} INFO - Sync 1 DAGs
[2025-01-26T19:03:53.304+0000] {logging_mixin.py:190} INFO - [2025-01-26T19:03:53.303+0000] {dag.py:4180} INFO - Setting next_dagrun for example_sensors to None, run_after=None
[2025-01-26T19:03:53.327+0000] {processor.py:208} INFO - Processing /home/airflow/.local/lib/python3.12/site-packages/airflow/example_dags/example_sensors.py took 0.097 seconds
[2025-01-26T19:04:23.646+0000] {processor.py:186} INFO - Started process (PID=1606) to work on /home/airflow/.local/lib/python3.12/site-packages/airflow/example_dags/example_sensors.py
[2025-01-26T19:04:23.647+0000] {processor.py:914} INFO - Processing file /home/airflow/.local/lib/python3.12/site-packages/airflow/example_dags/example_sensors.py for tasks to queue
[2025-01-26T19:04:23.657+0000] {logging_mixin.py:190} INFO - [2025-01-26T19:04:23.657+0000] {dagbag.py:588} INFO - Filling up the DagBag from /home/airflow/.local/lib/python3.12/site-packages/airflow/example_dags/example_sensors.py
[2025-01-26T19:04:23.669+0000] {processor.py:925} INFO - DAG(s) 'example_sensors' retrieved from /home/airflow/.local/lib/python3.12/site-packages/airflow/example_dags/example_sensors.py
[2025-01-26T19:04:23.701+0000] {logging_mixin.py:190} INFO - [2025-01-26T19:04:23.701+0000] {dag.py:3239} INFO - Sync 1 DAGs
[2025-01-26T19:04:23.719+0000] {logging_mixin.py:190} INFO - [2025-01-26T19:04:23.719+0000] {dag.py:4180} INFO - Setting next_dagrun for example_sensors to None, run_after=None
[2025-01-26T19:04:23.745+0000] {processor.py:208} INFO - Processing /home/airflow/.local/lib/python3.12/site-packages/airflow/example_dags/example_sensors.py took 0.106 seconds
[2025-01-26T19:04:54.416+0000] {processor.py:186} INFO - Started process (PID=1670) to work on /home/airflow/.local/lib/python3.12/site-packages/airflow/example_dags/example_sensors.py
[2025-01-26T19:04:54.417+0000] {processor.py:914} INFO - Processing file /home/airflow/.local/lib/python3.12/site-packages/airflow/example_dags/example_sensors.py for tasks to queue
[2025-01-26T19:04:54.429+0000] {logging_mixin.py:190} INFO - [2025-01-26T19:04:54.428+0000] {dagbag.py:588} INFO - Filling up the DagBag from /home/airflow/.local/lib/python3.12/site-packages/airflow/example_dags/example_sensors.py
[2025-01-26T19:04:54.462+0000] {processor.py:925} INFO - DAG(s) 'example_sensors' retrieved from /home/airflow/.local/lib/python3.12/site-packages/airflow/example_dags/example_sensors.py
[2025-01-26T19:04:54.548+0000] {logging_mixin.py:190} INFO - [2025-01-26T19:04:54.548+0000] {dag.py:3239} INFO - Sync 1 DAGs
[2025-01-26T19:04:54.618+0000] {logging_mixin.py:190} INFO - [2025-01-26T19:04:54.618+0000] {dag.py:4180} INFO - Setting next_dagrun for example_sensors to None, run_after=None
[2025-01-26T19:04:54.669+0000] {processor.py:208} INFO - Processing /home/airflow/.local/lib/python3.12/site-packages/airflow/example_dags/example_sensors.py took 0.262 seconds
[2025-01-26T19:05:24.982+0000] {processor.py:186} INFO - Started process (PID=1735) to work on /home/airflow/.local/lib/python3.12/site-packages/airflow/example_dags/example_sensors.py
[2025-01-26T19:05:24.983+0000] {processor.py:914} INFO - Processing file /home/airflow/.local/lib/python3.12/site-packages/airflow/example_dags/example_sensors.py for tasks to queue
[2025-01-26T19:05:24.985+0000] {logging_mixin.py:190} INFO - [2025-01-26T19:05:24.985+0000] {dagbag.py:588} INFO - Filling up the DagBag from /home/airflow/.local/lib/python3.12/site-packages/airflow/example_dags/example_sensors.py
[2025-01-26T19:05:25.001+0000] {processor.py:925} INFO - DAG(s) 'example_sensors' retrieved from /home/airflow/.local/lib/python3.12/site-packages/airflow/example_dags/example_sensors.py
[2025-01-26T19:05:25.037+0000] {logging_mixin.py:190} INFO - [2025-01-26T19:05:25.037+0000] {dag.py:3239} INFO - Sync 1 DAGs
[2025-01-26T19:05:25.057+0000] {logging_mixin.py:190} INFO - [2025-01-26T19:05:25.057+0000] {dag.py:4180} INFO - Setting next_dagrun for example_sensors to None, run_after=None
[2025-01-26T19:05:25.091+0000] {processor.py:208} INFO - Processing /home/airflow/.local/lib/python3.12/site-packages/airflow/example_dags/example_sensors.py took 0.120 seconds
[2025-01-26T19:05:55.541+0000] {processor.py:186} INFO - Started process (PID=1800) to work on /home/airflow/.local/lib/python3.12/site-packages/airflow/example_dags/example_sensors.py
[2025-01-26T19:05:55.542+0000] {processor.py:914} INFO - Processing file /home/airflow/.local/lib/python3.12/site-packages/airflow/example_dags/example_sensors.py for tasks to queue
[2025-01-26T19:05:55.545+0000] {logging_mixin.py:190} INFO - [2025-01-26T19:05:55.545+0000] {dagbag.py:588} INFO - Filling up the DagBag from /home/airflow/.local/lib/python3.12/site-packages/airflow/example_dags/example_sensors.py
[2025-01-26T19:05:55.561+0000] {processor.py:925} INFO - DAG(s) 'example_sensors' retrieved from /home/airflow/.local/lib/python3.12/site-packages/airflow/example_dags/example_sensors.py
[2025-01-26T19:05:55.601+0000] {logging_mixin.py:190} INFO - [2025-01-26T19:05:55.600+0000] {dag.py:3239} INFO - Sync 1 DAGs
[2025-01-26T19:05:55.626+0000] {logging_mixin.py:190} INFO - [2025-01-26T19:05:55.626+0000] {dag.py:4180} INFO - Setting next_dagrun for example_sensors to None, run_after=None
[2025-01-26T19:05:55.662+0000] {processor.py:208} INFO - Processing /home/airflow/.local/lib/python3.12/site-packages/airflow/example_dags/example_sensors.py took 0.129 seconds
[2025-01-26T19:06:26.523+0000] {processor.py:186} INFO - Started process (PID=1865) to work on /home/airflow/.local/lib/python3.12/site-packages/airflow/example_dags/example_sensors.py
[2025-01-26T19:06:26.524+0000] {processor.py:914} INFO - Processing file /home/airflow/.local/lib/python3.12/site-packages/airflow/example_dags/example_sensors.py for tasks to queue
[2025-01-26T19:06:26.527+0000] {logging_mixin.py:190} INFO - [2025-01-26T19:06:26.527+0000] {dagbag.py:588} INFO - Filling up the DagBag from /home/airflow/.local/lib/python3.12/site-packages/airflow/example_dags/example_sensors.py
[2025-01-26T19:06:26.556+0000] {processor.py:925} INFO - DAG(s) 'example_sensors' retrieved from /home/airflow/.local/lib/python3.12/site-packages/airflow/example_dags/example_sensors.py
[2025-01-26T19:06:26.623+0000] {logging_mixin.py:190} INFO - [2025-01-26T19:06:26.622+0000] {dag.py:3239} INFO - Sync 1 DAGs
[2025-01-26T19:06:26.653+0000] {logging_mixin.py:190} INFO - [2025-01-26T19:06:26.653+0000] {dag.py:4180} INFO - Setting next_dagrun for example_sensors to None, run_after=None
[2025-01-26T19:06:26.697+0000] {processor.py:208} INFO - Processing /home/airflow/.local/lib/python3.12/site-packages/airflow/example_dags/example_sensors.py took 0.195 seconds
[2025-01-26T19:06:57.568+0000] {processor.py:186} INFO - Started process (PID=1930) to work on /home/airflow/.local/lib/python3.12/site-packages/airflow/example_dags/example_sensors.py
[2025-01-26T19:06:57.569+0000] {processor.py:914} INFO - Processing file /home/airflow/.local/lib/python3.12/site-packages/airflow/example_dags/example_sensors.py for tasks to queue
[2025-01-26T19:06:57.572+0000] {logging_mixin.py:190} INFO - [2025-01-26T19:06:57.571+0000] {dagbag.py:588} INFO - Filling up the DagBag from /home/airflow/.local/lib/python3.12/site-packages/airflow/example_dags/example_sensors.py
[2025-01-26T19:06:57.586+0000] {processor.py:925} INFO - DAG(s) 'example_sensors' retrieved from /home/airflow/.local/lib/python3.12/site-packages/airflow/example_dags/example_sensors.py
[2025-01-26T19:06:57.620+0000] {logging_mixin.py:190} INFO - [2025-01-26T19:06:57.620+0000] {dag.py:3239} INFO - Sync 1 DAGs
[2025-01-26T19:06:57.645+0000] {logging_mixin.py:190} INFO - [2025-01-26T19:06:57.645+0000] {dag.py:4180} INFO - Setting next_dagrun for example_sensors to None, run_after=None
[2025-01-26T19:06:57.669+0000] {processor.py:208} INFO - Processing /home/airflow/.local/lib/python3.12/site-packages/airflow/example_dags/example_sensors.py took 0.107 seconds
[2025-01-26T19:07:28.070+0000] {processor.py:186} INFO - Started process (PID=1995) to work on /home/airflow/.local/lib/python3.12/site-packages/airflow/example_dags/example_sensors.py
[2025-01-26T19:07:28.073+0000] {processor.py:914} INFO - Processing file /home/airflow/.local/lib/python3.12/site-packages/airflow/example_dags/example_sensors.py for tasks to queue
[2025-01-26T19:07:28.076+0000] {logging_mixin.py:190} INFO - [2025-01-26T19:07:28.076+0000] {dagbag.py:588} INFO - Filling up the DagBag from /home/airflow/.local/lib/python3.12/site-packages/airflow/example_dags/example_sensors.py
[2025-01-26T19:07:28.091+0000] {processor.py:925} INFO - DAG(s) 'example_sensors' retrieved from /home/airflow/.local/lib/python3.12/site-packages/airflow/example_dags/example_sensors.py
[2025-01-26T19:07:28.129+0000] {logging_mixin.py:190} INFO - [2025-01-26T19:07:28.129+0000] {dag.py:3239} INFO - Sync 1 DAGs
[2025-01-26T19:07:28.147+0000] {logging_mixin.py:190} INFO - [2025-01-26T19:07:28.146+0000] {dag.py:4180} INFO - Setting next_dagrun for example_sensors to None, run_after=None
[2025-01-26T19:07:28.172+0000] {processor.py:208} INFO - Processing /home/airflow/.local/lib/python3.12/site-packages/airflow/example_dags/example_sensors.py took 0.112 seconds
[2025-01-26T19:07:58.337+0000] {processor.py:186} INFO - Started process (PID=2061) to work on /home/airflow/.local/lib/python3.12/site-packages/airflow/example_dags/example_sensors.py
[2025-01-26T19:07:58.338+0000] {processor.py:914} INFO - Processing file /home/airflow/.local/lib/python3.12/site-packages/airflow/example_dags/example_sensors.py for tasks to queue
[2025-01-26T19:07:58.341+0000] {logging_mixin.py:190} INFO - [2025-01-26T19:07:58.341+0000] {dagbag.py:588} INFO - Filling up the DagBag from /home/airflow/.local/lib/python3.12/site-packages/airflow/example_dags/example_sensors.py
[2025-01-26T19:07:58.355+0000] {processor.py:925} INFO - DAG(s) 'example_sensors' retrieved from /home/airflow/.local/lib/python3.12/site-packages/airflow/example_dags/example_sensors.py
[2025-01-26T19:07:58.384+0000] {logging_mixin.py:190} INFO - [2025-01-26T19:07:58.384+0000] {dag.py:3239} INFO - Sync 1 DAGs
[2025-01-26T19:07:58.398+0000] {logging_mixin.py:190} INFO - [2025-01-26T19:07:58.398+0000] {dag.py:4180} INFO - Setting next_dagrun for example_sensors to None, run_after=None
[2025-01-26T19:07:58.416+0000] {processor.py:208} INFO - Processing /home/airflow/.local/lib/python3.12/site-packages/airflow/example_dags/example_sensors.py took 0.085 seconds
[2025-01-26T19:08:28.843+0000] {processor.py:186} INFO - Started process (PID=2125) to work on /home/airflow/.local/lib/python3.12/site-packages/airflow/example_dags/example_sensors.py
[2025-01-26T19:08:28.844+0000] {processor.py:914} INFO - Processing file /home/airflow/.local/lib/python3.12/site-packages/airflow/example_dags/example_sensors.py for tasks to queue
[2025-01-26T19:08:28.846+0000] {logging_mixin.py:190} INFO - [2025-01-26T19:08:28.846+0000] {dagbag.py:588} INFO - Filling up the DagBag from /home/airflow/.local/lib/python3.12/site-packages/airflow/example_dags/example_sensors.py
[2025-01-26T19:08:28.857+0000] {processor.py:925} INFO - DAG(s) 'example_sensors' retrieved from /home/airflow/.local/lib/python3.12/site-packages/airflow/example_dags/example_sensors.py
[2025-01-26T19:08:28.880+0000] {logging_mixin.py:190} INFO - [2025-01-26T19:08:28.880+0000] {dag.py:3239} INFO - Sync 1 DAGs
[2025-01-26T19:08:28.894+0000] {logging_mixin.py:190} INFO - [2025-01-26T19:08:28.894+0000] {dag.py:4180} INFO - Setting next_dagrun for example_sensors to None, run_after=None
[2025-01-26T19:08:28.912+0000] {processor.py:208} INFO - Processing /home/airflow/.local/lib/python3.12/site-packages/airflow/example_dags/example_sensors.py took 0.075 seconds
[2025-01-26T19:08:59.676+0000] {processor.py:186} INFO - Started process (PID=2191) to work on /home/airflow/.local/lib/python3.12/site-packages/airflow/example_dags/example_sensors.py
[2025-01-26T19:08:59.677+0000] {processor.py:914} INFO - Processing file /home/airflow/.local/lib/python3.12/site-packages/airflow/example_dags/example_sensors.py for tasks to queue
[2025-01-26T19:08:59.679+0000] {logging_mixin.py:190} INFO - [2025-01-26T19:08:59.679+0000] {dagbag.py:588} INFO - Filling up the DagBag from /home/airflow/.local/lib/python3.12/site-packages/airflow/example_dags/example_sensors.py
[2025-01-26T19:08:59.690+0000] {processor.py:925} INFO - DAG(s) 'example_sensors' retrieved from /home/airflow/.local/lib/python3.12/site-packages/airflow/example_dags/example_sensors.py
[2025-01-26T19:08:59.714+0000] {logging_mixin.py:190} INFO - [2025-01-26T19:08:59.714+0000] {dag.py:3239} INFO - Sync 1 DAGs
[2025-01-26T19:08:59.730+0000] {logging_mixin.py:190} INFO - [2025-01-26T19:08:59.729+0000] {dag.py:4180} INFO - Setting next_dagrun for example_sensors to None, run_after=None
[2025-01-26T19:08:59.750+0000] {processor.py:208} INFO - Processing /home/airflow/.local/lib/python3.12/site-packages/airflow/example_dags/example_sensors.py took 0.080 seconds
[2025-01-26T19:10:05.948+0000] {processor.py:186} INFO - Started process (PID=39) to work on /home/airflow/.local/lib/python3.12/site-packages/airflow/example_dags/example_sensors.py
[2025-01-26T19:10:05.949+0000] {processor.py:914} INFO - Processing file /home/airflow/.local/lib/python3.12/site-packages/airflow/example_dags/example_sensors.py for tasks to queue
[2025-01-26T19:10:05.952+0000] {logging_mixin.py:190} INFO - [2025-01-26T19:10:05.951+0000] {dagbag.py:588} INFO - Filling up the DagBag from /home/airflow/.local/lib/python3.12/site-packages/airflow/example_dags/example_sensors.py
[2025-01-26T19:10:05.964+0000] {processor.py:925} INFO - DAG(s) 'example_sensors' retrieved from /home/airflow/.local/lib/python3.12/site-packages/airflow/example_dags/example_sensors.py
[2025-01-26T19:10:05.992+0000] {logging_mixin.py:190} INFO - [2025-01-26T19:10:05.991+0000] {dag.py:3239} INFO - Sync 1 DAGs
[2025-01-26T19:10:06.007+0000] {logging_mixin.py:190} INFO - [2025-01-26T19:10:06.006+0000] {dag.py:4180} INFO - Setting next_dagrun for example_sensors to None, run_after=None
[2025-01-26T19:10:06.029+0000] {processor.py:208} INFO - Processing /home/airflow/.local/lib/python3.12/site-packages/airflow/example_dags/example_sensors.py took 0.088 seconds
[2025-01-26T19:10:37.283+0000] {processor.py:186} INFO - Started process (PID=104) to work on /home/airflow/.local/lib/python3.12/site-packages/airflow/example_dags/example_sensors.py
[2025-01-26T19:10:37.284+0000] {processor.py:914} INFO - Processing file /home/airflow/.local/lib/python3.12/site-packages/airflow/example_dags/example_sensors.py for tasks to queue
[2025-01-26T19:10:37.286+0000] {logging_mixin.py:190} INFO - [2025-01-26T19:10:37.286+0000] {dagbag.py:588} INFO - Filling up the DagBag from /home/airflow/.local/lib/python3.12/site-packages/airflow/example_dags/example_sensors.py
[2025-01-26T19:10:37.297+0000] {processor.py:925} INFO - DAG(s) 'example_sensors' retrieved from /home/airflow/.local/lib/python3.12/site-packages/airflow/example_dags/example_sensors.py
[2025-01-26T19:10:37.323+0000] {logging_mixin.py:190} INFO - [2025-01-26T19:10:37.323+0000] {dag.py:3239} INFO - Sync 1 DAGs
[2025-01-26T19:10:37.338+0000] {logging_mixin.py:190} INFO - [2025-01-26T19:10:37.338+0000] {dag.py:4180} INFO - Setting next_dagrun for example_sensors to None, run_after=None
[2025-01-26T19:10:37.356+0000] {processor.py:208} INFO - Processing /home/airflow/.local/lib/python3.12/site-packages/airflow/example_dags/example_sensors.py took 0.079 seconds
[2025-01-26T19:11:07.795+0000] {processor.py:186} INFO - Started process (PID=170) to work on /home/airflow/.local/lib/python3.12/site-packages/airflow/example_dags/example_sensors.py
[2025-01-26T19:11:07.797+0000] {processor.py:914} INFO - Processing file /home/airflow/.local/lib/python3.12/site-packages/airflow/example_dags/example_sensors.py for tasks to queue
[2025-01-26T19:11:07.799+0000] {logging_mixin.py:190} INFO - [2025-01-26T19:11:07.799+0000] {dagbag.py:588} INFO - Filling up the DagBag from /home/airflow/.local/lib/python3.12/site-packages/airflow/example_dags/example_sensors.py
[2025-01-26T19:11:07.810+0000] {processor.py:925} INFO - DAG(s) 'example_sensors' retrieved from /home/airflow/.local/lib/python3.12/site-packages/airflow/example_dags/example_sensors.py
[2025-01-26T19:11:07.841+0000] {logging_mixin.py:190} INFO - [2025-01-26T19:11:07.841+0000] {dag.py:3239} INFO - Sync 1 DAGs
[2025-01-26T19:11:07.856+0000] {logging_mixin.py:190} INFO - [2025-01-26T19:11:07.856+0000] {dag.py:4180} INFO - Setting next_dagrun for example_sensors to None, run_after=None
[2025-01-26T19:11:07.880+0000] {processor.py:208} INFO - Processing /home/airflow/.local/lib/python3.12/site-packages/airflow/example_dags/example_sensors.py took 0.090 seconds
[2025-01-26T19:11:38.365+0000] {processor.py:186} INFO - Started process (PID=234) to work on /home/airflow/.local/lib/python3.12/site-packages/airflow/example_dags/example_sensors.py
[2025-01-26T19:11:38.366+0000] {processor.py:914} INFO - Processing file /home/airflow/.local/lib/python3.12/site-packages/airflow/example_dags/example_sensors.py for tasks to queue
[2025-01-26T19:11:38.369+0000] {logging_mixin.py:190} INFO - [2025-01-26T19:11:38.369+0000] {dagbag.py:588} INFO - Filling up the DagBag from /home/airflow/.local/lib/python3.12/site-packages/airflow/example_dags/example_sensors.py
[2025-01-26T19:11:38.383+0000] {processor.py:925} INFO - DAG(s) 'example_sensors' retrieved from /home/airflow/.local/lib/python3.12/site-packages/airflow/example_dags/example_sensors.py
[2025-01-26T19:11:38.410+0000] {logging_mixin.py:190} INFO - [2025-01-26T19:11:38.410+0000] {dag.py:3239} INFO - Sync 1 DAGs
[2025-01-26T19:11:38.427+0000] {logging_mixin.py:190} INFO - [2025-01-26T19:11:38.427+0000] {dag.py:4180} INFO - Setting next_dagrun for example_sensors to None, run_after=None
[2025-01-26T19:11:38.449+0000] {processor.py:208} INFO - Processing /home/airflow/.local/lib/python3.12/site-packages/airflow/example_dags/example_sensors.py took 0.089 seconds
[2025-01-26T19:12:09.329+0000] {processor.py:186} INFO - Started process (PID=299) to work on /home/airflow/.local/lib/python3.12/site-packages/airflow/example_dags/example_sensors.py
[2025-01-26T19:12:09.330+0000] {processor.py:914} INFO - Processing file /home/airflow/.local/lib/python3.12/site-packages/airflow/example_dags/example_sensors.py for tasks to queue
[2025-01-26T19:12:09.333+0000] {logging_mixin.py:190} INFO - [2025-01-26T19:12:09.332+0000] {dagbag.py:588} INFO - Filling up the DagBag from /home/airflow/.local/lib/python3.12/site-packages/airflow/example_dags/example_sensors.py
[2025-01-26T19:12:09.346+0000] {processor.py:925} INFO - DAG(s) 'example_sensors' retrieved from /home/airflow/.local/lib/python3.12/site-packages/airflow/example_dags/example_sensors.py
[2025-01-26T19:12:09.383+0000] {logging_mixin.py:190} INFO - [2025-01-26T19:12:09.383+0000] {dag.py:3239} INFO - Sync 1 DAGs
[2025-01-26T19:12:09.406+0000] {logging_mixin.py:190} INFO - [2025-01-26T19:12:09.405+0000] {dag.py:4180} INFO - Setting next_dagrun for example_sensors to None, run_after=None
[2025-01-26T19:12:09.434+0000] {processor.py:208} INFO - Processing /home/airflow/.local/lib/python3.12/site-packages/airflow/example_dags/example_sensors.py took 0.113 seconds
[2025-01-26T19:12:40.218+0000] {processor.py:186} INFO - Started process (PID=365) to work on /home/airflow/.local/lib/python3.12/site-packages/airflow/example_dags/example_sensors.py
[2025-01-26T19:12:40.219+0000] {processor.py:914} INFO - Processing file /home/airflow/.local/lib/python3.12/site-packages/airflow/example_dags/example_sensors.py for tasks to queue
[2025-01-26T19:12:40.222+0000] {logging_mixin.py:190} INFO - [2025-01-26T19:12:40.221+0000] {dagbag.py:588} INFO - Filling up the DagBag from /home/airflow/.local/lib/python3.12/site-packages/airflow/example_dags/example_sensors.py
[2025-01-26T19:12:40.233+0000] {processor.py:925} INFO - DAG(s) 'example_sensors' retrieved from /home/airflow/.local/lib/python3.12/site-packages/airflow/example_dags/example_sensors.py
[2025-01-26T19:12:40.263+0000] {logging_mixin.py:190} INFO - [2025-01-26T19:12:40.263+0000] {dag.py:3239} INFO - Sync 1 DAGs
[2025-01-26T19:12:40.282+0000] {logging_mixin.py:190} INFO - [2025-01-26T19:12:40.282+0000] {dag.py:4180} INFO - Setting next_dagrun for example_sensors to None, run_after=None
[2025-01-26T19:12:40.303+0000] {processor.py:208} INFO - Processing /home/airflow/.local/lib/python3.12/site-packages/airflow/example_dags/example_sensors.py took 0.090 seconds
[2025-01-26T19:13:11.131+0000] {processor.py:186} INFO - Started process (PID=431) to work on /home/airflow/.local/lib/python3.12/site-packages/airflow/example_dags/example_sensors.py
[2025-01-26T19:13:11.132+0000] {processor.py:914} INFO - Processing file /home/airflow/.local/lib/python3.12/site-packages/airflow/example_dags/example_sensors.py for tasks to queue
[2025-01-26T19:13:11.135+0000] {logging_mixin.py:190} INFO - [2025-01-26T19:13:11.135+0000] {dagbag.py:588} INFO - Filling up the DagBag from /home/airflow/.local/lib/python3.12/site-packages/airflow/example_dags/example_sensors.py
[2025-01-26T19:13:11.145+0000] {processor.py:925} INFO - DAG(s) 'example_sensors' retrieved from /home/airflow/.local/lib/python3.12/site-packages/airflow/example_dags/example_sensors.py
[2025-01-26T19:13:11.174+0000] {logging_mixin.py:190} INFO - [2025-01-26T19:13:11.174+0000] {dag.py:3239} INFO - Sync 1 DAGs
[2025-01-26T19:13:11.192+0000] {logging_mixin.py:190} INFO - [2025-01-26T19:13:11.191+0000] {dag.py:4180} INFO - Setting next_dagrun for example_sensors to None, run_after=None
[2025-01-26T19:13:11.214+0000] {processor.py:208} INFO - Processing /home/airflow/.local/lib/python3.12/site-packages/airflow/example_dags/example_sensors.py took 0.091 seconds
[2025-01-26T19:13:41.714+0000] {processor.py:186} INFO - Started process (PID=497) to work on /home/airflow/.local/lib/python3.12/site-packages/airflow/example_dags/example_sensors.py
[2025-01-26T19:13:41.715+0000] {processor.py:914} INFO - Processing file /home/airflow/.local/lib/python3.12/site-packages/airflow/example_dags/example_sensors.py for tasks to queue
[2025-01-26T19:13:41.718+0000] {logging_mixin.py:190} INFO - [2025-01-26T19:13:41.718+0000] {dagbag.py:588} INFO - Filling up the DagBag from /home/airflow/.local/lib/python3.12/site-packages/airflow/example_dags/example_sensors.py
[2025-01-26T19:13:41.732+0000] {processor.py:925} INFO - DAG(s) 'example_sensors' retrieved from /home/airflow/.local/lib/python3.12/site-packages/airflow/example_dags/example_sensors.py
[2025-01-26T19:13:41.761+0000] {logging_mixin.py:190} INFO - [2025-01-26T19:13:41.761+0000] {dag.py:3239} INFO - Sync 1 DAGs
[2025-01-26T19:13:41.779+0000] {logging_mixin.py:190} INFO - [2025-01-26T19:13:41.778+0000] {dag.py:4180} INFO - Setting next_dagrun for example_sensors to None, run_after=None
[2025-01-26T19:13:41.808+0000] {processor.py:208} INFO - Processing /home/airflow/.local/lib/python3.12/site-packages/airflow/example_dags/example_sensors.py took 0.100 seconds
[2025-01-26T19:14:12.051+0000] {processor.py:186} INFO - Started process (PID=562) to work on /home/airflow/.local/lib/python3.12/site-packages/airflow/example_dags/example_sensors.py
[2025-01-26T19:14:12.052+0000] {processor.py:914} INFO - Processing file /home/airflow/.local/lib/python3.12/site-packages/airflow/example_dags/example_sensors.py for tasks to queue
[2025-01-26T19:14:12.055+0000] {logging_mixin.py:190} INFO - [2025-01-26T19:14:12.055+0000] {dagbag.py:588} INFO - Filling up the DagBag from /home/airflow/.local/lib/python3.12/site-packages/airflow/example_dags/example_sensors.py
[2025-01-26T19:14:12.065+0000] {processor.py:925} INFO - DAG(s) 'example_sensors' retrieved from /home/airflow/.local/lib/python3.12/site-packages/airflow/example_dags/example_sensors.py
[2025-01-26T19:14:12.091+0000] {logging_mixin.py:190} INFO - [2025-01-26T19:14:12.091+0000] {dag.py:3239} INFO - Sync 1 DAGs
[2025-01-26T19:14:12.108+0000] {logging_mixin.py:190} INFO - [2025-01-26T19:14:12.107+0000] {dag.py:4180} INFO - Setting next_dagrun for example_sensors to None, run_after=None
[2025-01-26T19:14:12.131+0000] {processor.py:208} INFO - Processing /home/airflow/.local/lib/python3.12/site-packages/airflow/example_dags/example_sensors.py took 0.087 seconds
[2025-01-26T19:14:42.486+0000] {processor.py:186} INFO - Started process (PID=626) to work on /home/airflow/.local/lib/python3.12/site-packages/airflow/example_dags/example_sensors.py
[2025-01-26T19:14:42.488+0000] {processor.py:914} INFO - Processing file /home/airflow/.local/lib/python3.12/site-packages/airflow/example_dags/example_sensors.py for tasks to queue
[2025-01-26T19:14:42.491+0000] {logging_mixin.py:190} INFO - [2025-01-26T19:14:42.490+0000] {dagbag.py:588} INFO - Filling up the DagBag from /home/airflow/.local/lib/python3.12/site-packages/airflow/example_dags/example_sensors.py
[2025-01-26T19:14:42.506+0000] {processor.py:925} INFO - DAG(s) 'example_sensors' retrieved from /home/airflow/.local/lib/python3.12/site-packages/airflow/example_dags/example_sensors.py
[2025-01-26T19:14:42.569+0000] {logging_mixin.py:190} INFO - [2025-01-26T19:14:42.568+0000] {dag.py:3239} INFO - Sync 1 DAGs
[2025-01-26T19:14:42.595+0000] {logging_mixin.py:190} INFO - [2025-01-26T19:14:42.595+0000] {dag.py:4180} INFO - Setting next_dagrun for example_sensors to None, run_after=None
[2025-01-26T19:14:42.667+0000] {processor.py:208} INFO - Processing /home/airflow/.local/lib/python3.12/site-packages/airflow/example_dags/example_sensors.py took 0.188 seconds
[2025-01-26T19:15:13.114+0000] {processor.py:186} INFO - Started process (PID=691) to work on /home/airflow/.local/lib/python3.12/site-packages/airflow/example_dags/example_sensors.py
[2025-01-26T19:15:13.118+0000] {processor.py:914} INFO - Processing file /home/airflow/.local/lib/python3.12/site-packages/airflow/example_dags/example_sensors.py for tasks to queue
[2025-01-26T19:15:13.121+0000] {logging_mixin.py:190} INFO - [2025-01-26T19:15:13.121+0000] {dagbag.py:588} INFO - Filling up the DagBag from /home/airflow/.local/lib/python3.12/site-packages/airflow/example_dags/example_sensors.py
[2025-01-26T19:15:13.138+0000] {processor.py:925} INFO - DAG(s) 'example_sensors' retrieved from /home/airflow/.local/lib/python3.12/site-packages/airflow/example_dags/example_sensors.py
[2025-01-26T19:15:13.178+0000] {logging_mixin.py:190} INFO - [2025-01-26T19:15:13.178+0000] {dag.py:3239} INFO - Sync 1 DAGs
[2025-01-26T19:15:13.196+0000] {logging_mixin.py:190} INFO - [2025-01-26T19:15:13.196+0000] {dag.py:4180} INFO - Setting next_dagrun for example_sensors to None, run_after=None
[2025-01-26T19:15:13.239+0000] {processor.py:208} INFO - Processing /home/airflow/.local/lib/python3.12/site-packages/airflow/example_dags/example_sensors.py took 0.133 seconds
[2025-01-26T19:15:43.347+0000] {processor.py:186} INFO - Started process (PID=757) to work on /home/airflow/.local/lib/python3.12/site-packages/airflow/example_dags/example_sensors.py
[2025-01-26T19:15:43.348+0000] {processor.py:914} INFO - Processing file /home/airflow/.local/lib/python3.12/site-packages/airflow/example_dags/example_sensors.py for tasks to queue
[2025-01-26T19:15:43.350+0000] {logging_mixin.py:190} INFO - [2025-01-26T19:15:43.350+0000] {dagbag.py:588} INFO - Filling up the DagBag from /home/airflow/.local/lib/python3.12/site-packages/airflow/example_dags/example_sensors.py
[2025-01-26T19:15:43.361+0000] {processor.py:925} INFO - DAG(s) 'example_sensors' retrieved from /home/airflow/.local/lib/python3.12/site-packages/airflow/example_dags/example_sensors.py
[2025-01-26T19:15:43.384+0000] {logging_mixin.py:190} INFO - [2025-01-26T19:15:43.384+0000] {dag.py:3239} INFO - Sync 1 DAGs
[2025-01-26T19:15:43.398+0000] {logging_mixin.py:190} INFO - [2025-01-26T19:15:43.397+0000] {dag.py:4180} INFO - Setting next_dagrun for example_sensors to None, run_after=None
[2025-01-26T19:15:43.421+0000] {processor.py:208} INFO - Processing /home/airflow/.local/lib/python3.12/site-packages/airflow/example_dags/example_sensors.py took 0.079 seconds
[2025-01-26T19:16:14.058+0000] {processor.py:186} INFO - Started process (PID=822) to work on /home/airflow/.local/lib/python3.12/site-packages/airflow/example_dags/example_sensors.py
[2025-01-26T19:16:14.059+0000] {processor.py:914} INFO - Processing file /home/airflow/.local/lib/python3.12/site-packages/airflow/example_dags/example_sensors.py for tasks to queue
[2025-01-26T19:16:14.061+0000] {logging_mixin.py:190} INFO - [2025-01-26T19:16:14.061+0000] {dagbag.py:588} INFO - Filling up the DagBag from /home/airflow/.local/lib/python3.12/site-packages/airflow/example_dags/example_sensors.py
[2025-01-26T19:16:14.076+0000] {processor.py:925} INFO - DAG(s) 'example_sensors' retrieved from /home/airflow/.local/lib/python3.12/site-packages/airflow/example_dags/example_sensors.py
[2025-01-26T19:16:14.104+0000] {logging_mixin.py:190} INFO - [2025-01-26T19:16:14.104+0000] {dag.py:3239} INFO - Sync 1 DAGs
[2025-01-26T19:16:14.122+0000] {logging_mixin.py:190} INFO - [2025-01-26T19:16:14.122+0000] {dag.py:4180} INFO - Setting next_dagrun for example_sensors to None, run_after=None
[2025-01-26T19:16:14.141+0000] {processor.py:208} INFO - Processing /home/airflow/.local/lib/python3.12/site-packages/airflow/example_dags/example_sensors.py took 0.090 seconds
[2025-01-26T19:16:44.705+0000] {processor.py:186} INFO - Started process (PID=887) to work on /home/airflow/.local/lib/python3.12/site-packages/airflow/example_dags/example_sensors.py
[2025-01-26T19:16:44.707+0000] {processor.py:914} INFO - Processing file /home/airflow/.local/lib/python3.12/site-packages/airflow/example_dags/example_sensors.py for tasks to queue
[2025-01-26T19:16:44.710+0000] {logging_mixin.py:190} INFO - [2025-01-26T19:16:44.710+0000] {dagbag.py:588} INFO - Filling up the DagBag from /home/airflow/.local/lib/python3.12/site-packages/airflow/example_dags/example_sensors.py
[2025-01-26T19:16:44.726+0000] {processor.py:925} INFO - DAG(s) 'example_sensors' retrieved from /home/airflow/.local/lib/python3.12/site-packages/airflow/example_dags/example_sensors.py
[2025-01-26T19:16:44.770+0000] {logging_mixin.py:190} INFO - [2025-01-26T19:16:44.769+0000] {dag.py:3239} INFO - Sync 1 DAGs
[2025-01-26T19:16:44.787+0000] {logging_mixin.py:190} INFO - [2025-01-26T19:16:44.787+0000] {dag.py:4180} INFO - Setting next_dagrun for example_sensors to None, run_after=None
[2025-01-26T19:16:44.809+0000] {processor.py:208} INFO - Processing /home/airflow/.local/lib/python3.12/site-packages/airflow/example_dags/example_sensors.py took 0.111 seconds
[2025-01-26T19:17:15.434+0000] {processor.py:186} INFO - Started process (PID=958) to work on /home/airflow/.local/lib/python3.12/site-packages/airflow/example_dags/example_sensors.py
[2025-01-26T19:17:15.435+0000] {processor.py:914} INFO - Processing file /home/airflow/.local/lib/python3.12/site-packages/airflow/example_dags/example_sensors.py for tasks to queue
[2025-01-26T19:17:15.438+0000] {logging_mixin.py:190} INFO - [2025-01-26T19:17:15.437+0000] {dagbag.py:588} INFO - Filling up the DagBag from /home/airflow/.local/lib/python3.12/site-packages/airflow/example_dags/example_sensors.py
[2025-01-26T19:17:15.451+0000] {processor.py:925} INFO - DAG(s) 'example_sensors' retrieved from /home/airflow/.local/lib/python3.12/site-packages/airflow/example_dags/example_sensors.py
[2025-01-26T19:17:15.476+0000] {logging_mixin.py:190} INFO - [2025-01-26T19:17:15.475+0000] {dag.py:3239} INFO - Sync 1 DAGs
[2025-01-26T19:17:15.490+0000] {logging_mixin.py:190} INFO - [2025-01-26T19:17:15.490+0000] {dag.py:4180} INFO - Setting next_dagrun for example_sensors to None, run_after=None
[2025-01-26T19:17:15.530+0000] {processor.py:208} INFO - Processing /home/airflow/.local/lib/python3.12/site-packages/airflow/example_dags/example_sensors.py took 0.101 seconds
[2025-01-26T19:18:33.260+0000] {processor.py:186} INFO - Started process (PID=38) to work on /home/airflow/.local/lib/python3.12/site-packages/airflow/example_dags/example_sensors.py
[2025-01-26T19:18:33.261+0000] {processor.py:914} INFO - Processing file /home/airflow/.local/lib/python3.12/site-packages/airflow/example_dags/example_sensors.py for tasks to queue
[2025-01-26T19:18:33.264+0000] {logging_mixin.py:190} INFO - [2025-01-26T19:18:33.263+0000] {dagbag.py:588} INFO - Filling up the DagBag from /home/airflow/.local/lib/python3.12/site-packages/airflow/example_dags/example_sensors.py
[2025-01-26T19:18:33.278+0000] {processor.py:925} INFO - DAG(s) 'example_sensors' retrieved from /home/airflow/.local/lib/python3.12/site-packages/airflow/example_dags/example_sensors.py
[2025-01-26T19:18:33.306+0000] {logging_mixin.py:190} INFO - [2025-01-26T19:18:33.306+0000] {dag.py:3239} INFO - Sync 1 DAGs
[2025-01-26T19:18:33.329+0000] {logging_mixin.py:190} INFO - [2025-01-26T19:18:33.328+0000] {dag.py:4180} INFO - Setting next_dagrun for example_sensors to None, run_after=None
[2025-01-26T19:18:33.348+0000] {processor.py:208} INFO - Processing /home/airflow/.local/lib/python3.12/site-packages/airflow/example_dags/example_sensors.py took 0.094 seconds
[2025-01-26T19:19:03.947+0000] {processor.py:186} INFO - Started process (PID=103) to work on /home/airflow/.local/lib/python3.12/site-packages/airflow/example_dags/example_sensors.py
[2025-01-26T19:19:03.951+0000] {processor.py:914} INFO - Processing file /home/airflow/.local/lib/python3.12/site-packages/airflow/example_dags/example_sensors.py for tasks to queue
[2025-01-26T19:19:03.961+0000] {logging_mixin.py:190} INFO - [2025-01-26T19:19:03.961+0000] {dagbag.py:588} INFO - Filling up the DagBag from /home/airflow/.local/lib/python3.12/site-packages/airflow/example_dags/example_sensors.py
[2025-01-26T19:19:03.984+0000] {processor.py:925} INFO - DAG(s) 'example_sensors' retrieved from /home/airflow/.local/lib/python3.12/site-packages/airflow/example_dags/example_sensors.py
[2025-01-26T19:19:04.073+0000] {logging_mixin.py:190} INFO - [2025-01-26T19:19:04.062+0000] {dag.py:3239} INFO - Sync 1 DAGs
[2025-01-26T19:19:04.140+0000] {logging_mixin.py:190} INFO - [2025-01-26T19:19:04.139+0000] {dag.py:4180} INFO - Setting next_dagrun for example_sensors to None, run_after=None
[2025-01-26T19:19:04.212+0000] {processor.py:208} INFO - Processing /home/airflow/.local/lib/python3.12/site-packages/airflow/example_dags/example_sensors.py took 0.274 seconds
[2025-01-26T19:19:34.622+0000] {processor.py:186} INFO - Started process (PID=166) to work on /home/airflow/.local/lib/python3.12/site-packages/airflow/example_dags/example_sensors.py
[2025-01-26T19:19:34.623+0000] {processor.py:914} INFO - Processing file /home/airflow/.local/lib/python3.12/site-packages/airflow/example_dags/example_sensors.py for tasks to queue
[2025-01-26T19:19:34.626+0000] {logging_mixin.py:190} INFO - [2025-01-26T19:19:34.625+0000] {dagbag.py:588} INFO - Filling up the DagBag from /home/airflow/.local/lib/python3.12/site-packages/airflow/example_dags/example_sensors.py
[2025-01-26T19:19:34.640+0000] {processor.py:925} INFO - DAG(s) 'example_sensors' retrieved from /home/airflow/.local/lib/python3.12/site-packages/airflow/example_dags/example_sensors.py
[2025-01-26T19:19:34.672+0000] {logging_mixin.py:190} INFO - [2025-01-26T19:19:34.672+0000] {dag.py:3239} INFO - Sync 1 DAGs
[2025-01-26T19:19:34.691+0000] {logging_mixin.py:190} INFO - [2025-01-26T19:19:34.691+0000] {dag.py:4180} INFO - Setting next_dagrun for example_sensors to None, run_after=None
[2025-01-26T19:19:34.722+0000] {processor.py:208} INFO - Processing /home/airflow/.local/lib/python3.12/site-packages/airflow/example_dags/example_sensors.py took 0.107 seconds
[2025-01-26T19:20:04.786+0000] {processor.py:186} INFO - Started process (PID=230) to work on /home/airflow/.local/lib/python3.12/site-packages/airflow/example_dags/example_sensors.py
[2025-01-26T19:20:04.787+0000] {processor.py:914} INFO - Processing file /home/airflow/.local/lib/python3.12/site-packages/airflow/example_dags/example_sensors.py for tasks to queue
[2025-01-26T19:20:04.789+0000] {logging_mixin.py:190} INFO - [2025-01-26T19:20:04.789+0000] {dagbag.py:588} INFO - Filling up the DagBag from /home/airflow/.local/lib/python3.12/site-packages/airflow/example_dags/example_sensors.py
[2025-01-26T19:20:04.801+0000] {processor.py:925} INFO - DAG(s) 'example_sensors' retrieved from /home/airflow/.local/lib/python3.12/site-packages/airflow/example_dags/example_sensors.py
[2025-01-26T19:20:04.842+0000] {logging_mixin.py:190} INFO - [2025-01-26T19:20:04.841+0000] {dag.py:3239} INFO - Sync 1 DAGs
[2025-01-26T19:20:04.859+0000] {logging_mixin.py:190} INFO - [2025-01-26T19:20:04.858+0000] {dag.py:4180} INFO - Setting next_dagrun for example_sensors to None, run_after=None
[2025-01-26T19:20:04.880+0000] {processor.py:208} INFO - Processing /home/airflow/.local/lib/python3.12/site-packages/airflow/example_dags/example_sensors.py took 0.101 seconds
[2025-01-26T19:20:35.700+0000] {processor.py:186} INFO - Started process (PID=295) to work on /home/airflow/.local/lib/python3.12/site-packages/airflow/example_dags/example_sensors.py
[2025-01-26T19:20:35.701+0000] {processor.py:914} INFO - Processing file /home/airflow/.local/lib/python3.12/site-packages/airflow/example_dags/example_sensors.py for tasks to queue
[2025-01-26T19:20:35.704+0000] {logging_mixin.py:190} INFO - [2025-01-26T19:20:35.703+0000] {dagbag.py:588} INFO - Filling up the DagBag from /home/airflow/.local/lib/python3.12/site-packages/airflow/example_dags/example_sensors.py
[2025-01-26T19:20:35.718+0000] {processor.py:925} INFO - DAG(s) 'example_sensors' retrieved from /home/airflow/.local/lib/python3.12/site-packages/airflow/example_dags/example_sensors.py
[2025-01-26T19:20:35.764+0000] {logging_mixin.py:190} INFO - [2025-01-26T19:20:35.763+0000] {dag.py:3239} INFO - Sync 1 DAGs
[2025-01-26T19:20:35.786+0000] {logging_mixin.py:190} INFO - [2025-01-26T19:20:35.785+0000] {dag.py:4180} INFO - Setting next_dagrun for example_sensors to None, run_after=None
[2025-01-26T19:20:35.804+0000] {processor.py:208} INFO - Processing /home/airflow/.local/lib/python3.12/site-packages/airflow/example_dags/example_sensors.py took 0.110 seconds
[2025-01-26T19:21:06.657+0000] {processor.py:186} INFO - Started process (PID=360) to work on /home/airflow/.local/lib/python3.12/site-packages/airflow/example_dags/example_sensors.py
[2025-01-26T19:21:06.658+0000] {processor.py:914} INFO - Processing file /home/airflow/.local/lib/python3.12/site-packages/airflow/example_dags/example_sensors.py for tasks to queue
[2025-01-26T19:21:06.660+0000] {logging_mixin.py:190} INFO - [2025-01-26T19:21:06.660+0000] {dagbag.py:588} INFO - Filling up the DagBag from /home/airflow/.local/lib/python3.12/site-packages/airflow/example_dags/example_sensors.py
[2025-01-26T19:21:06.670+0000] {processor.py:925} INFO - DAG(s) 'example_sensors' retrieved from /home/airflow/.local/lib/python3.12/site-packages/airflow/example_dags/example_sensors.py
[2025-01-26T19:21:06.699+0000] {logging_mixin.py:190} INFO - [2025-01-26T19:21:06.699+0000] {dag.py:3239} INFO - Sync 1 DAGs
[2025-01-26T19:21:06.714+0000] {logging_mixin.py:190} INFO - [2025-01-26T19:21:06.713+0000] {dag.py:4180} INFO - Setting next_dagrun for example_sensors to None, run_after=None
[2025-01-26T19:21:06.734+0000] {processor.py:208} INFO - Processing /home/airflow/.local/lib/python3.12/site-packages/airflow/example_dags/example_sensors.py took 0.083 seconds
[2025-01-26T19:21:37.069+0000] {processor.py:186} INFO - Started process (PID=425) to work on /home/airflow/.local/lib/python3.12/site-packages/airflow/example_dags/example_sensors.py
[2025-01-26T19:21:37.076+0000] {processor.py:914} INFO - Processing file /home/airflow/.local/lib/python3.12/site-packages/airflow/example_dags/example_sensors.py for tasks to queue
[2025-01-26T19:21:37.079+0000] {logging_mixin.py:190} INFO - [2025-01-26T19:21:37.078+0000] {dagbag.py:588} INFO - Filling up the DagBag from /home/airflow/.local/lib/python3.12/site-packages/airflow/example_dags/example_sensors.py
[2025-01-26T19:21:37.095+0000] {processor.py:925} INFO - DAG(s) 'example_sensors' retrieved from /home/airflow/.local/lib/python3.12/site-packages/airflow/example_dags/example_sensors.py
[2025-01-26T19:21:37.129+0000] {logging_mixin.py:190} INFO - [2025-01-26T19:21:37.129+0000] {dag.py:3239} INFO - Sync 1 DAGs
[2025-01-26T19:21:37.146+0000] {logging_mixin.py:190} INFO - [2025-01-26T19:21:37.146+0000] {dag.py:4180} INFO - Setting next_dagrun for example_sensors to None, run_after=None
[2025-01-26T19:21:37.196+0000] {processor.py:208} INFO - Processing /home/airflow/.local/lib/python3.12/site-packages/airflow/example_dags/example_sensors.py took 0.134 seconds
[2025-01-26T19:22:08.147+0000] {processor.py:186} INFO - Started process (PID=491) to work on /home/airflow/.local/lib/python3.12/site-packages/airflow/example_dags/example_sensors.py
[2025-01-26T19:22:08.149+0000] {processor.py:914} INFO - Processing file /home/airflow/.local/lib/python3.12/site-packages/airflow/example_dags/example_sensors.py for tasks to queue
[2025-01-26T19:22:08.152+0000] {logging_mixin.py:190} INFO - [2025-01-26T19:22:08.152+0000] {dagbag.py:588} INFO - Filling up the DagBag from /home/airflow/.local/lib/python3.12/site-packages/airflow/example_dags/example_sensors.py
[2025-01-26T19:22:08.164+0000] {processor.py:925} INFO - DAG(s) 'example_sensors' retrieved from /home/airflow/.local/lib/python3.12/site-packages/airflow/example_dags/example_sensors.py
[2025-01-26T19:22:08.201+0000] {logging_mixin.py:190} INFO - [2025-01-26T19:22:08.200+0000] {dag.py:3239} INFO - Sync 1 DAGs
[2025-01-26T19:22:08.222+0000] {logging_mixin.py:190} INFO - [2025-01-26T19:22:08.222+0000] {dag.py:4180} INFO - Setting next_dagrun for example_sensors to None, run_after=None
[2025-01-26T19:22:08.249+0000] {processor.py:208} INFO - Processing /home/airflow/.local/lib/python3.12/site-packages/airflow/example_dags/example_sensors.py took 0.111 seconds
[2025-01-26T19:22:38.351+0000] {processor.py:186} INFO - Started process (PID=556) to work on /home/airflow/.local/lib/python3.12/site-packages/airflow/example_dags/example_sensors.py
[2025-01-26T19:22:38.353+0000] {processor.py:914} INFO - Processing file /home/airflow/.local/lib/python3.12/site-packages/airflow/example_dags/example_sensors.py for tasks to queue
[2025-01-26T19:22:38.356+0000] {logging_mixin.py:190} INFO - [2025-01-26T19:22:38.356+0000] {dagbag.py:588} INFO - Filling up the DagBag from /home/airflow/.local/lib/python3.12/site-packages/airflow/example_dags/example_sensors.py
[2025-01-26T19:22:38.374+0000] {processor.py:925} INFO - DAG(s) 'example_sensors' retrieved from /home/airflow/.local/lib/python3.12/site-packages/airflow/example_dags/example_sensors.py
[2025-01-26T19:22:38.419+0000] {logging_mixin.py:190} INFO - [2025-01-26T19:22:38.418+0000] {dag.py:3239} INFO - Sync 1 DAGs
[2025-01-26T19:22:38.441+0000] {logging_mixin.py:190} INFO - [2025-01-26T19:22:38.441+0000] {dag.py:4180} INFO - Setting next_dagrun for example_sensors to None, run_after=None
[2025-01-26T19:22:38.469+0000] {processor.py:208} INFO - Processing /home/airflow/.local/lib/python3.12/site-packages/airflow/example_dags/example_sensors.py took 0.129 seconds
[2025-01-26T19:23:08.550+0000] {processor.py:186} INFO - Started process (PID=621) to work on /home/airflow/.local/lib/python3.12/site-packages/airflow/example_dags/example_sensors.py
[2025-01-26T19:23:08.552+0000] {processor.py:914} INFO - Processing file /home/airflow/.local/lib/python3.12/site-packages/airflow/example_dags/example_sensors.py for tasks to queue
[2025-01-26T19:23:08.555+0000] {logging_mixin.py:190} INFO - [2025-01-26T19:23:08.554+0000] {dagbag.py:588} INFO - Filling up the DagBag from /home/airflow/.local/lib/python3.12/site-packages/airflow/example_dags/example_sensors.py
[2025-01-26T19:23:08.574+0000] {processor.py:925} INFO - DAG(s) 'example_sensors' retrieved from /home/airflow/.local/lib/python3.12/site-packages/airflow/example_dags/example_sensors.py
[2025-01-26T19:23:08.621+0000] {logging_mixin.py:190} INFO - [2025-01-26T19:23:08.621+0000] {dag.py:3239} INFO - Sync 1 DAGs
[2025-01-26T19:23:08.640+0000] {logging_mixin.py:190} INFO - [2025-01-26T19:23:08.640+0000] {dag.py:4180} INFO - Setting next_dagrun for example_sensors to None, run_after=None
[2025-01-26T19:23:08.670+0000] {processor.py:208} INFO - Processing /home/airflow/.local/lib/python3.12/site-packages/airflow/example_dags/example_sensors.py took 0.127 seconds
[2025-01-26T19:23:39.077+0000] {processor.py:186} INFO - Started process (PID=686) to work on /home/airflow/.local/lib/python3.12/site-packages/airflow/example_dags/example_sensors.py
[2025-01-26T19:23:39.078+0000] {processor.py:914} INFO - Processing file /home/airflow/.local/lib/python3.12/site-packages/airflow/example_dags/example_sensors.py for tasks to queue
[2025-01-26T19:23:39.081+0000] {logging_mixin.py:190} INFO - [2025-01-26T19:23:39.080+0000] {dagbag.py:588} INFO - Filling up the DagBag from /home/airflow/.local/lib/python3.12/site-packages/airflow/example_dags/example_sensors.py
[2025-01-26T19:23:39.091+0000] {processor.py:925} INFO - DAG(s) 'example_sensors' retrieved from /home/airflow/.local/lib/python3.12/site-packages/airflow/example_dags/example_sensors.py
[2025-01-26T19:23:39.114+0000] {logging_mixin.py:190} INFO - [2025-01-26T19:23:39.114+0000] {dag.py:3239} INFO - Sync 1 DAGs
[2025-01-26T19:23:39.127+0000] {logging_mixin.py:190} INFO - [2025-01-26T19:23:39.127+0000] {dag.py:4180} INFO - Setting next_dagrun for example_sensors to None, run_after=None
[2025-01-26T19:23:39.144+0000] {processor.py:208} INFO - Processing /home/airflow/.local/lib/python3.12/site-packages/airflow/example_dags/example_sensors.py took 0.072 seconds
[2025-01-26T19:25:25.428+0000] {processor.py:186} INFO - Started process (PID=43) to work on /home/airflow/.local/lib/python3.12/site-packages/airflow/example_dags/example_sensors.py
[2025-01-26T19:25:25.429+0000] {processor.py:914} INFO - Processing file /home/airflow/.local/lib/python3.12/site-packages/airflow/example_dags/example_sensors.py for tasks to queue
[2025-01-26T19:25:25.432+0000] {logging_mixin.py:190} INFO - [2025-01-26T19:25:25.432+0000] {dagbag.py:588} INFO - Filling up the DagBag from /home/airflow/.local/lib/python3.12/site-packages/airflow/example_dags/example_sensors.py
[2025-01-26T19:25:25.467+0000] {processor.py:925} INFO - DAG(s) 'example_sensors' retrieved from /home/airflow/.local/lib/python3.12/site-packages/airflow/example_dags/example_sensors.py
[2025-01-26T19:25:25.555+0000] {logging_mixin.py:190} INFO - [2025-01-26T19:25:25.554+0000] {dag.py:3239} INFO - Sync 1 DAGs
[2025-01-26T19:25:25.576+0000] {logging_mixin.py:190} INFO - [2025-01-26T19:25:25.576+0000] {dag.py:4180} INFO - Setting next_dagrun for example_sensors to None, run_after=None
[2025-01-26T19:25:25.603+0000] {processor.py:208} INFO - Processing /home/airflow/.local/lib/python3.12/site-packages/airflow/example_dags/example_sensors.py took 0.186 seconds
[2025-01-26T19:25:56.265+0000] {processor.py:186} INFO - Started process (PID=107) to work on /home/airflow/.local/lib/python3.12/site-packages/airflow/example_dags/example_sensors.py
[2025-01-26T19:25:56.270+0000] {processor.py:914} INFO - Processing file /home/airflow/.local/lib/python3.12/site-packages/airflow/example_dags/example_sensors.py for tasks to queue
[2025-01-26T19:25:56.278+0000] {logging_mixin.py:190} INFO - [2025-01-26T19:25:56.277+0000] {dagbag.py:588} INFO - Filling up the DagBag from /home/airflow/.local/lib/python3.12/site-packages/airflow/example_dags/example_sensors.py
[2025-01-26T19:25:56.305+0000] {processor.py:925} INFO - DAG(s) 'example_sensors' retrieved from /home/airflow/.local/lib/python3.12/site-packages/airflow/example_dags/example_sensors.py
[2025-01-26T19:25:56.355+0000] {logging_mixin.py:190} INFO - [2025-01-26T19:25:56.355+0000] {dag.py:3239} INFO - Sync 1 DAGs
[2025-01-26T19:25:56.382+0000] {logging_mixin.py:190} INFO - [2025-01-26T19:25:56.381+0000] {dag.py:4180} INFO - Setting next_dagrun for example_sensors to None, run_after=None
[2025-01-26T19:25:56.416+0000] {processor.py:208} INFO - Processing /home/airflow/.local/lib/python3.12/site-packages/airflow/example_dags/example_sensors.py took 0.165 seconds
[2025-01-26T19:26:26.961+0000] {processor.py:186} INFO - Started process (PID=171) to work on /home/airflow/.local/lib/python3.12/site-packages/airflow/example_dags/example_sensors.py
[2025-01-26T19:26:26.962+0000] {processor.py:914} INFO - Processing file /home/airflow/.local/lib/python3.12/site-packages/airflow/example_dags/example_sensors.py for tasks to queue
[2025-01-26T19:26:26.965+0000] {logging_mixin.py:190} INFO - [2025-01-26T19:26:26.965+0000] {dagbag.py:588} INFO - Filling up the DagBag from /home/airflow/.local/lib/python3.12/site-packages/airflow/example_dags/example_sensors.py
[2025-01-26T19:26:26.985+0000] {processor.py:925} INFO - DAG(s) 'example_sensors' retrieved from /home/airflow/.local/lib/python3.12/site-packages/airflow/example_dags/example_sensors.py
[2025-01-26T19:26:27.016+0000] {logging_mixin.py:190} INFO - [2025-01-26T19:26:27.016+0000] {dag.py:3239} INFO - Sync 1 DAGs
[2025-01-26T19:26:27.042+0000] {logging_mixin.py:190} INFO - [2025-01-26T19:26:27.042+0000] {dag.py:4180} INFO - Setting next_dagrun for example_sensors to None, run_after=None
[2025-01-26T19:26:27.065+0000] {processor.py:208} INFO - Processing /home/airflow/.local/lib/python3.12/site-packages/airflow/example_dags/example_sensors.py took 0.111 seconds
[2025-01-26T19:26:57.608+0000] {processor.py:186} INFO - Started process (PID=237) to work on /home/airflow/.local/lib/python3.12/site-packages/airflow/example_dags/example_sensors.py
[2025-01-26T19:26:57.609+0000] {processor.py:914} INFO - Processing file /home/airflow/.local/lib/python3.12/site-packages/airflow/example_dags/example_sensors.py for tasks to queue
[2025-01-26T19:26:57.611+0000] {logging_mixin.py:190} INFO - [2025-01-26T19:26:57.611+0000] {dagbag.py:588} INFO - Filling up the DagBag from /home/airflow/.local/lib/python3.12/site-packages/airflow/example_dags/example_sensors.py
[2025-01-26T19:26:57.622+0000] {processor.py:925} INFO - DAG(s) 'example_sensors' retrieved from /home/airflow/.local/lib/python3.12/site-packages/airflow/example_dags/example_sensors.py
[2025-01-26T19:26:57.650+0000] {logging_mixin.py:190} INFO - [2025-01-26T19:26:57.650+0000] {dag.py:3239} INFO - Sync 1 DAGs
[2025-01-26T19:26:57.664+0000] {logging_mixin.py:190} INFO - [2025-01-26T19:26:57.664+0000] {dag.py:4180} INFO - Setting next_dagrun for example_sensors to None, run_after=None
[2025-01-26T19:26:57.683+0000] {processor.py:208} INFO - Processing /home/airflow/.local/lib/python3.12/site-packages/airflow/example_dags/example_sensors.py took 0.081 seconds
[2025-01-26T19:27:28.488+0000] {processor.py:186} INFO - Started process (PID=303) to work on /home/airflow/.local/lib/python3.12/site-packages/airflow/example_dags/example_sensors.py
[2025-01-26T19:27:28.489+0000] {processor.py:914} INFO - Processing file /home/airflow/.local/lib/python3.12/site-packages/airflow/example_dags/example_sensors.py for tasks to queue
[2025-01-26T19:27:28.492+0000] {logging_mixin.py:190} INFO - [2025-01-26T19:27:28.491+0000] {dagbag.py:588} INFO - Filling up the DagBag from /home/airflow/.local/lib/python3.12/site-packages/airflow/example_dags/example_sensors.py
[2025-01-26T19:27:28.502+0000] {processor.py:925} INFO - DAG(s) 'example_sensors' retrieved from /home/airflow/.local/lib/python3.12/site-packages/airflow/example_dags/example_sensors.py
[2025-01-26T19:27:28.525+0000] {logging_mixin.py:190} INFO - [2025-01-26T19:27:28.525+0000] {dag.py:3239} INFO - Sync 1 DAGs
[2025-01-26T19:27:28.538+0000] {logging_mixin.py:190} INFO - [2025-01-26T19:27:28.538+0000] {dag.py:4180} INFO - Setting next_dagrun for example_sensors to None, run_after=None
[2025-01-26T19:27:28.558+0000] {processor.py:208} INFO - Processing /home/airflow/.local/lib/python3.12/site-packages/airflow/example_dags/example_sensors.py took 0.075 seconds
[2025-01-26T19:27:59.476+0000] {processor.py:186} INFO - Started process (PID=368) to work on /home/airflow/.local/lib/python3.12/site-packages/airflow/example_dags/example_sensors.py
[2025-01-26T19:27:59.478+0000] {processor.py:914} INFO - Processing file /home/airflow/.local/lib/python3.12/site-packages/airflow/example_dags/example_sensors.py for tasks to queue
[2025-01-26T19:27:59.481+0000] {logging_mixin.py:190} INFO - [2025-01-26T19:27:59.480+0000] {dagbag.py:588} INFO - Filling up the DagBag from /home/airflow/.local/lib/python3.12/site-packages/airflow/example_dags/example_sensors.py
[2025-01-26T19:27:59.499+0000] {processor.py:925} INFO - DAG(s) 'example_sensors' retrieved from /home/airflow/.local/lib/python3.12/site-packages/airflow/example_dags/example_sensors.py
[2025-01-26T19:27:59.531+0000] {logging_mixin.py:190} INFO - [2025-01-26T19:27:59.531+0000] {dag.py:3239} INFO - Sync 1 DAGs
[2025-01-26T19:27:59.550+0000] {logging_mixin.py:190} INFO - [2025-01-26T19:27:59.549+0000] {dag.py:4180} INFO - Setting next_dagrun for example_sensors to None, run_after=None
[2025-01-26T19:27:59.581+0000] {processor.py:208} INFO - Processing /home/airflow/.local/lib/python3.12/site-packages/airflow/example_dags/example_sensors.py took 0.121 seconds
[2025-01-26T19:28:30.060+0000] {processor.py:186} INFO - Started process (PID=433) to work on /home/airflow/.local/lib/python3.12/site-packages/airflow/example_dags/example_sensors.py
[2025-01-26T19:28:30.061+0000] {processor.py:914} INFO - Processing file /home/airflow/.local/lib/python3.12/site-packages/airflow/example_dags/example_sensors.py for tasks to queue
[2025-01-26T19:28:30.063+0000] {logging_mixin.py:190} INFO - [2025-01-26T19:28:30.063+0000] {dagbag.py:588} INFO - Filling up the DagBag from /home/airflow/.local/lib/python3.12/site-packages/airflow/example_dags/example_sensors.py
[2025-01-26T19:28:30.074+0000] {processor.py:925} INFO - DAG(s) 'example_sensors' retrieved from /home/airflow/.local/lib/python3.12/site-packages/airflow/example_dags/example_sensors.py
[2025-01-26T19:28:30.098+0000] {logging_mixin.py:190} INFO - [2025-01-26T19:28:30.098+0000] {dag.py:3239} INFO - Sync 1 DAGs
[2025-01-26T19:28:30.115+0000] {logging_mixin.py:190} INFO - [2025-01-26T19:28:30.114+0000] {dag.py:4180} INFO - Setting next_dagrun for example_sensors to None, run_after=None
[2025-01-26T19:28:30.133+0000] {processor.py:208} INFO - Processing /home/airflow/.local/lib/python3.12/site-packages/airflow/example_dags/example_sensors.py took 0.079 seconds
[2025-01-26T19:29:00.757+0000] {processor.py:186} INFO - Started process (PID=498) to work on /home/airflow/.local/lib/python3.12/site-packages/airflow/example_dags/example_sensors.py
[2025-01-26T19:29:00.758+0000] {processor.py:914} INFO - Processing file /home/airflow/.local/lib/python3.12/site-packages/airflow/example_dags/example_sensors.py for tasks to queue
[2025-01-26T19:29:00.761+0000] {logging_mixin.py:190} INFO - [2025-01-26T19:29:00.761+0000] {dagbag.py:588} INFO - Filling up the DagBag from /home/airflow/.local/lib/python3.12/site-packages/airflow/example_dags/example_sensors.py
[2025-01-26T19:29:00.775+0000] {processor.py:925} INFO - DAG(s) 'example_sensors' retrieved from /home/airflow/.local/lib/python3.12/site-packages/airflow/example_dags/example_sensors.py
[2025-01-26T19:29:00.804+0000] {logging_mixin.py:190} INFO - [2025-01-26T19:29:00.804+0000] {dag.py:3239} INFO - Sync 1 DAGs
[2025-01-26T19:29:00.818+0000] {logging_mixin.py:190} INFO - [2025-01-26T19:29:00.818+0000] {dag.py:4180} INFO - Setting next_dagrun for example_sensors to None, run_after=None
[2025-01-26T19:29:00.841+0000] {processor.py:208} INFO - Processing /home/airflow/.local/lib/python3.12/site-packages/airflow/example_dags/example_sensors.py took 0.094 seconds
[2025-01-26T19:29:31.036+0000] {processor.py:186} INFO - Started process (PID=563) to work on /home/airflow/.local/lib/python3.12/site-packages/airflow/example_dags/example_sensors.py
[2025-01-26T19:29:31.037+0000] {processor.py:914} INFO - Processing file /home/airflow/.local/lib/python3.12/site-packages/airflow/example_dags/example_sensors.py for tasks to queue
[2025-01-26T19:29:31.040+0000] {logging_mixin.py:190} INFO - [2025-01-26T19:29:31.040+0000] {dagbag.py:588} INFO - Filling up the DagBag from /home/airflow/.local/lib/python3.12/site-packages/airflow/example_dags/example_sensors.py
[2025-01-26T19:29:31.050+0000] {processor.py:925} INFO - DAG(s) 'example_sensors' retrieved from /home/airflow/.local/lib/python3.12/site-packages/airflow/example_dags/example_sensors.py
[2025-01-26T19:29:31.079+0000] {logging_mixin.py:190} INFO - [2025-01-26T19:29:31.074+0000] {dag.py:3239} INFO - Sync 1 DAGs
[2025-01-26T19:29:31.093+0000] {logging_mixin.py:190} INFO - [2025-01-26T19:29:31.093+0000] {dag.py:4180} INFO - Setting next_dagrun for example_sensors to None, run_after=None
[2025-01-26T19:29:31.110+0000] {processor.py:208} INFO - Processing /home/airflow/.local/lib/python3.12/site-packages/airflow/example_dags/example_sensors.py took 0.079 seconds
[2025-01-26T19:30:01.463+0000] {processor.py:186} INFO - Started process (PID=629) to work on /home/airflow/.local/lib/python3.12/site-packages/airflow/example_dags/example_sensors.py
[2025-01-26T19:30:01.464+0000] {processor.py:914} INFO - Processing file /home/airflow/.local/lib/python3.12/site-packages/airflow/example_dags/example_sensors.py for tasks to queue
[2025-01-26T19:30:01.467+0000] {logging_mixin.py:190} INFO - [2025-01-26T19:30:01.466+0000] {dagbag.py:588} INFO - Filling up the DagBag from /home/airflow/.local/lib/python3.12/site-packages/airflow/example_dags/example_sensors.py
[2025-01-26T19:30:01.477+0000] {processor.py:925} INFO - DAG(s) 'example_sensors' retrieved from /home/airflow/.local/lib/python3.12/site-packages/airflow/example_dags/example_sensors.py
[2025-01-26T19:30:01.500+0000] {logging_mixin.py:190} INFO - [2025-01-26T19:30:01.499+0000] {dag.py:3239} INFO - Sync 1 DAGs
[2025-01-26T19:30:01.514+0000] {logging_mixin.py:190} INFO - [2025-01-26T19:30:01.513+0000] {dag.py:4180} INFO - Setting next_dagrun for example_sensors to None, run_after=None
[2025-01-26T19:30:01.532+0000] {processor.py:208} INFO - Processing /home/airflow/.local/lib/python3.12/site-packages/airflow/example_dags/example_sensors.py took 0.075 seconds
[2025-01-26T19:30:32.414+0000] {processor.py:186} INFO - Started process (PID=694) to work on /home/airflow/.local/lib/python3.12/site-packages/airflow/example_dags/example_sensors.py
[2025-01-26T19:30:32.415+0000] {processor.py:914} INFO - Processing file /home/airflow/.local/lib/python3.12/site-packages/airflow/example_dags/example_sensors.py for tasks to queue
[2025-01-26T19:30:32.418+0000] {logging_mixin.py:190} INFO - [2025-01-26T19:30:32.418+0000] {dagbag.py:588} INFO - Filling up the DagBag from /home/airflow/.local/lib/python3.12/site-packages/airflow/example_dags/example_sensors.py
[2025-01-26T19:30:32.429+0000] {processor.py:925} INFO - DAG(s) 'example_sensors' retrieved from /home/airflow/.local/lib/python3.12/site-packages/airflow/example_dags/example_sensors.py
[2025-01-26T19:30:32.453+0000] {logging_mixin.py:190} INFO - [2025-01-26T19:30:32.452+0000] {dag.py:3239} INFO - Sync 1 DAGs
[2025-01-26T19:30:32.469+0000] {logging_mixin.py:190} INFO - [2025-01-26T19:30:32.469+0000] {dag.py:4180} INFO - Setting next_dagrun for example_sensors to None, run_after=None
[2025-01-26T19:30:32.498+0000] {processor.py:208} INFO - Processing /home/airflow/.local/lib/python3.12/site-packages/airflow/example_dags/example_sensors.py took 0.092 seconds
[2025-01-26T19:31:03.049+0000] {processor.py:186} INFO - Started process (PID=759) to work on /home/airflow/.local/lib/python3.12/site-packages/airflow/example_dags/example_sensors.py
[2025-01-26T19:31:03.050+0000] {processor.py:914} INFO - Processing file /home/airflow/.local/lib/python3.12/site-packages/airflow/example_dags/example_sensors.py for tasks to queue
[2025-01-26T19:31:03.053+0000] {logging_mixin.py:190} INFO - [2025-01-26T19:31:03.053+0000] {dagbag.py:588} INFO - Filling up the DagBag from /home/airflow/.local/lib/python3.12/site-packages/airflow/example_dags/example_sensors.py
[2025-01-26T19:31:03.063+0000] {processor.py:925} INFO - DAG(s) 'example_sensors' retrieved from /home/airflow/.local/lib/python3.12/site-packages/airflow/example_dags/example_sensors.py
[2025-01-26T19:31:03.089+0000] {logging_mixin.py:190} INFO - [2025-01-26T19:31:03.088+0000] {dag.py:3239} INFO - Sync 1 DAGs
[2025-01-26T19:31:03.103+0000] {logging_mixin.py:190} INFO - [2025-01-26T19:31:03.103+0000] {dag.py:4180} INFO - Setting next_dagrun for example_sensors to None, run_after=None
[2025-01-26T19:31:03.122+0000] {processor.py:208} INFO - Processing /home/airflow/.local/lib/python3.12/site-packages/airflow/example_dags/example_sensors.py took 0.079 seconds
[2025-01-26T19:31:33.998+0000] {processor.py:186} INFO - Started process (PID=824) to work on /home/airflow/.local/lib/python3.12/site-packages/airflow/example_dags/example_sensors.py
[2025-01-26T19:31:33.999+0000] {processor.py:914} INFO - Processing file /home/airflow/.local/lib/python3.12/site-packages/airflow/example_dags/example_sensors.py for tasks to queue
[2025-01-26T19:31:34.002+0000] {logging_mixin.py:190} INFO - [2025-01-26T19:31:34.002+0000] {dagbag.py:588} INFO - Filling up the DagBag from /home/airflow/.local/lib/python3.12/site-packages/airflow/example_dags/example_sensors.py
[2025-01-26T19:31:34.012+0000] {processor.py:925} INFO - DAG(s) 'example_sensors' retrieved from /home/airflow/.local/lib/python3.12/site-packages/airflow/example_dags/example_sensors.py
[2025-01-26T19:31:34.038+0000] {logging_mixin.py:190} INFO - [2025-01-26T19:31:34.038+0000] {dag.py:3239} INFO - Sync 1 DAGs
[2025-01-26T19:31:34.053+0000] {logging_mixin.py:190} INFO - [2025-01-26T19:31:34.053+0000] {dag.py:4180} INFO - Setting next_dagrun for example_sensors to None, run_after=None
[2025-01-26T19:31:34.072+0000] {processor.py:208} INFO - Processing /home/airflow/.local/lib/python3.12/site-packages/airflow/example_dags/example_sensors.py took 0.079 seconds
[2025-01-26T19:32:04.210+0000] {processor.py:186} INFO - Started process (PID=889) to work on /home/airflow/.local/lib/python3.12/site-packages/airflow/example_dags/example_sensors.py
[2025-01-26T19:32:04.211+0000] {processor.py:914} INFO - Processing file /home/airflow/.local/lib/python3.12/site-packages/airflow/example_dags/example_sensors.py for tasks to queue
[2025-01-26T19:32:04.213+0000] {logging_mixin.py:190} INFO - [2025-01-26T19:32:04.213+0000] {dagbag.py:588} INFO - Filling up the DagBag from /home/airflow/.local/lib/python3.12/site-packages/airflow/example_dags/example_sensors.py
[2025-01-26T19:32:04.226+0000] {processor.py:925} INFO - DAG(s) 'example_sensors' retrieved from /home/airflow/.local/lib/python3.12/site-packages/airflow/example_dags/example_sensors.py
[2025-01-26T19:32:04.254+0000] {logging_mixin.py:190} INFO - [2025-01-26T19:32:04.254+0000] {dag.py:3239} INFO - Sync 1 DAGs
[2025-01-26T19:32:04.270+0000] {logging_mixin.py:190} INFO - [2025-01-26T19:32:04.270+0000] {dag.py:4180} INFO - Setting next_dagrun for example_sensors to None, run_after=None
[2025-01-26T19:32:04.291+0000] {processor.py:208} INFO - Processing /home/airflow/.local/lib/python3.12/site-packages/airflow/example_dags/example_sensors.py took 0.086 seconds
[2025-01-26T19:32:35.049+0000] {processor.py:186} INFO - Started process (PID=955) to work on /home/airflow/.local/lib/python3.12/site-packages/airflow/example_dags/example_sensors.py
[2025-01-26T19:32:35.051+0000] {processor.py:914} INFO - Processing file /home/airflow/.local/lib/python3.12/site-packages/airflow/example_dags/example_sensors.py for tasks to queue
[2025-01-26T19:32:35.053+0000] {logging_mixin.py:190} INFO - [2025-01-26T19:32:35.053+0000] {dagbag.py:588} INFO - Filling up the DagBag from /home/airflow/.local/lib/python3.12/site-packages/airflow/example_dags/example_sensors.py
[2025-01-26T19:32:35.064+0000] {processor.py:925} INFO - DAG(s) 'example_sensors' retrieved from /home/airflow/.local/lib/python3.12/site-packages/airflow/example_dags/example_sensors.py
[2025-01-26T19:32:35.090+0000] {logging_mixin.py:190} INFO - [2025-01-26T19:32:35.090+0000] {dag.py:3239} INFO - Sync 1 DAGs
[2025-01-26T19:32:35.105+0000] {logging_mixin.py:190} INFO - [2025-01-26T19:32:35.105+0000] {dag.py:4180} INFO - Setting next_dagrun for example_sensors to None, run_after=None
[2025-01-26T19:32:35.125+0000] {processor.py:208} INFO - Processing /home/airflow/.local/lib/python3.12/site-packages/airflow/example_dags/example_sensors.py took 0.082 seconds
[2025-01-26T19:33:05.584+0000] {processor.py:186} INFO - Started process (PID=1021) to work on /home/airflow/.local/lib/python3.12/site-packages/airflow/example_dags/example_sensors.py
[2025-01-26T19:33:05.585+0000] {processor.py:914} INFO - Processing file /home/airflow/.local/lib/python3.12/site-packages/airflow/example_dags/example_sensors.py for tasks to queue
[2025-01-26T19:33:05.587+0000] {logging_mixin.py:190} INFO - [2025-01-26T19:33:05.587+0000] {dagbag.py:588} INFO - Filling up the DagBag from /home/airflow/.local/lib/python3.12/site-packages/airflow/example_dags/example_sensors.py
[2025-01-26T19:33:05.601+0000] {processor.py:925} INFO - DAG(s) 'example_sensors' retrieved from /home/airflow/.local/lib/python3.12/site-packages/airflow/example_dags/example_sensors.py
[2025-01-26T19:33:05.630+0000] {logging_mixin.py:190} INFO - [2025-01-26T19:33:05.630+0000] {dag.py:3239} INFO - Sync 1 DAGs
[2025-01-26T19:33:05.656+0000] {logging_mixin.py:190} INFO - [2025-01-26T19:33:05.656+0000] {dag.py:4180} INFO - Setting next_dagrun for example_sensors to None, run_after=None
[2025-01-26T19:33:05.689+0000] {processor.py:208} INFO - Processing /home/airflow/.local/lib/python3.12/site-packages/airflow/example_dags/example_sensors.py took 0.111 seconds
[2025-01-26T19:33:36.235+0000] {processor.py:186} INFO - Started process (PID=1086) to work on /home/airflow/.local/lib/python3.12/site-packages/airflow/example_dags/example_sensors.py
[2025-01-26T19:33:36.236+0000] {processor.py:914} INFO - Processing file /home/airflow/.local/lib/python3.12/site-packages/airflow/example_dags/example_sensors.py for tasks to queue
[2025-01-26T19:33:36.238+0000] {logging_mixin.py:190} INFO - [2025-01-26T19:33:36.238+0000] {dagbag.py:588} INFO - Filling up the DagBag from /home/airflow/.local/lib/python3.12/site-packages/airflow/example_dags/example_sensors.py
[2025-01-26T19:33:36.248+0000] {processor.py:925} INFO - DAG(s) 'example_sensors' retrieved from /home/airflow/.local/lib/python3.12/site-packages/airflow/example_dags/example_sensors.py
[2025-01-26T19:33:36.272+0000] {logging_mixin.py:190} INFO - [2025-01-26T19:33:36.271+0000] {dag.py:3239} INFO - Sync 1 DAGs
[2025-01-26T19:33:36.285+0000] {logging_mixin.py:190} INFO - [2025-01-26T19:33:36.285+0000] {dag.py:4180} INFO - Setting next_dagrun for example_sensors to None, run_after=None
[2025-01-26T19:33:36.303+0000] {processor.py:208} INFO - Processing /home/airflow/.local/lib/python3.12/site-packages/airflow/example_dags/example_sensors.py took 0.073 seconds
[2025-01-26T19:34:06.579+0000] {processor.py:186} INFO - Started process (PID=1151) to work on /home/airflow/.local/lib/python3.12/site-packages/airflow/example_dags/example_sensors.py
[2025-01-26T19:34:06.580+0000] {processor.py:914} INFO - Processing file /home/airflow/.local/lib/python3.12/site-packages/airflow/example_dags/example_sensors.py for tasks to queue
[2025-01-26T19:34:06.582+0000] {logging_mixin.py:190} INFO - [2025-01-26T19:34:06.582+0000] {dagbag.py:588} INFO - Filling up the DagBag from /home/airflow/.local/lib/python3.12/site-packages/airflow/example_dags/example_sensors.py
[2025-01-26T19:34:06.592+0000] {processor.py:925} INFO - DAG(s) 'example_sensors' retrieved from /home/airflow/.local/lib/python3.12/site-packages/airflow/example_dags/example_sensors.py
[2025-01-26T19:34:06.614+0000] {logging_mixin.py:190} INFO - [2025-01-26T19:34:06.614+0000] {dag.py:3239} INFO - Sync 1 DAGs
[2025-01-26T19:34:06.628+0000] {logging_mixin.py:190} INFO - [2025-01-26T19:34:06.628+0000] {dag.py:4180} INFO - Setting next_dagrun for example_sensors to None, run_after=None
[2025-01-26T19:34:06.647+0000] {processor.py:208} INFO - Processing /home/airflow/.local/lib/python3.12/site-packages/airflow/example_dags/example_sensors.py took 0.073 seconds
[2025-01-26T23:29:56.017+0000] {processor.py:186} INFO - Started process (PID=37) to work on /home/airflow/.local/lib/python3.12/site-packages/airflow/example_dags/example_sensors.py
[2025-01-26T23:29:56.019+0000] {processor.py:914} INFO - Processing file /home/airflow/.local/lib/python3.12/site-packages/airflow/example_dags/example_sensors.py for tasks to queue
[2025-01-26T23:29:56.023+0000] {logging_mixin.py:190} INFO - [2025-01-26T23:29:56.022+0000] {dagbag.py:588} INFO - Filling up the DagBag from /home/airflow/.local/lib/python3.12/site-packages/airflow/example_dags/example_sensors.py
[2025-01-26T23:29:56.039+0000] {processor.py:925} INFO - DAG(s) 'example_sensors' retrieved from /home/airflow/.local/lib/python3.12/site-packages/airflow/example_dags/example_sensors.py
[2025-01-26T23:29:56.086+0000] {logging_mixin.py:190} INFO - [2025-01-26T23:29:56.085+0000] {dag.py:3239} INFO - Sync 1 DAGs
[2025-01-26T23:29:56.103+0000] {logging_mixin.py:190} INFO - [2025-01-26T23:29:56.103+0000] {dag.py:4180} INFO - Setting next_dagrun for example_sensors to None, run_after=None
[2025-01-26T23:29:56.126+0000] {processor.py:208} INFO - Processing /home/airflow/.local/lib/python3.12/site-packages/airflow/example_dags/example_sensors.py took 0.117 seconds
[2025-01-26T23:30:27.017+0000] {processor.py:186} INFO - Started process (PID=102) to work on /home/airflow/.local/lib/python3.12/site-packages/airflow/example_dags/example_sensors.py
[2025-01-26T23:30:27.018+0000] {processor.py:914} INFO - Processing file /home/airflow/.local/lib/python3.12/site-packages/airflow/example_dags/example_sensors.py for tasks to queue
[2025-01-26T23:30:27.020+0000] {logging_mixin.py:190} INFO - [2025-01-26T23:30:27.020+0000] {dagbag.py:588} INFO - Filling up the DagBag from /home/airflow/.local/lib/python3.12/site-packages/airflow/example_dags/example_sensors.py
[2025-01-26T23:30:27.031+0000] {processor.py:925} INFO - DAG(s) 'example_sensors' retrieved from /home/airflow/.local/lib/python3.12/site-packages/airflow/example_dags/example_sensors.py
[2025-01-26T23:30:27.057+0000] {logging_mixin.py:190} INFO - [2025-01-26T23:30:27.056+0000] {dag.py:3239} INFO - Sync 1 DAGs
[2025-01-26T23:30:27.070+0000] {logging_mixin.py:190} INFO - [2025-01-26T23:30:27.070+0000] {dag.py:4180} INFO - Setting next_dagrun for example_sensors to None, run_after=None
[2025-01-26T23:30:27.091+0000] {processor.py:208} INFO - Processing /home/airflow/.local/lib/python3.12/site-packages/airflow/example_dags/example_sensors.py took 0.079 seconds
[2025-01-26T23:30:58.046+0000] {processor.py:186} INFO - Started process (PID=166) to work on /home/airflow/.local/lib/python3.12/site-packages/airflow/example_dags/example_sensors.py
[2025-01-26T23:30:58.048+0000] {processor.py:914} INFO - Processing file /home/airflow/.local/lib/python3.12/site-packages/airflow/example_dags/example_sensors.py for tasks to queue
[2025-01-26T23:30:58.052+0000] {logging_mixin.py:190} INFO - [2025-01-26T23:30:58.052+0000] {dagbag.py:588} INFO - Filling up the DagBag from /home/airflow/.local/lib/python3.12/site-packages/airflow/example_dags/example_sensors.py
[2025-01-26T23:30:58.069+0000] {processor.py:925} INFO - DAG(s) 'example_sensors' retrieved from /home/airflow/.local/lib/python3.12/site-packages/airflow/example_dags/example_sensors.py
[2025-01-26T23:30:58.142+0000] {logging_mixin.py:190} INFO - [2025-01-26T23:30:58.141+0000] {dag.py:3239} INFO - Sync 1 DAGs
[2025-01-26T23:30:58.168+0000] {logging_mixin.py:190} INFO - [2025-01-26T23:30:58.168+0000] {dag.py:4180} INFO - Setting next_dagrun for example_sensors to None, run_after=None
[2025-01-26T23:30:58.210+0000] {processor.py:208} INFO - Processing /home/airflow/.local/lib/python3.12/site-packages/airflow/example_dags/example_sensors.py took 0.173 seconds
[2025-01-26T23:31:28.449+0000] {processor.py:186} INFO - Started process (PID=235) to work on /home/airflow/.local/lib/python3.12/site-packages/airflow/example_dags/example_sensors.py
[2025-01-26T23:31:28.450+0000] {processor.py:914} INFO - Processing file /home/airflow/.local/lib/python3.12/site-packages/airflow/example_dags/example_sensors.py for tasks to queue
[2025-01-26T23:31:28.452+0000] {logging_mixin.py:190} INFO - [2025-01-26T23:31:28.452+0000] {dagbag.py:588} INFO - Filling up the DagBag from /home/airflow/.local/lib/python3.12/site-packages/airflow/example_dags/example_sensors.py
[2025-01-26T23:31:28.462+0000] {processor.py:925} INFO - DAG(s) 'example_sensors' retrieved from /home/airflow/.local/lib/python3.12/site-packages/airflow/example_dags/example_sensors.py
[2025-01-26T23:31:28.485+0000] {logging_mixin.py:190} INFO - [2025-01-26T23:31:28.484+0000] {dag.py:3239} INFO - Sync 1 DAGs
[2025-01-26T23:31:28.497+0000] {logging_mixin.py:190} INFO - [2025-01-26T23:31:28.497+0000] {dag.py:4180} INFO - Setting next_dagrun for example_sensors to None, run_after=None
[2025-01-26T23:31:28.514+0000] {processor.py:208} INFO - Processing /home/airflow/.local/lib/python3.12/site-packages/airflow/example_dags/example_sensors.py took 0.071 seconds
[2025-01-26T23:32:00.400+0000] {processor.py:186} INFO - Started process (PID=300) to work on /home/airflow/.local/lib/python3.12/site-packages/airflow/example_dags/example_sensors.py
[2025-01-26T23:32:00.406+0000] {processor.py:914} INFO - Processing file /home/airflow/.local/lib/python3.12/site-packages/airflow/example_dags/example_sensors.py for tasks to queue
[2025-01-26T23:32:00.418+0000] {logging_mixin.py:190} INFO - [2025-01-26T23:32:00.418+0000] {dagbag.py:588} INFO - Filling up the DagBag from /home/airflow/.local/lib/python3.12/site-packages/airflow/example_dags/example_sensors.py
[2025-01-26T23:32:00.451+0000] {processor.py:925} INFO - DAG(s) 'example_sensors' retrieved from /home/airflow/.local/lib/python3.12/site-packages/airflow/example_dags/example_sensors.py
[2025-01-26T23:32:00.535+0000] {logging_mixin.py:190} INFO - [2025-01-26T23:32:00.534+0000] {dag.py:3239} INFO - Sync 1 DAGs
[2025-01-26T23:32:00.597+0000] {logging_mixin.py:190} INFO - [2025-01-26T23:32:00.597+0000] {dag.py:4180} INFO - Setting next_dagrun for example_sensors to None, run_after=None
[2025-01-26T23:32:00.652+0000] {processor.py:208} INFO - Processing /home/airflow/.local/lib/python3.12/site-packages/airflow/example_dags/example_sensors.py took 0.259 seconds
[2025-01-26T23:32:31.437+0000] {processor.py:186} INFO - Started process (PID=365) to work on /home/airflow/.local/lib/python3.12/site-packages/airflow/example_dags/example_sensors.py
[2025-01-26T23:32:31.439+0000] {processor.py:914} INFO - Processing file /home/airflow/.local/lib/python3.12/site-packages/airflow/example_dags/example_sensors.py for tasks to queue
[2025-01-26T23:32:31.442+0000] {logging_mixin.py:190} INFO - [2025-01-26T23:32:31.441+0000] {dagbag.py:588} INFO - Filling up the DagBag from /home/airflow/.local/lib/python3.12/site-packages/airflow/example_dags/example_sensors.py
[2025-01-26T23:32:31.460+0000] {processor.py:925} INFO - DAG(s) 'example_sensors' retrieved from /home/airflow/.local/lib/python3.12/site-packages/airflow/example_dags/example_sensors.py
[2025-01-26T23:32:31.493+0000] {logging_mixin.py:190} INFO - [2025-01-26T23:32:31.493+0000] {dag.py:3239} INFO - Sync 1 DAGs
[2025-01-26T23:32:31.513+0000] {logging_mixin.py:190} INFO - [2025-01-26T23:32:31.513+0000] {dag.py:4180} INFO - Setting next_dagrun for example_sensors to None, run_after=None
[2025-01-26T23:32:31.542+0000] {processor.py:208} INFO - Processing /home/airflow/.local/lib/python3.12/site-packages/airflow/example_dags/example_sensors.py took 0.114 seconds
[2025-01-26T23:33:01.839+0000] {processor.py:186} INFO - Started process (PID=430) to work on /home/airflow/.local/lib/python3.12/site-packages/airflow/example_dags/example_sensors.py
[2025-01-26T23:33:01.840+0000] {processor.py:914} INFO - Processing file /home/airflow/.local/lib/python3.12/site-packages/airflow/example_dags/example_sensors.py for tasks to queue
[2025-01-26T23:33:01.843+0000] {logging_mixin.py:190} INFO - [2025-01-26T23:33:01.843+0000] {dagbag.py:588} INFO - Filling up the DagBag from /home/airflow/.local/lib/python3.12/site-packages/airflow/example_dags/example_sensors.py
[2025-01-26T23:33:01.858+0000] {processor.py:925} INFO - DAG(s) 'example_sensors' retrieved from /home/airflow/.local/lib/python3.12/site-packages/airflow/example_dags/example_sensors.py
[2025-01-26T23:33:01.886+0000] {logging_mixin.py:190} INFO - [2025-01-26T23:33:01.886+0000] {dag.py:3239} INFO - Sync 1 DAGs
[2025-01-26T23:33:01.902+0000] {logging_mixin.py:190} INFO - [2025-01-26T23:33:01.902+0000] {dag.py:4180} INFO - Setting next_dagrun for example_sensors to None, run_after=None
[2025-01-26T23:33:01.921+0000] {processor.py:208} INFO - Processing /home/airflow/.local/lib/python3.12/site-packages/airflow/example_dags/example_sensors.py took 0.091 seconds
[2025-01-26T23:33:32.001+0000] {processor.py:186} INFO - Started process (PID=494) to work on /home/airflow/.local/lib/python3.12/site-packages/airflow/example_dags/example_sensors.py
[2025-01-26T23:33:32.002+0000] {processor.py:914} INFO - Processing file /home/airflow/.local/lib/python3.12/site-packages/airflow/example_dags/example_sensors.py for tasks to queue
[2025-01-26T23:33:32.004+0000] {logging_mixin.py:190} INFO - [2025-01-26T23:33:32.004+0000] {dagbag.py:588} INFO - Filling up the DagBag from /home/airflow/.local/lib/python3.12/site-packages/airflow/example_dags/example_sensors.py
[2025-01-26T23:33:32.014+0000] {processor.py:925} INFO - DAG(s) 'example_sensors' retrieved from /home/airflow/.local/lib/python3.12/site-packages/airflow/example_dags/example_sensors.py
[2025-01-26T23:33:32.044+0000] {logging_mixin.py:190} INFO - [2025-01-26T23:33:32.044+0000] {dag.py:3239} INFO - Sync 1 DAGs
[2025-01-26T23:33:32.063+0000] {logging_mixin.py:190} INFO - [2025-01-26T23:33:32.063+0000] {dag.py:4180} INFO - Setting next_dagrun for example_sensors to None, run_after=None
[2025-01-26T23:33:32.085+0000] {processor.py:208} INFO - Processing /home/airflow/.local/lib/python3.12/site-packages/airflow/example_dags/example_sensors.py took 0.089 seconds
[2025-01-26T23:34:02.323+0000] {processor.py:186} INFO - Started process (PID=559) to work on /home/airflow/.local/lib/python3.12/site-packages/airflow/example_dags/example_sensors.py
[2025-01-26T23:34:02.324+0000] {processor.py:914} INFO - Processing file /home/airflow/.local/lib/python3.12/site-packages/airflow/example_dags/example_sensors.py for tasks to queue
[2025-01-26T23:34:02.326+0000] {logging_mixin.py:190} INFO - [2025-01-26T23:34:02.326+0000] {dagbag.py:588} INFO - Filling up the DagBag from /home/airflow/.local/lib/python3.12/site-packages/airflow/example_dags/example_sensors.py
[2025-01-26T23:34:02.339+0000] {processor.py:925} INFO - DAG(s) 'example_sensors' retrieved from /home/airflow/.local/lib/python3.12/site-packages/airflow/example_dags/example_sensors.py
[2025-01-26T23:34:02.368+0000] {logging_mixin.py:190} INFO - [2025-01-26T23:34:02.368+0000] {dag.py:3239} INFO - Sync 1 DAGs
[2025-01-26T23:34:02.383+0000] {logging_mixin.py:190} INFO - [2025-01-26T23:34:02.382+0000] {dag.py:4180} INFO - Setting next_dagrun for example_sensors to None, run_after=None
[2025-01-26T23:34:02.402+0000] {processor.py:208} INFO - Processing /home/airflow/.local/lib/python3.12/site-packages/airflow/example_dags/example_sensors.py took 0.086 seconds
[2025-01-26T23:34:32.956+0000] {processor.py:186} INFO - Started process (PID=624) to work on /home/airflow/.local/lib/python3.12/site-packages/airflow/example_dags/example_sensors.py
[2025-01-26T23:34:32.957+0000] {processor.py:914} INFO - Processing file /home/airflow/.local/lib/python3.12/site-packages/airflow/example_dags/example_sensors.py for tasks to queue
[2025-01-26T23:34:32.960+0000] {logging_mixin.py:190} INFO - [2025-01-26T23:34:32.960+0000] {dagbag.py:588} INFO - Filling up the DagBag from /home/airflow/.local/lib/python3.12/site-packages/airflow/example_dags/example_sensors.py
[2025-01-26T23:34:32.978+0000] {processor.py:925} INFO - DAG(s) 'example_sensors' retrieved from /home/airflow/.local/lib/python3.12/site-packages/airflow/example_dags/example_sensors.py
[2025-01-26T23:34:33.025+0000] {logging_mixin.py:190} INFO - [2025-01-26T23:34:33.024+0000] {dag.py:3239} INFO - Sync 1 DAGs
[2025-01-26T23:34:33.059+0000] {logging_mixin.py:190} INFO - [2025-01-26T23:34:33.059+0000] {dag.py:4180} INFO - Setting next_dagrun for example_sensors to None, run_after=None
[2025-01-26T23:34:33.103+0000] {processor.py:208} INFO - Processing /home/airflow/.local/lib/python3.12/site-packages/airflow/example_dags/example_sensors.py took 0.155 seconds
[2025-01-26T23:35:03.864+0000] {processor.py:186} INFO - Started process (PID=689) to work on /home/airflow/.local/lib/python3.12/site-packages/airflow/example_dags/example_sensors.py
[2025-01-26T23:35:03.865+0000] {processor.py:914} INFO - Processing file /home/airflow/.local/lib/python3.12/site-packages/airflow/example_dags/example_sensors.py for tasks to queue
[2025-01-26T23:35:03.868+0000] {logging_mixin.py:190} INFO - [2025-01-26T23:35:03.868+0000] {dagbag.py:588} INFO - Filling up the DagBag from /home/airflow/.local/lib/python3.12/site-packages/airflow/example_dags/example_sensors.py
[2025-01-26T23:35:03.884+0000] {processor.py:925} INFO - DAG(s) 'example_sensors' retrieved from /home/airflow/.local/lib/python3.12/site-packages/airflow/example_dags/example_sensors.py
[2025-01-26T23:35:03.921+0000] {logging_mixin.py:190} INFO - [2025-01-26T23:35:03.920+0000] {dag.py:3239} INFO - Sync 1 DAGs
[2025-01-26T23:35:03.945+0000] {logging_mixin.py:190} INFO - [2025-01-26T23:35:03.944+0000] {dag.py:4180} INFO - Setting next_dagrun for example_sensors to None, run_after=None
[2025-01-26T23:35:03.969+0000] {processor.py:208} INFO - Processing /home/airflow/.local/lib/python3.12/site-packages/airflow/example_dags/example_sensors.py took 0.113 seconds
[2025-01-26T23:35:34.101+0000] {processor.py:186} INFO - Started process (PID=754) to work on /home/airflow/.local/lib/python3.12/site-packages/airflow/example_dags/example_sensors.py
[2025-01-26T23:35:34.103+0000] {processor.py:914} INFO - Processing file /home/airflow/.local/lib/python3.12/site-packages/airflow/example_dags/example_sensors.py for tasks to queue
[2025-01-26T23:35:34.106+0000] {logging_mixin.py:190} INFO - [2025-01-26T23:35:34.105+0000] {dagbag.py:588} INFO - Filling up the DagBag from /home/airflow/.local/lib/python3.12/site-packages/airflow/example_dags/example_sensors.py
[2025-01-26T23:35:34.123+0000] {processor.py:925} INFO - DAG(s) 'example_sensors' retrieved from /home/airflow/.local/lib/python3.12/site-packages/airflow/example_dags/example_sensors.py
[2025-01-26T23:35:34.159+0000] {logging_mixin.py:190} INFO - [2025-01-26T23:35:34.159+0000] {dag.py:3239} INFO - Sync 1 DAGs
[2025-01-26T23:35:34.178+0000] {logging_mixin.py:190} INFO - [2025-01-26T23:35:34.178+0000] {dag.py:4180} INFO - Setting next_dagrun for example_sensors to None, run_after=None
[2025-01-26T23:35:34.208+0000] {processor.py:208} INFO - Processing /home/airflow/.local/lib/python3.12/site-packages/airflow/example_dags/example_sensors.py took 0.115 seconds
[2025-01-26T23:36:04.591+0000] {processor.py:186} INFO - Started process (PID=819) to work on /home/airflow/.local/lib/python3.12/site-packages/airflow/example_dags/example_sensors.py
[2025-01-26T23:36:04.592+0000] {processor.py:914} INFO - Processing file /home/airflow/.local/lib/python3.12/site-packages/airflow/example_dags/example_sensors.py for tasks to queue
[2025-01-26T23:36:04.594+0000] {logging_mixin.py:190} INFO - [2025-01-26T23:36:04.594+0000] {dagbag.py:588} INFO - Filling up the DagBag from /home/airflow/.local/lib/python3.12/site-packages/airflow/example_dags/example_sensors.py
[2025-01-26T23:36:04.608+0000] {processor.py:925} INFO - DAG(s) 'example_sensors' retrieved from /home/airflow/.local/lib/python3.12/site-packages/airflow/example_dags/example_sensors.py
[2025-01-26T23:36:04.632+0000] {logging_mixin.py:190} INFO - [2025-01-26T23:36:04.632+0000] {dag.py:3239} INFO - Sync 1 DAGs
[2025-01-26T23:36:04.650+0000] {logging_mixin.py:190} INFO - [2025-01-26T23:36:04.649+0000] {dag.py:4180} INFO - Setting next_dagrun for example_sensors to None, run_after=None
[2025-01-26T23:36:04.669+0000] {processor.py:208} INFO - Processing /home/airflow/.local/lib/python3.12/site-packages/airflow/example_dags/example_sensors.py took 0.084 seconds
[2025-01-26T23:36:34.995+0000] {processor.py:186} INFO - Started process (PID=884) to work on /home/airflow/.local/lib/python3.12/site-packages/airflow/example_dags/example_sensors.py
[2025-01-26T23:36:34.997+0000] {processor.py:914} INFO - Processing file /home/airflow/.local/lib/python3.12/site-packages/airflow/example_dags/example_sensors.py for tasks to queue
[2025-01-26T23:36:34.999+0000] {logging_mixin.py:190} INFO - [2025-01-26T23:36:34.999+0000] {dagbag.py:588} INFO - Filling up the DagBag from /home/airflow/.local/lib/python3.12/site-packages/airflow/example_dags/example_sensors.py
[2025-01-26T23:36:35.009+0000] {processor.py:925} INFO - DAG(s) 'example_sensors' retrieved from /home/airflow/.local/lib/python3.12/site-packages/airflow/example_dags/example_sensors.py
[2025-01-26T23:36:35.043+0000] {logging_mixin.py:190} INFO - [2025-01-26T23:36:35.043+0000] {dag.py:3239} INFO - Sync 1 DAGs
[2025-01-26T23:36:35.059+0000] {logging_mixin.py:190} INFO - [2025-01-26T23:36:35.058+0000] {dag.py:4180} INFO - Setting next_dagrun for example_sensors to None, run_after=None
[2025-01-26T23:36:35.080+0000] {processor.py:208} INFO - Processing /home/airflow/.local/lib/python3.12/site-packages/airflow/example_dags/example_sensors.py took 0.091 seconds
[2025-01-26T23:37:05.751+0000] {processor.py:186} INFO - Started process (PID=949) to work on /home/airflow/.local/lib/python3.12/site-packages/airflow/example_dags/example_sensors.py
[2025-01-26T23:37:05.753+0000] {processor.py:914} INFO - Processing file /home/airflow/.local/lib/python3.12/site-packages/airflow/example_dags/example_sensors.py for tasks to queue
[2025-01-26T23:37:05.755+0000] {logging_mixin.py:190} INFO - [2025-01-26T23:37:05.755+0000] {dagbag.py:588} INFO - Filling up the DagBag from /home/airflow/.local/lib/python3.12/site-packages/airflow/example_dags/example_sensors.py
[2025-01-26T23:37:05.768+0000] {processor.py:925} INFO - DAG(s) 'example_sensors' retrieved from /home/airflow/.local/lib/python3.12/site-packages/airflow/example_dags/example_sensors.py
[2025-01-26T23:37:05.802+0000] {logging_mixin.py:190} INFO - [2025-01-26T23:37:05.802+0000] {dag.py:3239} INFO - Sync 1 DAGs
[2025-01-26T23:37:05.825+0000] {logging_mixin.py:190} INFO - [2025-01-26T23:37:05.825+0000] {dag.py:4180} INFO - Setting next_dagrun for example_sensors to None, run_after=None
[2025-01-26T23:37:05.850+0000] {processor.py:208} INFO - Processing /home/airflow/.local/lib/python3.12/site-packages/airflow/example_dags/example_sensors.py took 0.106 seconds
[2025-01-26T23:37:36.506+0000] {processor.py:186} INFO - Started process (PID=1013) to work on /home/airflow/.local/lib/python3.12/site-packages/airflow/example_dags/example_sensors.py
[2025-01-26T23:37:36.507+0000] {processor.py:914} INFO - Processing file /home/airflow/.local/lib/python3.12/site-packages/airflow/example_dags/example_sensors.py for tasks to queue
[2025-01-26T23:37:36.512+0000] {logging_mixin.py:190} INFO - [2025-01-26T23:37:36.511+0000] {dagbag.py:588} INFO - Filling up the DagBag from /home/airflow/.local/lib/python3.12/site-packages/airflow/example_dags/example_sensors.py
[2025-01-26T23:37:36.535+0000] {processor.py:925} INFO - DAG(s) 'example_sensors' retrieved from /home/airflow/.local/lib/python3.12/site-packages/airflow/example_dags/example_sensors.py
[2025-01-26T23:37:36.574+0000] {logging_mixin.py:190} INFO - [2025-01-26T23:37:36.574+0000] {dag.py:3239} INFO - Sync 1 DAGs
[2025-01-26T23:37:36.591+0000] {logging_mixin.py:190} INFO - [2025-01-26T23:37:36.591+0000] {dag.py:4180} INFO - Setting next_dagrun for example_sensors to None, run_after=None
[2025-01-26T23:37:36.613+0000] {processor.py:208} INFO - Processing /home/airflow/.local/lib/python3.12/site-packages/airflow/example_dags/example_sensors.py took 0.114 seconds
[2025-01-26T23:38:07.327+0000] {processor.py:186} INFO - Started process (PID=1079) to work on /home/airflow/.local/lib/python3.12/site-packages/airflow/example_dags/example_sensors.py
[2025-01-26T23:38:07.328+0000] {processor.py:914} INFO - Processing file /home/airflow/.local/lib/python3.12/site-packages/airflow/example_dags/example_sensors.py for tasks to queue
[2025-01-26T23:38:07.331+0000] {logging_mixin.py:190} INFO - [2025-01-26T23:38:07.330+0000] {dagbag.py:588} INFO - Filling up the DagBag from /home/airflow/.local/lib/python3.12/site-packages/airflow/example_dags/example_sensors.py
[2025-01-26T23:38:07.341+0000] {processor.py:925} INFO - DAG(s) 'example_sensors' retrieved from /home/airflow/.local/lib/python3.12/site-packages/airflow/example_dags/example_sensors.py
[2025-01-26T23:38:07.370+0000] {logging_mixin.py:190} INFO - [2025-01-26T23:38:07.370+0000] {dag.py:3239} INFO - Sync 1 DAGs
[2025-01-26T23:38:07.389+0000] {logging_mixin.py:190} INFO - [2025-01-26T23:38:07.389+0000] {dag.py:4180} INFO - Setting next_dagrun for example_sensors to None, run_after=None
[2025-01-26T23:38:07.418+0000] {processor.py:208} INFO - Processing /home/airflow/.local/lib/python3.12/site-packages/airflow/example_dags/example_sensors.py took 0.098 seconds
[2025-01-26T23:38:38.190+0000] {processor.py:186} INFO - Started process (PID=1144) to work on /home/airflow/.local/lib/python3.12/site-packages/airflow/example_dags/example_sensors.py
[2025-01-26T23:38:38.191+0000] {processor.py:914} INFO - Processing file /home/airflow/.local/lib/python3.12/site-packages/airflow/example_dags/example_sensors.py for tasks to queue
[2025-01-26T23:38:38.193+0000] {logging_mixin.py:190} INFO - [2025-01-26T23:38:38.193+0000] {dagbag.py:588} INFO - Filling up the DagBag from /home/airflow/.local/lib/python3.12/site-packages/airflow/example_dags/example_sensors.py
[2025-01-26T23:38:38.204+0000] {processor.py:925} INFO - DAG(s) 'example_sensors' retrieved from /home/airflow/.local/lib/python3.12/site-packages/airflow/example_dags/example_sensors.py
[2025-01-26T23:38:38.231+0000] {logging_mixin.py:190} INFO - [2025-01-26T23:38:38.231+0000] {dag.py:3239} INFO - Sync 1 DAGs
[2025-01-26T23:38:38.248+0000] {logging_mixin.py:190} INFO - [2025-01-26T23:38:38.248+0000] {dag.py:4180} INFO - Setting next_dagrun for example_sensors to None, run_after=None
[2025-01-26T23:38:38.270+0000] {processor.py:208} INFO - Processing /home/airflow/.local/lib/python3.12/site-packages/airflow/example_dags/example_sensors.py took 0.085 seconds
[2025-01-26T23:39:08.919+0000] {processor.py:186} INFO - Started process (PID=1209) to work on /home/airflow/.local/lib/python3.12/site-packages/airflow/example_dags/example_sensors.py
[2025-01-26T23:39:08.920+0000] {processor.py:914} INFO - Processing file /home/airflow/.local/lib/python3.12/site-packages/airflow/example_dags/example_sensors.py for tasks to queue
[2025-01-26T23:39:08.927+0000] {logging_mixin.py:190} INFO - [2025-01-26T23:39:08.927+0000] {dagbag.py:588} INFO - Filling up the DagBag from /home/airflow/.local/lib/python3.12/site-packages/airflow/example_dags/example_sensors.py
[2025-01-26T23:39:08.942+0000] {processor.py:925} INFO - DAG(s) 'example_sensors' retrieved from /home/airflow/.local/lib/python3.12/site-packages/airflow/example_dags/example_sensors.py
[2025-01-26T23:39:08.970+0000] {logging_mixin.py:190} INFO - [2025-01-26T23:39:08.969+0000] {dag.py:3239} INFO - Sync 1 DAGs
[2025-01-26T23:39:08.984+0000] {logging_mixin.py:190} INFO - [2025-01-26T23:39:08.983+0000] {dag.py:4180} INFO - Setting next_dagrun for example_sensors to None, run_after=None
[2025-01-26T23:39:09.007+0000] {processor.py:208} INFO - Processing /home/airflow/.local/lib/python3.12/site-packages/airflow/example_dags/example_sensors.py took 0.103 seconds
[2025-01-26T23:39:39.102+0000] {processor.py:186} INFO - Started process (PID=1274) to work on /home/airflow/.local/lib/python3.12/site-packages/airflow/example_dags/example_sensors.py
[2025-01-26T23:39:39.103+0000] {processor.py:914} INFO - Processing file /home/airflow/.local/lib/python3.12/site-packages/airflow/example_dags/example_sensors.py for tasks to queue
[2025-01-26T23:39:39.106+0000] {logging_mixin.py:190} INFO - [2025-01-26T23:39:39.106+0000] {dagbag.py:588} INFO - Filling up the DagBag from /home/airflow/.local/lib/python3.12/site-packages/airflow/example_dags/example_sensors.py
[2025-01-26T23:39:39.118+0000] {processor.py:925} INFO - DAG(s) 'example_sensors' retrieved from /home/airflow/.local/lib/python3.12/site-packages/airflow/example_dags/example_sensors.py
[2025-01-26T23:39:39.146+0000] {logging_mixin.py:190} INFO - [2025-01-26T23:39:39.146+0000] {dag.py:3239} INFO - Sync 1 DAGs
[2025-01-26T23:39:39.173+0000] {logging_mixin.py:190} INFO - [2025-01-26T23:39:39.173+0000] {dag.py:4180} INFO - Setting next_dagrun for example_sensors to None, run_after=None
[2025-01-26T23:39:39.202+0000] {processor.py:208} INFO - Processing /home/airflow/.local/lib/python3.12/site-packages/airflow/example_dags/example_sensors.py took 0.106 seconds
[2025-01-26T23:40:09.926+0000] {processor.py:186} INFO - Started process (PID=1339) to work on /home/airflow/.local/lib/python3.12/site-packages/airflow/example_dags/example_sensors.py
[2025-01-26T23:40:09.927+0000] {processor.py:914} INFO - Processing file /home/airflow/.local/lib/python3.12/site-packages/airflow/example_dags/example_sensors.py for tasks to queue
[2025-01-26T23:40:09.930+0000] {logging_mixin.py:190} INFO - [2025-01-26T23:40:09.930+0000] {dagbag.py:588} INFO - Filling up the DagBag from /home/airflow/.local/lib/python3.12/site-packages/airflow/example_dags/example_sensors.py
[2025-01-26T23:40:09.942+0000] {processor.py:925} INFO - DAG(s) 'example_sensors' retrieved from /home/airflow/.local/lib/python3.12/site-packages/airflow/example_dags/example_sensors.py
[2025-01-26T23:40:09.974+0000] {logging_mixin.py:190} INFO - [2025-01-26T23:40:09.974+0000] {dag.py:3239} INFO - Sync 1 DAGs
[2025-01-26T23:40:09.992+0000] {logging_mixin.py:190} INFO - [2025-01-26T23:40:09.992+0000] {dag.py:4180} INFO - Setting next_dagrun for example_sensors to None, run_after=None
[2025-01-26T23:40:10.015+0000] {processor.py:208} INFO - Processing /home/airflow/.local/lib/python3.12/site-packages/airflow/example_dags/example_sensors.py took 0.098 seconds
[2025-01-26T23:40:40.889+0000] {processor.py:186} INFO - Started process (PID=1404) to work on /home/airflow/.local/lib/python3.12/site-packages/airflow/example_dags/example_sensors.py
[2025-01-26T23:40:40.890+0000] {processor.py:914} INFO - Processing file /home/airflow/.local/lib/python3.12/site-packages/airflow/example_dags/example_sensors.py for tasks to queue
[2025-01-26T23:40:40.892+0000] {logging_mixin.py:190} INFO - [2025-01-26T23:40:40.892+0000] {dagbag.py:588} INFO - Filling up the DagBag from /home/airflow/.local/lib/python3.12/site-packages/airflow/example_dags/example_sensors.py
[2025-01-26T23:40:40.903+0000] {processor.py:925} INFO - DAG(s) 'example_sensors' retrieved from /home/airflow/.local/lib/python3.12/site-packages/airflow/example_dags/example_sensors.py
[2025-01-26T23:40:40.929+0000] {logging_mixin.py:190} INFO - [2025-01-26T23:40:40.929+0000] {dag.py:3239} INFO - Sync 1 DAGs
[2025-01-26T23:40:40.944+0000] {logging_mixin.py:190} INFO - [2025-01-26T23:40:40.944+0000] {dag.py:4180} INFO - Setting next_dagrun for example_sensors to None, run_after=None
[2025-01-26T23:40:40.971+0000] {processor.py:208} INFO - Processing /home/airflow/.local/lib/python3.12/site-packages/airflow/example_dags/example_sensors.py took 0.088 seconds
[2025-01-26T23:41:11.261+0000] {processor.py:186} INFO - Started process (PID=1469) to work on /home/airflow/.local/lib/python3.12/site-packages/airflow/example_dags/example_sensors.py
[2025-01-26T23:41:11.263+0000] {processor.py:914} INFO - Processing file /home/airflow/.local/lib/python3.12/site-packages/airflow/example_dags/example_sensors.py for tasks to queue
[2025-01-26T23:41:11.265+0000] {logging_mixin.py:190} INFO - [2025-01-26T23:41:11.265+0000] {dagbag.py:588} INFO - Filling up the DagBag from /home/airflow/.local/lib/python3.12/site-packages/airflow/example_dags/example_sensors.py
[2025-01-26T23:41:11.275+0000] {processor.py:925} INFO - DAG(s) 'example_sensors' retrieved from /home/airflow/.local/lib/python3.12/site-packages/airflow/example_dags/example_sensors.py
[2025-01-26T23:41:11.303+0000] {logging_mixin.py:190} INFO - [2025-01-26T23:41:11.302+0000] {dag.py:3239} INFO - Sync 1 DAGs
[2025-01-26T23:41:11.318+0000] {logging_mixin.py:190} INFO - [2025-01-26T23:41:11.318+0000] {dag.py:4180} INFO - Setting next_dagrun for example_sensors to None, run_after=None
[2025-01-26T23:41:11.336+0000] {processor.py:208} INFO - Processing /home/airflow/.local/lib/python3.12/site-packages/airflow/example_dags/example_sensors.py took 0.080 seconds
[2025-01-26T23:41:41.872+0000] {processor.py:186} INFO - Started process (PID=1534) to work on /home/airflow/.local/lib/python3.12/site-packages/airflow/example_dags/example_sensors.py
[2025-01-26T23:41:41.873+0000] {processor.py:914} INFO - Processing file /home/airflow/.local/lib/python3.12/site-packages/airflow/example_dags/example_sensors.py for tasks to queue
[2025-01-26T23:41:41.877+0000] {logging_mixin.py:190} INFO - [2025-01-26T23:41:41.877+0000] {dagbag.py:588} INFO - Filling up the DagBag from /home/airflow/.local/lib/python3.12/site-packages/airflow/example_dags/example_sensors.py
[2025-01-26T23:41:41.888+0000] {processor.py:925} INFO - DAG(s) 'example_sensors' retrieved from /home/airflow/.local/lib/python3.12/site-packages/airflow/example_dags/example_sensors.py
[2025-01-26T23:41:41.920+0000] {logging_mixin.py:190} INFO - [2025-01-26T23:41:41.920+0000] {dag.py:3239} INFO - Sync 1 DAGs
[2025-01-26T23:41:41.935+0000] {logging_mixin.py:190} INFO - [2025-01-26T23:41:41.935+0000] {dag.py:4180} INFO - Setting next_dagrun for example_sensors to None, run_after=None
[2025-01-26T23:41:41.958+0000] {processor.py:208} INFO - Processing /home/airflow/.local/lib/python3.12/site-packages/airflow/example_dags/example_sensors.py took 0.093 seconds
[2025-01-26T23:42:12.008+0000] {processor.py:186} INFO - Started process (PID=1599) to work on /home/airflow/.local/lib/python3.12/site-packages/airflow/example_dags/example_sensors.py
[2025-01-26T23:42:12.010+0000] {processor.py:914} INFO - Processing file /home/airflow/.local/lib/python3.12/site-packages/airflow/example_dags/example_sensors.py for tasks to queue
[2025-01-26T23:42:12.012+0000] {logging_mixin.py:190} INFO - [2025-01-26T23:42:12.012+0000] {dagbag.py:588} INFO - Filling up the DagBag from /home/airflow/.local/lib/python3.12/site-packages/airflow/example_dags/example_sensors.py
[2025-01-26T23:42:12.023+0000] {processor.py:925} INFO - DAG(s) 'example_sensors' retrieved from /home/airflow/.local/lib/python3.12/site-packages/airflow/example_dags/example_sensors.py
[2025-01-26T23:42:12.046+0000] {logging_mixin.py:190} INFO - [2025-01-26T23:42:12.046+0000] {dag.py:3239} INFO - Sync 1 DAGs
[2025-01-26T23:42:12.060+0000] {logging_mixin.py:190} INFO - [2025-01-26T23:42:12.060+0000] {dag.py:4180} INFO - Setting next_dagrun for example_sensors to None, run_after=None
[2025-01-26T23:42:12.082+0000] {processor.py:208} INFO - Processing /home/airflow/.local/lib/python3.12/site-packages/airflow/example_dags/example_sensors.py took 0.081 seconds
[2025-01-26T23:42:42.624+0000] {processor.py:186} INFO - Started process (PID=1665) to work on /home/airflow/.local/lib/python3.12/site-packages/airflow/example_dags/example_sensors.py
[2025-01-26T23:42:42.626+0000] {processor.py:914} INFO - Processing file /home/airflow/.local/lib/python3.12/site-packages/airflow/example_dags/example_sensors.py for tasks to queue
[2025-01-26T23:42:42.630+0000] {logging_mixin.py:190} INFO - [2025-01-26T23:42:42.629+0000] {dagbag.py:588} INFO - Filling up the DagBag from /home/airflow/.local/lib/python3.12/site-packages/airflow/example_dags/example_sensors.py
[2025-01-26T23:42:42.651+0000] {processor.py:925} INFO - DAG(s) 'example_sensors' retrieved from /home/airflow/.local/lib/python3.12/site-packages/airflow/example_dags/example_sensors.py
[2025-01-26T23:42:42.698+0000] {logging_mixin.py:190} INFO - [2025-01-26T23:42:42.698+0000] {dag.py:3239} INFO - Sync 1 DAGs
[2025-01-26T23:42:42.720+0000] {logging_mixin.py:190} INFO - [2025-01-26T23:42:42.719+0000] {dag.py:4180} INFO - Setting next_dagrun for example_sensors to None, run_after=None
[2025-01-26T23:42:42.743+0000] {processor.py:208} INFO - Processing /home/airflow/.local/lib/python3.12/site-packages/airflow/example_dags/example_sensors.py took 0.132 seconds
[2025-01-26T23:43:12.893+0000] {processor.py:186} INFO - Started process (PID=1730) to work on /home/airflow/.local/lib/python3.12/site-packages/airflow/example_dags/example_sensors.py
[2025-01-26T23:43:12.894+0000] {processor.py:914} INFO - Processing file /home/airflow/.local/lib/python3.12/site-packages/airflow/example_dags/example_sensors.py for tasks to queue
[2025-01-26T23:43:12.897+0000] {logging_mixin.py:190} INFO - [2025-01-26T23:43:12.897+0000] {dagbag.py:588} INFO - Filling up the DagBag from /home/airflow/.local/lib/python3.12/site-packages/airflow/example_dags/example_sensors.py
[2025-01-26T23:43:12.912+0000] {processor.py:925} INFO - DAG(s) 'example_sensors' retrieved from /home/airflow/.local/lib/python3.12/site-packages/airflow/example_dags/example_sensors.py
[2025-01-26T23:43:12.939+0000] {logging_mixin.py:190} INFO - [2025-01-26T23:43:12.939+0000] {dag.py:3239} INFO - Sync 1 DAGs
[2025-01-26T23:43:12.957+0000] {logging_mixin.py:190} INFO - [2025-01-26T23:43:12.957+0000] {dag.py:4180} INFO - Setting next_dagrun for example_sensors to None, run_after=None
[2025-01-26T23:43:12.979+0000] {processor.py:208} INFO - Processing /home/airflow/.local/lib/python3.12/site-packages/airflow/example_dags/example_sensors.py took 0.093 seconds
[2025-01-26T23:43:43.519+0000] {processor.py:186} INFO - Started process (PID=1795) to work on /home/airflow/.local/lib/python3.12/site-packages/airflow/example_dags/example_sensors.py
[2025-01-26T23:43:43.520+0000] {processor.py:914} INFO - Processing file /home/airflow/.local/lib/python3.12/site-packages/airflow/example_dags/example_sensors.py for tasks to queue
[2025-01-26T23:43:43.522+0000] {logging_mixin.py:190} INFO - [2025-01-26T23:43:43.522+0000] {dagbag.py:588} INFO - Filling up the DagBag from /home/airflow/.local/lib/python3.12/site-packages/airflow/example_dags/example_sensors.py
[2025-01-26T23:43:43.532+0000] {processor.py:925} INFO - DAG(s) 'example_sensors' retrieved from /home/airflow/.local/lib/python3.12/site-packages/airflow/example_dags/example_sensors.py
[2025-01-26T23:43:43.555+0000] {logging_mixin.py:190} INFO - [2025-01-26T23:43:43.555+0000] {dag.py:3239} INFO - Sync 1 DAGs
[2025-01-26T23:43:43.570+0000] {logging_mixin.py:190} INFO - [2025-01-26T23:43:43.570+0000] {dag.py:4180} INFO - Setting next_dagrun for example_sensors to None, run_after=None
[2025-01-26T23:43:43.591+0000] {processor.py:208} INFO - Processing /home/airflow/.local/lib/python3.12/site-packages/airflow/example_dags/example_sensors.py took 0.078 seconds
[2025-01-26T23:44:14.175+0000] {processor.py:186} INFO - Started process (PID=1861) to work on /home/airflow/.local/lib/python3.12/site-packages/airflow/example_dags/example_sensors.py
[2025-01-26T23:44:14.176+0000] {processor.py:914} INFO - Processing file /home/airflow/.local/lib/python3.12/site-packages/airflow/example_dags/example_sensors.py for tasks to queue
[2025-01-26T23:44:14.178+0000] {logging_mixin.py:190} INFO - [2025-01-26T23:44:14.178+0000] {dagbag.py:588} INFO - Filling up the DagBag from /home/airflow/.local/lib/python3.12/site-packages/airflow/example_dags/example_sensors.py
[2025-01-26T23:44:14.189+0000] {processor.py:925} INFO - DAG(s) 'example_sensors' retrieved from /home/airflow/.local/lib/python3.12/site-packages/airflow/example_dags/example_sensors.py
[2025-01-26T23:44:14.216+0000] {logging_mixin.py:190} INFO - [2025-01-26T23:44:14.216+0000] {dag.py:3239} INFO - Sync 1 DAGs
[2025-01-26T23:44:14.230+0000] {logging_mixin.py:190} INFO - [2025-01-26T23:44:14.230+0000] {dag.py:4180} INFO - Setting next_dagrun for example_sensors to None, run_after=None
[2025-01-26T23:44:14.250+0000] {processor.py:208} INFO - Processing /home/airflow/.local/lib/python3.12/site-packages/airflow/example_dags/example_sensors.py took 0.082 seconds
[2025-01-26T23:44:45.411+0000] {processor.py:186} INFO - Started process (PID=1923) to work on /home/airflow/.local/lib/python3.12/site-packages/airflow/example_dags/example_sensors.py
[2025-01-26T23:44:45.412+0000] {processor.py:914} INFO - Processing file /home/airflow/.local/lib/python3.12/site-packages/airflow/example_dags/example_sensors.py for tasks to queue
[2025-01-26T23:44:45.415+0000] {logging_mixin.py:190} INFO - [2025-01-26T23:44:45.414+0000] {dagbag.py:588} INFO - Filling up the DagBag from /home/airflow/.local/lib/python3.12/site-packages/airflow/example_dags/example_sensors.py
[2025-01-26T23:44:45.426+0000] {processor.py:925} INFO - DAG(s) 'example_sensors' retrieved from /home/airflow/.local/lib/python3.12/site-packages/airflow/example_dags/example_sensors.py
[2025-01-26T23:44:45.451+0000] {logging_mixin.py:190} INFO - [2025-01-26T23:44:45.451+0000] {dag.py:3239} INFO - Sync 1 DAGs
[2025-01-26T23:44:45.465+0000] {logging_mixin.py:190} INFO - [2025-01-26T23:44:45.465+0000] {dag.py:4180} INFO - Setting next_dagrun for example_sensors to None, run_after=None
[2025-01-26T23:44:45.486+0000] {processor.py:208} INFO - Processing /home/airflow/.local/lib/python3.12/site-packages/airflow/example_dags/example_sensors.py took 0.082 seconds
[2025-01-26T23:45:16.266+0000] {processor.py:186} INFO - Started process (PID=1988) to work on /home/airflow/.local/lib/python3.12/site-packages/airflow/example_dags/example_sensors.py
[2025-01-26T23:45:16.268+0000] {processor.py:914} INFO - Processing file /home/airflow/.local/lib/python3.12/site-packages/airflow/example_dags/example_sensors.py for tasks to queue
[2025-01-26T23:45:16.271+0000] {logging_mixin.py:190} INFO - [2025-01-26T23:45:16.270+0000] {dagbag.py:588} INFO - Filling up the DagBag from /home/airflow/.local/lib/python3.12/site-packages/airflow/example_dags/example_sensors.py
[2025-01-26T23:45:16.286+0000] {processor.py:925} INFO - DAG(s) 'example_sensors' retrieved from /home/airflow/.local/lib/python3.12/site-packages/airflow/example_dags/example_sensors.py
[2025-01-26T23:45:16.317+0000] {logging_mixin.py:190} INFO - [2025-01-26T23:45:16.317+0000] {dag.py:3239} INFO - Sync 1 DAGs
[2025-01-26T23:45:16.338+0000] {logging_mixin.py:190} INFO - [2025-01-26T23:45:16.338+0000] {dag.py:4180} INFO - Setting next_dagrun for example_sensors to None, run_after=None
[2025-01-26T23:45:16.365+0000] {processor.py:208} INFO - Processing /home/airflow/.local/lib/python3.12/site-packages/airflow/example_dags/example_sensors.py took 0.106 seconds
[2025-01-26T23:45:47.188+0000] {processor.py:186} INFO - Started process (PID=2052) to work on /home/airflow/.local/lib/python3.12/site-packages/airflow/example_dags/example_sensors.py
[2025-01-26T23:45:47.189+0000] {processor.py:914} INFO - Processing file /home/airflow/.local/lib/python3.12/site-packages/airflow/example_dags/example_sensors.py for tasks to queue
[2025-01-26T23:45:47.192+0000] {logging_mixin.py:190} INFO - [2025-01-26T23:45:47.192+0000] {dagbag.py:588} INFO - Filling up the DagBag from /home/airflow/.local/lib/python3.12/site-packages/airflow/example_dags/example_sensors.py
[2025-01-26T23:45:47.207+0000] {processor.py:925} INFO - DAG(s) 'example_sensors' retrieved from /home/airflow/.local/lib/python3.12/site-packages/airflow/example_dags/example_sensors.py
[2025-01-26T23:45:47.246+0000] {logging_mixin.py:190} INFO - [2025-01-26T23:45:47.245+0000] {dag.py:3239} INFO - Sync 1 DAGs
[2025-01-26T23:45:47.259+0000] {logging_mixin.py:190} INFO - [2025-01-26T23:45:47.259+0000] {dag.py:4180} INFO - Setting next_dagrun for example_sensors to None, run_after=None
[2025-01-26T23:45:47.284+0000] {processor.py:208} INFO - Processing /home/airflow/.local/lib/python3.12/site-packages/airflow/example_dags/example_sensors.py took 0.104 seconds
[2025-01-26T23:46:17.859+0000] {processor.py:186} INFO - Started process (PID=2117) to work on /home/airflow/.local/lib/python3.12/site-packages/airflow/example_dags/example_sensors.py
[2025-01-26T23:46:17.860+0000] {processor.py:914} INFO - Processing file /home/airflow/.local/lib/python3.12/site-packages/airflow/example_dags/example_sensors.py for tasks to queue
[2025-01-26T23:46:17.862+0000] {logging_mixin.py:190} INFO - [2025-01-26T23:46:17.862+0000] {dagbag.py:588} INFO - Filling up the DagBag from /home/airflow/.local/lib/python3.12/site-packages/airflow/example_dags/example_sensors.py
[2025-01-26T23:46:17.874+0000] {processor.py:925} INFO - DAG(s) 'example_sensors' retrieved from /home/airflow/.local/lib/python3.12/site-packages/airflow/example_dags/example_sensors.py
[2025-01-26T23:46:17.899+0000] {logging_mixin.py:190} INFO - [2025-01-26T23:46:17.899+0000] {dag.py:3239} INFO - Sync 1 DAGs
[2025-01-26T23:46:17.915+0000] {logging_mixin.py:190} INFO - [2025-01-26T23:46:17.915+0000] {dag.py:4180} INFO - Setting next_dagrun for example_sensors to None, run_after=None
[2025-01-26T23:46:17.939+0000] {processor.py:208} INFO - Processing /home/airflow/.local/lib/python3.12/site-packages/airflow/example_dags/example_sensors.py took 0.086 seconds
[2025-01-26T23:46:48.414+0000] {processor.py:186} INFO - Started process (PID=2181) to work on /home/airflow/.local/lib/python3.12/site-packages/airflow/example_dags/example_sensors.py
[2025-01-26T23:46:48.415+0000] {processor.py:914} INFO - Processing file /home/airflow/.local/lib/python3.12/site-packages/airflow/example_dags/example_sensors.py for tasks to queue
[2025-01-26T23:46:48.418+0000] {logging_mixin.py:190} INFO - [2025-01-26T23:46:48.418+0000] {dagbag.py:588} INFO - Filling up the DagBag from /home/airflow/.local/lib/python3.12/site-packages/airflow/example_dags/example_sensors.py
[2025-01-26T23:46:48.432+0000] {processor.py:925} INFO - DAG(s) 'example_sensors' retrieved from /home/airflow/.local/lib/python3.12/site-packages/airflow/example_dags/example_sensors.py
[2025-01-26T23:46:48.456+0000] {logging_mixin.py:190} INFO - [2025-01-26T23:46:48.456+0000] {dag.py:3239} INFO - Sync 1 DAGs
[2025-01-26T23:46:48.473+0000] {logging_mixin.py:190} INFO - [2025-01-26T23:46:48.473+0000] {dag.py:4180} INFO - Setting next_dagrun for example_sensors to None, run_after=None
[2025-01-26T23:46:48.491+0000] {processor.py:208} INFO - Processing /home/airflow/.local/lib/python3.12/site-packages/airflow/example_dags/example_sensors.py took 0.083 seconds
[2025-01-26T23:47:18.782+0000] {processor.py:186} INFO - Started process (PID=2246) to work on /home/airflow/.local/lib/python3.12/site-packages/airflow/example_dags/example_sensors.py
[2025-01-26T23:47:18.784+0000] {processor.py:914} INFO - Processing file /home/airflow/.local/lib/python3.12/site-packages/airflow/example_dags/example_sensors.py for tasks to queue
[2025-01-26T23:47:18.787+0000] {logging_mixin.py:190} INFO - [2025-01-26T23:47:18.786+0000] {dagbag.py:588} INFO - Filling up the DagBag from /home/airflow/.local/lib/python3.12/site-packages/airflow/example_dags/example_sensors.py
[2025-01-26T23:47:18.804+0000] {processor.py:925} INFO - DAG(s) 'example_sensors' retrieved from /home/airflow/.local/lib/python3.12/site-packages/airflow/example_dags/example_sensors.py
[2025-01-26T23:47:18.833+0000] {logging_mixin.py:190} INFO - [2025-01-26T23:47:18.833+0000] {dag.py:3239} INFO - Sync 1 DAGs
[2025-01-26T23:47:18.848+0000] {logging_mixin.py:190} INFO - [2025-01-26T23:47:18.848+0000] {dag.py:4180} INFO - Setting next_dagrun for example_sensors to None, run_after=None
[2025-01-26T23:47:18.868+0000] {processor.py:208} INFO - Processing /home/airflow/.local/lib/python3.12/site-packages/airflow/example_dags/example_sensors.py took 0.096 seconds
[2025-01-26T23:47:49.063+0000] {processor.py:186} INFO - Started process (PID=2311) to work on /home/airflow/.local/lib/python3.12/site-packages/airflow/example_dags/example_sensors.py
[2025-01-26T23:47:49.064+0000] {processor.py:914} INFO - Processing file /home/airflow/.local/lib/python3.12/site-packages/airflow/example_dags/example_sensors.py for tasks to queue
[2025-01-26T23:47:49.067+0000] {logging_mixin.py:190} INFO - [2025-01-26T23:47:49.066+0000] {dagbag.py:588} INFO - Filling up the DagBag from /home/airflow/.local/lib/python3.12/site-packages/airflow/example_dags/example_sensors.py
[2025-01-26T23:47:49.078+0000] {processor.py:925} INFO - DAG(s) 'example_sensors' retrieved from /home/airflow/.local/lib/python3.12/site-packages/airflow/example_dags/example_sensors.py
[2025-01-26T23:47:49.101+0000] {logging_mixin.py:190} INFO - [2025-01-26T23:47:49.101+0000] {dag.py:3239} INFO - Sync 1 DAGs
[2025-01-26T23:47:49.116+0000] {logging_mixin.py:190} INFO - [2025-01-26T23:47:49.115+0000] {dag.py:4180} INFO - Setting next_dagrun for example_sensors to None, run_after=None
[2025-01-26T23:47:49.136+0000] {processor.py:208} INFO - Processing /home/airflow/.local/lib/python3.12/site-packages/airflow/example_dags/example_sensors.py took 0.080 seconds
[2025-01-26T23:48:19.290+0000] {processor.py:186} INFO - Started process (PID=2376) to work on /home/airflow/.local/lib/python3.12/site-packages/airflow/example_dags/example_sensors.py
[2025-01-26T23:48:19.291+0000] {processor.py:914} INFO - Processing file /home/airflow/.local/lib/python3.12/site-packages/airflow/example_dags/example_sensors.py for tasks to queue
[2025-01-26T23:48:19.293+0000] {logging_mixin.py:190} INFO - [2025-01-26T23:48:19.293+0000] {dagbag.py:588} INFO - Filling up the DagBag from /home/airflow/.local/lib/python3.12/site-packages/airflow/example_dags/example_sensors.py
[2025-01-26T23:48:19.307+0000] {processor.py:925} INFO - DAG(s) 'example_sensors' retrieved from /home/airflow/.local/lib/python3.12/site-packages/airflow/example_dags/example_sensors.py
[2025-01-26T23:48:19.332+0000] {logging_mixin.py:190} INFO - [2025-01-26T23:48:19.332+0000] {dag.py:3239} INFO - Sync 1 DAGs
[2025-01-26T23:48:19.349+0000] {logging_mixin.py:190} INFO - [2025-01-26T23:48:19.348+0000] {dag.py:4180} INFO - Setting next_dagrun for example_sensors to None, run_after=None
[2025-01-26T23:48:19.367+0000] {processor.py:208} INFO - Processing /home/airflow/.local/lib/python3.12/site-packages/airflow/example_dags/example_sensors.py took 0.084 seconds
[2025-01-26T23:48:49.568+0000] {processor.py:186} INFO - Started process (PID=2441) to work on /home/airflow/.local/lib/python3.12/site-packages/airflow/example_dags/example_sensors.py
[2025-01-26T23:48:49.569+0000] {processor.py:914} INFO - Processing file /home/airflow/.local/lib/python3.12/site-packages/airflow/example_dags/example_sensors.py for tasks to queue
[2025-01-26T23:48:49.573+0000] {logging_mixin.py:190} INFO - [2025-01-26T23:48:49.573+0000] {dagbag.py:588} INFO - Filling up the DagBag from /home/airflow/.local/lib/python3.12/site-packages/airflow/example_dags/example_sensors.py
[2025-01-26T23:48:49.588+0000] {processor.py:925} INFO - DAG(s) 'example_sensors' retrieved from /home/airflow/.local/lib/python3.12/site-packages/airflow/example_dags/example_sensors.py
[2025-01-26T23:48:49.616+0000] {logging_mixin.py:190} INFO - [2025-01-26T23:48:49.616+0000] {dag.py:3239} INFO - Sync 1 DAGs
[2025-01-26T23:48:49.631+0000] {logging_mixin.py:190} INFO - [2025-01-26T23:48:49.631+0000] {dag.py:4180} INFO - Setting next_dagrun for example_sensors to None, run_after=None
[2025-01-26T23:48:49.659+0000] {processor.py:208} INFO - Processing /home/airflow/.local/lib/python3.12/site-packages/airflow/example_dags/example_sensors.py took 0.098 seconds
[2025-01-26T23:49:22.622+0000] {processor.py:186} INFO - Started process (PID=2489) to work on /home/airflow/.local/lib/python3.12/site-packages/airflow/example_dags/example_sensors.py
[2025-01-26T23:49:22.624+0000] {processor.py:914} INFO - Processing file /home/airflow/.local/lib/python3.12/site-packages/airflow/example_dags/example_sensors.py for tasks to queue
[2025-01-26T23:49:22.637+0000] {logging_mixin.py:190} INFO - [2025-01-26T23:49:22.636+0000] {dagbag.py:588} INFO - Filling up the DagBag from /home/airflow/.local/lib/python3.12/site-packages/airflow/example_dags/example_sensors.py
[2025-01-26T23:49:22.673+0000] {processor.py:925} INFO - DAG(s) 'example_sensors' retrieved from /home/airflow/.local/lib/python3.12/site-packages/airflow/example_dags/example_sensors.py
[2025-01-26T23:49:22.757+0000] {logging_mixin.py:190} INFO - [2025-01-26T23:49:22.757+0000] {dag.py:3239} INFO - Sync 1 DAGs
[2025-01-26T23:49:22.808+0000] {logging_mixin.py:190} INFO - [2025-01-26T23:49:22.807+0000] {dag.py:4180} INFO - Setting next_dagrun for example_sensors to None, run_after=None
[2025-01-26T23:49:22.871+0000] {processor.py:208} INFO - Processing /home/airflow/.local/lib/python3.12/site-packages/airflow/example_dags/example_sensors.py took 0.268 seconds
[2025-01-26T23:49:56.211+0000] {processor.py:186} INFO - Started process (PID=2554) to work on /home/airflow/.local/lib/python3.12/site-packages/airflow/example_dags/example_sensors.py
[2025-01-26T23:49:56.212+0000] {processor.py:914} INFO - Processing file /home/airflow/.local/lib/python3.12/site-packages/airflow/example_dags/example_sensors.py for tasks to queue
[2025-01-26T23:49:56.219+0000] {logging_mixin.py:190} INFO - [2025-01-26T23:49:56.215+0000] {dagbag.py:588} INFO - Filling up the DagBag from /home/airflow/.local/lib/python3.12/site-packages/airflow/example_dags/example_sensors.py
[2025-01-26T23:49:56.230+0000] {processor.py:925} INFO - DAG(s) 'example_sensors' retrieved from /home/airflow/.local/lib/python3.12/site-packages/airflow/example_dags/example_sensors.py
[2025-01-26T23:49:56.262+0000] {logging_mixin.py:190} INFO - [2025-01-26T23:49:56.261+0000] {dag.py:3239} INFO - Sync 1 DAGs
[2025-01-26T23:49:56.278+0000] {logging_mixin.py:190} INFO - [2025-01-26T23:49:56.277+0000] {dag.py:4180} INFO - Setting next_dagrun for example_sensors to None, run_after=None
[2025-01-26T23:49:56.303+0000] {processor.py:208} INFO - Processing /home/airflow/.local/lib/python3.12/site-packages/airflow/example_dags/example_sensors.py took 0.100 seconds
[2025-01-26T23:50:26.853+0000] {processor.py:186} INFO - Started process (PID=2619) to work on /home/airflow/.local/lib/python3.12/site-packages/airflow/example_dags/example_sensors.py
[2025-01-26T23:50:26.854+0000] {processor.py:914} INFO - Processing file /home/airflow/.local/lib/python3.12/site-packages/airflow/example_dags/example_sensors.py for tasks to queue
[2025-01-26T23:50:26.857+0000] {logging_mixin.py:190} INFO - [2025-01-26T23:50:26.857+0000] {dagbag.py:588} INFO - Filling up the DagBag from /home/airflow/.local/lib/python3.12/site-packages/airflow/example_dags/example_sensors.py
[2025-01-26T23:50:26.872+0000] {processor.py:925} INFO - DAG(s) 'example_sensors' retrieved from /home/airflow/.local/lib/python3.12/site-packages/airflow/example_dags/example_sensors.py
[2025-01-26T23:50:26.899+0000] {logging_mixin.py:190} INFO - [2025-01-26T23:50:26.899+0000] {dag.py:3239} INFO - Sync 1 DAGs
[2025-01-26T23:50:26.918+0000] {logging_mixin.py:190} INFO - [2025-01-26T23:50:26.918+0000] {dag.py:4180} INFO - Setting next_dagrun for example_sensors to None, run_after=None
[2025-01-26T23:50:26.939+0000] {processor.py:208} INFO - Processing /home/airflow/.local/lib/python3.12/site-packages/airflow/example_dags/example_sensors.py took 0.092 seconds
[2025-01-26T23:50:59.047+0000] {processor.py:186} INFO - Started process (PID=2684) to work on /home/airflow/.local/lib/python3.12/site-packages/airflow/example_dags/example_sensors.py
[2025-01-26T23:50:59.048+0000] {processor.py:914} INFO - Processing file /home/airflow/.local/lib/python3.12/site-packages/airflow/example_dags/example_sensors.py for tasks to queue
[2025-01-26T23:50:59.050+0000] {logging_mixin.py:190} INFO - [2025-01-26T23:50:59.050+0000] {dagbag.py:588} INFO - Filling up the DagBag from /home/airflow/.local/lib/python3.12/site-packages/airflow/example_dags/example_sensors.py
[2025-01-26T23:50:59.061+0000] {processor.py:925} INFO - DAG(s) 'example_sensors' retrieved from /home/airflow/.local/lib/python3.12/site-packages/airflow/example_dags/example_sensors.py
[2025-01-26T23:50:59.089+0000] {logging_mixin.py:190} INFO - [2025-01-26T23:50:59.089+0000] {dag.py:3239} INFO - Sync 1 DAGs
[2025-01-26T23:50:59.107+0000] {logging_mixin.py:190} INFO - [2025-01-26T23:50:59.107+0000] {dag.py:4180} INFO - Setting next_dagrun for example_sensors to None, run_after=None
[2025-01-26T23:50:59.130+0000] {processor.py:208} INFO - Processing /home/airflow/.local/lib/python3.12/site-packages/airflow/example_dags/example_sensors.py took 0.089 seconds
[2025-01-26T23:51:29.543+0000] {processor.py:186} INFO - Started process (PID=2749) to work on /home/airflow/.local/lib/python3.12/site-packages/airflow/example_dags/example_sensors.py
[2025-01-26T23:51:29.544+0000] {processor.py:914} INFO - Processing file /home/airflow/.local/lib/python3.12/site-packages/airflow/example_dags/example_sensors.py for tasks to queue
[2025-01-26T23:51:29.548+0000] {logging_mixin.py:190} INFO - [2025-01-26T23:51:29.547+0000] {dagbag.py:588} INFO - Filling up the DagBag from /home/airflow/.local/lib/python3.12/site-packages/airflow/example_dags/example_sensors.py
[2025-01-26T23:51:29.573+0000] {processor.py:925} INFO - DAG(s) 'example_sensors' retrieved from /home/airflow/.local/lib/python3.12/site-packages/airflow/example_dags/example_sensors.py
[2025-01-26T23:51:29.607+0000] {logging_mixin.py:190} INFO - [2025-01-26T23:51:29.607+0000] {dag.py:3239} INFO - Sync 1 DAGs
[2025-01-26T23:51:29.626+0000] {logging_mixin.py:190} INFO - [2025-01-26T23:51:29.626+0000] {dag.py:4180} INFO - Setting next_dagrun for example_sensors to None, run_after=None
[2025-01-26T23:51:29.649+0000] {processor.py:208} INFO - Processing /home/airflow/.local/lib/python3.12/site-packages/airflow/example_dags/example_sensors.py took 0.115 seconds
[2025-01-26T23:51:59.986+0000] {processor.py:186} INFO - Started process (PID=2813) to work on /home/airflow/.local/lib/python3.12/site-packages/airflow/example_dags/example_sensors.py
[2025-01-26T23:51:59.987+0000] {processor.py:914} INFO - Processing file /home/airflow/.local/lib/python3.12/site-packages/airflow/example_dags/example_sensors.py for tasks to queue
[2025-01-26T23:51:59.989+0000] {logging_mixin.py:190} INFO - [2025-01-26T23:51:59.989+0000] {dagbag.py:588} INFO - Filling up the DagBag from /home/airflow/.local/lib/python3.12/site-packages/airflow/example_dags/example_sensors.py
[2025-01-26T23:52:00.002+0000] {processor.py:925} INFO - DAG(s) 'example_sensors' retrieved from /home/airflow/.local/lib/python3.12/site-packages/airflow/example_dags/example_sensors.py
[2025-01-26T23:52:00.036+0000] {logging_mixin.py:190} INFO - [2025-01-26T23:52:00.035+0000] {dag.py:3239} INFO - Sync 1 DAGs
[2025-01-26T23:52:00.055+0000] {logging_mixin.py:190} INFO - [2025-01-26T23:52:00.055+0000] {dag.py:4180} INFO - Setting next_dagrun for example_sensors to None, run_after=None
[2025-01-26T23:52:00.074+0000] {processor.py:208} INFO - Processing /home/airflow/.local/lib/python3.12/site-packages/airflow/example_dags/example_sensors.py took 0.096 seconds
[2025-01-26T23:53:29.797+0000] {processor.py:186} INFO - Started process (PID=38) to work on /home/airflow/.local/lib/python3.12/site-packages/airflow/example_dags/example_sensors.py
[2025-01-26T23:53:29.804+0000] {processor.py:914} INFO - Processing file /home/airflow/.local/lib/python3.12/site-packages/airflow/example_dags/example_sensors.py for tasks to queue
[2025-01-26T23:53:29.808+0000] {logging_mixin.py:190} INFO - [2025-01-26T23:53:29.808+0000] {dagbag.py:588} INFO - Filling up the DagBag from /home/airflow/.local/lib/python3.12/site-packages/airflow/example_dags/example_sensors.py
[2025-01-26T23:53:29.837+0000] {processor.py:925} INFO - DAG(s) 'example_sensors' retrieved from /home/airflow/.local/lib/python3.12/site-packages/airflow/example_dags/example_sensors.py
[2025-01-26T23:53:29.910+0000] {logging_mixin.py:190} INFO - [2025-01-26T23:53:29.910+0000] {dag.py:3239} INFO - Sync 1 DAGs
[2025-01-26T23:53:29.987+0000] {logging_mixin.py:190} INFO - [2025-01-26T23:53:29.986+0000] {dag.py:4180} INFO - Setting next_dagrun for example_sensors to None, run_after=None
[2025-01-26T23:53:30.049+0000] {processor.py:208} INFO - Processing /home/airflow/.local/lib/python3.12/site-packages/airflow/example_dags/example_sensors.py took 0.262 seconds
[2025-01-26T23:54:00.156+0000] {processor.py:186} INFO - Started process (PID=102) to work on /home/airflow/.local/lib/python3.12/site-packages/airflow/example_dags/example_sensors.py
[2025-01-26T23:54:00.157+0000] {processor.py:914} INFO - Processing file /home/airflow/.local/lib/python3.12/site-packages/airflow/example_dags/example_sensors.py for tasks to queue
[2025-01-26T23:54:00.159+0000] {logging_mixin.py:190} INFO - [2025-01-26T23:54:00.159+0000] {dagbag.py:588} INFO - Filling up the DagBag from /home/airflow/.local/lib/python3.12/site-packages/airflow/example_dags/example_sensors.py
[2025-01-26T23:54:00.170+0000] {processor.py:925} INFO - DAG(s) 'example_sensors' retrieved from /home/airflow/.local/lib/python3.12/site-packages/airflow/example_dags/example_sensors.py
[2025-01-26T23:54:00.193+0000] {logging_mixin.py:190} INFO - [2025-01-26T23:54:00.193+0000] {dag.py:3239} INFO - Sync 1 DAGs
[2025-01-26T23:54:00.210+0000] {logging_mixin.py:190} INFO - [2025-01-26T23:54:00.210+0000] {dag.py:4180} INFO - Setting next_dagrun for example_sensors to None, run_after=None
[2025-01-26T23:54:00.228+0000] {processor.py:208} INFO - Processing /home/airflow/.local/lib/python3.12/site-packages/airflow/example_dags/example_sensors.py took 0.077 seconds
[2025-01-26T23:54:30.765+0000] {processor.py:186} INFO - Started process (PID=167) to work on /home/airflow/.local/lib/python3.12/site-packages/airflow/example_dags/example_sensors.py
[2025-01-26T23:54:30.766+0000] {processor.py:914} INFO - Processing file /home/airflow/.local/lib/python3.12/site-packages/airflow/example_dags/example_sensors.py for tasks to queue
[2025-01-26T23:54:30.768+0000] {logging_mixin.py:190} INFO - [2025-01-26T23:54:30.768+0000] {dagbag.py:588} INFO - Filling up the DagBag from /home/airflow/.local/lib/python3.12/site-packages/airflow/example_dags/example_sensors.py
[2025-01-26T23:54:30.785+0000] {processor.py:925} INFO - DAG(s) 'example_sensors' retrieved from /home/airflow/.local/lib/python3.12/site-packages/airflow/example_dags/example_sensors.py
[2025-01-26T23:54:30.829+0000] {logging_mixin.py:190} INFO - [2025-01-26T23:54:30.828+0000] {dag.py:3239} INFO - Sync 1 DAGs
[2025-01-26T23:54:30.856+0000] {logging_mixin.py:190} INFO - [2025-01-26T23:54:30.855+0000] {dag.py:4180} INFO - Setting next_dagrun for example_sensors to None, run_after=None
[2025-01-26T23:54:30.875+0000] {processor.py:208} INFO - Processing /home/airflow/.local/lib/python3.12/site-packages/airflow/example_dags/example_sensors.py took 0.117 seconds
[2025-01-26T23:55:01.674+0000] {processor.py:186} INFO - Started process (PID=239) to work on /home/airflow/.local/lib/python3.12/site-packages/airflow/example_dags/example_sensors.py
[2025-01-26T23:55:01.675+0000] {processor.py:914} INFO - Processing file /home/airflow/.local/lib/python3.12/site-packages/airflow/example_dags/example_sensors.py for tasks to queue
[2025-01-26T23:55:01.677+0000] {logging_mixin.py:190} INFO - [2025-01-26T23:55:01.676+0000] {dagbag.py:588} INFO - Filling up the DagBag from /home/airflow/.local/lib/python3.12/site-packages/airflow/example_dags/example_sensors.py
[2025-01-26T23:55:01.693+0000] {processor.py:925} INFO - DAG(s) 'example_sensors' retrieved from /home/airflow/.local/lib/python3.12/site-packages/airflow/example_dags/example_sensors.py
[2025-01-26T23:55:01.720+0000] {logging_mixin.py:190} INFO - [2025-01-26T23:55:01.720+0000] {dag.py:3239} INFO - Sync 1 DAGs
[2025-01-26T23:55:01.737+0000] {logging_mixin.py:190} INFO - [2025-01-26T23:55:01.737+0000] {dag.py:4180} INFO - Setting next_dagrun for example_sensors to None, run_after=None
[2025-01-26T23:55:01.756+0000] {processor.py:208} INFO - Processing /home/airflow/.local/lib/python3.12/site-packages/airflow/example_dags/example_sensors.py took 0.090 seconds
[2025-01-26T23:55:31.880+0000] {processor.py:186} INFO - Started process (PID=304) to work on /home/airflow/.local/lib/python3.12/site-packages/airflow/example_dags/example_sensors.py
[2025-01-26T23:55:31.881+0000] {processor.py:914} INFO - Processing file /home/airflow/.local/lib/python3.12/site-packages/airflow/example_dags/example_sensors.py for tasks to queue
[2025-01-26T23:55:31.883+0000] {logging_mixin.py:190} INFO - [2025-01-26T23:55:31.882+0000] {dagbag.py:588} INFO - Filling up the DagBag from /home/airflow/.local/lib/python3.12/site-packages/airflow/example_dags/example_sensors.py
[2025-01-26T23:55:31.898+0000] {processor.py:925} INFO - DAG(s) 'example_sensors' retrieved from /home/airflow/.local/lib/python3.12/site-packages/airflow/example_dags/example_sensors.py
[2025-01-26T23:55:31.924+0000] {logging_mixin.py:190} INFO - [2025-01-26T23:55:31.923+0000] {dag.py:3239} INFO - Sync 1 DAGs
[2025-01-26T23:55:31.940+0000] {logging_mixin.py:190} INFO - [2025-01-26T23:55:31.940+0000] {dag.py:4180} INFO - Setting next_dagrun for example_sensors to None, run_after=None
[2025-01-26T23:55:31.962+0000] {processor.py:208} INFO - Processing /home/airflow/.local/lib/python3.12/site-packages/airflow/example_dags/example_sensors.py took 0.088 seconds
[2025-01-26T23:58:20.698+0000] {processor.py:186} INFO - Started process (PID=38) to work on /home/airflow/.local/lib/python3.12/site-packages/airflow/example_dags/example_sensors.py
[2025-01-26T23:58:20.702+0000] {processor.py:914} INFO - Processing file /home/airflow/.local/lib/python3.12/site-packages/airflow/example_dags/example_sensors.py for tasks to queue
[2025-01-26T23:58:20.709+0000] {logging_mixin.py:190} INFO - [2025-01-26T23:58:20.708+0000] {dagbag.py:588} INFO - Filling up the DagBag from /home/airflow/.local/lib/python3.12/site-packages/airflow/example_dags/example_sensors.py
[2025-01-26T23:58:20.722+0000] {processor.py:925} INFO - DAG(s) 'example_sensors' retrieved from /home/airflow/.local/lib/python3.12/site-packages/airflow/example_dags/example_sensors.py
[2025-01-26T23:58:20.766+0000] {logging_mixin.py:190} INFO - [2025-01-26T23:58:20.766+0000] {dag.py:3239} INFO - Sync 1 DAGs
[2025-01-26T23:58:20.808+0000] {logging_mixin.py:190} INFO - [2025-01-26T23:58:20.808+0000] {dag.py:4180} INFO - Setting next_dagrun for example_sensors to None, run_after=None
[2025-01-26T23:58:20.874+0000] {processor.py:208} INFO - Processing /home/airflow/.local/lib/python3.12/site-packages/airflow/example_dags/example_sensors.py took 0.183 seconds
[2025-01-26T23:58:51.002+0000] {processor.py:186} INFO - Started process (PID=102) to work on /home/airflow/.local/lib/python3.12/site-packages/airflow/example_dags/example_sensors.py
[2025-01-26T23:58:51.004+0000] {processor.py:914} INFO - Processing file /home/airflow/.local/lib/python3.12/site-packages/airflow/example_dags/example_sensors.py for tasks to queue
[2025-01-26T23:58:51.007+0000] {logging_mixin.py:190} INFO - [2025-01-26T23:58:51.007+0000] {dagbag.py:588} INFO - Filling up the DagBag from /home/airflow/.local/lib/python3.12/site-packages/airflow/example_dags/example_sensors.py
[2025-01-26T23:58:51.023+0000] {processor.py:925} INFO - DAG(s) 'example_sensors' retrieved from /home/airflow/.local/lib/python3.12/site-packages/airflow/example_dags/example_sensors.py
[2025-01-26T23:58:51.058+0000] {logging_mixin.py:190} INFO - [2025-01-26T23:58:51.058+0000] {dag.py:3239} INFO - Sync 1 DAGs
[2025-01-26T23:58:51.080+0000] {logging_mixin.py:190} INFO - [2025-01-26T23:58:51.080+0000] {dag.py:4180} INFO - Setting next_dagrun for example_sensors to None, run_after=None
[2025-01-26T23:58:51.105+0000] {processor.py:208} INFO - Processing /home/airflow/.local/lib/python3.12/site-packages/airflow/example_dags/example_sensors.py took 0.111 seconds
[2025-01-26T23:59:21.470+0000] {processor.py:186} INFO - Started process (PID=167) to work on /home/airflow/.local/lib/python3.12/site-packages/airflow/example_dags/example_sensors.py
[2025-01-26T23:59:21.473+0000] {processor.py:914} INFO - Processing file /home/airflow/.local/lib/python3.12/site-packages/airflow/example_dags/example_sensors.py for tasks to queue
[2025-01-26T23:59:21.483+0000] {logging_mixin.py:190} INFO - [2025-01-26T23:59:21.482+0000] {dagbag.py:588} INFO - Filling up the DagBag from /home/airflow/.local/lib/python3.12/site-packages/airflow/example_dags/example_sensors.py
[2025-01-26T23:59:21.502+0000] {processor.py:925} INFO - DAG(s) 'example_sensors' retrieved from /home/airflow/.local/lib/python3.12/site-packages/airflow/example_dags/example_sensors.py
[2025-01-26T23:59:21.558+0000] {logging_mixin.py:190} INFO - [2025-01-26T23:59:21.557+0000] {dag.py:3239} INFO - Sync 1 DAGs
[2025-01-26T23:59:21.596+0000] {logging_mixin.py:190} INFO - [2025-01-26T23:59:21.596+0000] {dag.py:4180} INFO - Setting next_dagrun for example_sensors to None, run_after=None
[2025-01-26T23:59:21.621+0000] {processor.py:208} INFO - Processing /home/airflow/.local/lib/python3.12/site-packages/airflow/example_dags/example_sensors.py took 0.171 seconds
[2025-01-26T23:59:52.011+0000] {processor.py:186} INFO - Started process (PID=233) to work on /home/airflow/.local/lib/python3.12/site-packages/airflow/example_dags/example_sensors.py
[2025-01-26T23:59:52.012+0000] {processor.py:914} INFO - Processing file /home/airflow/.local/lib/python3.12/site-packages/airflow/example_dags/example_sensors.py for tasks to queue
[2025-01-26T23:59:52.015+0000] {logging_mixin.py:190} INFO - [2025-01-26T23:59:52.015+0000] {dagbag.py:588} INFO - Filling up the DagBag from /home/airflow/.local/lib/python3.12/site-packages/airflow/example_dags/example_sensors.py
[2025-01-26T23:59:52.026+0000] {processor.py:925} INFO - DAG(s) 'example_sensors' retrieved from /home/airflow/.local/lib/python3.12/site-packages/airflow/example_dags/example_sensors.py
[2025-01-26T23:59:52.052+0000] {logging_mixin.py:190} INFO - [2025-01-26T23:59:52.051+0000] {dag.py:3239} INFO - Sync 1 DAGs
[2025-01-26T23:59:52.067+0000] {logging_mixin.py:190} INFO - [2025-01-26T23:59:52.067+0000] {dag.py:4180} INFO - Setting next_dagrun for example_sensors to None, run_after=None
[2025-01-26T23:59:52.085+0000] {processor.py:208} INFO - Processing /home/airflow/.local/lib/python3.12/site-packages/airflow/example_dags/example_sensors.py took 0.081 seconds
