[2025-01-26T17:27:18.589+0000] {processor.py:186} INFO - Started process (PID=54) to work on /home/airflow/.local/lib/python3.12/site-packages/airflow/example_dags/tutorial_taskflow_api_virtualenv.py
[2025-01-26T17:27:18.623+0000] {processor.py:914} INFO - Processing file /home/airflow/.local/lib/python3.12/site-packages/airflow/example_dags/tutorial_taskflow_api_virtualenv.py for tasks to queue
[2025-01-26T17:27:18.646+0000] {logging_mixin.py:190} INFO - [2025-01-26T17:27:18.646+0000] {dagbag.py:588} INFO - Filling up the DagBag from /home/airflow/.local/lib/python3.12/site-packages/airflow/example_dags/tutorial_taskflow_api_virtualenv.py
[2025-01-26T17:27:18.739+0000] {processor.py:925} INFO - DAG(s) 'tutorial_taskflow_api_virtualenv' retrieved from /home/airflow/.local/lib/python3.12/site-packages/airflow/example_dags/tutorial_taskflow_api_virtualenv.py
[2025-01-26T17:27:19.193+0000] {logging_mixin.py:190} INFO - [2025-01-26T17:27:19.192+0000] {dag.py:3239} INFO - Sync 1 DAGs
[2025-01-26T17:27:19.242+0000] {logging_mixin.py:190} INFO - [2025-01-26T17:27:19.242+0000] {dag.py:4180} INFO - Setting next_dagrun for tutorial_taskflow_api_virtualenv to None, run_after=None
[2025-01-26T17:27:19.310+0000] {processor.py:208} INFO - Processing /home/airflow/.local/lib/python3.12/site-packages/airflow/example_dags/tutorial_taskflow_api_virtualenv.py took 0.728 seconds
[2025-01-26T17:27:50.724+0000] {processor.py:186} INFO - Started process (PID=117) to work on /home/airflow/.local/lib/python3.12/site-packages/airflow/example_dags/tutorial_taskflow_api_virtualenv.py
[2025-01-26T17:27:50.726+0000] {processor.py:914} INFO - Processing file /home/airflow/.local/lib/python3.12/site-packages/airflow/example_dags/tutorial_taskflow_api_virtualenv.py for tasks to queue
[2025-01-26T17:27:50.743+0000] {logging_mixin.py:190} INFO - [2025-01-26T17:27:50.743+0000] {dagbag.py:588} INFO - Filling up the DagBag from /home/airflow/.local/lib/python3.12/site-packages/airflow/example_dags/tutorial_taskflow_api_virtualenv.py
[2025-01-26T17:27:50.795+0000] {processor.py:925} INFO - DAG(s) 'tutorial_taskflow_api_virtualenv' retrieved from /home/airflow/.local/lib/python3.12/site-packages/airflow/example_dags/tutorial_taskflow_api_virtualenv.py
[2025-01-26T17:27:50.844+0000] {logging_mixin.py:190} INFO - [2025-01-26T17:27:50.844+0000] {dag.py:3239} INFO - Sync 1 DAGs
[2025-01-26T17:27:50.892+0000] {logging_mixin.py:190} INFO - [2025-01-26T17:27:50.891+0000] {dag.py:4180} INFO - Setting next_dagrun for tutorial_taskflow_api_virtualenv to None, run_after=None
[2025-01-26T17:27:50.974+0000] {processor.py:208} INFO - Processing /home/airflow/.local/lib/python3.12/site-packages/airflow/example_dags/tutorial_taskflow_api_virtualenv.py took 0.268 seconds
[2025-01-26T17:28:22.769+0000] {processor.py:186} INFO - Started process (PID=180) to work on /home/airflow/.local/lib/python3.12/site-packages/airflow/example_dags/tutorial_taskflow_api_virtualenv.py
[2025-01-26T17:28:22.771+0000] {processor.py:914} INFO - Processing file /home/airflow/.local/lib/python3.12/site-packages/airflow/example_dags/tutorial_taskflow_api_virtualenv.py for tasks to queue
[2025-01-26T17:28:22.775+0000] {logging_mixin.py:190} INFO - [2025-01-26T17:28:22.774+0000] {dagbag.py:588} INFO - Filling up the DagBag from /home/airflow/.local/lib/python3.12/site-packages/airflow/example_dags/tutorial_taskflow_api_virtualenv.py
[2025-01-26T17:28:22.794+0000] {processor.py:925} INFO - DAG(s) 'tutorial_taskflow_api_virtualenv' retrieved from /home/airflow/.local/lib/python3.12/site-packages/airflow/example_dags/tutorial_taskflow_api_virtualenv.py
[2025-01-26T17:28:22.836+0000] {logging_mixin.py:190} INFO - [2025-01-26T17:28:22.836+0000] {dag.py:3239} INFO - Sync 1 DAGs
[2025-01-26T17:28:22.876+0000] {logging_mixin.py:190} INFO - [2025-01-26T17:28:22.876+0000] {dag.py:4180} INFO - Setting next_dagrun for tutorial_taskflow_api_virtualenv to None, run_after=None
[2025-01-26T17:28:22.918+0000] {processor.py:208} INFO - Processing /home/airflow/.local/lib/python3.12/site-packages/airflow/example_dags/tutorial_taskflow_api_virtualenv.py took 0.157 seconds
[2025-01-26T17:28:57.958+0000] {processor.py:186} INFO - Started process (PID=243) to work on /home/airflow/.local/lib/python3.12/site-packages/airflow/example_dags/tutorial_taskflow_api_virtualenv.py
[2025-01-26T17:28:57.964+0000] {processor.py:914} INFO - Processing file /home/airflow/.local/lib/python3.12/site-packages/airflow/example_dags/tutorial_taskflow_api_virtualenv.py for tasks to queue
[2025-01-26T17:28:57.989+0000] {logging_mixin.py:190} INFO - [2025-01-26T17:28:57.989+0000] {dagbag.py:588} INFO - Filling up the DagBag from /home/airflow/.local/lib/python3.12/site-packages/airflow/example_dags/tutorial_taskflow_api_virtualenv.py
[2025-01-26T17:28:58.033+0000] {processor.py:925} INFO - DAG(s) 'tutorial_taskflow_api_virtualenv' retrieved from /home/airflow/.local/lib/python3.12/site-packages/airflow/example_dags/tutorial_taskflow_api_virtualenv.py
[2025-01-26T17:28:58.104+0000] {logging_mixin.py:190} INFO - [2025-01-26T17:28:58.104+0000] {dag.py:3239} INFO - Sync 1 DAGs
[2025-01-26T17:28:58.162+0000] {logging_mixin.py:190} INFO - [2025-01-26T17:28:58.161+0000] {dag.py:4180} INFO - Setting next_dagrun for tutorial_taskflow_api_virtualenv to None, run_after=None
[2025-01-26T17:28:58.243+0000] {processor.py:208} INFO - Processing /home/airflow/.local/lib/python3.12/site-packages/airflow/example_dags/tutorial_taskflow_api_virtualenv.py took 0.311 seconds
[2025-01-26T17:29:30.427+0000] {processor.py:186} INFO - Started process (PID=306) to work on /home/airflow/.local/lib/python3.12/site-packages/airflow/example_dags/tutorial_taskflow_api_virtualenv.py
[2025-01-26T17:29:30.428+0000] {processor.py:914} INFO - Processing file /home/airflow/.local/lib/python3.12/site-packages/airflow/example_dags/tutorial_taskflow_api_virtualenv.py for tasks to queue
[2025-01-26T17:29:30.432+0000] {logging_mixin.py:190} INFO - [2025-01-26T17:29:30.432+0000] {dagbag.py:588} INFO - Filling up the DagBag from /home/airflow/.local/lib/python3.12/site-packages/airflow/example_dags/tutorial_taskflow_api_virtualenv.py
[2025-01-26T17:29:30.461+0000] {processor.py:925} INFO - DAG(s) 'tutorial_taskflow_api_virtualenv' retrieved from /home/airflow/.local/lib/python3.12/site-packages/airflow/example_dags/tutorial_taskflow_api_virtualenv.py
[2025-01-26T17:29:30.510+0000] {logging_mixin.py:190} INFO - [2025-01-26T17:29:30.510+0000] {dag.py:3239} INFO - Sync 1 DAGs
[2025-01-26T17:29:30.568+0000] {logging_mixin.py:190} INFO - [2025-01-26T17:29:30.568+0000] {dag.py:4180} INFO - Setting next_dagrun for tutorial_taskflow_api_virtualenv to None, run_after=None
[2025-01-26T17:29:30.626+0000] {processor.py:208} INFO - Processing /home/airflow/.local/lib/python3.12/site-packages/airflow/example_dags/tutorial_taskflow_api_virtualenv.py took 0.207 seconds
[2025-01-26T17:30:01.956+0000] {processor.py:186} INFO - Started process (PID=368) to work on /home/airflow/.local/lib/python3.12/site-packages/airflow/example_dags/tutorial_taskflow_api_virtualenv.py
[2025-01-26T17:30:01.958+0000] {processor.py:914} INFO - Processing file /home/airflow/.local/lib/python3.12/site-packages/airflow/example_dags/tutorial_taskflow_api_virtualenv.py for tasks to queue
[2025-01-26T17:30:01.960+0000] {logging_mixin.py:190} INFO - [2025-01-26T17:30:01.960+0000] {dagbag.py:588} INFO - Filling up the DagBag from /home/airflow/.local/lib/python3.12/site-packages/airflow/example_dags/tutorial_taskflow_api_virtualenv.py
[2025-01-26T17:30:01.976+0000] {processor.py:925} INFO - DAG(s) 'tutorial_taskflow_api_virtualenv' retrieved from /home/airflow/.local/lib/python3.12/site-packages/airflow/example_dags/tutorial_taskflow_api_virtualenv.py
[2025-01-26T17:30:02.009+0000] {logging_mixin.py:190} INFO - [2025-01-26T17:30:02.009+0000] {dag.py:3239} INFO - Sync 1 DAGs
[2025-01-26T17:30:02.027+0000] {logging_mixin.py:190} INFO - [2025-01-26T17:30:02.027+0000] {dag.py:4180} INFO - Setting next_dagrun for tutorial_taskflow_api_virtualenv to None, run_after=None
[2025-01-26T17:30:02.053+0000] {processor.py:208} INFO - Processing /home/airflow/.local/lib/python3.12/site-packages/airflow/example_dags/tutorial_taskflow_api_virtualenv.py took 0.103 seconds
[2025-01-26T17:30:34.416+0000] {processor.py:186} INFO - Started process (PID=438) to work on /home/airflow/.local/lib/python3.12/site-packages/airflow/example_dags/tutorial_taskflow_api_virtualenv.py
[2025-01-26T17:30:34.417+0000] {processor.py:914} INFO - Processing file /home/airflow/.local/lib/python3.12/site-packages/airflow/example_dags/tutorial_taskflow_api_virtualenv.py for tasks to queue
[2025-01-26T17:30:34.420+0000] {logging_mixin.py:190} INFO - [2025-01-26T17:30:34.420+0000] {dagbag.py:588} INFO - Filling up the DagBag from /home/airflow/.local/lib/python3.12/site-packages/airflow/example_dags/tutorial_taskflow_api_virtualenv.py
[2025-01-26T17:30:34.431+0000] {processor.py:925} INFO - DAG(s) 'tutorial_taskflow_api_virtualenv' retrieved from /home/airflow/.local/lib/python3.12/site-packages/airflow/example_dags/tutorial_taskflow_api_virtualenv.py
[2025-01-26T17:30:34.486+0000] {logging_mixin.py:190} INFO - [2025-01-26T17:30:34.486+0000] {dag.py:3239} INFO - Sync 1 DAGs
[2025-01-26T17:30:34.526+0000] {logging_mixin.py:190} INFO - [2025-01-26T17:30:34.526+0000] {dag.py:4180} INFO - Setting next_dagrun for tutorial_taskflow_api_virtualenv to None, run_after=None
[2025-01-26T17:30:34.574+0000] {processor.py:208} INFO - Processing /home/airflow/.local/lib/python3.12/site-packages/airflow/example_dags/tutorial_taskflow_api_virtualenv.py took 0.164 seconds
[2025-01-26T17:31:07.335+0000] {processor.py:186} INFO - Started process (PID=501) to work on /home/airflow/.local/lib/python3.12/site-packages/airflow/example_dags/tutorial_taskflow_api_virtualenv.py
[2025-01-26T17:31:07.364+0000] {processor.py:914} INFO - Processing file /home/airflow/.local/lib/python3.12/site-packages/airflow/example_dags/tutorial_taskflow_api_virtualenv.py for tasks to queue
[2025-01-26T17:31:07.381+0000] {logging_mixin.py:190} INFO - [2025-01-26T17:31:07.381+0000] {dagbag.py:588} INFO - Filling up the DagBag from /home/airflow/.local/lib/python3.12/site-packages/airflow/example_dags/tutorial_taskflow_api_virtualenv.py
[2025-01-26T17:31:07.424+0000] {processor.py:925} INFO - DAG(s) 'tutorial_taskflow_api_virtualenv' retrieved from /home/airflow/.local/lib/python3.12/site-packages/airflow/example_dags/tutorial_taskflow_api_virtualenv.py
[2025-01-26T17:31:07.488+0000] {logging_mixin.py:190} INFO - [2025-01-26T17:31:07.488+0000] {dag.py:3239} INFO - Sync 1 DAGs
[2025-01-26T17:31:07.608+0000] {logging_mixin.py:190} INFO - [2025-01-26T17:31:07.607+0000] {dag.py:4180} INFO - Setting next_dagrun for tutorial_taskflow_api_virtualenv to None, run_after=None
[2025-01-26T17:31:07.718+0000] {processor.py:208} INFO - Processing /home/airflow/.local/lib/python3.12/site-packages/airflow/example_dags/tutorial_taskflow_api_virtualenv.py took 0.402 seconds
[2025-01-26T17:31:38.519+0000] {processor.py:186} INFO - Started process (PID=564) to work on /home/airflow/.local/lib/python3.12/site-packages/airflow/example_dags/tutorial_taskflow_api_virtualenv.py
[2025-01-26T17:31:38.520+0000] {processor.py:914} INFO - Processing file /home/airflow/.local/lib/python3.12/site-packages/airflow/example_dags/tutorial_taskflow_api_virtualenv.py for tasks to queue
[2025-01-26T17:31:38.523+0000] {logging_mixin.py:190} INFO - [2025-01-26T17:31:38.522+0000] {dagbag.py:588} INFO - Filling up the DagBag from /home/airflow/.local/lib/python3.12/site-packages/airflow/example_dags/tutorial_taskflow_api_virtualenv.py
[2025-01-26T17:31:38.539+0000] {processor.py:925} INFO - DAG(s) 'tutorial_taskflow_api_virtualenv' retrieved from /home/airflow/.local/lib/python3.12/site-packages/airflow/example_dags/tutorial_taskflow_api_virtualenv.py
[2025-01-26T17:31:38.575+0000] {logging_mixin.py:190} INFO - [2025-01-26T17:31:38.574+0000] {dag.py:3239} INFO - Sync 1 DAGs
[2025-01-26T17:31:38.599+0000] {logging_mixin.py:190} INFO - [2025-01-26T17:31:38.598+0000] {dag.py:4180} INFO - Setting next_dagrun for tutorial_taskflow_api_virtualenv to None, run_after=None
[2025-01-26T17:31:38.632+0000] {processor.py:208} INFO - Processing /home/airflow/.local/lib/python3.12/site-packages/airflow/example_dags/tutorial_taskflow_api_virtualenv.py took 0.119 seconds
[2025-01-26T17:32:09.983+0000] {processor.py:186} INFO - Started process (PID=626) to work on /home/airflow/.local/lib/python3.12/site-packages/airflow/example_dags/tutorial_taskflow_api_virtualenv.py
[2025-01-26T17:32:09.984+0000] {processor.py:914} INFO - Processing file /home/airflow/.local/lib/python3.12/site-packages/airflow/example_dags/tutorial_taskflow_api_virtualenv.py for tasks to queue
[2025-01-26T17:32:09.992+0000] {logging_mixin.py:190} INFO - [2025-01-26T17:32:09.991+0000] {dagbag.py:588} INFO - Filling up the DagBag from /home/airflow/.local/lib/python3.12/site-packages/airflow/example_dags/tutorial_taskflow_api_virtualenv.py
[2025-01-26T17:32:10.016+0000] {processor.py:925} INFO - DAG(s) 'tutorial_taskflow_api_virtualenv' retrieved from /home/airflow/.local/lib/python3.12/site-packages/airflow/example_dags/tutorial_taskflow_api_virtualenv.py
[2025-01-26T17:32:10.046+0000] {logging_mixin.py:190} INFO - [2025-01-26T17:32:10.046+0000] {dag.py:3239} INFO - Sync 1 DAGs
[2025-01-26T17:32:10.071+0000] {logging_mixin.py:190} INFO - [2025-01-26T17:32:10.070+0000] {dag.py:4180} INFO - Setting next_dagrun for tutorial_taskflow_api_virtualenv to None, run_after=None
[2025-01-26T17:32:10.110+0000] {processor.py:208} INFO - Processing /home/airflow/.local/lib/python3.12/site-packages/airflow/example_dags/tutorial_taskflow_api_virtualenv.py took 0.135 seconds
[2025-01-26T17:32:42.938+0000] {processor.py:186} INFO - Started process (PID=689) to work on /home/airflow/.local/lib/python3.12/site-packages/airflow/example_dags/tutorial_taskflow_api_virtualenv.py
[2025-01-26T17:32:42.939+0000] {processor.py:914} INFO - Processing file /home/airflow/.local/lib/python3.12/site-packages/airflow/example_dags/tutorial_taskflow_api_virtualenv.py for tasks to queue
[2025-01-26T17:32:42.951+0000] {logging_mixin.py:190} INFO - [2025-01-26T17:32:42.947+0000] {dagbag.py:588} INFO - Filling up the DagBag from /home/airflow/.local/lib/python3.12/site-packages/airflow/example_dags/tutorial_taskflow_api_virtualenv.py
[2025-01-26T17:32:42.968+0000] {processor.py:925} INFO - DAG(s) 'tutorial_taskflow_api_virtualenv' retrieved from /home/airflow/.local/lib/python3.12/site-packages/airflow/example_dags/tutorial_taskflow_api_virtualenv.py
[2025-01-26T17:32:42.996+0000] {logging_mixin.py:190} INFO - [2025-01-26T17:32:42.995+0000] {dag.py:3239} INFO - Sync 1 DAGs
[2025-01-26T17:32:43.020+0000] {logging_mixin.py:190} INFO - [2025-01-26T17:32:43.020+0000] {dag.py:4180} INFO - Setting next_dagrun for tutorial_taskflow_api_virtualenv to None, run_after=None
[2025-01-26T17:32:43.048+0000] {processor.py:208} INFO - Processing /home/airflow/.local/lib/python3.12/site-packages/airflow/example_dags/tutorial_taskflow_api_virtualenv.py took 0.119 seconds
[2025-01-26T17:33:14.268+0000] {processor.py:186} INFO - Started process (PID=752) to work on /home/airflow/.local/lib/python3.12/site-packages/airflow/example_dags/tutorial_taskflow_api_virtualenv.py
[2025-01-26T17:33:14.270+0000] {processor.py:914} INFO - Processing file /home/airflow/.local/lib/python3.12/site-packages/airflow/example_dags/tutorial_taskflow_api_virtualenv.py for tasks to queue
[2025-01-26T17:33:14.273+0000] {logging_mixin.py:190} INFO - [2025-01-26T17:33:14.272+0000] {dagbag.py:588} INFO - Filling up the DagBag from /home/airflow/.local/lib/python3.12/site-packages/airflow/example_dags/tutorial_taskflow_api_virtualenv.py
[2025-01-26T17:33:14.289+0000] {processor.py:925} INFO - DAG(s) 'tutorial_taskflow_api_virtualenv' retrieved from /home/airflow/.local/lib/python3.12/site-packages/airflow/example_dags/tutorial_taskflow_api_virtualenv.py
[2025-01-26T17:33:14.316+0000] {logging_mixin.py:190} INFO - [2025-01-26T17:33:14.316+0000] {dag.py:3239} INFO - Sync 1 DAGs
[2025-01-26T17:33:14.340+0000] {logging_mixin.py:190} INFO - [2025-01-26T17:33:14.340+0000] {dag.py:4180} INFO - Setting next_dagrun for tutorial_taskflow_api_virtualenv to None, run_after=None
[2025-01-26T17:33:14.369+0000] {processor.py:208} INFO - Processing /home/airflow/.local/lib/python3.12/site-packages/airflow/example_dags/tutorial_taskflow_api_virtualenv.py took 0.109 seconds
[2025-01-26T17:33:44.551+0000] {processor.py:186} INFO - Started process (PID=814) to work on /home/airflow/.local/lib/python3.12/site-packages/airflow/example_dags/tutorial_taskflow_api_virtualenv.py
[2025-01-26T17:33:44.552+0000] {processor.py:914} INFO - Processing file /home/airflow/.local/lib/python3.12/site-packages/airflow/example_dags/tutorial_taskflow_api_virtualenv.py for tasks to queue
[2025-01-26T17:33:44.558+0000] {logging_mixin.py:190} INFO - [2025-01-26T17:33:44.558+0000] {dagbag.py:588} INFO - Filling up the DagBag from /home/airflow/.local/lib/python3.12/site-packages/airflow/example_dags/tutorial_taskflow_api_virtualenv.py
[2025-01-26T17:33:44.586+0000] {processor.py:925} INFO - DAG(s) 'tutorial_taskflow_api_virtualenv' retrieved from /home/airflow/.local/lib/python3.12/site-packages/airflow/example_dags/tutorial_taskflow_api_virtualenv.py
[2025-01-26T17:33:44.634+0000] {logging_mixin.py:190} INFO - [2025-01-26T17:33:44.634+0000] {dag.py:3239} INFO - Sync 1 DAGs
[2025-01-26T17:33:44.676+0000] {logging_mixin.py:190} INFO - [2025-01-26T17:33:44.675+0000] {dag.py:4180} INFO - Setting next_dagrun for tutorial_taskflow_api_virtualenv to None, run_after=None
[2025-01-26T17:33:44.717+0000] {processor.py:208} INFO - Processing /home/airflow/.local/lib/python3.12/site-packages/airflow/example_dags/tutorial_taskflow_api_virtualenv.py took 0.178 seconds
[2025-01-26T17:34:15.077+0000] {processor.py:186} INFO - Started process (PID=876) to work on /home/airflow/.local/lib/python3.12/site-packages/airflow/example_dags/tutorial_taskflow_api_virtualenv.py
[2025-01-26T17:34:15.079+0000] {processor.py:914} INFO - Processing file /home/airflow/.local/lib/python3.12/site-packages/airflow/example_dags/tutorial_taskflow_api_virtualenv.py for tasks to queue
[2025-01-26T17:34:15.082+0000] {logging_mixin.py:190} INFO - [2025-01-26T17:34:15.082+0000] {dagbag.py:588} INFO - Filling up the DagBag from /home/airflow/.local/lib/python3.12/site-packages/airflow/example_dags/tutorial_taskflow_api_virtualenv.py
[2025-01-26T17:34:15.111+0000] {processor.py:925} INFO - DAG(s) 'tutorial_taskflow_api_virtualenv' retrieved from /home/airflow/.local/lib/python3.12/site-packages/airflow/example_dags/tutorial_taskflow_api_virtualenv.py
[2025-01-26T17:34:15.144+0000] {logging_mixin.py:190} INFO - [2025-01-26T17:34:15.144+0000] {dag.py:3239} INFO - Sync 1 DAGs
[2025-01-26T17:34:15.178+0000] {logging_mixin.py:190} INFO - [2025-01-26T17:34:15.178+0000] {dag.py:4180} INFO - Setting next_dagrun for tutorial_taskflow_api_virtualenv to None, run_after=None
[2025-01-26T17:34:15.220+0000] {processor.py:208} INFO - Processing /home/airflow/.local/lib/python3.12/site-packages/airflow/example_dags/tutorial_taskflow_api_virtualenv.py took 0.151 seconds
[2025-01-26T17:34:45.687+0000] {processor.py:186} INFO - Started process (PID=939) to work on /home/airflow/.local/lib/python3.12/site-packages/airflow/example_dags/tutorial_taskflow_api_virtualenv.py
[2025-01-26T17:34:45.688+0000] {processor.py:914} INFO - Processing file /home/airflow/.local/lib/python3.12/site-packages/airflow/example_dags/tutorial_taskflow_api_virtualenv.py for tasks to queue
[2025-01-26T17:34:45.690+0000] {logging_mixin.py:190} INFO - [2025-01-26T17:34:45.690+0000] {dagbag.py:588} INFO - Filling up the DagBag from /home/airflow/.local/lib/python3.12/site-packages/airflow/example_dags/tutorial_taskflow_api_virtualenv.py
[2025-01-26T17:34:45.710+0000] {processor.py:925} INFO - DAG(s) 'tutorial_taskflow_api_virtualenv' retrieved from /home/airflow/.local/lib/python3.12/site-packages/airflow/example_dags/tutorial_taskflow_api_virtualenv.py
[2025-01-26T17:34:45.743+0000] {logging_mixin.py:190} INFO - [2025-01-26T17:34:45.743+0000] {dag.py:3239} INFO - Sync 1 DAGs
[2025-01-26T17:34:45.773+0000] {logging_mixin.py:190} INFO - [2025-01-26T17:34:45.773+0000] {dag.py:4180} INFO - Setting next_dagrun for tutorial_taskflow_api_virtualenv to None, run_after=None
[2025-01-26T17:34:45.799+0000] {processor.py:208} INFO - Processing /home/airflow/.local/lib/python3.12/site-packages/airflow/example_dags/tutorial_taskflow_api_virtualenv.py took 0.120 seconds
[2025-01-26T17:35:16.111+0000] {processor.py:186} INFO - Started process (PID=1002) to work on /home/airflow/.local/lib/python3.12/site-packages/airflow/example_dags/tutorial_taskflow_api_virtualenv.py
[2025-01-26T17:35:16.112+0000] {processor.py:914} INFO - Processing file /home/airflow/.local/lib/python3.12/site-packages/airflow/example_dags/tutorial_taskflow_api_virtualenv.py for tasks to queue
[2025-01-26T17:35:16.116+0000] {logging_mixin.py:190} INFO - [2025-01-26T17:35:16.115+0000] {dagbag.py:588} INFO - Filling up the DagBag from /home/airflow/.local/lib/python3.12/site-packages/airflow/example_dags/tutorial_taskflow_api_virtualenv.py
[2025-01-26T17:35:16.129+0000] {processor.py:925} INFO - DAG(s) 'tutorial_taskflow_api_virtualenv' retrieved from /home/airflow/.local/lib/python3.12/site-packages/airflow/example_dags/tutorial_taskflow_api_virtualenv.py
[2025-01-26T17:35:16.148+0000] {logging_mixin.py:190} INFO - [2025-01-26T17:35:16.148+0000] {dag.py:3239} INFO - Sync 1 DAGs
[2025-01-26T17:35:16.174+0000] {logging_mixin.py:190} INFO - [2025-01-26T17:35:16.174+0000] {dag.py:4180} INFO - Setting next_dagrun for tutorial_taskflow_api_virtualenv to None, run_after=None
[2025-01-26T17:35:16.217+0000] {processor.py:208} INFO - Processing /home/airflow/.local/lib/python3.12/site-packages/airflow/example_dags/tutorial_taskflow_api_virtualenv.py took 0.112 seconds
[2025-01-26T17:35:46.398+0000] {processor.py:186} INFO - Started process (PID=1065) to work on /home/airflow/.local/lib/python3.12/site-packages/airflow/example_dags/tutorial_taskflow_api_virtualenv.py
[2025-01-26T17:35:46.399+0000] {processor.py:914} INFO - Processing file /home/airflow/.local/lib/python3.12/site-packages/airflow/example_dags/tutorial_taskflow_api_virtualenv.py for tasks to queue
[2025-01-26T17:35:46.402+0000] {logging_mixin.py:190} INFO - [2025-01-26T17:35:46.401+0000] {dagbag.py:588} INFO - Filling up the DagBag from /home/airflow/.local/lib/python3.12/site-packages/airflow/example_dags/tutorial_taskflow_api_virtualenv.py
[2025-01-26T17:35:46.415+0000] {processor.py:925} INFO - DAG(s) 'tutorial_taskflow_api_virtualenv' retrieved from /home/airflow/.local/lib/python3.12/site-packages/airflow/example_dags/tutorial_taskflow_api_virtualenv.py
[2025-01-26T17:35:46.433+0000] {logging_mixin.py:190} INFO - [2025-01-26T17:35:46.432+0000] {dag.py:3239} INFO - Sync 1 DAGs
[2025-01-26T17:35:46.449+0000] {logging_mixin.py:190} INFO - [2025-01-26T17:35:46.449+0000] {dag.py:4180} INFO - Setting next_dagrun for tutorial_taskflow_api_virtualenv to None, run_after=None
[2025-01-26T17:35:46.470+0000] {processor.py:208} INFO - Processing /home/airflow/.local/lib/python3.12/site-packages/airflow/example_dags/tutorial_taskflow_api_virtualenv.py took 0.078 seconds
[2025-01-26T17:36:16.906+0000] {processor.py:186} INFO - Started process (PID=1128) to work on /home/airflow/.local/lib/python3.12/site-packages/airflow/example_dags/tutorial_taskflow_api_virtualenv.py
[2025-01-26T17:36:16.908+0000] {processor.py:914} INFO - Processing file /home/airflow/.local/lib/python3.12/site-packages/airflow/example_dags/tutorial_taskflow_api_virtualenv.py for tasks to queue
[2025-01-26T17:36:16.912+0000] {logging_mixin.py:190} INFO - [2025-01-26T17:36:16.912+0000] {dagbag.py:588} INFO - Filling up the DagBag from /home/airflow/.local/lib/python3.12/site-packages/airflow/example_dags/tutorial_taskflow_api_virtualenv.py
[2025-01-26T17:36:16.936+0000] {processor.py:925} INFO - DAG(s) 'tutorial_taskflow_api_virtualenv' retrieved from /home/airflow/.local/lib/python3.12/site-packages/airflow/example_dags/tutorial_taskflow_api_virtualenv.py
[2025-01-26T17:36:16.964+0000] {logging_mixin.py:190} INFO - [2025-01-26T17:36:16.963+0000] {dag.py:3239} INFO - Sync 1 DAGs
[2025-01-26T17:36:16.983+0000] {logging_mixin.py:190} INFO - [2025-01-26T17:36:16.983+0000] {dag.py:4180} INFO - Setting next_dagrun for tutorial_taskflow_api_virtualenv to None, run_after=None
[2025-01-26T17:36:17.009+0000] {processor.py:208} INFO - Processing /home/airflow/.local/lib/python3.12/site-packages/airflow/example_dags/tutorial_taskflow_api_virtualenv.py took 0.114 seconds
[2025-01-26T17:36:47.502+0000] {processor.py:186} INFO - Started process (PID=1191) to work on /home/airflow/.local/lib/python3.12/site-packages/airflow/example_dags/tutorial_taskflow_api_virtualenv.py
[2025-01-26T17:36:47.504+0000] {processor.py:914} INFO - Processing file /home/airflow/.local/lib/python3.12/site-packages/airflow/example_dags/tutorial_taskflow_api_virtualenv.py for tasks to queue
[2025-01-26T17:36:47.517+0000] {logging_mixin.py:190} INFO - [2025-01-26T17:36:47.516+0000] {dagbag.py:588} INFO - Filling up the DagBag from /home/airflow/.local/lib/python3.12/site-packages/airflow/example_dags/tutorial_taskflow_api_virtualenv.py
[2025-01-26T17:36:47.559+0000] {processor.py:925} INFO - DAG(s) 'tutorial_taskflow_api_virtualenv' retrieved from /home/airflow/.local/lib/python3.12/site-packages/airflow/example_dags/tutorial_taskflow_api_virtualenv.py
[2025-01-26T17:36:47.627+0000] {logging_mixin.py:190} INFO - [2025-01-26T17:36:47.627+0000] {dag.py:3239} INFO - Sync 1 DAGs
[2025-01-26T17:36:47.682+0000] {logging_mixin.py:190} INFO - [2025-01-26T17:36:47.681+0000] {dag.py:4180} INFO - Setting next_dagrun for tutorial_taskflow_api_virtualenv to None, run_after=None
[2025-01-26T17:36:47.772+0000] {processor.py:208} INFO - Processing /home/airflow/.local/lib/python3.12/site-packages/airflow/example_dags/tutorial_taskflow_api_virtualenv.py took 0.288 seconds
[2025-01-26T17:37:18.127+0000] {processor.py:186} INFO - Started process (PID=1254) to work on /home/airflow/.local/lib/python3.12/site-packages/airflow/example_dags/tutorial_taskflow_api_virtualenv.py
[2025-01-26T17:37:18.128+0000] {processor.py:914} INFO - Processing file /home/airflow/.local/lib/python3.12/site-packages/airflow/example_dags/tutorial_taskflow_api_virtualenv.py for tasks to queue
[2025-01-26T17:37:18.131+0000] {logging_mixin.py:190} INFO - [2025-01-26T17:37:18.130+0000] {dagbag.py:588} INFO - Filling up the DagBag from /home/airflow/.local/lib/python3.12/site-packages/airflow/example_dags/tutorial_taskflow_api_virtualenv.py
[2025-01-26T17:37:18.147+0000] {processor.py:925} INFO - DAG(s) 'tutorial_taskflow_api_virtualenv' retrieved from /home/airflow/.local/lib/python3.12/site-packages/airflow/example_dags/tutorial_taskflow_api_virtualenv.py
[2025-01-26T17:37:18.169+0000] {logging_mixin.py:190} INFO - [2025-01-26T17:37:18.168+0000] {dag.py:3239} INFO - Sync 1 DAGs
[2025-01-26T17:37:18.189+0000] {logging_mixin.py:190} INFO - [2025-01-26T17:37:18.189+0000] {dag.py:4180} INFO - Setting next_dagrun for tutorial_taskflow_api_virtualenv to None, run_after=None
[2025-01-26T17:37:18.217+0000] {processor.py:208} INFO - Processing /home/airflow/.local/lib/python3.12/site-packages/airflow/example_dags/tutorial_taskflow_api_virtualenv.py took 0.096 seconds
[2025-01-26T17:37:48.912+0000] {processor.py:186} INFO - Started process (PID=1317) to work on /home/airflow/.local/lib/python3.12/site-packages/airflow/example_dags/tutorial_taskflow_api_virtualenv.py
[2025-01-26T17:37:48.913+0000] {processor.py:914} INFO - Processing file /home/airflow/.local/lib/python3.12/site-packages/airflow/example_dags/tutorial_taskflow_api_virtualenv.py for tasks to queue
[2025-01-26T17:37:48.917+0000] {logging_mixin.py:190} INFO - [2025-01-26T17:37:48.917+0000] {dagbag.py:588} INFO - Filling up the DagBag from /home/airflow/.local/lib/python3.12/site-packages/airflow/example_dags/tutorial_taskflow_api_virtualenv.py
[2025-01-26T17:37:48.953+0000] {processor.py:925} INFO - DAG(s) 'tutorial_taskflow_api_virtualenv' retrieved from /home/airflow/.local/lib/python3.12/site-packages/airflow/example_dags/tutorial_taskflow_api_virtualenv.py
[2025-01-26T17:37:49.008+0000] {logging_mixin.py:190} INFO - [2025-01-26T17:37:49.008+0000] {dag.py:3239} INFO - Sync 1 DAGs
[2025-01-26T17:37:49.036+0000] {logging_mixin.py:190} INFO - [2025-01-26T17:37:49.036+0000] {dag.py:4180} INFO - Setting next_dagrun for tutorial_taskflow_api_virtualenv to None, run_after=None
[2025-01-26T17:37:49.069+0000] {processor.py:208} INFO - Processing /home/airflow/.local/lib/python3.12/site-packages/airflow/example_dags/tutorial_taskflow_api_virtualenv.py took 0.166 seconds
[2025-01-26T17:38:19.750+0000] {processor.py:186} INFO - Started process (PID=1379) to work on /home/airflow/.local/lib/python3.12/site-packages/airflow/example_dags/tutorial_taskflow_api_virtualenv.py
[2025-01-26T17:38:19.753+0000] {processor.py:914} INFO - Processing file /home/airflow/.local/lib/python3.12/site-packages/airflow/example_dags/tutorial_taskflow_api_virtualenv.py for tasks to queue
[2025-01-26T17:38:19.760+0000] {logging_mixin.py:190} INFO - [2025-01-26T17:38:19.759+0000] {dagbag.py:588} INFO - Filling up the DagBag from /home/airflow/.local/lib/python3.12/site-packages/airflow/example_dags/tutorial_taskflow_api_virtualenv.py
[2025-01-26T17:38:19.781+0000] {processor.py:925} INFO - DAG(s) 'tutorial_taskflow_api_virtualenv' retrieved from /home/airflow/.local/lib/python3.12/site-packages/airflow/example_dags/tutorial_taskflow_api_virtualenv.py
[2025-01-26T17:38:19.808+0000] {logging_mixin.py:190} INFO - [2025-01-26T17:38:19.808+0000] {dag.py:3239} INFO - Sync 1 DAGs
[2025-01-26T17:38:19.830+0000] {logging_mixin.py:190} INFO - [2025-01-26T17:38:19.829+0000] {dag.py:4180} INFO - Setting next_dagrun for tutorial_taskflow_api_virtualenv to None, run_after=None
[2025-01-26T17:38:19.862+0000] {processor.py:208} INFO - Processing /home/airflow/.local/lib/python3.12/site-packages/airflow/example_dags/tutorial_taskflow_api_virtualenv.py took 0.118 seconds
[2025-01-26T17:38:50.404+0000] {processor.py:186} INFO - Started process (PID=1442) to work on /home/airflow/.local/lib/python3.12/site-packages/airflow/example_dags/tutorial_taskflow_api_virtualenv.py
[2025-01-26T17:38:50.413+0000] {processor.py:914} INFO - Processing file /home/airflow/.local/lib/python3.12/site-packages/airflow/example_dags/tutorial_taskflow_api_virtualenv.py for tasks to queue
[2025-01-26T17:38:50.416+0000] {logging_mixin.py:190} INFO - [2025-01-26T17:38:50.416+0000] {dagbag.py:588} INFO - Filling up the DagBag from /home/airflow/.local/lib/python3.12/site-packages/airflow/example_dags/tutorial_taskflow_api_virtualenv.py
[2025-01-26T17:38:50.453+0000] {processor.py:925} INFO - DAG(s) 'tutorial_taskflow_api_virtualenv' retrieved from /home/airflow/.local/lib/python3.12/site-packages/airflow/example_dags/tutorial_taskflow_api_virtualenv.py
[2025-01-26T17:38:50.498+0000] {logging_mixin.py:190} INFO - [2025-01-26T17:38:50.497+0000] {dag.py:3239} INFO - Sync 1 DAGs
[2025-01-26T17:38:50.559+0000] {logging_mixin.py:190} INFO - [2025-01-26T17:38:50.559+0000] {dag.py:4180} INFO - Setting next_dagrun for tutorial_taskflow_api_virtualenv to None, run_after=None
[2025-01-26T17:38:50.624+0000] {processor.py:208} INFO - Processing /home/airflow/.local/lib/python3.12/site-packages/airflow/example_dags/tutorial_taskflow_api_virtualenv.py took 0.229 seconds
[2025-01-26T17:39:21.480+0000] {processor.py:186} INFO - Started process (PID=1505) to work on /home/airflow/.local/lib/python3.12/site-packages/airflow/example_dags/tutorial_taskflow_api_virtualenv.py
[2025-01-26T17:39:21.482+0000] {processor.py:914} INFO - Processing file /home/airflow/.local/lib/python3.12/site-packages/airflow/example_dags/tutorial_taskflow_api_virtualenv.py for tasks to queue
[2025-01-26T17:39:21.485+0000] {logging_mixin.py:190} INFO - [2025-01-26T17:39:21.484+0000] {dagbag.py:588} INFO - Filling up the DagBag from /home/airflow/.local/lib/python3.12/site-packages/airflow/example_dags/tutorial_taskflow_api_virtualenv.py
[2025-01-26T17:39:21.501+0000] {processor.py:925} INFO - DAG(s) 'tutorial_taskflow_api_virtualenv' retrieved from /home/airflow/.local/lib/python3.12/site-packages/airflow/example_dags/tutorial_taskflow_api_virtualenv.py
[2025-01-26T17:39:21.527+0000] {logging_mixin.py:190} INFO - [2025-01-26T17:39:21.527+0000] {dag.py:3239} INFO - Sync 1 DAGs
[2025-01-26T17:39:21.545+0000] {logging_mixin.py:190} INFO - [2025-01-26T17:39:21.545+0000] {dag.py:4180} INFO - Setting next_dagrun for tutorial_taskflow_api_virtualenv to None, run_after=None
[2025-01-26T17:39:21.586+0000] {processor.py:208} INFO - Processing /home/airflow/.local/lib/python3.12/site-packages/airflow/example_dags/tutorial_taskflow_api_virtualenv.py took 0.113 seconds
[2025-01-26T17:39:52.364+0000] {processor.py:186} INFO - Started process (PID=1568) to work on /home/airflow/.local/lib/python3.12/site-packages/airflow/example_dags/tutorial_taskflow_api_virtualenv.py
[2025-01-26T17:39:52.367+0000] {processor.py:914} INFO - Processing file /home/airflow/.local/lib/python3.12/site-packages/airflow/example_dags/tutorial_taskflow_api_virtualenv.py for tasks to queue
[2025-01-26T17:39:52.378+0000] {logging_mixin.py:190} INFO - [2025-01-26T17:39:52.378+0000] {dagbag.py:588} INFO - Filling up the DagBag from /home/airflow/.local/lib/python3.12/site-packages/airflow/example_dags/tutorial_taskflow_api_virtualenv.py
[2025-01-26T17:39:52.429+0000] {processor.py:925} INFO - DAG(s) 'tutorial_taskflow_api_virtualenv' retrieved from /home/airflow/.local/lib/python3.12/site-packages/airflow/example_dags/tutorial_taskflow_api_virtualenv.py
[2025-01-26T17:39:52.526+0000] {logging_mixin.py:190} INFO - [2025-01-26T17:39:52.526+0000] {dag.py:3239} INFO - Sync 1 DAGs
[2025-01-26T17:39:52.565+0000] {logging_mixin.py:190} INFO - [2025-01-26T17:39:52.565+0000] {dag.py:4180} INFO - Setting next_dagrun for tutorial_taskflow_api_virtualenv to None, run_after=None
[2025-01-26T17:39:52.637+0000] {processor.py:208} INFO - Processing /home/airflow/.local/lib/python3.12/site-packages/airflow/example_dags/tutorial_taskflow_api_virtualenv.py took 0.308 seconds
[2025-01-26T17:40:23.121+0000] {processor.py:186} INFO - Started process (PID=1631) to work on /home/airflow/.local/lib/python3.12/site-packages/airflow/example_dags/tutorial_taskflow_api_virtualenv.py
[2025-01-26T17:40:23.124+0000] {processor.py:914} INFO - Processing file /home/airflow/.local/lib/python3.12/site-packages/airflow/example_dags/tutorial_taskflow_api_virtualenv.py for tasks to queue
[2025-01-26T17:40:23.126+0000] {logging_mixin.py:190} INFO - [2025-01-26T17:40:23.126+0000] {dagbag.py:588} INFO - Filling up the DagBag from /home/airflow/.local/lib/python3.12/site-packages/airflow/example_dags/tutorial_taskflow_api_virtualenv.py
[2025-01-26T17:40:23.140+0000] {processor.py:925} INFO - DAG(s) 'tutorial_taskflow_api_virtualenv' retrieved from /home/airflow/.local/lib/python3.12/site-packages/airflow/example_dags/tutorial_taskflow_api_virtualenv.py
[2025-01-26T17:40:23.159+0000] {logging_mixin.py:190} INFO - [2025-01-26T17:40:23.159+0000] {dag.py:3239} INFO - Sync 1 DAGs
[2025-01-26T17:40:23.174+0000] {logging_mixin.py:190} INFO - [2025-01-26T17:40:23.174+0000] {dag.py:4180} INFO - Setting next_dagrun for tutorial_taskflow_api_virtualenv to None, run_after=None
[2025-01-26T17:40:23.197+0000] {processor.py:208} INFO - Processing /home/airflow/.local/lib/python3.12/site-packages/airflow/example_dags/tutorial_taskflow_api_virtualenv.py took 0.081 seconds
[2025-01-26T17:40:53.607+0000] {processor.py:186} INFO - Started process (PID=1695) to work on /home/airflow/.local/lib/python3.12/site-packages/airflow/example_dags/tutorial_taskflow_api_virtualenv.py
[2025-01-26T17:40:53.608+0000] {processor.py:914} INFO - Processing file /home/airflow/.local/lib/python3.12/site-packages/airflow/example_dags/tutorial_taskflow_api_virtualenv.py for tasks to queue
[2025-01-26T17:40:53.610+0000] {logging_mixin.py:190} INFO - [2025-01-26T17:40:53.610+0000] {dagbag.py:588} INFO - Filling up the DagBag from /home/airflow/.local/lib/python3.12/site-packages/airflow/example_dags/tutorial_taskflow_api_virtualenv.py
[2025-01-26T17:40:53.621+0000] {processor.py:925} INFO - DAG(s) 'tutorial_taskflow_api_virtualenv' retrieved from /home/airflow/.local/lib/python3.12/site-packages/airflow/example_dags/tutorial_taskflow_api_virtualenv.py
[2025-01-26T17:40:53.643+0000] {logging_mixin.py:190} INFO - [2025-01-26T17:40:53.643+0000] {dag.py:3239} INFO - Sync 1 DAGs
[2025-01-26T17:40:53.662+0000] {logging_mixin.py:190} INFO - [2025-01-26T17:40:53.661+0000] {dag.py:4180} INFO - Setting next_dagrun for tutorial_taskflow_api_virtualenv to None, run_after=None
[2025-01-26T17:40:53.682+0000] {processor.py:208} INFO - Processing /home/airflow/.local/lib/python3.12/site-packages/airflow/example_dags/tutorial_taskflow_api_virtualenv.py took 0.080 seconds
[2025-01-26T17:41:24.374+0000] {processor.py:186} INFO - Started process (PID=1758) to work on /home/airflow/.local/lib/python3.12/site-packages/airflow/example_dags/tutorial_taskflow_api_virtualenv.py
[2025-01-26T17:41:24.375+0000] {processor.py:914} INFO - Processing file /home/airflow/.local/lib/python3.12/site-packages/airflow/example_dags/tutorial_taskflow_api_virtualenv.py for tasks to queue
[2025-01-26T17:41:24.378+0000] {logging_mixin.py:190} INFO - [2025-01-26T17:41:24.378+0000] {dagbag.py:588} INFO - Filling up the DagBag from /home/airflow/.local/lib/python3.12/site-packages/airflow/example_dags/tutorial_taskflow_api_virtualenv.py
[2025-01-26T17:41:24.397+0000] {processor.py:925} INFO - DAG(s) 'tutorial_taskflow_api_virtualenv' retrieved from /home/airflow/.local/lib/python3.12/site-packages/airflow/example_dags/tutorial_taskflow_api_virtualenv.py
[2025-01-26T17:41:24.423+0000] {logging_mixin.py:190} INFO - [2025-01-26T17:41:24.422+0000] {dag.py:3239} INFO - Sync 1 DAGs
[2025-01-26T17:41:24.461+0000] {logging_mixin.py:190} INFO - [2025-01-26T17:41:24.461+0000] {dag.py:4180} INFO - Setting next_dagrun for tutorial_taskflow_api_virtualenv to None, run_after=None
[2025-01-26T17:41:24.512+0000] {processor.py:208} INFO - Processing /home/airflow/.local/lib/python3.12/site-packages/airflow/example_dags/tutorial_taskflow_api_virtualenv.py took 0.147 seconds
[2025-01-26T17:41:54.641+0000] {processor.py:186} INFO - Started process (PID=1821) to work on /home/airflow/.local/lib/python3.12/site-packages/airflow/example_dags/tutorial_taskflow_api_virtualenv.py
[2025-01-26T17:41:54.646+0000] {processor.py:914} INFO - Processing file /home/airflow/.local/lib/python3.12/site-packages/airflow/example_dags/tutorial_taskflow_api_virtualenv.py for tasks to queue
[2025-01-26T17:41:54.675+0000] {logging_mixin.py:190} INFO - [2025-01-26T17:41:54.674+0000] {dagbag.py:588} INFO - Filling up the DagBag from /home/airflow/.local/lib/python3.12/site-packages/airflow/example_dags/tutorial_taskflow_api_virtualenv.py
[2025-01-26T17:41:54.699+0000] {processor.py:925} INFO - DAG(s) 'tutorial_taskflow_api_virtualenv' retrieved from /home/airflow/.local/lib/python3.12/site-packages/airflow/example_dags/tutorial_taskflow_api_virtualenv.py
[2025-01-26T17:41:54.741+0000] {logging_mixin.py:190} INFO - [2025-01-26T17:41:54.740+0000] {dag.py:3239} INFO - Sync 1 DAGs
[2025-01-26T17:41:54.779+0000] {logging_mixin.py:190} INFO - [2025-01-26T17:41:54.778+0000] {dag.py:4180} INFO - Setting next_dagrun for tutorial_taskflow_api_virtualenv to None, run_after=None
[2025-01-26T17:41:54.813+0000] {processor.py:208} INFO - Processing /home/airflow/.local/lib/python3.12/site-packages/airflow/example_dags/tutorial_taskflow_api_virtualenv.py took 0.190 seconds
[2025-01-26T17:42:25.322+0000] {processor.py:186} INFO - Started process (PID=1884) to work on /home/airflow/.local/lib/python3.12/site-packages/airflow/example_dags/tutorial_taskflow_api_virtualenv.py
[2025-01-26T17:42:25.327+0000] {processor.py:914} INFO - Processing file /home/airflow/.local/lib/python3.12/site-packages/airflow/example_dags/tutorial_taskflow_api_virtualenv.py for tasks to queue
[2025-01-26T17:42:25.332+0000] {logging_mixin.py:190} INFO - [2025-01-26T17:42:25.331+0000] {dagbag.py:588} INFO - Filling up the DagBag from /home/airflow/.local/lib/python3.12/site-packages/airflow/example_dags/tutorial_taskflow_api_virtualenv.py
[2025-01-26T17:42:25.358+0000] {processor.py:925} INFO - DAG(s) 'tutorial_taskflow_api_virtualenv' retrieved from /home/airflow/.local/lib/python3.12/site-packages/airflow/example_dags/tutorial_taskflow_api_virtualenv.py
[2025-01-26T17:42:25.426+0000] {logging_mixin.py:190} INFO - [2025-01-26T17:42:25.426+0000] {dag.py:3239} INFO - Sync 1 DAGs
[2025-01-26T17:42:25.479+0000] {logging_mixin.py:190} INFO - [2025-01-26T17:42:25.478+0000] {dag.py:4180} INFO - Setting next_dagrun for tutorial_taskflow_api_virtualenv to None, run_after=None
[2025-01-26T17:42:25.520+0000] {processor.py:208} INFO - Processing /home/airflow/.local/lib/python3.12/site-packages/airflow/example_dags/tutorial_taskflow_api_virtualenv.py took 0.207 seconds
[2025-01-26T17:42:55.863+0000] {processor.py:186} INFO - Started process (PID=1947) to work on /home/airflow/.local/lib/python3.12/site-packages/airflow/example_dags/tutorial_taskflow_api_virtualenv.py
[2025-01-26T17:42:55.864+0000] {processor.py:914} INFO - Processing file /home/airflow/.local/lib/python3.12/site-packages/airflow/example_dags/tutorial_taskflow_api_virtualenv.py for tasks to queue
[2025-01-26T17:42:55.868+0000] {logging_mixin.py:190} INFO - [2025-01-26T17:42:55.867+0000] {dagbag.py:588} INFO - Filling up the DagBag from /home/airflow/.local/lib/python3.12/site-packages/airflow/example_dags/tutorial_taskflow_api_virtualenv.py
[2025-01-26T17:42:55.889+0000] {processor.py:925} INFO - DAG(s) 'tutorial_taskflow_api_virtualenv' retrieved from /home/airflow/.local/lib/python3.12/site-packages/airflow/example_dags/tutorial_taskflow_api_virtualenv.py
[2025-01-26T17:42:55.920+0000] {logging_mixin.py:190} INFO - [2025-01-26T17:42:55.919+0000] {dag.py:3239} INFO - Sync 1 DAGs
[2025-01-26T17:42:55.939+0000] {logging_mixin.py:190} INFO - [2025-01-26T17:42:55.939+0000] {dag.py:4180} INFO - Setting next_dagrun for tutorial_taskflow_api_virtualenv to None, run_after=None
[2025-01-26T17:42:55.962+0000] {processor.py:208} INFO - Processing /home/airflow/.local/lib/python3.12/site-packages/airflow/example_dags/tutorial_taskflow_api_virtualenv.py took 0.116 seconds
[2025-01-26T17:43:26.575+0000] {processor.py:186} INFO - Started process (PID=2010) to work on /home/airflow/.local/lib/python3.12/site-packages/airflow/example_dags/tutorial_taskflow_api_virtualenv.py
[2025-01-26T17:43:26.577+0000] {processor.py:914} INFO - Processing file /home/airflow/.local/lib/python3.12/site-packages/airflow/example_dags/tutorial_taskflow_api_virtualenv.py for tasks to queue
[2025-01-26T17:43:26.581+0000] {logging_mixin.py:190} INFO - [2025-01-26T17:43:26.581+0000] {dagbag.py:588} INFO - Filling up the DagBag from /home/airflow/.local/lib/python3.12/site-packages/airflow/example_dags/tutorial_taskflow_api_virtualenv.py
[2025-01-26T17:43:26.603+0000] {processor.py:925} INFO - DAG(s) 'tutorial_taskflow_api_virtualenv' retrieved from /home/airflow/.local/lib/python3.12/site-packages/airflow/example_dags/tutorial_taskflow_api_virtualenv.py
[2025-01-26T17:43:26.628+0000] {logging_mixin.py:190} INFO - [2025-01-26T17:43:26.628+0000] {dag.py:3239} INFO - Sync 1 DAGs
[2025-01-26T17:43:26.645+0000] {logging_mixin.py:190} INFO - [2025-01-26T17:43:26.645+0000] {dag.py:4180} INFO - Setting next_dagrun for tutorial_taskflow_api_virtualenv to None, run_after=None
[2025-01-26T17:43:26.670+0000] {processor.py:208} INFO - Processing /home/airflow/.local/lib/python3.12/site-packages/airflow/example_dags/tutorial_taskflow_api_virtualenv.py took 0.103 seconds
[2025-01-26T17:43:57.375+0000] {processor.py:186} INFO - Started process (PID=2073) to work on /home/airflow/.local/lib/python3.12/site-packages/airflow/example_dags/tutorial_taskflow_api_virtualenv.py
[2025-01-26T17:43:57.391+0000] {processor.py:914} INFO - Processing file /home/airflow/.local/lib/python3.12/site-packages/airflow/example_dags/tutorial_taskflow_api_virtualenv.py for tasks to queue
[2025-01-26T17:43:57.398+0000] {logging_mixin.py:190} INFO - [2025-01-26T17:43:57.397+0000] {dagbag.py:588} INFO - Filling up the DagBag from /home/airflow/.local/lib/python3.12/site-packages/airflow/example_dags/tutorial_taskflow_api_virtualenv.py
[2025-01-26T17:43:57.428+0000] {processor.py:925} INFO - DAG(s) 'tutorial_taskflow_api_virtualenv' retrieved from /home/airflow/.local/lib/python3.12/site-packages/airflow/example_dags/tutorial_taskflow_api_virtualenv.py
[2025-01-26T17:43:57.474+0000] {logging_mixin.py:190} INFO - [2025-01-26T17:43:57.474+0000] {dag.py:3239} INFO - Sync 1 DAGs
[2025-01-26T17:43:57.510+0000] {logging_mixin.py:190} INFO - [2025-01-26T17:43:57.510+0000] {dag.py:4180} INFO - Setting next_dagrun for tutorial_taskflow_api_virtualenv to None, run_after=None
[2025-01-26T17:43:57.553+0000] {processor.py:208} INFO - Processing /home/airflow/.local/lib/python3.12/site-packages/airflow/example_dags/tutorial_taskflow_api_virtualenv.py took 0.188 seconds
[2025-01-26T17:44:28.430+0000] {processor.py:186} INFO - Started process (PID=2136) to work on /home/airflow/.local/lib/python3.12/site-packages/airflow/example_dags/tutorial_taskflow_api_virtualenv.py
[2025-01-26T17:44:28.431+0000] {processor.py:914} INFO - Processing file /home/airflow/.local/lib/python3.12/site-packages/airflow/example_dags/tutorial_taskflow_api_virtualenv.py for tasks to queue
[2025-01-26T17:44:28.433+0000] {logging_mixin.py:190} INFO - [2025-01-26T17:44:28.433+0000] {dagbag.py:588} INFO - Filling up the DagBag from /home/airflow/.local/lib/python3.12/site-packages/airflow/example_dags/tutorial_taskflow_api_virtualenv.py
[2025-01-26T17:44:28.450+0000] {processor.py:925} INFO - DAG(s) 'tutorial_taskflow_api_virtualenv' retrieved from /home/airflow/.local/lib/python3.12/site-packages/airflow/example_dags/tutorial_taskflow_api_virtualenv.py
[2025-01-26T17:44:28.472+0000] {logging_mixin.py:190} INFO - [2025-01-26T17:44:28.471+0000] {dag.py:3239} INFO - Sync 1 DAGs
[2025-01-26T17:44:28.491+0000] {logging_mixin.py:190} INFO - [2025-01-26T17:44:28.491+0000] {dag.py:4180} INFO - Setting next_dagrun for tutorial_taskflow_api_virtualenv to None, run_after=None
[2025-01-26T17:44:28.512+0000] {processor.py:208} INFO - Processing /home/airflow/.local/lib/python3.12/site-packages/airflow/example_dags/tutorial_taskflow_api_virtualenv.py took 0.088 seconds
[2025-01-26T17:44:59.026+0000] {processor.py:186} INFO - Started process (PID=2200) to work on /home/airflow/.local/lib/python3.12/site-packages/airflow/example_dags/tutorial_taskflow_api_virtualenv.py
[2025-01-26T17:44:59.028+0000] {processor.py:914} INFO - Processing file /home/airflow/.local/lib/python3.12/site-packages/airflow/example_dags/tutorial_taskflow_api_virtualenv.py for tasks to queue
[2025-01-26T17:44:59.030+0000] {logging_mixin.py:190} INFO - [2025-01-26T17:44:59.030+0000] {dagbag.py:588} INFO - Filling up the DagBag from /home/airflow/.local/lib/python3.12/site-packages/airflow/example_dags/tutorial_taskflow_api_virtualenv.py
[2025-01-26T17:44:59.042+0000] {processor.py:925} INFO - DAG(s) 'tutorial_taskflow_api_virtualenv' retrieved from /home/airflow/.local/lib/python3.12/site-packages/airflow/example_dags/tutorial_taskflow_api_virtualenv.py
[2025-01-26T17:44:59.064+0000] {logging_mixin.py:190} INFO - [2025-01-26T17:44:59.064+0000] {dag.py:3239} INFO - Sync 1 DAGs
[2025-01-26T17:44:59.081+0000] {logging_mixin.py:190} INFO - [2025-01-26T17:44:59.081+0000] {dag.py:4180} INFO - Setting next_dagrun for tutorial_taskflow_api_virtualenv to None, run_after=None
[2025-01-26T17:44:59.112+0000] {processor.py:208} INFO - Processing /home/airflow/.local/lib/python3.12/site-packages/airflow/example_dags/tutorial_taskflow_api_virtualenv.py took 0.093 seconds
[2025-01-26T17:45:29.364+0000] {processor.py:186} INFO - Started process (PID=2264) to work on /home/airflow/.local/lib/python3.12/site-packages/airflow/example_dags/tutorial_taskflow_api_virtualenv.py
[2025-01-26T17:45:29.366+0000] {processor.py:914} INFO - Processing file /home/airflow/.local/lib/python3.12/site-packages/airflow/example_dags/tutorial_taskflow_api_virtualenv.py for tasks to queue
[2025-01-26T17:45:29.368+0000] {logging_mixin.py:190} INFO - [2025-01-26T17:45:29.368+0000] {dagbag.py:588} INFO - Filling up the DagBag from /home/airflow/.local/lib/python3.12/site-packages/airflow/example_dags/tutorial_taskflow_api_virtualenv.py
[2025-01-26T17:45:29.380+0000] {processor.py:925} INFO - DAG(s) 'tutorial_taskflow_api_virtualenv' retrieved from /home/airflow/.local/lib/python3.12/site-packages/airflow/example_dags/tutorial_taskflow_api_virtualenv.py
[2025-01-26T17:45:29.405+0000] {logging_mixin.py:190} INFO - [2025-01-26T17:45:29.405+0000] {dag.py:3239} INFO - Sync 1 DAGs
[2025-01-26T17:45:29.422+0000] {logging_mixin.py:190} INFO - [2025-01-26T17:45:29.422+0000] {dag.py:4180} INFO - Setting next_dagrun for tutorial_taskflow_api_virtualenv to None, run_after=None
[2025-01-26T17:45:29.447+0000] {processor.py:208} INFO - Processing /home/airflow/.local/lib/python3.12/site-packages/airflow/example_dags/tutorial_taskflow_api_virtualenv.py took 0.089 seconds
[2025-01-26T17:46:00.106+0000] {processor.py:186} INFO - Started process (PID=2327) to work on /home/airflow/.local/lib/python3.12/site-packages/airflow/example_dags/tutorial_taskflow_api_virtualenv.py
[2025-01-26T17:46:00.107+0000] {processor.py:914} INFO - Processing file /home/airflow/.local/lib/python3.12/site-packages/airflow/example_dags/tutorial_taskflow_api_virtualenv.py for tasks to queue
[2025-01-26T17:46:00.110+0000] {logging_mixin.py:190} INFO - [2025-01-26T17:46:00.110+0000] {dagbag.py:588} INFO - Filling up the DagBag from /home/airflow/.local/lib/python3.12/site-packages/airflow/example_dags/tutorial_taskflow_api_virtualenv.py
[2025-01-26T17:46:00.125+0000] {processor.py:925} INFO - DAG(s) 'tutorial_taskflow_api_virtualenv' retrieved from /home/airflow/.local/lib/python3.12/site-packages/airflow/example_dags/tutorial_taskflow_api_virtualenv.py
[2025-01-26T17:46:00.148+0000] {logging_mixin.py:190} INFO - [2025-01-26T17:46:00.148+0000] {dag.py:3239} INFO - Sync 1 DAGs
[2025-01-26T17:46:00.168+0000] {logging_mixin.py:190} INFO - [2025-01-26T17:46:00.167+0000] {dag.py:4180} INFO - Setting next_dagrun for tutorial_taskflow_api_virtualenv to None, run_after=None
[2025-01-26T17:46:00.192+0000] {processor.py:208} INFO - Processing /home/airflow/.local/lib/python3.12/site-packages/airflow/example_dags/tutorial_taskflow_api_virtualenv.py took 0.098 seconds
[2025-01-26T17:46:31.086+0000] {processor.py:186} INFO - Started process (PID=2390) to work on /home/airflow/.local/lib/python3.12/site-packages/airflow/example_dags/tutorial_taskflow_api_virtualenv.py
[2025-01-26T17:46:31.096+0000] {processor.py:914} INFO - Processing file /home/airflow/.local/lib/python3.12/site-packages/airflow/example_dags/tutorial_taskflow_api_virtualenv.py for tasks to queue
[2025-01-26T17:46:31.102+0000] {logging_mixin.py:190} INFO - [2025-01-26T17:46:31.101+0000] {dagbag.py:588} INFO - Filling up the DagBag from /home/airflow/.local/lib/python3.12/site-packages/airflow/example_dags/tutorial_taskflow_api_virtualenv.py
[2025-01-26T17:46:31.119+0000] {processor.py:925} INFO - DAG(s) 'tutorial_taskflow_api_virtualenv' retrieved from /home/airflow/.local/lib/python3.12/site-packages/airflow/example_dags/tutorial_taskflow_api_virtualenv.py
[2025-01-26T17:46:31.140+0000] {logging_mixin.py:190} INFO - [2025-01-26T17:46:31.140+0000] {dag.py:3239} INFO - Sync 1 DAGs
[2025-01-26T17:46:31.161+0000] {logging_mixin.py:190} INFO - [2025-01-26T17:46:31.161+0000] {dag.py:4180} INFO - Setting next_dagrun for tutorial_taskflow_api_virtualenv to None, run_after=None
[2025-01-26T17:46:31.183+0000] {processor.py:208} INFO - Processing /home/airflow/.local/lib/python3.12/site-packages/airflow/example_dags/tutorial_taskflow_api_virtualenv.py took 0.114 seconds
[2025-01-26T17:47:01.950+0000] {processor.py:186} INFO - Started process (PID=2453) to work on /home/airflow/.local/lib/python3.12/site-packages/airflow/example_dags/tutorial_taskflow_api_virtualenv.py
[2025-01-26T17:47:01.951+0000] {processor.py:914} INFO - Processing file /home/airflow/.local/lib/python3.12/site-packages/airflow/example_dags/tutorial_taskflow_api_virtualenv.py for tasks to queue
[2025-01-26T17:47:01.954+0000] {logging_mixin.py:190} INFO - [2025-01-26T17:47:01.953+0000] {dagbag.py:588} INFO - Filling up the DagBag from /home/airflow/.local/lib/python3.12/site-packages/airflow/example_dags/tutorial_taskflow_api_virtualenv.py
[2025-01-26T17:47:01.966+0000] {processor.py:925} INFO - DAG(s) 'tutorial_taskflow_api_virtualenv' retrieved from /home/airflow/.local/lib/python3.12/site-packages/airflow/example_dags/tutorial_taskflow_api_virtualenv.py
[2025-01-26T17:47:01.986+0000] {logging_mixin.py:190} INFO - [2025-01-26T17:47:01.986+0000] {dag.py:3239} INFO - Sync 1 DAGs
[2025-01-26T17:47:02.001+0000] {logging_mixin.py:190} INFO - [2025-01-26T17:47:02.001+0000] {dag.py:4180} INFO - Setting next_dagrun for tutorial_taskflow_api_virtualenv to None, run_after=None
[2025-01-26T17:47:02.023+0000] {processor.py:208} INFO - Processing /home/airflow/.local/lib/python3.12/site-packages/airflow/example_dags/tutorial_taskflow_api_virtualenv.py took 0.079 seconds
[2025-01-26T17:47:32.642+0000] {processor.py:186} INFO - Started process (PID=2514) to work on /home/airflow/.local/lib/python3.12/site-packages/airflow/example_dags/tutorial_taskflow_api_virtualenv.py
[2025-01-26T17:47:32.643+0000] {processor.py:914} INFO - Processing file /home/airflow/.local/lib/python3.12/site-packages/airflow/example_dags/tutorial_taskflow_api_virtualenv.py for tasks to queue
[2025-01-26T17:47:32.646+0000] {logging_mixin.py:190} INFO - [2025-01-26T17:47:32.646+0000] {dagbag.py:588} INFO - Filling up the DagBag from /home/airflow/.local/lib/python3.12/site-packages/airflow/example_dags/tutorial_taskflow_api_virtualenv.py
[2025-01-26T17:47:32.663+0000] {processor.py:925} INFO - DAG(s) 'tutorial_taskflow_api_virtualenv' retrieved from /home/airflow/.local/lib/python3.12/site-packages/airflow/example_dags/tutorial_taskflow_api_virtualenv.py
[2025-01-26T17:47:32.688+0000] {logging_mixin.py:190} INFO - [2025-01-26T17:47:32.688+0000] {dag.py:3239} INFO - Sync 1 DAGs
[2025-01-26T17:47:32.708+0000] {logging_mixin.py:190} INFO - [2025-01-26T17:47:32.708+0000] {dag.py:4180} INFO - Setting next_dagrun for tutorial_taskflow_api_virtualenv to None, run_after=None
[2025-01-26T17:47:32.733+0000] {processor.py:208} INFO - Processing /home/airflow/.local/lib/python3.12/site-packages/airflow/example_dags/tutorial_taskflow_api_virtualenv.py took 0.099 seconds
[2025-01-26T17:48:04.702+0000] {processor.py:186} INFO - Started process (PID=2577) to work on /home/airflow/.local/lib/python3.12/site-packages/airflow/example_dags/tutorial_taskflow_api_virtualenv.py
[2025-01-26T17:48:04.703+0000] {processor.py:914} INFO - Processing file /home/airflow/.local/lib/python3.12/site-packages/airflow/example_dags/tutorial_taskflow_api_virtualenv.py for tasks to queue
[2025-01-26T17:48:04.707+0000] {logging_mixin.py:190} INFO - [2025-01-26T17:48:04.706+0000] {dagbag.py:588} INFO - Filling up the DagBag from /home/airflow/.local/lib/python3.12/site-packages/airflow/example_dags/tutorial_taskflow_api_virtualenv.py
[2025-01-26T17:48:04.719+0000] {processor.py:925} INFO - DAG(s) 'tutorial_taskflow_api_virtualenv' retrieved from /home/airflow/.local/lib/python3.12/site-packages/airflow/example_dags/tutorial_taskflow_api_virtualenv.py
[2025-01-26T17:48:04.741+0000] {logging_mixin.py:190} INFO - [2025-01-26T17:48:04.741+0000] {dag.py:3239} INFO - Sync 1 DAGs
[2025-01-26T17:48:04.758+0000] {logging_mixin.py:190} INFO - [2025-01-26T17:48:04.758+0000] {dag.py:4180} INFO - Setting next_dagrun for tutorial_taskflow_api_virtualenv to None, run_after=None
[2025-01-26T17:48:04.783+0000] {processor.py:208} INFO - Processing /home/airflow/.local/lib/python3.12/site-packages/airflow/example_dags/tutorial_taskflow_api_virtualenv.py took 0.089 seconds
[2025-01-26T17:48:35.450+0000] {processor.py:186} INFO - Started process (PID=2634) to work on /home/airflow/.local/lib/python3.12/site-packages/airflow/example_dags/tutorial_taskflow_api_virtualenv.py
[2025-01-26T17:48:35.457+0000] {processor.py:914} INFO - Processing file /home/airflow/.local/lib/python3.12/site-packages/airflow/example_dags/tutorial_taskflow_api_virtualenv.py for tasks to queue
[2025-01-26T17:48:35.462+0000] {logging_mixin.py:190} INFO - [2025-01-26T17:48:35.462+0000] {dagbag.py:588} INFO - Filling up the DagBag from /home/airflow/.local/lib/python3.12/site-packages/airflow/example_dags/tutorial_taskflow_api_virtualenv.py
[2025-01-26T17:48:35.489+0000] {processor.py:925} INFO - DAG(s) 'tutorial_taskflow_api_virtualenv' retrieved from /home/airflow/.local/lib/python3.12/site-packages/airflow/example_dags/tutorial_taskflow_api_virtualenv.py
[2025-01-26T17:48:35.515+0000] {logging_mixin.py:190} INFO - [2025-01-26T17:48:35.514+0000] {dag.py:3239} INFO - Sync 1 DAGs
[2025-01-26T17:48:35.544+0000] {logging_mixin.py:190} INFO - [2025-01-26T17:48:35.544+0000] {dag.py:4180} INFO - Setting next_dagrun for tutorial_taskflow_api_virtualenv to None, run_after=None
[2025-01-26T17:48:35.570+0000] {processor.py:208} INFO - Processing /home/airflow/.local/lib/python3.12/site-packages/airflow/example_dags/tutorial_taskflow_api_virtualenv.py took 0.127 seconds
[2025-01-26T17:49:09.194+0000] {processor.py:186} INFO - Started process (PID=2703) to work on /home/airflow/.local/lib/python3.12/site-packages/airflow/example_dags/tutorial_taskflow_api_virtualenv.py
[2025-01-26T17:49:09.198+0000] {processor.py:914} INFO - Processing file /home/airflow/.local/lib/python3.12/site-packages/airflow/example_dags/tutorial_taskflow_api_virtualenv.py for tasks to queue
[2025-01-26T17:49:09.213+0000] {logging_mixin.py:190} INFO - [2025-01-26T17:49:09.212+0000] {dagbag.py:588} INFO - Filling up the DagBag from /home/airflow/.local/lib/python3.12/site-packages/airflow/example_dags/tutorial_taskflow_api_virtualenv.py
[2025-01-26T17:49:09.246+0000] {processor.py:925} INFO - DAG(s) 'tutorial_taskflow_api_virtualenv' retrieved from /home/airflow/.local/lib/python3.12/site-packages/airflow/example_dags/tutorial_taskflow_api_virtualenv.py
[2025-01-26T17:49:09.310+0000] {logging_mixin.py:190} INFO - [2025-01-26T17:49:09.310+0000] {dag.py:3239} INFO - Sync 1 DAGs
[2025-01-26T17:49:09.365+0000] {logging_mixin.py:190} INFO - [2025-01-26T17:49:09.364+0000] {dag.py:4180} INFO - Setting next_dagrun for tutorial_taskflow_api_virtualenv to None, run_after=None
[2025-01-26T17:49:09.417+0000] {processor.py:208} INFO - Processing /home/airflow/.local/lib/python3.12/site-packages/airflow/example_dags/tutorial_taskflow_api_virtualenv.py took 0.231 seconds
[2025-01-26T17:49:40.253+0000] {processor.py:186} INFO - Started process (PID=2767) to work on /home/airflow/.local/lib/python3.12/site-packages/airflow/example_dags/tutorial_taskflow_api_virtualenv.py
[2025-01-26T17:49:40.255+0000] {processor.py:914} INFO - Processing file /home/airflow/.local/lib/python3.12/site-packages/airflow/example_dags/tutorial_taskflow_api_virtualenv.py for tasks to queue
[2025-01-26T17:49:40.259+0000] {logging_mixin.py:190} INFO - [2025-01-26T17:49:40.259+0000] {dagbag.py:588} INFO - Filling up the DagBag from /home/airflow/.local/lib/python3.12/site-packages/airflow/example_dags/tutorial_taskflow_api_virtualenv.py
[2025-01-26T17:49:40.287+0000] {processor.py:925} INFO - DAG(s) 'tutorial_taskflow_api_virtualenv' retrieved from /home/airflow/.local/lib/python3.12/site-packages/airflow/example_dags/tutorial_taskflow_api_virtualenv.py
[2025-01-26T17:49:40.334+0000] {logging_mixin.py:190} INFO - [2025-01-26T17:49:40.333+0000] {dag.py:3239} INFO - Sync 1 DAGs
[2025-01-26T17:49:40.377+0000] {logging_mixin.py:190} INFO - [2025-01-26T17:49:40.377+0000] {dag.py:4180} INFO - Setting next_dagrun for tutorial_taskflow_api_virtualenv to None, run_after=None
[2025-01-26T17:49:40.874+0000] {processor.py:208} INFO - Processing /home/airflow/.local/lib/python3.12/site-packages/airflow/example_dags/tutorial_taskflow_api_virtualenv.py took 0.631 seconds
[2025-01-26T17:50:11.073+0000] {processor.py:186} INFO - Started process (PID=2829) to work on /home/airflow/.local/lib/python3.12/site-packages/airflow/example_dags/tutorial_taskflow_api_virtualenv.py
[2025-01-26T17:50:11.077+0000] {processor.py:914} INFO - Processing file /home/airflow/.local/lib/python3.12/site-packages/airflow/example_dags/tutorial_taskflow_api_virtualenv.py for tasks to queue
[2025-01-26T17:50:11.082+0000] {logging_mixin.py:190} INFO - [2025-01-26T17:50:11.082+0000] {dagbag.py:588} INFO - Filling up the DagBag from /home/airflow/.local/lib/python3.12/site-packages/airflow/example_dags/tutorial_taskflow_api_virtualenv.py
[2025-01-26T17:50:11.107+0000] {processor.py:925} INFO - DAG(s) 'tutorial_taskflow_api_virtualenv' retrieved from /home/airflow/.local/lib/python3.12/site-packages/airflow/example_dags/tutorial_taskflow_api_virtualenv.py
[2025-01-26T17:50:11.157+0000] {logging_mixin.py:190} INFO - [2025-01-26T17:50:11.157+0000] {dag.py:3239} INFO - Sync 1 DAGs
[2025-01-26T17:50:11.206+0000] {logging_mixin.py:190} INFO - [2025-01-26T17:50:11.205+0000] {dag.py:4180} INFO - Setting next_dagrun for tutorial_taskflow_api_virtualenv to None, run_after=None
[2025-01-26T17:50:11.253+0000] {processor.py:208} INFO - Processing /home/airflow/.local/lib/python3.12/site-packages/airflow/example_dags/tutorial_taskflow_api_virtualenv.py took 0.188 seconds
[2025-01-26T17:50:41.472+0000] {processor.py:186} INFO - Started process (PID=2891) to work on /home/airflow/.local/lib/python3.12/site-packages/airflow/example_dags/tutorial_taskflow_api_virtualenv.py
[2025-01-26T17:50:41.473+0000] {processor.py:914} INFO - Processing file /home/airflow/.local/lib/python3.12/site-packages/airflow/example_dags/tutorial_taskflow_api_virtualenv.py for tasks to queue
[2025-01-26T17:50:41.475+0000] {logging_mixin.py:190} INFO - [2025-01-26T17:50:41.475+0000] {dagbag.py:588} INFO - Filling up the DagBag from /home/airflow/.local/lib/python3.12/site-packages/airflow/example_dags/tutorial_taskflow_api_virtualenv.py
[2025-01-26T17:50:41.486+0000] {processor.py:925} INFO - DAG(s) 'tutorial_taskflow_api_virtualenv' retrieved from /home/airflow/.local/lib/python3.12/site-packages/airflow/example_dags/tutorial_taskflow_api_virtualenv.py
[2025-01-26T17:50:41.503+0000] {logging_mixin.py:190} INFO - [2025-01-26T17:50:41.503+0000] {dag.py:3239} INFO - Sync 1 DAGs
[2025-01-26T17:50:41.516+0000] {logging_mixin.py:190} INFO - [2025-01-26T17:50:41.515+0000] {dag.py:4180} INFO - Setting next_dagrun for tutorial_taskflow_api_virtualenv to None, run_after=None
[2025-01-26T17:50:41.533+0000] {processor.py:208} INFO - Processing /home/airflow/.local/lib/python3.12/site-packages/airflow/example_dags/tutorial_taskflow_api_virtualenv.py took 0.066 seconds
[2025-01-26T17:51:11.639+0000] {processor.py:186} INFO - Started process (PID=2954) to work on /home/airflow/.local/lib/python3.12/site-packages/airflow/example_dags/tutorial_taskflow_api_virtualenv.py
[2025-01-26T17:51:11.640+0000] {processor.py:914} INFO - Processing file /home/airflow/.local/lib/python3.12/site-packages/airflow/example_dags/tutorial_taskflow_api_virtualenv.py for tasks to queue
[2025-01-26T17:51:11.642+0000] {logging_mixin.py:190} INFO - [2025-01-26T17:51:11.642+0000] {dagbag.py:588} INFO - Filling up the DagBag from /home/airflow/.local/lib/python3.12/site-packages/airflow/example_dags/tutorial_taskflow_api_virtualenv.py
[2025-01-26T17:51:11.653+0000] {processor.py:925} INFO - DAG(s) 'tutorial_taskflow_api_virtualenv' retrieved from /home/airflow/.local/lib/python3.12/site-packages/airflow/example_dags/tutorial_taskflow_api_virtualenv.py
[2025-01-26T17:51:11.669+0000] {logging_mixin.py:190} INFO - [2025-01-26T17:51:11.669+0000] {dag.py:3239} INFO - Sync 1 DAGs
[2025-01-26T17:51:11.683+0000] {logging_mixin.py:190} INFO - [2025-01-26T17:51:11.683+0000] {dag.py:4180} INFO - Setting next_dagrun for tutorial_taskflow_api_virtualenv to None, run_after=None
[2025-01-26T17:51:11.700+0000] {processor.py:208} INFO - Processing /home/airflow/.local/lib/python3.12/site-packages/airflow/example_dags/tutorial_taskflow_api_virtualenv.py took 0.066 seconds
[2025-01-26T17:51:41.864+0000] {processor.py:186} INFO - Started process (PID=3019) to work on /home/airflow/.local/lib/python3.12/site-packages/airflow/example_dags/tutorial_taskflow_api_virtualenv.py
[2025-01-26T17:51:41.865+0000] {processor.py:914} INFO - Processing file /home/airflow/.local/lib/python3.12/site-packages/airflow/example_dags/tutorial_taskflow_api_virtualenv.py for tasks to queue
[2025-01-26T17:51:41.867+0000] {logging_mixin.py:190} INFO - [2025-01-26T17:51:41.867+0000] {dagbag.py:588} INFO - Filling up the DagBag from /home/airflow/.local/lib/python3.12/site-packages/airflow/example_dags/tutorial_taskflow_api_virtualenv.py
[2025-01-26T17:51:41.880+0000] {processor.py:925} INFO - DAG(s) 'tutorial_taskflow_api_virtualenv' retrieved from /home/airflow/.local/lib/python3.12/site-packages/airflow/example_dags/tutorial_taskflow_api_virtualenv.py
[2025-01-26T17:51:41.900+0000] {logging_mixin.py:190} INFO - [2025-01-26T17:51:41.900+0000] {dag.py:3239} INFO - Sync 1 DAGs
[2025-01-26T17:51:41.920+0000] {logging_mixin.py:190} INFO - [2025-01-26T17:51:41.920+0000] {dag.py:4180} INFO - Setting next_dagrun for tutorial_taskflow_api_virtualenv to None, run_after=None
[2025-01-26T17:51:41.953+0000] {processor.py:208} INFO - Processing /home/airflow/.local/lib/python3.12/site-packages/airflow/example_dags/tutorial_taskflow_api_virtualenv.py took 0.095 seconds
[2025-01-26T17:52:12.236+0000] {processor.py:186} INFO - Started process (PID=3082) to work on /home/airflow/.local/lib/python3.12/site-packages/airflow/example_dags/tutorial_taskflow_api_virtualenv.py
[2025-01-26T17:52:12.237+0000] {processor.py:914} INFO - Processing file /home/airflow/.local/lib/python3.12/site-packages/airflow/example_dags/tutorial_taskflow_api_virtualenv.py for tasks to queue
[2025-01-26T17:52:12.239+0000] {logging_mixin.py:190} INFO - [2025-01-26T17:52:12.239+0000] {dagbag.py:588} INFO - Filling up the DagBag from /home/airflow/.local/lib/python3.12/site-packages/airflow/example_dags/tutorial_taskflow_api_virtualenv.py
[2025-01-26T17:52:12.256+0000] {processor.py:925} INFO - DAG(s) 'tutorial_taskflow_api_virtualenv' retrieved from /home/airflow/.local/lib/python3.12/site-packages/airflow/example_dags/tutorial_taskflow_api_virtualenv.py
[2025-01-26T17:52:12.280+0000] {logging_mixin.py:190} INFO - [2025-01-26T17:52:12.280+0000] {dag.py:3239} INFO - Sync 1 DAGs
[2025-01-26T17:52:12.300+0000] {logging_mixin.py:190} INFO - [2025-01-26T17:52:12.299+0000] {dag.py:4180} INFO - Setting next_dagrun for tutorial_taskflow_api_virtualenv to None, run_after=None
[2025-01-26T17:52:12.321+0000] {processor.py:208} INFO - Processing /home/airflow/.local/lib/python3.12/site-packages/airflow/example_dags/tutorial_taskflow_api_virtualenv.py took 0.092 seconds
[2025-01-26T17:52:42.783+0000] {processor.py:186} INFO - Started process (PID=3145) to work on /home/airflow/.local/lib/python3.12/site-packages/airflow/example_dags/tutorial_taskflow_api_virtualenv.py
[2025-01-26T17:52:42.784+0000] {processor.py:914} INFO - Processing file /home/airflow/.local/lib/python3.12/site-packages/airflow/example_dags/tutorial_taskflow_api_virtualenv.py for tasks to queue
[2025-01-26T17:52:42.787+0000] {logging_mixin.py:190} INFO - [2025-01-26T17:52:42.787+0000] {dagbag.py:588} INFO - Filling up the DagBag from /home/airflow/.local/lib/python3.12/site-packages/airflow/example_dags/tutorial_taskflow_api_virtualenv.py
[2025-01-26T17:52:42.803+0000] {processor.py:925} INFO - DAG(s) 'tutorial_taskflow_api_virtualenv' retrieved from /home/airflow/.local/lib/python3.12/site-packages/airflow/example_dags/tutorial_taskflow_api_virtualenv.py
[2025-01-26T17:52:42.823+0000] {logging_mixin.py:190} INFO - [2025-01-26T17:52:42.822+0000] {dag.py:3239} INFO - Sync 1 DAGs
[2025-01-26T17:52:42.839+0000] {logging_mixin.py:190} INFO - [2025-01-26T17:52:42.838+0000] {dag.py:4180} INFO - Setting next_dagrun for tutorial_taskflow_api_virtualenv to None, run_after=None
[2025-01-26T17:52:42.859+0000] {processor.py:208} INFO - Processing /home/airflow/.local/lib/python3.12/site-packages/airflow/example_dags/tutorial_taskflow_api_virtualenv.py took 0.091 seconds
[2025-01-26T17:53:13.089+0000] {processor.py:186} INFO - Started process (PID=3208) to work on /home/airflow/.local/lib/python3.12/site-packages/airflow/example_dags/tutorial_taskflow_api_virtualenv.py
[2025-01-26T17:53:13.090+0000] {processor.py:914} INFO - Processing file /home/airflow/.local/lib/python3.12/site-packages/airflow/example_dags/tutorial_taskflow_api_virtualenv.py for tasks to queue
[2025-01-26T17:53:13.093+0000] {logging_mixin.py:190} INFO - [2025-01-26T17:53:13.092+0000] {dagbag.py:588} INFO - Filling up the DagBag from /home/airflow/.local/lib/python3.12/site-packages/airflow/example_dags/tutorial_taskflow_api_virtualenv.py
[2025-01-26T17:53:13.104+0000] {processor.py:925} INFO - DAG(s) 'tutorial_taskflow_api_virtualenv' retrieved from /home/airflow/.local/lib/python3.12/site-packages/airflow/example_dags/tutorial_taskflow_api_virtualenv.py
[2025-01-26T17:53:13.121+0000] {logging_mixin.py:190} INFO - [2025-01-26T17:53:13.121+0000] {dag.py:3239} INFO - Sync 1 DAGs
[2025-01-26T17:53:13.135+0000] {logging_mixin.py:190} INFO - [2025-01-26T17:53:13.134+0000] {dag.py:4180} INFO - Setting next_dagrun for tutorial_taskflow_api_virtualenv to None, run_after=None
[2025-01-26T17:53:13.153+0000] {processor.py:208} INFO - Processing /home/airflow/.local/lib/python3.12/site-packages/airflow/example_dags/tutorial_taskflow_api_virtualenv.py took 0.071 seconds
[2025-01-26T17:53:43.513+0000] {processor.py:186} INFO - Started process (PID=3271) to work on /home/airflow/.local/lib/python3.12/site-packages/airflow/example_dags/tutorial_taskflow_api_virtualenv.py
[2025-01-26T17:53:43.514+0000] {processor.py:914} INFO - Processing file /home/airflow/.local/lib/python3.12/site-packages/airflow/example_dags/tutorial_taskflow_api_virtualenv.py for tasks to queue
[2025-01-26T17:53:43.517+0000] {logging_mixin.py:190} INFO - [2025-01-26T17:53:43.516+0000] {dagbag.py:588} INFO - Filling up the DagBag from /home/airflow/.local/lib/python3.12/site-packages/airflow/example_dags/tutorial_taskflow_api_virtualenv.py
[2025-01-26T17:53:43.527+0000] {processor.py:925} INFO - DAG(s) 'tutorial_taskflow_api_virtualenv' retrieved from /home/airflow/.local/lib/python3.12/site-packages/airflow/example_dags/tutorial_taskflow_api_virtualenv.py
[2025-01-26T17:53:43.543+0000] {logging_mixin.py:190} INFO - [2025-01-26T17:53:43.542+0000] {dag.py:3239} INFO - Sync 1 DAGs
[2025-01-26T17:53:43.560+0000] {logging_mixin.py:190} INFO - [2025-01-26T17:53:43.560+0000] {dag.py:4180} INFO - Setting next_dagrun for tutorial_taskflow_api_virtualenv to None, run_after=None
[2025-01-26T17:53:43.580+0000] {processor.py:208} INFO - Processing /home/airflow/.local/lib/python3.12/site-packages/airflow/example_dags/tutorial_taskflow_api_virtualenv.py took 0.072 seconds
[2025-01-26T17:54:14.195+0000] {processor.py:186} INFO - Started process (PID=3335) to work on /home/airflow/.local/lib/python3.12/site-packages/airflow/example_dags/tutorial_taskflow_api_virtualenv.py
[2025-01-26T17:54:14.196+0000] {processor.py:914} INFO - Processing file /home/airflow/.local/lib/python3.12/site-packages/airflow/example_dags/tutorial_taskflow_api_virtualenv.py for tasks to queue
[2025-01-26T17:54:14.199+0000] {logging_mixin.py:190} INFO - [2025-01-26T17:54:14.199+0000] {dagbag.py:588} INFO - Filling up the DagBag from /home/airflow/.local/lib/python3.12/site-packages/airflow/example_dags/tutorial_taskflow_api_virtualenv.py
[2025-01-26T17:54:14.212+0000] {processor.py:925} INFO - DAG(s) 'tutorial_taskflow_api_virtualenv' retrieved from /home/airflow/.local/lib/python3.12/site-packages/airflow/example_dags/tutorial_taskflow_api_virtualenv.py
[2025-01-26T17:54:14.234+0000] {logging_mixin.py:190} INFO - [2025-01-26T17:54:14.234+0000] {dag.py:3239} INFO - Sync 1 DAGs
[2025-01-26T17:54:14.253+0000] {logging_mixin.py:190} INFO - [2025-01-26T17:54:14.252+0000] {dag.py:4180} INFO - Setting next_dagrun for tutorial_taskflow_api_virtualenv to None, run_after=None
[2025-01-26T17:54:14.269+0000] {processor.py:208} INFO - Processing /home/airflow/.local/lib/python3.12/site-packages/airflow/example_dags/tutorial_taskflow_api_virtualenv.py took 0.082 seconds
[2025-01-26T17:54:44.381+0000] {processor.py:186} INFO - Started process (PID=3399) to work on /home/airflow/.local/lib/python3.12/site-packages/airflow/example_dags/tutorial_taskflow_api_virtualenv.py
[2025-01-26T17:54:44.382+0000] {processor.py:914} INFO - Processing file /home/airflow/.local/lib/python3.12/site-packages/airflow/example_dags/tutorial_taskflow_api_virtualenv.py for tasks to queue
[2025-01-26T17:54:44.384+0000] {logging_mixin.py:190} INFO - [2025-01-26T17:54:44.384+0000] {dagbag.py:588} INFO - Filling up the DagBag from /home/airflow/.local/lib/python3.12/site-packages/airflow/example_dags/tutorial_taskflow_api_virtualenv.py
[2025-01-26T17:54:44.395+0000] {processor.py:925} INFO - DAG(s) 'tutorial_taskflow_api_virtualenv' retrieved from /home/airflow/.local/lib/python3.12/site-packages/airflow/example_dags/tutorial_taskflow_api_virtualenv.py
[2025-01-26T17:54:44.413+0000] {logging_mixin.py:190} INFO - [2025-01-26T17:54:44.413+0000] {dag.py:3239} INFO - Sync 1 DAGs
[2025-01-26T17:54:44.435+0000] {logging_mixin.py:190} INFO - [2025-01-26T17:54:44.434+0000] {dag.py:4180} INFO - Setting next_dagrun for tutorial_taskflow_api_virtualenv to None, run_after=None
[2025-01-26T17:54:44.459+0000] {processor.py:208} INFO - Processing /home/airflow/.local/lib/python3.12/site-packages/airflow/example_dags/tutorial_taskflow_api_virtualenv.py took 0.089 seconds
[2025-01-26T17:55:14.910+0000] {processor.py:186} INFO - Started process (PID=3462) to work on /home/airflow/.local/lib/python3.12/site-packages/airflow/example_dags/tutorial_taskflow_api_virtualenv.py
[2025-01-26T17:55:14.911+0000] {processor.py:914} INFO - Processing file /home/airflow/.local/lib/python3.12/site-packages/airflow/example_dags/tutorial_taskflow_api_virtualenv.py for tasks to queue
[2025-01-26T17:55:14.913+0000] {logging_mixin.py:190} INFO - [2025-01-26T17:55:14.913+0000] {dagbag.py:588} INFO - Filling up the DagBag from /home/airflow/.local/lib/python3.12/site-packages/airflow/example_dags/tutorial_taskflow_api_virtualenv.py
[2025-01-26T17:55:14.926+0000] {processor.py:925} INFO - DAG(s) 'tutorial_taskflow_api_virtualenv' retrieved from /home/airflow/.local/lib/python3.12/site-packages/airflow/example_dags/tutorial_taskflow_api_virtualenv.py
[2025-01-26T17:55:14.948+0000] {logging_mixin.py:190} INFO - [2025-01-26T17:55:14.948+0000] {dag.py:3239} INFO - Sync 1 DAGs
[2025-01-26T17:55:14.964+0000] {logging_mixin.py:190} INFO - [2025-01-26T17:55:14.964+0000] {dag.py:4180} INFO - Setting next_dagrun for tutorial_taskflow_api_virtualenv to None, run_after=None
[2025-01-26T17:55:14.984+0000] {processor.py:208} INFO - Processing /home/airflow/.local/lib/python3.12/site-packages/airflow/example_dags/tutorial_taskflow_api_virtualenv.py took 0.081 seconds
[2025-01-26T17:55:45.464+0000] {processor.py:186} INFO - Started process (PID=3525) to work on /home/airflow/.local/lib/python3.12/site-packages/airflow/example_dags/tutorial_taskflow_api_virtualenv.py
[2025-01-26T17:55:45.465+0000] {processor.py:914} INFO - Processing file /home/airflow/.local/lib/python3.12/site-packages/airflow/example_dags/tutorial_taskflow_api_virtualenv.py for tasks to queue
[2025-01-26T17:55:45.467+0000] {logging_mixin.py:190} INFO - [2025-01-26T17:55:45.467+0000] {dagbag.py:588} INFO - Filling up the DagBag from /home/airflow/.local/lib/python3.12/site-packages/airflow/example_dags/tutorial_taskflow_api_virtualenv.py
[2025-01-26T17:55:45.479+0000] {processor.py:925} INFO - DAG(s) 'tutorial_taskflow_api_virtualenv' retrieved from /home/airflow/.local/lib/python3.12/site-packages/airflow/example_dags/tutorial_taskflow_api_virtualenv.py
[2025-01-26T17:55:45.495+0000] {logging_mixin.py:190} INFO - [2025-01-26T17:55:45.495+0000] {dag.py:3239} INFO - Sync 1 DAGs
[2025-01-26T17:55:45.511+0000] {logging_mixin.py:190} INFO - [2025-01-26T17:55:45.510+0000] {dag.py:4180} INFO - Setting next_dagrun for tutorial_taskflow_api_virtualenv to None, run_after=None
[2025-01-26T17:55:45.528+0000] {processor.py:208} INFO - Processing /home/airflow/.local/lib/python3.12/site-packages/airflow/example_dags/tutorial_taskflow_api_virtualenv.py took 0.069 seconds
[2025-01-26T17:56:16.008+0000] {processor.py:186} INFO - Started process (PID=3588) to work on /home/airflow/.local/lib/python3.12/site-packages/airflow/example_dags/tutorial_taskflow_api_virtualenv.py
[2025-01-26T17:56:16.009+0000] {processor.py:914} INFO - Processing file /home/airflow/.local/lib/python3.12/site-packages/airflow/example_dags/tutorial_taskflow_api_virtualenv.py for tasks to queue
[2025-01-26T17:56:16.012+0000] {logging_mixin.py:190} INFO - [2025-01-26T17:56:16.012+0000] {dagbag.py:588} INFO - Filling up the DagBag from /home/airflow/.local/lib/python3.12/site-packages/airflow/example_dags/tutorial_taskflow_api_virtualenv.py
[2025-01-26T17:56:16.023+0000] {processor.py:925} INFO - DAG(s) 'tutorial_taskflow_api_virtualenv' retrieved from /home/airflow/.local/lib/python3.12/site-packages/airflow/example_dags/tutorial_taskflow_api_virtualenv.py
[2025-01-26T17:56:16.040+0000] {logging_mixin.py:190} INFO - [2025-01-26T17:56:16.040+0000] {dag.py:3239} INFO - Sync 1 DAGs
[2025-01-26T17:56:16.055+0000] {logging_mixin.py:190} INFO - [2025-01-26T17:56:16.055+0000] {dag.py:4180} INFO - Setting next_dagrun for tutorial_taskflow_api_virtualenv to None, run_after=None
[2025-01-26T17:56:16.079+0000] {processor.py:208} INFO - Processing /home/airflow/.local/lib/python3.12/site-packages/airflow/example_dags/tutorial_taskflow_api_virtualenv.py took 0.077 seconds
[2025-01-26T17:56:46.386+0000] {processor.py:186} INFO - Started process (PID=3652) to work on /home/airflow/.local/lib/python3.12/site-packages/airflow/example_dags/tutorial_taskflow_api_virtualenv.py
[2025-01-26T17:56:46.387+0000] {processor.py:914} INFO - Processing file /home/airflow/.local/lib/python3.12/site-packages/airflow/example_dags/tutorial_taskflow_api_virtualenv.py for tasks to queue
[2025-01-26T17:56:46.389+0000] {logging_mixin.py:190} INFO - [2025-01-26T17:56:46.389+0000] {dagbag.py:588} INFO - Filling up the DagBag from /home/airflow/.local/lib/python3.12/site-packages/airflow/example_dags/tutorial_taskflow_api_virtualenv.py
[2025-01-26T17:56:46.400+0000] {processor.py:925} INFO - DAG(s) 'tutorial_taskflow_api_virtualenv' retrieved from /home/airflow/.local/lib/python3.12/site-packages/airflow/example_dags/tutorial_taskflow_api_virtualenv.py
[2025-01-26T17:56:46.419+0000] {logging_mixin.py:190} INFO - [2025-01-26T17:56:46.419+0000] {dag.py:3239} INFO - Sync 1 DAGs
[2025-01-26T17:56:46.432+0000] {logging_mixin.py:190} INFO - [2025-01-26T17:56:46.432+0000] {dag.py:4180} INFO - Setting next_dagrun for tutorial_taskflow_api_virtualenv to None, run_after=None
[2025-01-26T17:56:46.451+0000] {processor.py:208} INFO - Processing /home/airflow/.local/lib/python3.12/site-packages/airflow/example_dags/tutorial_taskflow_api_virtualenv.py took 0.070 seconds
[2025-01-26T17:57:16.838+0000] {processor.py:186} INFO - Started process (PID=3715) to work on /home/airflow/.local/lib/python3.12/site-packages/airflow/example_dags/tutorial_taskflow_api_virtualenv.py
[2025-01-26T17:57:16.839+0000] {processor.py:914} INFO - Processing file /home/airflow/.local/lib/python3.12/site-packages/airflow/example_dags/tutorial_taskflow_api_virtualenv.py for tasks to queue
[2025-01-26T17:57:16.844+0000] {logging_mixin.py:190} INFO - [2025-01-26T17:57:16.843+0000] {dagbag.py:588} INFO - Filling up the DagBag from /home/airflow/.local/lib/python3.12/site-packages/airflow/example_dags/tutorial_taskflow_api_virtualenv.py
[2025-01-26T17:57:16.867+0000] {processor.py:925} INFO - DAG(s) 'tutorial_taskflow_api_virtualenv' retrieved from /home/airflow/.local/lib/python3.12/site-packages/airflow/example_dags/tutorial_taskflow_api_virtualenv.py
[2025-01-26T17:57:16.906+0000] {logging_mixin.py:190} INFO - [2025-01-26T17:57:16.906+0000] {dag.py:3239} INFO - Sync 1 DAGs
[2025-01-26T17:57:16.926+0000] {logging_mixin.py:190} INFO - [2025-01-26T17:57:16.926+0000] {dag.py:4180} INFO - Setting next_dagrun for tutorial_taskflow_api_virtualenv to None, run_after=None
[2025-01-26T17:57:16.970+0000] {processor.py:208} INFO - Processing /home/airflow/.local/lib/python3.12/site-packages/airflow/example_dags/tutorial_taskflow_api_virtualenv.py took 0.141 seconds
[2025-01-26T17:57:47.106+0000] {processor.py:186} INFO - Started process (PID=3779) to work on /home/airflow/.local/lib/python3.12/site-packages/airflow/example_dags/tutorial_taskflow_api_virtualenv.py
[2025-01-26T17:57:47.107+0000] {processor.py:914} INFO - Processing file /home/airflow/.local/lib/python3.12/site-packages/airflow/example_dags/tutorial_taskflow_api_virtualenv.py for tasks to queue
[2025-01-26T17:57:47.110+0000] {logging_mixin.py:190} INFO - [2025-01-26T17:57:47.109+0000] {dagbag.py:588} INFO - Filling up the DagBag from /home/airflow/.local/lib/python3.12/site-packages/airflow/example_dags/tutorial_taskflow_api_virtualenv.py
[2025-01-26T17:57:47.124+0000] {processor.py:925} INFO - DAG(s) 'tutorial_taskflow_api_virtualenv' retrieved from /home/airflow/.local/lib/python3.12/site-packages/airflow/example_dags/tutorial_taskflow_api_virtualenv.py
[2025-01-26T17:57:47.144+0000] {logging_mixin.py:190} INFO - [2025-01-26T17:57:47.144+0000] {dag.py:3239} INFO - Sync 1 DAGs
[2025-01-26T17:57:47.164+0000] {logging_mixin.py:190} INFO - [2025-01-26T17:57:47.163+0000] {dag.py:4180} INFO - Setting next_dagrun for tutorial_taskflow_api_virtualenv to None, run_after=None
[2025-01-26T17:57:47.185+0000] {processor.py:208} INFO - Processing /home/airflow/.local/lib/python3.12/site-packages/airflow/example_dags/tutorial_taskflow_api_virtualenv.py took 0.085 seconds
[2025-01-26T17:58:17.324+0000] {processor.py:186} INFO - Started process (PID=3843) to work on /home/airflow/.local/lib/python3.12/site-packages/airflow/example_dags/tutorial_taskflow_api_virtualenv.py
[2025-01-26T17:58:17.325+0000] {processor.py:914} INFO - Processing file /home/airflow/.local/lib/python3.12/site-packages/airflow/example_dags/tutorial_taskflow_api_virtualenv.py for tasks to queue
[2025-01-26T17:58:17.327+0000] {logging_mixin.py:190} INFO - [2025-01-26T17:58:17.327+0000] {dagbag.py:588} INFO - Filling up the DagBag from /home/airflow/.local/lib/python3.12/site-packages/airflow/example_dags/tutorial_taskflow_api_virtualenv.py
[2025-01-26T17:58:17.338+0000] {processor.py:925} INFO - DAG(s) 'tutorial_taskflow_api_virtualenv' retrieved from /home/airflow/.local/lib/python3.12/site-packages/airflow/example_dags/tutorial_taskflow_api_virtualenv.py
[2025-01-26T17:58:17.357+0000] {logging_mixin.py:190} INFO - [2025-01-26T17:58:17.357+0000] {dag.py:3239} INFO - Sync 1 DAGs
[2025-01-26T17:58:17.370+0000] {logging_mixin.py:190} INFO - [2025-01-26T17:58:17.370+0000] {dag.py:4180} INFO - Setting next_dagrun for tutorial_taskflow_api_virtualenv to None, run_after=None
[2025-01-26T17:58:17.390+0000] {processor.py:208} INFO - Processing /home/airflow/.local/lib/python3.12/site-packages/airflow/example_dags/tutorial_taskflow_api_virtualenv.py took 0.071 seconds
[2025-01-26T17:58:47.885+0000] {processor.py:186} INFO - Started process (PID=3906) to work on /home/airflow/.local/lib/python3.12/site-packages/airflow/example_dags/tutorial_taskflow_api_virtualenv.py
[2025-01-26T17:58:47.887+0000] {processor.py:914} INFO - Processing file /home/airflow/.local/lib/python3.12/site-packages/airflow/example_dags/tutorial_taskflow_api_virtualenv.py for tasks to queue
[2025-01-26T17:58:47.891+0000] {logging_mixin.py:190} INFO - [2025-01-26T17:58:47.890+0000] {dagbag.py:588} INFO - Filling up the DagBag from /home/airflow/.local/lib/python3.12/site-packages/airflow/example_dags/tutorial_taskflow_api_virtualenv.py
[2025-01-26T17:58:47.905+0000] {processor.py:925} INFO - DAG(s) 'tutorial_taskflow_api_virtualenv' retrieved from /home/airflow/.local/lib/python3.12/site-packages/airflow/example_dags/tutorial_taskflow_api_virtualenv.py
[2025-01-26T17:58:47.924+0000] {logging_mixin.py:190} INFO - [2025-01-26T17:58:47.923+0000] {dag.py:3239} INFO - Sync 1 DAGs
[2025-01-26T17:58:47.938+0000] {logging_mixin.py:190} INFO - [2025-01-26T17:58:47.938+0000] {dag.py:4180} INFO - Setting next_dagrun for tutorial_taskflow_api_virtualenv to None, run_after=None
[2025-01-26T17:58:47.956+0000] {processor.py:208} INFO - Processing /home/airflow/.local/lib/python3.12/site-packages/airflow/example_dags/tutorial_taskflow_api_virtualenv.py took 0.079 seconds
[2025-01-26T17:59:18.190+0000] {processor.py:186} INFO - Started process (PID=3969) to work on /home/airflow/.local/lib/python3.12/site-packages/airflow/example_dags/tutorial_taskflow_api_virtualenv.py
[2025-01-26T17:59:18.191+0000] {processor.py:914} INFO - Processing file /home/airflow/.local/lib/python3.12/site-packages/airflow/example_dags/tutorial_taskflow_api_virtualenv.py for tasks to queue
[2025-01-26T17:59:18.193+0000] {logging_mixin.py:190} INFO - [2025-01-26T17:59:18.192+0000] {dagbag.py:588} INFO - Filling up the DagBag from /home/airflow/.local/lib/python3.12/site-packages/airflow/example_dags/tutorial_taskflow_api_virtualenv.py
[2025-01-26T17:59:18.204+0000] {processor.py:925} INFO - DAG(s) 'tutorial_taskflow_api_virtualenv' retrieved from /home/airflow/.local/lib/python3.12/site-packages/airflow/example_dags/tutorial_taskflow_api_virtualenv.py
[2025-01-26T17:59:18.221+0000] {logging_mixin.py:190} INFO - [2025-01-26T17:59:18.221+0000] {dag.py:3239} INFO - Sync 1 DAGs
[2025-01-26T17:59:18.234+0000] {logging_mixin.py:190} INFO - [2025-01-26T17:59:18.234+0000] {dag.py:4180} INFO - Setting next_dagrun for tutorial_taskflow_api_virtualenv to None, run_after=None
[2025-01-26T17:59:18.252+0000] {processor.py:208} INFO - Processing /home/airflow/.local/lib/python3.12/site-packages/airflow/example_dags/tutorial_taskflow_api_virtualenv.py took 0.067 seconds
[2025-01-26T17:59:48.700+0000] {processor.py:186} INFO - Started process (PID=4032) to work on /home/airflow/.local/lib/python3.12/site-packages/airflow/example_dags/tutorial_taskflow_api_virtualenv.py
[2025-01-26T17:59:48.701+0000] {processor.py:914} INFO - Processing file /home/airflow/.local/lib/python3.12/site-packages/airflow/example_dags/tutorial_taskflow_api_virtualenv.py for tasks to queue
[2025-01-26T17:59:48.703+0000] {logging_mixin.py:190} INFO - [2025-01-26T17:59:48.703+0000] {dagbag.py:588} INFO - Filling up the DagBag from /home/airflow/.local/lib/python3.12/site-packages/airflow/example_dags/tutorial_taskflow_api_virtualenv.py
[2025-01-26T17:59:48.714+0000] {processor.py:925} INFO - DAG(s) 'tutorial_taskflow_api_virtualenv' retrieved from /home/airflow/.local/lib/python3.12/site-packages/airflow/example_dags/tutorial_taskflow_api_virtualenv.py
[2025-01-26T17:59:48.734+0000] {logging_mixin.py:190} INFO - [2025-01-26T17:59:48.733+0000] {dag.py:3239} INFO - Sync 1 DAGs
[2025-01-26T17:59:48.747+0000] {logging_mixin.py:190} INFO - [2025-01-26T17:59:48.746+0000] {dag.py:4180} INFO - Setting next_dagrun for tutorial_taskflow_api_virtualenv to None, run_after=None
[2025-01-26T17:59:48.764+0000] {processor.py:208} INFO - Processing /home/airflow/.local/lib/python3.12/site-packages/airflow/example_dags/tutorial_taskflow_api_virtualenv.py took 0.070 seconds
[2025-01-26T18:00:18.924+0000] {processor.py:186} INFO - Started process (PID=4095) to work on /home/airflow/.local/lib/python3.12/site-packages/airflow/example_dags/tutorial_taskflow_api_virtualenv.py
[2025-01-26T18:00:18.925+0000] {processor.py:914} INFO - Processing file /home/airflow/.local/lib/python3.12/site-packages/airflow/example_dags/tutorial_taskflow_api_virtualenv.py for tasks to queue
[2025-01-26T18:00:18.927+0000] {logging_mixin.py:190} INFO - [2025-01-26T18:00:18.927+0000] {dagbag.py:588} INFO - Filling up the DagBag from /home/airflow/.local/lib/python3.12/site-packages/airflow/example_dags/tutorial_taskflow_api_virtualenv.py
[2025-01-26T18:00:18.938+0000] {processor.py:925} INFO - DAG(s) 'tutorial_taskflow_api_virtualenv' retrieved from /home/airflow/.local/lib/python3.12/site-packages/airflow/example_dags/tutorial_taskflow_api_virtualenv.py
[2025-01-26T18:00:18.955+0000] {logging_mixin.py:190} INFO - [2025-01-26T18:00:18.955+0000] {dag.py:3239} INFO - Sync 1 DAGs
[2025-01-26T18:00:18.969+0000] {logging_mixin.py:190} INFO - [2025-01-26T18:00:18.968+0000] {dag.py:4180} INFO - Setting next_dagrun for tutorial_taskflow_api_virtualenv to None, run_after=None
[2025-01-26T18:00:18.989+0000] {processor.py:208} INFO - Processing /home/airflow/.local/lib/python3.12/site-packages/airflow/example_dags/tutorial_taskflow_api_virtualenv.py took 0.071 seconds
[2025-01-26T18:00:49.261+0000] {processor.py:186} INFO - Started process (PID=4158) to work on /home/airflow/.local/lib/python3.12/site-packages/airflow/example_dags/tutorial_taskflow_api_virtualenv.py
[2025-01-26T18:00:49.262+0000] {processor.py:914} INFO - Processing file /home/airflow/.local/lib/python3.12/site-packages/airflow/example_dags/tutorial_taskflow_api_virtualenv.py for tasks to queue
[2025-01-26T18:00:49.264+0000] {logging_mixin.py:190} INFO - [2025-01-26T18:00:49.264+0000] {dagbag.py:588} INFO - Filling up the DagBag from /home/airflow/.local/lib/python3.12/site-packages/airflow/example_dags/tutorial_taskflow_api_virtualenv.py
[2025-01-26T18:00:49.278+0000] {processor.py:925} INFO - DAG(s) 'tutorial_taskflow_api_virtualenv' retrieved from /home/airflow/.local/lib/python3.12/site-packages/airflow/example_dags/tutorial_taskflow_api_virtualenv.py
[2025-01-26T18:00:49.296+0000] {logging_mixin.py:190} INFO - [2025-01-26T18:00:49.296+0000] {dag.py:3239} INFO - Sync 1 DAGs
[2025-01-26T18:00:49.313+0000] {logging_mixin.py:190} INFO - [2025-01-26T18:00:49.313+0000] {dag.py:4180} INFO - Setting next_dagrun for tutorial_taskflow_api_virtualenv to None, run_after=None
[2025-01-26T18:00:49.331+0000] {processor.py:208} INFO - Processing /home/airflow/.local/lib/python3.12/site-packages/airflow/example_dags/tutorial_taskflow_api_virtualenv.py took 0.077 seconds
[2025-01-26T18:01:20.019+0000] {processor.py:186} INFO - Started process (PID=4221) to work on /home/airflow/.local/lib/python3.12/site-packages/airflow/example_dags/tutorial_taskflow_api_virtualenv.py
[2025-01-26T18:01:20.020+0000] {processor.py:914} INFO - Processing file /home/airflow/.local/lib/python3.12/site-packages/airflow/example_dags/tutorial_taskflow_api_virtualenv.py for tasks to queue
[2025-01-26T18:01:20.023+0000] {logging_mixin.py:190} INFO - [2025-01-26T18:01:20.022+0000] {dagbag.py:588} INFO - Filling up the DagBag from /home/airflow/.local/lib/python3.12/site-packages/airflow/example_dags/tutorial_taskflow_api_virtualenv.py
[2025-01-26T18:01:20.034+0000] {processor.py:925} INFO - DAG(s) 'tutorial_taskflow_api_virtualenv' retrieved from /home/airflow/.local/lib/python3.12/site-packages/airflow/example_dags/tutorial_taskflow_api_virtualenv.py
[2025-01-26T18:01:20.052+0000] {logging_mixin.py:190} INFO - [2025-01-26T18:01:20.052+0000] {dag.py:3239} INFO - Sync 1 DAGs
[2025-01-26T18:01:20.072+0000] {logging_mixin.py:190} INFO - [2025-01-26T18:01:20.071+0000] {dag.py:4180} INFO - Setting next_dagrun for tutorial_taskflow_api_virtualenv to None, run_after=None
[2025-01-26T18:01:20.094+0000] {processor.py:208} INFO - Processing /home/airflow/.local/lib/python3.12/site-packages/airflow/example_dags/tutorial_taskflow_api_virtualenv.py took 0.082 seconds
[2025-01-26T18:01:50.149+0000] {processor.py:186} INFO - Started process (PID=4283) to work on /home/airflow/.local/lib/python3.12/site-packages/airflow/example_dags/tutorial_taskflow_api_virtualenv.py
[2025-01-26T18:01:50.150+0000] {processor.py:914} INFO - Processing file /home/airflow/.local/lib/python3.12/site-packages/airflow/example_dags/tutorial_taskflow_api_virtualenv.py for tasks to queue
[2025-01-26T18:01:50.153+0000] {logging_mixin.py:190} INFO - [2025-01-26T18:01:50.152+0000] {dagbag.py:588} INFO - Filling up the DagBag from /home/airflow/.local/lib/python3.12/site-packages/airflow/example_dags/tutorial_taskflow_api_virtualenv.py
[2025-01-26T18:01:50.167+0000] {processor.py:925} INFO - DAG(s) 'tutorial_taskflow_api_virtualenv' retrieved from /home/airflow/.local/lib/python3.12/site-packages/airflow/example_dags/tutorial_taskflow_api_virtualenv.py
[2025-01-26T18:01:50.191+0000] {logging_mixin.py:190} INFO - [2025-01-26T18:01:50.190+0000] {dag.py:3239} INFO - Sync 1 DAGs
[2025-01-26T18:01:50.209+0000] {logging_mixin.py:190} INFO - [2025-01-26T18:01:50.209+0000] {dag.py:4180} INFO - Setting next_dagrun for tutorial_taskflow_api_virtualenv to None, run_after=None
[2025-01-26T18:01:50.230+0000] {processor.py:208} INFO - Processing /home/airflow/.local/lib/python3.12/site-packages/airflow/example_dags/tutorial_taskflow_api_virtualenv.py took 0.088 seconds
[2025-01-26T18:02:20.359+0000] {processor.py:186} INFO - Started process (PID=4348) to work on /home/airflow/.local/lib/python3.12/site-packages/airflow/example_dags/tutorial_taskflow_api_virtualenv.py
[2025-01-26T18:02:20.360+0000] {processor.py:914} INFO - Processing file /home/airflow/.local/lib/python3.12/site-packages/airflow/example_dags/tutorial_taskflow_api_virtualenv.py for tasks to queue
[2025-01-26T18:02:20.361+0000] {logging_mixin.py:190} INFO - [2025-01-26T18:02:20.361+0000] {dagbag.py:588} INFO - Filling up the DagBag from /home/airflow/.local/lib/python3.12/site-packages/airflow/example_dags/tutorial_taskflow_api_virtualenv.py
[2025-01-26T18:02:20.372+0000] {processor.py:925} INFO - DAG(s) 'tutorial_taskflow_api_virtualenv' retrieved from /home/airflow/.local/lib/python3.12/site-packages/airflow/example_dags/tutorial_taskflow_api_virtualenv.py
[2025-01-26T18:02:20.389+0000] {logging_mixin.py:190} INFO - [2025-01-26T18:02:20.389+0000] {dag.py:3239} INFO - Sync 1 DAGs
[2025-01-26T18:02:20.404+0000] {logging_mixin.py:190} INFO - [2025-01-26T18:02:20.404+0000] {dag.py:4180} INFO - Setting next_dagrun for tutorial_taskflow_api_virtualenv to None, run_after=None
[2025-01-26T18:02:20.423+0000] {processor.py:208} INFO - Processing /home/airflow/.local/lib/python3.12/site-packages/airflow/example_dags/tutorial_taskflow_api_virtualenv.py took 0.069 seconds
[2025-01-26T18:02:51.047+0000] {processor.py:186} INFO - Started process (PID=4412) to work on /home/airflow/.local/lib/python3.12/site-packages/airflow/example_dags/tutorial_taskflow_api_virtualenv.py
[2025-01-26T18:02:51.048+0000] {processor.py:914} INFO - Processing file /home/airflow/.local/lib/python3.12/site-packages/airflow/example_dags/tutorial_taskflow_api_virtualenv.py for tasks to queue
[2025-01-26T18:02:51.049+0000] {logging_mixin.py:190} INFO - [2025-01-26T18:02:51.048+0000] {dagbag.py:588} INFO - Filling up the DagBag from /home/airflow/.local/lib/python3.12/site-packages/airflow/example_dags/tutorial_taskflow_api_virtualenv.py
[2025-01-26T18:02:51.060+0000] {processor.py:925} INFO - DAG(s) 'tutorial_taskflow_api_virtualenv' retrieved from /home/airflow/.local/lib/python3.12/site-packages/airflow/example_dags/tutorial_taskflow_api_virtualenv.py
[2025-01-26T18:02:51.076+0000] {logging_mixin.py:190} INFO - [2025-01-26T18:02:51.076+0000] {dag.py:3239} INFO - Sync 1 DAGs
[2025-01-26T18:02:51.091+0000] {logging_mixin.py:190} INFO - [2025-01-26T18:02:51.091+0000] {dag.py:4180} INFO - Setting next_dagrun for tutorial_taskflow_api_virtualenv to None, run_after=None
[2025-01-26T18:02:51.109+0000] {processor.py:208} INFO - Processing /home/airflow/.local/lib/python3.12/site-packages/airflow/example_dags/tutorial_taskflow_api_virtualenv.py took 0.068 seconds
[2025-01-26T18:03:21.695+0000] {processor.py:186} INFO - Started process (PID=4476) to work on /home/airflow/.local/lib/python3.12/site-packages/airflow/example_dags/tutorial_taskflow_api_virtualenv.py
[2025-01-26T18:03:21.695+0000] {processor.py:914} INFO - Processing file /home/airflow/.local/lib/python3.12/site-packages/airflow/example_dags/tutorial_taskflow_api_virtualenv.py for tasks to queue
[2025-01-26T18:03:21.697+0000] {logging_mixin.py:190} INFO - [2025-01-26T18:03:21.696+0000] {dagbag.py:588} INFO - Filling up the DagBag from /home/airflow/.local/lib/python3.12/site-packages/airflow/example_dags/tutorial_taskflow_api_virtualenv.py
[2025-01-26T18:03:21.707+0000] {processor.py:925} INFO - DAG(s) 'tutorial_taskflow_api_virtualenv' retrieved from /home/airflow/.local/lib/python3.12/site-packages/airflow/example_dags/tutorial_taskflow_api_virtualenv.py
[2025-01-26T18:03:21.723+0000] {logging_mixin.py:190} INFO - [2025-01-26T18:03:21.723+0000] {dag.py:3239} INFO - Sync 1 DAGs
[2025-01-26T18:03:21.738+0000] {logging_mixin.py:190} INFO - [2025-01-26T18:03:21.737+0000] {dag.py:4180} INFO - Setting next_dagrun for tutorial_taskflow_api_virtualenv to None, run_after=None
[2025-01-26T18:03:21.756+0000] {processor.py:208} INFO - Processing /home/airflow/.local/lib/python3.12/site-packages/airflow/example_dags/tutorial_taskflow_api_virtualenv.py took 0.067 seconds
[2025-01-26T18:03:52.318+0000] {processor.py:186} INFO - Started process (PID=4540) to work on /home/airflow/.local/lib/python3.12/site-packages/airflow/example_dags/tutorial_taskflow_api_virtualenv.py
[2025-01-26T18:03:52.319+0000] {processor.py:914} INFO - Processing file /home/airflow/.local/lib/python3.12/site-packages/airflow/example_dags/tutorial_taskflow_api_virtualenv.py for tasks to queue
[2025-01-26T18:03:52.320+0000] {logging_mixin.py:190} INFO - [2025-01-26T18:03:52.320+0000] {dagbag.py:588} INFO - Filling up the DagBag from /home/airflow/.local/lib/python3.12/site-packages/airflow/example_dags/tutorial_taskflow_api_virtualenv.py
[2025-01-26T18:03:52.331+0000] {processor.py:925} INFO - DAG(s) 'tutorial_taskflow_api_virtualenv' retrieved from /home/airflow/.local/lib/python3.12/site-packages/airflow/example_dags/tutorial_taskflow_api_virtualenv.py
[2025-01-26T18:03:52.356+0000] {logging_mixin.py:190} INFO - [2025-01-26T18:03:52.356+0000] {dag.py:3239} INFO - Sync 1 DAGs
[2025-01-26T18:03:52.413+0000] {logging_mixin.py:190} INFO - [2025-01-26T18:03:52.413+0000] {dag.py:4180} INFO - Setting next_dagrun for tutorial_taskflow_api_virtualenv to None, run_after=None
[2025-01-26T18:03:52.436+0000] {processor.py:208} INFO - Processing /home/airflow/.local/lib/python3.12/site-packages/airflow/example_dags/tutorial_taskflow_api_virtualenv.py took 0.123 seconds
[2025-01-26T18:04:22.805+0000] {processor.py:186} INFO - Started process (PID=4604) to work on /home/airflow/.local/lib/python3.12/site-packages/airflow/example_dags/tutorial_taskflow_api_virtualenv.py
[2025-01-26T18:04:22.807+0000] {processor.py:914} INFO - Processing file /home/airflow/.local/lib/python3.12/site-packages/airflow/example_dags/tutorial_taskflow_api_virtualenv.py for tasks to queue
[2025-01-26T18:04:22.808+0000] {logging_mixin.py:190} INFO - [2025-01-26T18:04:22.808+0000] {dagbag.py:588} INFO - Filling up the DagBag from /home/airflow/.local/lib/python3.12/site-packages/airflow/example_dags/tutorial_taskflow_api_virtualenv.py
[2025-01-26T18:04:22.829+0000] {processor.py:925} INFO - DAG(s) 'tutorial_taskflow_api_virtualenv' retrieved from /home/airflow/.local/lib/python3.12/site-packages/airflow/example_dags/tutorial_taskflow_api_virtualenv.py
[2025-01-26T18:04:22.872+0000] {logging_mixin.py:190} INFO - [2025-01-26T18:04:22.871+0000] {dag.py:3239} INFO - Sync 1 DAGs
[2025-01-26T18:04:22.893+0000] {logging_mixin.py:190} INFO - [2025-01-26T18:04:22.893+0000] {dag.py:4180} INFO - Setting next_dagrun for tutorial_taskflow_api_virtualenv to None, run_after=None
[2025-01-26T18:04:22.915+0000] {processor.py:208} INFO - Processing /home/airflow/.local/lib/python3.12/site-packages/airflow/example_dags/tutorial_taskflow_api_virtualenv.py took 0.118 seconds
[2025-01-26T18:04:53.149+0000] {processor.py:186} INFO - Started process (PID=4660) to work on /home/airflow/.local/lib/python3.12/site-packages/airflow/example_dags/tutorial_taskflow_api_virtualenv.py
[2025-01-26T18:04:53.150+0000] {processor.py:914} INFO - Processing file /home/airflow/.local/lib/python3.12/site-packages/airflow/example_dags/tutorial_taskflow_api_virtualenv.py for tasks to queue
[2025-01-26T18:04:53.151+0000] {logging_mixin.py:190} INFO - [2025-01-26T18:04:53.151+0000] {dagbag.py:588} INFO - Filling up the DagBag from /home/airflow/.local/lib/python3.12/site-packages/airflow/example_dags/tutorial_taskflow_api_virtualenv.py
[2025-01-26T18:04:53.164+0000] {processor.py:925} INFO - DAG(s) 'tutorial_taskflow_api_virtualenv' retrieved from /home/airflow/.local/lib/python3.12/site-packages/airflow/example_dags/tutorial_taskflow_api_virtualenv.py
[2025-01-26T18:04:53.185+0000] {logging_mixin.py:190} INFO - [2025-01-26T18:04:53.185+0000] {dag.py:3239} INFO - Sync 1 DAGs
[2025-01-26T18:04:53.202+0000] {logging_mixin.py:190} INFO - [2025-01-26T18:04:53.202+0000] {dag.py:4180} INFO - Setting next_dagrun for tutorial_taskflow_api_virtualenv to None, run_after=None
[2025-01-26T18:04:53.222+0000] {processor.py:208} INFO - Processing /home/airflow/.local/lib/python3.12/site-packages/airflow/example_dags/tutorial_taskflow_api_virtualenv.py took 0.080 seconds
[2025-01-26T18:05:23.663+0000] {processor.py:186} INFO - Started process (PID=4709) to work on /home/airflow/.local/lib/python3.12/site-packages/airflow/example_dags/tutorial_taskflow_api_virtualenv.py
[2025-01-26T18:05:23.664+0000] {processor.py:914} INFO - Processing file /home/airflow/.local/lib/python3.12/site-packages/airflow/example_dags/tutorial_taskflow_api_virtualenv.py for tasks to queue
[2025-01-26T18:05:23.666+0000] {logging_mixin.py:190} INFO - [2025-01-26T18:05:23.665+0000] {dagbag.py:588} INFO - Filling up the DagBag from /home/airflow/.local/lib/python3.12/site-packages/airflow/example_dags/tutorial_taskflow_api_virtualenv.py
[2025-01-26T18:05:23.680+0000] {processor.py:925} INFO - DAG(s) 'tutorial_taskflow_api_virtualenv' retrieved from /home/airflow/.local/lib/python3.12/site-packages/airflow/example_dags/tutorial_taskflow_api_virtualenv.py
[2025-01-26T18:05:23.708+0000] {logging_mixin.py:190} INFO - [2025-01-26T18:05:23.708+0000] {dag.py:3239} INFO - Sync 1 DAGs
[2025-01-26T18:05:23.732+0000] {logging_mixin.py:190} INFO - [2025-01-26T18:05:23.731+0000] {dag.py:4180} INFO - Setting next_dagrun for tutorial_taskflow_api_virtualenv to None, run_after=None
[2025-01-26T18:05:23.760+0000] {processor.py:208} INFO - Processing /home/airflow/.local/lib/python3.12/site-packages/airflow/example_dags/tutorial_taskflow_api_virtualenv.py took 0.104 seconds
[2025-01-26T18:05:54.920+0000] {processor.py:186} INFO - Started process (PID=4774) to work on /home/airflow/.local/lib/python3.12/site-packages/airflow/example_dags/tutorial_taskflow_api_virtualenv.py
[2025-01-26T18:05:54.921+0000] {processor.py:914} INFO - Processing file /home/airflow/.local/lib/python3.12/site-packages/airflow/example_dags/tutorial_taskflow_api_virtualenv.py for tasks to queue
[2025-01-26T18:05:54.923+0000] {logging_mixin.py:190} INFO - [2025-01-26T18:05:54.922+0000] {dagbag.py:588} INFO - Filling up the DagBag from /home/airflow/.local/lib/python3.12/site-packages/airflow/example_dags/tutorial_taskflow_api_virtualenv.py
[2025-01-26T18:05:54.941+0000] {processor.py:925} INFO - DAG(s) 'tutorial_taskflow_api_virtualenv' retrieved from /home/airflow/.local/lib/python3.12/site-packages/airflow/example_dags/tutorial_taskflow_api_virtualenv.py
[2025-01-26T18:05:54.963+0000] {logging_mixin.py:190} INFO - [2025-01-26T18:05:54.962+0000] {dag.py:3239} INFO - Sync 1 DAGs
[2025-01-26T18:05:54.995+0000] {logging_mixin.py:190} INFO - [2025-01-26T18:05:54.995+0000] {dag.py:4180} INFO - Setting next_dagrun for tutorial_taskflow_api_virtualenv to None, run_after=None
[2025-01-26T18:05:55.034+0000] {processor.py:208} INFO - Processing /home/airflow/.local/lib/python3.12/site-packages/airflow/example_dags/tutorial_taskflow_api_virtualenv.py took 0.123 seconds
[2025-01-26T18:06:25.305+0000] {processor.py:186} INFO - Started process (PID=4838) to work on /home/airflow/.local/lib/python3.12/site-packages/airflow/example_dags/tutorial_taskflow_api_virtualenv.py
[2025-01-26T18:06:25.306+0000] {processor.py:914} INFO - Processing file /home/airflow/.local/lib/python3.12/site-packages/airflow/example_dags/tutorial_taskflow_api_virtualenv.py for tasks to queue
[2025-01-26T18:06:25.307+0000] {logging_mixin.py:190} INFO - [2025-01-26T18:06:25.307+0000] {dagbag.py:588} INFO - Filling up the DagBag from /home/airflow/.local/lib/python3.12/site-packages/airflow/example_dags/tutorial_taskflow_api_virtualenv.py
[2025-01-26T18:06:25.320+0000] {processor.py:925} INFO - DAG(s) 'tutorial_taskflow_api_virtualenv' retrieved from /home/airflow/.local/lib/python3.12/site-packages/airflow/example_dags/tutorial_taskflow_api_virtualenv.py
[2025-01-26T18:06:25.342+0000] {logging_mixin.py:190} INFO - [2025-01-26T18:06:25.342+0000] {dag.py:3239} INFO - Sync 1 DAGs
[2025-01-26T18:06:25.361+0000] {logging_mixin.py:190} INFO - [2025-01-26T18:06:25.361+0000] {dag.py:4180} INFO - Setting next_dagrun for tutorial_taskflow_api_virtualenv to None, run_after=None
[2025-01-26T18:06:25.389+0000] {processor.py:208} INFO - Processing /home/airflow/.local/lib/python3.12/site-packages/airflow/example_dags/tutorial_taskflow_api_virtualenv.py took 0.090 seconds
[2025-01-26T18:06:59.464+0000] {processor.py:186} INFO - Started process (PID=4905) to work on /home/airflow/.local/lib/python3.12/site-packages/airflow/example_dags/tutorial_taskflow_api_virtualenv.py
[2025-01-26T18:06:59.466+0000] {processor.py:914} INFO - Processing file /home/airflow/.local/lib/python3.12/site-packages/airflow/example_dags/tutorial_taskflow_api_virtualenv.py for tasks to queue
[2025-01-26T18:06:59.471+0000] {logging_mixin.py:190} INFO - [2025-01-26T18:06:59.471+0000] {dagbag.py:588} INFO - Filling up the DagBag from /home/airflow/.local/lib/python3.12/site-packages/airflow/example_dags/tutorial_taskflow_api_virtualenv.py
[2025-01-26T18:06:59.531+0000] {processor.py:925} INFO - DAG(s) 'tutorial_taskflow_api_virtualenv' retrieved from /home/airflow/.local/lib/python3.12/site-packages/airflow/example_dags/tutorial_taskflow_api_virtualenv.py
[2025-01-26T18:06:59.615+0000] {logging_mixin.py:190} INFO - [2025-01-26T18:06:59.615+0000] {dag.py:3239} INFO - Sync 1 DAGs
[2025-01-26T18:06:59.678+0000] {logging_mixin.py:190} INFO - [2025-01-26T18:06:59.678+0000] {dag.py:4180} INFO - Setting next_dagrun for tutorial_taskflow_api_virtualenv to None, run_after=None
[2025-01-26T18:06:59.758+0000] {processor.py:208} INFO - Processing /home/airflow/.local/lib/python3.12/site-packages/airflow/example_dags/tutorial_taskflow_api_virtualenv.py took 0.313 seconds
[2025-01-26T18:07:30.032+0000] {processor.py:186} INFO - Started process (PID=4968) to work on /home/airflow/.local/lib/python3.12/site-packages/airflow/example_dags/tutorial_taskflow_api_virtualenv.py
[2025-01-26T18:07:30.034+0000] {processor.py:914} INFO - Processing file /home/airflow/.local/lib/python3.12/site-packages/airflow/example_dags/tutorial_taskflow_api_virtualenv.py for tasks to queue
[2025-01-26T18:07:30.035+0000] {logging_mixin.py:190} INFO - [2025-01-26T18:07:30.034+0000] {dagbag.py:588} INFO - Filling up the DagBag from /home/airflow/.local/lib/python3.12/site-packages/airflow/example_dags/tutorial_taskflow_api_virtualenv.py
[2025-01-26T18:07:30.046+0000] {processor.py:925} INFO - DAG(s) 'tutorial_taskflow_api_virtualenv' retrieved from /home/airflow/.local/lib/python3.12/site-packages/airflow/example_dags/tutorial_taskflow_api_virtualenv.py
[2025-01-26T18:07:30.062+0000] {logging_mixin.py:190} INFO - [2025-01-26T18:07:30.062+0000] {dag.py:3239} INFO - Sync 1 DAGs
[2025-01-26T18:07:30.076+0000] {logging_mixin.py:190} INFO - [2025-01-26T18:07:30.076+0000] {dag.py:4180} INFO - Setting next_dagrun for tutorial_taskflow_api_virtualenv to None, run_after=None
[2025-01-26T18:07:30.094+0000] {processor.py:208} INFO - Processing /home/airflow/.local/lib/python3.12/site-packages/airflow/example_dags/tutorial_taskflow_api_virtualenv.py took 0.067 seconds
[2025-01-26T18:08:00.570+0000] {processor.py:186} INFO - Started process (PID=5032) to work on /home/airflow/.local/lib/python3.12/site-packages/airflow/example_dags/tutorial_taskflow_api_virtualenv.py
[2025-01-26T18:08:00.571+0000] {processor.py:914} INFO - Processing file /home/airflow/.local/lib/python3.12/site-packages/airflow/example_dags/tutorial_taskflow_api_virtualenv.py for tasks to queue
[2025-01-26T18:08:00.572+0000] {logging_mixin.py:190} INFO - [2025-01-26T18:08:00.572+0000] {dagbag.py:588} INFO - Filling up the DagBag from /home/airflow/.local/lib/python3.12/site-packages/airflow/example_dags/tutorial_taskflow_api_virtualenv.py
[2025-01-26T18:08:00.587+0000] {processor.py:925} INFO - DAG(s) 'tutorial_taskflow_api_virtualenv' retrieved from /home/airflow/.local/lib/python3.12/site-packages/airflow/example_dags/tutorial_taskflow_api_virtualenv.py
[2025-01-26T18:08:00.614+0000] {logging_mixin.py:190} INFO - [2025-01-26T18:08:00.613+0000] {dag.py:3239} INFO - Sync 1 DAGs
[2025-01-26T18:08:00.630+0000] {logging_mixin.py:190} INFO - [2025-01-26T18:08:00.629+0000] {dag.py:4180} INFO - Setting next_dagrun for tutorial_taskflow_api_virtualenv to None, run_after=None
[2025-01-26T18:08:00.653+0000] {processor.py:208} INFO - Processing /home/airflow/.local/lib/python3.12/site-packages/airflow/example_dags/tutorial_taskflow_api_virtualenv.py took 0.090 seconds
[2025-01-26T18:08:30.947+0000] {processor.py:186} INFO - Started process (PID=5094) to work on /home/airflow/.local/lib/python3.12/site-packages/airflow/example_dags/tutorial_taskflow_api_virtualenv.py
[2025-01-26T18:08:30.949+0000] {processor.py:914} INFO - Processing file /home/airflow/.local/lib/python3.12/site-packages/airflow/example_dags/tutorial_taskflow_api_virtualenv.py for tasks to queue
[2025-01-26T18:08:30.950+0000] {logging_mixin.py:190} INFO - [2025-01-26T18:08:30.950+0000] {dagbag.py:588} INFO - Filling up the DagBag from /home/airflow/.local/lib/python3.12/site-packages/airflow/example_dags/tutorial_taskflow_api_virtualenv.py
[2025-01-26T18:08:30.967+0000] {processor.py:925} INFO - DAG(s) 'tutorial_taskflow_api_virtualenv' retrieved from /home/airflow/.local/lib/python3.12/site-packages/airflow/example_dags/tutorial_taskflow_api_virtualenv.py
[2025-01-26T18:08:30.990+0000] {logging_mixin.py:190} INFO - [2025-01-26T18:08:30.990+0000] {dag.py:3239} INFO - Sync 1 DAGs
[2025-01-26T18:08:31.012+0000] {logging_mixin.py:190} INFO - [2025-01-26T18:08:31.011+0000] {dag.py:4180} INFO - Setting next_dagrun for tutorial_taskflow_api_virtualenv to None, run_after=None
[2025-01-26T18:08:31.032+0000] {processor.py:208} INFO - Processing /home/airflow/.local/lib/python3.12/site-packages/airflow/example_dags/tutorial_taskflow_api_virtualenv.py took 0.098 seconds
[2025-01-26T18:09:01.119+0000] {processor.py:186} INFO - Started process (PID=5157) to work on /home/airflow/.local/lib/python3.12/site-packages/airflow/example_dags/tutorial_taskflow_api_virtualenv.py
[2025-01-26T18:09:01.120+0000] {processor.py:914} INFO - Processing file /home/airflow/.local/lib/python3.12/site-packages/airflow/example_dags/tutorial_taskflow_api_virtualenv.py for tasks to queue
[2025-01-26T18:09:01.121+0000] {logging_mixin.py:190} INFO - [2025-01-26T18:09:01.121+0000] {dagbag.py:588} INFO - Filling up the DagBag from /home/airflow/.local/lib/python3.12/site-packages/airflow/example_dags/tutorial_taskflow_api_virtualenv.py
[2025-01-26T18:09:01.136+0000] {processor.py:925} INFO - DAG(s) 'tutorial_taskflow_api_virtualenv' retrieved from /home/airflow/.local/lib/python3.12/site-packages/airflow/example_dags/tutorial_taskflow_api_virtualenv.py
[2025-01-26T18:09:01.152+0000] {logging_mixin.py:190} INFO - [2025-01-26T18:09:01.152+0000] {dag.py:3239} INFO - Sync 1 DAGs
[2025-01-26T18:09:01.166+0000] {logging_mixin.py:190} INFO - [2025-01-26T18:09:01.166+0000] {dag.py:4180} INFO - Setting next_dagrun for tutorial_taskflow_api_virtualenv to None, run_after=None
[2025-01-26T18:09:01.184+0000] {processor.py:208} INFO - Processing /home/airflow/.local/lib/python3.12/site-packages/airflow/example_dags/tutorial_taskflow_api_virtualenv.py took 0.071 seconds
[2025-01-26T18:09:31.320+0000] {processor.py:186} INFO - Started process (PID=5221) to work on /home/airflow/.local/lib/python3.12/site-packages/airflow/example_dags/tutorial_taskflow_api_virtualenv.py
[2025-01-26T18:09:31.321+0000] {processor.py:914} INFO - Processing file /home/airflow/.local/lib/python3.12/site-packages/airflow/example_dags/tutorial_taskflow_api_virtualenv.py for tasks to queue
[2025-01-26T18:09:31.322+0000] {logging_mixin.py:190} INFO - [2025-01-26T18:09:31.322+0000] {dagbag.py:588} INFO - Filling up the DagBag from /home/airflow/.local/lib/python3.12/site-packages/airflow/example_dags/tutorial_taskflow_api_virtualenv.py
[2025-01-26T18:09:31.335+0000] {processor.py:925} INFO - DAG(s) 'tutorial_taskflow_api_virtualenv' retrieved from /home/airflow/.local/lib/python3.12/site-packages/airflow/example_dags/tutorial_taskflow_api_virtualenv.py
[2025-01-26T18:09:31.353+0000] {logging_mixin.py:190} INFO - [2025-01-26T18:09:31.352+0000] {dag.py:3239} INFO - Sync 1 DAGs
[2025-01-26T18:09:31.367+0000] {logging_mixin.py:190} INFO - [2025-01-26T18:09:31.367+0000] {dag.py:4180} INFO - Setting next_dagrun for tutorial_taskflow_api_virtualenv to None, run_after=None
[2025-01-26T18:09:31.390+0000] {processor.py:208} INFO - Processing /home/airflow/.local/lib/python3.12/site-packages/airflow/example_dags/tutorial_taskflow_api_virtualenv.py took 0.075 seconds
[2025-01-26T18:10:01.808+0000] {processor.py:186} INFO - Started process (PID=5286) to work on /home/airflow/.local/lib/python3.12/site-packages/airflow/example_dags/tutorial_taskflow_api_virtualenv.py
[2025-01-26T18:10:01.809+0000] {processor.py:914} INFO - Processing file /home/airflow/.local/lib/python3.12/site-packages/airflow/example_dags/tutorial_taskflow_api_virtualenv.py for tasks to queue
[2025-01-26T18:10:01.810+0000] {logging_mixin.py:190} INFO - [2025-01-26T18:10:01.810+0000] {dagbag.py:588} INFO - Filling up the DagBag from /home/airflow/.local/lib/python3.12/site-packages/airflow/example_dags/tutorial_taskflow_api_virtualenv.py
[2025-01-26T18:10:01.823+0000] {processor.py:925} INFO - DAG(s) 'tutorial_taskflow_api_virtualenv' retrieved from /home/airflow/.local/lib/python3.12/site-packages/airflow/example_dags/tutorial_taskflow_api_virtualenv.py
[2025-01-26T18:10:01.853+0000] {logging_mixin.py:190} INFO - [2025-01-26T18:10:01.852+0000] {dag.py:3239} INFO - Sync 1 DAGs
[2025-01-26T18:10:01.871+0000] {logging_mixin.py:190} INFO - [2025-01-26T18:10:01.871+0000] {dag.py:4180} INFO - Setting next_dagrun for tutorial_taskflow_api_virtualenv to None, run_after=None
[2025-01-26T18:10:01.895+0000] {processor.py:208} INFO - Processing /home/airflow/.local/lib/python3.12/site-packages/airflow/example_dags/tutorial_taskflow_api_virtualenv.py took 0.094 seconds
[2025-01-26T18:10:31.942+0000] {processor.py:186} INFO - Started process (PID=5350) to work on /home/airflow/.local/lib/python3.12/site-packages/airflow/example_dags/tutorial_taskflow_api_virtualenv.py
[2025-01-26T18:10:31.943+0000] {processor.py:914} INFO - Processing file /home/airflow/.local/lib/python3.12/site-packages/airflow/example_dags/tutorial_taskflow_api_virtualenv.py for tasks to queue
[2025-01-26T18:10:31.945+0000] {logging_mixin.py:190} INFO - [2025-01-26T18:10:31.945+0000] {dagbag.py:588} INFO - Filling up the DagBag from /home/airflow/.local/lib/python3.12/site-packages/airflow/example_dags/tutorial_taskflow_api_virtualenv.py
[2025-01-26T18:10:31.959+0000] {processor.py:925} INFO - DAG(s) 'tutorial_taskflow_api_virtualenv' retrieved from /home/airflow/.local/lib/python3.12/site-packages/airflow/example_dags/tutorial_taskflow_api_virtualenv.py
[2025-01-26T18:10:31.978+0000] {logging_mixin.py:190} INFO - [2025-01-26T18:10:31.978+0000] {dag.py:3239} INFO - Sync 1 DAGs
[2025-01-26T18:10:31.995+0000] {logging_mixin.py:190} INFO - [2025-01-26T18:10:31.995+0000] {dag.py:4180} INFO - Setting next_dagrun for tutorial_taskflow_api_virtualenv to None, run_after=None
[2025-01-26T18:10:32.016+0000] {processor.py:208} INFO - Processing /home/airflow/.local/lib/python3.12/site-packages/airflow/example_dags/tutorial_taskflow_api_virtualenv.py took 0.079 seconds
[2025-01-26T18:11:02.515+0000] {processor.py:186} INFO - Started process (PID=5414) to work on /home/airflow/.local/lib/python3.12/site-packages/airflow/example_dags/tutorial_taskflow_api_virtualenv.py
[2025-01-26T18:11:02.516+0000] {processor.py:914} INFO - Processing file /home/airflow/.local/lib/python3.12/site-packages/airflow/example_dags/tutorial_taskflow_api_virtualenv.py for tasks to queue
[2025-01-26T18:11:02.518+0000] {logging_mixin.py:190} INFO - [2025-01-26T18:11:02.517+0000] {dagbag.py:588} INFO - Filling up the DagBag from /home/airflow/.local/lib/python3.12/site-packages/airflow/example_dags/tutorial_taskflow_api_virtualenv.py
[2025-01-26T18:11:02.533+0000] {processor.py:925} INFO - DAG(s) 'tutorial_taskflow_api_virtualenv' retrieved from /home/airflow/.local/lib/python3.12/site-packages/airflow/example_dags/tutorial_taskflow_api_virtualenv.py
[2025-01-26T18:11:02.554+0000] {logging_mixin.py:190} INFO - [2025-01-26T18:11:02.554+0000] {dag.py:3239} INFO - Sync 1 DAGs
[2025-01-26T18:11:02.580+0000] {logging_mixin.py:190} INFO - [2025-01-26T18:11:02.573+0000] {dag.py:4180} INFO - Setting next_dagrun for tutorial_taskflow_api_virtualenv to None, run_after=None
[2025-01-26T18:11:02.602+0000] {processor.py:208} INFO - Processing /home/airflow/.local/lib/python3.12/site-packages/airflow/example_dags/tutorial_taskflow_api_virtualenv.py took 0.094 seconds
[2025-01-26T18:11:33.231+0000] {processor.py:186} INFO - Started process (PID=5479) to work on /home/airflow/.local/lib/python3.12/site-packages/airflow/example_dags/tutorial_taskflow_api_virtualenv.py
[2025-01-26T18:11:33.233+0000] {processor.py:914} INFO - Processing file /home/airflow/.local/lib/python3.12/site-packages/airflow/example_dags/tutorial_taskflow_api_virtualenv.py for tasks to queue
[2025-01-26T18:11:33.234+0000] {logging_mixin.py:190} INFO - [2025-01-26T18:11:33.234+0000] {dagbag.py:588} INFO - Filling up the DagBag from /home/airflow/.local/lib/python3.12/site-packages/airflow/example_dags/tutorial_taskflow_api_virtualenv.py
[2025-01-26T18:11:33.251+0000] {processor.py:925} INFO - DAG(s) 'tutorial_taskflow_api_virtualenv' retrieved from /home/airflow/.local/lib/python3.12/site-packages/airflow/example_dags/tutorial_taskflow_api_virtualenv.py
[2025-01-26T18:11:33.273+0000] {logging_mixin.py:190} INFO - [2025-01-26T18:11:33.273+0000] {dag.py:3239} INFO - Sync 1 DAGs
[2025-01-26T18:11:33.294+0000] {logging_mixin.py:190} INFO - [2025-01-26T18:11:33.293+0000] {dag.py:4180} INFO - Setting next_dagrun for tutorial_taskflow_api_virtualenv to None, run_after=None
[2025-01-26T18:11:33.327+0000] {processor.py:208} INFO - Processing /home/airflow/.local/lib/python3.12/site-packages/airflow/example_dags/tutorial_taskflow_api_virtualenv.py took 0.104 seconds
[2025-01-26T18:12:04.343+0000] {processor.py:186} INFO - Started process (PID=5543) to work on /home/airflow/.local/lib/python3.12/site-packages/airflow/example_dags/tutorial_taskflow_api_virtualenv.py
[2025-01-26T18:12:04.345+0000] {processor.py:914} INFO - Processing file /home/airflow/.local/lib/python3.12/site-packages/airflow/example_dags/tutorial_taskflow_api_virtualenv.py for tasks to queue
[2025-01-26T18:12:04.353+0000] {logging_mixin.py:190} INFO - [2025-01-26T18:12:04.352+0000] {dagbag.py:588} INFO - Filling up the DagBag from /home/airflow/.local/lib/python3.12/site-packages/airflow/example_dags/tutorial_taskflow_api_virtualenv.py
[2025-01-26T18:12:04.385+0000] {processor.py:925} INFO - DAG(s) 'tutorial_taskflow_api_virtualenv' retrieved from /home/airflow/.local/lib/python3.12/site-packages/airflow/example_dags/tutorial_taskflow_api_virtualenv.py
[2025-01-26T18:12:04.426+0000] {logging_mixin.py:190} INFO - [2025-01-26T18:12:04.426+0000] {dag.py:3239} INFO - Sync 1 DAGs
[2025-01-26T18:12:04.469+0000] {logging_mixin.py:190} INFO - [2025-01-26T18:12:04.468+0000] {dag.py:4180} INFO - Setting next_dagrun for tutorial_taskflow_api_virtualenv to None, run_after=None
[2025-01-26T18:12:04.518+0000] {processor.py:208} INFO - Processing /home/airflow/.local/lib/python3.12/site-packages/airflow/example_dags/tutorial_taskflow_api_virtualenv.py took 0.187 seconds
[2025-01-26T18:12:35.025+0000] {processor.py:186} INFO - Started process (PID=5607) to work on /home/airflow/.local/lib/python3.12/site-packages/airflow/example_dags/tutorial_taskflow_api_virtualenv.py
[2025-01-26T18:12:35.029+0000] {processor.py:914} INFO - Processing file /home/airflow/.local/lib/python3.12/site-packages/airflow/example_dags/tutorial_taskflow_api_virtualenv.py for tasks to queue
[2025-01-26T18:12:35.031+0000] {logging_mixin.py:190} INFO - [2025-01-26T18:12:35.031+0000] {dagbag.py:588} INFO - Filling up the DagBag from /home/airflow/.local/lib/python3.12/site-packages/airflow/example_dags/tutorial_taskflow_api_virtualenv.py
[2025-01-26T18:12:35.055+0000] {processor.py:925} INFO - DAG(s) 'tutorial_taskflow_api_virtualenv' retrieved from /home/airflow/.local/lib/python3.12/site-packages/airflow/example_dags/tutorial_taskflow_api_virtualenv.py
[2025-01-26T18:12:35.079+0000] {logging_mixin.py:190} INFO - [2025-01-26T18:12:35.079+0000] {dag.py:3239} INFO - Sync 1 DAGs
[2025-01-26T18:12:35.094+0000] {logging_mixin.py:190} INFO - [2025-01-26T18:12:35.094+0000] {dag.py:4180} INFO - Setting next_dagrun for tutorial_taskflow_api_virtualenv to None, run_after=None
[2025-01-26T18:12:35.115+0000] {processor.py:208} INFO - Processing /home/airflow/.local/lib/python3.12/site-packages/airflow/example_dags/tutorial_taskflow_api_virtualenv.py took 0.099 seconds
[2025-01-26T18:13:05.214+0000] {processor.py:186} INFO - Started process (PID=5671) to work on /home/airflow/.local/lib/python3.12/site-packages/airflow/example_dags/tutorial_taskflow_api_virtualenv.py
[2025-01-26T18:13:05.215+0000] {processor.py:914} INFO - Processing file /home/airflow/.local/lib/python3.12/site-packages/airflow/example_dags/tutorial_taskflow_api_virtualenv.py for tasks to queue
[2025-01-26T18:13:05.216+0000] {logging_mixin.py:190} INFO - [2025-01-26T18:13:05.216+0000] {dagbag.py:588} INFO - Filling up the DagBag from /home/airflow/.local/lib/python3.12/site-packages/airflow/example_dags/tutorial_taskflow_api_virtualenv.py
[2025-01-26T18:13:05.229+0000] {processor.py:925} INFO - DAG(s) 'tutorial_taskflow_api_virtualenv' retrieved from /home/airflow/.local/lib/python3.12/site-packages/airflow/example_dags/tutorial_taskflow_api_virtualenv.py
[2025-01-26T18:13:05.250+0000] {logging_mixin.py:190} INFO - [2025-01-26T18:13:05.250+0000] {dag.py:3239} INFO - Sync 1 DAGs
[2025-01-26T18:13:05.265+0000] {logging_mixin.py:190} INFO - [2025-01-26T18:13:05.264+0000] {dag.py:4180} INFO - Setting next_dagrun for tutorial_taskflow_api_virtualenv to None, run_after=None
[2025-01-26T18:13:05.284+0000] {processor.py:208} INFO - Processing /home/airflow/.local/lib/python3.12/site-packages/airflow/example_dags/tutorial_taskflow_api_virtualenv.py took 0.076 seconds
[2025-01-26T18:13:35.425+0000] {processor.py:186} INFO - Started process (PID=5735) to work on /home/airflow/.local/lib/python3.12/site-packages/airflow/example_dags/tutorial_taskflow_api_virtualenv.py
[2025-01-26T18:13:35.426+0000] {processor.py:914} INFO - Processing file /home/airflow/.local/lib/python3.12/site-packages/airflow/example_dags/tutorial_taskflow_api_virtualenv.py for tasks to queue
[2025-01-26T18:13:35.427+0000] {logging_mixin.py:190} INFO - [2025-01-26T18:13:35.427+0000] {dagbag.py:588} INFO - Filling up the DagBag from /home/airflow/.local/lib/python3.12/site-packages/airflow/example_dags/tutorial_taskflow_api_virtualenv.py
[2025-01-26T18:13:35.438+0000] {processor.py:925} INFO - DAG(s) 'tutorial_taskflow_api_virtualenv' retrieved from /home/airflow/.local/lib/python3.12/site-packages/airflow/example_dags/tutorial_taskflow_api_virtualenv.py
[2025-01-26T18:13:35.472+0000] {logging_mixin.py:190} INFO - [2025-01-26T18:13:35.471+0000] {dag.py:3239} INFO - Sync 1 DAGs
[2025-01-26T18:13:35.487+0000] {logging_mixin.py:190} INFO - [2025-01-26T18:13:35.487+0000] {dag.py:4180} INFO - Setting next_dagrun for tutorial_taskflow_api_virtualenv to None, run_after=None
[2025-01-26T18:13:35.504+0000] {processor.py:208} INFO - Processing /home/airflow/.local/lib/python3.12/site-packages/airflow/example_dags/tutorial_taskflow_api_virtualenv.py took 0.085 seconds
[2025-01-26T18:14:06.937+0000] {processor.py:186} INFO - Started process (PID=5799) to work on /home/airflow/.local/lib/python3.12/site-packages/airflow/example_dags/tutorial_taskflow_api_virtualenv.py
[2025-01-26T18:14:06.971+0000] {processor.py:914} INFO - Processing file /home/airflow/.local/lib/python3.12/site-packages/airflow/example_dags/tutorial_taskflow_api_virtualenv.py for tasks to queue
[2025-01-26T18:14:07.002+0000] {logging_mixin.py:190} INFO - [2025-01-26T18:14:07.002+0000] {dagbag.py:588} INFO - Filling up the DagBag from /home/airflow/.local/lib/python3.12/site-packages/airflow/example_dags/tutorial_taskflow_api_virtualenv.py
[2025-01-26T18:14:07.045+0000] {processor.py:925} INFO - DAG(s) 'tutorial_taskflow_api_virtualenv' retrieved from /home/airflow/.local/lib/python3.12/site-packages/airflow/example_dags/tutorial_taskflow_api_virtualenv.py
[2025-01-26T18:14:07.113+0000] {logging_mixin.py:190} INFO - [2025-01-26T18:14:07.112+0000] {dag.py:3239} INFO - Sync 1 DAGs
[2025-01-26T18:14:07.189+0000] {logging_mixin.py:190} INFO - [2025-01-26T18:14:07.188+0000] {dag.py:4180} INFO - Setting next_dagrun for tutorial_taskflow_api_virtualenv to None, run_after=None
[2025-01-26T18:14:07.257+0000] {processor.py:208} INFO - Processing /home/airflow/.local/lib/python3.12/site-packages/airflow/example_dags/tutorial_taskflow_api_virtualenv.py took 0.337 seconds
[2025-01-26T18:14:37.427+0000] {processor.py:186} INFO - Started process (PID=5863) to work on /home/airflow/.local/lib/python3.12/site-packages/airflow/example_dags/tutorial_taskflow_api_virtualenv.py
[2025-01-26T18:14:37.428+0000] {processor.py:914} INFO - Processing file /home/airflow/.local/lib/python3.12/site-packages/airflow/example_dags/tutorial_taskflow_api_virtualenv.py for tasks to queue
[2025-01-26T18:14:37.429+0000] {logging_mixin.py:190} INFO - [2025-01-26T18:14:37.428+0000] {dagbag.py:588} INFO - Filling up the DagBag from /home/airflow/.local/lib/python3.12/site-packages/airflow/example_dags/tutorial_taskflow_api_virtualenv.py
[2025-01-26T18:14:37.441+0000] {processor.py:925} INFO - DAG(s) 'tutorial_taskflow_api_virtualenv' retrieved from /home/airflow/.local/lib/python3.12/site-packages/airflow/example_dags/tutorial_taskflow_api_virtualenv.py
[2025-01-26T18:14:37.459+0000] {logging_mixin.py:190} INFO - [2025-01-26T18:14:37.459+0000] {dag.py:3239} INFO - Sync 1 DAGs
[2025-01-26T18:14:37.474+0000] {logging_mixin.py:190} INFO - [2025-01-26T18:14:37.474+0000] {dag.py:4180} INFO - Setting next_dagrun for tutorial_taskflow_api_virtualenv to None, run_after=None
[2025-01-26T18:14:37.492+0000] {processor.py:208} INFO - Processing /home/airflow/.local/lib/python3.12/site-packages/airflow/example_dags/tutorial_taskflow_api_virtualenv.py took 0.071 seconds
[2025-01-26T18:15:08.102+0000] {processor.py:186} INFO - Started process (PID=5928) to work on /home/airflow/.local/lib/python3.12/site-packages/airflow/example_dags/tutorial_taskflow_api_virtualenv.py
[2025-01-26T18:15:08.103+0000] {processor.py:914} INFO - Processing file /home/airflow/.local/lib/python3.12/site-packages/airflow/example_dags/tutorial_taskflow_api_virtualenv.py for tasks to queue
[2025-01-26T18:15:08.106+0000] {logging_mixin.py:190} INFO - [2025-01-26T18:15:08.105+0000] {dagbag.py:588} INFO - Filling up the DagBag from /home/airflow/.local/lib/python3.12/site-packages/airflow/example_dags/tutorial_taskflow_api_virtualenv.py
[2025-01-26T18:15:08.124+0000] {processor.py:925} INFO - DAG(s) 'tutorial_taskflow_api_virtualenv' retrieved from /home/airflow/.local/lib/python3.12/site-packages/airflow/example_dags/tutorial_taskflow_api_virtualenv.py
[2025-01-26T18:15:08.154+0000] {logging_mixin.py:190} INFO - [2025-01-26T18:15:08.154+0000] {dag.py:3239} INFO - Sync 1 DAGs
[2025-01-26T18:15:08.180+0000] {logging_mixin.py:190} INFO - [2025-01-26T18:15:08.180+0000] {dag.py:4180} INFO - Setting next_dagrun for tutorial_taskflow_api_virtualenv to None, run_after=None
[2025-01-26T18:15:08.206+0000] {processor.py:208} INFO - Processing /home/airflow/.local/lib/python3.12/site-packages/airflow/example_dags/tutorial_taskflow_api_virtualenv.py took 0.110 seconds
[2025-01-26T18:15:38.635+0000] {processor.py:186} INFO - Started process (PID=5992) to work on /home/airflow/.local/lib/python3.12/site-packages/airflow/example_dags/tutorial_taskflow_api_virtualenv.py
[2025-01-26T18:15:38.636+0000] {processor.py:914} INFO - Processing file /home/airflow/.local/lib/python3.12/site-packages/airflow/example_dags/tutorial_taskflow_api_virtualenv.py for tasks to queue
[2025-01-26T18:15:38.638+0000] {logging_mixin.py:190} INFO - [2025-01-26T18:15:38.637+0000] {dagbag.py:588} INFO - Filling up the DagBag from /home/airflow/.local/lib/python3.12/site-packages/airflow/example_dags/tutorial_taskflow_api_virtualenv.py
[2025-01-26T18:15:38.650+0000] {processor.py:925} INFO - DAG(s) 'tutorial_taskflow_api_virtualenv' retrieved from /home/airflow/.local/lib/python3.12/site-packages/airflow/example_dags/tutorial_taskflow_api_virtualenv.py
[2025-01-26T18:15:38.668+0000] {logging_mixin.py:190} INFO - [2025-01-26T18:15:38.668+0000] {dag.py:3239} INFO - Sync 1 DAGs
[2025-01-26T18:15:38.683+0000] {logging_mixin.py:190} INFO - [2025-01-26T18:15:38.683+0000] {dag.py:4180} INFO - Setting next_dagrun for tutorial_taskflow_api_virtualenv to None, run_after=None
[2025-01-26T18:15:38.701+0000] {processor.py:208} INFO - Processing /home/airflow/.local/lib/python3.12/site-packages/airflow/example_dags/tutorial_taskflow_api_virtualenv.py took 0.071 seconds
[2025-01-26T18:16:09.184+0000] {processor.py:186} INFO - Started process (PID=6056) to work on /home/airflow/.local/lib/python3.12/site-packages/airflow/example_dags/tutorial_taskflow_api_virtualenv.py
[2025-01-26T18:16:09.186+0000] {processor.py:914} INFO - Processing file /home/airflow/.local/lib/python3.12/site-packages/airflow/example_dags/tutorial_taskflow_api_virtualenv.py for tasks to queue
[2025-01-26T18:16:09.188+0000] {logging_mixin.py:190} INFO - [2025-01-26T18:16:09.187+0000] {dagbag.py:588} INFO - Filling up the DagBag from /home/airflow/.local/lib/python3.12/site-packages/airflow/example_dags/tutorial_taskflow_api_virtualenv.py
[2025-01-26T18:16:09.204+0000] {processor.py:925} INFO - DAG(s) 'tutorial_taskflow_api_virtualenv' retrieved from /home/airflow/.local/lib/python3.12/site-packages/airflow/example_dags/tutorial_taskflow_api_virtualenv.py
[2025-01-26T18:16:09.235+0000] {logging_mixin.py:190} INFO - [2025-01-26T18:16:09.235+0000] {dag.py:3239} INFO - Sync 1 DAGs
[2025-01-26T18:16:09.254+0000] {logging_mixin.py:190} INFO - [2025-01-26T18:16:09.253+0000] {dag.py:4180} INFO - Setting next_dagrun for tutorial_taskflow_api_virtualenv to None, run_after=None
[2025-01-26T18:16:09.273+0000] {processor.py:208} INFO - Processing /home/airflow/.local/lib/python3.12/site-packages/airflow/example_dags/tutorial_taskflow_api_virtualenv.py took 0.095 seconds
[2025-01-26T18:16:39.656+0000] {processor.py:186} INFO - Started process (PID=6121) to work on /home/airflow/.local/lib/python3.12/site-packages/airflow/example_dags/tutorial_taskflow_api_virtualenv.py
[2025-01-26T18:16:39.657+0000] {processor.py:914} INFO - Processing file /home/airflow/.local/lib/python3.12/site-packages/airflow/example_dags/tutorial_taskflow_api_virtualenv.py for tasks to queue
[2025-01-26T18:16:39.660+0000] {logging_mixin.py:190} INFO - [2025-01-26T18:16:39.659+0000] {dagbag.py:588} INFO - Filling up the DagBag from /home/airflow/.local/lib/python3.12/site-packages/airflow/example_dags/tutorial_taskflow_api_virtualenv.py
[2025-01-26T18:16:39.680+0000] {processor.py:925} INFO - DAG(s) 'tutorial_taskflow_api_virtualenv' retrieved from /home/airflow/.local/lib/python3.12/site-packages/airflow/example_dags/tutorial_taskflow_api_virtualenv.py
[2025-01-26T18:16:39.705+0000] {logging_mixin.py:190} INFO - [2025-01-26T18:16:39.705+0000] {dag.py:3239} INFO - Sync 1 DAGs
[2025-01-26T18:16:39.741+0000] {logging_mixin.py:190} INFO - [2025-01-26T18:16:39.741+0000] {dag.py:4180} INFO - Setting next_dagrun for tutorial_taskflow_api_virtualenv to None, run_after=None
[2025-01-26T18:16:39.769+0000] {processor.py:208} INFO - Processing /home/airflow/.local/lib/python3.12/site-packages/airflow/example_dags/tutorial_taskflow_api_virtualenv.py took 0.124 seconds
[2025-01-26T18:17:10.011+0000] {processor.py:186} INFO - Started process (PID=6185) to work on /home/airflow/.local/lib/python3.12/site-packages/airflow/example_dags/tutorial_taskflow_api_virtualenv.py
[2025-01-26T18:17:10.012+0000] {processor.py:914} INFO - Processing file /home/airflow/.local/lib/python3.12/site-packages/airflow/example_dags/tutorial_taskflow_api_virtualenv.py for tasks to queue
[2025-01-26T18:17:10.013+0000] {logging_mixin.py:190} INFO - [2025-01-26T18:17:10.013+0000] {dagbag.py:588} INFO - Filling up the DagBag from /home/airflow/.local/lib/python3.12/site-packages/airflow/example_dags/tutorial_taskflow_api_virtualenv.py
[2025-01-26T18:17:10.026+0000] {processor.py:925} INFO - DAG(s) 'tutorial_taskflow_api_virtualenv' retrieved from /home/airflow/.local/lib/python3.12/site-packages/airflow/example_dags/tutorial_taskflow_api_virtualenv.py
[2025-01-26T18:17:10.046+0000] {logging_mixin.py:190} INFO - [2025-01-26T18:17:10.046+0000] {dag.py:3239} INFO - Sync 1 DAGs
[2025-01-26T18:17:10.066+0000] {logging_mixin.py:190} INFO - [2025-01-26T18:17:10.065+0000] {dag.py:4180} INFO - Setting next_dagrun for tutorial_taskflow_api_virtualenv to None, run_after=None
[2025-01-26T18:17:10.099+0000] {processor.py:208} INFO - Processing /home/airflow/.local/lib/python3.12/site-packages/airflow/example_dags/tutorial_taskflow_api_virtualenv.py took 0.094 seconds
[2025-01-26T18:17:40.492+0000] {processor.py:186} INFO - Started process (PID=6249) to work on /home/airflow/.local/lib/python3.12/site-packages/airflow/example_dags/tutorial_taskflow_api_virtualenv.py
[2025-01-26T18:17:40.493+0000] {processor.py:914} INFO - Processing file /home/airflow/.local/lib/python3.12/site-packages/airflow/example_dags/tutorial_taskflow_api_virtualenv.py for tasks to queue
[2025-01-26T18:17:40.494+0000] {logging_mixin.py:190} INFO - [2025-01-26T18:17:40.494+0000] {dagbag.py:588} INFO - Filling up the DagBag from /home/airflow/.local/lib/python3.12/site-packages/airflow/example_dags/tutorial_taskflow_api_virtualenv.py
[2025-01-26T18:17:40.509+0000] {processor.py:925} INFO - DAG(s) 'tutorial_taskflow_api_virtualenv' retrieved from /home/airflow/.local/lib/python3.12/site-packages/airflow/example_dags/tutorial_taskflow_api_virtualenv.py
[2025-01-26T18:17:40.530+0000] {logging_mixin.py:190} INFO - [2025-01-26T18:17:40.530+0000] {dag.py:3239} INFO - Sync 1 DAGs
[2025-01-26T18:17:40.552+0000] {logging_mixin.py:190} INFO - [2025-01-26T18:17:40.551+0000] {dag.py:4180} INFO - Setting next_dagrun for tutorial_taskflow_api_virtualenv to None, run_after=None
[2025-01-26T18:17:40.575+0000] {processor.py:208} INFO - Processing /home/airflow/.local/lib/python3.12/site-packages/airflow/example_dags/tutorial_taskflow_api_virtualenv.py took 0.090 seconds
[2025-01-26T18:18:11.105+0000] {processor.py:186} INFO - Started process (PID=6313) to work on /home/airflow/.local/lib/python3.12/site-packages/airflow/example_dags/tutorial_taskflow_api_virtualenv.py
[2025-01-26T18:18:11.106+0000] {processor.py:914} INFO - Processing file /home/airflow/.local/lib/python3.12/site-packages/airflow/example_dags/tutorial_taskflow_api_virtualenv.py for tasks to queue
[2025-01-26T18:18:11.108+0000] {logging_mixin.py:190} INFO - [2025-01-26T18:18:11.107+0000] {dagbag.py:588} INFO - Filling up the DagBag from /home/airflow/.local/lib/python3.12/site-packages/airflow/example_dags/tutorial_taskflow_api_virtualenv.py
[2025-01-26T18:18:11.120+0000] {processor.py:925} INFO - DAG(s) 'tutorial_taskflow_api_virtualenv' retrieved from /home/airflow/.local/lib/python3.12/site-packages/airflow/example_dags/tutorial_taskflow_api_virtualenv.py
[2025-01-26T18:18:11.141+0000] {logging_mixin.py:190} INFO - [2025-01-26T18:18:11.141+0000] {dag.py:3239} INFO - Sync 1 DAGs
[2025-01-26T18:18:11.157+0000] {logging_mixin.py:190} INFO - [2025-01-26T18:18:11.157+0000] {dag.py:4180} INFO - Setting next_dagrun for tutorial_taskflow_api_virtualenv to None, run_after=None
[2025-01-26T18:18:11.177+0000] {processor.py:208} INFO - Processing /home/airflow/.local/lib/python3.12/site-packages/airflow/example_dags/tutorial_taskflow_api_virtualenv.py took 0.081 seconds
[2025-01-26T18:18:41.287+0000] {processor.py:186} INFO - Started process (PID=6377) to work on /home/airflow/.local/lib/python3.12/site-packages/airflow/example_dags/tutorial_taskflow_api_virtualenv.py
[2025-01-26T18:18:41.288+0000] {processor.py:914} INFO - Processing file /home/airflow/.local/lib/python3.12/site-packages/airflow/example_dags/tutorial_taskflow_api_virtualenv.py for tasks to queue
[2025-01-26T18:18:41.289+0000] {logging_mixin.py:190} INFO - [2025-01-26T18:18:41.289+0000] {dagbag.py:588} INFO - Filling up the DagBag from /home/airflow/.local/lib/python3.12/site-packages/airflow/example_dags/tutorial_taskflow_api_virtualenv.py
[2025-01-26T18:18:41.301+0000] {processor.py:925} INFO - DAG(s) 'tutorial_taskflow_api_virtualenv' retrieved from /home/airflow/.local/lib/python3.12/site-packages/airflow/example_dags/tutorial_taskflow_api_virtualenv.py
[2025-01-26T18:18:41.318+0000] {logging_mixin.py:190} INFO - [2025-01-26T18:18:41.318+0000] {dag.py:3239} INFO - Sync 1 DAGs
[2025-01-26T18:18:41.332+0000] {logging_mixin.py:190} INFO - [2025-01-26T18:18:41.332+0000] {dag.py:4180} INFO - Setting next_dagrun for tutorial_taskflow_api_virtualenv to None, run_after=None
[2025-01-26T18:18:41.350+0000] {processor.py:208} INFO - Processing /home/airflow/.local/lib/python3.12/site-packages/airflow/example_dags/tutorial_taskflow_api_virtualenv.py took 0.068 seconds
[2025-01-26T18:19:11.441+0000] {processor.py:186} INFO - Started process (PID=6440) to work on /home/airflow/.local/lib/python3.12/site-packages/airflow/example_dags/tutorial_taskflow_api_virtualenv.py
[2025-01-26T18:19:11.442+0000] {processor.py:914} INFO - Processing file /home/airflow/.local/lib/python3.12/site-packages/airflow/example_dags/tutorial_taskflow_api_virtualenv.py for tasks to queue
[2025-01-26T18:19:11.444+0000] {logging_mixin.py:190} INFO - [2025-01-26T18:19:11.443+0000] {dagbag.py:588} INFO - Filling up the DagBag from /home/airflow/.local/lib/python3.12/site-packages/airflow/example_dags/tutorial_taskflow_api_virtualenv.py
[2025-01-26T18:19:11.457+0000] {processor.py:925} INFO - DAG(s) 'tutorial_taskflow_api_virtualenv' retrieved from /home/airflow/.local/lib/python3.12/site-packages/airflow/example_dags/tutorial_taskflow_api_virtualenv.py
[2025-01-26T18:19:11.475+0000] {logging_mixin.py:190} INFO - [2025-01-26T18:19:11.475+0000] {dag.py:3239} INFO - Sync 1 DAGs
[2025-01-26T18:19:11.490+0000] {logging_mixin.py:190} INFO - [2025-01-26T18:19:11.489+0000] {dag.py:4180} INFO - Setting next_dagrun for tutorial_taskflow_api_virtualenv to None, run_after=None
[2025-01-26T18:19:11.508+0000] {processor.py:208} INFO - Processing /home/airflow/.local/lib/python3.12/site-packages/airflow/example_dags/tutorial_taskflow_api_virtualenv.py took 0.071 seconds
[2025-01-26T18:19:41.836+0000] {processor.py:186} INFO - Started process (PID=6504) to work on /home/airflow/.local/lib/python3.12/site-packages/airflow/example_dags/tutorial_taskflow_api_virtualenv.py
[2025-01-26T18:19:41.837+0000] {processor.py:914} INFO - Processing file /home/airflow/.local/lib/python3.12/site-packages/airflow/example_dags/tutorial_taskflow_api_virtualenv.py for tasks to queue
[2025-01-26T18:19:41.838+0000] {logging_mixin.py:190} INFO - [2025-01-26T18:19:41.838+0000] {dagbag.py:588} INFO - Filling up the DagBag from /home/airflow/.local/lib/python3.12/site-packages/airflow/example_dags/tutorial_taskflow_api_virtualenv.py
[2025-01-26T18:19:41.850+0000] {processor.py:925} INFO - DAG(s) 'tutorial_taskflow_api_virtualenv' retrieved from /home/airflow/.local/lib/python3.12/site-packages/airflow/example_dags/tutorial_taskflow_api_virtualenv.py
[2025-01-26T18:19:41.871+0000] {logging_mixin.py:190} INFO - [2025-01-26T18:19:41.870+0000] {dag.py:3239} INFO - Sync 1 DAGs
[2025-01-26T18:19:41.887+0000] {logging_mixin.py:190} INFO - [2025-01-26T18:19:41.887+0000] {dag.py:4180} INFO - Setting next_dagrun for tutorial_taskflow_api_virtualenv to None, run_after=None
[2025-01-26T18:19:41.910+0000] {processor.py:208} INFO - Processing /home/airflow/.local/lib/python3.12/site-packages/airflow/example_dags/tutorial_taskflow_api_virtualenv.py took 0.080 seconds
[2025-01-26T18:20:12.787+0000] {processor.py:186} INFO - Started process (PID=6567) to work on /home/airflow/.local/lib/python3.12/site-packages/airflow/example_dags/tutorial_taskflow_api_virtualenv.py
[2025-01-26T18:20:12.788+0000] {processor.py:914} INFO - Processing file /home/airflow/.local/lib/python3.12/site-packages/airflow/example_dags/tutorial_taskflow_api_virtualenv.py for tasks to queue
[2025-01-26T18:20:12.790+0000] {logging_mixin.py:190} INFO - [2025-01-26T18:20:12.790+0000] {dagbag.py:588} INFO - Filling up the DagBag from /home/airflow/.local/lib/python3.12/site-packages/airflow/example_dags/tutorial_taskflow_api_virtualenv.py
[2025-01-26T18:20:12.805+0000] {processor.py:925} INFO - DAG(s) 'tutorial_taskflow_api_virtualenv' retrieved from /home/airflow/.local/lib/python3.12/site-packages/airflow/example_dags/tutorial_taskflow_api_virtualenv.py
[2025-01-26T18:20:12.825+0000] {logging_mixin.py:190} INFO - [2025-01-26T18:20:12.824+0000] {dag.py:3239} INFO - Sync 1 DAGs
[2025-01-26T18:20:12.841+0000] {logging_mixin.py:190} INFO - [2025-01-26T18:20:12.840+0000] {dag.py:4180} INFO - Setting next_dagrun for tutorial_taskflow_api_virtualenv to None, run_after=None
[2025-01-26T18:20:12.864+0000] {processor.py:208} INFO - Processing /home/airflow/.local/lib/python3.12/site-packages/airflow/example_dags/tutorial_taskflow_api_virtualenv.py took 0.084 seconds
[2025-01-26T18:20:43.668+0000] {processor.py:186} INFO - Started process (PID=6638) to work on /home/airflow/.local/lib/python3.12/site-packages/airflow/example_dags/tutorial_taskflow_api_virtualenv.py
[2025-01-26T18:20:43.669+0000] {processor.py:914} INFO - Processing file /home/airflow/.local/lib/python3.12/site-packages/airflow/example_dags/tutorial_taskflow_api_virtualenv.py for tasks to queue
[2025-01-26T18:20:43.670+0000] {logging_mixin.py:190} INFO - [2025-01-26T18:20:43.670+0000] {dagbag.py:588} INFO - Filling up the DagBag from /home/airflow/.local/lib/python3.12/site-packages/airflow/example_dags/tutorial_taskflow_api_virtualenv.py
[2025-01-26T18:20:43.683+0000] {processor.py:925} INFO - DAG(s) 'tutorial_taskflow_api_virtualenv' retrieved from /home/airflow/.local/lib/python3.12/site-packages/airflow/example_dags/tutorial_taskflow_api_virtualenv.py
[2025-01-26T18:20:43.703+0000] {logging_mixin.py:190} INFO - [2025-01-26T18:20:43.702+0000] {dag.py:3239} INFO - Sync 1 DAGs
[2025-01-26T18:20:43.720+0000] {logging_mixin.py:190} INFO - [2025-01-26T18:20:43.719+0000] {dag.py:4180} INFO - Setting next_dagrun for tutorial_taskflow_api_virtualenv to None, run_after=None
[2025-01-26T18:20:43.742+0000] {processor.py:208} INFO - Processing /home/airflow/.local/lib/python3.12/site-packages/airflow/example_dags/tutorial_taskflow_api_virtualenv.py took 0.080 seconds
[2025-01-26T18:21:14.408+0000] {processor.py:186} INFO - Started process (PID=6703) to work on /home/airflow/.local/lib/python3.12/site-packages/airflow/example_dags/tutorial_taskflow_api_virtualenv.py
[2025-01-26T18:21:14.409+0000] {processor.py:914} INFO - Processing file /home/airflow/.local/lib/python3.12/site-packages/airflow/example_dags/tutorial_taskflow_api_virtualenv.py for tasks to queue
[2025-01-26T18:21:14.410+0000] {logging_mixin.py:190} INFO - [2025-01-26T18:21:14.410+0000] {dagbag.py:588} INFO - Filling up the DagBag from /home/airflow/.local/lib/python3.12/site-packages/airflow/example_dags/tutorial_taskflow_api_virtualenv.py
[2025-01-26T18:21:14.424+0000] {processor.py:925} INFO - DAG(s) 'tutorial_taskflow_api_virtualenv' retrieved from /home/airflow/.local/lib/python3.12/site-packages/airflow/example_dags/tutorial_taskflow_api_virtualenv.py
[2025-01-26T18:21:14.449+0000] {logging_mixin.py:190} INFO - [2025-01-26T18:21:14.449+0000] {dag.py:3239} INFO - Sync 1 DAGs
[2025-01-26T18:21:14.479+0000] {logging_mixin.py:190} INFO - [2025-01-26T18:21:14.479+0000] {dag.py:4180} INFO - Setting next_dagrun for tutorial_taskflow_api_virtualenv to None, run_after=None
[2025-01-26T18:21:14.505+0000] {processor.py:208} INFO - Processing /home/airflow/.local/lib/python3.12/site-packages/airflow/example_dags/tutorial_taskflow_api_virtualenv.py took 0.103 seconds
[2025-01-26T18:21:44.844+0000] {processor.py:186} INFO - Started process (PID=6767) to work on /home/airflow/.local/lib/python3.12/site-packages/airflow/example_dags/tutorial_taskflow_api_virtualenv.py
[2025-01-26T18:21:44.845+0000] {processor.py:914} INFO - Processing file /home/airflow/.local/lib/python3.12/site-packages/airflow/example_dags/tutorial_taskflow_api_virtualenv.py for tasks to queue
[2025-01-26T18:21:44.847+0000] {logging_mixin.py:190} INFO - [2025-01-26T18:21:44.846+0000] {dagbag.py:588} INFO - Filling up the DagBag from /home/airflow/.local/lib/python3.12/site-packages/airflow/example_dags/tutorial_taskflow_api_virtualenv.py
[2025-01-26T18:21:44.864+0000] {processor.py:925} INFO - DAG(s) 'tutorial_taskflow_api_virtualenv' retrieved from /home/airflow/.local/lib/python3.12/site-packages/airflow/example_dags/tutorial_taskflow_api_virtualenv.py
[2025-01-26T18:21:44.890+0000] {logging_mixin.py:190} INFO - [2025-01-26T18:21:44.890+0000] {dag.py:3239} INFO - Sync 1 DAGs
[2025-01-26T18:21:44.918+0000] {logging_mixin.py:190} INFO - [2025-01-26T18:21:44.918+0000] {dag.py:4180} INFO - Setting next_dagrun for tutorial_taskflow_api_virtualenv to None, run_after=None
[2025-01-26T18:21:44.943+0000] {processor.py:208} INFO - Processing /home/airflow/.local/lib/python3.12/site-packages/airflow/example_dags/tutorial_taskflow_api_virtualenv.py took 0.107 seconds
[2025-01-26T18:22:15.840+0000] {processor.py:186} INFO - Started process (PID=6831) to work on /home/airflow/.local/lib/python3.12/site-packages/airflow/example_dags/tutorial_taskflow_api_virtualenv.py
[2025-01-26T18:22:15.842+0000] {processor.py:914} INFO - Processing file /home/airflow/.local/lib/python3.12/site-packages/airflow/example_dags/tutorial_taskflow_api_virtualenv.py for tasks to queue
[2025-01-26T18:22:15.845+0000] {logging_mixin.py:190} INFO - [2025-01-26T18:22:15.845+0000] {dagbag.py:588} INFO - Filling up the DagBag from /home/airflow/.local/lib/python3.12/site-packages/airflow/example_dags/tutorial_taskflow_api_virtualenv.py
[2025-01-26T18:22:15.890+0000] {processor.py:925} INFO - DAG(s) 'tutorial_taskflow_api_virtualenv' retrieved from /home/airflow/.local/lib/python3.12/site-packages/airflow/example_dags/tutorial_taskflow_api_virtualenv.py
[2025-01-26T18:22:15.935+0000] {logging_mixin.py:190} INFO - [2025-01-26T18:22:15.935+0000] {dag.py:3239} INFO - Sync 1 DAGs
[2025-01-26T18:22:15.992+0000] {logging_mixin.py:190} INFO - [2025-01-26T18:22:15.992+0000] {dag.py:4180} INFO - Setting next_dagrun for tutorial_taskflow_api_virtualenv to None, run_after=None
[2025-01-26T18:22:16.061+0000] {processor.py:208} INFO - Processing /home/airflow/.local/lib/python3.12/site-packages/airflow/example_dags/tutorial_taskflow_api_virtualenv.py took 0.239 seconds
[2025-01-26T18:22:46.790+0000] {processor.py:186} INFO - Started process (PID=6895) to work on /home/airflow/.local/lib/python3.12/site-packages/airflow/example_dags/tutorial_taskflow_api_virtualenv.py
[2025-01-26T18:22:46.791+0000] {processor.py:914} INFO - Processing file /home/airflow/.local/lib/python3.12/site-packages/airflow/example_dags/tutorial_taskflow_api_virtualenv.py for tasks to queue
[2025-01-26T18:22:46.792+0000] {logging_mixin.py:190} INFO - [2025-01-26T18:22:46.792+0000] {dagbag.py:588} INFO - Filling up the DagBag from /home/airflow/.local/lib/python3.12/site-packages/airflow/example_dags/tutorial_taskflow_api_virtualenv.py
[2025-01-26T18:22:46.805+0000] {processor.py:925} INFO - DAG(s) 'tutorial_taskflow_api_virtualenv' retrieved from /home/airflow/.local/lib/python3.12/site-packages/airflow/example_dags/tutorial_taskflow_api_virtualenv.py
[2025-01-26T18:22:46.825+0000] {logging_mixin.py:190} INFO - [2025-01-26T18:22:46.825+0000] {dag.py:3239} INFO - Sync 1 DAGs
[2025-01-26T18:22:46.856+0000] {logging_mixin.py:190} INFO - [2025-01-26T18:22:46.856+0000] {dag.py:4180} INFO - Setting next_dagrun for tutorial_taskflow_api_virtualenv to None, run_after=None
[2025-01-26T18:22:46.878+0000] {processor.py:208} INFO - Processing /home/airflow/.local/lib/python3.12/site-packages/airflow/example_dags/tutorial_taskflow_api_virtualenv.py took 0.099 seconds
[2025-01-26T18:23:17.216+0000] {processor.py:186} INFO - Started process (PID=6959) to work on /home/airflow/.local/lib/python3.12/site-packages/airflow/example_dags/tutorial_taskflow_api_virtualenv.py
[2025-01-26T18:23:17.217+0000] {processor.py:914} INFO - Processing file /home/airflow/.local/lib/python3.12/site-packages/airflow/example_dags/tutorial_taskflow_api_virtualenv.py for tasks to queue
[2025-01-26T18:23:17.219+0000] {logging_mixin.py:190} INFO - [2025-01-26T18:23:17.218+0000] {dagbag.py:588} INFO - Filling up the DagBag from /home/airflow/.local/lib/python3.12/site-packages/airflow/example_dags/tutorial_taskflow_api_virtualenv.py
[2025-01-26T18:23:17.243+0000] {processor.py:925} INFO - DAG(s) 'tutorial_taskflow_api_virtualenv' retrieved from /home/airflow/.local/lib/python3.12/site-packages/airflow/example_dags/tutorial_taskflow_api_virtualenv.py
[2025-01-26T18:23:17.271+0000] {logging_mixin.py:190} INFO - [2025-01-26T18:23:17.271+0000] {dag.py:3239} INFO - Sync 1 DAGs
[2025-01-26T18:23:17.294+0000] {logging_mixin.py:190} INFO - [2025-01-26T18:23:17.293+0000] {dag.py:4180} INFO - Setting next_dagrun for tutorial_taskflow_api_virtualenv to None, run_after=None
[2025-01-26T18:23:17.319+0000] {processor.py:208} INFO - Processing /home/airflow/.local/lib/python3.12/site-packages/airflow/example_dags/tutorial_taskflow_api_virtualenv.py took 0.110 seconds
[2025-01-26T18:23:47.614+0000] {processor.py:186} INFO - Started process (PID=7022) to work on /home/airflow/.local/lib/python3.12/site-packages/airflow/example_dags/tutorial_taskflow_api_virtualenv.py
[2025-01-26T18:23:47.616+0000] {processor.py:914} INFO - Processing file /home/airflow/.local/lib/python3.12/site-packages/airflow/example_dags/tutorial_taskflow_api_virtualenv.py for tasks to queue
[2025-01-26T18:23:47.617+0000] {logging_mixin.py:190} INFO - [2025-01-26T18:23:47.617+0000] {dagbag.py:588} INFO - Filling up the DagBag from /home/airflow/.local/lib/python3.12/site-packages/airflow/example_dags/tutorial_taskflow_api_virtualenv.py
[2025-01-26T18:23:47.629+0000] {processor.py:925} INFO - DAG(s) 'tutorial_taskflow_api_virtualenv' retrieved from /home/airflow/.local/lib/python3.12/site-packages/airflow/example_dags/tutorial_taskflow_api_virtualenv.py
[2025-01-26T18:23:47.651+0000] {logging_mixin.py:190} INFO - [2025-01-26T18:23:47.651+0000] {dag.py:3239} INFO - Sync 1 DAGs
[2025-01-26T18:23:47.672+0000] {logging_mixin.py:190} INFO - [2025-01-26T18:23:47.672+0000] {dag.py:4180} INFO - Setting next_dagrun for tutorial_taskflow_api_virtualenv to None, run_after=None
[2025-01-26T18:23:47.697+0000] {processor.py:208} INFO - Processing /home/airflow/.local/lib/python3.12/site-packages/airflow/example_dags/tutorial_taskflow_api_virtualenv.py took 0.090 seconds
[2025-01-26T18:24:17.761+0000] {processor.py:186} INFO - Started process (PID=7086) to work on /home/airflow/.local/lib/python3.12/site-packages/airflow/example_dags/tutorial_taskflow_api_virtualenv.py
[2025-01-26T18:24:17.762+0000] {processor.py:914} INFO - Processing file /home/airflow/.local/lib/python3.12/site-packages/airflow/example_dags/tutorial_taskflow_api_virtualenv.py for tasks to queue
[2025-01-26T18:24:17.767+0000] {logging_mixin.py:190} INFO - [2025-01-26T18:24:17.767+0000] {dagbag.py:588} INFO - Filling up the DagBag from /home/airflow/.local/lib/python3.12/site-packages/airflow/example_dags/tutorial_taskflow_api_virtualenv.py
[2025-01-26T18:24:17.785+0000] {processor.py:925} INFO - DAG(s) 'tutorial_taskflow_api_virtualenv' retrieved from /home/airflow/.local/lib/python3.12/site-packages/airflow/example_dags/tutorial_taskflow_api_virtualenv.py
[2025-01-26T18:24:17.807+0000] {logging_mixin.py:190} INFO - [2025-01-26T18:24:17.807+0000] {dag.py:3239} INFO - Sync 1 DAGs
[2025-01-26T18:24:17.826+0000] {logging_mixin.py:190} INFO - [2025-01-26T18:24:17.826+0000] {dag.py:4180} INFO - Setting next_dagrun for tutorial_taskflow_api_virtualenv to None, run_after=None
[2025-01-26T18:24:17.854+0000] {processor.py:208} INFO - Processing /home/airflow/.local/lib/python3.12/site-packages/airflow/example_dags/tutorial_taskflow_api_virtualenv.py took 0.101 seconds
[2025-01-26T18:24:48.752+0000] {processor.py:186} INFO - Started process (PID=7150) to work on /home/airflow/.local/lib/python3.12/site-packages/airflow/example_dags/tutorial_taskflow_api_virtualenv.py
[2025-01-26T18:24:48.753+0000] {processor.py:914} INFO - Processing file /home/airflow/.local/lib/python3.12/site-packages/airflow/example_dags/tutorial_taskflow_api_virtualenv.py for tasks to queue
[2025-01-26T18:24:48.755+0000] {logging_mixin.py:190} INFO - [2025-01-26T18:24:48.754+0000] {dagbag.py:588} INFO - Filling up the DagBag from /home/airflow/.local/lib/python3.12/site-packages/airflow/example_dags/tutorial_taskflow_api_virtualenv.py
[2025-01-26T18:24:48.767+0000] {processor.py:925} INFO - DAG(s) 'tutorial_taskflow_api_virtualenv' retrieved from /home/airflow/.local/lib/python3.12/site-packages/airflow/example_dags/tutorial_taskflow_api_virtualenv.py
[2025-01-26T18:24:48.786+0000] {logging_mixin.py:190} INFO - [2025-01-26T18:24:48.786+0000] {dag.py:3239} INFO - Sync 1 DAGs
[2025-01-26T18:24:48.804+0000] {logging_mixin.py:190} INFO - [2025-01-26T18:24:48.804+0000] {dag.py:4180} INFO - Setting next_dagrun for tutorial_taskflow_api_virtualenv to None, run_after=None
[2025-01-26T18:24:48.825+0000] {processor.py:208} INFO - Processing /home/airflow/.local/lib/python3.12/site-packages/airflow/example_dags/tutorial_taskflow_api_virtualenv.py took 0.078 seconds
[2025-01-26T18:25:19.811+0000] {processor.py:186} INFO - Started process (PID=7214) to work on /home/airflow/.local/lib/python3.12/site-packages/airflow/example_dags/tutorial_taskflow_api_virtualenv.py
[2025-01-26T18:25:19.812+0000] {processor.py:914} INFO - Processing file /home/airflow/.local/lib/python3.12/site-packages/airflow/example_dags/tutorial_taskflow_api_virtualenv.py for tasks to queue
[2025-01-26T18:25:19.813+0000] {logging_mixin.py:190} INFO - [2025-01-26T18:25:19.813+0000] {dagbag.py:588} INFO - Filling up the DagBag from /home/airflow/.local/lib/python3.12/site-packages/airflow/example_dags/tutorial_taskflow_api_virtualenv.py
[2025-01-26T18:25:19.826+0000] {processor.py:925} INFO - DAG(s) 'tutorial_taskflow_api_virtualenv' retrieved from /home/airflow/.local/lib/python3.12/site-packages/airflow/example_dags/tutorial_taskflow_api_virtualenv.py
[2025-01-26T18:25:19.858+0000] {logging_mixin.py:190} INFO - [2025-01-26T18:25:19.858+0000] {dag.py:3239} INFO - Sync 1 DAGs
[2025-01-26T18:25:19.874+0000] {logging_mixin.py:190} INFO - [2025-01-26T18:25:19.873+0000] {dag.py:4180} INFO - Setting next_dagrun for tutorial_taskflow_api_virtualenv to None, run_after=None
[2025-01-26T18:25:19.900+0000] {processor.py:208} INFO - Processing /home/airflow/.local/lib/python3.12/site-packages/airflow/example_dags/tutorial_taskflow_api_virtualenv.py took 0.095 seconds
[2025-01-26T18:25:50.780+0000] {processor.py:186} INFO - Started process (PID=7278) to work on /home/airflow/.local/lib/python3.12/site-packages/airflow/example_dags/tutorial_taskflow_api_virtualenv.py
[2025-01-26T18:25:50.832+0000] {processor.py:914} INFO - Processing file /home/airflow/.local/lib/python3.12/site-packages/airflow/example_dags/tutorial_taskflow_api_virtualenv.py for tasks to queue
[2025-01-26T18:25:50.835+0000] {logging_mixin.py:190} INFO - [2025-01-26T18:25:50.834+0000] {dagbag.py:588} INFO - Filling up the DagBag from /home/airflow/.local/lib/python3.12/site-packages/airflow/example_dags/tutorial_taskflow_api_virtualenv.py
[2025-01-26T18:25:50.872+0000] {processor.py:925} INFO - DAG(s) 'tutorial_taskflow_api_virtualenv' retrieved from /home/airflow/.local/lib/python3.12/site-packages/airflow/example_dags/tutorial_taskflow_api_virtualenv.py
[2025-01-26T18:25:50.913+0000] {logging_mixin.py:190} INFO - [2025-01-26T18:25:50.913+0000] {dag.py:3239} INFO - Sync 1 DAGs
[2025-01-26T18:25:50.940+0000] {logging_mixin.py:190} INFO - [2025-01-26T18:25:50.940+0000] {dag.py:4180} INFO - Setting next_dagrun for tutorial_taskflow_api_virtualenv to None, run_after=None
[2025-01-26T18:25:50.976+0000] {processor.py:208} INFO - Processing /home/airflow/.local/lib/python3.12/site-packages/airflow/example_dags/tutorial_taskflow_api_virtualenv.py took 0.204 seconds
[2025-01-26T18:26:21.475+0000] {processor.py:186} INFO - Started process (PID=7341) to work on /home/airflow/.local/lib/python3.12/site-packages/airflow/example_dags/tutorial_taskflow_api_virtualenv.py
[2025-01-26T18:26:21.476+0000] {processor.py:914} INFO - Processing file /home/airflow/.local/lib/python3.12/site-packages/airflow/example_dags/tutorial_taskflow_api_virtualenv.py for tasks to queue
[2025-01-26T18:26:21.478+0000] {logging_mixin.py:190} INFO - [2025-01-26T18:26:21.477+0000] {dagbag.py:588} INFO - Filling up the DagBag from /home/airflow/.local/lib/python3.12/site-packages/airflow/example_dags/tutorial_taskflow_api_virtualenv.py
[2025-01-26T18:26:21.490+0000] {processor.py:925} INFO - DAG(s) 'tutorial_taskflow_api_virtualenv' retrieved from /home/airflow/.local/lib/python3.12/site-packages/airflow/example_dags/tutorial_taskflow_api_virtualenv.py
[2025-01-26T18:26:21.508+0000] {logging_mixin.py:190} INFO - [2025-01-26T18:26:21.508+0000] {dag.py:3239} INFO - Sync 1 DAGs
[2025-01-26T18:26:21.526+0000] {logging_mixin.py:190} INFO - [2025-01-26T18:26:21.526+0000] {dag.py:4180} INFO - Setting next_dagrun for tutorial_taskflow_api_virtualenv to None, run_after=None
[2025-01-26T18:26:21.549+0000] {processor.py:208} INFO - Processing /home/airflow/.local/lib/python3.12/site-packages/airflow/example_dags/tutorial_taskflow_api_virtualenv.py took 0.079 seconds
[2025-01-26T18:26:52.298+0000] {processor.py:186} INFO - Started process (PID=7405) to work on /home/airflow/.local/lib/python3.12/site-packages/airflow/example_dags/tutorial_taskflow_api_virtualenv.py
[2025-01-26T18:26:52.299+0000] {processor.py:914} INFO - Processing file /home/airflow/.local/lib/python3.12/site-packages/airflow/example_dags/tutorial_taskflow_api_virtualenv.py for tasks to queue
[2025-01-26T18:26:52.301+0000] {logging_mixin.py:190} INFO - [2025-01-26T18:26:52.300+0000] {dagbag.py:588} INFO - Filling up the DagBag from /home/airflow/.local/lib/python3.12/site-packages/airflow/example_dags/tutorial_taskflow_api_virtualenv.py
[2025-01-26T18:26:52.314+0000] {processor.py:925} INFO - DAG(s) 'tutorial_taskflow_api_virtualenv' retrieved from /home/airflow/.local/lib/python3.12/site-packages/airflow/example_dags/tutorial_taskflow_api_virtualenv.py
[2025-01-26T18:26:52.340+0000] {logging_mixin.py:190} INFO - [2025-01-26T18:26:52.340+0000] {dag.py:3239} INFO - Sync 1 DAGs
[2025-01-26T18:26:52.357+0000] {logging_mixin.py:190} INFO - [2025-01-26T18:26:52.357+0000] {dag.py:4180} INFO - Setting next_dagrun for tutorial_taskflow_api_virtualenv to None, run_after=None
[2025-01-26T18:26:52.376+0000] {processor.py:208} INFO - Processing /home/airflow/.local/lib/python3.12/site-packages/airflow/example_dags/tutorial_taskflow_api_virtualenv.py took 0.084 seconds
[2025-01-26T18:27:24.052+0000] {processor.py:186} INFO - Started process (PID=7470) to work on /home/airflow/.local/lib/python3.12/site-packages/airflow/example_dags/tutorial_taskflow_api_virtualenv.py
[2025-01-26T18:27:24.053+0000] {processor.py:914} INFO - Processing file /home/airflow/.local/lib/python3.12/site-packages/airflow/example_dags/tutorial_taskflow_api_virtualenv.py for tasks to queue
[2025-01-26T18:27:24.055+0000] {logging_mixin.py:190} INFO - [2025-01-26T18:27:24.055+0000] {dagbag.py:588} INFO - Filling up the DagBag from /home/airflow/.local/lib/python3.12/site-packages/airflow/example_dags/tutorial_taskflow_api_virtualenv.py
[2025-01-26T18:27:24.071+0000] {processor.py:925} INFO - DAG(s) 'tutorial_taskflow_api_virtualenv' retrieved from /home/airflow/.local/lib/python3.12/site-packages/airflow/example_dags/tutorial_taskflow_api_virtualenv.py
[2025-01-26T18:27:24.095+0000] {logging_mixin.py:190} INFO - [2025-01-26T18:27:24.094+0000] {dag.py:3239} INFO - Sync 1 DAGs
[2025-01-26T18:27:24.118+0000] {logging_mixin.py:190} INFO - [2025-01-26T18:27:24.117+0000] {dag.py:4180} INFO - Setting next_dagrun for tutorial_taskflow_api_virtualenv to None, run_after=None
[2025-01-26T18:27:24.140+0000] {processor.py:208} INFO - Processing /home/airflow/.local/lib/python3.12/site-packages/airflow/example_dags/tutorial_taskflow_api_virtualenv.py took 0.095 seconds
[2025-01-26T18:27:55.137+0000] {processor.py:186} INFO - Started process (PID=7534) to work on /home/airflow/.local/lib/python3.12/site-packages/airflow/example_dags/tutorial_taskflow_api_virtualenv.py
[2025-01-26T18:27:55.138+0000] {processor.py:914} INFO - Processing file /home/airflow/.local/lib/python3.12/site-packages/airflow/example_dags/tutorial_taskflow_api_virtualenv.py for tasks to queue
[2025-01-26T18:27:55.141+0000] {logging_mixin.py:190} INFO - [2025-01-26T18:27:55.140+0000] {dagbag.py:588} INFO - Filling up the DagBag from /home/airflow/.local/lib/python3.12/site-packages/airflow/example_dags/tutorial_taskflow_api_virtualenv.py
[2025-01-26T18:27:55.156+0000] {processor.py:925} INFO - DAG(s) 'tutorial_taskflow_api_virtualenv' retrieved from /home/airflow/.local/lib/python3.12/site-packages/airflow/example_dags/tutorial_taskflow_api_virtualenv.py
[2025-01-26T18:27:55.179+0000] {logging_mixin.py:190} INFO - [2025-01-26T18:27:55.178+0000] {dag.py:3239} INFO - Sync 1 DAGs
[2025-01-26T18:27:55.198+0000] {logging_mixin.py:190} INFO - [2025-01-26T18:27:55.198+0000] {dag.py:4180} INFO - Setting next_dagrun for tutorial_taskflow_api_virtualenv to None, run_after=None
[2025-01-26T18:27:55.223+0000] {processor.py:208} INFO - Processing /home/airflow/.local/lib/python3.12/site-packages/airflow/example_dags/tutorial_taskflow_api_virtualenv.py took 0.094 seconds
[2025-01-26T18:28:26.417+0000] {processor.py:186} INFO - Started process (PID=7598) to work on /home/airflow/.local/lib/python3.12/site-packages/airflow/example_dags/tutorial_taskflow_api_virtualenv.py
[2025-01-26T18:28:26.418+0000] {processor.py:914} INFO - Processing file /home/airflow/.local/lib/python3.12/site-packages/airflow/example_dags/tutorial_taskflow_api_virtualenv.py for tasks to queue
[2025-01-26T18:28:26.420+0000] {logging_mixin.py:190} INFO - [2025-01-26T18:28:26.419+0000] {dagbag.py:588} INFO - Filling up the DagBag from /home/airflow/.local/lib/python3.12/site-packages/airflow/example_dags/tutorial_taskflow_api_virtualenv.py
[2025-01-26T18:28:26.432+0000] {processor.py:925} INFO - DAG(s) 'tutorial_taskflow_api_virtualenv' retrieved from /home/airflow/.local/lib/python3.12/site-packages/airflow/example_dags/tutorial_taskflow_api_virtualenv.py
[2025-01-26T18:28:26.453+0000] {logging_mixin.py:190} INFO - [2025-01-26T18:28:26.453+0000] {dag.py:3239} INFO - Sync 1 DAGs
[2025-01-26T18:28:26.472+0000] {logging_mixin.py:190} INFO - [2025-01-26T18:28:26.472+0000] {dag.py:4180} INFO - Setting next_dagrun for tutorial_taskflow_api_virtualenv to None, run_after=None
[2025-01-26T18:28:26.494+0000] {processor.py:208} INFO - Processing /home/airflow/.local/lib/python3.12/site-packages/airflow/example_dags/tutorial_taskflow_api_virtualenv.py took 0.083 seconds
[2025-01-26T18:28:57.913+0000] {processor.py:186} INFO - Started process (PID=7662) to work on /home/airflow/.local/lib/python3.12/site-packages/airflow/example_dags/tutorial_taskflow_api_virtualenv.py
[2025-01-26T18:28:57.914+0000] {processor.py:914} INFO - Processing file /home/airflow/.local/lib/python3.12/site-packages/airflow/example_dags/tutorial_taskflow_api_virtualenv.py for tasks to queue
[2025-01-26T18:28:57.916+0000] {logging_mixin.py:190} INFO - [2025-01-26T18:28:57.915+0000] {dagbag.py:588} INFO - Filling up the DagBag from /home/airflow/.local/lib/python3.12/site-packages/airflow/example_dags/tutorial_taskflow_api_virtualenv.py
[2025-01-26T18:28:57.934+0000] {processor.py:925} INFO - DAG(s) 'tutorial_taskflow_api_virtualenv' retrieved from /home/airflow/.local/lib/python3.12/site-packages/airflow/example_dags/tutorial_taskflow_api_virtualenv.py
[2025-01-26T18:28:57.960+0000] {logging_mixin.py:190} INFO - [2025-01-26T18:28:57.960+0000] {dag.py:3239} INFO - Sync 1 DAGs
[2025-01-26T18:28:57.977+0000] {logging_mixin.py:190} INFO - [2025-01-26T18:28:57.977+0000] {dag.py:4180} INFO - Setting next_dagrun for tutorial_taskflow_api_virtualenv to None, run_after=None
[2025-01-26T18:28:57.997+0000] {processor.py:208} INFO - Processing /home/airflow/.local/lib/python3.12/site-packages/airflow/example_dags/tutorial_taskflow_api_virtualenv.py took 0.094 seconds
[2025-01-26T18:29:29.240+0000] {processor.py:186} INFO - Started process (PID=7726) to work on /home/airflow/.local/lib/python3.12/site-packages/airflow/example_dags/tutorial_taskflow_api_virtualenv.py
[2025-01-26T18:29:29.241+0000] {processor.py:914} INFO - Processing file /home/airflow/.local/lib/python3.12/site-packages/airflow/example_dags/tutorial_taskflow_api_virtualenv.py for tasks to queue
[2025-01-26T18:29:29.243+0000] {logging_mixin.py:190} INFO - [2025-01-26T18:29:29.242+0000] {dagbag.py:588} INFO - Filling up the DagBag from /home/airflow/.local/lib/python3.12/site-packages/airflow/example_dags/tutorial_taskflow_api_virtualenv.py
[2025-01-26T18:29:29.258+0000] {processor.py:925} INFO - DAG(s) 'tutorial_taskflow_api_virtualenv' retrieved from /home/airflow/.local/lib/python3.12/site-packages/airflow/example_dags/tutorial_taskflow_api_virtualenv.py
[2025-01-26T18:29:29.280+0000] {logging_mixin.py:190} INFO - [2025-01-26T18:29:29.280+0000] {dag.py:3239} INFO - Sync 1 DAGs
[2025-01-26T18:29:29.301+0000] {logging_mixin.py:190} INFO - [2025-01-26T18:29:29.300+0000] {dag.py:4180} INFO - Setting next_dagrun for tutorial_taskflow_api_virtualenv to None, run_after=None
[2025-01-26T18:29:29.321+0000] {processor.py:208} INFO - Processing /home/airflow/.local/lib/python3.12/site-packages/airflow/example_dags/tutorial_taskflow_api_virtualenv.py took 0.088 seconds
[2025-01-26T18:30:01.187+0000] {processor.py:186} INFO - Started process (PID=7790) to work on /home/airflow/.local/lib/python3.12/site-packages/airflow/example_dags/tutorial_taskflow_api_virtualenv.py
[2025-01-26T18:30:01.188+0000] {processor.py:914} INFO - Processing file /home/airflow/.local/lib/python3.12/site-packages/airflow/example_dags/tutorial_taskflow_api_virtualenv.py for tasks to queue
[2025-01-26T18:30:01.191+0000] {logging_mixin.py:190} INFO - [2025-01-26T18:30:01.190+0000] {dagbag.py:588} INFO - Filling up the DagBag from /home/airflow/.local/lib/python3.12/site-packages/airflow/example_dags/tutorial_taskflow_api_virtualenv.py
[2025-01-26T18:30:01.208+0000] {processor.py:925} INFO - DAG(s) 'tutorial_taskflow_api_virtualenv' retrieved from /home/airflow/.local/lib/python3.12/site-packages/airflow/example_dags/tutorial_taskflow_api_virtualenv.py
[2025-01-26T18:30:01.237+0000] {logging_mixin.py:190} INFO - [2025-01-26T18:30:01.236+0000] {dag.py:3239} INFO - Sync 1 DAGs
[2025-01-26T18:30:01.263+0000] {logging_mixin.py:190} INFO - [2025-01-26T18:30:01.262+0000] {dag.py:4180} INFO - Setting next_dagrun for tutorial_taskflow_api_virtualenv to None, run_after=None
[2025-01-26T18:30:01.296+0000] {processor.py:208} INFO - Processing /home/airflow/.local/lib/python3.12/site-packages/airflow/example_dags/tutorial_taskflow_api_virtualenv.py took 0.117 seconds
[2025-01-26T18:30:32.154+0000] {processor.py:186} INFO - Started process (PID=7853) to work on /home/airflow/.local/lib/python3.12/site-packages/airflow/example_dags/tutorial_taskflow_api_virtualenv.py
[2025-01-26T18:30:32.155+0000] {processor.py:914} INFO - Processing file /home/airflow/.local/lib/python3.12/site-packages/airflow/example_dags/tutorial_taskflow_api_virtualenv.py for tasks to queue
[2025-01-26T18:30:32.158+0000] {logging_mixin.py:190} INFO - [2025-01-26T18:30:32.157+0000] {dagbag.py:588} INFO - Filling up the DagBag from /home/airflow/.local/lib/python3.12/site-packages/airflow/example_dags/tutorial_taskflow_api_virtualenv.py
[2025-01-26T18:30:32.177+0000] {processor.py:925} INFO - DAG(s) 'tutorial_taskflow_api_virtualenv' retrieved from /home/airflow/.local/lib/python3.12/site-packages/airflow/example_dags/tutorial_taskflow_api_virtualenv.py
[2025-01-26T18:30:32.207+0000] {logging_mixin.py:190} INFO - [2025-01-26T18:30:32.206+0000] {dag.py:3239} INFO - Sync 1 DAGs
[2025-01-26T18:30:32.252+0000] {logging_mixin.py:190} INFO - [2025-01-26T18:30:32.252+0000] {dag.py:4180} INFO - Setting next_dagrun for tutorial_taskflow_api_virtualenv to None, run_after=None
[2025-01-26T18:30:32.283+0000] {processor.py:208} INFO - Processing /home/airflow/.local/lib/python3.12/site-packages/airflow/example_dags/tutorial_taskflow_api_virtualenv.py took 0.137 seconds
[2025-01-26T18:31:03.111+0000] {processor.py:186} INFO - Started process (PID=7918) to work on /home/airflow/.local/lib/python3.12/site-packages/airflow/example_dags/tutorial_taskflow_api_virtualenv.py
[2025-01-26T18:31:03.112+0000] {processor.py:914} INFO - Processing file /home/airflow/.local/lib/python3.12/site-packages/airflow/example_dags/tutorial_taskflow_api_virtualenv.py for tasks to queue
[2025-01-26T18:31:03.113+0000] {logging_mixin.py:190} INFO - [2025-01-26T18:31:03.113+0000] {dagbag.py:588} INFO - Filling up the DagBag from /home/airflow/.local/lib/python3.12/site-packages/airflow/example_dags/tutorial_taskflow_api_virtualenv.py
[2025-01-26T18:31:03.128+0000] {processor.py:925} INFO - DAG(s) 'tutorial_taskflow_api_virtualenv' retrieved from /home/airflow/.local/lib/python3.12/site-packages/airflow/example_dags/tutorial_taskflow_api_virtualenv.py
[2025-01-26T18:31:03.154+0000] {logging_mixin.py:190} INFO - [2025-01-26T18:31:03.154+0000] {dag.py:3239} INFO - Sync 1 DAGs
[2025-01-26T18:31:03.178+0000] {logging_mixin.py:190} INFO - [2025-01-26T18:31:03.178+0000] {dag.py:4180} INFO - Setting next_dagrun for tutorial_taskflow_api_virtualenv to None, run_after=None
[2025-01-26T18:31:03.203+0000] {processor.py:208} INFO - Processing /home/airflow/.local/lib/python3.12/site-packages/airflow/example_dags/tutorial_taskflow_api_virtualenv.py took 0.100 seconds
[2025-01-26T18:31:34.097+0000] {processor.py:186} INFO - Started process (PID=7985) to work on /home/airflow/.local/lib/python3.12/site-packages/airflow/example_dags/tutorial_taskflow_api_virtualenv.py
[2025-01-26T18:31:34.098+0000] {processor.py:914} INFO - Processing file /home/airflow/.local/lib/python3.12/site-packages/airflow/example_dags/tutorial_taskflow_api_virtualenv.py for tasks to queue
[2025-01-26T18:31:34.099+0000] {logging_mixin.py:190} INFO - [2025-01-26T18:31:34.099+0000] {dagbag.py:588} INFO - Filling up the DagBag from /home/airflow/.local/lib/python3.12/site-packages/airflow/example_dags/tutorial_taskflow_api_virtualenv.py
[2025-01-26T18:31:34.112+0000] {processor.py:925} INFO - DAG(s) 'tutorial_taskflow_api_virtualenv' retrieved from /home/airflow/.local/lib/python3.12/site-packages/airflow/example_dags/tutorial_taskflow_api_virtualenv.py
[2025-01-26T18:31:34.134+0000] {logging_mixin.py:190} INFO - [2025-01-26T18:31:34.134+0000] {dag.py:3239} INFO - Sync 1 DAGs
[2025-01-26T18:31:34.153+0000] {logging_mixin.py:190} INFO - [2025-01-26T18:31:34.153+0000] {dag.py:4180} INFO - Setting next_dagrun for tutorial_taskflow_api_virtualenv to None, run_after=None
[2025-01-26T18:31:34.175+0000] {processor.py:208} INFO - Processing /home/airflow/.local/lib/python3.12/site-packages/airflow/example_dags/tutorial_taskflow_api_virtualenv.py took 0.087 seconds
[2025-01-26T18:32:04.768+0000] {processor.py:186} INFO - Started process (PID=8048) to work on /home/airflow/.local/lib/python3.12/site-packages/airflow/example_dags/tutorial_taskflow_api_virtualenv.py
[2025-01-26T18:32:04.769+0000] {processor.py:914} INFO - Processing file /home/airflow/.local/lib/python3.12/site-packages/airflow/example_dags/tutorial_taskflow_api_virtualenv.py for tasks to queue
[2025-01-26T18:32:04.770+0000] {logging_mixin.py:190} INFO - [2025-01-26T18:32:04.770+0000] {dagbag.py:588} INFO - Filling up the DagBag from /home/airflow/.local/lib/python3.12/site-packages/airflow/example_dags/tutorial_taskflow_api_virtualenv.py
[2025-01-26T18:32:04.782+0000] {processor.py:925} INFO - DAG(s) 'tutorial_taskflow_api_virtualenv' retrieved from /home/airflow/.local/lib/python3.12/site-packages/airflow/example_dags/tutorial_taskflow_api_virtualenv.py
[2025-01-26T18:32:04.804+0000] {logging_mixin.py:190} INFO - [2025-01-26T18:32:04.804+0000] {dag.py:3239} INFO - Sync 1 DAGs
[2025-01-26T18:32:04.820+0000] {logging_mixin.py:190} INFO - [2025-01-26T18:32:04.819+0000] {dag.py:4180} INFO - Setting next_dagrun for tutorial_taskflow_api_virtualenv to None, run_after=None
[2025-01-26T18:32:04.851+0000] {processor.py:208} INFO - Processing /home/airflow/.local/lib/python3.12/site-packages/airflow/example_dags/tutorial_taskflow_api_virtualenv.py took 0.089 seconds
[2025-01-26T18:32:35.186+0000] {processor.py:186} INFO - Started process (PID=8111) to work on /home/airflow/.local/lib/python3.12/site-packages/airflow/example_dags/tutorial_taskflow_api_virtualenv.py
[2025-01-26T18:32:35.187+0000] {processor.py:914} INFO - Processing file /home/airflow/.local/lib/python3.12/site-packages/airflow/example_dags/tutorial_taskflow_api_virtualenv.py for tasks to queue
[2025-01-26T18:32:35.189+0000] {logging_mixin.py:190} INFO - [2025-01-26T18:32:35.189+0000] {dagbag.py:588} INFO - Filling up the DagBag from /home/airflow/.local/lib/python3.12/site-packages/airflow/example_dags/tutorial_taskflow_api_virtualenv.py
[2025-01-26T18:32:35.204+0000] {processor.py:925} INFO - DAG(s) 'tutorial_taskflow_api_virtualenv' retrieved from /home/airflow/.local/lib/python3.12/site-packages/airflow/example_dags/tutorial_taskflow_api_virtualenv.py
[2025-01-26T18:32:35.223+0000] {logging_mixin.py:190} INFO - [2025-01-26T18:32:35.223+0000] {dag.py:3239} INFO - Sync 1 DAGs
[2025-01-26T18:32:35.242+0000] {logging_mixin.py:190} INFO - [2025-01-26T18:32:35.242+0000] {dag.py:4180} INFO - Setting next_dagrun for tutorial_taskflow_api_virtualenv to None, run_after=None
[2025-01-26T18:32:35.262+0000] {processor.py:208} INFO - Processing /home/airflow/.local/lib/python3.12/site-packages/airflow/example_dags/tutorial_taskflow_api_virtualenv.py took 0.082 seconds
[2025-01-26T18:33:05.564+0000] {processor.py:186} INFO - Started process (PID=8176) to work on /home/airflow/.local/lib/python3.12/site-packages/airflow/example_dags/tutorial_taskflow_api_virtualenv.py
[2025-01-26T18:33:05.566+0000] {processor.py:914} INFO - Processing file /home/airflow/.local/lib/python3.12/site-packages/airflow/example_dags/tutorial_taskflow_api_virtualenv.py for tasks to queue
[2025-01-26T18:33:05.568+0000] {logging_mixin.py:190} INFO - [2025-01-26T18:33:05.568+0000] {dagbag.py:588} INFO - Filling up the DagBag from /home/airflow/.local/lib/python3.12/site-packages/airflow/example_dags/tutorial_taskflow_api_virtualenv.py
[2025-01-26T18:33:05.590+0000] {processor.py:925} INFO - DAG(s) 'tutorial_taskflow_api_virtualenv' retrieved from /home/airflow/.local/lib/python3.12/site-packages/airflow/example_dags/tutorial_taskflow_api_virtualenv.py
[2025-01-26T18:33:05.609+0000] {logging_mixin.py:190} INFO - [2025-01-26T18:33:05.609+0000] {dag.py:3239} INFO - Sync 1 DAGs
[2025-01-26T18:33:05.626+0000] {logging_mixin.py:190} INFO - [2025-01-26T18:33:05.626+0000] {dag.py:4180} INFO - Setting next_dagrun for tutorial_taskflow_api_virtualenv to None, run_after=None
[2025-01-26T18:33:05.650+0000] {processor.py:208} INFO - Processing /home/airflow/.local/lib/python3.12/site-packages/airflow/example_dags/tutorial_taskflow_api_virtualenv.py took 0.092 seconds
[2025-01-26T18:33:35.966+0000] {processor.py:186} INFO - Started process (PID=8240) to work on /home/airflow/.local/lib/python3.12/site-packages/airflow/example_dags/tutorial_taskflow_api_virtualenv.py
[2025-01-26T18:33:35.968+0000] {processor.py:914} INFO - Processing file /home/airflow/.local/lib/python3.12/site-packages/airflow/example_dags/tutorial_taskflow_api_virtualenv.py for tasks to queue
[2025-01-26T18:33:35.969+0000] {logging_mixin.py:190} INFO - [2025-01-26T18:33:35.969+0000] {dagbag.py:588} INFO - Filling up the DagBag from /home/airflow/.local/lib/python3.12/site-packages/airflow/example_dags/tutorial_taskflow_api_virtualenv.py
[2025-01-26T18:33:35.985+0000] {processor.py:925} INFO - DAG(s) 'tutorial_taskflow_api_virtualenv' retrieved from /home/airflow/.local/lib/python3.12/site-packages/airflow/example_dags/tutorial_taskflow_api_virtualenv.py
[2025-01-26T18:33:36.008+0000] {logging_mixin.py:190} INFO - [2025-01-26T18:33:36.008+0000] {dag.py:3239} INFO - Sync 1 DAGs
[2025-01-26T18:33:36.025+0000] {logging_mixin.py:190} INFO - [2025-01-26T18:33:36.025+0000] {dag.py:4180} INFO - Setting next_dagrun for tutorial_taskflow_api_virtualenv to None, run_after=None
[2025-01-26T18:33:36.046+0000] {processor.py:208} INFO - Processing /home/airflow/.local/lib/python3.12/site-packages/airflow/example_dags/tutorial_taskflow_api_virtualenv.py took 0.087 seconds
[2025-01-26T18:34:06.318+0000] {processor.py:186} INFO - Started process (PID=8304) to work on /home/airflow/.local/lib/python3.12/site-packages/airflow/example_dags/tutorial_taskflow_api_virtualenv.py
[2025-01-26T18:34:06.319+0000] {processor.py:914} INFO - Processing file /home/airflow/.local/lib/python3.12/site-packages/airflow/example_dags/tutorial_taskflow_api_virtualenv.py for tasks to queue
[2025-01-26T18:34:06.320+0000] {logging_mixin.py:190} INFO - [2025-01-26T18:34:06.320+0000] {dagbag.py:588} INFO - Filling up the DagBag from /home/airflow/.local/lib/python3.12/site-packages/airflow/example_dags/tutorial_taskflow_api_virtualenv.py
[2025-01-26T18:34:06.332+0000] {processor.py:925} INFO - DAG(s) 'tutorial_taskflow_api_virtualenv' retrieved from /home/airflow/.local/lib/python3.12/site-packages/airflow/example_dags/tutorial_taskflow_api_virtualenv.py
[2025-01-26T18:34:06.356+0000] {logging_mixin.py:190} INFO - [2025-01-26T18:34:06.356+0000] {dag.py:3239} INFO - Sync 1 DAGs
[2025-01-26T18:34:06.375+0000] {logging_mixin.py:190} INFO - [2025-01-26T18:34:06.375+0000] {dag.py:4180} INFO - Setting next_dagrun for tutorial_taskflow_api_virtualenv to None, run_after=None
[2025-01-26T18:34:06.394+0000] {processor.py:208} INFO - Processing /home/airflow/.local/lib/python3.12/site-packages/airflow/example_dags/tutorial_taskflow_api_virtualenv.py took 0.082 seconds
[2025-01-26T18:34:36.521+0000] {processor.py:186} INFO - Started process (PID=8368) to work on /home/airflow/.local/lib/python3.12/site-packages/airflow/example_dags/tutorial_taskflow_api_virtualenv.py
[2025-01-26T18:34:36.525+0000] {processor.py:914} INFO - Processing file /home/airflow/.local/lib/python3.12/site-packages/airflow/example_dags/tutorial_taskflow_api_virtualenv.py for tasks to queue
[2025-01-26T18:34:36.528+0000] {logging_mixin.py:190} INFO - [2025-01-26T18:34:36.527+0000] {dagbag.py:588} INFO - Filling up the DagBag from /home/airflow/.local/lib/python3.12/site-packages/airflow/example_dags/tutorial_taskflow_api_virtualenv.py
[2025-01-26T18:34:36.550+0000] {processor.py:925} INFO - DAG(s) 'tutorial_taskflow_api_virtualenv' retrieved from /home/airflow/.local/lib/python3.12/site-packages/airflow/example_dags/tutorial_taskflow_api_virtualenv.py
[2025-01-26T18:34:36.585+0000] {logging_mixin.py:190} INFO - [2025-01-26T18:34:36.585+0000] {dag.py:3239} INFO - Sync 1 DAGs
[2025-01-26T18:34:36.615+0000] {logging_mixin.py:190} INFO - [2025-01-26T18:34:36.615+0000] {dag.py:4180} INFO - Setting next_dagrun for tutorial_taskflow_api_virtualenv to None, run_after=None
[2025-01-26T18:34:36.650+0000] {processor.py:208} INFO - Processing /home/airflow/.local/lib/python3.12/site-packages/airflow/example_dags/tutorial_taskflow_api_virtualenv.py took 0.136 seconds
[2025-01-26T18:35:06.743+0000] {processor.py:186} INFO - Started process (PID=8431) to work on /home/airflow/.local/lib/python3.12/site-packages/airflow/example_dags/tutorial_taskflow_api_virtualenv.py
[2025-01-26T18:35:06.744+0000] {processor.py:914} INFO - Processing file /home/airflow/.local/lib/python3.12/site-packages/airflow/example_dags/tutorial_taskflow_api_virtualenv.py for tasks to queue
[2025-01-26T18:35:06.745+0000] {logging_mixin.py:190} INFO - [2025-01-26T18:35:06.745+0000] {dagbag.py:588} INFO - Filling up the DagBag from /home/airflow/.local/lib/python3.12/site-packages/airflow/example_dags/tutorial_taskflow_api_virtualenv.py
[2025-01-26T18:35:06.760+0000] {processor.py:925} INFO - DAG(s) 'tutorial_taskflow_api_virtualenv' retrieved from /home/airflow/.local/lib/python3.12/site-packages/airflow/example_dags/tutorial_taskflow_api_virtualenv.py
[2025-01-26T18:35:06.780+0000] {logging_mixin.py:190} INFO - [2025-01-26T18:35:06.780+0000] {dag.py:3239} INFO - Sync 1 DAGs
[2025-01-26T18:35:06.800+0000] {logging_mixin.py:190} INFO - [2025-01-26T18:35:06.800+0000] {dag.py:4180} INFO - Setting next_dagrun for tutorial_taskflow_api_virtualenv to None, run_after=None
[2025-01-26T18:35:06.823+0000] {processor.py:208} INFO - Processing /home/airflow/.local/lib/python3.12/site-packages/airflow/example_dags/tutorial_taskflow_api_virtualenv.py took 0.087 seconds
[2025-01-26T18:35:37.030+0000] {processor.py:186} INFO - Started process (PID=8495) to work on /home/airflow/.local/lib/python3.12/site-packages/airflow/example_dags/tutorial_taskflow_api_virtualenv.py
[2025-01-26T18:35:37.031+0000] {processor.py:914} INFO - Processing file /home/airflow/.local/lib/python3.12/site-packages/airflow/example_dags/tutorial_taskflow_api_virtualenv.py for tasks to queue
[2025-01-26T18:35:37.032+0000] {logging_mixin.py:190} INFO - [2025-01-26T18:35:37.032+0000] {dagbag.py:588} INFO - Filling up the DagBag from /home/airflow/.local/lib/python3.12/site-packages/airflow/example_dags/tutorial_taskflow_api_virtualenv.py
[2025-01-26T18:35:37.044+0000] {processor.py:925} INFO - DAG(s) 'tutorial_taskflow_api_virtualenv' retrieved from /home/airflow/.local/lib/python3.12/site-packages/airflow/example_dags/tutorial_taskflow_api_virtualenv.py
[2025-01-26T18:35:37.067+0000] {logging_mixin.py:190} INFO - [2025-01-26T18:35:37.067+0000] {dag.py:3239} INFO - Sync 1 DAGs
[2025-01-26T18:35:37.082+0000] {logging_mixin.py:190} INFO - [2025-01-26T18:35:37.081+0000] {dag.py:4180} INFO - Setting next_dagrun for tutorial_taskflow_api_virtualenv to None, run_after=None
[2025-01-26T18:35:37.115+0000] {processor.py:208} INFO - Processing /home/airflow/.local/lib/python3.12/site-packages/airflow/example_dags/tutorial_taskflow_api_virtualenv.py took 0.092 seconds
[2025-01-26T18:36:07.569+0000] {processor.py:186} INFO - Started process (PID=8559) to work on /home/airflow/.local/lib/python3.12/site-packages/airflow/example_dags/tutorial_taskflow_api_virtualenv.py
[2025-01-26T18:36:07.570+0000] {processor.py:914} INFO - Processing file /home/airflow/.local/lib/python3.12/site-packages/airflow/example_dags/tutorial_taskflow_api_virtualenv.py for tasks to queue
[2025-01-26T18:36:07.572+0000] {logging_mixin.py:190} INFO - [2025-01-26T18:36:07.571+0000] {dagbag.py:588} INFO - Filling up the DagBag from /home/airflow/.local/lib/python3.12/site-packages/airflow/example_dags/tutorial_taskflow_api_virtualenv.py
[2025-01-26T18:36:07.584+0000] {processor.py:925} INFO - DAG(s) 'tutorial_taskflow_api_virtualenv' retrieved from /home/airflow/.local/lib/python3.12/site-packages/airflow/example_dags/tutorial_taskflow_api_virtualenv.py
[2025-01-26T18:36:07.604+0000] {logging_mixin.py:190} INFO - [2025-01-26T18:36:07.604+0000] {dag.py:3239} INFO - Sync 1 DAGs
[2025-01-26T18:36:07.619+0000] {logging_mixin.py:190} INFO - [2025-01-26T18:36:07.619+0000] {dag.py:4180} INFO - Setting next_dagrun for tutorial_taskflow_api_virtualenv to None, run_after=None
[2025-01-26T18:36:07.637+0000] {processor.py:208} INFO - Processing /home/airflow/.local/lib/python3.12/site-packages/airflow/example_dags/tutorial_taskflow_api_virtualenv.py took 0.074 seconds
[2025-01-26T18:36:38.013+0000] {processor.py:186} INFO - Started process (PID=8624) to work on /home/airflow/.local/lib/python3.12/site-packages/airflow/example_dags/tutorial_taskflow_api_virtualenv.py
[2025-01-26T18:36:38.014+0000] {processor.py:914} INFO - Processing file /home/airflow/.local/lib/python3.12/site-packages/airflow/example_dags/tutorial_taskflow_api_virtualenv.py for tasks to queue
[2025-01-26T18:36:38.015+0000] {logging_mixin.py:190} INFO - [2025-01-26T18:36:38.015+0000] {dagbag.py:588} INFO - Filling up the DagBag from /home/airflow/.local/lib/python3.12/site-packages/airflow/example_dags/tutorial_taskflow_api_virtualenv.py
[2025-01-26T18:36:38.029+0000] {processor.py:925} INFO - DAG(s) 'tutorial_taskflow_api_virtualenv' retrieved from /home/airflow/.local/lib/python3.12/site-packages/airflow/example_dags/tutorial_taskflow_api_virtualenv.py
[2025-01-26T18:36:38.047+0000] {logging_mixin.py:190} INFO - [2025-01-26T18:36:38.047+0000] {dag.py:3239} INFO - Sync 1 DAGs
[2025-01-26T18:36:38.061+0000] {logging_mixin.py:190} INFO - [2025-01-26T18:36:38.061+0000] {dag.py:4180} INFO - Setting next_dagrun for tutorial_taskflow_api_virtualenv to None, run_after=None
[2025-01-26T18:36:38.079+0000] {processor.py:208} INFO - Processing /home/airflow/.local/lib/python3.12/site-packages/airflow/example_dags/tutorial_taskflow_api_virtualenv.py took 0.075 seconds
[2025-01-26T18:37:08.387+0000] {processor.py:186} INFO - Started process (PID=8688) to work on /home/airflow/.local/lib/python3.12/site-packages/airflow/example_dags/tutorial_taskflow_api_virtualenv.py
[2025-01-26T18:37:08.388+0000] {processor.py:914} INFO - Processing file /home/airflow/.local/lib/python3.12/site-packages/airflow/example_dags/tutorial_taskflow_api_virtualenv.py for tasks to queue
[2025-01-26T18:37:08.389+0000] {logging_mixin.py:190} INFO - [2025-01-26T18:37:08.389+0000] {dagbag.py:588} INFO - Filling up the DagBag from /home/airflow/.local/lib/python3.12/site-packages/airflow/example_dags/tutorial_taskflow_api_virtualenv.py
[2025-01-26T18:37:08.401+0000] {processor.py:925} INFO - DAG(s) 'tutorial_taskflow_api_virtualenv' retrieved from /home/airflow/.local/lib/python3.12/site-packages/airflow/example_dags/tutorial_taskflow_api_virtualenv.py
[2025-01-26T18:37:08.424+0000] {logging_mixin.py:190} INFO - [2025-01-26T18:37:08.423+0000] {dag.py:3239} INFO - Sync 1 DAGs
[2025-01-26T18:37:08.443+0000] {logging_mixin.py:190} INFO - [2025-01-26T18:37:08.442+0000] {dag.py:4180} INFO - Setting next_dagrun for tutorial_taskflow_api_virtualenv to None, run_after=None
[2025-01-26T18:37:08.464+0000] {processor.py:208} INFO - Processing /home/airflow/.local/lib/python3.12/site-packages/airflow/example_dags/tutorial_taskflow_api_virtualenv.py took 0.083 seconds
[2025-01-26T18:37:38.807+0000] {processor.py:186} INFO - Started process (PID=8752) to work on /home/airflow/.local/lib/python3.12/site-packages/airflow/example_dags/tutorial_taskflow_api_virtualenv.py
[2025-01-26T18:37:38.808+0000] {processor.py:914} INFO - Processing file /home/airflow/.local/lib/python3.12/site-packages/airflow/example_dags/tutorial_taskflow_api_virtualenv.py for tasks to queue
[2025-01-26T18:37:38.810+0000] {logging_mixin.py:190} INFO - [2025-01-26T18:37:38.809+0000] {dagbag.py:588} INFO - Filling up the DagBag from /home/airflow/.local/lib/python3.12/site-packages/airflow/example_dags/tutorial_taskflow_api_virtualenv.py
[2025-01-26T18:37:38.822+0000] {processor.py:925} INFO - DAG(s) 'tutorial_taskflow_api_virtualenv' retrieved from /home/airflow/.local/lib/python3.12/site-packages/airflow/example_dags/tutorial_taskflow_api_virtualenv.py
[2025-01-26T18:37:38.843+0000] {logging_mixin.py:190} INFO - [2025-01-26T18:37:38.842+0000] {dag.py:3239} INFO - Sync 1 DAGs
[2025-01-26T18:37:38.859+0000] {logging_mixin.py:190} INFO - [2025-01-26T18:37:38.859+0000] {dag.py:4180} INFO - Setting next_dagrun for tutorial_taskflow_api_virtualenv to None, run_after=None
[2025-01-26T18:37:38.879+0000] {processor.py:208} INFO - Processing /home/airflow/.local/lib/python3.12/site-packages/airflow/example_dags/tutorial_taskflow_api_virtualenv.py took 0.079 seconds
[2025-01-26T18:38:09.153+0000] {processor.py:186} INFO - Started process (PID=8816) to work on /home/airflow/.local/lib/python3.12/site-packages/airflow/example_dags/tutorial_taskflow_api_virtualenv.py
[2025-01-26T18:38:09.154+0000] {processor.py:914} INFO - Processing file /home/airflow/.local/lib/python3.12/site-packages/airflow/example_dags/tutorial_taskflow_api_virtualenv.py for tasks to queue
[2025-01-26T18:38:09.155+0000] {logging_mixin.py:190} INFO - [2025-01-26T18:38:09.155+0000] {dagbag.py:588} INFO - Filling up the DagBag from /home/airflow/.local/lib/python3.12/site-packages/airflow/example_dags/tutorial_taskflow_api_virtualenv.py
[2025-01-26T18:38:09.170+0000] {processor.py:925} INFO - DAG(s) 'tutorial_taskflow_api_virtualenv' retrieved from /home/airflow/.local/lib/python3.12/site-packages/airflow/example_dags/tutorial_taskflow_api_virtualenv.py
[2025-01-26T18:38:09.189+0000] {logging_mixin.py:190} INFO - [2025-01-26T18:38:09.189+0000] {dag.py:3239} INFO - Sync 1 DAGs
[2025-01-26T18:38:09.206+0000] {logging_mixin.py:190} INFO - [2025-01-26T18:38:09.205+0000] {dag.py:4180} INFO - Setting next_dagrun for tutorial_taskflow_api_virtualenv to None, run_after=None
[2025-01-26T18:38:09.226+0000] {processor.py:208} INFO - Processing /home/airflow/.local/lib/python3.12/site-packages/airflow/example_dags/tutorial_taskflow_api_virtualenv.py took 0.079 seconds
[2025-01-26T18:38:40.043+0000] {processor.py:186} INFO - Started process (PID=8881) to work on /home/airflow/.local/lib/python3.12/site-packages/airflow/example_dags/tutorial_taskflow_api_virtualenv.py
[2025-01-26T18:38:40.044+0000] {processor.py:914} INFO - Processing file /home/airflow/.local/lib/python3.12/site-packages/airflow/example_dags/tutorial_taskflow_api_virtualenv.py for tasks to queue
[2025-01-26T18:38:40.046+0000] {logging_mixin.py:190} INFO - [2025-01-26T18:38:40.046+0000] {dagbag.py:588} INFO - Filling up the DagBag from /home/airflow/.local/lib/python3.12/site-packages/airflow/example_dags/tutorial_taskflow_api_virtualenv.py
[2025-01-26T18:38:40.062+0000] {processor.py:925} INFO - DAG(s) 'tutorial_taskflow_api_virtualenv' retrieved from /home/airflow/.local/lib/python3.12/site-packages/airflow/example_dags/tutorial_taskflow_api_virtualenv.py
[2025-01-26T18:38:40.101+0000] {logging_mixin.py:190} INFO - [2025-01-26T18:38:40.101+0000] {dag.py:3239} INFO - Sync 1 DAGs
[2025-01-26T18:38:40.309+0000] {logging_mixin.py:190} INFO - [2025-01-26T18:38:40.309+0000] {dag.py:4180} INFO - Setting next_dagrun for tutorial_taskflow_api_virtualenv to None, run_after=None
[2025-01-26T18:38:40.339+0000] {processor.py:208} INFO - Processing /home/airflow/.local/lib/python3.12/site-packages/airflow/example_dags/tutorial_taskflow_api_virtualenv.py took 0.303 seconds
[2025-01-26T18:39:10.456+0000] {processor.py:186} INFO - Started process (PID=8946) to work on /home/airflow/.local/lib/python3.12/site-packages/airflow/example_dags/tutorial_taskflow_api_virtualenv.py
[2025-01-26T18:39:10.457+0000] {processor.py:914} INFO - Processing file /home/airflow/.local/lib/python3.12/site-packages/airflow/example_dags/tutorial_taskflow_api_virtualenv.py for tasks to queue
[2025-01-26T18:39:10.459+0000] {logging_mixin.py:190} INFO - [2025-01-26T18:39:10.459+0000] {dagbag.py:588} INFO - Filling up the DagBag from /home/airflow/.local/lib/python3.12/site-packages/airflow/example_dags/tutorial_taskflow_api_virtualenv.py
[2025-01-26T18:39:10.479+0000] {processor.py:925} INFO - DAG(s) 'tutorial_taskflow_api_virtualenv' retrieved from /home/airflow/.local/lib/python3.12/site-packages/airflow/example_dags/tutorial_taskflow_api_virtualenv.py
[2025-01-26T18:39:10.499+0000] {logging_mixin.py:190} INFO - [2025-01-26T18:39:10.499+0000] {dag.py:3239} INFO - Sync 1 DAGs
[2025-01-26T18:39:10.518+0000] {logging_mixin.py:190} INFO - [2025-01-26T18:39:10.518+0000] {dag.py:4180} INFO - Setting next_dagrun for tutorial_taskflow_api_virtualenv to None, run_after=None
[2025-01-26T18:39:10.695+0000] {processor.py:208} INFO - Processing /home/airflow/.local/lib/python3.12/site-packages/airflow/example_dags/tutorial_taskflow_api_virtualenv.py took 0.247 seconds
[2025-01-26T18:39:40.906+0000] {processor.py:186} INFO - Started process (PID=9010) to work on /home/airflow/.local/lib/python3.12/site-packages/airflow/example_dags/tutorial_taskflow_api_virtualenv.py
[2025-01-26T18:39:40.908+0000] {processor.py:914} INFO - Processing file /home/airflow/.local/lib/python3.12/site-packages/airflow/example_dags/tutorial_taskflow_api_virtualenv.py for tasks to queue
[2025-01-26T18:39:40.910+0000] {logging_mixin.py:190} INFO - [2025-01-26T18:39:40.909+0000] {dagbag.py:588} INFO - Filling up the DagBag from /home/airflow/.local/lib/python3.12/site-packages/airflow/example_dags/tutorial_taskflow_api_virtualenv.py
[2025-01-26T18:39:40.924+0000] {processor.py:925} INFO - DAG(s) 'tutorial_taskflow_api_virtualenv' retrieved from /home/airflow/.local/lib/python3.12/site-packages/airflow/example_dags/tutorial_taskflow_api_virtualenv.py
[2025-01-26T18:39:40.945+0000] {logging_mixin.py:190} INFO - [2025-01-26T18:39:40.945+0000] {dag.py:3239} INFO - Sync 1 DAGs
[2025-01-26T18:39:40.964+0000] {logging_mixin.py:190} INFO - [2025-01-26T18:39:40.964+0000] {dag.py:4180} INFO - Setting next_dagrun for tutorial_taskflow_api_virtualenv to None, run_after=None
[2025-01-26T18:39:40.989+0000] {processor.py:208} INFO - Processing /home/airflow/.local/lib/python3.12/site-packages/airflow/example_dags/tutorial_taskflow_api_virtualenv.py took 0.091 seconds
[2025-01-26T18:40:11.331+0000] {processor.py:186} INFO - Started process (PID=9074) to work on /home/airflow/.local/lib/python3.12/site-packages/airflow/example_dags/tutorial_taskflow_api_virtualenv.py
[2025-01-26T18:40:11.333+0000] {processor.py:914} INFO - Processing file /home/airflow/.local/lib/python3.12/site-packages/airflow/example_dags/tutorial_taskflow_api_virtualenv.py for tasks to queue
[2025-01-26T18:40:11.334+0000] {logging_mixin.py:190} INFO - [2025-01-26T18:40:11.334+0000] {dagbag.py:588} INFO - Filling up the DagBag from /home/airflow/.local/lib/python3.12/site-packages/airflow/example_dags/tutorial_taskflow_api_virtualenv.py
[2025-01-26T18:40:11.350+0000] {processor.py:925} INFO - DAG(s) 'tutorial_taskflow_api_virtualenv' retrieved from /home/airflow/.local/lib/python3.12/site-packages/airflow/example_dags/tutorial_taskflow_api_virtualenv.py
[2025-01-26T18:40:11.376+0000] {logging_mixin.py:190} INFO - [2025-01-26T18:40:11.376+0000] {dag.py:3239} INFO - Sync 1 DAGs
[2025-01-26T18:40:11.398+0000] {logging_mixin.py:190} INFO - [2025-01-26T18:40:11.397+0000] {dag.py:4180} INFO - Setting next_dagrun for tutorial_taskflow_api_virtualenv to None, run_after=None
[2025-01-26T18:40:11.428+0000] {processor.py:208} INFO - Processing /home/airflow/.local/lib/python3.12/site-packages/airflow/example_dags/tutorial_taskflow_api_virtualenv.py took 0.104 seconds
[2025-01-26T18:40:42.443+0000] {processor.py:186} INFO - Started process (PID=9140) to work on /home/airflow/.local/lib/python3.12/site-packages/airflow/example_dags/tutorial_taskflow_api_virtualenv.py
[2025-01-26T18:40:42.444+0000] {processor.py:914} INFO - Processing file /home/airflow/.local/lib/python3.12/site-packages/airflow/example_dags/tutorial_taskflow_api_virtualenv.py for tasks to queue
[2025-01-26T18:40:42.446+0000] {logging_mixin.py:190} INFO - [2025-01-26T18:40:42.446+0000] {dagbag.py:588} INFO - Filling up the DagBag from /home/airflow/.local/lib/python3.12/site-packages/airflow/example_dags/tutorial_taskflow_api_virtualenv.py
[2025-01-26T18:40:42.462+0000] {processor.py:925} INFO - DAG(s) 'tutorial_taskflow_api_virtualenv' retrieved from /home/airflow/.local/lib/python3.12/site-packages/airflow/example_dags/tutorial_taskflow_api_virtualenv.py
[2025-01-26T18:40:42.490+0000] {logging_mixin.py:190} INFO - [2025-01-26T18:40:42.490+0000] {dag.py:3239} INFO - Sync 1 DAGs
[2025-01-26T18:40:42.507+0000] {logging_mixin.py:190} INFO - [2025-01-26T18:40:42.507+0000] {dag.py:4180} INFO - Setting next_dagrun for tutorial_taskflow_api_virtualenv to None, run_after=None
[2025-01-26T18:40:42.535+0000] {processor.py:208} INFO - Processing /home/airflow/.local/lib/python3.12/site-packages/airflow/example_dags/tutorial_taskflow_api_virtualenv.py took 0.100 seconds
[2025-01-26T18:41:12.789+0000] {processor.py:186} INFO - Started process (PID=9204) to work on /home/airflow/.local/lib/python3.12/site-packages/airflow/example_dags/tutorial_taskflow_api_virtualenv.py
[2025-01-26T18:41:12.790+0000] {processor.py:914} INFO - Processing file /home/airflow/.local/lib/python3.12/site-packages/airflow/example_dags/tutorial_taskflow_api_virtualenv.py for tasks to queue
[2025-01-26T18:41:12.792+0000] {logging_mixin.py:190} INFO - [2025-01-26T18:41:12.791+0000] {dagbag.py:588} INFO - Filling up the DagBag from /home/airflow/.local/lib/python3.12/site-packages/airflow/example_dags/tutorial_taskflow_api_virtualenv.py
[2025-01-26T18:41:12.804+0000] {processor.py:925} INFO - DAG(s) 'tutorial_taskflow_api_virtualenv' retrieved from /home/airflow/.local/lib/python3.12/site-packages/airflow/example_dags/tutorial_taskflow_api_virtualenv.py
[2025-01-26T18:41:12.836+0000] {logging_mixin.py:190} INFO - [2025-01-26T18:41:12.836+0000] {dag.py:3239} INFO - Sync 1 DAGs
[2025-01-26T18:41:12.854+0000] {logging_mixin.py:190} INFO - [2025-01-26T18:41:12.854+0000] {dag.py:4180} INFO - Setting next_dagrun for tutorial_taskflow_api_virtualenv to None, run_after=None
[2025-01-26T18:41:12.874+0000] {processor.py:208} INFO - Processing /home/airflow/.local/lib/python3.12/site-packages/airflow/example_dags/tutorial_taskflow_api_virtualenv.py took 0.091 seconds
[2025-01-26T18:41:43.043+0000] {processor.py:186} INFO - Started process (PID=9268) to work on /home/airflow/.local/lib/python3.12/site-packages/airflow/example_dags/tutorial_taskflow_api_virtualenv.py
[2025-01-26T18:41:43.044+0000] {processor.py:914} INFO - Processing file /home/airflow/.local/lib/python3.12/site-packages/airflow/example_dags/tutorial_taskflow_api_virtualenv.py for tasks to queue
[2025-01-26T18:41:43.046+0000] {logging_mixin.py:190} INFO - [2025-01-26T18:41:43.045+0000] {dagbag.py:588} INFO - Filling up the DagBag from /home/airflow/.local/lib/python3.12/site-packages/airflow/example_dags/tutorial_taskflow_api_virtualenv.py
[2025-01-26T18:41:43.061+0000] {processor.py:925} INFO - DAG(s) 'tutorial_taskflow_api_virtualenv' retrieved from /home/airflow/.local/lib/python3.12/site-packages/airflow/example_dags/tutorial_taskflow_api_virtualenv.py
[2025-01-26T18:41:43.090+0000] {logging_mixin.py:190} INFO - [2025-01-26T18:41:43.090+0000] {dag.py:3239} INFO - Sync 1 DAGs
[2025-01-26T18:41:43.107+0000] {logging_mixin.py:190} INFO - [2025-01-26T18:41:43.107+0000] {dag.py:4180} INFO - Setting next_dagrun for tutorial_taskflow_api_virtualenv to None, run_after=None
[2025-01-26T18:41:43.127+0000] {processor.py:208} INFO - Processing /home/airflow/.local/lib/python3.12/site-packages/airflow/example_dags/tutorial_taskflow_api_virtualenv.py took 0.091 seconds
[2025-01-26T18:42:13.595+0000] {processor.py:186} INFO - Started process (PID=9332) to work on /home/airflow/.local/lib/python3.12/site-packages/airflow/example_dags/tutorial_taskflow_api_virtualenv.py
[2025-01-26T18:42:13.597+0000] {processor.py:914} INFO - Processing file /home/airflow/.local/lib/python3.12/site-packages/airflow/example_dags/tutorial_taskflow_api_virtualenv.py for tasks to queue
[2025-01-26T18:42:13.599+0000] {logging_mixin.py:190} INFO - [2025-01-26T18:42:13.598+0000] {dagbag.py:588} INFO - Filling up the DagBag from /home/airflow/.local/lib/python3.12/site-packages/airflow/example_dags/tutorial_taskflow_api_virtualenv.py
[2025-01-26T18:42:13.625+0000] {processor.py:925} INFO - DAG(s) 'tutorial_taskflow_api_virtualenv' retrieved from /home/airflow/.local/lib/python3.12/site-packages/airflow/example_dags/tutorial_taskflow_api_virtualenv.py
[2025-01-26T18:42:13.704+0000] {logging_mixin.py:190} INFO - [2025-01-26T18:42:13.703+0000] {dag.py:3239} INFO - Sync 1 DAGs
[2025-01-26T18:42:13.726+0000] {logging_mixin.py:190} INFO - [2025-01-26T18:42:13.726+0000] {dag.py:4180} INFO - Setting next_dagrun for tutorial_taskflow_api_virtualenv to None, run_after=None
[2025-01-26T18:42:13.755+0000] {processor.py:208} INFO - Processing /home/airflow/.local/lib/python3.12/site-packages/airflow/example_dags/tutorial_taskflow_api_virtualenv.py took 0.168 seconds
[2025-01-26T18:42:44.102+0000] {processor.py:186} INFO - Started process (PID=9398) to work on /home/airflow/.local/lib/python3.12/site-packages/airflow/example_dags/tutorial_taskflow_api_virtualenv.py
[2025-01-26T18:42:44.104+0000] {processor.py:914} INFO - Processing file /home/airflow/.local/lib/python3.12/site-packages/airflow/example_dags/tutorial_taskflow_api_virtualenv.py for tasks to queue
[2025-01-26T18:42:44.105+0000] {logging_mixin.py:190} INFO - [2025-01-26T18:42:44.104+0000] {dagbag.py:588} INFO - Filling up the DagBag from /home/airflow/.local/lib/python3.12/site-packages/airflow/example_dags/tutorial_taskflow_api_virtualenv.py
[2025-01-26T18:42:44.121+0000] {processor.py:925} INFO - DAG(s) 'tutorial_taskflow_api_virtualenv' retrieved from /home/airflow/.local/lib/python3.12/site-packages/airflow/example_dags/tutorial_taskflow_api_virtualenv.py
[2025-01-26T18:42:44.157+0000] {logging_mixin.py:190} INFO - [2025-01-26T18:42:44.157+0000] {dag.py:3239} INFO - Sync 1 DAGs
[2025-01-26T18:42:44.186+0000] {logging_mixin.py:190} INFO - [2025-01-26T18:42:44.186+0000] {dag.py:4180} INFO - Setting next_dagrun for tutorial_taskflow_api_virtualenv to None, run_after=None
[2025-01-26T18:42:44.222+0000] {processor.py:208} INFO - Processing /home/airflow/.local/lib/python3.12/site-packages/airflow/example_dags/tutorial_taskflow_api_virtualenv.py took 0.127 seconds
[2025-01-26T18:43:14.580+0000] {processor.py:186} INFO - Started process (PID=9463) to work on /home/airflow/.local/lib/python3.12/site-packages/airflow/example_dags/tutorial_taskflow_api_virtualenv.py
[2025-01-26T18:43:14.586+0000] {processor.py:914} INFO - Processing file /home/airflow/.local/lib/python3.12/site-packages/airflow/example_dags/tutorial_taskflow_api_virtualenv.py for tasks to queue
[2025-01-26T18:43:14.589+0000] {logging_mixin.py:190} INFO - [2025-01-26T18:43:14.588+0000] {dagbag.py:588} INFO - Filling up the DagBag from /home/airflow/.local/lib/python3.12/site-packages/airflow/example_dags/tutorial_taskflow_api_virtualenv.py
[2025-01-26T18:43:14.602+0000] {processor.py:925} INFO - DAG(s) 'tutorial_taskflow_api_virtualenv' retrieved from /home/airflow/.local/lib/python3.12/site-packages/airflow/example_dags/tutorial_taskflow_api_virtualenv.py
[2025-01-26T18:43:14.623+0000] {logging_mixin.py:190} INFO - [2025-01-26T18:43:14.623+0000] {dag.py:3239} INFO - Sync 1 DAGs
[2025-01-26T18:43:14.642+0000] {logging_mixin.py:190} INFO - [2025-01-26T18:43:14.642+0000] {dag.py:4180} INFO - Setting next_dagrun for tutorial_taskflow_api_virtualenv to None, run_after=None
[2025-01-26T18:43:14.668+0000] {processor.py:208} INFO - Processing /home/airflow/.local/lib/python3.12/site-packages/airflow/example_dags/tutorial_taskflow_api_virtualenv.py took 0.096 seconds
[2025-01-26T18:44:59.095+0000] {processor.py:186} INFO - Started process (PID=57) to work on /home/airflow/.local/lib/python3.12/site-packages/airflow/example_dags/tutorial_taskflow_api_virtualenv.py
[2025-01-26T18:44:59.096+0000] {processor.py:914} INFO - Processing file /home/airflow/.local/lib/python3.12/site-packages/airflow/example_dags/tutorial_taskflow_api_virtualenv.py for tasks to queue
[2025-01-26T18:44:59.100+0000] {logging_mixin.py:190} INFO - [2025-01-26T18:44:59.099+0000] {dagbag.py:588} INFO - Filling up the DagBag from /home/airflow/.local/lib/python3.12/site-packages/airflow/example_dags/tutorial_taskflow_api_virtualenv.py
[2025-01-26T18:44:59.140+0000] {processor.py:925} INFO - DAG(s) 'tutorial_taskflow_api_virtualenv' retrieved from /home/airflow/.local/lib/python3.12/site-packages/airflow/example_dags/tutorial_taskflow_api_virtualenv.py
[2025-01-26T18:44:59.366+0000] {logging_mixin.py:190} INFO - [2025-01-26T18:44:59.366+0000] {dag.py:3239} INFO - Sync 1 DAGs
[2025-01-26T18:44:59.379+0000] {logging_mixin.py:190} INFO - [2025-01-26T18:44:59.379+0000] {dag.py:4180} INFO - Setting next_dagrun for tutorial_taskflow_api_virtualenv to None, run_after=None
[2025-01-26T18:44:59.402+0000] {processor.py:208} INFO - Processing /home/airflow/.local/lib/python3.12/site-packages/airflow/example_dags/tutorial_taskflow_api_virtualenv.py took 0.314 seconds
[2025-01-26T18:45:30.433+0000] {processor.py:186} INFO - Started process (PID=122) to work on /home/airflow/.local/lib/python3.12/site-packages/airflow/example_dags/tutorial_taskflow_api_virtualenv.py
[2025-01-26T18:45:30.434+0000] {processor.py:914} INFO - Processing file /home/airflow/.local/lib/python3.12/site-packages/airflow/example_dags/tutorial_taskflow_api_virtualenv.py for tasks to queue
[2025-01-26T18:45:30.437+0000] {logging_mixin.py:190} INFO - [2025-01-26T18:45:30.436+0000] {dagbag.py:588} INFO - Filling up the DagBag from /home/airflow/.local/lib/python3.12/site-packages/airflow/example_dags/tutorial_taskflow_api_virtualenv.py
[2025-01-26T18:45:30.450+0000] {processor.py:925} INFO - DAG(s) 'tutorial_taskflow_api_virtualenv' retrieved from /home/airflow/.local/lib/python3.12/site-packages/airflow/example_dags/tutorial_taskflow_api_virtualenv.py
[2025-01-26T18:45:30.471+0000] {logging_mixin.py:190} INFO - [2025-01-26T18:45:30.471+0000] {dag.py:3239} INFO - Sync 1 DAGs
[2025-01-26T18:45:30.492+0000] {logging_mixin.py:190} INFO - [2025-01-26T18:45:30.491+0000] {dag.py:4180} INFO - Setting next_dagrun for tutorial_taskflow_api_virtualenv to None, run_after=None
[2025-01-26T18:45:30.511+0000] {processor.py:208} INFO - Processing /home/airflow/.local/lib/python3.12/site-packages/airflow/example_dags/tutorial_taskflow_api_virtualenv.py took 0.086 seconds
[2025-01-26T18:46:01.755+0000] {processor.py:186} INFO - Started process (PID=187) to work on /home/airflow/.local/lib/python3.12/site-packages/airflow/example_dags/tutorial_taskflow_api_virtualenv.py
[2025-01-26T18:46:01.756+0000] {processor.py:914} INFO - Processing file /home/airflow/.local/lib/python3.12/site-packages/airflow/example_dags/tutorial_taskflow_api_virtualenv.py for tasks to queue
[2025-01-26T18:46:01.759+0000] {logging_mixin.py:190} INFO - [2025-01-26T18:46:01.758+0000] {dagbag.py:588} INFO - Filling up the DagBag from /home/airflow/.local/lib/python3.12/site-packages/airflow/example_dags/tutorial_taskflow_api_virtualenv.py
[2025-01-26T18:46:01.775+0000] {processor.py:925} INFO - DAG(s) 'tutorial_taskflow_api_virtualenv' retrieved from /home/airflow/.local/lib/python3.12/site-packages/airflow/example_dags/tutorial_taskflow_api_virtualenv.py
[2025-01-26T18:46:01.803+0000] {logging_mixin.py:190} INFO - [2025-01-26T18:46:01.802+0000] {dag.py:3239} INFO - Sync 1 DAGs
[2025-01-26T18:46:01.822+0000] {logging_mixin.py:190} INFO - [2025-01-26T18:46:01.821+0000] {dag.py:4180} INFO - Setting next_dagrun for tutorial_taskflow_api_virtualenv to None, run_after=None
[2025-01-26T18:46:01.891+0000] {processor.py:208} INFO - Processing /home/airflow/.local/lib/python3.12/site-packages/airflow/example_dags/tutorial_taskflow_api_virtualenv.py took 0.143 seconds
[2025-01-26T18:46:33.982+0000] {processor.py:186} INFO - Started process (PID=252) to work on /home/airflow/.local/lib/python3.12/site-packages/airflow/example_dags/tutorial_taskflow_api_virtualenv.py
[2025-01-26T18:46:33.983+0000] {processor.py:914} INFO - Processing file /home/airflow/.local/lib/python3.12/site-packages/airflow/example_dags/tutorial_taskflow_api_virtualenv.py for tasks to queue
[2025-01-26T18:46:33.986+0000] {logging_mixin.py:190} INFO - [2025-01-26T18:46:33.986+0000] {dagbag.py:588} INFO - Filling up the DagBag from /home/airflow/.local/lib/python3.12/site-packages/airflow/example_dags/tutorial_taskflow_api_virtualenv.py
[2025-01-26T18:46:34.009+0000] {processor.py:925} INFO - DAG(s) 'tutorial_taskflow_api_virtualenv' retrieved from /home/airflow/.local/lib/python3.12/site-packages/airflow/example_dags/tutorial_taskflow_api_virtualenv.py
[2025-01-26T18:46:34.070+0000] {logging_mixin.py:190} INFO - [2025-01-26T18:46:34.069+0000] {dag.py:3239} INFO - Sync 1 DAGs
[2025-01-26T18:46:34.122+0000] {logging_mixin.py:190} INFO - [2025-01-26T18:46:34.122+0000] {dag.py:4180} INFO - Setting next_dagrun for tutorial_taskflow_api_virtualenv to None, run_after=None
[2025-01-26T18:46:34.165+0000] {processor.py:208} INFO - Processing /home/airflow/.local/lib/python3.12/site-packages/airflow/example_dags/tutorial_taskflow_api_virtualenv.py took 0.195 seconds
[2025-01-26T18:47:06.385+0000] {processor.py:186} INFO - Started process (PID=317) to work on /home/airflow/.local/lib/python3.12/site-packages/airflow/example_dags/tutorial_taskflow_api_virtualenv.py
[2025-01-26T18:47:06.401+0000] {processor.py:914} INFO - Processing file /home/airflow/.local/lib/python3.12/site-packages/airflow/example_dags/tutorial_taskflow_api_virtualenv.py for tasks to queue
[2025-01-26T18:47:06.411+0000] {logging_mixin.py:190} INFO - [2025-01-26T18:47:06.410+0000] {dagbag.py:588} INFO - Filling up the DagBag from /home/airflow/.local/lib/python3.12/site-packages/airflow/example_dags/tutorial_taskflow_api_virtualenv.py
[2025-01-26T18:47:06.449+0000] {processor.py:925} INFO - DAG(s) 'tutorial_taskflow_api_virtualenv' retrieved from /home/airflow/.local/lib/python3.12/site-packages/airflow/example_dags/tutorial_taskflow_api_virtualenv.py
[2025-01-26T18:47:06.527+0000] {logging_mixin.py:190} INFO - [2025-01-26T18:47:06.527+0000] {dag.py:3239} INFO - Sync 1 DAGs
[2025-01-26T18:47:06.576+0000] {logging_mixin.py:190} INFO - [2025-01-26T18:47:06.576+0000] {dag.py:4180} INFO - Setting next_dagrun for tutorial_taskflow_api_virtualenv to None, run_after=None
[2025-01-26T18:47:06.627+0000] {processor.py:208} INFO - Processing /home/airflow/.local/lib/python3.12/site-packages/airflow/example_dags/tutorial_taskflow_api_virtualenv.py took 0.254 seconds
[2025-01-26T18:47:37.559+0000] {processor.py:186} INFO - Started process (PID=382) to work on /home/airflow/.local/lib/python3.12/site-packages/airflow/example_dags/tutorial_taskflow_api_virtualenv.py
[2025-01-26T18:47:37.561+0000] {processor.py:914} INFO - Processing file /home/airflow/.local/lib/python3.12/site-packages/airflow/example_dags/tutorial_taskflow_api_virtualenv.py for tasks to queue
[2025-01-26T18:47:37.564+0000] {logging_mixin.py:190} INFO - [2025-01-26T18:47:37.564+0000] {dagbag.py:588} INFO - Filling up the DagBag from /home/airflow/.local/lib/python3.12/site-packages/airflow/example_dags/tutorial_taskflow_api_virtualenv.py
[2025-01-26T18:47:37.582+0000] {processor.py:925} INFO - DAG(s) 'tutorial_taskflow_api_virtualenv' retrieved from /home/airflow/.local/lib/python3.12/site-packages/airflow/example_dags/tutorial_taskflow_api_virtualenv.py
[2025-01-26T18:47:37.605+0000] {logging_mixin.py:190} INFO - [2025-01-26T18:47:37.604+0000] {dag.py:3239} INFO - Sync 1 DAGs
[2025-01-26T18:47:37.623+0000] {logging_mixin.py:190} INFO - [2025-01-26T18:47:37.623+0000] {dag.py:4180} INFO - Setting next_dagrun for tutorial_taskflow_api_virtualenv to None, run_after=None
[2025-01-26T18:47:37.655+0000] {processor.py:208} INFO - Processing /home/airflow/.local/lib/python3.12/site-packages/airflow/example_dags/tutorial_taskflow_api_virtualenv.py took 0.103 seconds
[2025-01-26T18:48:08.827+0000] {processor.py:186} INFO - Started process (PID=446) to work on /home/airflow/.local/lib/python3.12/site-packages/airflow/example_dags/tutorial_taskflow_api_virtualenv.py
[2025-01-26T18:48:08.829+0000] {processor.py:914} INFO - Processing file /home/airflow/.local/lib/python3.12/site-packages/airflow/example_dags/tutorial_taskflow_api_virtualenv.py for tasks to queue
[2025-01-26T18:48:08.832+0000] {logging_mixin.py:190} INFO - [2025-01-26T18:48:08.831+0000] {dagbag.py:588} INFO - Filling up the DagBag from /home/airflow/.local/lib/python3.12/site-packages/airflow/example_dags/tutorial_taskflow_api_virtualenv.py
[2025-01-26T18:48:08.852+0000] {processor.py:925} INFO - DAG(s) 'tutorial_taskflow_api_virtualenv' retrieved from /home/airflow/.local/lib/python3.12/site-packages/airflow/example_dags/tutorial_taskflow_api_virtualenv.py
[2025-01-26T18:48:08.882+0000] {logging_mixin.py:190} INFO - [2025-01-26T18:48:08.882+0000] {dag.py:3239} INFO - Sync 1 DAGs
[2025-01-26T18:48:08.907+0000] {logging_mixin.py:190} INFO - [2025-01-26T18:48:08.906+0000] {dag.py:4180} INFO - Setting next_dagrun for tutorial_taskflow_api_virtualenv to None, run_after=None
[2025-01-26T18:48:08.956+0000] {processor.py:208} INFO - Processing /home/airflow/.local/lib/python3.12/site-packages/airflow/example_dags/tutorial_taskflow_api_virtualenv.py took 0.136 seconds
[2025-01-26T18:48:39.967+0000] {processor.py:186} INFO - Started process (PID=517) to work on /home/airflow/.local/lib/python3.12/site-packages/airflow/example_dags/tutorial_taskflow_api_virtualenv.py
[2025-01-26T18:48:39.968+0000] {processor.py:914} INFO - Processing file /home/airflow/.local/lib/python3.12/site-packages/airflow/example_dags/tutorial_taskflow_api_virtualenv.py for tasks to queue
[2025-01-26T18:48:39.971+0000] {logging_mixin.py:190} INFO - [2025-01-26T18:48:39.970+0000] {dagbag.py:588} INFO - Filling up the DagBag from /home/airflow/.local/lib/python3.12/site-packages/airflow/example_dags/tutorial_taskflow_api_virtualenv.py
[2025-01-26T18:48:39.984+0000] {processor.py:925} INFO - DAG(s) 'tutorial_taskflow_api_virtualenv' retrieved from /home/airflow/.local/lib/python3.12/site-packages/airflow/example_dags/tutorial_taskflow_api_virtualenv.py
[2025-01-26T18:48:40.009+0000] {logging_mixin.py:190} INFO - [2025-01-26T18:48:40.009+0000] {dag.py:3239} INFO - Sync 1 DAGs
[2025-01-26T18:48:40.026+0000] {logging_mixin.py:190} INFO - [2025-01-26T18:48:40.026+0000] {dag.py:4180} INFO - Setting next_dagrun for tutorial_taskflow_api_virtualenv to None, run_after=None
[2025-01-26T18:48:40.047+0000] {processor.py:208} INFO - Processing /home/airflow/.local/lib/python3.12/site-packages/airflow/example_dags/tutorial_taskflow_api_virtualenv.py took 0.087 seconds
[2025-01-26T18:49:11.245+0000] {processor.py:186} INFO - Started process (PID=582) to work on /home/airflow/.local/lib/python3.12/site-packages/airflow/example_dags/tutorial_taskflow_api_virtualenv.py
[2025-01-26T18:49:11.246+0000] {processor.py:914} INFO - Processing file /home/airflow/.local/lib/python3.12/site-packages/airflow/example_dags/tutorial_taskflow_api_virtualenv.py for tasks to queue
[2025-01-26T18:49:11.251+0000] {logging_mixin.py:190} INFO - [2025-01-26T18:49:11.250+0000] {dagbag.py:588} INFO - Filling up the DagBag from /home/airflow/.local/lib/python3.12/site-packages/airflow/example_dags/tutorial_taskflow_api_virtualenv.py
[2025-01-26T18:49:11.276+0000] {processor.py:925} INFO - DAG(s) 'tutorial_taskflow_api_virtualenv' retrieved from /home/airflow/.local/lib/python3.12/site-packages/airflow/example_dags/tutorial_taskflow_api_virtualenv.py
[2025-01-26T18:49:11.327+0000] {logging_mixin.py:190} INFO - [2025-01-26T18:49:11.327+0000] {dag.py:3239} INFO - Sync 1 DAGs
[2025-01-26T18:49:11.355+0000] {logging_mixin.py:190} INFO - [2025-01-26T18:49:11.354+0000] {dag.py:4180} INFO - Setting next_dagrun for tutorial_taskflow_api_virtualenv to None, run_after=None
[2025-01-26T18:49:11.386+0000] {processor.py:208} INFO - Processing /home/airflow/.local/lib/python3.12/site-packages/airflow/example_dags/tutorial_taskflow_api_virtualenv.py took 0.151 seconds
[2025-01-26T18:49:41.858+0000] {processor.py:186} INFO - Started process (PID=648) to work on /home/airflow/.local/lib/python3.12/site-packages/airflow/example_dags/tutorial_taskflow_api_virtualenv.py
[2025-01-26T18:49:41.859+0000] {processor.py:914} INFO - Processing file /home/airflow/.local/lib/python3.12/site-packages/airflow/example_dags/tutorial_taskflow_api_virtualenv.py for tasks to queue
[2025-01-26T18:49:41.862+0000] {logging_mixin.py:190} INFO - [2025-01-26T18:49:41.862+0000] {dagbag.py:588} INFO - Filling up the DagBag from /home/airflow/.local/lib/python3.12/site-packages/airflow/example_dags/tutorial_taskflow_api_virtualenv.py
[2025-01-26T18:49:41.878+0000] {processor.py:925} INFO - DAG(s) 'tutorial_taskflow_api_virtualenv' retrieved from /home/airflow/.local/lib/python3.12/site-packages/airflow/example_dags/tutorial_taskflow_api_virtualenv.py
[2025-01-26T18:49:41.897+0000] {logging_mixin.py:190} INFO - [2025-01-26T18:49:41.897+0000] {dag.py:3239} INFO - Sync 1 DAGs
[2025-01-26T18:49:41.912+0000] {logging_mixin.py:190} INFO - [2025-01-26T18:49:41.912+0000] {dag.py:4180} INFO - Setting next_dagrun for tutorial_taskflow_api_virtualenv to None, run_after=None
[2025-01-26T18:49:41.933+0000] {processor.py:208} INFO - Processing /home/airflow/.local/lib/python3.12/site-packages/airflow/example_dags/tutorial_taskflow_api_virtualenv.py took 0.083 seconds
[2025-01-26T18:50:12.712+0000] {processor.py:186} INFO - Started process (PID=712) to work on /home/airflow/.local/lib/python3.12/site-packages/airflow/example_dags/tutorial_taskflow_api_virtualenv.py
[2025-01-26T18:50:12.713+0000] {processor.py:914} INFO - Processing file /home/airflow/.local/lib/python3.12/site-packages/airflow/example_dags/tutorial_taskflow_api_virtualenv.py for tasks to queue
[2025-01-26T18:50:12.716+0000] {logging_mixin.py:190} INFO - [2025-01-26T18:50:12.715+0000] {dagbag.py:588} INFO - Filling up the DagBag from /home/airflow/.local/lib/python3.12/site-packages/airflow/example_dags/tutorial_taskflow_api_virtualenv.py
[2025-01-26T18:50:12.729+0000] {processor.py:925} INFO - DAG(s) 'tutorial_taskflow_api_virtualenv' retrieved from /home/airflow/.local/lib/python3.12/site-packages/airflow/example_dags/tutorial_taskflow_api_virtualenv.py
[2025-01-26T18:50:12.752+0000] {logging_mixin.py:190} INFO - [2025-01-26T18:50:12.752+0000] {dag.py:3239} INFO - Sync 1 DAGs
[2025-01-26T18:50:12.769+0000] {logging_mixin.py:190} INFO - [2025-01-26T18:50:12.768+0000] {dag.py:4180} INFO - Setting next_dagrun for tutorial_taskflow_api_virtualenv to None, run_after=None
[2025-01-26T18:50:12.792+0000] {processor.py:208} INFO - Processing /home/airflow/.local/lib/python3.12/site-packages/airflow/example_dags/tutorial_taskflow_api_virtualenv.py took 0.089 seconds
[2025-01-26T18:50:43.569+0000] {processor.py:186} INFO - Started process (PID=776) to work on /home/airflow/.local/lib/python3.12/site-packages/airflow/example_dags/tutorial_taskflow_api_virtualenv.py
[2025-01-26T18:50:43.570+0000] {processor.py:914} INFO - Processing file /home/airflow/.local/lib/python3.12/site-packages/airflow/example_dags/tutorial_taskflow_api_virtualenv.py for tasks to queue
[2025-01-26T18:50:43.576+0000] {logging_mixin.py:190} INFO - [2025-01-26T18:50:43.576+0000] {dagbag.py:588} INFO - Filling up the DagBag from /home/airflow/.local/lib/python3.12/site-packages/airflow/example_dags/tutorial_taskflow_api_virtualenv.py
[2025-01-26T18:50:43.593+0000] {processor.py:925} INFO - DAG(s) 'tutorial_taskflow_api_virtualenv' retrieved from /home/airflow/.local/lib/python3.12/site-packages/airflow/example_dags/tutorial_taskflow_api_virtualenv.py
[2025-01-26T18:50:43.617+0000] {logging_mixin.py:190} INFO - [2025-01-26T18:50:43.617+0000] {dag.py:3239} INFO - Sync 1 DAGs
[2025-01-26T18:50:43.636+0000] {logging_mixin.py:190} INFO - [2025-01-26T18:50:43.636+0000] {dag.py:4180} INFO - Setting next_dagrun for tutorial_taskflow_api_virtualenv to None, run_after=None
[2025-01-26T18:50:43.669+0000] {processor.py:208} INFO - Processing /home/airflow/.local/lib/python3.12/site-packages/airflow/example_dags/tutorial_taskflow_api_virtualenv.py took 0.108 seconds
[2025-01-26T18:52:11.742+0000] {processor.py:186} INFO - Started process (PID=50) to work on /home/airflow/.local/lib/python3.12/site-packages/airflow/example_dags/tutorial_taskflow_api_virtualenv.py
[2025-01-26T18:52:11.743+0000] {processor.py:914} INFO - Processing file /home/airflow/.local/lib/python3.12/site-packages/airflow/example_dags/tutorial_taskflow_api_virtualenv.py for tasks to queue
[2025-01-26T18:52:11.746+0000] {logging_mixin.py:190} INFO - [2025-01-26T18:52:11.746+0000] {dagbag.py:588} INFO - Filling up the DagBag from /home/airflow/.local/lib/python3.12/site-packages/airflow/example_dags/tutorial_taskflow_api_virtualenv.py
[2025-01-26T18:52:11.763+0000] {processor.py:925} INFO - DAG(s) 'tutorial_taskflow_api_virtualenv' retrieved from /home/airflow/.local/lib/python3.12/site-packages/airflow/example_dags/tutorial_taskflow_api_virtualenv.py
[2025-01-26T18:52:11.914+0000] {logging_mixin.py:190} INFO - [2025-01-26T18:52:11.913+0000] {dag.py:3239} INFO - Sync 1 DAGs
[2025-01-26T18:52:11.930+0000] {logging_mixin.py:190} INFO - [2025-01-26T18:52:11.929+0000] {dag.py:4180} INFO - Setting next_dagrun for tutorial_taskflow_api_virtualenv to None, run_after=None
[2025-01-26T18:52:11.953+0000] {processor.py:208} INFO - Processing /home/airflow/.local/lib/python3.12/site-packages/airflow/example_dags/tutorial_taskflow_api_virtualenv.py took 0.217 seconds
[2025-01-26T18:52:42.983+0000] {processor.py:186} INFO - Started process (PID=115) to work on /home/airflow/.local/lib/python3.12/site-packages/airflow/example_dags/tutorial_taskflow_api_virtualenv.py
[2025-01-26T18:52:42.984+0000] {processor.py:914} INFO - Processing file /home/airflow/.local/lib/python3.12/site-packages/airflow/example_dags/tutorial_taskflow_api_virtualenv.py for tasks to queue
[2025-01-26T18:52:42.989+0000] {logging_mixin.py:190} INFO - [2025-01-26T18:52:42.988+0000] {dagbag.py:588} INFO - Filling up the DagBag from /home/airflow/.local/lib/python3.12/site-packages/airflow/example_dags/tutorial_taskflow_api_virtualenv.py
[2025-01-26T18:52:43.011+0000] {processor.py:925} INFO - DAG(s) 'tutorial_taskflow_api_virtualenv' retrieved from /home/airflow/.local/lib/python3.12/site-packages/airflow/example_dags/tutorial_taskflow_api_virtualenv.py
[2025-01-26T18:52:43.087+0000] {logging_mixin.py:190} INFO - [2025-01-26T18:52:43.087+0000] {dag.py:3239} INFO - Sync 1 DAGs
[2025-01-26T18:52:43.130+0000] {logging_mixin.py:190} INFO - [2025-01-26T18:52:43.130+0000] {dag.py:4180} INFO - Setting next_dagrun for tutorial_taskflow_api_virtualenv to None, run_after=None
[2025-01-26T18:52:43.156+0000] {processor.py:208} INFO - Processing /home/airflow/.local/lib/python3.12/site-packages/airflow/example_dags/tutorial_taskflow_api_virtualenv.py took 0.183 seconds
[2025-01-26T18:53:13.857+0000] {processor.py:186} INFO - Started process (PID=187) to work on /home/airflow/.local/lib/python3.12/site-packages/airflow/example_dags/tutorial_taskflow_api_virtualenv.py
[2025-01-26T18:53:13.858+0000] {processor.py:914} INFO - Processing file /home/airflow/.local/lib/python3.12/site-packages/airflow/example_dags/tutorial_taskflow_api_virtualenv.py for tasks to queue
[2025-01-26T18:53:13.860+0000] {logging_mixin.py:190} INFO - [2025-01-26T18:53:13.860+0000] {dagbag.py:588} INFO - Filling up the DagBag from /home/airflow/.local/lib/python3.12/site-packages/airflow/example_dags/tutorial_taskflow_api_virtualenv.py
[2025-01-26T18:53:13.873+0000] {processor.py:925} INFO - DAG(s) 'tutorial_taskflow_api_virtualenv' retrieved from /home/airflow/.local/lib/python3.12/site-packages/airflow/example_dags/tutorial_taskflow_api_virtualenv.py
[2025-01-26T18:53:13.891+0000] {logging_mixin.py:190} INFO - [2025-01-26T18:53:13.891+0000] {dag.py:3239} INFO - Sync 1 DAGs
[2025-01-26T18:53:13.906+0000] {logging_mixin.py:190} INFO - [2025-01-26T18:53:13.905+0000] {dag.py:4180} INFO - Setting next_dagrun for tutorial_taskflow_api_virtualenv to None, run_after=None
[2025-01-26T18:53:13.927+0000] {processor.py:208} INFO - Processing /home/airflow/.local/lib/python3.12/site-packages/airflow/example_dags/tutorial_taskflow_api_virtualenv.py took 0.075 seconds
[2025-01-26T18:53:44.647+0000] {processor.py:186} INFO - Started process (PID=251) to work on /home/airflow/.local/lib/python3.12/site-packages/airflow/example_dags/tutorial_taskflow_api_virtualenv.py
[2025-01-26T18:53:44.648+0000] {processor.py:914} INFO - Processing file /home/airflow/.local/lib/python3.12/site-packages/airflow/example_dags/tutorial_taskflow_api_virtualenv.py for tasks to queue
[2025-01-26T18:53:44.650+0000] {logging_mixin.py:190} INFO - [2025-01-26T18:53:44.650+0000] {dagbag.py:588} INFO - Filling up the DagBag from /home/airflow/.local/lib/python3.12/site-packages/airflow/example_dags/tutorial_taskflow_api_virtualenv.py
[2025-01-26T18:53:44.662+0000] {processor.py:925} INFO - DAG(s) 'tutorial_taskflow_api_virtualenv' retrieved from /home/airflow/.local/lib/python3.12/site-packages/airflow/example_dags/tutorial_taskflow_api_virtualenv.py
[2025-01-26T18:53:44.681+0000] {logging_mixin.py:190} INFO - [2025-01-26T18:53:44.681+0000] {dag.py:3239} INFO - Sync 1 DAGs
[2025-01-26T18:53:44.696+0000] {logging_mixin.py:190} INFO - [2025-01-26T18:53:44.696+0000] {dag.py:4180} INFO - Setting next_dagrun for tutorial_taskflow_api_virtualenv to None, run_after=None
[2025-01-26T18:53:44.716+0000] {processor.py:208} INFO - Processing /home/airflow/.local/lib/python3.12/site-packages/airflow/example_dags/tutorial_taskflow_api_virtualenv.py took 0.075 seconds
[2025-01-26T18:54:14.797+0000] {processor.py:186} INFO - Started process (PID=316) to work on /home/airflow/.local/lib/python3.12/site-packages/airflow/example_dags/tutorial_taskflow_api_virtualenv.py
[2025-01-26T18:54:14.798+0000] {processor.py:914} INFO - Processing file /home/airflow/.local/lib/python3.12/site-packages/airflow/example_dags/tutorial_taskflow_api_virtualenv.py for tasks to queue
[2025-01-26T18:54:14.801+0000] {logging_mixin.py:190} INFO - [2025-01-26T18:54:14.801+0000] {dagbag.py:588} INFO - Filling up the DagBag from /home/airflow/.local/lib/python3.12/site-packages/airflow/example_dags/tutorial_taskflow_api_virtualenv.py
[2025-01-26T18:54:14.814+0000] {processor.py:925} INFO - DAG(s) 'tutorial_taskflow_api_virtualenv' retrieved from /home/airflow/.local/lib/python3.12/site-packages/airflow/example_dags/tutorial_taskflow_api_virtualenv.py
[2025-01-26T18:54:14.835+0000] {logging_mixin.py:190} INFO - [2025-01-26T18:54:14.835+0000] {dag.py:3239} INFO - Sync 1 DAGs
[2025-01-26T18:54:14.852+0000] {logging_mixin.py:190} INFO - [2025-01-26T18:54:14.852+0000] {dag.py:4180} INFO - Setting next_dagrun for tutorial_taskflow_api_virtualenv to None, run_after=None
[2025-01-26T18:54:14.875+0000] {processor.py:208} INFO - Processing /home/airflow/.local/lib/python3.12/site-packages/airflow/example_dags/tutorial_taskflow_api_virtualenv.py took 0.085 seconds
[2025-01-26T18:54:45.088+0000] {processor.py:186} INFO - Started process (PID=380) to work on /home/airflow/.local/lib/python3.12/site-packages/airflow/example_dags/tutorial_taskflow_api_virtualenv.py
[2025-01-26T18:54:45.089+0000] {processor.py:914} INFO - Processing file /home/airflow/.local/lib/python3.12/site-packages/airflow/example_dags/tutorial_taskflow_api_virtualenv.py for tasks to queue
[2025-01-26T18:54:45.091+0000] {logging_mixin.py:190} INFO - [2025-01-26T18:54:45.091+0000] {dagbag.py:588} INFO - Filling up the DagBag from /home/airflow/.local/lib/python3.12/site-packages/airflow/example_dags/tutorial_taskflow_api_virtualenv.py
[2025-01-26T18:54:45.105+0000] {processor.py:925} INFO - DAG(s) 'tutorial_taskflow_api_virtualenv' retrieved from /home/airflow/.local/lib/python3.12/site-packages/airflow/example_dags/tutorial_taskflow_api_virtualenv.py
[2025-01-26T18:54:45.123+0000] {logging_mixin.py:190} INFO - [2025-01-26T18:54:45.123+0000] {dag.py:3239} INFO - Sync 1 DAGs
[2025-01-26T18:54:45.142+0000] {logging_mixin.py:190} INFO - [2025-01-26T18:54:45.142+0000] {dag.py:4180} INFO - Setting next_dagrun for tutorial_taskflow_api_virtualenv to None, run_after=None
[2025-01-26T18:54:45.165+0000] {processor.py:208} INFO - Processing /home/airflow/.local/lib/python3.12/site-packages/airflow/example_dags/tutorial_taskflow_api_virtualenv.py took 0.083 seconds
[2025-01-26T18:55:15.442+0000] {processor.py:186} INFO - Started process (PID=445) to work on /home/airflow/.local/lib/python3.12/site-packages/airflow/example_dags/tutorial_taskflow_api_virtualenv.py
[2025-01-26T18:55:15.443+0000] {processor.py:914} INFO - Processing file /home/airflow/.local/lib/python3.12/site-packages/airflow/example_dags/tutorial_taskflow_api_virtualenv.py for tasks to queue
[2025-01-26T18:55:15.445+0000] {logging_mixin.py:190} INFO - [2025-01-26T18:55:15.445+0000] {dagbag.py:588} INFO - Filling up the DagBag from /home/airflow/.local/lib/python3.12/site-packages/airflow/example_dags/tutorial_taskflow_api_virtualenv.py
[2025-01-26T18:55:15.457+0000] {processor.py:925} INFO - DAG(s) 'tutorial_taskflow_api_virtualenv' retrieved from /home/airflow/.local/lib/python3.12/site-packages/airflow/example_dags/tutorial_taskflow_api_virtualenv.py
[2025-01-26T18:55:15.477+0000] {logging_mixin.py:190} INFO - [2025-01-26T18:55:15.476+0000] {dag.py:3239} INFO - Sync 1 DAGs
[2025-01-26T18:55:15.491+0000] {logging_mixin.py:190} INFO - [2025-01-26T18:55:15.490+0000] {dag.py:4180} INFO - Setting next_dagrun for tutorial_taskflow_api_virtualenv to None, run_after=None
[2025-01-26T18:55:15.510+0000] {processor.py:208} INFO - Processing /home/airflow/.local/lib/python3.12/site-packages/airflow/example_dags/tutorial_taskflow_api_virtualenv.py took 0.074 seconds
[2025-01-26T18:55:46.260+0000] {processor.py:186} INFO - Started process (PID=510) to work on /home/airflow/.local/lib/python3.12/site-packages/airflow/example_dags/tutorial_taskflow_api_virtualenv.py
[2025-01-26T18:55:46.261+0000] {processor.py:914} INFO - Processing file /home/airflow/.local/lib/python3.12/site-packages/airflow/example_dags/tutorial_taskflow_api_virtualenv.py for tasks to queue
[2025-01-26T18:55:46.263+0000] {logging_mixin.py:190} INFO - [2025-01-26T18:55:46.263+0000] {dagbag.py:588} INFO - Filling up the DagBag from /home/airflow/.local/lib/python3.12/site-packages/airflow/example_dags/tutorial_taskflow_api_virtualenv.py
[2025-01-26T18:55:46.276+0000] {processor.py:925} INFO - DAG(s) 'tutorial_taskflow_api_virtualenv' retrieved from /home/airflow/.local/lib/python3.12/site-packages/airflow/example_dags/tutorial_taskflow_api_virtualenv.py
[2025-01-26T18:55:46.294+0000] {logging_mixin.py:190} INFO - [2025-01-26T18:55:46.294+0000] {dag.py:3239} INFO - Sync 1 DAGs
[2025-01-26T18:55:46.310+0000] {logging_mixin.py:190} INFO - [2025-01-26T18:55:46.310+0000] {dag.py:4180} INFO - Setting next_dagrun for tutorial_taskflow_api_virtualenv to None, run_after=None
[2025-01-26T18:55:46.329+0000] {processor.py:208} INFO - Processing /home/airflow/.local/lib/python3.12/site-packages/airflow/example_dags/tutorial_taskflow_api_virtualenv.py took 0.076 seconds
[2025-01-26T18:56:16.981+0000] {processor.py:186} INFO - Started process (PID=574) to work on /home/airflow/.local/lib/python3.12/site-packages/airflow/example_dags/tutorial_taskflow_api_virtualenv.py
[2025-01-26T18:56:16.982+0000] {processor.py:914} INFO - Processing file /home/airflow/.local/lib/python3.12/site-packages/airflow/example_dags/tutorial_taskflow_api_virtualenv.py for tasks to queue
[2025-01-26T18:56:16.985+0000] {logging_mixin.py:190} INFO - [2025-01-26T18:56:16.984+0000] {dagbag.py:588} INFO - Filling up the DagBag from /home/airflow/.local/lib/python3.12/site-packages/airflow/example_dags/tutorial_taskflow_api_virtualenv.py
[2025-01-26T18:56:17.000+0000] {processor.py:925} INFO - DAG(s) 'tutorial_taskflow_api_virtualenv' retrieved from /home/airflow/.local/lib/python3.12/site-packages/airflow/example_dags/tutorial_taskflow_api_virtualenv.py
[2025-01-26T18:56:17.032+0000] {logging_mixin.py:190} INFO - [2025-01-26T18:56:17.032+0000] {dag.py:3239} INFO - Sync 1 DAGs
[2025-01-26T18:56:17.050+0000] {logging_mixin.py:190} INFO - [2025-01-26T18:56:17.049+0000] {dag.py:4180} INFO - Setting next_dagrun for tutorial_taskflow_api_virtualenv to None, run_after=None
[2025-01-26T18:56:17.070+0000] {processor.py:208} INFO - Processing /home/airflow/.local/lib/python3.12/site-packages/airflow/example_dags/tutorial_taskflow_api_virtualenv.py took 0.096 seconds
[2025-01-26T18:56:48.024+0000] {processor.py:186} INFO - Started process (PID=639) to work on /home/airflow/.local/lib/python3.12/site-packages/airflow/example_dags/tutorial_taskflow_api_virtualenv.py
[2025-01-26T18:56:48.026+0000] {processor.py:914} INFO - Processing file /home/airflow/.local/lib/python3.12/site-packages/airflow/example_dags/tutorial_taskflow_api_virtualenv.py for tasks to queue
[2025-01-26T18:56:48.029+0000] {logging_mixin.py:190} INFO - [2025-01-26T18:56:48.028+0000] {dagbag.py:588} INFO - Filling up the DagBag from /home/airflow/.local/lib/python3.12/site-packages/airflow/example_dags/tutorial_taskflow_api_virtualenv.py
[2025-01-26T18:56:48.054+0000] {processor.py:925} INFO - DAG(s) 'tutorial_taskflow_api_virtualenv' retrieved from /home/airflow/.local/lib/python3.12/site-packages/airflow/example_dags/tutorial_taskflow_api_virtualenv.py
[2025-01-26T18:56:48.082+0000] {logging_mixin.py:190} INFO - [2025-01-26T18:56:48.082+0000] {dag.py:3239} INFO - Sync 1 DAGs
[2025-01-26T18:56:48.106+0000] {logging_mixin.py:190} INFO - [2025-01-26T18:56:48.105+0000] {dag.py:4180} INFO - Setting next_dagrun for tutorial_taskflow_api_virtualenv to None, run_after=None
[2025-01-26T18:56:48.144+0000] {processor.py:208} INFO - Processing /home/airflow/.local/lib/python3.12/site-packages/airflow/example_dags/tutorial_taskflow_api_virtualenv.py took 0.131 seconds
[2025-01-26T18:57:19.104+0000] {processor.py:186} INFO - Started process (PID=704) to work on /home/airflow/.local/lib/python3.12/site-packages/airflow/example_dags/tutorial_taskflow_api_virtualenv.py
[2025-01-26T18:57:19.105+0000] {processor.py:914} INFO - Processing file /home/airflow/.local/lib/python3.12/site-packages/airflow/example_dags/tutorial_taskflow_api_virtualenv.py for tasks to queue
[2025-01-26T18:57:19.108+0000] {logging_mixin.py:190} INFO - [2025-01-26T18:57:19.108+0000] {dagbag.py:588} INFO - Filling up the DagBag from /home/airflow/.local/lib/python3.12/site-packages/airflow/example_dags/tutorial_taskflow_api_virtualenv.py
[2025-01-26T18:57:19.125+0000] {processor.py:925} INFO - DAG(s) 'tutorial_taskflow_api_virtualenv' retrieved from /home/airflow/.local/lib/python3.12/site-packages/airflow/example_dags/tutorial_taskflow_api_virtualenv.py
[2025-01-26T18:57:19.144+0000] {logging_mixin.py:190} INFO - [2025-01-26T18:57:19.144+0000] {dag.py:3239} INFO - Sync 1 DAGs
[2025-01-26T18:57:19.164+0000] {logging_mixin.py:190} INFO - [2025-01-26T18:57:19.164+0000] {dag.py:4180} INFO - Setting next_dagrun for tutorial_taskflow_api_virtualenv to None, run_after=None
[2025-01-26T18:57:19.190+0000] {processor.py:208} INFO - Processing /home/airflow/.local/lib/python3.12/site-packages/airflow/example_dags/tutorial_taskflow_api_virtualenv.py took 0.097 seconds
[2025-01-26T18:57:49.352+0000] {processor.py:186} INFO - Started process (PID=770) to work on /home/airflow/.local/lib/python3.12/site-packages/airflow/example_dags/tutorial_taskflow_api_virtualenv.py
[2025-01-26T18:57:49.353+0000] {processor.py:914} INFO - Processing file /home/airflow/.local/lib/python3.12/site-packages/airflow/example_dags/tutorial_taskflow_api_virtualenv.py for tasks to queue
[2025-01-26T18:57:49.355+0000] {logging_mixin.py:190} INFO - [2025-01-26T18:57:49.355+0000] {dagbag.py:588} INFO - Filling up the DagBag from /home/airflow/.local/lib/python3.12/site-packages/airflow/example_dags/tutorial_taskflow_api_virtualenv.py
[2025-01-26T18:57:49.369+0000] {processor.py:925} INFO - DAG(s) 'tutorial_taskflow_api_virtualenv' retrieved from /home/airflow/.local/lib/python3.12/site-packages/airflow/example_dags/tutorial_taskflow_api_virtualenv.py
[2025-01-26T18:57:49.392+0000] {logging_mixin.py:190} INFO - [2025-01-26T18:57:49.392+0000] {dag.py:3239} INFO - Sync 1 DAGs
[2025-01-26T18:57:49.410+0000] {logging_mixin.py:190} INFO - [2025-01-26T18:57:49.410+0000] {dag.py:4180} INFO - Setting next_dagrun for tutorial_taskflow_api_virtualenv to None, run_after=None
[2025-01-26T18:57:49.436+0000] {processor.py:208} INFO - Processing /home/airflow/.local/lib/python3.12/site-packages/airflow/example_dags/tutorial_taskflow_api_virtualenv.py took 0.090 seconds
[2025-01-26T18:58:20.286+0000] {processor.py:186} INFO - Started process (PID=835) to work on /home/airflow/.local/lib/python3.12/site-packages/airflow/example_dags/tutorial_taskflow_api_virtualenv.py
[2025-01-26T18:58:20.287+0000] {processor.py:914} INFO - Processing file /home/airflow/.local/lib/python3.12/site-packages/airflow/example_dags/tutorial_taskflow_api_virtualenv.py for tasks to queue
[2025-01-26T18:58:20.290+0000] {logging_mixin.py:190} INFO - [2025-01-26T18:58:20.289+0000] {dagbag.py:588} INFO - Filling up the DagBag from /home/airflow/.local/lib/python3.12/site-packages/airflow/example_dags/tutorial_taskflow_api_virtualenv.py
[2025-01-26T18:58:20.307+0000] {processor.py:925} INFO - DAG(s) 'tutorial_taskflow_api_virtualenv' retrieved from /home/airflow/.local/lib/python3.12/site-packages/airflow/example_dags/tutorial_taskflow_api_virtualenv.py
[2025-01-26T18:58:20.341+0000] {logging_mixin.py:190} INFO - [2025-01-26T18:58:20.340+0000] {dag.py:3239} INFO - Sync 1 DAGs
[2025-01-26T18:58:20.371+0000] {logging_mixin.py:190} INFO - [2025-01-26T18:58:20.371+0000] {dag.py:4180} INFO - Setting next_dagrun for tutorial_taskflow_api_virtualenv to None, run_after=None
[2025-01-26T18:58:20.398+0000] {processor.py:208} INFO - Processing /home/airflow/.local/lib/python3.12/site-packages/airflow/example_dags/tutorial_taskflow_api_virtualenv.py took 0.120 seconds
[2025-01-26T18:58:50.527+0000] {processor.py:186} INFO - Started process (PID=900) to work on /home/airflow/.local/lib/python3.12/site-packages/airflow/example_dags/tutorial_taskflow_api_virtualenv.py
[2025-01-26T18:58:50.528+0000] {processor.py:914} INFO - Processing file /home/airflow/.local/lib/python3.12/site-packages/airflow/example_dags/tutorial_taskflow_api_virtualenv.py for tasks to queue
[2025-01-26T18:58:50.531+0000] {logging_mixin.py:190} INFO - [2025-01-26T18:58:50.530+0000] {dagbag.py:588} INFO - Filling up the DagBag from /home/airflow/.local/lib/python3.12/site-packages/airflow/example_dags/tutorial_taskflow_api_virtualenv.py
[2025-01-26T18:58:50.544+0000] {processor.py:925} INFO - DAG(s) 'tutorial_taskflow_api_virtualenv' retrieved from /home/airflow/.local/lib/python3.12/site-packages/airflow/example_dags/tutorial_taskflow_api_virtualenv.py
[2025-01-26T18:58:50.566+0000] {logging_mixin.py:190} INFO - [2025-01-26T18:58:50.566+0000] {dag.py:3239} INFO - Sync 1 DAGs
[2025-01-26T18:58:50.602+0000] {logging_mixin.py:190} INFO - [2025-01-26T18:58:50.601+0000] {dag.py:4180} INFO - Setting next_dagrun for tutorial_taskflow_api_virtualenv to None, run_after=None
[2025-01-26T18:58:50.651+0000] {processor.py:208} INFO - Processing /home/airflow/.local/lib/python3.12/site-packages/airflow/example_dags/tutorial_taskflow_api_virtualenv.py took 0.129 seconds
[2025-01-26T18:59:21.274+0000] {processor.py:186} INFO - Started process (PID=965) to work on /home/airflow/.local/lib/python3.12/site-packages/airflow/example_dags/tutorial_taskflow_api_virtualenv.py
[2025-01-26T18:59:21.276+0000] {processor.py:914} INFO - Processing file /home/airflow/.local/lib/python3.12/site-packages/airflow/example_dags/tutorial_taskflow_api_virtualenv.py for tasks to queue
[2025-01-26T18:59:21.278+0000] {logging_mixin.py:190} INFO - [2025-01-26T18:59:21.278+0000] {dagbag.py:588} INFO - Filling up the DagBag from /home/airflow/.local/lib/python3.12/site-packages/airflow/example_dags/tutorial_taskflow_api_virtualenv.py
[2025-01-26T18:59:21.293+0000] {processor.py:925} INFO - DAG(s) 'tutorial_taskflow_api_virtualenv' retrieved from /home/airflow/.local/lib/python3.12/site-packages/airflow/example_dags/tutorial_taskflow_api_virtualenv.py
[2025-01-26T18:59:21.315+0000] {logging_mixin.py:190} INFO - [2025-01-26T18:59:21.315+0000] {dag.py:3239} INFO - Sync 1 DAGs
[2025-01-26T18:59:21.345+0000] {logging_mixin.py:190} INFO - [2025-01-26T18:59:21.345+0000] {dag.py:4180} INFO - Setting next_dagrun for tutorial_taskflow_api_virtualenv to None, run_after=None
[2025-01-26T18:59:21.369+0000] {processor.py:208} INFO - Processing /home/airflow/.local/lib/python3.12/site-packages/airflow/example_dags/tutorial_taskflow_api_virtualenv.py took 0.102 seconds
[2025-01-26T18:59:51.576+0000] {processor.py:186} INFO - Started process (PID=1030) to work on /home/airflow/.local/lib/python3.12/site-packages/airflow/example_dags/tutorial_taskflow_api_virtualenv.py
[2025-01-26T18:59:51.578+0000] {processor.py:914} INFO - Processing file /home/airflow/.local/lib/python3.12/site-packages/airflow/example_dags/tutorial_taskflow_api_virtualenv.py for tasks to queue
[2025-01-26T18:59:51.582+0000] {logging_mixin.py:190} INFO - [2025-01-26T18:59:51.581+0000] {dagbag.py:588} INFO - Filling up the DagBag from /home/airflow/.local/lib/python3.12/site-packages/airflow/example_dags/tutorial_taskflow_api_virtualenv.py
[2025-01-26T18:59:51.598+0000] {processor.py:925} INFO - DAG(s) 'tutorial_taskflow_api_virtualenv' retrieved from /home/airflow/.local/lib/python3.12/site-packages/airflow/example_dags/tutorial_taskflow_api_virtualenv.py
[2025-01-26T18:59:51.625+0000] {logging_mixin.py:190} INFO - [2025-01-26T18:59:51.625+0000] {dag.py:3239} INFO - Sync 1 DAGs
[2025-01-26T18:59:51.645+0000] {logging_mixin.py:190} INFO - [2025-01-26T18:59:51.645+0000] {dag.py:4180} INFO - Setting next_dagrun for tutorial_taskflow_api_virtualenv to None, run_after=None
[2025-01-26T18:59:51.669+0000] {processor.py:208} INFO - Processing /home/airflow/.local/lib/python3.12/site-packages/airflow/example_dags/tutorial_taskflow_api_virtualenv.py took 0.103 seconds
[2025-01-26T19:00:21.974+0000] {processor.py:186} INFO - Started process (PID=1095) to work on /home/airflow/.local/lib/python3.12/site-packages/airflow/example_dags/tutorial_taskflow_api_virtualenv.py
[2025-01-26T19:00:21.975+0000] {processor.py:914} INFO - Processing file /home/airflow/.local/lib/python3.12/site-packages/airflow/example_dags/tutorial_taskflow_api_virtualenv.py for tasks to queue
[2025-01-26T19:00:21.978+0000] {logging_mixin.py:190} INFO - [2025-01-26T19:00:21.977+0000] {dagbag.py:588} INFO - Filling up the DagBag from /home/airflow/.local/lib/python3.12/site-packages/airflow/example_dags/tutorial_taskflow_api_virtualenv.py
[2025-01-26T19:00:21.993+0000] {processor.py:925} INFO - DAG(s) 'tutorial_taskflow_api_virtualenv' retrieved from /home/airflow/.local/lib/python3.12/site-packages/airflow/example_dags/tutorial_taskflow_api_virtualenv.py
[2025-01-26T19:00:22.023+0000] {logging_mixin.py:190} INFO - [2025-01-26T19:00:22.022+0000] {dag.py:3239} INFO - Sync 1 DAGs
[2025-01-26T19:00:22.063+0000] {logging_mixin.py:190} INFO - [2025-01-26T19:00:22.062+0000] {dag.py:4180} INFO - Setting next_dagrun for tutorial_taskflow_api_virtualenv to None, run_after=None
[2025-01-26T19:00:22.100+0000] {processor.py:208} INFO - Processing /home/airflow/.local/lib/python3.12/site-packages/airflow/example_dags/tutorial_taskflow_api_virtualenv.py took 0.134 seconds
[2025-01-26T19:00:52.541+0000] {processor.py:186} INFO - Started process (PID=1160) to work on /home/airflow/.local/lib/python3.12/site-packages/airflow/example_dags/tutorial_taskflow_api_virtualenv.py
[2025-01-26T19:00:52.542+0000] {processor.py:914} INFO - Processing file /home/airflow/.local/lib/python3.12/site-packages/airflow/example_dags/tutorial_taskflow_api_virtualenv.py for tasks to queue
[2025-01-26T19:00:52.546+0000] {logging_mixin.py:190} INFO - [2025-01-26T19:00:52.545+0000] {dagbag.py:588} INFO - Filling up the DagBag from /home/airflow/.local/lib/python3.12/site-packages/airflow/example_dags/tutorial_taskflow_api_virtualenv.py
[2025-01-26T19:00:52.574+0000] {processor.py:925} INFO - DAG(s) 'tutorial_taskflow_api_virtualenv' retrieved from /home/airflow/.local/lib/python3.12/site-packages/airflow/example_dags/tutorial_taskflow_api_virtualenv.py
[2025-01-26T19:00:52.617+0000] {logging_mixin.py:190} INFO - [2025-01-26T19:00:52.616+0000] {dag.py:3239} INFO - Sync 1 DAGs
[2025-01-26T19:00:52.644+0000] {logging_mixin.py:190} INFO - [2025-01-26T19:00:52.644+0000] {dag.py:4180} INFO - Setting next_dagrun for tutorial_taskflow_api_virtualenv to None, run_after=None
[2025-01-26T19:00:52.702+0000] {processor.py:208} INFO - Processing /home/airflow/.local/lib/python3.12/site-packages/airflow/example_dags/tutorial_taskflow_api_virtualenv.py took 0.174 seconds
[2025-01-26T19:01:23.279+0000] {processor.py:186} INFO - Started process (PID=1225) to work on /home/airflow/.local/lib/python3.12/site-packages/airflow/example_dags/tutorial_taskflow_api_virtualenv.py
[2025-01-26T19:01:23.280+0000] {processor.py:914} INFO - Processing file /home/airflow/.local/lib/python3.12/site-packages/airflow/example_dags/tutorial_taskflow_api_virtualenv.py for tasks to queue
[2025-01-26T19:01:23.282+0000] {logging_mixin.py:190} INFO - [2025-01-26T19:01:23.282+0000] {dagbag.py:588} INFO - Filling up the DagBag from /home/airflow/.local/lib/python3.12/site-packages/airflow/example_dags/tutorial_taskflow_api_virtualenv.py
[2025-01-26T19:01:23.300+0000] {processor.py:925} INFO - DAG(s) 'tutorial_taskflow_api_virtualenv' retrieved from /home/airflow/.local/lib/python3.12/site-packages/airflow/example_dags/tutorial_taskflow_api_virtualenv.py
[2025-01-26T19:01:23.326+0000] {logging_mixin.py:190} INFO - [2025-01-26T19:01:23.326+0000] {dag.py:3239} INFO - Sync 1 DAGs
[2025-01-26T19:01:23.347+0000] {logging_mixin.py:190} INFO - [2025-01-26T19:01:23.347+0000] {dag.py:4180} INFO - Setting next_dagrun for tutorial_taskflow_api_virtualenv to None, run_after=None
[2025-01-26T19:01:23.369+0000] {processor.py:208} INFO - Processing /home/airflow/.local/lib/python3.12/site-packages/airflow/example_dags/tutorial_taskflow_api_virtualenv.py took 0.097 seconds
[2025-01-26T19:01:53.985+0000] {processor.py:186} INFO - Started process (PID=1290) to work on /home/airflow/.local/lib/python3.12/site-packages/airflow/example_dags/tutorial_taskflow_api_virtualenv.py
[2025-01-26T19:01:53.986+0000] {processor.py:914} INFO - Processing file /home/airflow/.local/lib/python3.12/site-packages/airflow/example_dags/tutorial_taskflow_api_virtualenv.py for tasks to queue
[2025-01-26T19:01:53.988+0000] {logging_mixin.py:190} INFO - [2025-01-26T19:01:53.988+0000] {dagbag.py:588} INFO - Filling up the DagBag from /home/airflow/.local/lib/python3.12/site-packages/airflow/example_dags/tutorial_taskflow_api_virtualenv.py
[2025-01-26T19:01:54.002+0000] {processor.py:925} INFO - DAG(s) 'tutorial_taskflow_api_virtualenv' retrieved from /home/airflow/.local/lib/python3.12/site-packages/airflow/example_dags/tutorial_taskflow_api_virtualenv.py
[2025-01-26T19:01:54.027+0000] {logging_mixin.py:190} INFO - [2025-01-26T19:01:54.027+0000] {dag.py:3239} INFO - Sync 1 DAGs
[2025-01-26T19:01:54.046+0000] {logging_mixin.py:190} INFO - [2025-01-26T19:01:54.046+0000] {dag.py:4180} INFO - Setting next_dagrun for tutorial_taskflow_api_virtualenv to None, run_after=None
[2025-01-26T19:01:54.066+0000] {processor.py:208} INFO - Processing /home/airflow/.local/lib/python3.12/site-packages/airflow/example_dags/tutorial_taskflow_api_virtualenv.py took 0.087 seconds
[2025-01-26T19:02:24.346+0000] {processor.py:186} INFO - Started process (PID=1355) to work on /home/airflow/.local/lib/python3.12/site-packages/airflow/example_dags/tutorial_taskflow_api_virtualenv.py
[2025-01-26T19:02:24.347+0000] {processor.py:914} INFO - Processing file /home/airflow/.local/lib/python3.12/site-packages/airflow/example_dags/tutorial_taskflow_api_virtualenv.py for tasks to queue
[2025-01-26T19:02:24.349+0000] {logging_mixin.py:190} INFO - [2025-01-26T19:02:24.349+0000] {dagbag.py:588} INFO - Filling up the DagBag from /home/airflow/.local/lib/python3.12/site-packages/airflow/example_dags/tutorial_taskflow_api_virtualenv.py
[2025-01-26T19:02:24.362+0000] {processor.py:925} INFO - DAG(s) 'tutorial_taskflow_api_virtualenv' retrieved from /home/airflow/.local/lib/python3.12/site-packages/airflow/example_dags/tutorial_taskflow_api_virtualenv.py
[2025-01-26T19:02:24.381+0000] {logging_mixin.py:190} INFO - [2025-01-26T19:02:24.380+0000] {dag.py:3239} INFO - Sync 1 DAGs
[2025-01-26T19:02:24.397+0000] {logging_mixin.py:190} INFO - [2025-01-26T19:02:24.397+0000] {dag.py:4180} INFO - Setting next_dagrun for tutorial_taskflow_api_virtualenv to None, run_after=None
[2025-01-26T19:02:24.440+0000] {processor.py:208} INFO - Processing /home/airflow/.local/lib/python3.12/site-packages/airflow/example_dags/tutorial_taskflow_api_virtualenv.py took 0.101 seconds
[2025-01-26T19:02:54.795+0000] {processor.py:186} INFO - Started process (PID=1420) to work on /home/airflow/.local/lib/python3.12/site-packages/airflow/example_dags/tutorial_taskflow_api_virtualenv.py
[2025-01-26T19:02:54.797+0000] {processor.py:914} INFO - Processing file /home/airflow/.local/lib/python3.12/site-packages/airflow/example_dags/tutorial_taskflow_api_virtualenv.py for tasks to queue
[2025-01-26T19:02:54.800+0000] {logging_mixin.py:190} INFO - [2025-01-26T19:02:54.799+0000] {dagbag.py:588} INFO - Filling up the DagBag from /home/airflow/.local/lib/python3.12/site-packages/airflow/example_dags/tutorial_taskflow_api_virtualenv.py
[2025-01-26T19:02:54.813+0000] {processor.py:925} INFO - DAG(s) 'tutorial_taskflow_api_virtualenv' retrieved from /home/airflow/.local/lib/python3.12/site-packages/airflow/example_dags/tutorial_taskflow_api_virtualenv.py
[2025-01-26T19:02:54.835+0000] {logging_mixin.py:190} INFO - [2025-01-26T19:02:54.834+0000] {dag.py:3239} INFO - Sync 1 DAGs
[2025-01-26T19:02:54.852+0000] {logging_mixin.py:190} INFO - [2025-01-26T19:02:54.852+0000] {dag.py:4180} INFO - Setting next_dagrun for tutorial_taskflow_api_virtualenv to None, run_after=None
[2025-01-26T19:02:54.872+0000] {processor.py:208} INFO - Processing /home/airflow/.local/lib/python3.12/site-packages/airflow/example_dags/tutorial_taskflow_api_virtualenv.py took 0.085 seconds
[2025-01-26T19:03:25.537+0000] {processor.py:186} INFO - Started process (PID=1485) to work on /home/airflow/.local/lib/python3.12/site-packages/airflow/example_dags/tutorial_taskflow_api_virtualenv.py
[2025-01-26T19:03:25.539+0000] {processor.py:914} INFO - Processing file /home/airflow/.local/lib/python3.12/site-packages/airflow/example_dags/tutorial_taskflow_api_virtualenv.py for tasks to queue
[2025-01-26T19:03:25.547+0000] {logging_mixin.py:190} INFO - [2025-01-26T19:03:25.547+0000] {dagbag.py:588} INFO - Filling up the DagBag from /home/airflow/.local/lib/python3.12/site-packages/airflow/example_dags/tutorial_taskflow_api_virtualenv.py
[2025-01-26T19:03:25.578+0000] {processor.py:925} INFO - DAG(s) 'tutorial_taskflow_api_virtualenv' retrieved from /home/airflow/.local/lib/python3.12/site-packages/airflow/example_dags/tutorial_taskflow_api_virtualenv.py
[2025-01-26T19:03:25.617+0000] {logging_mixin.py:190} INFO - [2025-01-26T19:03:25.616+0000] {dag.py:3239} INFO - Sync 1 DAGs
[2025-01-26T19:03:25.646+0000] {logging_mixin.py:190} INFO - [2025-01-26T19:03:25.646+0000] {dag.py:4180} INFO - Setting next_dagrun for tutorial_taskflow_api_virtualenv to None, run_after=None
[2025-01-26T19:03:25.676+0000] {processor.py:208} INFO - Processing /home/airflow/.local/lib/python3.12/site-packages/airflow/example_dags/tutorial_taskflow_api_virtualenv.py took 0.154 seconds
[2025-01-26T19:03:56.099+0000] {processor.py:186} INFO - Started process (PID=1550) to work on /home/airflow/.local/lib/python3.12/site-packages/airflow/example_dags/tutorial_taskflow_api_virtualenv.py
[2025-01-26T19:03:56.100+0000] {processor.py:914} INFO - Processing file /home/airflow/.local/lib/python3.12/site-packages/airflow/example_dags/tutorial_taskflow_api_virtualenv.py for tasks to queue
[2025-01-26T19:03:56.102+0000] {logging_mixin.py:190} INFO - [2025-01-26T19:03:56.102+0000] {dagbag.py:588} INFO - Filling up the DagBag from /home/airflow/.local/lib/python3.12/site-packages/airflow/example_dags/tutorial_taskflow_api_virtualenv.py
[2025-01-26T19:03:56.117+0000] {processor.py:925} INFO - DAG(s) 'tutorial_taskflow_api_virtualenv' retrieved from /home/airflow/.local/lib/python3.12/site-packages/airflow/example_dags/tutorial_taskflow_api_virtualenv.py
[2025-01-26T19:03:56.143+0000] {logging_mixin.py:190} INFO - [2025-01-26T19:03:56.143+0000] {dag.py:3239} INFO - Sync 1 DAGs
[2025-01-26T19:03:56.162+0000] {logging_mixin.py:190} INFO - [2025-01-26T19:03:56.162+0000] {dag.py:4180} INFO - Setting next_dagrun for tutorial_taskflow_api_virtualenv to None, run_after=None
[2025-01-26T19:03:56.184+0000] {processor.py:208} INFO - Processing /home/airflow/.local/lib/python3.12/site-packages/airflow/example_dags/tutorial_taskflow_api_virtualenv.py took 0.093 seconds
[2025-01-26T19:04:26.301+0000] {processor.py:186} INFO - Started process (PID=1616) to work on /home/airflow/.local/lib/python3.12/site-packages/airflow/example_dags/tutorial_taskflow_api_virtualenv.py
[2025-01-26T19:04:26.301+0000] {processor.py:914} INFO - Processing file /home/airflow/.local/lib/python3.12/site-packages/airflow/example_dags/tutorial_taskflow_api_virtualenv.py for tasks to queue
[2025-01-26T19:04:26.304+0000] {logging_mixin.py:190} INFO - [2025-01-26T19:04:26.303+0000] {dagbag.py:588} INFO - Filling up the DagBag from /home/airflow/.local/lib/python3.12/site-packages/airflow/example_dags/tutorial_taskflow_api_virtualenv.py
[2025-01-26T19:04:26.317+0000] {processor.py:925} INFO - DAG(s) 'tutorial_taskflow_api_virtualenv' retrieved from /home/airflow/.local/lib/python3.12/site-packages/airflow/example_dags/tutorial_taskflow_api_virtualenv.py
[2025-01-26T19:04:26.338+0000] {logging_mixin.py:190} INFO - [2025-01-26T19:04:26.338+0000] {dag.py:3239} INFO - Sync 1 DAGs
[2025-01-26T19:04:26.355+0000] {logging_mixin.py:190} INFO - [2025-01-26T19:04:26.355+0000] {dag.py:4180} INFO - Setting next_dagrun for tutorial_taskflow_api_virtualenv to None, run_after=None
[2025-01-26T19:04:26.375+0000] {processor.py:208} INFO - Processing /home/airflow/.local/lib/python3.12/site-packages/airflow/example_dags/tutorial_taskflow_api_virtualenv.py took 0.080 seconds
[2025-01-26T19:04:56.803+0000] {processor.py:186} INFO - Started process (PID=1680) to work on /home/airflow/.local/lib/python3.12/site-packages/airflow/example_dags/tutorial_taskflow_api_virtualenv.py
[2025-01-26T19:04:56.804+0000] {processor.py:914} INFO - Processing file /home/airflow/.local/lib/python3.12/site-packages/airflow/example_dags/tutorial_taskflow_api_virtualenv.py for tasks to queue
[2025-01-26T19:04:56.807+0000] {logging_mixin.py:190} INFO - [2025-01-26T19:04:56.806+0000] {dagbag.py:588} INFO - Filling up the DagBag from /home/airflow/.local/lib/python3.12/site-packages/airflow/example_dags/tutorial_taskflow_api_virtualenv.py
[2025-01-26T19:04:56.823+0000] {processor.py:925} INFO - DAG(s) 'tutorial_taskflow_api_virtualenv' retrieved from /home/airflow/.local/lib/python3.12/site-packages/airflow/example_dags/tutorial_taskflow_api_virtualenv.py
[2025-01-26T19:04:56.848+0000] {logging_mixin.py:190} INFO - [2025-01-26T19:04:56.847+0000] {dag.py:3239} INFO - Sync 1 DAGs
[2025-01-26T19:04:56.866+0000] {logging_mixin.py:190} INFO - [2025-01-26T19:04:56.866+0000] {dag.py:4180} INFO - Setting next_dagrun for tutorial_taskflow_api_virtualenv to None, run_after=None
[2025-01-26T19:04:56.888+0000] {processor.py:208} INFO - Processing /home/airflow/.local/lib/python3.12/site-packages/airflow/example_dags/tutorial_taskflow_api_virtualenv.py took 0.091 seconds
[2025-01-26T19:05:27.427+0000] {processor.py:186} INFO - Started process (PID=1745) to work on /home/airflow/.local/lib/python3.12/site-packages/airflow/example_dags/tutorial_taskflow_api_virtualenv.py
[2025-01-26T19:05:27.428+0000] {processor.py:914} INFO - Processing file /home/airflow/.local/lib/python3.12/site-packages/airflow/example_dags/tutorial_taskflow_api_virtualenv.py for tasks to queue
[2025-01-26T19:05:27.433+0000] {logging_mixin.py:190} INFO - [2025-01-26T19:05:27.432+0000] {dagbag.py:588} INFO - Filling up the DagBag from /home/airflow/.local/lib/python3.12/site-packages/airflow/example_dags/tutorial_taskflow_api_virtualenv.py
[2025-01-26T19:05:27.464+0000] {processor.py:925} INFO - DAG(s) 'tutorial_taskflow_api_virtualenv' retrieved from /home/airflow/.local/lib/python3.12/site-packages/airflow/example_dags/tutorial_taskflow_api_virtualenv.py
[2025-01-26T19:05:27.497+0000] {logging_mixin.py:190} INFO - [2025-01-26T19:05:27.496+0000] {dag.py:3239} INFO - Sync 1 DAGs
[2025-01-26T19:05:27.522+0000] {logging_mixin.py:190} INFO - [2025-01-26T19:05:27.522+0000] {dag.py:4180} INFO - Setting next_dagrun for tutorial_taskflow_api_virtualenv to None, run_after=None
[2025-01-26T19:05:27.556+0000] {processor.py:208} INFO - Processing /home/airflow/.local/lib/python3.12/site-packages/airflow/example_dags/tutorial_taskflow_api_virtualenv.py took 0.139 seconds
[2025-01-26T19:05:58.335+0000] {processor.py:186} INFO - Started process (PID=1810) to work on /home/airflow/.local/lib/python3.12/site-packages/airflow/example_dags/tutorial_taskflow_api_virtualenv.py
[2025-01-26T19:05:58.336+0000] {processor.py:914} INFO - Processing file /home/airflow/.local/lib/python3.12/site-packages/airflow/example_dags/tutorial_taskflow_api_virtualenv.py for tasks to queue
[2025-01-26T19:05:58.342+0000] {logging_mixin.py:190} INFO - [2025-01-26T19:05:58.342+0000] {dagbag.py:588} INFO - Filling up the DagBag from /home/airflow/.local/lib/python3.12/site-packages/airflow/example_dags/tutorial_taskflow_api_virtualenv.py
[2025-01-26T19:05:58.364+0000] {processor.py:925} INFO - DAG(s) 'tutorial_taskflow_api_virtualenv' retrieved from /home/airflow/.local/lib/python3.12/site-packages/airflow/example_dags/tutorial_taskflow_api_virtualenv.py
[2025-01-26T19:05:58.398+0000] {logging_mixin.py:190} INFO - [2025-01-26T19:05:58.398+0000] {dag.py:3239} INFO - Sync 1 DAGs
[2025-01-26T19:05:58.426+0000] {logging_mixin.py:190} INFO - [2025-01-26T19:05:58.426+0000] {dag.py:4180} INFO - Setting next_dagrun for tutorial_taskflow_api_virtualenv to None, run_after=None
[2025-01-26T19:05:58.456+0000] {processor.py:208} INFO - Processing /home/airflow/.local/lib/python3.12/site-packages/airflow/example_dags/tutorial_taskflow_api_virtualenv.py took 0.129 seconds
[2025-01-26T19:06:29.138+0000] {processor.py:186} INFO - Started process (PID=1875) to work on /home/airflow/.local/lib/python3.12/site-packages/airflow/example_dags/tutorial_taskflow_api_virtualenv.py
[2025-01-26T19:06:29.139+0000] {processor.py:914} INFO - Processing file /home/airflow/.local/lib/python3.12/site-packages/airflow/example_dags/tutorial_taskflow_api_virtualenv.py for tasks to queue
[2025-01-26T19:06:29.142+0000] {logging_mixin.py:190} INFO - [2025-01-26T19:06:29.141+0000] {dagbag.py:588} INFO - Filling up the DagBag from /home/airflow/.local/lib/python3.12/site-packages/airflow/example_dags/tutorial_taskflow_api_virtualenv.py
[2025-01-26T19:06:29.159+0000] {processor.py:925} INFO - DAG(s) 'tutorial_taskflow_api_virtualenv' retrieved from /home/airflow/.local/lib/python3.12/site-packages/airflow/example_dags/tutorial_taskflow_api_virtualenv.py
[2025-01-26T19:06:29.195+0000] {logging_mixin.py:190} INFO - [2025-01-26T19:06:29.195+0000] {dag.py:3239} INFO - Sync 1 DAGs
[2025-01-26T19:06:29.215+0000] {logging_mixin.py:190} INFO - [2025-01-26T19:06:29.215+0000] {dag.py:4180} INFO - Setting next_dagrun for tutorial_taskflow_api_virtualenv to None, run_after=None
[2025-01-26T19:06:29.238+0000] {processor.py:208} INFO - Processing /home/airflow/.local/lib/python3.12/site-packages/airflow/example_dags/tutorial_taskflow_api_virtualenv.py took 0.107 seconds
[2025-01-26T19:06:59.459+0000] {processor.py:186} INFO - Started process (PID=1940) to work on /home/airflow/.local/lib/python3.12/site-packages/airflow/example_dags/tutorial_taskflow_api_virtualenv.py
[2025-01-26T19:06:59.461+0000] {processor.py:914} INFO - Processing file /home/airflow/.local/lib/python3.12/site-packages/airflow/example_dags/tutorial_taskflow_api_virtualenv.py for tasks to queue
[2025-01-26T19:06:59.464+0000] {logging_mixin.py:190} INFO - [2025-01-26T19:06:59.464+0000] {dagbag.py:588} INFO - Filling up the DagBag from /home/airflow/.local/lib/python3.12/site-packages/airflow/example_dags/tutorial_taskflow_api_virtualenv.py
[2025-01-26T19:06:59.488+0000] {processor.py:925} INFO - DAG(s) 'tutorial_taskflow_api_virtualenv' retrieved from /home/airflow/.local/lib/python3.12/site-packages/airflow/example_dags/tutorial_taskflow_api_virtualenv.py
[2025-01-26T19:06:59.522+0000] {logging_mixin.py:190} INFO - [2025-01-26T19:06:59.521+0000] {dag.py:3239} INFO - Sync 1 DAGs
[2025-01-26T19:06:59.551+0000] {logging_mixin.py:190} INFO - [2025-01-26T19:06:59.551+0000] {dag.py:4180} INFO - Setting next_dagrun for tutorial_taskflow_api_virtualenv to None, run_after=None
[2025-01-26T19:06:59.590+0000] {processor.py:208} INFO - Processing /home/airflow/.local/lib/python3.12/site-packages/airflow/example_dags/tutorial_taskflow_api_virtualenv.py took 0.139 seconds
[2025-01-26T19:07:30.010+0000] {processor.py:186} INFO - Started process (PID=2005) to work on /home/airflow/.local/lib/python3.12/site-packages/airflow/example_dags/tutorial_taskflow_api_virtualenv.py
[2025-01-26T19:07:30.011+0000] {processor.py:914} INFO - Processing file /home/airflow/.local/lib/python3.12/site-packages/airflow/example_dags/tutorial_taskflow_api_virtualenv.py for tasks to queue
[2025-01-26T19:07:30.015+0000] {logging_mixin.py:190} INFO - [2025-01-26T19:07:30.014+0000] {dagbag.py:588} INFO - Filling up the DagBag from /home/airflow/.local/lib/python3.12/site-packages/airflow/example_dags/tutorial_taskflow_api_virtualenv.py
[2025-01-26T19:07:30.046+0000] {processor.py:925} INFO - DAG(s) 'tutorial_taskflow_api_virtualenv' retrieved from /home/airflow/.local/lib/python3.12/site-packages/airflow/example_dags/tutorial_taskflow_api_virtualenv.py
[2025-01-26T19:07:30.081+0000] {logging_mixin.py:190} INFO - [2025-01-26T19:07:30.080+0000] {dag.py:3239} INFO - Sync 1 DAGs
[2025-01-26T19:07:30.114+0000] {logging_mixin.py:190} INFO - [2025-01-26T19:07:30.113+0000] {dag.py:4180} INFO - Setting next_dagrun for tutorial_taskflow_api_virtualenv to None, run_after=None
[2025-01-26T19:07:30.169+0000] {processor.py:208} INFO - Processing /home/airflow/.local/lib/python3.12/site-packages/airflow/example_dags/tutorial_taskflow_api_virtualenv.py took 0.171 seconds
[2025-01-26T19:08:00.304+0000] {processor.py:186} INFO - Started process (PID=2071) to work on /home/airflow/.local/lib/python3.12/site-packages/airflow/example_dags/tutorial_taskflow_api_virtualenv.py
[2025-01-26T19:08:00.305+0000] {processor.py:914} INFO - Processing file /home/airflow/.local/lib/python3.12/site-packages/airflow/example_dags/tutorial_taskflow_api_virtualenv.py for tasks to queue
[2025-01-26T19:08:00.307+0000] {logging_mixin.py:190} INFO - [2025-01-26T19:08:00.307+0000] {dagbag.py:588} INFO - Filling up the DagBag from /home/airflow/.local/lib/python3.12/site-packages/airflow/example_dags/tutorial_taskflow_api_virtualenv.py
[2025-01-26T19:08:00.321+0000] {processor.py:925} INFO - DAG(s) 'tutorial_taskflow_api_virtualenv' retrieved from /home/airflow/.local/lib/python3.12/site-packages/airflow/example_dags/tutorial_taskflow_api_virtualenv.py
[2025-01-26T19:08:00.357+0000] {logging_mixin.py:190} INFO - [2025-01-26T19:08:00.357+0000] {dag.py:3239} INFO - Sync 1 DAGs
[2025-01-26T19:08:00.371+0000] {logging_mixin.py:190} INFO - [2025-01-26T19:08:00.371+0000] {dag.py:4180} INFO - Setting next_dagrun for tutorial_taskflow_api_virtualenv to None, run_after=None
[2025-01-26T19:08:00.387+0000] {processor.py:208} INFO - Processing /home/airflow/.local/lib/python3.12/site-packages/airflow/example_dags/tutorial_taskflow_api_virtualenv.py took 0.090 seconds
[2025-01-26T19:08:30.883+0000] {processor.py:186} INFO - Started process (PID=2136) to work on /home/airflow/.local/lib/python3.12/site-packages/airflow/example_dags/tutorial_taskflow_api_virtualenv.py
[2025-01-26T19:08:30.885+0000] {processor.py:914} INFO - Processing file /home/airflow/.local/lib/python3.12/site-packages/airflow/example_dags/tutorial_taskflow_api_virtualenv.py for tasks to queue
[2025-01-26T19:08:30.888+0000] {logging_mixin.py:190} INFO - [2025-01-26T19:08:30.888+0000] {dagbag.py:588} INFO - Filling up the DagBag from /home/airflow/.local/lib/python3.12/site-packages/airflow/example_dags/tutorial_taskflow_api_virtualenv.py
[2025-01-26T19:08:30.904+0000] {processor.py:925} INFO - DAG(s) 'tutorial_taskflow_api_virtualenv' retrieved from /home/airflow/.local/lib/python3.12/site-packages/airflow/example_dags/tutorial_taskflow_api_virtualenv.py
[2025-01-26T19:08:30.936+0000] {logging_mixin.py:190} INFO - [2025-01-26T19:08:30.935+0000] {dag.py:3239} INFO - Sync 1 DAGs
[2025-01-26T19:08:30.954+0000] {logging_mixin.py:190} INFO - [2025-01-26T19:08:30.953+0000] {dag.py:4180} INFO - Setting next_dagrun for tutorial_taskflow_api_virtualenv to None, run_after=None
[2025-01-26T19:08:30.977+0000] {processor.py:208} INFO - Processing /home/airflow/.local/lib/python3.12/site-packages/airflow/example_dags/tutorial_taskflow_api_virtualenv.py took 0.103 seconds
[2025-01-26T19:09:01.083+0000] {processor.py:186} INFO - Started process (PID=2202) to work on /home/airflow/.local/lib/python3.12/site-packages/airflow/example_dags/tutorial_taskflow_api_virtualenv.py
[2025-01-26T19:09:01.084+0000] {processor.py:914} INFO - Processing file /home/airflow/.local/lib/python3.12/site-packages/airflow/example_dags/tutorial_taskflow_api_virtualenv.py for tasks to queue
[2025-01-26T19:09:01.086+0000] {logging_mixin.py:190} INFO - [2025-01-26T19:09:01.086+0000] {dagbag.py:588} INFO - Filling up the DagBag from /home/airflow/.local/lib/python3.12/site-packages/airflow/example_dags/tutorial_taskflow_api_virtualenv.py
[2025-01-26T19:09:01.099+0000] {processor.py:925} INFO - DAG(s) 'tutorial_taskflow_api_virtualenv' retrieved from /home/airflow/.local/lib/python3.12/site-packages/airflow/example_dags/tutorial_taskflow_api_virtualenv.py
[2025-01-26T19:09:01.117+0000] {logging_mixin.py:190} INFO - [2025-01-26T19:09:01.117+0000] {dag.py:3239} INFO - Sync 1 DAGs
[2025-01-26T19:09:01.131+0000] {logging_mixin.py:190} INFO - [2025-01-26T19:09:01.131+0000] {dag.py:4180} INFO - Setting next_dagrun for tutorial_taskflow_api_virtualenv to None, run_after=None
[2025-01-26T19:09:01.149+0000] {processor.py:208} INFO - Processing /home/airflow/.local/lib/python3.12/site-packages/airflow/example_dags/tutorial_taskflow_api_virtualenv.py took 0.071 seconds
[2025-01-26T19:10:07.378+0000] {processor.py:186} INFO - Started process (PID=51) to work on /home/airflow/.local/lib/python3.12/site-packages/airflow/example_dags/tutorial_taskflow_api_virtualenv.py
[2025-01-26T19:10:07.379+0000] {processor.py:914} INFO - Processing file /home/airflow/.local/lib/python3.12/site-packages/airflow/example_dags/tutorial_taskflow_api_virtualenv.py for tasks to queue
[2025-01-26T19:10:07.381+0000] {logging_mixin.py:190} INFO - [2025-01-26T19:10:07.381+0000] {dagbag.py:588} INFO - Filling up the DagBag from /home/airflow/.local/lib/python3.12/site-packages/airflow/example_dags/tutorial_taskflow_api_virtualenv.py
[2025-01-26T19:10:07.397+0000] {processor.py:925} INFO - DAG(s) 'tutorial_taskflow_api_virtualenv' retrieved from /home/airflow/.local/lib/python3.12/site-packages/airflow/example_dags/tutorial_taskflow_api_virtualenv.py
[2025-01-26T19:10:07.508+0000] {logging_mixin.py:190} INFO - [2025-01-26T19:10:07.507+0000] {dag.py:3239} INFO - Sync 1 DAGs
[2025-01-26T19:10:07.520+0000] {logging_mixin.py:190} INFO - [2025-01-26T19:10:07.520+0000] {dag.py:4180} INFO - Setting next_dagrun for tutorial_taskflow_api_virtualenv to None, run_after=None
[2025-01-26T19:10:07.543+0000] {processor.py:208} INFO - Processing /home/airflow/.local/lib/python3.12/site-packages/airflow/example_dags/tutorial_taskflow_api_virtualenv.py took 0.170 seconds
[2025-01-26T19:10:38.767+0000] {processor.py:186} INFO - Started process (PID=116) to work on /home/airflow/.local/lib/python3.12/site-packages/airflow/example_dags/tutorial_taskflow_api_virtualenv.py
[2025-01-26T19:10:38.768+0000] {processor.py:914} INFO - Processing file /home/airflow/.local/lib/python3.12/site-packages/airflow/example_dags/tutorial_taskflow_api_virtualenv.py for tasks to queue
[2025-01-26T19:10:38.771+0000] {logging_mixin.py:190} INFO - [2025-01-26T19:10:38.770+0000] {dagbag.py:588} INFO - Filling up the DagBag from /home/airflow/.local/lib/python3.12/site-packages/airflow/example_dags/tutorial_taskflow_api_virtualenv.py
[2025-01-26T19:10:38.785+0000] {processor.py:925} INFO - DAG(s) 'tutorial_taskflow_api_virtualenv' retrieved from /home/airflow/.local/lib/python3.12/site-packages/airflow/example_dags/tutorial_taskflow_api_virtualenv.py
[2025-01-26T19:10:38.805+0000] {logging_mixin.py:190} INFO - [2025-01-26T19:10:38.805+0000] {dag.py:3239} INFO - Sync 1 DAGs
[2025-01-26T19:10:38.821+0000] {logging_mixin.py:190} INFO - [2025-01-26T19:10:38.820+0000] {dag.py:4180} INFO - Setting next_dagrun for tutorial_taskflow_api_virtualenv to None, run_after=None
[2025-01-26T19:10:38.838+0000] {processor.py:208} INFO - Processing /home/airflow/.local/lib/python3.12/site-packages/airflow/example_dags/tutorial_taskflow_api_virtualenv.py took 0.077 seconds
[2025-01-26T19:11:09.564+0000] {processor.py:186} INFO - Started process (PID=182) to work on /home/airflow/.local/lib/python3.12/site-packages/airflow/example_dags/tutorial_taskflow_api_virtualenv.py
[2025-01-26T19:11:09.565+0000] {processor.py:914} INFO - Processing file /home/airflow/.local/lib/python3.12/site-packages/airflow/example_dags/tutorial_taskflow_api_virtualenv.py for tasks to queue
[2025-01-26T19:11:09.569+0000] {logging_mixin.py:190} INFO - [2025-01-26T19:11:09.568+0000] {dagbag.py:588} INFO - Filling up the DagBag from /home/airflow/.local/lib/python3.12/site-packages/airflow/example_dags/tutorial_taskflow_api_virtualenv.py
[2025-01-26T19:11:09.583+0000] {processor.py:925} INFO - DAG(s) 'tutorial_taskflow_api_virtualenv' retrieved from /home/airflow/.local/lib/python3.12/site-packages/airflow/example_dags/tutorial_taskflow_api_virtualenv.py
[2025-01-26T19:11:09.602+0000] {logging_mixin.py:190} INFO - [2025-01-26T19:11:09.601+0000] {dag.py:3239} INFO - Sync 1 DAGs
[2025-01-26T19:11:09.619+0000] {logging_mixin.py:190} INFO - [2025-01-26T19:11:09.618+0000] {dag.py:4180} INFO - Setting next_dagrun for tutorial_taskflow_api_virtualenv to None, run_after=None
[2025-01-26T19:11:09.636+0000] {processor.py:208} INFO - Processing /home/airflow/.local/lib/python3.12/site-packages/airflow/example_dags/tutorial_taskflow_api_virtualenv.py took 0.080 seconds
[2025-01-26T19:11:40.583+0000] {processor.py:186} INFO - Started process (PID=247) to work on /home/airflow/.local/lib/python3.12/site-packages/airflow/example_dags/tutorial_taskflow_api_virtualenv.py
[2025-01-26T19:11:40.584+0000] {processor.py:914} INFO - Processing file /home/airflow/.local/lib/python3.12/site-packages/airflow/example_dags/tutorial_taskflow_api_virtualenv.py for tasks to queue
[2025-01-26T19:11:40.588+0000] {logging_mixin.py:190} INFO - [2025-01-26T19:11:40.587+0000] {dagbag.py:588} INFO - Filling up the DagBag from /home/airflow/.local/lib/python3.12/site-packages/airflow/example_dags/tutorial_taskflow_api_virtualenv.py
[2025-01-26T19:11:40.601+0000] {processor.py:925} INFO - DAG(s) 'tutorial_taskflow_api_virtualenv' retrieved from /home/airflow/.local/lib/python3.12/site-packages/airflow/example_dags/tutorial_taskflow_api_virtualenv.py
[2025-01-26T19:11:40.622+0000] {logging_mixin.py:190} INFO - [2025-01-26T19:11:40.621+0000] {dag.py:3239} INFO - Sync 1 DAGs
[2025-01-26T19:11:40.639+0000] {logging_mixin.py:190} INFO - [2025-01-26T19:11:40.639+0000] {dag.py:4180} INFO - Setting next_dagrun for tutorial_taskflow_api_virtualenv to None, run_after=None
[2025-01-26T19:11:40.660+0000] {processor.py:208} INFO - Processing /home/airflow/.local/lib/python3.12/site-packages/airflow/example_dags/tutorial_taskflow_api_virtualenv.py took 0.083 seconds
[2025-01-26T19:12:12.077+0000] {processor.py:186} INFO - Started process (PID=312) to work on /home/airflow/.local/lib/python3.12/site-packages/airflow/example_dags/tutorial_taskflow_api_virtualenv.py
[2025-01-26T19:12:12.078+0000] {processor.py:914} INFO - Processing file /home/airflow/.local/lib/python3.12/site-packages/airflow/example_dags/tutorial_taskflow_api_virtualenv.py for tasks to queue
[2025-01-26T19:12:12.080+0000] {logging_mixin.py:190} INFO - [2025-01-26T19:12:12.080+0000] {dagbag.py:588} INFO - Filling up the DagBag from /home/airflow/.local/lib/python3.12/site-packages/airflow/example_dags/tutorial_taskflow_api_virtualenv.py
[2025-01-26T19:12:12.094+0000] {processor.py:925} INFO - DAG(s) 'tutorial_taskflow_api_virtualenv' retrieved from /home/airflow/.local/lib/python3.12/site-packages/airflow/example_dags/tutorial_taskflow_api_virtualenv.py
[2025-01-26T19:12:12.116+0000] {logging_mixin.py:190} INFO - [2025-01-26T19:12:12.116+0000] {dag.py:3239} INFO - Sync 1 DAGs
[2025-01-26T19:12:12.133+0000] {logging_mixin.py:190} INFO - [2025-01-26T19:12:12.133+0000] {dag.py:4180} INFO - Setting next_dagrun for tutorial_taskflow_api_virtualenv to None, run_after=None
[2025-01-26T19:12:12.156+0000] {processor.py:208} INFO - Processing /home/airflow/.local/lib/python3.12/site-packages/airflow/example_dags/tutorial_taskflow_api_virtualenv.py took 0.087 seconds
[2025-01-26T19:12:43.357+0000] {processor.py:186} INFO - Started process (PID=378) to work on /home/airflow/.local/lib/python3.12/site-packages/airflow/example_dags/tutorial_taskflow_api_virtualenv.py
[2025-01-26T19:12:43.358+0000] {processor.py:914} INFO - Processing file /home/airflow/.local/lib/python3.12/site-packages/airflow/example_dags/tutorial_taskflow_api_virtualenv.py for tasks to queue
[2025-01-26T19:12:43.361+0000] {logging_mixin.py:190} INFO - [2025-01-26T19:12:43.361+0000] {dagbag.py:588} INFO - Filling up the DagBag from /home/airflow/.local/lib/python3.12/site-packages/airflow/example_dags/tutorial_taskflow_api_virtualenv.py
[2025-01-26T19:12:43.376+0000] {processor.py:925} INFO - DAG(s) 'tutorial_taskflow_api_virtualenv' retrieved from /home/airflow/.local/lib/python3.12/site-packages/airflow/example_dags/tutorial_taskflow_api_virtualenv.py
[2025-01-26T19:12:43.401+0000] {logging_mixin.py:190} INFO - [2025-01-26T19:12:43.400+0000] {dag.py:3239} INFO - Sync 1 DAGs
[2025-01-26T19:12:43.419+0000] {logging_mixin.py:190} INFO - [2025-01-26T19:12:43.419+0000] {dag.py:4180} INFO - Setting next_dagrun for tutorial_taskflow_api_virtualenv to None, run_after=None
[2025-01-26T19:12:43.447+0000] {processor.py:208} INFO - Processing /home/airflow/.local/lib/python3.12/site-packages/airflow/example_dags/tutorial_taskflow_api_virtualenv.py took 0.098 seconds
[2025-01-26T19:13:14.324+0000] {processor.py:186} INFO - Started process (PID=444) to work on /home/airflow/.local/lib/python3.12/site-packages/airflow/example_dags/tutorial_taskflow_api_virtualenv.py
[2025-01-26T19:13:14.325+0000] {processor.py:914} INFO - Processing file /home/airflow/.local/lib/python3.12/site-packages/airflow/example_dags/tutorial_taskflow_api_virtualenv.py for tasks to queue
[2025-01-26T19:13:14.329+0000] {logging_mixin.py:190} INFO - [2025-01-26T19:13:14.328+0000] {dagbag.py:588} INFO - Filling up the DagBag from /home/airflow/.local/lib/python3.12/site-packages/airflow/example_dags/tutorial_taskflow_api_virtualenv.py
[2025-01-26T19:13:14.348+0000] {processor.py:925} INFO - DAG(s) 'tutorial_taskflow_api_virtualenv' retrieved from /home/airflow/.local/lib/python3.12/site-packages/airflow/example_dags/tutorial_taskflow_api_virtualenv.py
[2025-01-26T19:13:14.377+0000] {logging_mixin.py:190} INFO - [2025-01-26T19:13:14.376+0000] {dag.py:3239} INFO - Sync 1 DAGs
[2025-01-26T19:13:14.413+0000] {logging_mixin.py:190} INFO - [2025-01-26T19:13:14.413+0000] {dag.py:4180} INFO - Setting next_dagrun for tutorial_taskflow_api_virtualenv to None, run_after=None
[2025-01-26T19:13:14.444+0000] {processor.py:208} INFO - Processing /home/airflow/.local/lib/python3.12/site-packages/airflow/example_dags/tutorial_taskflow_api_virtualenv.py took 0.133 seconds
[2025-01-26T19:13:45.678+0000] {processor.py:186} INFO - Started process (PID=516) to work on /home/airflow/.local/lib/python3.12/site-packages/airflow/example_dags/tutorial_taskflow_api_virtualenv.py
[2025-01-26T19:13:45.680+0000] {processor.py:914} INFO - Processing file /home/airflow/.local/lib/python3.12/site-packages/airflow/example_dags/tutorial_taskflow_api_virtualenv.py for tasks to queue
[2025-01-26T19:13:45.686+0000] {logging_mixin.py:190} INFO - [2025-01-26T19:13:45.684+0000] {dagbag.py:588} INFO - Filling up the DagBag from /home/airflow/.local/lib/python3.12/site-packages/airflow/example_dags/tutorial_taskflow_api_virtualenv.py
[2025-01-26T19:13:45.704+0000] {processor.py:925} INFO - DAG(s) 'tutorial_taskflow_api_virtualenv' retrieved from /home/airflow/.local/lib/python3.12/site-packages/airflow/example_dags/tutorial_taskflow_api_virtualenv.py
[2025-01-26T19:13:45.738+0000] {logging_mixin.py:190} INFO - [2025-01-26T19:13:45.735+0000] {dag.py:3239} INFO - Sync 1 DAGs
[2025-01-26T19:13:45.767+0000] {logging_mixin.py:190} INFO - [2025-01-26T19:13:45.763+0000] {dag.py:4180} INFO - Setting next_dagrun for tutorial_taskflow_api_virtualenv to None, run_after=None
[2025-01-26T19:13:45.798+0000] {processor.py:208} INFO - Processing /home/airflow/.local/lib/python3.12/site-packages/airflow/example_dags/tutorial_taskflow_api_virtualenv.py took 0.130 seconds
[2025-01-26T19:14:17.046+0000] {processor.py:186} INFO - Started process (PID=580) to work on /home/airflow/.local/lib/python3.12/site-packages/airflow/example_dags/tutorial_taskflow_api_virtualenv.py
[2025-01-26T19:14:17.048+0000] {processor.py:914} INFO - Processing file /home/airflow/.local/lib/python3.12/site-packages/airflow/example_dags/tutorial_taskflow_api_virtualenv.py for tasks to queue
[2025-01-26T19:14:17.051+0000] {logging_mixin.py:190} INFO - [2025-01-26T19:14:17.050+0000] {dagbag.py:588} INFO - Filling up the DagBag from /home/airflow/.local/lib/python3.12/site-packages/airflow/example_dags/tutorial_taskflow_api_virtualenv.py
[2025-01-26T19:14:17.067+0000] {processor.py:925} INFO - DAG(s) 'tutorial_taskflow_api_virtualenv' retrieved from /home/airflow/.local/lib/python3.12/site-packages/airflow/example_dags/tutorial_taskflow_api_virtualenv.py
[2025-01-26T19:14:17.097+0000] {logging_mixin.py:190} INFO - [2025-01-26T19:14:17.096+0000] {dag.py:3239} INFO - Sync 1 DAGs
[2025-01-26T19:14:17.120+0000] {logging_mixin.py:190} INFO - [2025-01-26T19:14:17.119+0000] {dag.py:4180} INFO - Setting next_dagrun for tutorial_taskflow_api_virtualenv to None, run_after=None
[2025-01-26T19:14:17.154+0000] {processor.py:208} INFO - Processing /home/airflow/.local/lib/python3.12/site-packages/airflow/example_dags/tutorial_taskflow_api_virtualenv.py took 0.115 seconds
[2025-01-26T19:14:48.576+0000] {processor.py:186} INFO - Started process (PID=644) to work on /home/airflow/.local/lib/python3.12/site-packages/airflow/example_dags/tutorial_taskflow_api_virtualenv.py
[2025-01-26T19:14:48.578+0000] {processor.py:914} INFO - Processing file /home/airflow/.local/lib/python3.12/site-packages/airflow/example_dags/tutorial_taskflow_api_virtualenv.py for tasks to queue
[2025-01-26T19:14:48.581+0000] {logging_mixin.py:190} INFO - [2025-01-26T19:14:48.580+0000] {dagbag.py:588} INFO - Filling up the DagBag from /home/airflow/.local/lib/python3.12/site-packages/airflow/example_dags/tutorial_taskflow_api_virtualenv.py
[2025-01-26T19:14:48.599+0000] {processor.py:925} INFO - DAG(s) 'tutorial_taskflow_api_virtualenv' retrieved from /home/airflow/.local/lib/python3.12/site-packages/airflow/example_dags/tutorial_taskflow_api_virtualenv.py
[2025-01-26T19:14:48.625+0000] {logging_mixin.py:190} INFO - [2025-01-26T19:14:48.625+0000] {dag.py:3239} INFO - Sync 1 DAGs
[2025-01-26T19:14:48.647+0000] {logging_mixin.py:190} INFO - [2025-01-26T19:14:48.647+0000] {dag.py:4180} INFO - Setting next_dagrun for tutorial_taskflow_api_virtualenv to None, run_after=None
[2025-01-26T19:14:48.675+0000] {processor.py:208} INFO - Processing /home/airflow/.local/lib/python3.12/site-packages/airflow/example_dags/tutorial_taskflow_api_virtualenv.py took 0.106 seconds
[2025-01-26T19:15:19.992+0000] {processor.py:186} INFO - Started process (PID=709) to work on /home/airflow/.local/lib/python3.12/site-packages/airflow/example_dags/tutorial_taskflow_api_virtualenv.py
[2025-01-26T19:15:19.993+0000] {processor.py:914} INFO - Processing file /home/airflow/.local/lib/python3.12/site-packages/airflow/example_dags/tutorial_taskflow_api_virtualenv.py for tasks to queue
[2025-01-26T19:15:19.996+0000] {logging_mixin.py:190} INFO - [2025-01-26T19:15:19.996+0000] {dagbag.py:588} INFO - Filling up the DagBag from /home/airflow/.local/lib/python3.12/site-packages/airflow/example_dags/tutorial_taskflow_api_virtualenv.py
[2025-01-26T19:15:20.015+0000] {processor.py:925} INFO - DAG(s) 'tutorial_taskflow_api_virtualenv' retrieved from /home/airflow/.local/lib/python3.12/site-packages/airflow/example_dags/tutorial_taskflow_api_virtualenv.py
[2025-01-26T19:15:20.051+0000] {logging_mixin.py:190} INFO - [2025-01-26T19:15:20.051+0000] {dag.py:3239} INFO - Sync 1 DAGs
[2025-01-26T19:15:20.077+0000] {logging_mixin.py:190} INFO - [2025-01-26T19:15:20.077+0000] {dag.py:4180} INFO - Setting next_dagrun for tutorial_taskflow_api_virtualenv to None, run_after=None
[2025-01-26T19:15:20.104+0000] {processor.py:208} INFO - Processing /home/airflow/.local/lib/python3.12/site-packages/airflow/example_dags/tutorial_taskflow_api_virtualenv.py took 0.120 seconds
[2025-01-26T19:15:50.892+0000] {processor.py:186} INFO - Started process (PID=775) to work on /home/airflow/.local/lib/python3.12/site-packages/airflow/example_dags/tutorial_taskflow_api_virtualenv.py
[2025-01-26T19:15:50.894+0000] {processor.py:914} INFO - Processing file /home/airflow/.local/lib/python3.12/site-packages/airflow/example_dags/tutorial_taskflow_api_virtualenv.py for tasks to queue
[2025-01-26T19:15:50.897+0000] {logging_mixin.py:190} INFO - [2025-01-26T19:15:50.896+0000] {dagbag.py:588} INFO - Filling up the DagBag from /home/airflow/.local/lib/python3.12/site-packages/airflow/example_dags/tutorial_taskflow_api_virtualenv.py
[2025-01-26T19:15:50.913+0000] {processor.py:925} INFO - DAG(s) 'tutorial_taskflow_api_virtualenv' retrieved from /home/airflow/.local/lib/python3.12/site-packages/airflow/example_dags/tutorial_taskflow_api_virtualenv.py
[2025-01-26T19:15:50.935+0000] {logging_mixin.py:190} INFO - [2025-01-26T19:15:50.934+0000] {dag.py:3239} INFO - Sync 1 DAGs
[2025-01-26T19:15:50.951+0000] {logging_mixin.py:190} INFO - [2025-01-26T19:15:50.950+0000] {dag.py:4180} INFO - Setting next_dagrun for tutorial_taskflow_api_virtualenv to None, run_after=None
[2025-01-26T19:15:50.972+0000] {processor.py:208} INFO - Processing /home/airflow/.local/lib/python3.12/site-packages/airflow/example_dags/tutorial_taskflow_api_virtualenv.py took 0.089 seconds
[2025-01-26T19:16:22.534+0000] {processor.py:186} INFO - Started process (PID=840) to work on /home/airflow/.local/lib/python3.12/site-packages/airflow/example_dags/tutorial_taskflow_api_virtualenv.py
[2025-01-26T19:16:22.535+0000] {processor.py:914} INFO - Processing file /home/airflow/.local/lib/python3.12/site-packages/airflow/example_dags/tutorial_taskflow_api_virtualenv.py for tasks to queue
[2025-01-26T19:16:22.538+0000] {logging_mixin.py:190} INFO - [2025-01-26T19:16:22.537+0000] {dagbag.py:588} INFO - Filling up the DagBag from /home/airflow/.local/lib/python3.12/site-packages/airflow/example_dags/tutorial_taskflow_api_virtualenv.py
[2025-01-26T19:16:22.552+0000] {processor.py:925} INFO - DAG(s) 'tutorial_taskflow_api_virtualenv' retrieved from /home/airflow/.local/lib/python3.12/site-packages/airflow/example_dags/tutorial_taskflow_api_virtualenv.py
[2025-01-26T19:16:22.573+0000] {logging_mixin.py:190} INFO - [2025-01-26T19:16:22.573+0000] {dag.py:3239} INFO - Sync 1 DAGs
[2025-01-26T19:16:22.591+0000] {logging_mixin.py:190} INFO - [2025-01-26T19:16:22.591+0000] {dag.py:4180} INFO - Setting next_dagrun for tutorial_taskflow_api_virtualenv to None, run_after=None
[2025-01-26T19:16:22.610+0000] {processor.py:208} INFO - Processing /home/airflow/.local/lib/python3.12/site-packages/airflow/example_dags/tutorial_taskflow_api_virtualenv.py took 0.082 seconds
[2025-01-26T19:16:53.415+0000] {processor.py:186} INFO - Started process (PID=905) to work on /home/airflow/.local/lib/python3.12/site-packages/airflow/example_dags/tutorial_taskflow_api_virtualenv.py
[2025-01-26T19:16:53.416+0000] {processor.py:914} INFO - Processing file /home/airflow/.local/lib/python3.12/site-packages/airflow/example_dags/tutorial_taskflow_api_virtualenv.py for tasks to queue
[2025-01-26T19:16:53.419+0000] {logging_mixin.py:190} INFO - [2025-01-26T19:16:53.419+0000] {dagbag.py:588} INFO - Filling up the DagBag from /home/airflow/.local/lib/python3.12/site-packages/airflow/example_dags/tutorial_taskflow_api_virtualenv.py
[2025-01-26T19:16:53.434+0000] {processor.py:925} INFO - DAG(s) 'tutorial_taskflow_api_virtualenv' retrieved from /home/airflow/.local/lib/python3.12/site-packages/airflow/example_dags/tutorial_taskflow_api_virtualenv.py
[2025-01-26T19:16:53.456+0000] {logging_mixin.py:190} INFO - [2025-01-26T19:16:53.456+0000] {dag.py:3239} INFO - Sync 1 DAGs
[2025-01-26T19:16:53.476+0000] {logging_mixin.py:190} INFO - [2025-01-26T19:16:53.476+0000] {dag.py:4180} INFO - Setting next_dagrun for tutorial_taskflow_api_virtualenv to None, run_after=None
[2025-01-26T19:16:53.500+0000] {processor.py:208} INFO - Processing /home/airflow/.local/lib/python3.12/site-packages/airflow/example_dags/tutorial_taskflow_api_virtualenv.py took 0.091 seconds
[2025-01-26T19:17:25.248+0000] {processor.py:186} INFO - Started process (PID=970) to work on /home/airflow/.local/lib/python3.12/site-packages/airflow/example_dags/tutorial_taskflow_api_virtualenv.py
[2025-01-26T19:17:25.249+0000] {processor.py:914} INFO - Processing file /home/airflow/.local/lib/python3.12/site-packages/airflow/example_dags/tutorial_taskflow_api_virtualenv.py for tasks to queue
[2025-01-26T19:17:25.251+0000] {logging_mixin.py:190} INFO - [2025-01-26T19:17:25.251+0000] {dagbag.py:588} INFO - Filling up the DagBag from /home/airflow/.local/lib/python3.12/site-packages/airflow/example_dags/tutorial_taskflow_api_virtualenv.py
[2025-01-26T19:17:25.264+0000] {processor.py:925} INFO - DAG(s) 'tutorial_taskflow_api_virtualenv' retrieved from /home/airflow/.local/lib/python3.12/site-packages/airflow/example_dags/tutorial_taskflow_api_virtualenv.py
[2025-01-26T19:17:25.283+0000] {logging_mixin.py:190} INFO - [2025-01-26T19:17:25.283+0000] {dag.py:3239} INFO - Sync 1 DAGs
[2025-01-26T19:17:25.298+0000] {logging_mixin.py:190} INFO - [2025-01-26T19:17:25.297+0000] {dag.py:4180} INFO - Setting next_dagrun for tutorial_taskflow_api_virtualenv to None, run_after=None
[2025-01-26T19:17:25.317+0000] {processor.py:208} INFO - Processing /home/airflow/.local/lib/python3.12/site-packages/airflow/example_dags/tutorial_taskflow_api_virtualenv.py took 0.076 seconds
[2025-01-26T19:18:34.749+0000] {processor.py:186} INFO - Started process (PID=50) to work on /home/airflow/.local/lib/python3.12/site-packages/airflow/example_dags/tutorial_taskflow_api_virtualenv.py
[2025-01-26T19:18:34.750+0000] {processor.py:914} INFO - Processing file /home/airflow/.local/lib/python3.12/site-packages/airflow/example_dags/tutorial_taskflow_api_virtualenv.py for tasks to queue
[2025-01-26T19:18:34.752+0000] {logging_mixin.py:190} INFO - [2025-01-26T19:18:34.752+0000] {dagbag.py:588} INFO - Filling up the DagBag from /home/airflow/.local/lib/python3.12/site-packages/airflow/example_dags/tutorial_taskflow_api_virtualenv.py
[2025-01-26T19:18:34.766+0000] {processor.py:925} INFO - DAG(s) 'tutorial_taskflow_api_virtualenv' retrieved from /home/airflow/.local/lib/python3.12/site-packages/airflow/example_dags/tutorial_taskflow_api_virtualenv.py
[2025-01-26T19:18:34.897+0000] {logging_mixin.py:190} INFO - [2025-01-26T19:18:34.896+0000] {dag.py:3239} INFO - Sync 1 DAGs
[2025-01-26T19:18:34.909+0000] {logging_mixin.py:190} INFO - [2025-01-26T19:18:34.909+0000] {dag.py:4180} INFO - Setting next_dagrun for tutorial_taskflow_api_virtualenv to None, run_after=None
[2025-01-26T19:18:34.929+0000] {processor.py:208} INFO - Processing /home/airflow/.local/lib/python3.12/site-packages/airflow/example_dags/tutorial_taskflow_api_virtualenv.py took 0.188 seconds
[2025-01-26T19:19:06.225+0000] {processor.py:186} INFO - Started process (PID=115) to work on /home/airflow/.local/lib/python3.12/site-packages/airflow/example_dags/tutorial_taskflow_api_virtualenv.py
[2025-01-26T19:19:06.226+0000] {processor.py:914} INFO - Processing file /home/airflow/.local/lib/python3.12/site-packages/airflow/example_dags/tutorial_taskflow_api_virtualenv.py for tasks to queue
[2025-01-26T19:19:06.228+0000] {logging_mixin.py:190} INFO - [2025-01-26T19:19:06.228+0000] {dagbag.py:588} INFO - Filling up the DagBag from /home/airflow/.local/lib/python3.12/site-packages/airflow/example_dags/tutorial_taskflow_api_virtualenv.py
[2025-01-26T19:19:06.241+0000] {processor.py:925} INFO - DAG(s) 'tutorial_taskflow_api_virtualenv' retrieved from /home/airflow/.local/lib/python3.12/site-packages/airflow/example_dags/tutorial_taskflow_api_virtualenv.py
[2025-01-26T19:19:06.263+0000] {logging_mixin.py:190} INFO - [2025-01-26T19:19:06.262+0000] {dag.py:3239} INFO - Sync 1 DAGs
[2025-01-26T19:19:06.283+0000] {logging_mixin.py:190} INFO - [2025-01-26T19:19:06.282+0000] {dag.py:4180} INFO - Setting next_dagrun for tutorial_taskflow_api_virtualenv to None, run_after=None
[2025-01-26T19:19:06.305+0000] {processor.py:208} INFO - Processing /home/airflow/.local/lib/python3.12/site-packages/airflow/example_dags/tutorial_taskflow_api_virtualenv.py took 0.087 seconds
[2025-01-26T19:19:36.601+0000] {processor.py:186} INFO - Started process (PID=178) to work on /home/airflow/.local/lib/python3.12/site-packages/airflow/example_dags/tutorial_taskflow_api_virtualenv.py
[2025-01-26T19:19:36.602+0000] {processor.py:914} INFO - Processing file /home/airflow/.local/lib/python3.12/site-packages/airflow/example_dags/tutorial_taskflow_api_virtualenv.py for tasks to queue
[2025-01-26T19:19:36.605+0000] {logging_mixin.py:190} INFO - [2025-01-26T19:19:36.604+0000] {dagbag.py:588} INFO - Filling up the DagBag from /home/airflow/.local/lib/python3.12/site-packages/airflow/example_dags/tutorial_taskflow_api_virtualenv.py
[2025-01-26T19:19:36.619+0000] {processor.py:925} INFO - DAG(s) 'tutorial_taskflow_api_virtualenv' retrieved from /home/airflow/.local/lib/python3.12/site-packages/airflow/example_dags/tutorial_taskflow_api_virtualenv.py
[2025-01-26T19:19:36.651+0000] {logging_mixin.py:190} INFO - [2025-01-26T19:19:36.651+0000] {dag.py:3239} INFO - Sync 1 DAGs
[2025-01-26T19:19:36.673+0000] {logging_mixin.py:190} INFO - [2025-01-26T19:19:36.673+0000] {dag.py:4180} INFO - Setting next_dagrun for tutorial_taskflow_api_virtualenv to None, run_after=None
[2025-01-26T19:19:36.720+0000] {processor.py:208} INFO - Processing /home/airflow/.local/lib/python3.12/site-packages/airflow/example_dags/tutorial_taskflow_api_virtualenv.py took 0.125 seconds
[2025-01-26T19:20:07.095+0000] {processor.py:186} INFO - Started process (PID=241) to work on /home/airflow/.local/lib/python3.12/site-packages/airflow/example_dags/tutorial_taskflow_api_virtualenv.py
[2025-01-26T19:20:07.096+0000] {processor.py:914} INFO - Processing file /home/airflow/.local/lib/python3.12/site-packages/airflow/example_dags/tutorial_taskflow_api_virtualenv.py for tasks to queue
[2025-01-26T19:20:07.100+0000] {logging_mixin.py:190} INFO - [2025-01-26T19:20:07.099+0000] {dagbag.py:588} INFO - Filling up the DagBag from /home/airflow/.local/lib/python3.12/site-packages/airflow/example_dags/tutorial_taskflow_api_virtualenv.py
[2025-01-26T19:20:07.120+0000] {processor.py:925} INFO - DAG(s) 'tutorial_taskflow_api_virtualenv' retrieved from /home/airflow/.local/lib/python3.12/site-packages/airflow/example_dags/tutorial_taskflow_api_virtualenv.py
[2025-01-26T19:20:07.145+0000] {logging_mixin.py:190} INFO - [2025-01-26T19:20:07.145+0000] {dag.py:3239} INFO - Sync 1 DAGs
[2025-01-26T19:20:07.159+0000] {logging_mixin.py:190} INFO - [2025-01-26T19:20:07.159+0000] {dag.py:4180} INFO - Setting next_dagrun for tutorial_taskflow_api_virtualenv to None, run_after=None
[2025-01-26T19:20:07.177+0000] {processor.py:208} INFO - Processing /home/airflow/.local/lib/python3.12/site-packages/airflow/example_dags/tutorial_taskflow_api_virtualenv.py took 0.089 seconds
[2025-01-26T19:20:38.081+0000] {processor.py:186} INFO - Started process (PID=306) to work on /home/airflow/.local/lib/python3.12/site-packages/airflow/example_dags/tutorial_taskflow_api_virtualenv.py
[2025-01-26T19:20:38.084+0000] {processor.py:914} INFO - Processing file /home/airflow/.local/lib/python3.12/site-packages/airflow/example_dags/tutorial_taskflow_api_virtualenv.py for tasks to queue
[2025-01-26T19:20:38.092+0000] {logging_mixin.py:190} INFO - [2025-01-26T19:20:38.091+0000] {dagbag.py:588} INFO - Filling up the DagBag from /home/airflow/.local/lib/python3.12/site-packages/airflow/example_dags/tutorial_taskflow_api_virtualenv.py
[2025-01-26T19:20:38.110+0000] {processor.py:925} INFO - DAG(s) 'tutorial_taskflow_api_virtualenv' retrieved from /home/airflow/.local/lib/python3.12/site-packages/airflow/example_dags/tutorial_taskflow_api_virtualenv.py
[2025-01-26T19:20:38.140+0000] {logging_mixin.py:190} INFO - [2025-01-26T19:20:38.139+0000] {dag.py:3239} INFO - Sync 1 DAGs
[2025-01-26T19:20:38.159+0000] {logging_mixin.py:190} INFO - [2025-01-26T19:20:38.159+0000] {dag.py:4180} INFO - Setting next_dagrun for tutorial_taskflow_api_virtualenv to None, run_after=None
[2025-01-26T19:20:38.189+0000] {processor.py:208} INFO - Processing /home/airflow/.local/lib/python3.12/site-packages/airflow/example_dags/tutorial_taskflow_api_virtualenv.py took 0.115 seconds
[2025-01-26T19:21:08.916+0000] {processor.py:186} INFO - Started process (PID=371) to work on /home/airflow/.local/lib/python3.12/site-packages/airflow/example_dags/tutorial_taskflow_api_virtualenv.py
[2025-01-26T19:21:08.917+0000] {processor.py:914} INFO - Processing file /home/airflow/.local/lib/python3.12/site-packages/airflow/example_dags/tutorial_taskflow_api_virtualenv.py for tasks to queue
[2025-01-26T19:21:08.920+0000] {logging_mixin.py:190} INFO - [2025-01-26T19:21:08.919+0000] {dagbag.py:588} INFO - Filling up the DagBag from /home/airflow/.local/lib/python3.12/site-packages/airflow/example_dags/tutorial_taskflow_api_virtualenv.py
[2025-01-26T19:21:08.930+0000] {processor.py:925} INFO - DAG(s) 'tutorial_taskflow_api_virtualenv' retrieved from /home/airflow/.local/lib/python3.12/site-packages/airflow/example_dags/tutorial_taskflow_api_virtualenv.py
[2025-01-26T19:21:08.947+0000] {logging_mixin.py:190} INFO - [2025-01-26T19:21:08.947+0000] {dag.py:3239} INFO - Sync 1 DAGs
[2025-01-26T19:21:08.962+0000] {logging_mixin.py:190} INFO - [2025-01-26T19:21:08.962+0000] {dag.py:4180} INFO - Setting next_dagrun for tutorial_taskflow_api_virtualenv to None, run_after=None
[2025-01-26T19:21:08.980+0000] {processor.py:208} INFO - Processing /home/airflow/.local/lib/python3.12/site-packages/airflow/example_dags/tutorial_taskflow_api_virtualenv.py took 0.068 seconds
[2025-01-26T19:21:39.826+0000] {processor.py:186} INFO - Started process (PID=443) to work on /home/airflow/.local/lib/python3.12/site-packages/airflow/example_dags/tutorial_taskflow_api_virtualenv.py
[2025-01-26T19:21:39.827+0000] {processor.py:914} INFO - Processing file /home/airflow/.local/lib/python3.12/site-packages/airflow/example_dags/tutorial_taskflow_api_virtualenv.py for tasks to queue
[2025-01-26T19:21:39.829+0000] {logging_mixin.py:190} INFO - [2025-01-26T19:21:39.829+0000] {dagbag.py:588} INFO - Filling up the DagBag from /home/airflow/.local/lib/python3.12/site-packages/airflow/example_dags/tutorial_taskflow_api_virtualenv.py
[2025-01-26T19:21:39.842+0000] {processor.py:925} INFO - DAG(s) 'tutorial_taskflow_api_virtualenv' retrieved from /home/airflow/.local/lib/python3.12/site-packages/airflow/example_dags/tutorial_taskflow_api_virtualenv.py
[2025-01-26T19:21:39.862+0000] {logging_mixin.py:190} INFO - [2025-01-26T19:21:39.862+0000] {dag.py:3239} INFO - Sync 1 DAGs
[2025-01-26T19:21:39.878+0000] {logging_mixin.py:190} INFO - [2025-01-26T19:21:39.878+0000] {dag.py:4180} INFO - Setting next_dagrun for tutorial_taskflow_api_virtualenv to None, run_after=None
[2025-01-26T19:21:39.900+0000] {processor.py:208} INFO - Processing /home/airflow/.local/lib/python3.12/site-packages/airflow/example_dags/tutorial_taskflow_api_virtualenv.py took 0.081 seconds
[2025-01-26T19:22:10.327+0000] {processor.py:186} INFO - Started process (PID=507) to work on /home/airflow/.local/lib/python3.12/site-packages/airflow/example_dags/tutorial_taskflow_api_virtualenv.py
[2025-01-26T19:22:10.328+0000] {processor.py:914} INFO - Processing file /home/airflow/.local/lib/python3.12/site-packages/airflow/example_dags/tutorial_taskflow_api_virtualenv.py for tasks to queue
[2025-01-26T19:22:10.330+0000] {logging_mixin.py:190} INFO - [2025-01-26T19:22:10.330+0000] {dagbag.py:588} INFO - Filling up the DagBag from /home/airflow/.local/lib/python3.12/site-packages/airflow/example_dags/tutorial_taskflow_api_virtualenv.py
[2025-01-26T19:22:10.346+0000] {processor.py:925} INFO - DAG(s) 'tutorial_taskflow_api_virtualenv' retrieved from /home/airflow/.local/lib/python3.12/site-packages/airflow/example_dags/tutorial_taskflow_api_virtualenv.py
[2025-01-26T19:22:10.370+0000] {logging_mixin.py:190} INFO - [2025-01-26T19:22:10.369+0000] {dag.py:3239} INFO - Sync 1 DAGs
[2025-01-26T19:22:10.391+0000] {logging_mixin.py:190} INFO - [2025-01-26T19:22:10.391+0000] {dag.py:4180} INFO - Setting next_dagrun for tutorial_taskflow_api_virtualenv to None, run_after=None
[2025-01-26T19:22:10.412+0000] {processor.py:208} INFO - Processing /home/airflow/.local/lib/python3.12/site-packages/airflow/example_dags/tutorial_taskflow_api_virtualenv.py took 0.092 seconds
[2025-01-26T19:22:41.100+0000] {processor.py:186} INFO - Started process (PID=572) to work on /home/airflow/.local/lib/python3.12/site-packages/airflow/example_dags/tutorial_taskflow_api_virtualenv.py
[2025-01-26T19:22:41.101+0000] {processor.py:914} INFO - Processing file /home/airflow/.local/lib/python3.12/site-packages/airflow/example_dags/tutorial_taskflow_api_virtualenv.py for tasks to queue
[2025-01-26T19:22:41.104+0000] {logging_mixin.py:190} INFO - [2025-01-26T19:22:41.103+0000] {dagbag.py:588} INFO - Filling up the DagBag from /home/airflow/.local/lib/python3.12/site-packages/airflow/example_dags/tutorial_taskflow_api_virtualenv.py
[2025-01-26T19:22:41.115+0000] {processor.py:925} INFO - DAG(s) 'tutorial_taskflow_api_virtualenv' retrieved from /home/airflow/.local/lib/python3.12/site-packages/airflow/example_dags/tutorial_taskflow_api_virtualenv.py
[2025-01-26T19:22:41.134+0000] {logging_mixin.py:190} INFO - [2025-01-26T19:22:41.134+0000] {dag.py:3239} INFO - Sync 1 DAGs
[2025-01-26T19:22:41.150+0000] {logging_mixin.py:190} INFO - [2025-01-26T19:22:41.149+0000] {dag.py:4180} INFO - Setting next_dagrun for tutorial_taskflow_api_virtualenv to None, run_after=None
[2025-01-26T19:22:41.170+0000] {processor.py:208} INFO - Processing /home/airflow/.local/lib/python3.12/site-packages/airflow/example_dags/tutorial_taskflow_api_virtualenv.py took 0.076 seconds
[2025-01-26T19:23:11.771+0000] {processor.py:186} INFO - Started process (PID=637) to work on /home/airflow/.local/lib/python3.12/site-packages/airflow/example_dags/tutorial_taskflow_api_virtualenv.py
[2025-01-26T19:23:11.772+0000] {processor.py:914} INFO - Processing file /home/airflow/.local/lib/python3.12/site-packages/airflow/example_dags/tutorial_taskflow_api_virtualenv.py for tasks to queue
[2025-01-26T19:23:11.775+0000] {logging_mixin.py:190} INFO - [2025-01-26T19:23:11.775+0000] {dagbag.py:588} INFO - Filling up the DagBag from /home/airflow/.local/lib/python3.12/site-packages/airflow/example_dags/tutorial_taskflow_api_virtualenv.py
[2025-01-26T19:23:11.790+0000] {processor.py:925} INFO - DAG(s) 'tutorial_taskflow_api_virtualenv' retrieved from /home/airflow/.local/lib/python3.12/site-packages/airflow/example_dags/tutorial_taskflow_api_virtualenv.py
[2025-01-26T19:23:11.810+0000] {logging_mixin.py:190} INFO - [2025-01-26T19:23:11.810+0000] {dag.py:3239} INFO - Sync 1 DAGs
[2025-01-26T19:23:11.826+0000] {logging_mixin.py:190} INFO - [2025-01-26T19:23:11.826+0000] {dag.py:4180} INFO - Setting next_dagrun for tutorial_taskflow_api_virtualenv to None, run_after=None
[2025-01-26T19:23:11.847+0000] {processor.py:208} INFO - Processing /home/airflow/.local/lib/python3.12/site-packages/airflow/example_dags/tutorial_taskflow_api_virtualenv.py took 0.083 seconds
[2025-01-26T19:23:41.954+0000] {processor.py:186} INFO - Started process (PID=702) to work on /home/airflow/.local/lib/python3.12/site-packages/airflow/example_dags/tutorial_taskflow_api_virtualenv.py
[2025-01-26T19:23:41.955+0000] {processor.py:914} INFO - Processing file /home/airflow/.local/lib/python3.12/site-packages/airflow/example_dags/tutorial_taskflow_api_virtualenv.py for tasks to queue
[2025-01-26T19:23:41.958+0000] {logging_mixin.py:190} INFO - [2025-01-26T19:23:41.957+0000] {dagbag.py:588} INFO - Filling up the DagBag from /home/airflow/.local/lib/python3.12/site-packages/airflow/example_dags/tutorial_taskflow_api_virtualenv.py
[2025-01-26T19:23:41.969+0000] {processor.py:925} INFO - DAG(s) 'tutorial_taskflow_api_virtualenv' retrieved from /home/airflow/.local/lib/python3.12/site-packages/airflow/example_dags/tutorial_taskflow_api_virtualenv.py
[2025-01-26T19:23:41.988+0000] {logging_mixin.py:190} INFO - [2025-01-26T19:23:41.988+0000] {dag.py:3239} INFO - Sync 1 DAGs
[2025-01-26T19:23:42.007+0000] {logging_mixin.py:190} INFO - [2025-01-26T19:23:42.006+0000] {dag.py:4180} INFO - Setting next_dagrun for tutorial_taskflow_api_virtualenv to None, run_after=None
[2025-01-26T19:23:42.027+0000] {processor.py:208} INFO - Processing /home/airflow/.local/lib/python3.12/site-packages/airflow/example_dags/tutorial_taskflow_api_virtualenv.py took 0.078 seconds
[2025-01-26T19:25:28.387+0000] {processor.py:186} INFO - Started process (PID=55) to work on /home/airflow/.local/lib/python3.12/site-packages/airflow/example_dags/tutorial_taskflow_api_virtualenv.py
[2025-01-26T19:25:28.388+0000] {processor.py:914} INFO - Processing file /home/airflow/.local/lib/python3.12/site-packages/airflow/example_dags/tutorial_taskflow_api_virtualenv.py for tasks to queue
[2025-01-26T19:25:28.390+0000] {logging_mixin.py:190} INFO - [2025-01-26T19:25:28.390+0000] {dagbag.py:588} INFO - Filling up the DagBag from /home/airflow/.local/lib/python3.12/site-packages/airflow/example_dags/tutorial_taskflow_api_virtualenv.py
[2025-01-26T19:25:28.406+0000] {processor.py:925} INFO - DAG(s) 'tutorial_taskflow_api_virtualenv' retrieved from /home/airflow/.local/lib/python3.12/site-packages/airflow/example_dags/tutorial_taskflow_api_virtualenv.py
[2025-01-26T19:25:28.552+0000] {logging_mixin.py:190} INFO - [2025-01-26T19:25:28.552+0000] {dag.py:3239} INFO - Sync 1 DAGs
[2025-01-26T19:25:28.567+0000] {logging_mixin.py:190} INFO - [2025-01-26T19:25:28.566+0000] {dag.py:4180} INFO - Setting next_dagrun for tutorial_taskflow_api_virtualenv to None, run_after=None
[2025-01-26T19:25:28.593+0000] {processor.py:208} INFO - Processing /home/airflow/.local/lib/python3.12/site-packages/airflow/example_dags/tutorial_taskflow_api_virtualenv.py took 0.219 seconds
[2025-01-26T19:25:59.873+0000] {processor.py:186} INFO - Started process (PID=119) to work on /home/airflow/.local/lib/python3.12/site-packages/airflow/example_dags/tutorial_taskflow_api_virtualenv.py
[2025-01-26T19:25:59.875+0000] {processor.py:914} INFO - Processing file /home/airflow/.local/lib/python3.12/site-packages/airflow/example_dags/tutorial_taskflow_api_virtualenv.py for tasks to queue
[2025-01-26T19:25:59.877+0000] {logging_mixin.py:190} INFO - [2025-01-26T19:25:59.877+0000] {dagbag.py:588} INFO - Filling up the DagBag from /home/airflow/.local/lib/python3.12/site-packages/airflow/example_dags/tutorial_taskflow_api_virtualenv.py
[2025-01-26T19:25:59.890+0000] {processor.py:925} INFO - DAG(s) 'tutorial_taskflow_api_virtualenv' retrieved from /home/airflow/.local/lib/python3.12/site-packages/airflow/example_dags/tutorial_taskflow_api_virtualenv.py
[2025-01-26T19:25:59.910+0000] {logging_mixin.py:190} INFO - [2025-01-26T19:25:59.910+0000] {dag.py:3239} INFO - Sync 1 DAGs
[2025-01-26T19:25:59.928+0000] {logging_mixin.py:190} INFO - [2025-01-26T19:25:59.927+0000] {dag.py:4180} INFO - Setting next_dagrun for tutorial_taskflow_api_virtualenv to None, run_after=None
[2025-01-26T19:25:59.948+0000] {processor.py:208} INFO - Processing /home/airflow/.local/lib/python3.12/site-packages/airflow/example_dags/tutorial_taskflow_api_virtualenv.py took 0.081 seconds
[2025-01-26T19:26:30.577+0000] {processor.py:186} INFO - Started process (PID=184) to work on /home/airflow/.local/lib/python3.12/site-packages/airflow/example_dags/tutorial_taskflow_api_virtualenv.py
[2025-01-26T19:26:30.578+0000] {processor.py:914} INFO - Processing file /home/airflow/.local/lib/python3.12/site-packages/airflow/example_dags/tutorial_taskflow_api_virtualenv.py for tasks to queue
[2025-01-26T19:26:30.581+0000] {logging_mixin.py:190} INFO - [2025-01-26T19:26:30.581+0000] {dagbag.py:588} INFO - Filling up the DagBag from /home/airflow/.local/lib/python3.12/site-packages/airflow/example_dags/tutorial_taskflow_api_virtualenv.py
[2025-01-26T19:26:30.596+0000] {processor.py:925} INFO - DAG(s) 'tutorial_taskflow_api_virtualenv' retrieved from /home/airflow/.local/lib/python3.12/site-packages/airflow/example_dags/tutorial_taskflow_api_virtualenv.py
[2025-01-26T19:26:30.623+0000] {logging_mixin.py:190} INFO - [2025-01-26T19:26:30.622+0000] {dag.py:3239} INFO - Sync 1 DAGs
[2025-01-26T19:26:30.646+0000] {logging_mixin.py:190} INFO - [2025-01-26T19:26:30.646+0000] {dag.py:4180} INFO - Setting next_dagrun for tutorial_taskflow_api_virtualenv to None, run_after=None
[2025-01-26T19:26:30.683+0000] {processor.py:208} INFO - Processing /home/airflow/.local/lib/python3.12/site-packages/airflow/example_dags/tutorial_taskflow_api_virtualenv.py took 0.113 seconds
[2025-01-26T19:27:00.953+0000] {processor.py:186} INFO - Started process (PID=249) to work on /home/airflow/.local/lib/python3.12/site-packages/airflow/example_dags/tutorial_taskflow_api_virtualenv.py
[2025-01-26T19:27:00.954+0000] {processor.py:914} INFO - Processing file /home/airflow/.local/lib/python3.12/site-packages/airflow/example_dags/tutorial_taskflow_api_virtualenv.py for tasks to queue
[2025-01-26T19:27:00.957+0000] {logging_mixin.py:190} INFO - [2025-01-26T19:27:00.956+0000] {dagbag.py:588} INFO - Filling up the DagBag from /home/airflow/.local/lib/python3.12/site-packages/airflow/example_dags/tutorial_taskflow_api_virtualenv.py
[2025-01-26T19:27:00.968+0000] {processor.py:925} INFO - DAG(s) 'tutorial_taskflow_api_virtualenv' retrieved from /home/airflow/.local/lib/python3.12/site-packages/airflow/example_dags/tutorial_taskflow_api_virtualenv.py
[2025-01-26T19:27:00.992+0000] {logging_mixin.py:190} INFO - [2025-01-26T19:27:00.992+0000] {dag.py:3239} INFO - Sync 1 DAGs
[2025-01-26T19:27:01.011+0000] {logging_mixin.py:190} INFO - [2025-01-26T19:27:01.011+0000] {dag.py:4180} INFO - Setting next_dagrun for tutorial_taskflow_api_virtualenv to None, run_after=None
[2025-01-26T19:27:01.031+0000] {processor.py:208} INFO - Processing /home/airflow/.local/lib/python3.12/site-packages/airflow/example_dags/tutorial_taskflow_api_virtualenv.py took 0.084 seconds
[2025-01-26T19:27:31.169+0000] {processor.py:186} INFO - Started process (PID=314) to work on /home/airflow/.local/lib/python3.12/site-packages/airflow/example_dags/tutorial_taskflow_api_virtualenv.py
[2025-01-26T19:27:31.170+0000] {processor.py:914} INFO - Processing file /home/airflow/.local/lib/python3.12/site-packages/airflow/example_dags/tutorial_taskflow_api_virtualenv.py for tasks to queue
[2025-01-26T19:27:31.176+0000] {logging_mixin.py:190} INFO - [2025-01-26T19:27:31.173+0000] {dagbag.py:588} INFO - Filling up the DagBag from /home/airflow/.local/lib/python3.12/site-packages/airflow/example_dags/tutorial_taskflow_api_virtualenv.py
[2025-01-26T19:27:31.194+0000] {processor.py:925} INFO - DAG(s) 'tutorial_taskflow_api_virtualenv' retrieved from /home/airflow/.local/lib/python3.12/site-packages/airflow/example_dags/tutorial_taskflow_api_virtualenv.py
[2025-01-26T19:27:31.215+0000] {logging_mixin.py:190} INFO - [2025-01-26T19:27:31.215+0000] {dag.py:3239} INFO - Sync 1 DAGs
[2025-01-26T19:27:31.231+0000] {logging_mixin.py:190} INFO - [2025-01-26T19:27:31.231+0000] {dag.py:4180} INFO - Setting next_dagrun for tutorial_taskflow_api_virtualenv to None, run_after=None
[2025-01-26T19:27:31.253+0000] {processor.py:208} INFO - Processing /home/airflow/.local/lib/python3.12/site-packages/airflow/example_dags/tutorial_taskflow_api_virtualenv.py took 0.091 seconds
[2025-01-26T19:28:01.852+0000] {processor.py:186} INFO - Started process (PID=379) to work on /home/airflow/.local/lib/python3.12/site-packages/airflow/example_dags/tutorial_taskflow_api_virtualenv.py
[2025-01-26T19:28:01.853+0000] {processor.py:914} INFO - Processing file /home/airflow/.local/lib/python3.12/site-packages/airflow/example_dags/tutorial_taskflow_api_virtualenv.py for tasks to queue
[2025-01-26T19:28:01.857+0000] {logging_mixin.py:190} INFO - [2025-01-26T19:28:01.856+0000] {dagbag.py:588} INFO - Filling up the DagBag from /home/airflow/.local/lib/python3.12/site-packages/airflow/example_dags/tutorial_taskflow_api_virtualenv.py
[2025-01-26T19:28:01.872+0000] {processor.py:925} INFO - DAG(s) 'tutorial_taskflow_api_virtualenv' retrieved from /home/airflow/.local/lib/python3.12/site-packages/airflow/example_dags/tutorial_taskflow_api_virtualenv.py
[2025-01-26T19:28:01.895+0000] {logging_mixin.py:190} INFO - [2025-01-26T19:28:01.895+0000] {dag.py:3239} INFO - Sync 1 DAGs
[2025-01-26T19:28:01.911+0000] {logging_mixin.py:190} INFO - [2025-01-26T19:28:01.911+0000] {dag.py:4180} INFO - Setting next_dagrun for tutorial_taskflow_api_virtualenv to None, run_after=None
[2025-01-26T19:28:01.931+0000] {processor.py:208} INFO - Processing /home/airflow/.local/lib/python3.12/site-packages/airflow/example_dags/tutorial_taskflow_api_virtualenv.py took 0.088 seconds
[2025-01-26T19:28:32.790+0000] {processor.py:186} INFO - Started process (PID=444) to work on /home/airflow/.local/lib/python3.12/site-packages/airflow/example_dags/tutorial_taskflow_api_virtualenv.py
[2025-01-26T19:28:32.791+0000] {processor.py:914} INFO - Processing file /home/airflow/.local/lib/python3.12/site-packages/airflow/example_dags/tutorial_taskflow_api_virtualenv.py for tasks to queue
[2025-01-26T19:28:32.793+0000] {logging_mixin.py:190} INFO - [2025-01-26T19:28:32.793+0000] {dagbag.py:588} INFO - Filling up the DagBag from /home/airflow/.local/lib/python3.12/site-packages/airflow/example_dags/tutorial_taskflow_api_virtualenv.py
[2025-01-26T19:28:32.806+0000] {processor.py:925} INFO - DAG(s) 'tutorial_taskflow_api_virtualenv' retrieved from /home/airflow/.local/lib/python3.12/site-packages/airflow/example_dags/tutorial_taskflow_api_virtualenv.py
[2025-01-26T19:28:32.829+0000] {logging_mixin.py:190} INFO - [2025-01-26T19:28:32.829+0000] {dag.py:3239} INFO - Sync 1 DAGs
[2025-01-26T19:28:32.843+0000] {logging_mixin.py:190} INFO - [2025-01-26T19:28:32.843+0000] {dag.py:4180} INFO - Setting next_dagrun for tutorial_taskflow_api_virtualenv to None, run_after=None
[2025-01-26T19:28:32.862+0000] {processor.py:208} INFO - Processing /home/airflow/.local/lib/python3.12/site-packages/airflow/example_dags/tutorial_taskflow_api_virtualenv.py took 0.079 seconds
[2025-01-26T19:29:03.593+0000] {processor.py:186} INFO - Started process (PID=509) to work on /home/airflow/.local/lib/python3.12/site-packages/airflow/example_dags/tutorial_taskflow_api_virtualenv.py
[2025-01-26T19:29:03.594+0000] {processor.py:914} INFO - Processing file /home/airflow/.local/lib/python3.12/site-packages/airflow/example_dags/tutorial_taskflow_api_virtualenv.py for tasks to queue
[2025-01-26T19:29:03.597+0000] {logging_mixin.py:190} INFO - [2025-01-26T19:29:03.596+0000] {dagbag.py:588} INFO - Filling up the DagBag from /home/airflow/.local/lib/python3.12/site-packages/airflow/example_dags/tutorial_taskflow_api_virtualenv.py
[2025-01-26T19:29:03.609+0000] {processor.py:925} INFO - DAG(s) 'tutorial_taskflow_api_virtualenv' retrieved from /home/airflow/.local/lib/python3.12/site-packages/airflow/example_dags/tutorial_taskflow_api_virtualenv.py
[2025-01-26T19:29:03.630+0000] {logging_mixin.py:190} INFO - [2025-01-26T19:29:03.630+0000] {dag.py:3239} INFO - Sync 1 DAGs
[2025-01-26T19:29:03.647+0000] {logging_mixin.py:190} INFO - [2025-01-26T19:29:03.647+0000] {dag.py:4180} INFO - Setting next_dagrun for tutorial_taskflow_api_virtualenv to None, run_after=None
[2025-01-26T19:29:03.667+0000] {processor.py:208} INFO - Processing /home/airflow/.local/lib/python3.12/site-packages/airflow/example_dags/tutorial_taskflow_api_virtualenv.py took 0.079 seconds
[2025-01-26T19:29:33.723+0000] {processor.py:186} INFO - Started process (PID=573) to work on /home/airflow/.local/lib/python3.12/site-packages/airflow/example_dags/tutorial_taskflow_api_virtualenv.py
[2025-01-26T19:29:33.724+0000] {processor.py:914} INFO - Processing file /home/airflow/.local/lib/python3.12/site-packages/airflow/example_dags/tutorial_taskflow_api_virtualenv.py for tasks to queue
[2025-01-26T19:29:33.726+0000] {logging_mixin.py:190} INFO - [2025-01-26T19:29:33.726+0000] {dagbag.py:588} INFO - Filling up the DagBag from /home/airflow/.local/lib/python3.12/site-packages/airflow/example_dags/tutorial_taskflow_api_virtualenv.py
[2025-01-26T19:29:33.740+0000] {processor.py:925} INFO - DAG(s) 'tutorial_taskflow_api_virtualenv' retrieved from /home/airflow/.local/lib/python3.12/site-packages/airflow/example_dags/tutorial_taskflow_api_virtualenv.py
[2025-01-26T19:29:33.759+0000] {logging_mixin.py:190} INFO - [2025-01-26T19:29:33.759+0000] {dag.py:3239} INFO - Sync 1 DAGs
[2025-01-26T19:29:33.777+0000] {logging_mixin.py:190} INFO - [2025-01-26T19:29:33.777+0000] {dag.py:4180} INFO - Setting next_dagrun for tutorial_taskflow_api_virtualenv to None, run_after=None
[2025-01-26T19:29:33.798+0000] {processor.py:208} INFO - Processing /home/airflow/.local/lib/python3.12/site-packages/airflow/example_dags/tutorial_taskflow_api_virtualenv.py took 0.082 seconds
[2025-01-26T19:30:04.031+0000] {processor.py:186} INFO - Started process (PID=639) to work on /home/airflow/.local/lib/python3.12/site-packages/airflow/example_dags/tutorial_taskflow_api_virtualenv.py
[2025-01-26T19:30:04.032+0000] {processor.py:914} INFO - Processing file /home/airflow/.local/lib/python3.12/site-packages/airflow/example_dags/tutorial_taskflow_api_virtualenv.py for tasks to queue
[2025-01-26T19:30:04.035+0000] {logging_mixin.py:190} INFO - [2025-01-26T19:30:04.035+0000] {dagbag.py:588} INFO - Filling up the DagBag from /home/airflow/.local/lib/python3.12/site-packages/airflow/example_dags/tutorial_taskflow_api_virtualenv.py
[2025-01-26T19:30:04.050+0000] {processor.py:925} INFO - DAG(s) 'tutorial_taskflow_api_virtualenv' retrieved from /home/airflow/.local/lib/python3.12/site-packages/airflow/example_dags/tutorial_taskflow_api_virtualenv.py
[2025-01-26T19:30:04.077+0000] {logging_mixin.py:190} INFO - [2025-01-26T19:30:04.076+0000] {dag.py:3239} INFO - Sync 1 DAGs
[2025-01-26T19:30:04.098+0000] {logging_mixin.py:190} INFO - [2025-01-26T19:30:04.097+0000] {dag.py:4180} INFO - Setting next_dagrun for tutorial_taskflow_api_virtualenv to None, run_after=None
[2025-01-26T19:30:04.118+0000] {processor.py:208} INFO - Processing /home/airflow/.local/lib/python3.12/site-packages/airflow/example_dags/tutorial_taskflow_api_virtualenv.py took 0.095 seconds
[2025-01-26T19:30:34.700+0000] {processor.py:186} INFO - Started process (PID=704) to work on /home/airflow/.local/lib/python3.12/site-packages/airflow/example_dags/tutorial_taskflow_api_virtualenv.py
[2025-01-26T19:30:34.710+0000] {processor.py:914} INFO - Processing file /home/airflow/.local/lib/python3.12/site-packages/airflow/example_dags/tutorial_taskflow_api_virtualenv.py for tasks to queue
[2025-01-26T19:30:34.713+0000] {logging_mixin.py:190} INFO - [2025-01-26T19:30:34.713+0000] {dagbag.py:588} INFO - Filling up the DagBag from /home/airflow/.local/lib/python3.12/site-packages/airflow/example_dags/tutorial_taskflow_api_virtualenv.py
[2025-01-26T19:30:34.751+0000] {processor.py:925} INFO - DAG(s) 'tutorial_taskflow_api_virtualenv' retrieved from /home/airflow/.local/lib/python3.12/site-packages/airflow/example_dags/tutorial_taskflow_api_virtualenv.py
[2025-01-26T19:30:34.817+0000] {logging_mixin.py:190} INFO - [2025-01-26T19:30:34.817+0000] {dag.py:3239} INFO - Sync 1 DAGs
[2025-01-26T19:30:34.867+0000] {logging_mixin.py:190} INFO - [2025-01-26T19:30:34.867+0000] {dag.py:4180} INFO - Setting next_dagrun for tutorial_taskflow_api_virtualenv to None, run_after=None
[2025-01-26T19:30:34.904+0000] {processor.py:208} INFO - Processing /home/airflow/.local/lib/python3.12/site-packages/airflow/example_dags/tutorial_taskflow_api_virtualenv.py took 0.220 seconds
[2025-01-26T19:31:05.933+0000] {processor.py:186} INFO - Started process (PID=769) to work on /home/airflow/.local/lib/python3.12/site-packages/airflow/example_dags/tutorial_taskflow_api_virtualenv.py
[2025-01-26T19:31:05.936+0000] {processor.py:914} INFO - Processing file /home/airflow/.local/lib/python3.12/site-packages/airflow/example_dags/tutorial_taskflow_api_virtualenv.py for tasks to queue
[2025-01-26T19:31:05.939+0000] {logging_mixin.py:190} INFO - [2025-01-26T19:31:05.938+0000] {dagbag.py:588} INFO - Filling up the DagBag from /home/airflow/.local/lib/python3.12/site-packages/airflow/example_dags/tutorial_taskflow_api_virtualenv.py
[2025-01-26T19:31:05.956+0000] {processor.py:925} INFO - DAG(s) 'tutorial_taskflow_api_virtualenv' retrieved from /home/airflow/.local/lib/python3.12/site-packages/airflow/example_dags/tutorial_taskflow_api_virtualenv.py
[2025-01-26T19:31:05.983+0000] {logging_mixin.py:190} INFO - [2025-01-26T19:31:05.983+0000] {dag.py:3239} INFO - Sync 1 DAGs
[2025-01-26T19:31:06.005+0000] {logging_mixin.py:190} INFO - [2025-01-26T19:31:06.004+0000] {dag.py:4180} INFO - Setting next_dagrun for tutorial_taskflow_api_virtualenv to None, run_after=None
[2025-01-26T19:31:06.032+0000] {processor.py:208} INFO - Processing /home/airflow/.local/lib/python3.12/site-packages/airflow/example_dags/tutorial_taskflow_api_virtualenv.py took 0.110 seconds
[2025-01-26T19:31:36.717+0000] {processor.py:186} INFO - Started process (PID=834) to work on /home/airflow/.local/lib/python3.12/site-packages/airflow/example_dags/tutorial_taskflow_api_virtualenv.py
[2025-01-26T19:31:36.728+0000] {processor.py:914} INFO - Processing file /home/airflow/.local/lib/python3.12/site-packages/airflow/example_dags/tutorial_taskflow_api_virtualenv.py for tasks to queue
[2025-01-26T19:31:36.735+0000] {logging_mixin.py:190} INFO - [2025-01-26T19:31:36.732+0000] {dagbag.py:588} INFO - Filling up the DagBag from /home/airflow/.local/lib/python3.12/site-packages/airflow/example_dags/tutorial_taskflow_api_virtualenv.py
[2025-01-26T19:31:36.757+0000] {processor.py:925} INFO - DAG(s) 'tutorial_taskflow_api_virtualenv' retrieved from /home/airflow/.local/lib/python3.12/site-packages/airflow/example_dags/tutorial_taskflow_api_virtualenv.py
[2025-01-26T19:31:36.786+0000] {logging_mixin.py:190} INFO - [2025-01-26T19:31:36.786+0000] {dag.py:3239} INFO - Sync 1 DAGs
[2025-01-26T19:31:36.804+0000] {logging_mixin.py:190} INFO - [2025-01-26T19:31:36.804+0000] {dag.py:4180} INFO - Setting next_dagrun for tutorial_taskflow_api_virtualenv to None, run_after=None
[2025-01-26T19:31:36.832+0000] {processor.py:208} INFO - Processing /home/airflow/.local/lib/python3.12/site-packages/airflow/example_dags/tutorial_taskflow_api_virtualenv.py took 0.123 seconds
[2025-01-26T19:32:07.030+0000] {processor.py:186} INFO - Started process (PID=899) to work on /home/airflow/.local/lib/python3.12/site-packages/airflow/example_dags/tutorial_taskflow_api_virtualenv.py
[2025-01-26T19:32:07.032+0000] {processor.py:914} INFO - Processing file /home/airflow/.local/lib/python3.12/site-packages/airflow/example_dags/tutorial_taskflow_api_virtualenv.py for tasks to queue
[2025-01-26T19:32:07.039+0000] {logging_mixin.py:190} INFO - [2025-01-26T19:32:07.037+0000] {dagbag.py:588} INFO - Filling up the DagBag from /home/airflow/.local/lib/python3.12/site-packages/airflow/example_dags/tutorial_taskflow_api_virtualenv.py
[2025-01-26T19:32:07.063+0000] {processor.py:925} INFO - DAG(s) 'tutorial_taskflow_api_virtualenv' retrieved from /home/airflow/.local/lib/python3.12/site-packages/airflow/example_dags/tutorial_taskflow_api_virtualenv.py
[2025-01-26T19:32:07.098+0000] {logging_mixin.py:190} INFO - [2025-01-26T19:32:07.098+0000] {dag.py:3239} INFO - Sync 1 DAGs
[2025-01-26T19:32:07.116+0000] {logging_mixin.py:190} INFO - [2025-01-26T19:32:07.116+0000] {dag.py:4180} INFO - Setting next_dagrun for tutorial_taskflow_api_virtualenv to None, run_after=None
[2025-01-26T19:32:07.137+0000] {processor.py:208} INFO - Processing /home/airflow/.local/lib/python3.12/site-packages/airflow/example_dags/tutorial_taskflow_api_virtualenv.py took 0.115 seconds
[2025-01-26T19:32:37.857+0000] {processor.py:186} INFO - Started process (PID=965) to work on /home/airflow/.local/lib/python3.12/site-packages/airflow/example_dags/tutorial_taskflow_api_virtualenv.py
[2025-01-26T19:32:37.858+0000] {processor.py:914} INFO - Processing file /home/airflow/.local/lib/python3.12/site-packages/airflow/example_dags/tutorial_taskflow_api_virtualenv.py for tasks to queue
[2025-01-26T19:32:37.860+0000] {logging_mixin.py:190} INFO - [2025-01-26T19:32:37.860+0000] {dagbag.py:588} INFO - Filling up the DagBag from /home/airflow/.local/lib/python3.12/site-packages/airflow/example_dags/tutorial_taskflow_api_virtualenv.py
[2025-01-26T19:32:37.876+0000] {processor.py:925} INFO - DAG(s) 'tutorial_taskflow_api_virtualenv' retrieved from /home/airflow/.local/lib/python3.12/site-packages/airflow/example_dags/tutorial_taskflow_api_virtualenv.py
[2025-01-26T19:32:37.904+0000] {logging_mixin.py:190} INFO - [2025-01-26T19:32:37.904+0000] {dag.py:3239} INFO - Sync 1 DAGs
[2025-01-26T19:32:37.931+0000] {logging_mixin.py:190} INFO - [2025-01-26T19:32:37.931+0000] {dag.py:4180} INFO - Setting next_dagrun for tutorial_taskflow_api_virtualenv to None, run_after=None
[2025-01-26T19:32:37.952+0000] {processor.py:208} INFO - Processing /home/airflow/.local/lib/python3.12/site-packages/airflow/example_dags/tutorial_taskflow_api_virtualenv.py took 0.102 seconds
[2025-01-26T19:33:08.341+0000] {processor.py:186} INFO - Started process (PID=1031) to work on /home/airflow/.local/lib/python3.12/site-packages/airflow/example_dags/tutorial_taskflow_api_virtualenv.py
[2025-01-26T19:33:08.342+0000] {processor.py:914} INFO - Processing file /home/airflow/.local/lib/python3.12/site-packages/airflow/example_dags/tutorial_taskflow_api_virtualenv.py for tasks to queue
[2025-01-26T19:33:08.344+0000] {logging_mixin.py:190} INFO - [2025-01-26T19:33:08.344+0000] {dagbag.py:588} INFO - Filling up the DagBag from /home/airflow/.local/lib/python3.12/site-packages/airflow/example_dags/tutorial_taskflow_api_virtualenv.py
[2025-01-26T19:33:08.356+0000] {processor.py:925} INFO - DAG(s) 'tutorial_taskflow_api_virtualenv' retrieved from /home/airflow/.local/lib/python3.12/site-packages/airflow/example_dags/tutorial_taskflow_api_virtualenv.py
[2025-01-26T19:33:08.374+0000] {logging_mixin.py:190} INFO - [2025-01-26T19:33:08.374+0000] {dag.py:3239} INFO - Sync 1 DAGs
[2025-01-26T19:33:08.388+0000] {logging_mixin.py:190} INFO - [2025-01-26T19:33:08.387+0000] {dag.py:4180} INFO - Setting next_dagrun for tutorial_taskflow_api_virtualenv to None, run_after=None
[2025-01-26T19:33:08.407+0000] {processor.py:208} INFO - Processing /home/airflow/.local/lib/python3.12/site-packages/airflow/example_dags/tutorial_taskflow_api_virtualenv.py took 0.074 seconds
[2025-01-26T19:33:38.998+0000] {processor.py:186} INFO - Started process (PID=1096) to work on /home/airflow/.local/lib/python3.12/site-packages/airflow/example_dags/tutorial_taskflow_api_virtualenv.py
[2025-01-26T19:33:38.999+0000] {processor.py:914} INFO - Processing file /home/airflow/.local/lib/python3.12/site-packages/airflow/example_dags/tutorial_taskflow_api_virtualenv.py for tasks to queue
[2025-01-26T19:33:39.002+0000] {logging_mixin.py:190} INFO - [2025-01-26T19:33:39.002+0000] {dagbag.py:588} INFO - Filling up the DagBag from /home/airflow/.local/lib/python3.12/site-packages/airflow/example_dags/tutorial_taskflow_api_virtualenv.py
[2025-01-26T19:33:39.014+0000] {processor.py:925} INFO - DAG(s) 'tutorial_taskflow_api_virtualenv' retrieved from /home/airflow/.local/lib/python3.12/site-packages/airflow/example_dags/tutorial_taskflow_api_virtualenv.py
[2025-01-26T19:33:39.033+0000] {logging_mixin.py:190} INFO - [2025-01-26T19:33:39.032+0000] {dag.py:3239} INFO - Sync 1 DAGs
[2025-01-26T19:33:39.046+0000] {logging_mixin.py:190} INFO - [2025-01-26T19:33:39.046+0000] {dag.py:4180} INFO - Setting next_dagrun for tutorial_taskflow_api_virtualenv to None, run_after=None
[2025-01-26T19:33:39.065+0000] {processor.py:208} INFO - Processing /home/airflow/.local/lib/python3.12/site-packages/airflow/example_dags/tutorial_taskflow_api_virtualenv.py took 0.074 seconds
[2025-01-26T19:34:09.541+0000] {processor.py:186} INFO - Started process (PID=1161) to work on /home/airflow/.local/lib/python3.12/site-packages/airflow/example_dags/tutorial_taskflow_api_virtualenv.py
[2025-01-26T19:34:09.542+0000] {processor.py:914} INFO - Processing file /home/airflow/.local/lib/python3.12/site-packages/airflow/example_dags/tutorial_taskflow_api_virtualenv.py for tasks to queue
[2025-01-26T19:34:09.545+0000] {logging_mixin.py:190} INFO - [2025-01-26T19:34:09.545+0000] {dagbag.py:588} INFO - Filling up the DagBag from /home/airflow/.local/lib/python3.12/site-packages/airflow/example_dags/tutorial_taskflow_api_virtualenv.py
[2025-01-26T19:34:09.564+0000] {processor.py:925} INFO - DAG(s) 'tutorial_taskflow_api_virtualenv' retrieved from /home/airflow/.local/lib/python3.12/site-packages/airflow/example_dags/tutorial_taskflow_api_virtualenv.py
[2025-01-26T19:34:09.589+0000] {logging_mixin.py:190} INFO - [2025-01-26T19:34:09.589+0000] {dag.py:3239} INFO - Sync 1 DAGs
[2025-01-26T19:34:09.611+0000] {logging_mixin.py:190} INFO - [2025-01-26T19:34:09.611+0000] {dag.py:4180} INFO - Setting next_dagrun for tutorial_taskflow_api_virtualenv to None, run_after=None
[2025-01-26T19:34:09.642+0000] {processor.py:208} INFO - Processing /home/airflow/.local/lib/python3.12/site-packages/airflow/example_dags/tutorial_taskflow_api_virtualenv.py took 0.112 seconds
[2025-01-26T23:29:58.190+0000] {processor.py:186} INFO - Started process (PID=55) to work on /home/airflow/.local/lib/python3.12/site-packages/airflow/example_dags/tutorial_taskflow_api_virtualenv.py
[2025-01-26T23:29:58.192+0000] {processor.py:914} INFO - Processing file /home/airflow/.local/lib/python3.12/site-packages/airflow/example_dags/tutorial_taskflow_api_virtualenv.py for tasks to queue
[2025-01-26T23:29:58.195+0000] {logging_mixin.py:190} INFO - [2025-01-26T23:29:58.195+0000] {dagbag.py:588} INFO - Filling up the DagBag from /home/airflow/.local/lib/python3.12/site-packages/airflow/example_dags/tutorial_taskflow_api_virtualenv.py
[2025-01-26T23:29:58.211+0000] {processor.py:925} INFO - DAG(s) 'tutorial_taskflow_api_virtualenv' retrieved from /home/airflow/.local/lib/python3.12/site-packages/airflow/example_dags/tutorial_taskflow_api_virtualenv.py
[2025-01-26T23:29:58.372+0000] {logging_mixin.py:190} INFO - [2025-01-26T23:29:58.372+0000] {dag.py:3239} INFO - Sync 1 DAGs
[2025-01-26T23:29:58.393+0000] {logging_mixin.py:190} INFO - [2025-01-26T23:29:58.392+0000] {dag.py:4180} INFO - Setting next_dagrun for tutorial_taskflow_api_virtualenv to None, run_after=None
[2025-01-26T23:29:58.416+0000] {processor.py:208} INFO - Processing /home/airflow/.local/lib/python3.12/site-packages/airflow/example_dags/tutorial_taskflow_api_virtualenv.py took 0.233 seconds
[2025-01-26T23:30:29.638+0000] {processor.py:186} INFO - Started process (PID=119) to work on /home/airflow/.local/lib/python3.12/site-packages/airflow/example_dags/tutorial_taskflow_api_virtualenv.py
[2025-01-26T23:30:29.639+0000] {processor.py:914} INFO - Processing file /home/airflow/.local/lib/python3.12/site-packages/airflow/example_dags/tutorial_taskflow_api_virtualenv.py for tasks to queue
[2025-01-26T23:30:29.641+0000] {logging_mixin.py:190} INFO - [2025-01-26T23:30:29.641+0000] {dagbag.py:588} INFO - Filling up the DagBag from /home/airflow/.local/lib/python3.12/site-packages/airflow/example_dags/tutorial_taskflow_api_virtualenv.py
[2025-01-26T23:30:29.655+0000] {processor.py:925} INFO - DAG(s) 'tutorial_taskflow_api_virtualenv' retrieved from /home/airflow/.local/lib/python3.12/site-packages/airflow/example_dags/tutorial_taskflow_api_virtualenv.py
[2025-01-26T23:30:29.674+0000] {logging_mixin.py:190} INFO - [2025-01-26T23:30:29.673+0000] {dag.py:3239} INFO - Sync 1 DAGs
[2025-01-26T23:30:29.689+0000] {logging_mixin.py:190} INFO - [2025-01-26T23:30:29.689+0000] {dag.py:4180} INFO - Setting next_dagrun for tutorial_taskflow_api_virtualenv to None, run_after=None
[2025-01-26T23:30:29.707+0000] {processor.py:208} INFO - Processing /home/airflow/.local/lib/python3.12/site-packages/airflow/example_dags/tutorial_taskflow_api_virtualenv.py took 0.075 seconds
[2025-01-26T23:31:00.726+0000] {processor.py:186} INFO - Started process (PID=183) to work on /home/airflow/.local/lib/python3.12/site-packages/airflow/example_dags/tutorial_taskflow_api_virtualenv.py
[2025-01-26T23:31:00.727+0000] {processor.py:914} INFO - Processing file /home/airflow/.local/lib/python3.12/site-packages/airflow/example_dags/tutorial_taskflow_api_virtualenv.py for tasks to queue
[2025-01-26T23:31:00.729+0000] {logging_mixin.py:190} INFO - [2025-01-26T23:31:00.729+0000] {dagbag.py:588} INFO - Filling up the DagBag from /home/airflow/.local/lib/python3.12/site-packages/airflow/example_dags/tutorial_taskflow_api_virtualenv.py
[2025-01-26T23:31:00.741+0000] {processor.py:925} INFO - DAG(s) 'tutorial_taskflow_api_virtualenv' retrieved from /home/airflow/.local/lib/python3.12/site-packages/airflow/example_dags/tutorial_taskflow_api_virtualenv.py
[2025-01-26T23:31:00.760+0000] {logging_mixin.py:190} INFO - [2025-01-26T23:31:00.760+0000] {dag.py:3239} INFO - Sync 1 DAGs
[2025-01-26T23:31:00.775+0000] {logging_mixin.py:190} INFO - [2025-01-26T23:31:00.775+0000] {dag.py:4180} INFO - Setting next_dagrun for tutorial_taskflow_api_virtualenv to None, run_after=None
[2025-01-26T23:31:00.796+0000] {processor.py:208} INFO - Processing /home/airflow/.local/lib/python3.12/site-packages/airflow/example_dags/tutorial_taskflow_api_virtualenv.py took 0.078 seconds
[2025-01-26T23:31:32.251+0000] {processor.py:186} INFO - Started process (PID=248) to work on /home/airflow/.local/lib/python3.12/site-packages/airflow/example_dags/tutorial_taskflow_api_virtualenv.py
[2025-01-26T23:31:32.252+0000] {processor.py:914} INFO - Processing file /home/airflow/.local/lib/python3.12/site-packages/airflow/example_dags/tutorial_taskflow_api_virtualenv.py for tasks to queue
[2025-01-26T23:31:32.255+0000] {logging_mixin.py:190} INFO - [2025-01-26T23:31:32.254+0000] {dagbag.py:588} INFO - Filling up the DagBag from /home/airflow/.local/lib/python3.12/site-packages/airflow/example_dags/tutorial_taskflow_api_virtualenv.py
[2025-01-26T23:31:32.269+0000] {processor.py:925} INFO - DAG(s) 'tutorial_taskflow_api_virtualenv' retrieved from /home/airflow/.local/lib/python3.12/site-packages/airflow/example_dags/tutorial_taskflow_api_virtualenv.py
[2025-01-26T23:31:32.289+0000] {logging_mixin.py:190} INFO - [2025-01-26T23:31:32.289+0000] {dag.py:3239} INFO - Sync 1 DAGs
[2025-01-26T23:31:32.309+0000] {logging_mixin.py:190} INFO - [2025-01-26T23:31:32.309+0000] {dag.py:4180} INFO - Setting next_dagrun for tutorial_taskflow_api_virtualenv to None, run_after=None
[2025-01-26T23:31:32.332+0000] {processor.py:208} INFO - Processing /home/airflow/.local/lib/python3.12/site-packages/airflow/example_dags/tutorial_taskflow_api_virtualenv.py took 0.086 seconds
[2025-01-26T23:32:06.361+0000] {processor.py:186} INFO - Started process (PID=313) to work on /home/airflow/.local/lib/python3.12/site-packages/airflow/example_dags/tutorial_taskflow_api_virtualenv.py
[2025-01-26T23:32:06.364+0000] {processor.py:914} INFO - Processing file /home/airflow/.local/lib/python3.12/site-packages/airflow/example_dags/tutorial_taskflow_api_virtualenv.py for tasks to queue
[2025-01-26T23:32:06.378+0000] {logging_mixin.py:190} INFO - [2025-01-26T23:32:06.378+0000] {dagbag.py:588} INFO - Filling up the DagBag from /home/airflow/.local/lib/python3.12/site-packages/airflow/example_dags/tutorial_taskflow_api_virtualenv.py
[2025-01-26T23:32:06.404+0000] {processor.py:925} INFO - DAG(s) 'tutorial_taskflow_api_virtualenv' retrieved from /home/airflow/.local/lib/python3.12/site-packages/airflow/example_dags/tutorial_taskflow_api_virtualenv.py
[2025-01-26T23:32:06.449+0000] {logging_mixin.py:190} INFO - [2025-01-26T23:32:06.449+0000] {dag.py:3239} INFO - Sync 1 DAGs
[2025-01-26T23:32:06.478+0000] {logging_mixin.py:190} INFO - [2025-01-26T23:32:06.478+0000] {dag.py:4180} INFO - Setting next_dagrun for tutorial_taskflow_api_virtualenv to None, run_after=None
[2025-01-26T23:32:06.524+0000] {processor.py:208} INFO - Processing /home/airflow/.local/lib/python3.12/site-packages/airflow/example_dags/tutorial_taskflow_api_virtualenv.py took 0.175 seconds
[2025-01-26T23:32:37.151+0000] {processor.py:186} INFO - Started process (PID=378) to work on /home/airflow/.local/lib/python3.12/site-packages/airflow/example_dags/tutorial_taskflow_api_virtualenv.py
[2025-01-26T23:32:37.154+0000] {processor.py:914} INFO - Processing file /home/airflow/.local/lib/python3.12/site-packages/airflow/example_dags/tutorial_taskflow_api_virtualenv.py for tasks to queue
[2025-01-26T23:32:37.157+0000] {logging_mixin.py:190} INFO - [2025-01-26T23:32:37.156+0000] {dagbag.py:588} INFO - Filling up the DagBag from /home/airflow/.local/lib/python3.12/site-packages/airflow/example_dags/tutorial_taskflow_api_virtualenv.py
[2025-01-26T23:32:37.170+0000] {processor.py:925} INFO - DAG(s) 'tutorial_taskflow_api_virtualenv' retrieved from /home/airflow/.local/lib/python3.12/site-packages/airflow/example_dags/tutorial_taskflow_api_virtualenv.py
[2025-01-26T23:32:37.192+0000] {logging_mixin.py:190} INFO - [2025-01-26T23:32:37.192+0000] {dag.py:3239} INFO - Sync 1 DAGs
[2025-01-26T23:32:37.209+0000] {logging_mixin.py:190} INFO - [2025-01-26T23:32:37.209+0000] {dag.py:4180} INFO - Setting next_dagrun for tutorial_taskflow_api_virtualenv to None, run_after=None
[2025-01-26T23:32:37.232+0000] {processor.py:208} INFO - Processing /home/airflow/.local/lib/python3.12/site-packages/airflow/example_dags/tutorial_taskflow_api_virtualenv.py took 0.088 seconds
[2025-01-26T23:33:07.773+0000] {processor.py:186} INFO - Started process (PID=442) to work on /home/airflow/.local/lib/python3.12/site-packages/airflow/example_dags/tutorial_taskflow_api_virtualenv.py
[2025-01-26T23:33:07.774+0000] {processor.py:914} INFO - Processing file /home/airflow/.local/lib/python3.12/site-packages/airflow/example_dags/tutorial_taskflow_api_virtualenv.py for tasks to queue
[2025-01-26T23:33:07.777+0000] {logging_mixin.py:190} INFO - [2025-01-26T23:33:07.777+0000] {dagbag.py:588} INFO - Filling up the DagBag from /home/airflow/.local/lib/python3.12/site-packages/airflow/example_dags/tutorial_taskflow_api_virtualenv.py
[2025-01-26T23:33:07.791+0000] {processor.py:925} INFO - DAG(s) 'tutorial_taskflow_api_virtualenv' retrieved from /home/airflow/.local/lib/python3.12/site-packages/airflow/example_dags/tutorial_taskflow_api_virtualenv.py
[2025-01-26T23:33:07.821+0000] {logging_mixin.py:190} INFO - [2025-01-26T23:33:07.820+0000] {dag.py:3239} INFO - Sync 1 DAGs
[2025-01-26T23:33:07.849+0000] {logging_mixin.py:190} INFO - [2025-01-26T23:33:07.848+0000] {dag.py:4180} INFO - Setting next_dagrun for tutorial_taskflow_api_virtualenv to None, run_after=None
[2025-01-26T23:33:07.873+0000] {processor.py:208} INFO - Processing /home/airflow/.local/lib/python3.12/site-packages/airflow/example_dags/tutorial_taskflow_api_virtualenv.py took 0.109 seconds
[2025-01-26T23:33:37.914+0000] {processor.py:186} INFO - Started process (PID=505) to work on /home/airflow/.local/lib/python3.12/site-packages/airflow/example_dags/tutorial_taskflow_api_virtualenv.py
[2025-01-26T23:33:37.915+0000] {processor.py:914} INFO - Processing file /home/airflow/.local/lib/python3.12/site-packages/airflow/example_dags/tutorial_taskflow_api_virtualenv.py for tasks to queue
[2025-01-26T23:33:37.918+0000] {logging_mixin.py:190} INFO - [2025-01-26T23:33:37.917+0000] {dagbag.py:588} INFO - Filling up the DagBag from /home/airflow/.local/lib/python3.12/site-packages/airflow/example_dags/tutorial_taskflow_api_virtualenv.py
[2025-01-26T23:33:37.933+0000] {processor.py:925} INFO - DAG(s) 'tutorial_taskflow_api_virtualenv' retrieved from /home/airflow/.local/lib/python3.12/site-packages/airflow/example_dags/tutorial_taskflow_api_virtualenv.py
[2025-01-26T23:33:37.952+0000] {logging_mixin.py:190} INFO - [2025-01-26T23:33:37.952+0000] {dag.py:3239} INFO - Sync 1 DAGs
[2025-01-26T23:33:37.967+0000] {logging_mixin.py:190} INFO - [2025-01-26T23:33:37.966+0000] {dag.py:4180} INFO - Setting next_dagrun for tutorial_taskflow_api_virtualenv to None, run_after=None
[2025-01-26T23:33:37.987+0000] {processor.py:208} INFO - Processing /home/airflow/.local/lib/python3.12/site-packages/airflow/example_dags/tutorial_taskflow_api_virtualenv.py took 0.080 seconds
[2025-01-26T23:34:08.147+0000] {processor.py:186} INFO - Started process (PID=569) to work on /home/airflow/.local/lib/python3.12/site-packages/airflow/example_dags/tutorial_taskflow_api_virtualenv.py
[2025-01-26T23:34:08.148+0000] {processor.py:914} INFO - Processing file /home/airflow/.local/lib/python3.12/site-packages/airflow/example_dags/tutorial_taskflow_api_virtualenv.py for tasks to queue
[2025-01-26T23:34:08.152+0000] {logging_mixin.py:190} INFO - [2025-01-26T23:34:08.151+0000] {dagbag.py:588} INFO - Filling up the DagBag from /home/airflow/.local/lib/python3.12/site-packages/airflow/example_dags/tutorial_taskflow_api_virtualenv.py
[2025-01-26T23:34:08.164+0000] {processor.py:925} INFO - DAG(s) 'tutorial_taskflow_api_virtualenv' retrieved from /home/airflow/.local/lib/python3.12/site-packages/airflow/example_dags/tutorial_taskflow_api_virtualenv.py
[2025-01-26T23:34:08.184+0000] {logging_mixin.py:190} INFO - [2025-01-26T23:34:08.184+0000] {dag.py:3239} INFO - Sync 1 DAGs
[2025-01-26T23:34:08.198+0000] {logging_mixin.py:190} INFO - [2025-01-26T23:34:08.197+0000] {dag.py:4180} INFO - Setting next_dagrun for tutorial_taskflow_api_virtualenv to None, run_after=None
[2025-01-26T23:34:08.214+0000] {processor.py:208} INFO - Processing /home/airflow/.local/lib/python3.12/site-packages/airflow/example_dags/tutorial_taskflow_api_virtualenv.py took 0.073 seconds
[2025-01-26T23:34:38.731+0000] {processor.py:186} INFO - Started process (PID=634) to work on /home/airflow/.local/lib/python3.12/site-packages/airflow/example_dags/tutorial_taskflow_api_virtualenv.py
[2025-01-26T23:34:38.732+0000] {processor.py:914} INFO - Processing file /home/airflow/.local/lib/python3.12/site-packages/airflow/example_dags/tutorial_taskflow_api_virtualenv.py for tasks to queue
[2025-01-26T23:34:38.735+0000] {logging_mixin.py:190} INFO - [2025-01-26T23:34:38.735+0000] {dagbag.py:588} INFO - Filling up the DagBag from /home/airflow/.local/lib/python3.12/site-packages/airflow/example_dags/tutorial_taskflow_api_virtualenv.py
[2025-01-26T23:34:38.751+0000] {processor.py:925} INFO - DAG(s) 'tutorial_taskflow_api_virtualenv' retrieved from /home/airflow/.local/lib/python3.12/site-packages/airflow/example_dags/tutorial_taskflow_api_virtualenv.py
[2025-01-26T23:34:38.784+0000] {logging_mixin.py:190} INFO - [2025-01-26T23:34:38.783+0000] {dag.py:3239} INFO - Sync 1 DAGs
[2025-01-26T23:34:38.808+0000] {logging_mixin.py:190} INFO - [2025-01-26T23:34:38.807+0000] {dag.py:4180} INFO - Setting next_dagrun for tutorial_taskflow_api_virtualenv to None, run_after=None
[2025-01-26T23:34:38.830+0000] {processor.py:208} INFO - Processing /home/airflow/.local/lib/python3.12/site-packages/airflow/example_dags/tutorial_taskflow_api_virtualenv.py took 0.106 seconds
[2025-01-26T23:35:09.559+0000] {processor.py:186} INFO - Started process (PID=699) to work on /home/airflow/.local/lib/python3.12/site-packages/airflow/example_dags/tutorial_taskflow_api_virtualenv.py
[2025-01-26T23:35:09.560+0000] {processor.py:914} INFO - Processing file /home/airflow/.local/lib/python3.12/site-packages/airflow/example_dags/tutorial_taskflow_api_virtualenv.py for tasks to queue
[2025-01-26T23:35:09.562+0000] {logging_mixin.py:190} INFO - [2025-01-26T23:35:09.562+0000] {dagbag.py:588} INFO - Filling up the DagBag from /home/airflow/.local/lib/python3.12/site-packages/airflow/example_dags/tutorial_taskflow_api_virtualenv.py
[2025-01-26T23:35:09.573+0000] {processor.py:925} INFO - DAG(s) 'tutorial_taskflow_api_virtualenv' retrieved from /home/airflow/.local/lib/python3.12/site-packages/airflow/example_dags/tutorial_taskflow_api_virtualenv.py
[2025-01-26T23:35:09.589+0000] {logging_mixin.py:190} INFO - [2025-01-26T23:35:09.589+0000] {dag.py:3239} INFO - Sync 1 DAGs
[2025-01-26T23:35:09.604+0000] {logging_mixin.py:190} INFO - [2025-01-26T23:35:09.604+0000] {dag.py:4180} INFO - Setting next_dagrun for tutorial_taskflow_api_virtualenv to None, run_after=None
[2025-01-26T23:35:09.622+0000] {processor.py:208} INFO - Processing /home/airflow/.local/lib/python3.12/site-packages/airflow/example_dags/tutorial_taskflow_api_virtualenv.py took 0.068 seconds
[2025-01-26T23:35:39.867+0000] {processor.py:186} INFO - Started process (PID=764) to work on /home/airflow/.local/lib/python3.12/site-packages/airflow/example_dags/tutorial_taskflow_api_virtualenv.py
[2025-01-26T23:35:39.870+0000] {processor.py:914} INFO - Processing file /home/airflow/.local/lib/python3.12/site-packages/airflow/example_dags/tutorial_taskflow_api_virtualenv.py for tasks to queue
[2025-01-26T23:35:39.873+0000] {logging_mixin.py:190} INFO - [2025-01-26T23:35:39.872+0000] {dagbag.py:588} INFO - Filling up the DagBag from /home/airflow/.local/lib/python3.12/site-packages/airflow/example_dags/tutorial_taskflow_api_virtualenv.py
[2025-01-26T23:35:39.893+0000] {processor.py:925} INFO - DAG(s) 'tutorial_taskflow_api_virtualenv' retrieved from /home/airflow/.local/lib/python3.12/site-packages/airflow/example_dags/tutorial_taskflow_api_virtualenv.py
[2025-01-26T23:35:39.921+0000] {logging_mixin.py:190} INFO - [2025-01-26T23:35:39.921+0000] {dag.py:3239} INFO - Sync 1 DAGs
[2025-01-26T23:35:39.949+0000] {logging_mixin.py:190} INFO - [2025-01-26T23:35:39.949+0000] {dag.py:4180} INFO - Setting next_dagrun for tutorial_taskflow_api_virtualenv to None, run_after=None
[2025-01-26T23:35:39.986+0000] {processor.py:208} INFO - Processing /home/airflow/.local/lib/python3.12/site-packages/airflow/example_dags/tutorial_taskflow_api_virtualenv.py took 0.129 seconds
[2025-01-26T23:36:10.284+0000] {processor.py:186} INFO - Started process (PID=829) to work on /home/airflow/.local/lib/python3.12/site-packages/airflow/example_dags/tutorial_taskflow_api_virtualenv.py
[2025-01-26T23:36:10.285+0000] {processor.py:914} INFO - Processing file /home/airflow/.local/lib/python3.12/site-packages/airflow/example_dags/tutorial_taskflow_api_virtualenv.py for tasks to queue
[2025-01-26T23:36:10.287+0000] {logging_mixin.py:190} INFO - [2025-01-26T23:36:10.287+0000] {dagbag.py:588} INFO - Filling up the DagBag from /home/airflow/.local/lib/python3.12/site-packages/airflow/example_dags/tutorial_taskflow_api_virtualenv.py
[2025-01-26T23:36:10.298+0000] {processor.py:925} INFO - DAG(s) 'tutorial_taskflow_api_virtualenv' retrieved from /home/airflow/.local/lib/python3.12/site-packages/airflow/example_dags/tutorial_taskflow_api_virtualenv.py
[2025-01-26T23:36:10.314+0000] {logging_mixin.py:190} INFO - [2025-01-26T23:36:10.314+0000] {dag.py:3239} INFO - Sync 1 DAGs
[2025-01-26T23:36:10.329+0000] {logging_mixin.py:190} INFO - [2025-01-26T23:36:10.329+0000] {dag.py:4180} INFO - Setting next_dagrun for tutorial_taskflow_api_virtualenv to None, run_after=None
[2025-01-26T23:36:10.346+0000] {processor.py:208} INFO - Processing /home/airflow/.local/lib/python3.12/site-packages/airflow/example_dags/tutorial_taskflow_api_virtualenv.py took 0.068 seconds
[2025-01-26T23:36:40.758+0000] {processor.py:186} INFO - Started process (PID=894) to work on /home/airflow/.local/lib/python3.12/site-packages/airflow/example_dags/tutorial_taskflow_api_virtualenv.py
[2025-01-26T23:36:40.759+0000] {processor.py:914} INFO - Processing file /home/airflow/.local/lib/python3.12/site-packages/airflow/example_dags/tutorial_taskflow_api_virtualenv.py for tasks to queue
[2025-01-26T23:36:40.761+0000] {logging_mixin.py:190} INFO - [2025-01-26T23:36:40.760+0000] {dagbag.py:588} INFO - Filling up the DagBag from /home/airflow/.local/lib/python3.12/site-packages/airflow/example_dags/tutorial_taskflow_api_virtualenv.py
[2025-01-26T23:36:40.772+0000] {processor.py:925} INFO - DAG(s) 'tutorial_taskflow_api_virtualenv' retrieved from /home/airflow/.local/lib/python3.12/site-packages/airflow/example_dags/tutorial_taskflow_api_virtualenv.py
[2025-01-26T23:36:40.789+0000] {logging_mixin.py:190} INFO - [2025-01-26T23:36:40.789+0000] {dag.py:3239} INFO - Sync 1 DAGs
[2025-01-26T23:36:40.804+0000] {logging_mixin.py:190} INFO - [2025-01-26T23:36:40.804+0000] {dag.py:4180} INFO - Setting next_dagrun for tutorial_taskflow_api_virtualenv to None, run_after=None
[2025-01-26T23:36:40.825+0000] {processor.py:208} INFO - Processing /home/airflow/.local/lib/python3.12/site-packages/airflow/example_dags/tutorial_taskflow_api_virtualenv.py took 0.074 seconds
[2025-01-26T23:37:11.607+0000] {processor.py:186} INFO - Started process (PID=959) to work on /home/airflow/.local/lib/python3.12/site-packages/airflow/example_dags/tutorial_taskflow_api_virtualenv.py
[2025-01-26T23:37:11.608+0000] {processor.py:914} INFO - Processing file /home/airflow/.local/lib/python3.12/site-packages/airflow/example_dags/tutorial_taskflow_api_virtualenv.py for tasks to queue
[2025-01-26T23:37:11.610+0000] {logging_mixin.py:190} INFO - [2025-01-26T23:37:11.610+0000] {dagbag.py:588} INFO - Filling up the DagBag from /home/airflow/.local/lib/python3.12/site-packages/airflow/example_dags/tutorial_taskflow_api_virtualenv.py
[2025-01-26T23:37:11.622+0000] {processor.py:925} INFO - DAG(s) 'tutorial_taskflow_api_virtualenv' retrieved from /home/airflow/.local/lib/python3.12/site-packages/airflow/example_dags/tutorial_taskflow_api_virtualenv.py
[2025-01-26T23:37:11.641+0000] {logging_mixin.py:190} INFO - [2025-01-26T23:37:11.640+0000] {dag.py:3239} INFO - Sync 1 DAGs
[2025-01-26T23:37:11.662+0000] {logging_mixin.py:190} INFO - [2025-01-26T23:37:11.662+0000] {dag.py:4180} INFO - Setting next_dagrun for tutorial_taskflow_api_virtualenv to None, run_after=None
[2025-01-26T23:37:11.701+0000] {processor.py:208} INFO - Processing /home/airflow/.local/lib/python3.12/site-packages/airflow/example_dags/tutorial_taskflow_api_virtualenv.py took 0.100 seconds
[2025-01-26T23:37:42.389+0000] {processor.py:186} INFO - Started process (PID=1023) to work on /home/airflow/.local/lib/python3.12/site-packages/airflow/example_dags/tutorial_taskflow_api_virtualenv.py
[2025-01-26T23:37:42.391+0000] {processor.py:914} INFO - Processing file /home/airflow/.local/lib/python3.12/site-packages/airflow/example_dags/tutorial_taskflow_api_virtualenv.py for tasks to queue
[2025-01-26T23:37:42.393+0000] {logging_mixin.py:190} INFO - [2025-01-26T23:37:42.393+0000] {dagbag.py:588} INFO - Filling up the DagBag from /home/airflow/.local/lib/python3.12/site-packages/airflow/example_dags/tutorial_taskflow_api_virtualenv.py
[2025-01-26T23:37:42.406+0000] {processor.py:925} INFO - DAG(s) 'tutorial_taskflow_api_virtualenv' retrieved from /home/airflow/.local/lib/python3.12/site-packages/airflow/example_dags/tutorial_taskflow_api_virtualenv.py
[2025-01-26T23:37:42.423+0000] {logging_mixin.py:190} INFO - [2025-01-26T23:37:42.423+0000] {dag.py:3239} INFO - Sync 1 DAGs
[2025-01-26T23:37:42.437+0000] {logging_mixin.py:190} INFO - [2025-01-26T23:37:42.437+0000] {dag.py:4180} INFO - Setting next_dagrun for tutorial_taskflow_api_virtualenv to None, run_after=None
[2025-01-26T23:37:42.455+0000] {processor.py:208} INFO - Processing /home/airflow/.local/lib/python3.12/site-packages/airflow/example_dags/tutorial_taskflow_api_virtualenv.py took 0.072 seconds
[2025-01-26T23:38:12.951+0000] {processor.py:186} INFO - Started process (PID=1089) to work on /home/airflow/.local/lib/python3.12/site-packages/airflow/example_dags/tutorial_taskflow_api_virtualenv.py
[2025-01-26T23:38:12.952+0000] {processor.py:914} INFO - Processing file /home/airflow/.local/lib/python3.12/site-packages/airflow/example_dags/tutorial_taskflow_api_virtualenv.py for tasks to queue
[2025-01-26T23:38:12.954+0000] {logging_mixin.py:190} INFO - [2025-01-26T23:38:12.954+0000] {dagbag.py:588} INFO - Filling up the DagBag from /home/airflow/.local/lib/python3.12/site-packages/airflow/example_dags/tutorial_taskflow_api_virtualenv.py
[2025-01-26T23:38:12.970+0000] {processor.py:925} INFO - DAG(s) 'tutorial_taskflow_api_virtualenv' retrieved from /home/airflow/.local/lib/python3.12/site-packages/airflow/example_dags/tutorial_taskflow_api_virtualenv.py
[2025-01-26T23:38:12.990+0000] {logging_mixin.py:190} INFO - [2025-01-26T23:38:12.990+0000] {dag.py:3239} INFO - Sync 1 DAGs
[2025-01-26T23:38:13.007+0000] {logging_mixin.py:190} INFO - [2025-01-26T23:38:13.006+0000] {dag.py:4180} INFO - Setting next_dagrun for tutorial_taskflow_api_virtualenv to None, run_after=None
[2025-01-26T23:38:13.026+0000] {processor.py:208} INFO - Processing /home/airflow/.local/lib/python3.12/site-packages/airflow/example_dags/tutorial_taskflow_api_virtualenv.py took 0.083 seconds
[2025-01-26T23:38:43.875+0000] {processor.py:186} INFO - Started process (PID=1154) to work on /home/airflow/.local/lib/python3.12/site-packages/airflow/example_dags/tutorial_taskflow_api_virtualenv.py
[2025-01-26T23:38:43.876+0000] {processor.py:914} INFO - Processing file /home/airflow/.local/lib/python3.12/site-packages/airflow/example_dags/tutorial_taskflow_api_virtualenv.py for tasks to queue
[2025-01-26T23:38:43.878+0000] {logging_mixin.py:190} INFO - [2025-01-26T23:38:43.878+0000] {dagbag.py:588} INFO - Filling up the DagBag from /home/airflow/.local/lib/python3.12/site-packages/airflow/example_dags/tutorial_taskflow_api_virtualenv.py
[2025-01-26T23:38:43.889+0000] {processor.py:925} INFO - DAG(s) 'tutorial_taskflow_api_virtualenv' retrieved from /home/airflow/.local/lib/python3.12/site-packages/airflow/example_dags/tutorial_taskflow_api_virtualenv.py
[2025-01-26T23:38:43.906+0000] {logging_mixin.py:190} INFO - [2025-01-26T23:38:43.905+0000] {dag.py:3239} INFO - Sync 1 DAGs
[2025-01-26T23:38:43.920+0000] {logging_mixin.py:190} INFO - [2025-01-26T23:38:43.920+0000] {dag.py:4180} INFO - Setting next_dagrun for tutorial_taskflow_api_virtualenv to None, run_after=None
[2025-01-26T23:38:43.938+0000] {processor.py:208} INFO - Processing /home/airflow/.local/lib/python3.12/site-packages/airflow/example_dags/tutorial_taskflow_api_virtualenv.py took 0.070 seconds
[2025-01-26T23:39:14.669+0000] {processor.py:186} INFO - Started process (PID=1219) to work on /home/airflow/.local/lib/python3.12/site-packages/airflow/example_dags/tutorial_taskflow_api_virtualenv.py
[2025-01-26T23:39:14.670+0000] {processor.py:914} INFO - Processing file /home/airflow/.local/lib/python3.12/site-packages/airflow/example_dags/tutorial_taskflow_api_virtualenv.py for tasks to queue
[2025-01-26T23:39:14.672+0000] {logging_mixin.py:190} INFO - [2025-01-26T23:39:14.672+0000] {dagbag.py:588} INFO - Filling up the DagBag from /home/airflow/.local/lib/python3.12/site-packages/airflow/example_dags/tutorial_taskflow_api_virtualenv.py
[2025-01-26T23:39:14.683+0000] {processor.py:925} INFO - DAG(s) 'tutorial_taskflow_api_virtualenv' retrieved from /home/airflow/.local/lib/python3.12/site-packages/airflow/example_dags/tutorial_taskflow_api_virtualenv.py
[2025-01-26T23:39:14.701+0000] {logging_mixin.py:190} INFO - [2025-01-26T23:39:14.701+0000] {dag.py:3239} INFO - Sync 1 DAGs
[2025-01-26T23:39:14.715+0000] {logging_mixin.py:190} INFO - [2025-01-26T23:39:14.714+0000] {dag.py:4180} INFO - Setting next_dagrun for tutorial_taskflow_api_virtualenv to None, run_after=None
[2025-01-26T23:39:14.732+0000] {processor.py:208} INFO - Processing /home/airflow/.local/lib/python3.12/site-packages/airflow/example_dags/tutorial_taskflow_api_virtualenv.py took 0.069 seconds
[2025-01-26T23:39:44.914+0000] {processor.py:186} INFO - Started process (PID=1284) to work on /home/airflow/.local/lib/python3.12/site-packages/airflow/example_dags/tutorial_taskflow_api_virtualenv.py
[2025-01-26T23:39:44.916+0000] {processor.py:914} INFO - Processing file /home/airflow/.local/lib/python3.12/site-packages/airflow/example_dags/tutorial_taskflow_api_virtualenv.py for tasks to queue
[2025-01-26T23:39:44.921+0000] {logging_mixin.py:190} INFO - [2025-01-26T23:39:44.920+0000] {dagbag.py:588} INFO - Filling up the DagBag from /home/airflow/.local/lib/python3.12/site-packages/airflow/example_dags/tutorial_taskflow_api_virtualenv.py
[2025-01-26T23:39:44.937+0000] {processor.py:925} INFO - DAG(s) 'tutorial_taskflow_api_virtualenv' retrieved from /home/airflow/.local/lib/python3.12/site-packages/airflow/example_dags/tutorial_taskflow_api_virtualenv.py
[2025-01-26T23:39:44.967+0000] {logging_mixin.py:190} INFO - [2025-01-26T23:39:44.967+0000] {dag.py:3239} INFO - Sync 1 DAGs
[2025-01-26T23:39:44.990+0000] {logging_mixin.py:190} INFO - [2025-01-26T23:39:44.990+0000] {dag.py:4180} INFO - Setting next_dagrun for tutorial_taskflow_api_virtualenv to None, run_after=None
[2025-01-26T23:39:45.022+0000] {processor.py:208} INFO - Processing /home/airflow/.local/lib/python3.12/site-packages/airflow/example_dags/tutorial_taskflow_api_virtualenv.py took 0.114 seconds
[2025-01-26T23:40:15.558+0000] {processor.py:186} INFO - Started process (PID=1349) to work on /home/airflow/.local/lib/python3.12/site-packages/airflow/example_dags/tutorial_taskflow_api_virtualenv.py
[2025-01-26T23:40:15.559+0000] {processor.py:914} INFO - Processing file /home/airflow/.local/lib/python3.12/site-packages/airflow/example_dags/tutorial_taskflow_api_virtualenv.py for tasks to queue
[2025-01-26T23:40:15.563+0000] {logging_mixin.py:190} INFO - [2025-01-26T23:40:15.563+0000] {dagbag.py:588} INFO - Filling up the DagBag from /home/airflow/.local/lib/python3.12/site-packages/airflow/example_dags/tutorial_taskflow_api_virtualenv.py
[2025-01-26T23:40:15.581+0000] {processor.py:925} INFO - DAG(s) 'tutorial_taskflow_api_virtualenv' retrieved from /home/airflow/.local/lib/python3.12/site-packages/airflow/example_dags/tutorial_taskflow_api_virtualenv.py
[2025-01-26T23:40:15.614+0000] {logging_mixin.py:190} INFO - [2025-01-26T23:40:15.614+0000] {dag.py:3239} INFO - Sync 1 DAGs
[2025-01-26T23:40:15.633+0000] {logging_mixin.py:190} INFO - [2025-01-26T23:40:15.633+0000] {dag.py:4180} INFO - Setting next_dagrun for tutorial_taskflow_api_virtualenv to None, run_after=None
[2025-01-26T23:40:15.657+0000] {processor.py:208} INFO - Processing /home/airflow/.local/lib/python3.12/site-packages/airflow/example_dags/tutorial_taskflow_api_virtualenv.py took 0.107 seconds
[2025-01-26T23:40:46.608+0000] {processor.py:186} INFO - Started process (PID=1414) to work on /home/airflow/.local/lib/python3.12/site-packages/airflow/example_dags/tutorial_taskflow_api_virtualenv.py
[2025-01-26T23:40:46.609+0000] {processor.py:914} INFO - Processing file /home/airflow/.local/lib/python3.12/site-packages/airflow/example_dags/tutorial_taskflow_api_virtualenv.py for tasks to queue
[2025-01-26T23:40:46.613+0000] {logging_mixin.py:190} INFO - [2025-01-26T23:40:46.613+0000] {dagbag.py:588} INFO - Filling up the DagBag from /home/airflow/.local/lib/python3.12/site-packages/airflow/example_dags/tutorial_taskflow_api_virtualenv.py
[2025-01-26T23:40:46.625+0000] {processor.py:925} INFO - DAG(s) 'tutorial_taskflow_api_virtualenv' retrieved from /home/airflow/.local/lib/python3.12/site-packages/airflow/example_dags/tutorial_taskflow_api_virtualenv.py
[2025-01-26T23:40:46.642+0000] {logging_mixin.py:190} INFO - [2025-01-26T23:40:46.642+0000] {dag.py:3239} INFO - Sync 1 DAGs
[2025-01-26T23:40:46.656+0000] {logging_mixin.py:190} INFO - [2025-01-26T23:40:46.656+0000] {dag.py:4180} INFO - Setting next_dagrun for tutorial_taskflow_api_virtualenv to None, run_after=None
[2025-01-26T23:40:46.675+0000] {processor.py:208} INFO - Processing /home/airflow/.local/lib/python3.12/site-packages/airflow/example_dags/tutorial_taskflow_api_virtualenv.py took 0.074 seconds
[2025-01-26T23:41:17.065+0000] {processor.py:186} INFO - Started process (PID=1479) to work on /home/airflow/.local/lib/python3.12/site-packages/airflow/example_dags/tutorial_taskflow_api_virtualenv.py
[2025-01-26T23:41:17.066+0000] {processor.py:914} INFO - Processing file /home/airflow/.local/lib/python3.12/site-packages/airflow/example_dags/tutorial_taskflow_api_virtualenv.py for tasks to queue
[2025-01-26T23:41:17.068+0000] {logging_mixin.py:190} INFO - [2025-01-26T23:41:17.068+0000] {dagbag.py:588} INFO - Filling up the DagBag from /home/airflow/.local/lib/python3.12/site-packages/airflow/example_dags/tutorial_taskflow_api_virtualenv.py
[2025-01-26T23:41:17.080+0000] {processor.py:925} INFO - DAG(s) 'tutorial_taskflow_api_virtualenv' retrieved from /home/airflow/.local/lib/python3.12/site-packages/airflow/example_dags/tutorial_taskflow_api_virtualenv.py
[2025-01-26T23:41:17.101+0000] {logging_mixin.py:190} INFO - [2025-01-26T23:41:17.101+0000] {dag.py:3239} INFO - Sync 1 DAGs
[2025-01-26T23:41:17.117+0000] {logging_mixin.py:190} INFO - [2025-01-26T23:41:17.117+0000] {dag.py:4180} INFO - Setting next_dagrun for tutorial_taskflow_api_virtualenv to None, run_after=None
[2025-01-26T23:41:17.136+0000] {processor.py:208} INFO - Processing /home/airflow/.local/lib/python3.12/site-packages/airflow/example_dags/tutorial_taskflow_api_virtualenv.py took 0.078 seconds
[2025-01-26T23:41:47.481+0000] {processor.py:186} INFO - Started process (PID=1544) to work on /home/airflow/.local/lib/python3.12/site-packages/airflow/example_dags/tutorial_taskflow_api_virtualenv.py
[2025-01-26T23:41:47.483+0000] {processor.py:914} INFO - Processing file /home/airflow/.local/lib/python3.12/site-packages/airflow/example_dags/tutorial_taskflow_api_virtualenv.py for tasks to queue
[2025-01-26T23:41:47.486+0000] {logging_mixin.py:190} INFO - [2025-01-26T23:41:47.485+0000] {dagbag.py:588} INFO - Filling up the DagBag from /home/airflow/.local/lib/python3.12/site-packages/airflow/example_dags/tutorial_taskflow_api_virtualenv.py
[2025-01-26T23:41:47.502+0000] {processor.py:925} INFO - DAG(s) 'tutorial_taskflow_api_virtualenv' retrieved from /home/airflow/.local/lib/python3.12/site-packages/airflow/example_dags/tutorial_taskflow_api_virtualenv.py
[2025-01-26T23:41:47.538+0000] {logging_mixin.py:190} INFO - [2025-01-26T23:41:47.538+0000] {dag.py:3239} INFO - Sync 1 DAGs
[2025-01-26T23:41:47.564+0000] {logging_mixin.py:190} INFO - [2025-01-26T23:41:47.563+0000] {dag.py:4180} INFO - Setting next_dagrun for tutorial_taskflow_api_virtualenv to None, run_after=None
[2025-01-26T23:41:47.596+0000] {processor.py:208} INFO - Processing /home/airflow/.local/lib/python3.12/site-packages/airflow/example_dags/tutorial_taskflow_api_virtualenv.py took 0.123 seconds
[2025-01-26T23:42:17.710+0000] {processor.py:186} INFO - Started process (PID=1609) to work on /home/airflow/.local/lib/python3.12/site-packages/airflow/example_dags/tutorial_taskflow_api_virtualenv.py
[2025-01-26T23:42:17.711+0000] {processor.py:914} INFO - Processing file /home/airflow/.local/lib/python3.12/site-packages/airflow/example_dags/tutorial_taskflow_api_virtualenv.py for tasks to queue
[2025-01-26T23:42:17.713+0000] {logging_mixin.py:190} INFO - [2025-01-26T23:42:17.713+0000] {dagbag.py:588} INFO - Filling up the DagBag from /home/airflow/.local/lib/python3.12/site-packages/airflow/example_dags/tutorial_taskflow_api_virtualenv.py
[2025-01-26T23:42:17.724+0000] {processor.py:925} INFO - DAG(s) 'tutorial_taskflow_api_virtualenv' retrieved from /home/airflow/.local/lib/python3.12/site-packages/airflow/example_dags/tutorial_taskflow_api_virtualenv.py
[2025-01-26T23:42:17.742+0000] {logging_mixin.py:190} INFO - [2025-01-26T23:42:17.741+0000] {dag.py:3239} INFO - Sync 1 DAGs
[2025-01-26T23:42:17.755+0000] {logging_mixin.py:190} INFO - [2025-01-26T23:42:17.755+0000] {dag.py:4180} INFO - Setting next_dagrun for tutorial_taskflow_api_virtualenv to None, run_after=None
[2025-01-26T23:42:17.773+0000] {processor.py:208} INFO - Processing /home/airflow/.local/lib/python3.12/site-packages/airflow/example_dags/tutorial_taskflow_api_virtualenv.py took 0.071 seconds
[2025-01-26T23:42:48.400+0000] {processor.py:186} INFO - Started process (PID=1675) to work on /home/airflow/.local/lib/python3.12/site-packages/airflow/example_dags/tutorial_taskflow_api_virtualenv.py
[2025-01-26T23:42:48.401+0000] {processor.py:914} INFO - Processing file /home/airflow/.local/lib/python3.12/site-packages/airflow/example_dags/tutorial_taskflow_api_virtualenv.py for tasks to queue
[2025-01-26T23:42:48.403+0000] {logging_mixin.py:190} INFO - [2025-01-26T23:42:48.403+0000] {dagbag.py:588} INFO - Filling up the DagBag from /home/airflow/.local/lib/python3.12/site-packages/airflow/example_dags/tutorial_taskflow_api_virtualenv.py
[2025-01-26T23:42:48.414+0000] {processor.py:925} INFO - DAG(s) 'tutorial_taskflow_api_virtualenv' retrieved from /home/airflow/.local/lib/python3.12/site-packages/airflow/example_dags/tutorial_taskflow_api_virtualenv.py
[2025-01-26T23:42:48.431+0000] {logging_mixin.py:190} INFO - [2025-01-26T23:42:48.430+0000] {dag.py:3239} INFO - Sync 1 DAGs
[2025-01-26T23:42:48.445+0000] {logging_mixin.py:190} INFO - [2025-01-26T23:42:48.445+0000] {dag.py:4180} INFO - Setting next_dagrun for tutorial_taskflow_api_virtualenv to None, run_after=None
[2025-01-26T23:42:48.463+0000] {processor.py:208} INFO - Processing /home/airflow/.local/lib/python3.12/site-packages/airflow/example_dags/tutorial_taskflow_api_virtualenv.py took 0.068 seconds
[2025-01-26T23:43:18.628+0000] {processor.py:186} INFO - Started process (PID=1740) to work on /home/airflow/.local/lib/python3.12/site-packages/airflow/example_dags/tutorial_taskflow_api_virtualenv.py
[2025-01-26T23:43:18.629+0000] {processor.py:914} INFO - Processing file /home/airflow/.local/lib/python3.12/site-packages/airflow/example_dags/tutorial_taskflow_api_virtualenv.py for tasks to queue
[2025-01-26T23:43:18.631+0000] {logging_mixin.py:190} INFO - [2025-01-26T23:43:18.631+0000] {dagbag.py:588} INFO - Filling up the DagBag from /home/airflow/.local/lib/python3.12/site-packages/airflow/example_dags/tutorial_taskflow_api_virtualenv.py
[2025-01-26T23:43:18.643+0000] {processor.py:925} INFO - DAG(s) 'tutorial_taskflow_api_virtualenv' retrieved from /home/airflow/.local/lib/python3.12/site-packages/airflow/example_dags/tutorial_taskflow_api_virtualenv.py
[2025-01-26T23:43:18.662+0000] {logging_mixin.py:190} INFO - [2025-01-26T23:43:18.662+0000] {dag.py:3239} INFO - Sync 1 DAGs
[2025-01-26T23:43:18.676+0000] {logging_mixin.py:190} INFO - [2025-01-26T23:43:18.676+0000] {dag.py:4180} INFO - Setting next_dagrun for tutorial_taskflow_api_virtualenv to None, run_after=None
[2025-01-26T23:43:18.695+0000] {processor.py:208} INFO - Processing /home/airflow/.local/lib/python3.12/site-packages/airflow/example_dags/tutorial_taskflow_api_virtualenv.py took 0.073 seconds
[2025-01-26T23:43:49.163+0000] {processor.py:186} INFO - Started process (PID=1805) to work on /home/airflow/.local/lib/python3.12/site-packages/airflow/example_dags/tutorial_taskflow_api_virtualenv.py
[2025-01-26T23:43:49.164+0000] {processor.py:914} INFO - Processing file /home/airflow/.local/lib/python3.12/site-packages/airflow/example_dags/tutorial_taskflow_api_virtualenv.py for tasks to queue
[2025-01-26T23:43:49.166+0000] {logging_mixin.py:190} INFO - [2025-01-26T23:43:49.166+0000] {dagbag.py:588} INFO - Filling up the DagBag from /home/airflow/.local/lib/python3.12/site-packages/airflow/example_dags/tutorial_taskflow_api_virtualenv.py
[2025-01-26T23:43:49.177+0000] {processor.py:925} INFO - DAG(s) 'tutorial_taskflow_api_virtualenv' retrieved from /home/airflow/.local/lib/python3.12/site-packages/airflow/example_dags/tutorial_taskflow_api_virtualenv.py
[2025-01-26T23:43:49.195+0000] {logging_mixin.py:190} INFO - [2025-01-26T23:43:49.194+0000] {dag.py:3239} INFO - Sync 1 DAGs
[2025-01-26T23:43:49.209+0000] {logging_mixin.py:190} INFO - [2025-01-26T23:43:49.208+0000] {dag.py:4180} INFO - Setting next_dagrun for tutorial_taskflow_api_virtualenv to None, run_after=None
[2025-01-26T23:43:49.226+0000] {processor.py:208} INFO - Processing /home/airflow/.local/lib/python3.12/site-packages/airflow/example_dags/tutorial_taskflow_api_virtualenv.py took 0.071 seconds
[2025-01-26T23:44:19.793+0000] {processor.py:186} INFO - Started process (PID=1871) to work on /home/airflow/.local/lib/python3.12/site-packages/airflow/example_dags/tutorial_taskflow_api_virtualenv.py
[2025-01-26T23:44:19.794+0000] {processor.py:914} INFO - Processing file /home/airflow/.local/lib/python3.12/site-packages/airflow/example_dags/tutorial_taskflow_api_virtualenv.py for tasks to queue
[2025-01-26T23:44:19.797+0000] {logging_mixin.py:190} INFO - [2025-01-26T23:44:19.797+0000] {dagbag.py:588} INFO - Filling up the DagBag from /home/airflow/.local/lib/python3.12/site-packages/airflow/example_dags/tutorial_taskflow_api_virtualenv.py
[2025-01-26T23:44:19.809+0000] {processor.py:925} INFO - DAG(s) 'tutorial_taskflow_api_virtualenv' retrieved from /home/airflow/.local/lib/python3.12/site-packages/airflow/example_dags/tutorial_taskflow_api_virtualenv.py
[2025-01-26T23:44:19.827+0000] {logging_mixin.py:190} INFO - [2025-01-26T23:44:19.826+0000] {dag.py:3239} INFO - Sync 1 DAGs
[2025-01-26T23:44:19.839+0000] {logging_mixin.py:190} INFO - [2025-01-26T23:44:19.839+0000] {dag.py:4180} INFO - Setting next_dagrun for tutorial_taskflow_api_virtualenv to None, run_after=None
[2025-01-26T23:44:19.857+0000] {processor.py:208} INFO - Processing /home/airflow/.local/lib/python3.12/site-packages/airflow/example_dags/tutorial_taskflow_api_virtualenv.py took 0.070 seconds
[2025-01-26T23:44:50.224+0000] {processor.py:186} INFO - Started process (PID=1936) to work on /home/airflow/.local/lib/python3.12/site-packages/airflow/example_dags/tutorial_taskflow_api_virtualenv.py
[2025-01-26T23:44:50.226+0000] {processor.py:914} INFO - Processing file /home/airflow/.local/lib/python3.12/site-packages/airflow/example_dags/tutorial_taskflow_api_virtualenv.py for tasks to queue
[2025-01-26T23:44:50.228+0000] {logging_mixin.py:190} INFO - [2025-01-26T23:44:50.228+0000] {dagbag.py:588} INFO - Filling up the DagBag from /home/airflow/.local/lib/python3.12/site-packages/airflow/example_dags/tutorial_taskflow_api_virtualenv.py
[2025-01-26T23:44:50.239+0000] {processor.py:925} INFO - DAG(s) 'tutorial_taskflow_api_virtualenv' retrieved from /home/airflow/.local/lib/python3.12/site-packages/airflow/example_dags/tutorial_taskflow_api_virtualenv.py
[2025-01-26T23:44:50.257+0000] {logging_mixin.py:190} INFO - [2025-01-26T23:44:50.257+0000] {dag.py:3239} INFO - Sync 1 DAGs
[2025-01-26T23:44:50.270+0000] {logging_mixin.py:190} INFO - [2025-01-26T23:44:50.270+0000] {dag.py:4180} INFO - Setting next_dagrun for tutorial_taskflow_api_virtualenv to None, run_after=None
[2025-01-26T23:44:50.287+0000] {processor.py:208} INFO - Processing /home/airflow/.local/lib/python3.12/site-packages/airflow/example_dags/tutorial_taskflow_api_virtualenv.py took 0.072 seconds
[2025-01-26T23:45:20.784+0000] {processor.py:186} INFO - Started process (PID=2001) to work on /home/airflow/.local/lib/python3.12/site-packages/airflow/example_dags/tutorial_taskflow_api_virtualenv.py
[2025-01-26T23:45:20.785+0000] {processor.py:914} INFO - Processing file /home/airflow/.local/lib/python3.12/site-packages/airflow/example_dags/tutorial_taskflow_api_virtualenv.py for tasks to queue
[2025-01-26T23:45:20.787+0000] {logging_mixin.py:190} INFO - [2025-01-26T23:45:20.786+0000] {dagbag.py:588} INFO - Filling up the DagBag from /home/airflow/.local/lib/python3.12/site-packages/airflow/example_dags/tutorial_taskflow_api_virtualenv.py
[2025-01-26T23:45:20.801+0000] {processor.py:925} INFO - DAG(s) 'tutorial_taskflow_api_virtualenv' retrieved from /home/airflow/.local/lib/python3.12/site-packages/airflow/example_dags/tutorial_taskflow_api_virtualenv.py
[2025-01-26T23:45:20.817+0000] {logging_mixin.py:190} INFO - [2025-01-26T23:45:20.817+0000] {dag.py:3239} INFO - Sync 1 DAGs
[2025-01-26T23:45:20.832+0000] {logging_mixin.py:190} INFO - [2025-01-26T23:45:20.832+0000] {dag.py:4180} INFO - Setting next_dagrun for tutorial_taskflow_api_virtualenv to None, run_after=None
[2025-01-26T23:45:20.851+0000] {processor.py:208} INFO - Processing /home/airflow/.local/lib/python3.12/site-packages/airflow/example_dags/tutorial_taskflow_api_virtualenv.py took 0.074 seconds
[2025-01-26T23:45:51.119+0000] {processor.py:186} INFO - Started process (PID=2066) to work on /home/airflow/.local/lib/python3.12/site-packages/airflow/example_dags/tutorial_taskflow_api_virtualenv.py
[2025-01-26T23:45:51.120+0000] {processor.py:914} INFO - Processing file /home/airflow/.local/lib/python3.12/site-packages/airflow/example_dags/tutorial_taskflow_api_virtualenv.py for tasks to queue
[2025-01-26T23:45:51.123+0000] {logging_mixin.py:190} INFO - [2025-01-26T23:45:51.123+0000] {dagbag.py:588} INFO - Filling up the DagBag from /home/airflow/.local/lib/python3.12/site-packages/airflow/example_dags/tutorial_taskflow_api_virtualenv.py
[2025-01-26T23:45:51.138+0000] {processor.py:925} INFO - DAG(s) 'tutorial_taskflow_api_virtualenv' retrieved from /home/airflow/.local/lib/python3.12/site-packages/airflow/example_dags/tutorial_taskflow_api_virtualenv.py
[2025-01-26T23:45:51.156+0000] {logging_mixin.py:190} INFO - [2025-01-26T23:45:51.156+0000] {dag.py:3239} INFO - Sync 1 DAGs
[2025-01-26T23:45:51.172+0000] {logging_mixin.py:190} INFO - [2025-01-26T23:45:51.172+0000] {dag.py:4180} INFO - Setting next_dagrun for tutorial_taskflow_api_virtualenv to None, run_after=None
[2025-01-26T23:45:51.190+0000] {processor.py:208} INFO - Processing /home/airflow/.local/lib/python3.12/site-packages/airflow/example_dags/tutorial_taskflow_api_virtualenv.py took 0.078 seconds
[2025-01-26T23:46:21.342+0000] {processor.py:186} INFO - Started process (PID=2131) to work on /home/airflow/.local/lib/python3.12/site-packages/airflow/example_dags/tutorial_taskflow_api_virtualenv.py
[2025-01-26T23:46:21.343+0000] {processor.py:914} INFO - Processing file /home/airflow/.local/lib/python3.12/site-packages/airflow/example_dags/tutorial_taskflow_api_virtualenv.py for tasks to queue
[2025-01-26T23:46:21.345+0000] {logging_mixin.py:190} INFO - [2025-01-26T23:46:21.345+0000] {dagbag.py:588} INFO - Filling up the DagBag from /home/airflow/.local/lib/python3.12/site-packages/airflow/example_dags/tutorial_taskflow_api_virtualenv.py
[2025-01-26T23:46:21.357+0000] {processor.py:925} INFO - DAG(s) 'tutorial_taskflow_api_virtualenv' retrieved from /home/airflow/.local/lib/python3.12/site-packages/airflow/example_dags/tutorial_taskflow_api_virtualenv.py
[2025-01-26T23:46:21.383+0000] {logging_mixin.py:190} INFO - [2025-01-26T23:46:21.382+0000] {dag.py:3239} INFO - Sync 1 DAGs
[2025-01-26T23:46:21.405+0000] {logging_mixin.py:190} INFO - [2025-01-26T23:46:21.405+0000] {dag.py:4180} INFO - Setting next_dagrun for tutorial_taskflow_api_virtualenv to None, run_after=None
[2025-01-26T23:46:21.429+0000] {processor.py:208} INFO - Processing /home/airflow/.local/lib/python3.12/site-packages/airflow/example_dags/tutorial_taskflow_api_virtualenv.py took 0.093 seconds
[2025-01-26T23:46:52.099+0000] {processor.py:186} INFO - Started process (PID=2196) to work on /home/airflow/.local/lib/python3.12/site-packages/airflow/example_dags/tutorial_taskflow_api_virtualenv.py
[2025-01-26T23:46:52.100+0000] {processor.py:914} INFO - Processing file /home/airflow/.local/lib/python3.12/site-packages/airflow/example_dags/tutorial_taskflow_api_virtualenv.py for tasks to queue
[2025-01-26T23:46:52.103+0000] {logging_mixin.py:190} INFO - [2025-01-26T23:46:52.102+0000] {dagbag.py:588} INFO - Filling up the DagBag from /home/airflow/.local/lib/python3.12/site-packages/airflow/example_dags/tutorial_taskflow_api_virtualenv.py
[2025-01-26T23:46:52.114+0000] {processor.py:925} INFO - DAG(s) 'tutorial_taskflow_api_virtualenv' retrieved from /home/airflow/.local/lib/python3.12/site-packages/airflow/example_dags/tutorial_taskflow_api_virtualenv.py
[2025-01-26T23:46:52.132+0000] {logging_mixin.py:190} INFO - [2025-01-26T23:46:52.131+0000] {dag.py:3239} INFO - Sync 1 DAGs
[2025-01-26T23:46:52.145+0000] {logging_mixin.py:190} INFO - [2025-01-26T23:46:52.145+0000] {dag.py:4180} INFO - Setting next_dagrun for tutorial_taskflow_api_virtualenv to None, run_after=None
[2025-01-26T23:46:52.163+0000] {processor.py:208} INFO - Processing /home/airflow/.local/lib/python3.12/site-packages/airflow/example_dags/tutorial_taskflow_api_virtualenv.py took 0.069 seconds
[2025-01-26T23:47:23.000+0000] {processor.py:186} INFO - Started process (PID=2261) to work on /home/airflow/.local/lib/python3.12/site-packages/airflow/example_dags/tutorial_taskflow_api_virtualenv.py
[2025-01-26T23:47:23.001+0000] {processor.py:914} INFO - Processing file /home/airflow/.local/lib/python3.12/site-packages/airflow/example_dags/tutorial_taskflow_api_virtualenv.py for tasks to queue
[2025-01-26T23:47:23.004+0000] {logging_mixin.py:190} INFO - [2025-01-26T23:47:23.003+0000] {dagbag.py:588} INFO - Filling up the DagBag from /home/airflow/.local/lib/python3.12/site-packages/airflow/example_dags/tutorial_taskflow_api_virtualenv.py
[2025-01-26T23:47:23.015+0000] {processor.py:925} INFO - DAG(s) 'tutorial_taskflow_api_virtualenv' retrieved from /home/airflow/.local/lib/python3.12/site-packages/airflow/example_dags/tutorial_taskflow_api_virtualenv.py
[2025-01-26T23:47:23.032+0000] {logging_mixin.py:190} INFO - [2025-01-26T23:47:23.031+0000] {dag.py:3239} INFO - Sync 1 DAGs
[2025-01-26T23:47:23.045+0000] {logging_mixin.py:190} INFO - [2025-01-26T23:47:23.045+0000] {dag.py:4180} INFO - Setting next_dagrun for tutorial_taskflow_api_virtualenv to None, run_after=None
[2025-01-26T23:47:23.061+0000] {processor.py:208} INFO - Processing /home/airflow/.local/lib/python3.12/site-packages/airflow/example_dags/tutorial_taskflow_api_virtualenv.py took 0.068 seconds
[2025-01-26T23:47:53.399+0000] {processor.py:186} INFO - Started process (PID=2326) to work on /home/airflow/.local/lib/python3.12/site-packages/airflow/example_dags/tutorial_taskflow_api_virtualenv.py
[2025-01-26T23:47:53.400+0000] {processor.py:914} INFO - Processing file /home/airflow/.local/lib/python3.12/site-packages/airflow/example_dags/tutorial_taskflow_api_virtualenv.py for tasks to queue
[2025-01-26T23:47:53.403+0000] {logging_mixin.py:190} INFO - [2025-01-26T23:47:53.402+0000] {dagbag.py:588} INFO - Filling up the DagBag from /home/airflow/.local/lib/python3.12/site-packages/airflow/example_dags/tutorial_taskflow_api_virtualenv.py
[2025-01-26T23:47:53.418+0000] {processor.py:925} INFO - DAG(s) 'tutorial_taskflow_api_virtualenv' retrieved from /home/airflow/.local/lib/python3.12/site-packages/airflow/example_dags/tutorial_taskflow_api_virtualenv.py
[2025-01-26T23:47:53.441+0000] {logging_mixin.py:190} INFO - [2025-01-26T23:47:53.441+0000] {dag.py:3239} INFO - Sync 1 DAGs
[2025-01-26T23:47:53.454+0000] {logging_mixin.py:190} INFO - [2025-01-26T23:47:53.454+0000] {dag.py:4180} INFO - Setting next_dagrun for tutorial_taskflow_api_virtualenv to None, run_after=None
[2025-01-26T23:47:53.473+0000] {processor.py:208} INFO - Processing /home/airflow/.local/lib/python3.12/site-packages/airflow/example_dags/tutorial_taskflow_api_virtualenv.py took 0.080 seconds
[2025-01-26T23:48:23.718+0000] {processor.py:186} INFO - Started process (PID=2389) to work on /home/airflow/.local/lib/python3.12/site-packages/airflow/example_dags/tutorial_taskflow_api_virtualenv.py
[2025-01-26T23:48:23.719+0000] {processor.py:914} INFO - Processing file /home/airflow/.local/lib/python3.12/site-packages/airflow/example_dags/tutorial_taskflow_api_virtualenv.py for tasks to queue
[2025-01-26T23:48:23.721+0000] {logging_mixin.py:190} INFO - [2025-01-26T23:48:23.721+0000] {dagbag.py:588} INFO - Filling up the DagBag from /home/airflow/.local/lib/python3.12/site-packages/airflow/example_dags/tutorial_taskflow_api_virtualenv.py
[2025-01-26T23:48:23.732+0000] {processor.py:925} INFO - DAG(s) 'tutorial_taskflow_api_virtualenv' retrieved from /home/airflow/.local/lib/python3.12/site-packages/airflow/example_dags/tutorial_taskflow_api_virtualenv.py
[2025-01-26T23:48:23.752+0000] {logging_mixin.py:190} INFO - [2025-01-26T23:48:23.751+0000] {dag.py:3239} INFO - Sync 1 DAGs
[2025-01-26T23:48:23.766+0000] {logging_mixin.py:190} INFO - [2025-01-26T23:48:23.766+0000] {dag.py:4180} INFO - Setting next_dagrun for tutorial_taskflow_api_virtualenv to None, run_after=None
[2025-01-26T23:48:23.783+0000] {processor.py:208} INFO - Processing /home/airflow/.local/lib/python3.12/site-packages/airflow/example_dags/tutorial_taskflow_api_virtualenv.py took 0.071 seconds
[2025-01-26T23:48:54.531+0000] {processor.py:186} INFO - Started process (PID=2454) to work on /home/airflow/.local/lib/python3.12/site-packages/airflow/example_dags/tutorial_taskflow_api_virtualenv.py
[2025-01-26T23:48:54.532+0000] {processor.py:914} INFO - Processing file /home/airflow/.local/lib/python3.12/site-packages/airflow/example_dags/tutorial_taskflow_api_virtualenv.py for tasks to queue
[2025-01-26T23:48:54.535+0000] {logging_mixin.py:190} INFO - [2025-01-26T23:48:54.534+0000] {dagbag.py:588} INFO - Filling up the DagBag from /home/airflow/.local/lib/python3.12/site-packages/airflow/example_dags/tutorial_taskflow_api_virtualenv.py
[2025-01-26T23:48:54.547+0000] {processor.py:925} INFO - DAG(s) 'tutorial_taskflow_api_virtualenv' retrieved from /home/airflow/.local/lib/python3.12/site-packages/airflow/example_dags/tutorial_taskflow_api_virtualenv.py
[2025-01-26T23:48:54.567+0000] {logging_mixin.py:190} INFO - [2025-01-26T23:48:54.566+0000] {dag.py:3239} INFO - Sync 1 DAGs
[2025-01-26T23:48:54.583+0000] {logging_mixin.py:190} INFO - [2025-01-26T23:48:54.583+0000] {dag.py:4180} INFO - Setting next_dagrun for tutorial_taskflow_api_virtualenv to None, run_after=None
[2025-01-26T23:48:54.605+0000] {processor.py:208} INFO - Processing /home/airflow/.local/lib/python3.12/site-packages/airflow/example_dags/tutorial_taskflow_api_virtualenv.py took 0.080 seconds
[2025-01-26T23:49:29.069+0000] {processor.py:186} INFO - Started process (PID=2519) to work on /home/airflow/.local/lib/python3.12/site-packages/airflow/example_dags/tutorial_taskflow_api_virtualenv.py
[2025-01-26T23:49:29.081+0000] {processor.py:914} INFO - Processing file /home/airflow/.local/lib/python3.12/site-packages/airflow/example_dags/tutorial_taskflow_api_virtualenv.py for tasks to queue
[2025-01-26T23:49:29.093+0000] {logging_mixin.py:190} INFO - [2025-01-26T23:49:29.092+0000] {dagbag.py:588} INFO - Filling up the DagBag from /home/airflow/.local/lib/python3.12/site-packages/airflow/example_dags/tutorial_taskflow_api_virtualenv.py
[2025-01-26T23:49:29.131+0000] {processor.py:925} INFO - DAG(s) 'tutorial_taskflow_api_virtualenv' retrieved from /home/airflow/.local/lib/python3.12/site-packages/airflow/example_dags/tutorial_taskflow_api_virtualenv.py
[2025-01-26T23:49:29.194+0000] {logging_mixin.py:190} INFO - [2025-01-26T23:49:29.194+0000] {dag.py:3239} INFO - Sync 1 DAGs
[2025-01-26T23:49:29.249+0000] {logging_mixin.py:190} INFO - [2025-01-26T23:49:29.249+0000] {dag.py:4180} INFO - Setting next_dagrun for tutorial_taskflow_api_virtualenv to None, run_after=None
[2025-01-26T23:49:29.312+0000] {processor.py:208} INFO - Processing /home/airflow/.local/lib/python3.12/site-packages/airflow/example_dags/tutorial_taskflow_api_virtualenv.py took 0.254 seconds
[2025-01-26T23:49:59.676+0000] {processor.py:186} INFO - Started process (PID=2583) to work on /home/airflow/.local/lib/python3.12/site-packages/airflow/example_dags/tutorial_taskflow_api_virtualenv.py
[2025-01-26T23:49:59.677+0000] {processor.py:914} INFO - Processing file /home/airflow/.local/lib/python3.12/site-packages/airflow/example_dags/tutorial_taskflow_api_virtualenv.py for tasks to queue
[2025-01-26T23:49:59.680+0000] {logging_mixin.py:190} INFO - [2025-01-26T23:49:59.680+0000] {dagbag.py:588} INFO - Filling up the DagBag from /home/airflow/.local/lib/python3.12/site-packages/airflow/example_dags/tutorial_taskflow_api_virtualenv.py
[2025-01-26T23:49:59.694+0000] {processor.py:925} INFO - DAG(s) 'tutorial_taskflow_api_virtualenv' retrieved from /home/airflow/.local/lib/python3.12/site-packages/airflow/example_dags/tutorial_taskflow_api_virtualenv.py
[2025-01-26T23:49:59.711+0000] {logging_mixin.py:190} INFO - [2025-01-26T23:49:59.711+0000] {dag.py:3239} INFO - Sync 1 DAGs
[2025-01-26T23:49:59.725+0000] {logging_mixin.py:190} INFO - [2025-01-26T23:49:59.725+0000] {dag.py:4180} INFO - Setting next_dagrun for tutorial_taskflow_api_virtualenv to None, run_after=None
[2025-01-26T23:49:59.742+0000] {processor.py:208} INFO - Processing /home/airflow/.local/lib/python3.12/site-packages/airflow/example_dags/tutorial_taskflow_api_virtualenv.py took 0.071 seconds
[2025-01-26T23:50:30.572+0000] {processor.py:186} INFO - Started process (PID=2648) to work on /home/airflow/.local/lib/python3.12/site-packages/airflow/example_dags/tutorial_taskflow_api_virtualenv.py
[2025-01-26T23:50:30.573+0000] {processor.py:914} INFO - Processing file /home/airflow/.local/lib/python3.12/site-packages/airflow/example_dags/tutorial_taskflow_api_virtualenv.py for tasks to queue
[2025-01-26T23:50:30.576+0000] {logging_mixin.py:190} INFO - [2025-01-26T23:50:30.575+0000] {dagbag.py:588} INFO - Filling up the DagBag from /home/airflow/.local/lib/python3.12/site-packages/airflow/example_dags/tutorial_taskflow_api_virtualenv.py
[2025-01-26T23:50:30.587+0000] {processor.py:925} INFO - DAG(s) 'tutorial_taskflow_api_virtualenv' retrieved from /home/airflow/.local/lib/python3.12/site-packages/airflow/example_dags/tutorial_taskflow_api_virtualenv.py
[2025-01-26T23:50:30.603+0000] {logging_mixin.py:190} INFO - [2025-01-26T23:50:30.603+0000] {dag.py:3239} INFO - Sync 1 DAGs
[2025-01-26T23:50:30.616+0000] {logging_mixin.py:190} INFO - [2025-01-26T23:50:30.616+0000] {dag.py:4180} INFO - Setting next_dagrun for tutorial_taskflow_api_virtualenv to None, run_after=None
[2025-01-26T23:50:30.635+0000] {processor.py:208} INFO - Processing /home/airflow/.local/lib/python3.12/site-packages/airflow/example_dags/tutorial_taskflow_api_virtualenv.py took 0.068 seconds
[2025-01-26T23:51:00.918+0000] {processor.py:186} INFO - Started process (PID=2713) to work on /home/airflow/.local/lib/python3.12/site-packages/airflow/example_dags/tutorial_taskflow_api_virtualenv.py
[2025-01-26T23:51:00.920+0000] {processor.py:914} INFO - Processing file /home/airflow/.local/lib/python3.12/site-packages/airflow/example_dags/tutorial_taskflow_api_virtualenv.py for tasks to queue
[2025-01-26T23:51:00.925+0000] {logging_mixin.py:190} INFO - [2025-01-26T23:51:00.924+0000] {dagbag.py:588} INFO - Filling up the DagBag from /home/airflow/.local/lib/python3.12/site-packages/airflow/example_dags/tutorial_taskflow_api_virtualenv.py
[2025-01-26T23:51:00.943+0000] {processor.py:925} INFO - DAG(s) 'tutorial_taskflow_api_virtualenv' retrieved from /home/airflow/.local/lib/python3.12/site-packages/airflow/example_dags/tutorial_taskflow_api_virtualenv.py
[2025-01-26T23:51:00.963+0000] {logging_mixin.py:190} INFO - [2025-01-26T23:51:00.963+0000] {dag.py:3239} INFO - Sync 1 DAGs
[2025-01-26T23:51:00.978+0000] {logging_mixin.py:190} INFO - [2025-01-26T23:51:00.978+0000] {dag.py:4180} INFO - Setting next_dagrun for tutorial_taskflow_api_virtualenv to None, run_after=None
[2025-01-26T23:51:00.996+0000] {processor.py:208} INFO - Processing /home/airflow/.local/lib/python3.12/site-packages/airflow/example_dags/tutorial_taskflow_api_virtualenv.py took 0.086 seconds
[2025-01-26T23:51:32.201+0000] {processor.py:186} INFO - Started process (PID=2775) to work on /home/airflow/.local/lib/python3.12/site-packages/airflow/example_dags/tutorial_taskflow_api_virtualenv.py
[2025-01-26T23:51:32.203+0000] {processor.py:914} INFO - Processing file /home/airflow/.local/lib/python3.12/site-packages/airflow/example_dags/tutorial_taskflow_api_virtualenv.py for tasks to queue
[2025-01-26T23:51:32.210+0000] {logging_mixin.py:190} INFO - [2025-01-26T23:51:32.209+0000] {dagbag.py:588} INFO - Filling up the DagBag from /home/airflow/.local/lib/python3.12/site-packages/airflow/example_dags/tutorial_taskflow_api_virtualenv.py
[2025-01-26T23:51:32.233+0000] {processor.py:925} INFO - DAG(s) 'tutorial_taskflow_api_virtualenv' retrieved from /home/airflow/.local/lib/python3.12/site-packages/airflow/example_dags/tutorial_taskflow_api_virtualenv.py
[2025-01-26T23:51:32.267+0000] {logging_mixin.py:190} INFO - [2025-01-26T23:51:32.266+0000] {dag.py:3239} INFO - Sync 1 DAGs
[2025-01-26T23:51:32.316+0000] {logging_mixin.py:190} INFO - [2025-01-26T23:51:32.315+0000] {dag.py:4180} INFO - Setting next_dagrun for tutorial_taskflow_api_virtualenv to None, run_after=None
[2025-01-26T23:51:32.393+0000] {processor.py:208} INFO - Processing /home/airflow/.local/lib/python3.12/site-packages/airflow/example_dags/tutorial_taskflow_api_virtualenv.py took 0.204 seconds
[2025-01-26T23:52:03.078+0000] {processor.py:186} INFO - Started process (PID=2846) to work on /home/airflow/.local/lib/python3.12/site-packages/airflow/example_dags/tutorial_taskflow_api_virtualenv.py
[2025-01-26T23:52:03.079+0000] {processor.py:914} INFO - Processing file /home/airflow/.local/lib/python3.12/site-packages/airflow/example_dags/tutorial_taskflow_api_virtualenv.py for tasks to queue
[2025-01-26T23:52:03.082+0000] {logging_mixin.py:190} INFO - [2025-01-26T23:52:03.081+0000] {dagbag.py:588} INFO - Filling up the DagBag from /home/airflow/.local/lib/python3.12/site-packages/airflow/example_dags/tutorial_taskflow_api_virtualenv.py
[2025-01-26T23:52:03.099+0000] {processor.py:925} INFO - DAG(s) 'tutorial_taskflow_api_virtualenv' retrieved from /home/airflow/.local/lib/python3.12/site-packages/airflow/example_dags/tutorial_taskflow_api_virtualenv.py
[2025-01-26T23:52:03.121+0000] {logging_mixin.py:190} INFO - [2025-01-26T23:52:03.121+0000] {dag.py:3239} INFO - Sync 1 DAGs
[2025-01-26T23:52:03.141+0000] {logging_mixin.py:190} INFO - [2025-01-26T23:52:03.140+0000] {dag.py:4180} INFO - Setting next_dagrun for tutorial_taskflow_api_virtualenv to None, run_after=None
[2025-01-26T23:52:03.165+0000] {processor.py:208} INFO - Processing /home/airflow/.local/lib/python3.12/site-packages/airflow/example_dags/tutorial_taskflow_api_virtualenv.py took 0.093 seconds
[2025-01-26T23:53:33.027+0000] {processor.py:186} INFO - Started process (PID=56) to work on /home/airflow/.local/lib/python3.12/site-packages/airflow/example_dags/tutorial_taskflow_api_virtualenv.py
[2025-01-26T23:53:33.032+0000] {processor.py:914} INFO - Processing file /home/airflow/.local/lib/python3.12/site-packages/airflow/example_dags/tutorial_taskflow_api_virtualenv.py for tasks to queue
[2025-01-26T23:53:33.045+0000] {logging_mixin.py:190} INFO - [2025-01-26T23:53:33.044+0000] {dagbag.py:588} INFO - Filling up the DagBag from /home/airflow/.local/lib/python3.12/site-packages/airflow/example_dags/tutorial_taskflow_api_virtualenv.py
[2025-01-26T23:53:33.077+0000] {processor.py:925} INFO - DAG(s) 'tutorial_taskflow_api_virtualenv' retrieved from /home/airflow/.local/lib/python3.12/site-packages/airflow/example_dags/tutorial_taskflow_api_virtualenv.py
[2025-01-26T23:53:33.291+0000] {logging_mixin.py:190} INFO - [2025-01-26T23:53:33.290+0000] {dag.py:3239} INFO - Sync 1 DAGs
[2025-01-26T23:53:33.309+0000] {logging_mixin.py:190} INFO - [2025-01-26T23:53:33.309+0000] {dag.py:4180} INFO - Setting next_dagrun for tutorial_taskflow_api_virtualenv to None, run_after=None
[2025-01-26T23:53:33.338+0000] {processor.py:208} INFO - Processing /home/airflow/.local/lib/python3.12/site-packages/airflow/example_dags/tutorial_taskflow_api_virtualenv.py took 0.323 seconds
[2025-01-26T23:54:04.355+0000] {processor.py:186} INFO - Started process (PID=121) to work on /home/airflow/.local/lib/python3.12/site-packages/airflow/example_dags/tutorial_taskflow_api_virtualenv.py
[2025-01-26T23:54:04.356+0000] {processor.py:914} INFO - Processing file /home/airflow/.local/lib/python3.12/site-packages/airflow/example_dags/tutorial_taskflow_api_virtualenv.py for tasks to queue
[2025-01-26T23:54:04.359+0000] {logging_mixin.py:190} INFO - [2025-01-26T23:54:04.358+0000] {dagbag.py:588} INFO - Filling up the DagBag from /home/airflow/.local/lib/python3.12/site-packages/airflow/example_dags/tutorial_taskflow_api_virtualenv.py
[2025-01-26T23:54:04.373+0000] {processor.py:925} INFO - DAG(s) 'tutorial_taskflow_api_virtualenv' retrieved from /home/airflow/.local/lib/python3.12/site-packages/airflow/example_dags/tutorial_taskflow_api_virtualenv.py
[2025-01-26T23:54:04.392+0000] {logging_mixin.py:190} INFO - [2025-01-26T23:54:04.391+0000] {dag.py:3239} INFO - Sync 1 DAGs
[2025-01-26T23:54:04.405+0000] {logging_mixin.py:190} INFO - [2025-01-26T23:54:04.405+0000] {dag.py:4180} INFO - Setting next_dagrun for tutorial_taskflow_api_virtualenv to None, run_after=None
[2025-01-26T23:54:04.426+0000] {processor.py:208} INFO - Processing /home/airflow/.local/lib/python3.12/site-packages/airflow/example_dags/tutorial_taskflow_api_virtualenv.py took 0.076 seconds
[2025-01-26T23:54:35.859+0000] {processor.py:186} INFO - Started process (PID=187) to work on /home/airflow/.local/lib/python3.12/site-packages/airflow/example_dags/tutorial_taskflow_api_virtualenv.py
[2025-01-26T23:54:35.860+0000] {processor.py:914} INFO - Processing file /home/airflow/.local/lib/python3.12/site-packages/airflow/example_dags/tutorial_taskflow_api_virtualenv.py for tasks to queue
[2025-01-26T23:54:35.862+0000] {logging_mixin.py:190} INFO - [2025-01-26T23:54:35.861+0000] {dagbag.py:588} INFO - Filling up the DagBag from /home/airflow/.local/lib/python3.12/site-packages/airflow/example_dags/tutorial_taskflow_api_virtualenv.py
[2025-01-26T23:54:35.876+0000] {processor.py:925} INFO - DAG(s) 'tutorial_taskflow_api_virtualenv' retrieved from /home/airflow/.local/lib/python3.12/site-packages/airflow/example_dags/tutorial_taskflow_api_virtualenv.py
[2025-01-26T23:54:35.896+0000] {logging_mixin.py:190} INFO - [2025-01-26T23:54:35.896+0000] {dag.py:3239} INFO - Sync 1 DAGs
[2025-01-26T23:54:35.915+0000] {logging_mixin.py:190} INFO - [2025-01-26T23:54:35.914+0000] {dag.py:4180} INFO - Setting next_dagrun for tutorial_taskflow_api_virtualenv to None, run_after=None
[2025-01-26T23:54:35.938+0000] {processor.py:208} INFO - Processing /home/airflow/.local/lib/python3.12/site-packages/airflow/example_dags/tutorial_taskflow_api_virtualenv.py took 0.084 seconds
[2025-01-26T23:55:07.395+0000] {processor.py:186} INFO - Started process (PID=252) to work on /home/airflow/.local/lib/python3.12/site-packages/airflow/example_dags/tutorial_taskflow_api_virtualenv.py
[2025-01-26T23:55:07.396+0000] {processor.py:914} INFO - Processing file /home/airflow/.local/lib/python3.12/site-packages/airflow/example_dags/tutorial_taskflow_api_virtualenv.py for tasks to queue
[2025-01-26T23:55:07.397+0000] {logging_mixin.py:190} INFO - [2025-01-26T23:55:07.397+0000] {dagbag.py:588} INFO - Filling up the DagBag from /home/airflow/.local/lib/python3.12/site-packages/airflow/example_dags/tutorial_taskflow_api_virtualenv.py
[2025-01-26T23:55:07.415+0000] {processor.py:925} INFO - DAG(s) 'tutorial_taskflow_api_virtualenv' retrieved from /home/airflow/.local/lib/python3.12/site-packages/airflow/example_dags/tutorial_taskflow_api_virtualenv.py
[2025-01-26T23:55:07.445+0000] {logging_mixin.py:190} INFO - [2025-01-26T23:55:07.444+0000] {dag.py:3239} INFO - Sync 1 DAGs
[2025-01-26T23:55:07.464+0000] {logging_mixin.py:190} INFO - [2025-01-26T23:55:07.464+0000] {dag.py:4180} INFO - Setting next_dagrun for tutorial_taskflow_api_virtualenv to None, run_after=None
[2025-01-26T23:55:07.488+0000] {processor.py:208} INFO - Processing /home/airflow/.local/lib/python3.12/site-packages/airflow/example_dags/tutorial_taskflow_api_virtualenv.py took 0.099 seconds
[2025-01-26T23:55:38.500+0000] {processor.py:186} INFO - Started process (PID=317) to work on /home/airflow/.local/lib/python3.12/site-packages/airflow/example_dags/tutorial_taskflow_api_virtualenv.py
[2025-01-26T23:55:38.501+0000] {processor.py:914} INFO - Processing file /home/airflow/.local/lib/python3.12/site-packages/airflow/example_dags/tutorial_taskflow_api_virtualenv.py for tasks to queue
[2025-01-26T23:55:38.502+0000] {logging_mixin.py:190} INFO - [2025-01-26T23:55:38.502+0000] {dagbag.py:588} INFO - Filling up the DagBag from /home/airflow/.local/lib/python3.12/site-packages/airflow/example_dags/tutorial_taskflow_api_virtualenv.py
[2025-01-26T23:55:38.515+0000] {processor.py:925} INFO - DAG(s) 'tutorial_taskflow_api_virtualenv' retrieved from /home/airflow/.local/lib/python3.12/site-packages/airflow/example_dags/tutorial_taskflow_api_virtualenv.py
[2025-01-26T23:55:38.535+0000] {logging_mixin.py:190} INFO - [2025-01-26T23:55:38.535+0000] {dag.py:3239} INFO - Sync 1 DAGs
[2025-01-26T23:55:38.554+0000] {logging_mixin.py:190} INFO - [2025-01-26T23:55:38.554+0000] {dag.py:4180} INFO - Setting next_dagrun for tutorial_taskflow_api_virtualenv to None, run_after=None
[2025-01-26T23:55:38.607+0000] {processor.py:208} INFO - Processing /home/airflow/.local/lib/python3.12/site-packages/airflow/example_dags/tutorial_taskflow_api_virtualenv.py took 0.112 seconds
[2025-01-26T23:58:23.175+0000] {processor.py:186} INFO - Started process (PID=50) to work on /home/airflow/.local/lib/python3.12/site-packages/airflow/example_dags/tutorial_taskflow_api_virtualenv.py
[2025-01-26T23:58:23.176+0000] {processor.py:914} INFO - Processing file /home/airflow/.local/lib/python3.12/site-packages/airflow/example_dags/tutorial_taskflow_api_virtualenv.py for tasks to queue
[2025-01-26T23:58:23.179+0000] {logging_mixin.py:190} INFO - [2025-01-26T23:58:23.179+0000] {dagbag.py:588} INFO - Filling up the DagBag from /home/airflow/.local/lib/python3.12/site-packages/airflow/example_dags/tutorial_taskflow_api_virtualenv.py
[2025-01-26T23:58:23.197+0000] {processor.py:925} INFO - DAG(s) 'tutorial_taskflow_api_virtualenv' retrieved from /home/airflow/.local/lib/python3.12/site-packages/airflow/example_dags/tutorial_taskflow_api_virtualenv.py
[2025-01-26T23:58:23.361+0000] {logging_mixin.py:190} INFO - [2025-01-26T23:58:23.361+0000] {dag.py:3239} INFO - Sync 1 DAGs
[2025-01-26T23:58:23.384+0000] {logging_mixin.py:190} INFO - [2025-01-26T23:58:23.383+0000] {dag.py:4180} INFO - Setting next_dagrun for tutorial_taskflow_api_virtualenv to None, run_after=None
[2025-01-26T23:58:23.409+0000] {processor.py:208} INFO - Processing /home/airflow/.local/lib/python3.12/site-packages/airflow/example_dags/tutorial_taskflow_api_virtualenv.py took 0.242 seconds
[2025-01-26T23:58:54.076+0000] {processor.py:186} INFO - Started process (PID=115) to work on /home/airflow/.local/lib/python3.12/site-packages/airflow/example_dags/tutorial_taskflow_api_virtualenv.py
[2025-01-26T23:58:54.077+0000] {processor.py:914} INFO - Processing file /home/airflow/.local/lib/python3.12/site-packages/airflow/example_dags/tutorial_taskflow_api_virtualenv.py for tasks to queue
[2025-01-26T23:58:54.080+0000] {logging_mixin.py:190} INFO - [2025-01-26T23:58:54.080+0000] {dagbag.py:588} INFO - Filling up the DagBag from /home/airflow/.local/lib/python3.12/site-packages/airflow/example_dags/tutorial_taskflow_api_virtualenv.py
[2025-01-26T23:58:54.094+0000] {processor.py:925} INFO - DAG(s) 'tutorial_taskflow_api_virtualenv' retrieved from /home/airflow/.local/lib/python3.12/site-packages/airflow/example_dags/tutorial_taskflow_api_virtualenv.py
[2025-01-26T23:58:54.113+0000] {logging_mixin.py:190} INFO - [2025-01-26T23:58:54.112+0000] {dag.py:3239} INFO - Sync 1 DAGs
[2025-01-26T23:58:54.130+0000] {logging_mixin.py:190} INFO - [2025-01-26T23:58:54.129+0000] {dag.py:4180} INFO - Setting next_dagrun for tutorial_taskflow_api_virtualenv to None, run_after=None
[2025-01-26T23:58:54.151+0000] {processor.py:208} INFO - Processing /home/airflow/.local/lib/python3.12/site-packages/airflow/example_dags/tutorial_taskflow_api_virtualenv.py took 0.082 seconds
[2025-01-26T23:59:25.672+0000] {processor.py:186} INFO - Started process (PID=187) to work on /home/airflow/.local/lib/python3.12/site-packages/airflow/example_dags/tutorial_taskflow_api_virtualenv.py
[2025-01-26T23:59:25.673+0000] {processor.py:914} INFO - Processing file /home/airflow/.local/lib/python3.12/site-packages/airflow/example_dags/tutorial_taskflow_api_virtualenv.py for tasks to queue
[2025-01-26T23:59:25.677+0000] {logging_mixin.py:190} INFO - [2025-01-26T23:59:25.675+0000] {dagbag.py:588} INFO - Filling up the DagBag from /home/airflow/.local/lib/python3.12/site-packages/airflow/example_dags/tutorial_taskflow_api_virtualenv.py
[2025-01-26T23:59:25.693+0000] {processor.py:925} INFO - DAG(s) 'tutorial_taskflow_api_virtualenv' retrieved from /home/airflow/.local/lib/python3.12/site-packages/airflow/example_dags/tutorial_taskflow_api_virtualenv.py
[2025-01-26T23:59:25.716+0000] {logging_mixin.py:190} INFO - [2025-01-26T23:59:25.716+0000] {dag.py:3239} INFO - Sync 1 DAGs
[2025-01-26T23:59:25.734+0000] {logging_mixin.py:190} INFO - [2025-01-26T23:59:25.734+0000] {dag.py:4180} INFO - Setting next_dagrun for tutorial_taskflow_api_virtualenv to None, run_after=None
[2025-01-26T23:59:25.755+0000] {processor.py:208} INFO - Processing /home/airflow/.local/lib/python3.12/site-packages/airflow/example_dags/tutorial_taskflow_api_virtualenv.py took 0.090 seconds
[2025-01-26T23:59:56.769+0000] {processor.py:186} INFO - Started process (PID=252) to work on /home/airflow/.local/lib/python3.12/site-packages/airflow/example_dags/tutorial_taskflow_api_virtualenv.py
[2025-01-26T23:59:56.770+0000] {processor.py:914} INFO - Processing file /home/airflow/.local/lib/python3.12/site-packages/airflow/example_dags/tutorial_taskflow_api_virtualenv.py for tasks to queue
[2025-01-26T23:59:56.772+0000] {logging_mixin.py:190} INFO - [2025-01-26T23:59:56.772+0000] {dagbag.py:588} INFO - Filling up the DagBag from /home/airflow/.local/lib/python3.12/site-packages/airflow/example_dags/tutorial_taskflow_api_virtualenv.py
[2025-01-26T23:59:56.786+0000] {processor.py:925} INFO - DAG(s) 'tutorial_taskflow_api_virtualenv' retrieved from /home/airflow/.local/lib/python3.12/site-packages/airflow/example_dags/tutorial_taskflow_api_virtualenv.py
[2025-01-26T23:59:56.806+0000] {logging_mixin.py:190} INFO - [2025-01-26T23:59:56.806+0000] {dag.py:3239} INFO - Sync 1 DAGs
[2025-01-26T23:59:56.828+0000] {logging_mixin.py:190} INFO - [2025-01-26T23:59:56.827+0000] {dag.py:4180} INFO - Setting next_dagrun for tutorial_taskflow_api_virtualenv to None, run_after=None
[2025-01-26T23:59:56.855+0000] {processor.py:208} INFO - Processing /home/airflow/.local/lib/python3.12/site-packages/airflow/example_dags/tutorial_taskflow_api_virtualenv.py took 0.092 seconds
