[2025-01-27T00:01:10.615+0000] {processor.py:186} INFO - Started process (PID=38) to work on /home/airflow/.local/lib/python3.12/site-packages/airflow/example_dags/example_external_task_marker_dag.py
[2025-01-27T00:01:10.616+0000] {processor.py:914} INFO - Processing file /home/airflow/.local/lib/python3.12/site-packages/airflow/example_dags/example_external_task_marker_dag.py for tasks to queue
[2025-01-27T00:01:10.620+0000] {logging_mixin.py:190} INFO - [2025-01-27T00:01:10.619+0000] {dagbag.py:588} INFO - Filling up the DagBag from /home/airflow/.local/lib/python3.12/site-packages/airflow/example_dags/example_external_task_marker_dag.py
[2025-01-27T00:01:10.630+0000] {processor.py:925} INFO - DAG(s) 'example_external_task_marker_parent', 'example_external_task_marker_child' retrieved from /home/airflow/.local/lib/python3.12/site-packages/airflow/example_dags/example_external_task_marker_dag.py
[2025-01-27T00:01:10.664+0000] {logging_mixin.py:190} INFO - [2025-01-27T00:01:10.664+0000] {dag.py:3239} INFO - Sync 2 DAGs
[2025-01-27T00:01:10.680+0000] {logging_mixin.py:190} INFO - [2025-01-27T00:01:10.680+0000] {dag.py:4180} INFO - Setting next_dagrun for example_external_task_marker_child to None, run_after=None
[2025-01-27T00:01:10.684+0000] {logging_mixin.py:190} INFO - [2025-01-27T00:01:10.684+0000] {dag.py:4180} INFO - Setting next_dagrun for example_external_task_marker_parent to None, run_after=None
[2025-01-27T00:01:10.704+0000] {processor.py:208} INFO - Processing /home/airflow/.local/lib/python3.12/site-packages/airflow/example_dags/example_external_task_marker_dag.py took 0.096 seconds
[2025-01-27T00:01:41.621+0000] {processor.py:186} INFO - Started process (PID=102) to work on /home/airflow/.local/lib/python3.12/site-packages/airflow/example_dags/example_external_task_marker_dag.py
[2025-01-27T00:01:41.622+0000] {processor.py:914} INFO - Processing file /home/airflow/.local/lib/python3.12/site-packages/airflow/example_dags/example_external_task_marker_dag.py for tasks to queue
[2025-01-27T00:01:41.625+0000] {logging_mixin.py:190} INFO - [2025-01-27T00:01:41.625+0000] {dagbag.py:588} INFO - Filling up the DagBag from /home/airflow/.local/lib/python3.12/site-packages/airflow/example_dags/example_external_task_marker_dag.py
[2025-01-27T00:01:41.634+0000] {processor.py:925} INFO - DAG(s) 'example_external_task_marker_parent', 'example_external_task_marker_child' retrieved from /home/airflow/.local/lib/python3.12/site-packages/airflow/example_dags/example_external_task_marker_dag.py
[2025-01-27T00:01:41.655+0000] {logging_mixin.py:190} INFO - [2025-01-27T00:01:41.655+0000] {dag.py:3239} INFO - Sync 2 DAGs
[2025-01-27T00:01:41.672+0000] {logging_mixin.py:190} INFO - [2025-01-27T00:01:41.671+0000] {dag.py:4180} INFO - Setting next_dagrun for example_external_task_marker_child to None, run_after=None
[2025-01-27T00:01:41.677+0000] {logging_mixin.py:190} INFO - [2025-01-27T00:01:41.677+0000] {dag.py:4180} INFO - Setting next_dagrun for example_external_task_marker_parent to None, run_after=None
[2025-01-27T00:01:41.693+0000] {processor.py:208} INFO - Processing /home/airflow/.local/lib/python3.12/site-packages/airflow/example_dags/example_external_task_marker_dag.py took 0.077 seconds
[2025-01-27T00:02:11.920+0000] {processor.py:186} INFO - Started process (PID=166) to work on /home/airflow/.local/lib/python3.12/site-packages/airflow/example_dags/example_external_task_marker_dag.py
[2025-01-27T00:02:11.921+0000] {processor.py:914} INFO - Processing file /home/airflow/.local/lib/python3.12/site-packages/airflow/example_dags/example_external_task_marker_dag.py for tasks to queue
[2025-01-27T00:02:11.924+0000] {logging_mixin.py:190} INFO - [2025-01-27T00:02:11.923+0000] {dagbag.py:588} INFO - Filling up the DagBag from /home/airflow/.local/lib/python3.12/site-packages/airflow/example_dags/example_external_task_marker_dag.py
[2025-01-27T00:02:11.935+0000] {processor.py:925} INFO - DAG(s) 'example_external_task_marker_child', 'example_external_task_marker_parent' retrieved from /home/airflow/.local/lib/python3.12/site-packages/airflow/example_dags/example_external_task_marker_dag.py
[2025-01-27T00:02:11.961+0000] {logging_mixin.py:190} INFO - [2025-01-27T00:02:11.961+0000] {dag.py:3239} INFO - Sync 2 DAGs
[2025-01-27T00:02:11.979+0000] {logging_mixin.py:190} INFO - [2025-01-27T00:02:11.979+0000] {dag.py:4180} INFO - Setting next_dagrun for example_external_task_marker_child to None, run_after=None
[2025-01-27T00:02:11.984+0000] {logging_mixin.py:190} INFO - [2025-01-27T00:02:11.983+0000] {dag.py:4180} INFO - Setting next_dagrun for example_external_task_marker_parent to None, run_after=None
[2025-01-27T00:02:12.007+0000] {processor.py:208} INFO - Processing /home/airflow/.local/lib/python3.12/site-packages/airflow/example_dags/example_external_task_marker_dag.py took 0.093 seconds
[2025-01-27T00:02:42.620+0000] {processor.py:186} INFO - Started process (PID=231) to work on /home/airflow/.local/lib/python3.12/site-packages/airflow/example_dags/example_external_task_marker_dag.py
[2025-01-27T00:02:42.622+0000] {processor.py:914} INFO - Processing file /home/airflow/.local/lib/python3.12/site-packages/airflow/example_dags/example_external_task_marker_dag.py for tasks to queue
[2025-01-27T00:02:42.626+0000] {logging_mixin.py:190} INFO - [2025-01-27T00:02:42.626+0000] {dagbag.py:588} INFO - Filling up the DagBag from /home/airflow/.local/lib/python3.12/site-packages/airflow/example_dags/example_external_task_marker_dag.py
[2025-01-27T00:02:42.639+0000] {processor.py:925} INFO - DAG(s) 'example_external_task_marker_parent', 'example_external_task_marker_child' retrieved from /home/airflow/.local/lib/python3.12/site-packages/airflow/example_dags/example_external_task_marker_dag.py
[2025-01-27T00:02:42.676+0000] {logging_mixin.py:190} INFO - [2025-01-27T00:02:42.676+0000] {dag.py:3239} INFO - Sync 2 DAGs
[2025-01-27T00:02:42.716+0000] {logging_mixin.py:190} INFO - [2025-01-27T00:02:42.715+0000] {dag.py:4180} INFO - Setting next_dagrun for example_external_task_marker_child to None, run_after=None
[2025-01-27T00:02:42.728+0000] {logging_mixin.py:190} INFO - [2025-01-27T00:02:42.728+0000] {dag.py:4180} INFO - Setting next_dagrun for example_external_task_marker_parent to None, run_after=None
[2025-01-27T00:02:42.754+0000] {processor.py:208} INFO - Processing /home/airflow/.local/lib/python3.12/site-packages/airflow/example_dags/example_external_task_marker_dag.py took 0.148 seconds
[2025-01-27T00:03:13.113+0000] {processor.py:186} INFO - Started process (PID=296) to work on /home/airflow/.local/lib/python3.12/site-packages/airflow/example_dags/example_external_task_marker_dag.py
[2025-01-27T00:03:13.114+0000] {processor.py:914} INFO - Processing file /home/airflow/.local/lib/python3.12/site-packages/airflow/example_dags/example_external_task_marker_dag.py for tasks to queue
[2025-01-27T00:03:13.117+0000] {logging_mixin.py:190} INFO - [2025-01-27T00:03:13.116+0000] {dagbag.py:588} INFO - Filling up the DagBag from /home/airflow/.local/lib/python3.12/site-packages/airflow/example_dags/example_external_task_marker_dag.py
[2025-01-27T00:03:13.126+0000] {processor.py:925} INFO - DAG(s) 'example_external_task_marker_parent', 'example_external_task_marker_child' retrieved from /home/airflow/.local/lib/python3.12/site-packages/airflow/example_dags/example_external_task_marker_dag.py
[2025-01-27T00:03:13.150+0000] {logging_mixin.py:190} INFO - [2025-01-27T00:03:13.150+0000] {dag.py:3239} INFO - Sync 2 DAGs
[2025-01-27T00:03:13.167+0000] {logging_mixin.py:190} INFO - [2025-01-27T00:03:13.167+0000] {dag.py:4180} INFO - Setting next_dagrun for example_external_task_marker_child to None, run_after=None
[2025-01-27T00:03:13.171+0000] {logging_mixin.py:190} INFO - [2025-01-27T00:03:13.171+0000] {dag.py:4180} INFO - Setting next_dagrun for example_external_task_marker_parent to None, run_after=None
[2025-01-27T00:03:13.193+0000] {processor.py:208} INFO - Processing /home/airflow/.local/lib/python3.12/site-packages/airflow/example_dags/example_external_task_marker_dag.py took 0.089 seconds
[2025-01-27T00:03:43.494+0000] {processor.py:186} INFO - Started process (PID=361) to work on /home/airflow/.local/lib/python3.12/site-packages/airflow/example_dags/example_external_task_marker_dag.py
[2025-01-27T00:03:43.495+0000] {processor.py:914} INFO - Processing file /home/airflow/.local/lib/python3.12/site-packages/airflow/example_dags/example_external_task_marker_dag.py for tasks to queue
[2025-01-27T00:03:43.498+0000] {logging_mixin.py:190} INFO - [2025-01-27T00:03:43.497+0000] {dagbag.py:588} INFO - Filling up the DagBag from /home/airflow/.local/lib/python3.12/site-packages/airflow/example_dags/example_external_task_marker_dag.py
[2025-01-27T00:03:43.506+0000] {processor.py:925} INFO - DAG(s) 'example_external_task_marker_parent', 'example_external_task_marker_child' retrieved from /home/airflow/.local/lib/python3.12/site-packages/airflow/example_dags/example_external_task_marker_dag.py
[2025-01-27T00:03:43.529+0000] {logging_mixin.py:190} INFO - [2025-01-27T00:03:43.529+0000] {dag.py:3239} INFO - Sync 2 DAGs
[2025-01-27T00:03:43.544+0000] {logging_mixin.py:190} INFO - [2025-01-27T00:03:43.544+0000] {dag.py:4180} INFO - Setting next_dagrun for example_external_task_marker_child to None, run_after=None
[2025-01-27T00:03:43.548+0000] {logging_mixin.py:190} INFO - [2025-01-27T00:03:43.548+0000] {dag.py:4180} INFO - Setting next_dagrun for example_external_task_marker_parent to None, run_after=None
[2025-01-27T00:03:43.565+0000] {processor.py:208} INFO - Processing /home/airflow/.local/lib/python3.12/site-packages/airflow/example_dags/example_external_task_marker_dag.py took 0.076 seconds
[2025-01-27T00:04:13.895+0000] {processor.py:186} INFO - Started process (PID=426) to work on /home/airflow/.local/lib/python3.12/site-packages/airflow/example_dags/example_external_task_marker_dag.py
[2025-01-27T00:04:13.896+0000] {processor.py:914} INFO - Processing file /home/airflow/.local/lib/python3.12/site-packages/airflow/example_dags/example_external_task_marker_dag.py for tasks to queue
[2025-01-27T00:04:13.898+0000] {logging_mixin.py:190} INFO - [2025-01-27T00:04:13.898+0000] {dagbag.py:588} INFO - Filling up the DagBag from /home/airflow/.local/lib/python3.12/site-packages/airflow/example_dags/example_external_task_marker_dag.py
[2025-01-27T00:04:13.906+0000] {processor.py:925} INFO - DAG(s) 'example_external_task_marker_child', 'example_external_task_marker_parent' retrieved from /home/airflow/.local/lib/python3.12/site-packages/airflow/example_dags/example_external_task_marker_dag.py
[2025-01-27T00:04:13.929+0000] {logging_mixin.py:190} INFO - [2025-01-27T00:04:13.929+0000] {dag.py:3239} INFO - Sync 2 DAGs
[2025-01-27T00:04:13.945+0000] {logging_mixin.py:190} INFO - [2025-01-27T00:04:13.945+0000] {dag.py:4180} INFO - Setting next_dagrun for example_external_task_marker_child to None, run_after=None
[2025-01-27T00:04:13.949+0000] {logging_mixin.py:190} INFO - [2025-01-27T00:04:13.949+0000] {dag.py:4180} INFO - Setting next_dagrun for example_external_task_marker_parent to None, run_after=None
[2025-01-27T00:04:13.966+0000] {processor.py:208} INFO - Processing /home/airflow/.local/lib/python3.12/site-packages/airflow/example_dags/example_external_task_marker_dag.py took 0.077 seconds
[2025-01-27T00:04:44.453+0000] {processor.py:186} INFO - Started process (PID=491) to work on /home/airflow/.local/lib/python3.12/site-packages/airflow/example_dags/example_external_task_marker_dag.py
[2025-01-27T00:04:44.454+0000] {processor.py:914} INFO - Processing file /home/airflow/.local/lib/python3.12/site-packages/airflow/example_dags/example_external_task_marker_dag.py for tasks to queue
[2025-01-27T00:04:44.457+0000] {logging_mixin.py:190} INFO - [2025-01-27T00:04:44.457+0000] {dagbag.py:588} INFO - Filling up the DagBag from /home/airflow/.local/lib/python3.12/site-packages/airflow/example_dags/example_external_task_marker_dag.py
[2025-01-27T00:04:44.467+0000] {processor.py:925} INFO - DAG(s) 'example_external_task_marker_child', 'example_external_task_marker_parent' retrieved from /home/airflow/.local/lib/python3.12/site-packages/airflow/example_dags/example_external_task_marker_dag.py
[2025-01-27T00:04:44.488+0000] {logging_mixin.py:190} INFO - [2025-01-27T00:04:44.488+0000] {dag.py:3239} INFO - Sync 2 DAGs
[2025-01-27T00:04:44.504+0000] {logging_mixin.py:190} INFO - [2025-01-27T00:04:44.504+0000] {dag.py:4180} INFO - Setting next_dagrun for example_external_task_marker_child to None, run_after=None
[2025-01-27T00:04:44.508+0000] {logging_mixin.py:190} INFO - [2025-01-27T00:04:44.508+0000] {dag.py:4180} INFO - Setting next_dagrun for example_external_task_marker_parent to None, run_after=None
[2025-01-27T00:04:44.527+0000] {processor.py:208} INFO - Processing /home/airflow/.local/lib/python3.12/site-packages/airflow/example_dags/example_external_task_marker_dag.py took 0.080 seconds
[2025-01-27T00:06:05.263+0000] {processor.py:186} INFO - Started process (PID=37) to work on /home/airflow/.local/lib/python3.12/site-packages/airflow/example_dags/example_external_task_marker_dag.py
[2025-01-27T00:06:05.270+0000] {processor.py:914} INFO - Processing file /home/airflow/.local/lib/python3.12/site-packages/airflow/example_dags/example_external_task_marker_dag.py for tasks to queue
[2025-01-27T00:06:05.279+0000] {logging_mixin.py:190} INFO - [2025-01-27T00:06:05.278+0000] {dagbag.py:588} INFO - Filling up the DagBag from /home/airflow/.local/lib/python3.12/site-packages/airflow/example_dags/example_external_task_marker_dag.py
[2025-01-27T00:06:05.299+0000] {processor.py:925} INFO - DAG(s) 'example_external_task_marker_parent', 'example_external_task_marker_child' retrieved from /home/airflow/.local/lib/python3.12/site-packages/airflow/example_dags/example_external_task_marker_dag.py
[2025-01-27T00:06:05.363+0000] {logging_mixin.py:190} INFO - [2025-01-27T00:06:05.362+0000] {dag.py:3239} INFO - Sync 2 DAGs
[2025-01-27T00:06:05.409+0000] {logging_mixin.py:190} INFO - [2025-01-27T00:06:05.409+0000] {dag.py:4180} INFO - Setting next_dagrun for example_external_task_marker_child to None, run_after=None
[2025-01-27T00:06:05.424+0000] {logging_mixin.py:190} INFO - [2025-01-27T00:06:05.419+0000] {dag.py:4180} INFO - Setting next_dagrun for example_external_task_marker_parent to None, run_after=None
[2025-01-27T00:06:05.536+0000] {processor.py:208} INFO - Processing /home/airflow/.local/lib/python3.12/site-packages/airflow/example_dags/example_external_task_marker_dag.py took 0.321 seconds
[2025-01-27T00:07:09.225+0000] {processor.py:186} INFO - Started process (PID=37) to work on /home/airflow/.local/lib/python3.12/site-packages/airflow/example_dags/example_external_task_marker_dag.py
[2025-01-27T00:07:09.226+0000] {processor.py:914} INFO - Processing file /home/airflow/.local/lib/python3.12/site-packages/airflow/example_dags/example_external_task_marker_dag.py for tasks to queue
[2025-01-27T00:07:09.229+0000] {logging_mixin.py:190} INFO - [2025-01-27T00:07:09.228+0000] {dagbag.py:588} INFO - Filling up the DagBag from /home/airflow/.local/lib/python3.12/site-packages/airflow/example_dags/example_external_task_marker_dag.py
[2025-01-27T00:07:09.237+0000] {processor.py:925} INFO - DAG(s) 'example_external_task_marker_child', 'example_external_task_marker_parent' retrieved from /home/airflow/.local/lib/python3.12/site-packages/airflow/example_dags/example_external_task_marker_dag.py
[2025-01-27T00:07:09.265+0000] {logging_mixin.py:190} INFO - [2025-01-27T00:07:09.264+0000] {dag.py:3239} INFO - Sync 2 DAGs
[2025-01-27T00:07:09.279+0000] {logging_mixin.py:190} INFO - [2025-01-27T00:07:09.278+0000] {dag.py:4180} INFO - Setting next_dagrun for example_external_task_marker_child to None, run_after=None
[2025-01-27T00:07:09.283+0000] {logging_mixin.py:190} INFO - [2025-01-27T00:07:09.282+0000] {dag.py:4180} INFO - Setting next_dagrun for example_external_task_marker_parent to None, run_after=None
[2025-01-27T00:07:09.303+0000] {processor.py:208} INFO - Processing /home/airflow/.local/lib/python3.12/site-packages/airflow/example_dags/example_external_task_marker_dag.py took 0.085 seconds
[2025-01-27T00:07:40.177+0000] {processor.py:186} INFO - Started process (PID=103) to work on /home/airflow/.local/lib/python3.12/site-packages/airflow/example_dags/example_external_task_marker_dag.py
[2025-01-27T00:07:40.178+0000] {processor.py:914} INFO - Processing file /home/airflow/.local/lib/python3.12/site-packages/airflow/example_dags/example_external_task_marker_dag.py for tasks to queue
[2025-01-27T00:07:40.181+0000] {logging_mixin.py:190} INFO - [2025-01-27T00:07:40.181+0000] {dagbag.py:588} INFO - Filling up the DagBag from /home/airflow/.local/lib/python3.12/site-packages/airflow/example_dags/example_external_task_marker_dag.py
[2025-01-27T00:07:40.192+0000] {processor.py:925} INFO - DAG(s) 'example_external_task_marker_parent', 'example_external_task_marker_child' retrieved from /home/airflow/.local/lib/python3.12/site-packages/airflow/example_dags/example_external_task_marker_dag.py
[2025-01-27T00:07:40.213+0000] {logging_mixin.py:190} INFO - [2025-01-27T00:07:40.213+0000] {dag.py:3239} INFO - Sync 2 DAGs
[2025-01-27T00:07:40.232+0000] {logging_mixin.py:190} INFO - [2025-01-27T00:07:40.232+0000] {dag.py:4180} INFO - Setting next_dagrun for example_external_task_marker_child to None, run_after=None
[2025-01-27T00:07:40.237+0000] {logging_mixin.py:190} INFO - [2025-01-27T00:07:40.237+0000] {dag.py:4180} INFO - Setting next_dagrun for example_external_task_marker_parent to None, run_after=None
[2025-01-27T00:07:40.257+0000] {processor.py:208} INFO - Processing /home/airflow/.local/lib/python3.12/site-packages/airflow/example_dags/example_external_task_marker_dag.py took 0.085 seconds
[2025-01-27T00:08:11.151+0000] {processor.py:186} INFO - Started process (PID=168) to work on /home/airflow/.local/lib/python3.12/site-packages/airflow/example_dags/example_external_task_marker_dag.py
[2025-01-27T00:08:11.153+0000] {processor.py:914} INFO - Processing file /home/airflow/.local/lib/python3.12/site-packages/airflow/example_dags/example_external_task_marker_dag.py for tasks to queue
[2025-01-27T00:08:11.155+0000] {logging_mixin.py:190} INFO - [2025-01-27T00:08:11.155+0000] {dagbag.py:588} INFO - Filling up the DagBag from /home/airflow/.local/lib/python3.12/site-packages/airflow/example_dags/example_external_task_marker_dag.py
[2025-01-27T00:08:11.166+0000] {processor.py:925} INFO - DAG(s) 'example_external_task_marker_child', 'example_external_task_marker_parent' retrieved from /home/airflow/.local/lib/python3.12/site-packages/airflow/example_dags/example_external_task_marker_dag.py
[2025-01-27T00:08:11.195+0000] {logging_mixin.py:190} INFO - [2025-01-27T00:08:11.195+0000] {dag.py:3239} INFO - Sync 2 DAGs
[2025-01-27T00:08:11.216+0000] {logging_mixin.py:190} INFO - [2025-01-27T00:08:11.216+0000] {dag.py:4180} INFO - Setting next_dagrun for example_external_task_marker_child to None, run_after=None
[2025-01-27T00:08:11.220+0000] {logging_mixin.py:190} INFO - [2025-01-27T00:08:11.220+0000] {dag.py:4180} INFO - Setting next_dagrun for example_external_task_marker_parent to None, run_after=None
[2025-01-27T00:08:11.240+0000] {processor.py:208} INFO - Processing /home/airflow/.local/lib/python3.12/site-packages/airflow/example_dags/example_external_task_marker_dag.py took 0.096 seconds
[2025-01-27T00:08:41.894+0000] {processor.py:186} INFO - Started process (PID=232) to work on /home/airflow/.local/lib/python3.12/site-packages/airflow/example_dags/example_external_task_marker_dag.py
[2025-01-27T00:08:41.896+0000] {processor.py:914} INFO - Processing file /home/airflow/.local/lib/python3.12/site-packages/airflow/example_dags/example_external_task_marker_dag.py for tasks to queue
[2025-01-27T00:08:41.899+0000] {logging_mixin.py:190} INFO - [2025-01-27T00:08:41.898+0000] {dagbag.py:588} INFO - Filling up the DagBag from /home/airflow/.local/lib/python3.12/site-packages/airflow/example_dags/example_external_task_marker_dag.py
[2025-01-27T00:08:41.910+0000] {processor.py:925} INFO - DAG(s) 'example_external_task_marker_parent', 'example_external_task_marker_child' retrieved from /home/airflow/.local/lib/python3.12/site-packages/airflow/example_dags/example_external_task_marker_dag.py
[2025-01-27T00:08:41.937+0000] {logging_mixin.py:190} INFO - [2025-01-27T00:08:41.936+0000] {dag.py:3239} INFO - Sync 2 DAGs
[2025-01-27T00:08:41.956+0000] {logging_mixin.py:190} INFO - [2025-01-27T00:08:41.956+0000] {dag.py:4180} INFO - Setting next_dagrun for example_external_task_marker_child to None, run_after=None
[2025-01-27T00:08:41.961+0000] {logging_mixin.py:190} INFO - [2025-01-27T00:08:41.961+0000] {dag.py:4180} INFO - Setting next_dagrun for example_external_task_marker_parent to None, run_after=None
[2025-01-27T00:08:41.978+0000] {processor.py:208} INFO - Processing /home/airflow/.local/lib/python3.12/site-packages/airflow/example_dags/example_external_task_marker_dag.py took 0.091 seconds
[2025-01-27T00:09:12.201+0000] {processor.py:186} INFO - Started process (PID=297) to work on /home/airflow/.local/lib/python3.12/site-packages/airflow/example_dags/example_external_task_marker_dag.py
[2025-01-27T00:09:12.202+0000] {processor.py:914} INFO - Processing file /home/airflow/.local/lib/python3.12/site-packages/airflow/example_dags/example_external_task_marker_dag.py for tasks to queue
[2025-01-27T00:09:12.205+0000] {logging_mixin.py:190} INFO - [2025-01-27T00:09:12.205+0000] {dagbag.py:588} INFO - Filling up the DagBag from /home/airflow/.local/lib/python3.12/site-packages/airflow/example_dags/example_external_task_marker_dag.py
[2025-01-27T00:09:12.213+0000] {processor.py:925} INFO - DAG(s) 'example_external_task_marker_parent', 'example_external_task_marker_child' retrieved from /home/airflow/.local/lib/python3.12/site-packages/airflow/example_dags/example_external_task_marker_dag.py
[2025-01-27T00:09:12.240+0000] {logging_mixin.py:190} INFO - [2025-01-27T00:09:12.240+0000] {dag.py:3239} INFO - Sync 2 DAGs
[2025-01-27T00:09:12.259+0000] {logging_mixin.py:190} INFO - [2025-01-27T00:09:12.258+0000] {dag.py:4180} INFO - Setting next_dagrun for example_external_task_marker_child to None, run_after=None
[2025-01-27T00:09:12.264+0000] {logging_mixin.py:190} INFO - [2025-01-27T00:09:12.263+0000] {dag.py:4180} INFO - Setting next_dagrun for example_external_task_marker_parent to None, run_after=None
[2025-01-27T00:09:12.286+0000] {processor.py:208} INFO - Processing /home/airflow/.local/lib/python3.12/site-packages/airflow/example_dags/example_external_task_marker_dag.py took 0.090 seconds
[2025-01-27T00:09:42.891+0000] {processor.py:186} INFO - Started process (PID=361) to work on /home/airflow/.local/lib/python3.12/site-packages/airflow/example_dags/example_external_task_marker_dag.py
[2025-01-27T00:09:42.892+0000] {processor.py:914} INFO - Processing file /home/airflow/.local/lib/python3.12/site-packages/airflow/example_dags/example_external_task_marker_dag.py for tasks to queue
[2025-01-27T00:09:42.895+0000] {logging_mixin.py:190} INFO - [2025-01-27T00:09:42.894+0000] {dagbag.py:588} INFO - Filling up the DagBag from /home/airflow/.local/lib/python3.12/site-packages/airflow/example_dags/example_external_task_marker_dag.py
[2025-01-27T00:09:42.902+0000] {processor.py:925} INFO - DAG(s) 'example_external_task_marker_child', 'example_external_task_marker_parent' retrieved from /home/airflow/.local/lib/python3.12/site-packages/airflow/example_dags/example_external_task_marker_dag.py
[2025-01-27T00:09:42.926+0000] {logging_mixin.py:190} INFO - [2025-01-27T00:09:42.926+0000] {dag.py:3239} INFO - Sync 2 DAGs
[2025-01-27T00:09:42.943+0000] {logging_mixin.py:190} INFO - [2025-01-27T00:09:42.942+0000] {dag.py:4180} INFO - Setting next_dagrun for example_external_task_marker_child to None, run_after=None
[2025-01-27T00:09:42.947+0000] {logging_mixin.py:190} INFO - [2025-01-27T00:09:42.946+0000] {dag.py:4180} INFO - Setting next_dagrun for example_external_task_marker_parent to None, run_after=None
[2025-01-27T00:09:42.966+0000] {processor.py:208} INFO - Processing /home/airflow/.local/lib/python3.12/site-packages/airflow/example_dags/example_external_task_marker_dag.py took 0.080 seconds
[2025-01-27T00:10:13.809+0000] {processor.py:186} INFO - Started process (PID=427) to work on /home/airflow/.local/lib/python3.12/site-packages/airflow/example_dags/example_external_task_marker_dag.py
[2025-01-27T00:10:13.810+0000] {processor.py:914} INFO - Processing file /home/airflow/.local/lib/python3.12/site-packages/airflow/example_dags/example_external_task_marker_dag.py for tasks to queue
[2025-01-27T00:10:13.813+0000] {logging_mixin.py:190} INFO - [2025-01-27T00:10:13.812+0000] {dagbag.py:588} INFO - Filling up the DagBag from /home/airflow/.local/lib/python3.12/site-packages/airflow/example_dags/example_external_task_marker_dag.py
[2025-01-27T00:10:13.823+0000] {processor.py:925} INFO - DAG(s) 'example_external_task_marker_child', 'example_external_task_marker_parent' retrieved from /home/airflow/.local/lib/python3.12/site-packages/airflow/example_dags/example_external_task_marker_dag.py
[2025-01-27T00:10:13.848+0000] {logging_mixin.py:190} INFO - [2025-01-27T00:10:13.848+0000] {dag.py:3239} INFO - Sync 2 DAGs
[2025-01-27T00:10:13.865+0000] {logging_mixin.py:190} INFO - [2025-01-27T00:10:13.864+0000] {dag.py:4180} INFO - Setting next_dagrun for example_external_task_marker_child to None, run_after=None
[2025-01-27T00:10:13.869+0000] {logging_mixin.py:190} INFO - [2025-01-27T00:10:13.868+0000] {dag.py:4180} INFO - Setting next_dagrun for example_external_task_marker_parent to None, run_after=None
[2025-01-27T00:10:13.887+0000] {processor.py:208} INFO - Processing /home/airflow/.local/lib/python3.12/site-packages/airflow/example_dags/example_external_task_marker_dag.py took 0.085 seconds
[2025-01-27T00:10:44.611+0000] {processor.py:186} INFO - Started process (PID=491) to work on /home/airflow/.local/lib/python3.12/site-packages/airflow/example_dags/example_external_task_marker_dag.py
[2025-01-27T00:10:44.612+0000] {processor.py:914} INFO - Processing file /home/airflow/.local/lib/python3.12/site-packages/airflow/example_dags/example_external_task_marker_dag.py for tasks to queue
[2025-01-27T00:10:44.615+0000] {logging_mixin.py:190} INFO - [2025-01-27T00:10:44.615+0000] {dagbag.py:588} INFO - Filling up the DagBag from /home/airflow/.local/lib/python3.12/site-packages/airflow/example_dags/example_external_task_marker_dag.py
[2025-01-27T00:10:44.627+0000] {processor.py:925} INFO - DAG(s) 'example_external_task_marker_parent', 'example_external_task_marker_child' retrieved from /home/airflow/.local/lib/python3.12/site-packages/airflow/example_dags/example_external_task_marker_dag.py
[2025-01-27T00:10:44.658+0000] {logging_mixin.py:190} INFO - [2025-01-27T00:10:44.658+0000] {dag.py:3239} INFO - Sync 2 DAGs
[2025-01-27T00:10:44.676+0000] {logging_mixin.py:190} INFO - [2025-01-27T00:10:44.675+0000] {dag.py:4180} INFO - Setting next_dagrun for example_external_task_marker_child to None, run_after=None
[2025-01-27T00:10:44.682+0000] {logging_mixin.py:190} INFO - [2025-01-27T00:10:44.681+0000] {dag.py:4180} INFO - Setting next_dagrun for example_external_task_marker_parent to None, run_after=None
[2025-01-27T00:10:44.701+0000] {processor.py:208} INFO - Processing /home/airflow/.local/lib/python3.12/site-packages/airflow/example_dags/example_external_task_marker_dag.py took 0.098 seconds
[2025-01-27T00:11:14.820+0000] {processor.py:186} INFO - Started process (PID=556) to work on /home/airflow/.local/lib/python3.12/site-packages/airflow/example_dags/example_external_task_marker_dag.py
[2025-01-27T00:11:14.821+0000] {processor.py:914} INFO - Processing file /home/airflow/.local/lib/python3.12/site-packages/airflow/example_dags/example_external_task_marker_dag.py for tasks to queue
[2025-01-27T00:11:14.824+0000] {logging_mixin.py:190} INFO - [2025-01-27T00:11:14.824+0000] {dagbag.py:588} INFO - Filling up the DagBag from /home/airflow/.local/lib/python3.12/site-packages/airflow/example_dags/example_external_task_marker_dag.py
[2025-01-27T00:11:14.835+0000] {processor.py:925} INFO - DAG(s) 'example_external_task_marker_child', 'example_external_task_marker_parent' retrieved from /home/airflow/.local/lib/python3.12/site-packages/airflow/example_dags/example_external_task_marker_dag.py
[2025-01-27T00:11:14.869+0000] {logging_mixin.py:190} INFO - [2025-01-27T00:11:14.869+0000] {dag.py:3239} INFO - Sync 2 DAGs
[2025-01-27T00:11:14.896+0000] {logging_mixin.py:190} INFO - [2025-01-27T00:11:14.894+0000] {dag.py:4180} INFO - Setting next_dagrun for example_external_task_marker_child to None, run_after=None
[2025-01-27T00:11:14.902+0000] {logging_mixin.py:190} INFO - [2025-01-27T00:11:14.902+0000] {dag.py:4180} INFO - Setting next_dagrun for example_external_task_marker_parent to None, run_after=None
[2025-01-27T00:11:14.929+0000] {processor.py:208} INFO - Processing /home/airflow/.local/lib/python3.12/site-packages/airflow/example_dags/example_external_task_marker_dag.py took 0.116 seconds
[2025-01-27T00:12:30.174+0000] {processor.py:186} INFO - Started process (PID=38) to work on /home/airflow/.local/lib/python3.12/site-packages/airflow/example_dags/example_external_task_marker_dag.py
[2025-01-27T00:12:30.175+0000] {processor.py:914} INFO - Processing file /home/airflow/.local/lib/python3.12/site-packages/airflow/example_dags/example_external_task_marker_dag.py for tasks to queue
[2025-01-27T00:12:30.180+0000] {logging_mixin.py:190} INFO - [2025-01-27T00:12:30.179+0000] {dagbag.py:588} INFO - Filling up the DagBag from /home/airflow/.local/lib/python3.12/site-packages/airflow/example_dags/example_external_task_marker_dag.py
[2025-01-27T00:12:30.198+0000] {processor.py:925} INFO - DAG(s) 'example_external_task_marker_parent', 'example_external_task_marker_child' retrieved from /home/airflow/.local/lib/python3.12/site-packages/airflow/example_dags/example_external_task_marker_dag.py
[2025-01-27T00:12:30.233+0000] {logging_mixin.py:190} INFO - [2025-01-27T00:12:30.233+0000] {dag.py:3239} INFO - Sync 2 DAGs
[2025-01-27T00:12:30.254+0000] {logging_mixin.py:190} INFO - [2025-01-27T00:12:30.254+0000] {dag.py:4180} INFO - Setting next_dagrun for example_external_task_marker_child to None, run_after=None
[2025-01-27T00:12:30.260+0000] {logging_mixin.py:190} INFO - [2025-01-27T00:12:30.260+0000] {dag.py:4180} INFO - Setting next_dagrun for example_external_task_marker_parent to None, run_after=None
[2025-01-27T00:12:30.282+0000] {processor.py:208} INFO - Processing /home/airflow/.local/lib/python3.12/site-packages/airflow/example_dags/example_external_task_marker_dag.py took 0.118 seconds
[2025-01-27T00:13:01.154+0000] {processor.py:186} INFO - Started process (PID=103) to work on /home/airflow/.local/lib/python3.12/site-packages/airflow/example_dags/example_external_task_marker_dag.py
[2025-01-27T00:13:01.155+0000] {processor.py:914} INFO - Processing file /home/airflow/.local/lib/python3.12/site-packages/airflow/example_dags/example_external_task_marker_dag.py for tasks to queue
[2025-01-27T00:13:01.160+0000] {logging_mixin.py:190} INFO - [2025-01-27T00:13:01.159+0000] {dagbag.py:588} INFO - Filling up the DagBag from /home/airflow/.local/lib/python3.12/site-packages/airflow/example_dags/example_external_task_marker_dag.py
[2025-01-27T00:13:01.170+0000] {processor.py:925} INFO - DAG(s) 'example_external_task_marker_child', 'example_external_task_marker_parent' retrieved from /home/airflow/.local/lib/python3.12/site-packages/airflow/example_dags/example_external_task_marker_dag.py
[2025-01-27T00:13:01.201+0000] {logging_mixin.py:190} INFO - [2025-01-27T00:13:01.200+0000] {dag.py:3239} INFO - Sync 2 DAGs
[2025-01-27T00:13:01.220+0000] {logging_mixin.py:190} INFO - [2025-01-27T00:13:01.220+0000] {dag.py:4180} INFO - Setting next_dagrun for example_external_task_marker_child to None, run_after=None
[2025-01-27T00:13:01.225+0000] {logging_mixin.py:190} INFO - [2025-01-27T00:13:01.224+0000] {dag.py:4180} INFO - Setting next_dagrun for example_external_task_marker_parent to None, run_after=None
[2025-01-27T00:13:01.244+0000] {processor.py:208} INFO - Processing /home/airflow/.local/lib/python3.12/site-packages/airflow/example_dags/example_external_task_marker_dag.py took 0.098 seconds
[2025-01-27T00:13:31.601+0000] {processor.py:186} INFO - Started process (PID=167) to work on /home/airflow/.local/lib/python3.12/site-packages/airflow/example_dags/example_external_task_marker_dag.py
[2025-01-27T00:13:31.603+0000] {processor.py:914} INFO - Processing file /home/airflow/.local/lib/python3.12/site-packages/airflow/example_dags/example_external_task_marker_dag.py for tasks to queue
[2025-01-27T00:13:31.605+0000] {logging_mixin.py:190} INFO - [2025-01-27T00:13:31.605+0000] {dagbag.py:588} INFO - Filling up the DagBag from /home/airflow/.local/lib/python3.12/site-packages/airflow/example_dags/example_external_task_marker_dag.py
[2025-01-27T00:13:31.616+0000] {processor.py:925} INFO - DAG(s) 'example_external_task_marker_parent', 'example_external_task_marker_child' retrieved from /home/airflow/.local/lib/python3.12/site-packages/airflow/example_dags/example_external_task_marker_dag.py
[2025-01-27T00:13:31.638+0000] {logging_mixin.py:190} INFO - [2025-01-27T00:13:31.638+0000] {dag.py:3239} INFO - Sync 2 DAGs
[2025-01-27T00:13:31.654+0000] {logging_mixin.py:190} INFO - [2025-01-27T00:13:31.654+0000] {dag.py:4180} INFO - Setting next_dagrun for example_external_task_marker_child to None, run_after=None
[2025-01-27T00:13:31.658+0000] {logging_mixin.py:190} INFO - [2025-01-27T00:13:31.658+0000] {dag.py:4180} INFO - Setting next_dagrun for example_external_task_marker_parent to None, run_after=None
[2025-01-27T00:13:31.674+0000] {processor.py:208} INFO - Processing /home/airflow/.local/lib/python3.12/site-packages/airflow/example_dags/example_external_task_marker_dag.py took 0.079 seconds
[2025-01-27T00:14:02.730+0000] {processor.py:186} INFO - Started process (PID=233) to work on /home/airflow/.local/lib/python3.12/site-packages/airflow/example_dags/example_external_task_marker_dag.py
[2025-01-27T00:14:02.731+0000] {processor.py:914} INFO - Processing file /home/airflow/.local/lib/python3.12/site-packages/airflow/example_dags/example_external_task_marker_dag.py for tasks to queue
[2025-01-27T00:14:02.733+0000] {logging_mixin.py:190} INFO - [2025-01-27T00:14:02.733+0000] {dagbag.py:588} INFO - Filling up the DagBag from /home/airflow/.local/lib/python3.12/site-packages/airflow/example_dags/example_external_task_marker_dag.py
[2025-01-27T00:14:02.741+0000] {processor.py:925} INFO - DAG(s) 'example_external_task_marker_child', 'example_external_task_marker_parent' retrieved from /home/airflow/.local/lib/python3.12/site-packages/airflow/example_dags/example_external_task_marker_dag.py
[2025-01-27T00:14:02.764+0000] {logging_mixin.py:190} INFO - [2025-01-27T00:14:02.764+0000] {dag.py:3239} INFO - Sync 2 DAGs
[2025-01-27T00:14:02.779+0000] {logging_mixin.py:190} INFO - [2025-01-27T00:14:02.779+0000] {dag.py:4180} INFO - Setting next_dagrun for example_external_task_marker_child to None, run_after=None
[2025-01-27T00:14:02.783+0000] {logging_mixin.py:190} INFO - [2025-01-27T00:14:02.783+0000] {dag.py:4180} INFO - Setting next_dagrun for example_external_task_marker_parent to None, run_after=None
[2025-01-27T00:14:02.801+0000] {processor.py:208} INFO - Processing /home/airflow/.local/lib/python3.12/site-packages/airflow/example_dags/example_external_task_marker_dag.py took 0.077 seconds
[2025-01-27T00:14:32.920+0000] {processor.py:186} INFO - Started process (PID=298) to work on /home/airflow/.local/lib/python3.12/site-packages/airflow/example_dags/example_external_task_marker_dag.py
[2025-01-27T00:14:32.921+0000] {processor.py:914} INFO - Processing file /home/airflow/.local/lib/python3.12/site-packages/airflow/example_dags/example_external_task_marker_dag.py for tasks to queue
[2025-01-27T00:14:32.923+0000] {logging_mixin.py:190} INFO - [2025-01-27T00:14:32.923+0000] {dagbag.py:588} INFO - Filling up the DagBag from /home/airflow/.local/lib/python3.12/site-packages/airflow/example_dags/example_external_task_marker_dag.py
[2025-01-27T00:14:32.931+0000] {processor.py:925} INFO - DAG(s) 'example_external_task_marker_parent', 'example_external_task_marker_child' retrieved from /home/airflow/.local/lib/python3.12/site-packages/airflow/example_dags/example_external_task_marker_dag.py
[2025-01-27T00:14:32.952+0000] {logging_mixin.py:190} INFO - [2025-01-27T00:14:32.952+0000] {dag.py:3239} INFO - Sync 2 DAGs
[2025-01-27T00:14:32.967+0000] {logging_mixin.py:190} INFO - [2025-01-27T00:14:32.966+0000] {dag.py:4180} INFO - Setting next_dagrun for example_external_task_marker_child to None, run_after=None
[2025-01-27T00:14:32.971+0000] {logging_mixin.py:190} INFO - [2025-01-27T00:14:32.970+0000] {dag.py:4180} INFO - Setting next_dagrun for example_external_task_marker_parent to None, run_after=None
[2025-01-27T00:14:32.987+0000] {processor.py:208} INFO - Processing /home/airflow/.local/lib/python3.12/site-packages/airflow/example_dags/example_external_task_marker_dag.py took 0.072 seconds
[2025-01-27T00:15:03.219+0000] {processor.py:186} INFO - Started process (PID=363) to work on /home/airflow/.local/lib/python3.12/site-packages/airflow/example_dags/example_external_task_marker_dag.py
[2025-01-27T00:15:03.220+0000] {processor.py:914} INFO - Processing file /home/airflow/.local/lib/python3.12/site-packages/airflow/example_dags/example_external_task_marker_dag.py for tasks to queue
[2025-01-27T00:15:03.223+0000] {logging_mixin.py:190} INFO - [2025-01-27T00:15:03.222+0000] {dagbag.py:588} INFO - Filling up the DagBag from /home/airflow/.local/lib/python3.12/site-packages/airflow/example_dags/example_external_task_marker_dag.py
[2025-01-27T00:15:03.235+0000] {processor.py:925} INFO - DAG(s) 'example_external_task_marker_child', 'example_external_task_marker_parent' retrieved from /home/airflow/.local/lib/python3.12/site-packages/airflow/example_dags/example_external_task_marker_dag.py
[2025-01-27T00:15:03.269+0000] {logging_mixin.py:190} INFO - [2025-01-27T00:15:03.269+0000] {dag.py:3239} INFO - Sync 2 DAGs
[2025-01-27T00:15:03.286+0000] {logging_mixin.py:190} INFO - [2025-01-27T00:15:03.286+0000] {dag.py:4180} INFO - Setting next_dagrun for example_external_task_marker_child to None, run_after=None
[2025-01-27T00:15:03.291+0000] {logging_mixin.py:190} INFO - [2025-01-27T00:15:03.290+0000] {dag.py:4180} INFO - Setting next_dagrun for example_external_task_marker_parent to None, run_after=None
[2025-01-27T00:15:03.307+0000] {processor.py:208} INFO - Processing /home/airflow/.local/lib/python3.12/site-packages/airflow/example_dags/example_external_task_marker_dag.py took 0.094 seconds
[2025-01-27T00:16:26.071+0000] {processor.py:186} INFO - Started process (PID=38) to work on /home/airflow/.local/lib/python3.12/site-packages/airflow/example_dags/example_external_task_marker_dag.py
[2025-01-27T00:16:26.073+0000] {processor.py:914} INFO - Processing file /home/airflow/.local/lib/python3.12/site-packages/airflow/example_dags/example_external_task_marker_dag.py for tasks to queue
[2025-01-27T00:16:26.109+0000] {logging_mixin.py:190} INFO - [2025-01-27T00:16:26.089+0000] {dagbag.py:588} INFO - Filling up the DagBag from /home/airflow/.local/lib/python3.12/site-packages/airflow/example_dags/example_external_task_marker_dag.py
[2025-01-27T00:16:26.155+0000] {processor.py:925} INFO - DAG(s) 'example_external_task_marker_parent', 'example_external_task_marker_child' retrieved from /home/airflow/.local/lib/python3.12/site-packages/airflow/example_dags/example_external_task_marker_dag.py
[2025-01-27T00:16:26.251+0000] {logging_mixin.py:190} INFO - [2025-01-27T00:16:26.250+0000] {dag.py:3239} INFO - Sync 2 DAGs
[2025-01-27T00:16:26.281+0000] {logging_mixin.py:190} INFO - [2025-01-27T00:16:26.280+0000] {dag.py:4180} INFO - Setting next_dagrun for example_external_task_marker_child to None, run_after=None
[2025-01-27T00:16:26.288+0000] {logging_mixin.py:190} INFO - [2025-01-27T00:16:26.288+0000] {dag.py:4180} INFO - Setting next_dagrun for example_external_task_marker_parent to None, run_after=None
[2025-01-27T00:16:26.321+0000] {processor.py:208} INFO - Processing /home/airflow/.local/lib/python3.12/site-packages/airflow/example_dags/example_external_task_marker_dag.py took 0.276 seconds
[2025-01-27T00:16:57.108+0000] {processor.py:186} INFO - Started process (PID=104) to work on /home/airflow/.local/lib/python3.12/site-packages/airflow/example_dags/example_external_task_marker_dag.py
[2025-01-27T00:16:57.109+0000] {processor.py:914} INFO - Processing file /home/airflow/.local/lib/python3.12/site-packages/airflow/example_dags/example_external_task_marker_dag.py for tasks to queue
[2025-01-27T00:16:57.112+0000] {logging_mixin.py:190} INFO - [2025-01-27T00:16:57.111+0000] {dagbag.py:588} INFO - Filling up the DagBag from /home/airflow/.local/lib/python3.12/site-packages/airflow/example_dags/example_external_task_marker_dag.py
[2025-01-27T00:16:57.130+0000] {processor.py:925} INFO - DAG(s) 'example_external_task_marker_child', 'example_external_task_marker_parent' retrieved from /home/airflow/.local/lib/python3.12/site-packages/airflow/example_dags/example_external_task_marker_dag.py
[2025-01-27T00:16:57.164+0000] {logging_mixin.py:190} INFO - [2025-01-27T00:16:57.163+0000] {dag.py:3239} INFO - Sync 2 DAGs
[2025-01-27T00:16:57.189+0000] {logging_mixin.py:190} INFO - [2025-01-27T00:16:57.189+0000] {dag.py:4180} INFO - Setting next_dagrun for example_external_task_marker_child to None, run_after=None
[2025-01-27T00:16:57.194+0000] {logging_mixin.py:190} INFO - [2025-01-27T00:16:57.194+0000] {dag.py:4180} INFO - Setting next_dagrun for example_external_task_marker_parent to None, run_after=None
[2025-01-27T00:16:57.216+0000] {processor.py:208} INFO - Processing /home/airflow/.local/lib/python3.12/site-packages/airflow/example_dags/example_external_task_marker_dag.py took 0.115 seconds
[2025-01-27T00:17:27.841+0000] {processor.py:186} INFO - Started process (PID=170) to work on /home/airflow/.local/lib/python3.12/site-packages/airflow/example_dags/example_external_task_marker_dag.py
[2025-01-27T00:17:27.842+0000] {processor.py:914} INFO - Processing file /home/airflow/.local/lib/python3.12/site-packages/airflow/example_dags/example_external_task_marker_dag.py for tasks to queue
[2025-01-27T00:17:27.845+0000] {logging_mixin.py:190} INFO - [2025-01-27T00:17:27.844+0000] {dagbag.py:588} INFO - Filling up the DagBag from /home/airflow/.local/lib/python3.12/site-packages/airflow/example_dags/example_external_task_marker_dag.py
[2025-01-27T00:17:27.852+0000] {processor.py:925} INFO - DAG(s) 'example_external_task_marker_parent', 'example_external_task_marker_child' retrieved from /home/airflow/.local/lib/python3.12/site-packages/airflow/example_dags/example_external_task_marker_dag.py
[2025-01-27T00:17:27.879+0000] {logging_mixin.py:190} INFO - [2025-01-27T00:17:27.878+0000] {dag.py:3239} INFO - Sync 2 DAGs
[2025-01-27T00:17:27.896+0000] {logging_mixin.py:190} INFO - [2025-01-27T00:17:27.896+0000] {dag.py:4180} INFO - Setting next_dagrun for example_external_task_marker_child to None, run_after=None
[2025-01-27T00:17:27.901+0000] {logging_mixin.py:190} INFO - [2025-01-27T00:17:27.901+0000] {dag.py:4180} INFO - Setting next_dagrun for example_external_task_marker_parent to None, run_after=None
[2025-01-27T00:17:27.920+0000] {processor.py:208} INFO - Processing /home/airflow/.local/lib/python3.12/site-packages/airflow/example_dags/example_external_task_marker_dag.py took 0.086 seconds
[2025-01-27T00:17:58.571+0000] {processor.py:186} INFO - Started process (PID=236) to work on /home/airflow/.local/lib/python3.12/site-packages/airflow/example_dags/example_external_task_marker_dag.py
[2025-01-27T00:17:58.579+0000] {processor.py:914} INFO - Processing file /home/airflow/.local/lib/python3.12/site-packages/airflow/example_dags/example_external_task_marker_dag.py for tasks to queue
[2025-01-27T00:17:58.584+0000] {logging_mixin.py:190} INFO - [2025-01-27T00:17:58.584+0000] {dagbag.py:588} INFO - Filling up the DagBag from /home/airflow/.local/lib/python3.12/site-packages/airflow/example_dags/example_external_task_marker_dag.py
[2025-01-27T00:17:58.603+0000] {processor.py:925} INFO - DAG(s) 'example_external_task_marker_child', 'example_external_task_marker_parent' retrieved from /home/airflow/.local/lib/python3.12/site-packages/airflow/example_dags/example_external_task_marker_dag.py
[2025-01-27T00:17:58.645+0000] {logging_mixin.py:190} INFO - [2025-01-27T00:17:58.645+0000] {dag.py:3239} INFO - Sync 2 DAGs
[2025-01-27T00:17:58.667+0000] {logging_mixin.py:190} INFO - [2025-01-27T00:17:58.667+0000] {dag.py:4180} INFO - Setting next_dagrun for example_external_task_marker_child to None, run_after=None
[2025-01-27T00:17:58.672+0000] {logging_mixin.py:190} INFO - [2025-01-27T00:17:58.672+0000] {dag.py:4180} INFO - Setting next_dagrun for example_external_task_marker_parent to None, run_after=None
[2025-01-27T00:17:58.693+0000] {processor.py:208} INFO - Processing /home/airflow/.local/lib/python3.12/site-packages/airflow/example_dags/example_external_task_marker_dag.py took 0.129 seconds
[2025-01-27T00:18:29.213+0000] {processor.py:186} INFO - Started process (PID=308) to work on /home/airflow/.local/lib/python3.12/site-packages/airflow/example_dags/example_external_task_marker_dag.py
[2025-01-27T00:18:29.215+0000] {processor.py:914} INFO - Processing file /home/airflow/.local/lib/python3.12/site-packages/airflow/example_dags/example_external_task_marker_dag.py for tasks to queue
[2025-01-27T00:18:29.223+0000] {logging_mixin.py:190} INFO - [2025-01-27T00:18:29.223+0000] {dagbag.py:588} INFO - Filling up the DagBag from /home/airflow/.local/lib/python3.12/site-packages/airflow/example_dags/example_external_task_marker_dag.py
[2025-01-27T00:18:29.236+0000] {processor.py:925} INFO - DAG(s) 'example_external_task_marker_child', 'example_external_task_marker_parent' retrieved from /home/airflow/.local/lib/python3.12/site-packages/airflow/example_dags/example_external_task_marker_dag.py
[2025-01-27T00:18:29.271+0000] {logging_mixin.py:190} INFO - [2025-01-27T00:18:29.271+0000] {dag.py:3239} INFO - Sync 2 DAGs
[2025-01-27T00:18:29.289+0000] {logging_mixin.py:190} INFO - [2025-01-27T00:18:29.288+0000] {dag.py:4180} INFO - Setting next_dagrun for example_external_task_marker_child to None, run_after=None
[2025-01-27T00:18:29.293+0000] {logging_mixin.py:190} INFO - [2025-01-27T00:18:29.292+0000] {dag.py:4180} INFO - Setting next_dagrun for example_external_task_marker_parent to None, run_after=None
[2025-01-27T00:18:29.310+0000] {processor.py:208} INFO - Processing /home/airflow/.local/lib/python3.12/site-packages/airflow/example_dags/example_external_task_marker_dag.py took 0.105 seconds
[2025-01-27T00:18:59.425+0000] {processor.py:186} INFO - Started process (PID=375) to work on /home/airflow/.local/lib/python3.12/site-packages/airflow/example_dags/example_external_task_marker_dag.py
[2025-01-27T00:18:59.430+0000] {processor.py:914} INFO - Processing file /home/airflow/.local/lib/python3.12/site-packages/airflow/example_dags/example_external_task_marker_dag.py for tasks to queue
[2025-01-27T00:18:59.439+0000] {logging_mixin.py:190} INFO - [2025-01-27T00:18:59.436+0000] {dagbag.py:588} INFO - Filling up the DagBag from /home/airflow/.local/lib/python3.12/site-packages/airflow/example_dags/example_external_task_marker_dag.py
[2025-01-27T00:18:59.470+0000] {processor.py:925} INFO - DAG(s) 'example_external_task_marker_child', 'example_external_task_marker_parent' retrieved from /home/airflow/.local/lib/python3.12/site-packages/airflow/example_dags/example_external_task_marker_dag.py
[2025-01-27T00:18:59.552+0000] {logging_mixin.py:190} INFO - [2025-01-27T00:18:59.552+0000] {dag.py:3239} INFO - Sync 2 DAGs
[2025-01-27T00:18:59.601+0000] {logging_mixin.py:190} INFO - [2025-01-27T00:18:59.600+0000] {dag.py:4180} INFO - Setting next_dagrun for example_external_task_marker_child to None, run_after=None
[2025-01-27T00:18:59.607+0000] {logging_mixin.py:190} INFO - [2025-01-27T00:18:59.607+0000] {dag.py:4180} INFO - Setting next_dagrun for example_external_task_marker_parent to None, run_after=None
[2025-01-27T00:18:59.658+0000] {processor.py:208} INFO - Processing /home/airflow/.local/lib/python3.12/site-packages/airflow/example_dags/example_external_task_marker_dag.py took 0.249 seconds
[2025-01-27T00:19:30.141+0000] {processor.py:186} INFO - Started process (PID=440) to work on /home/airflow/.local/lib/python3.12/site-packages/airflow/example_dags/example_external_task_marker_dag.py
[2025-01-27T00:19:30.142+0000] {processor.py:914} INFO - Processing file /home/airflow/.local/lib/python3.12/site-packages/airflow/example_dags/example_external_task_marker_dag.py for tasks to queue
[2025-01-27T00:19:30.144+0000] {logging_mixin.py:190} INFO - [2025-01-27T00:19:30.144+0000] {dagbag.py:588} INFO - Filling up the DagBag from /home/airflow/.local/lib/python3.12/site-packages/airflow/example_dags/example_external_task_marker_dag.py
[2025-01-27T00:19:30.153+0000] {processor.py:925} INFO - DAG(s) 'example_external_task_marker_parent', 'example_external_task_marker_child' retrieved from /home/airflow/.local/lib/python3.12/site-packages/airflow/example_dags/example_external_task_marker_dag.py
[2025-01-27T00:19:30.178+0000] {logging_mixin.py:190} INFO - [2025-01-27T00:19:30.177+0000] {dag.py:3239} INFO - Sync 2 DAGs
[2025-01-27T00:19:30.195+0000] {logging_mixin.py:190} INFO - [2025-01-27T00:19:30.195+0000] {dag.py:4180} INFO - Setting next_dagrun for example_external_task_marker_child to None, run_after=None
[2025-01-27T00:19:30.200+0000] {logging_mixin.py:190} INFO - [2025-01-27T00:19:30.200+0000] {dag.py:4180} INFO - Setting next_dagrun for example_external_task_marker_parent to None, run_after=None
[2025-01-27T00:19:30.217+0000] {processor.py:208} INFO - Processing /home/airflow/.local/lib/python3.12/site-packages/airflow/example_dags/example_external_task_marker_dag.py took 0.082 seconds
[2025-01-27T00:20:00.511+0000] {processor.py:186} INFO - Started process (PID=506) to work on /home/airflow/.local/lib/python3.12/site-packages/airflow/example_dags/example_external_task_marker_dag.py
[2025-01-27T00:20:00.512+0000] {processor.py:914} INFO - Processing file /home/airflow/.local/lib/python3.12/site-packages/airflow/example_dags/example_external_task_marker_dag.py for tasks to queue
[2025-01-27T00:20:00.517+0000] {logging_mixin.py:190} INFO - [2025-01-27T00:20:00.517+0000] {dagbag.py:588} INFO - Filling up the DagBag from /home/airflow/.local/lib/python3.12/site-packages/airflow/example_dags/example_external_task_marker_dag.py
[2025-01-27T00:20:00.529+0000] {processor.py:925} INFO - DAG(s) 'example_external_task_marker_parent', 'example_external_task_marker_child' retrieved from /home/airflow/.local/lib/python3.12/site-packages/airflow/example_dags/example_external_task_marker_dag.py
[2025-01-27T00:20:00.557+0000] {logging_mixin.py:190} INFO - [2025-01-27T00:20:00.557+0000] {dag.py:3239} INFO - Sync 2 DAGs
[2025-01-27T00:20:00.582+0000] {logging_mixin.py:190} INFO - [2025-01-27T00:20:00.581+0000] {dag.py:4180} INFO - Setting next_dagrun for example_external_task_marker_child to None, run_after=None
[2025-01-27T00:20:00.587+0000] {logging_mixin.py:190} INFO - [2025-01-27T00:20:00.586+0000] {dag.py:4180} INFO - Setting next_dagrun for example_external_task_marker_parent to None, run_after=None
[2025-01-27T00:20:00.603+0000] {processor.py:208} INFO - Processing /home/airflow/.local/lib/python3.12/site-packages/airflow/example_dags/example_external_task_marker_dag.py took 0.099 seconds
[2025-01-27T00:20:30.769+0000] {processor.py:186} INFO - Started process (PID=572) to work on /home/airflow/.local/lib/python3.12/site-packages/airflow/example_dags/example_external_task_marker_dag.py
[2025-01-27T00:20:30.770+0000] {processor.py:914} INFO - Processing file /home/airflow/.local/lib/python3.12/site-packages/airflow/example_dags/example_external_task_marker_dag.py for tasks to queue
[2025-01-27T00:20:30.774+0000] {logging_mixin.py:190} INFO - [2025-01-27T00:20:30.773+0000] {dagbag.py:588} INFO - Filling up the DagBag from /home/airflow/.local/lib/python3.12/site-packages/airflow/example_dags/example_external_task_marker_dag.py
[2025-01-27T00:20:30.784+0000] {processor.py:925} INFO - DAG(s) 'example_external_task_marker_parent', 'example_external_task_marker_child' retrieved from /home/airflow/.local/lib/python3.12/site-packages/airflow/example_dags/example_external_task_marker_dag.py
[2025-01-27T00:20:30.809+0000] {logging_mixin.py:190} INFO - [2025-01-27T00:20:30.809+0000] {dag.py:3239} INFO - Sync 2 DAGs
[2025-01-27T00:20:30.826+0000] {logging_mixin.py:190} INFO - [2025-01-27T00:20:30.826+0000] {dag.py:4180} INFO - Setting next_dagrun for example_external_task_marker_child to None, run_after=None
[2025-01-27T00:20:30.830+0000] {logging_mixin.py:190} INFO - [2025-01-27T00:20:30.830+0000] {dag.py:4180} INFO - Setting next_dagrun for example_external_task_marker_parent to None, run_after=None
[2025-01-27T00:20:30.848+0000] {processor.py:208} INFO - Processing /home/airflow/.local/lib/python3.12/site-packages/airflow/example_dags/example_external_task_marker_dag.py took 0.085 seconds
[2025-01-27T00:21:01.072+0000] {processor.py:186} INFO - Started process (PID=638) to work on /home/airflow/.local/lib/python3.12/site-packages/airflow/example_dags/example_external_task_marker_dag.py
[2025-01-27T00:21:01.073+0000] {processor.py:914} INFO - Processing file /home/airflow/.local/lib/python3.12/site-packages/airflow/example_dags/example_external_task_marker_dag.py for tasks to queue
[2025-01-27T00:21:01.076+0000] {logging_mixin.py:190} INFO - [2025-01-27T00:21:01.076+0000] {dagbag.py:588} INFO - Filling up the DagBag from /home/airflow/.local/lib/python3.12/site-packages/airflow/example_dags/example_external_task_marker_dag.py
[2025-01-27T00:21:01.084+0000] {processor.py:925} INFO - DAG(s) 'example_external_task_marker_parent', 'example_external_task_marker_child' retrieved from /home/airflow/.local/lib/python3.12/site-packages/airflow/example_dags/example_external_task_marker_dag.py
[2025-01-27T00:21:01.107+0000] {logging_mixin.py:190} INFO - [2025-01-27T00:21:01.106+0000] {dag.py:3239} INFO - Sync 2 DAGs
[2025-01-27T00:21:01.131+0000] {logging_mixin.py:190} INFO - [2025-01-27T00:21:01.130+0000] {dag.py:4180} INFO - Setting next_dagrun for example_external_task_marker_child to None, run_after=None
[2025-01-27T00:21:01.136+0000] {logging_mixin.py:190} INFO - [2025-01-27T00:21:01.136+0000] {dag.py:4180} INFO - Setting next_dagrun for example_external_task_marker_parent to None, run_after=None
[2025-01-27T00:21:01.156+0000] {processor.py:208} INFO - Processing /home/airflow/.local/lib/python3.12/site-packages/airflow/example_dags/example_external_task_marker_dag.py took 0.090 seconds
[2025-01-27T00:21:31.873+0000] {processor.py:186} INFO - Started process (PID=705) to work on /home/airflow/.local/lib/python3.12/site-packages/airflow/example_dags/example_external_task_marker_dag.py
[2025-01-27T00:21:31.875+0000] {processor.py:914} INFO - Processing file /home/airflow/.local/lib/python3.12/site-packages/airflow/example_dags/example_external_task_marker_dag.py for tasks to queue
[2025-01-27T00:21:31.879+0000] {logging_mixin.py:190} INFO - [2025-01-27T00:21:31.878+0000] {dagbag.py:588} INFO - Filling up the DagBag from /home/airflow/.local/lib/python3.12/site-packages/airflow/example_dags/example_external_task_marker_dag.py
[2025-01-27T00:21:31.889+0000] {processor.py:925} INFO - DAG(s) 'example_external_task_marker_child', 'example_external_task_marker_parent' retrieved from /home/airflow/.local/lib/python3.12/site-packages/airflow/example_dags/example_external_task_marker_dag.py
[2025-01-27T00:21:31.917+0000] {logging_mixin.py:190} INFO - [2025-01-27T00:21:31.916+0000] {dag.py:3239} INFO - Sync 2 DAGs
[2025-01-27T00:21:31.937+0000] {logging_mixin.py:190} INFO - [2025-01-27T00:21:31.937+0000] {dag.py:4180} INFO - Setting next_dagrun for example_external_task_marker_child to None, run_after=None
[2025-01-27T00:21:31.943+0000] {logging_mixin.py:190} INFO - [2025-01-27T00:21:31.943+0000] {dag.py:4180} INFO - Setting next_dagrun for example_external_task_marker_parent to None, run_after=None
[2025-01-27T00:21:31.965+0000] {processor.py:208} INFO - Processing /home/airflow/.local/lib/python3.12/site-packages/airflow/example_dags/example_external_task_marker_dag.py took 0.099 seconds
[2025-01-27T00:22:02.660+0000] {processor.py:186} INFO - Started process (PID=771) to work on /home/airflow/.local/lib/python3.12/site-packages/airflow/example_dags/example_external_task_marker_dag.py
[2025-01-27T00:22:02.664+0000] {processor.py:914} INFO - Processing file /home/airflow/.local/lib/python3.12/site-packages/airflow/example_dags/example_external_task_marker_dag.py for tasks to queue
[2025-01-27T00:22:02.668+0000] {logging_mixin.py:190} INFO - [2025-01-27T00:22:02.668+0000] {dagbag.py:588} INFO - Filling up the DagBag from /home/airflow/.local/lib/python3.12/site-packages/airflow/example_dags/example_external_task_marker_dag.py
[2025-01-27T00:22:02.690+0000] {processor.py:925} INFO - DAG(s) 'example_external_task_marker_child', 'example_external_task_marker_parent' retrieved from /home/airflow/.local/lib/python3.12/site-packages/airflow/example_dags/example_external_task_marker_dag.py
[2025-01-27T00:22:02.744+0000] {logging_mixin.py:190} INFO - [2025-01-27T00:22:02.743+0000] {dag.py:3239} INFO - Sync 2 DAGs
[2025-01-27T00:22:02.771+0000] {logging_mixin.py:190} INFO - [2025-01-27T00:22:02.771+0000] {dag.py:4180} INFO - Setting next_dagrun for example_external_task_marker_child to None, run_after=None
[2025-01-27T00:22:02.778+0000] {logging_mixin.py:190} INFO - [2025-01-27T00:22:02.778+0000] {dag.py:4180} INFO - Setting next_dagrun for example_external_task_marker_parent to None, run_after=None
[2025-01-27T00:22:02.802+0000] {processor.py:208} INFO - Processing /home/airflow/.local/lib/python3.12/site-packages/airflow/example_dags/example_external_task_marker_dag.py took 0.150 seconds
[2025-01-27T00:22:32.907+0000] {processor.py:186} INFO - Started process (PID=837) to work on /home/airflow/.local/lib/python3.12/site-packages/airflow/example_dags/example_external_task_marker_dag.py
[2025-01-27T00:22:32.908+0000] {processor.py:914} INFO - Processing file /home/airflow/.local/lib/python3.12/site-packages/airflow/example_dags/example_external_task_marker_dag.py for tasks to queue
[2025-01-27T00:22:32.910+0000] {logging_mixin.py:190} INFO - [2025-01-27T00:22:32.910+0000] {dagbag.py:588} INFO - Filling up the DagBag from /home/airflow/.local/lib/python3.12/site-packages/airflow/example_dags/example_external_task_marker_dag.py
[2025-01-27T00:22:32.920+0000] {processor.py:925} INFO - DAG(s) 'example_external_task_marker_child', 'example_external_task_marker_parent' retrieved from /home/airflow/.local/lib/python3.12/site-packages/airflow/example_dags/example_external_task_marker_dag.py
[2025-01-27T00:22:32.945+0000] {logging_mixin.py:190} INFO - [2025-01-27T00:22:32.944+0000] {dag.py:3239} INFO - Sync 2 DAGs
[2025-01-27T00:22:32.964+0000] {logging_mixin.py:190} INFO - [2025-01-27T00:22:32.963+0000] {dag.py:4180} INFO - Setting next_dagrun for example_external_task_marker_child to None, run_after=None
[2025-01-27T00:22:32.968+0000] {logging_mixin.py:190} INFO - [2025-01-27T00:22:32.968+0000] {dag.py:4180} INFO - Setting next_dagrun for example_external_task_marker_parent to None, run_after=None
[2025-01-27T00:22:32.987+0000] {processor.py:208} INFO - Processing /home/airflow/.local/lib/python3.12/site-packages/airflow/example_dags/example_external_task_marker_dag.py took 0.087 seconds
[2025-01-27T00:26:29.015+0000] {processor.py:186} INFO - Started process (PID=45) to work on /home/airflow/.local/lib/python3.12/site-packages/airflow/example_dags/example_external_task_marker_dag.py
[2025-01-27T00:26:29.019+0000] {processor.py:914} INFO - Processing file /home/airflow/.local/lib/python3.12/site-packages/airflow/example_dags/example_external_task_marker_dag.py for tasks to queue
[2025-01-27T00:26:29.022+0000] {logging_mixin.py:190} INFO - [2025-01-27T00:26:29.022+0000] {dagbag.py:588} INFO - Filling up the DagBag from /home/airflow/.local/lib/python3.12/site-packages/airflow/example_dags/example_external_task_marker_dag.py
[2025-01-27T00:26:29.043+0000] {processor.py:925} INFO - DAG(s) 'example_external_task_marker_parent', 'example_external_task_marker_child' retrieved from /home/airflow/.local/lib/python3.12/site-packages/airflow/example_dags/example_external_task_marker_dag.py
[2025-01-27T00:26:29.112+0000] {logging_mixin.py:190} INFO - [2025-01-27T00:26:29.112+0000] {dag.py:3239} INFO - Sync 2 DAGs
[2025-01-27T00:26:29.192+0000] {logging_mixin.py:190} INFO - [2025-01-27T00:26:29.191+0000] {dag.py:4180} INFO - Setting next_dagrun for example_external_task_marker_child to None, run_after=None
[2025-01-27T00:26:29.209+0000] {logging_mixin.py:190} INFO - [2025-01-27T00:26:29.208+0000] {dag.py:4180} INFO - Setting next_dagrun for example_external_task_marker_parent to None, run_after=None
[2025-01-27T00:26:29.248+0000] {processor.py:208} INFO - Processing /home/airflow/.local/lib/python3.12/site-packages/airflow/example_dags/example_external_task_marker_dag.py took 0.268 seconds
[2025-01-27T00:26:59.619+0000] {processor.py:186} INFO - Started process (PID=111) to work on /home/airflow/.local/lib/python3.12/site-packages/airflow/example_dags/example_external_task_marker_dag.py
[2025-01-27T00:26:59.620+0000] {processor.py:914} INFO - Processing file /home/airflow/.local/lib/python3.12/site-packages/airflow/example_dags/example_external_task_marker_dag.py for tasks to queue
[2025-01-27T00:26:59.623+0000] {logging_mixin.py:190} INFO - [2025-01-27T00:26:59.623+0000] {dagbag.py:588} INFO - Filling up the DagBag from /home/airflow/.local/lib/python3.12/site-packages/airflow/example_dags/example_external_task_marker_dag.py
[2025-01-27T00:26:59.631+0000] {processor.py:925} INFO - DAG(s) 'example_external_task_marker_child', 'example_external_task_marker_parent' retrieved from /home/airflow/.local/lib/python3.12/site-packages/airflow/example_dags/example_external_task_marker_dag.py
[2025-01-27T00:26:59.653+0000] {logging_mixin.py:190} INFO - [2025-01-27T00:26:59.653+0000] {dag.py:3239} INFO - Sync 2 DAGs
[2025-01-27T00:26:59.669+0000] {logging_mixin.py:190} INFO - [2025-01-27T00:26:59.669+0000] {dag.py:4180} INFO - Setting next_dagrun for example_external_task_marker_child to None, run_after=None
[2025-01-27T00:26:59.674+0000] {logging_mixin.py:190} INFO - [2025-01-27T00:26:59.674+0000] {dag.py:4180} INFO - Setting next_dagrun for example_external_task_marker_parent to None, run_after=None
[2025-01-27T00:26:59.970+0000] {processor.py:208} INFO - Processing /home/airflow/.local/lib/python3.12/site-packages/airflow/example_dags/example_external_task_marker_dag.py took 0.356 seconds
[2025-01-27T00:27:30.834+0000] {processor.py:186} INFO - Started process (PID=176) to work on /home/airflow/.local/lib/python3.12/site-packages/airflow/example_dags/example_external_task_marker_dag.py
[2025-01-27T00:27:30.836+0000] {processor.py:914} INFO - Processing file /home/airflow/.local/lib/python3.12/site-packages/airflow/example_dags/example_external_task_marker_dag.py for tasks to queue
[2025-01-27T00:27:30.839+0000] {logging_mixin.py:190} INFO - [2025-01-27T00:27:30.839+0000] {dagbag.py:588} INFO - Filling up the DagBag from /home/airflow/.local/lib/python3.12/site-packages/airflow/example_dags/example_external_task_marker_dag.py
[2025-01-27T00:27:30.854+0000] {processor.py:925} INFO - DAG(s) 'example_external_task_marker_parent', 'example_external_task_marker_child' retrieved from /home/airflow/.local/lib/python3.12/site-packages/airflow/example_dags/example_external_task_marker_dag.py
[2025-01-27T00:27:30.884+0000] {logging_mixin.py:190} INFO - [2025-01-27T00:27:30.883+0000] {dag.py:3239} INFO - Sync 2 DAGs
[2025-01-27T00:27:30.910+0000] {logging_mixin.py:190} INFO - [2025-01-27T00:27:30.910+0000] {dag.py:4180} INFO - Setting next_dagrun for example_external_task_marker_child to None, run_after=None
[2025-01-27T00:27:30.915+0000] {logging_mixin.py:190} INFO - [2025-01-27T00:27:30.915+0000] {dag.py:4180} INFO - Setting next_dagrun for example_external_task_marker_parent to None, run_after=None
[2025-01-27T00:27:30.937+0000] {processor.py:208} INFO - Processing /home/airflow/.local/lib/python3.12/site-packages/airflow/example_dags/example_external_task_marker_dag.py took 0.110 seconds
[2025-01-27T00:28:01.511+0000] {processor.py:186} INFO - Started process (PID=242) to work on /home/airflow/.local/lib/python3.12/site-packages/airflow/example_dags/example_external_task_marker_dag.py
[2025-01-27T00:28:01.512+0000] {processor.py:914} INFO - Processing file /home/airflow/.local/lib/python3.12/site-packages/airflow/example_dags/example_external_task_marker_dag.py for tasks to queue
[2025-01-27T00:28:01.515+0000] {logging_mixin.py:190} INFO - [2025-01-27T00:28:01.515+0000] {dagbag.py:588} INFO - Filling up the DagBag from /home/airflow/.local/lib/python3.12/site-packages/airflow/example_dags/example_external_task_marker_dag.py
[2025-01-27T00:28:01.527+0000] {processor.py:925} INFO - DAG(s) 'example_external_task_marker_parent', 'example_external_task_marker_child' retrieved from /home/airflow/.local/lib/python3.12/site-packages/airflow/example_dags/example_external_task_marker_dag.py
[2025-01-27T00:28:01.558+0000] {logging_mixin.py:190} INFO - [2025-01-27T00:28:01.557+0000] {dag.py:3239} INFO - Sync 2 DAGs
[2025-01-27T00:28:01.574+0000] {logging_mixin.py:190} INFO - [2025-01-27T00:28:01.574+0000] {dag.py:4180} INFO - Setting next_dagrun for example_external_task_marker_child to None, run_after=None
[2025-01-27T00:28:01.578+0000] {logging_mixin.py:190} INFO - [2025-01-27T00:28:01.577+0000] {dag.py:4180} INFO - Setting next_dagrun for example_external_task_marker_parent to None, run_after=None
[2025-01-27T00:28:01.595+0000] {processor.py:208} INFO - Processing /home/airflow/.local/lib/python3.12/site-packages/airflow/example_dags/example_external_task_marker_dag.py took 0.093 seconds
[2025-01-27T00:29:28.452+0000] {processor.py:186} INFO - Started process (PID=38) to work on /home/airflow/.local/lib/python3.12/site-packages/airflow/example_dags/example_external_task_marker_dag.py
[2025-01-27T00:29:28.454+0000] {processor.py:914} INFO - Processing file /home/airflow/.local/lib/python3.12/site-packages/airflow/example_dags/example_external_task_marker_dag.py for tasks to queue
[2025-01-27T00:29:28.461+0000] {logging_mixin.py:190} INFO - [2025-01-27T00:29:28.460+0000] {dagbag.py:588} INFO - Filling up the DagBag from /home/airflow/.local/lib/python3.12/site-packages/airflow/example_dags/example_external_task_marker_dag.py
[2025-01-27T00:29:28.476+0000] {processor.py:925} INFO - DAG(s) 'example_external_task_marker_child', 'example_external_task_marker_parent' retrieved from /home/airflow/.local/lib/python3.12/site-packages/airflow/example_dags/example_external_task_marker_dag.py
[2025-01-27T00:29:28.510+0000] {logging_mixin.py:190} INFO - [2025-01-27T00:29:28.509+0000] {dag.py:3239} INFO - Sync 2 DAGs
[2025-01-27T00:29:28.530+0000] {logging_mixin.py:190} INFO - [2025-01-27T00:29:28.530+0000] {dag.py:4180} INFO - Setting next_dagrun for example_external_task_marker_child to None, run_after=None
[2025-01-27T00:29:28.535+0000] {logging_mixin.py:190} INFO - [2025-01-27T00:29:28.535+0000] {dag.py:4180} INFO - Setting next_dagrun for example_external_task_marker_parent to None, run_after=None
[2025-01-27T00:29:28.557+0000] {processor.py:208} INFO - Processing /home/airflow/.local/lib/python3.12/site-packages/airflow/example_dags/example_external_task_marker_dag.py took 0.119 seconds
[2025-01-27T00:29:59.488+0000] {processor.py:186} INFO - Started process (PID=103) to work on /home/airflow/.local/lib/python3.12/site-packages/airflow/example_dags/example_external_task_marker_dag.py
[2025-01-27T00:29:59.489+0000] {processor.py:914} INFO - Processing file /home/airflow/.local/lib/python3.12/site-packages/airflow/example_dags/example_external_task_marker_dag.py for tasks to queue
[2025-01-27T00:29:59.492+0000] {logging_mixin.py:190} INFO - [2025-01-27T00:29:59.492+0000] {dagbag.py:588} INFO - Filling up the DagBag from /home/airflow/.local/lib/python3.12/site-packages/airflow/example_dags/example_external_task_marker_dag.py
[2025-01-27T00:29:59.502+0000] {processor.py:925} INFO - DAG(s) 'example_external_task_marker_child', 'example_external_task_marker_parent' retrieved from /home/airflow/.local/lib/python3.12/site-packages/airflow/example_dags/example_external_task_marker_dag.py
[2025-01-27T00:29:59.527+0000] {logging_mixin.py:190} INFO - [2025-01-27T00:29:59.526+0000] {dag.py:3239} INFO - Sync 2 DAGs
[2025-01-27T00:29:59.548+0000] {logging_mixin.py:190} INFO - [2025-01-27T00:29:59.548+0000] {dag.py:4180} INFO - Setting next_dagrun for example_external_task_marker_child to None, run_after=None
[2025-01-27T00:29:59.555+0000] {logging_mixin.py:190} INFO - [2025-01-27T00:29:59.554+0000] {dag.py:4180} INFO - Setting next_dagrun for example_external_task_marker_parent to None, run_after=None
[2025-01-27T00:29:59.574+0000] {processor.py:208} INFO - Processing /home/airflow/.local/lib/python3.12/site-packages/airflow/example_dags/example_external_task_marker_dag.py took 0.095 seconds
[2025-01-27T00:30:29.964+0000] {processor.py:186} INFO - Started process (PID=168) to work on /home/airflow/.local/lib/python3.12/site-packages/airflow/example_dags/example_external_task_marker_dag.py
[2025-01-27T00:30:29.966+0000] {processor.py:914} INFO - Processing file /home/airflow/.local/lib/python3.12/site-packages/airflow/example_dags/example_external_task_marker_dag.py for tasks to queue
[2025-01-27T00:30:29.968+0000] {logging_mixin.py:190} INFO - [2025-01-27T00:30:29.968+0000] {dagbag.py:588} INFO - Filling up the DagBag from /home/airflow/.local/lib/python3.12/site-packages/airflow/example_dags/example_external_task_marker_dag.py
[2025-01-27T00:30:29.977+0000] {processor.py:925} INFO - DAG(s) 'example_external_task_marker_child', 'example_external_task_marker_parent' retrieved from /home/airflow/.local/lib/python3.12/site-packages/airflow/example_dags/example_external_task_marker_dag.py
[2025-01-27T00:30:29.998+0000] {logging_mixin.py:190} INFO - [2025-01-27T00:30:29.998+0000] {dag.py:3239} INFO - Sync 2 DAGs
[2025-01-27T00:30:30.013+0000] {logging_mixin.py:190} INFO - [2025-01-27T00:30:30.012+0000] {dag.py:4180} INFO - Setting next_dagrun for example_external_task_marker_child to None, run_after=None
[2025-01-27T00:30:30.017+0000] {logging_mixin.py:190} INFO - [2025-01-27T00:30:30.016+0000] {dag.py:4180} INFO - Setting next_dagrun for example_external_task_marker_parent to None, run_after=None
[2025-01-27T00:30:30.034+0000] {processor.py:208} INFO - Processing /home/airflow/.local/lib/python3.12/site-packages/airflow/example_dags/example_external_task_marker_dag.py took 0.075 seconds
[2025-01-27T00:31:00.474+0000] {processor.py:186} INFO - Started process (PID=234) to work on /home/airflow/.local/lib/python3.12/site-packages/airflow/example_dags/example_external_task_marker_dag.py
[2025-01-27T00:31:00.475+0000] {processor.py:914} INFO - Processing file /home/airflow/.local/lib/python3.12/site-packages/airflow/example_dags/example_external_task_marker_dag.py for tasks to queue
[2025-01-27T00:31:00.478+0000] {logging_mixin.py:190} INFO - [2025-01-27T00:31:00.478+0000] {dagbag.py:588} INFO - Filling up the DagBag from /home/airflow/.local/lib/python3.12/site-packages/airflow/example_dags/example_external_task_marker_dag.py
[2025-01-27T00:31:00.488+0000] {processor.py:925} INFO - DAG(s) 'example_external_task_marker_child', 'example_external_task_marker_parent' retrieved from /home/airflow/.local/lib/python3.12/site-packages/airflow/example_dags/example_external_task_marker_dag.py
[2025-01-27T00:31:00.515+0000] {logging_mixin.py:190} INFO - [2025-01-27T00:31:00.515+0000] {dag.py:3239} INFO - Sync 2 DAGs
[2025-01-27T00:31:00.535+0000] {logging_mixin.py:190} INFO - [2025-01-27T00:31:00.535+0000] {dag.py:4180} INFO - Setting next_dagrun for example_external_task_marker_child to None, run_after=None
[2025-01-27T00:31:00.540+0000] {logging_mixin.py:190} INFO - [2025-01-27T00:31:00.540+0000] {dag.py:4180} INFO - Setting next_dagrun for example_external_task_marker_parent to None, run_after=None
[2025-01-27T00:31:00.561+0000] {processor.py:208} INFO - Processing /home/airflow/.local/lib/python3.12/site-packages/airflow/example_dags/example_external_task_marker_dag.py took 0.093 seconds
[2025-01-27T00:31:31.068+0000] {processor.py:186} INFO - Started process (PID=299) to work on /home/airflow/.local/lib/python3.12/site-packages/airflow/example_dags/example_external_task_marker_dag.py
[2025-01-27T00:31:31.069+0000] {processor.py:914} INFO - Processing file /home/airflow/.local/lib/python3.12/site-packages/airflow/example_dags/example_external_task_marker_dag.py for tasks to queue
[2025-01-27T00:31:31.071+0000] {logging_mixin.py:190} INFO - [2025-01-27T00:31:31.071+0000] {dagbag.py:588} INFO - Filling up the DagBag from /home/airflow/.local/lib/python3.12/site-packages/airflow/example_dags/example_external_task_marker_dag.py
[2025-01-27T00:31:31.081+0000] {processor.py:925} INFO - DAG(s) 'example_external_task_marker_child', 'example_external_task_marker_parent' retrieved from /home/airflow/.local/lib/python3.12/site-packages/airflow/example_dags/example_external_task_marker_dag.py
[2025-01-27T00:31:31.103+0000] {logging_mixin.py:190} INFO - [2025-01-27T00:31:31.103+0000] {dag.py:3239} INFO - Sync 2 DAGs
[2025-01-27T00:31:31.121+0000] {logging_mixin.py:190} INFO - [2025-01-27T00:31:31.121+0000] {dag.py:4180} INFO - Setting next_dagrun for example_external_task_marker_child to None, run_after=None
[2025-01-27T00:31:31.125+0000] {logging_mixin.py:190} INFO - [2025-01-27T00:31:31.125+0000] {dag.py:4180} INFO - Setting next_dagrun for example_external_task_marker_parent to None, run_after=None
[2025-01-27T00:31:31.143+0000] {processor.py:208} INFO - Processing /home/airflow/.local/lib/python3.12/site-packages/airflow/example_dags/example_external_task_marker_dag.py took 0.081 seconds
[2025-01-27T00:32:41.571+0000] {processor.py:186} INFO - Started process (PID=38) to work on /home/airflow/.local/lib/python3.12/site-packages/airflow/example_dags/example_external_task_marker_dag.py
[2025-01-27T00:32:41.572+0000] {processor.py:914} INFO - Processing file /home/airflow/.local/lib/python3.12/site-packages/airflow/example_dags/example_external_task_marker_dag.py for tasks to queue
[2025-01-27T00:32:41.576+0000] {logging_mixin.py:190} INFO - [2025-01-27T00:32:41.576+0000] {dagbag.py:588} INFO - Filling up the DagBag from /home/airflow/.local/lib/python3.12/site-packages/airflow/example_dags/example_external_task_marker_dag.py
[2025-01-27T00:32:41.587+0000] {processor.py:925} INFO - DAG(s) 'example_external_task_marker_parent', 'example_external_task_marker_child' retrieved from /home/airflow/.local/lib/python3.12/site-packages/airflow/example_dags/example_external_task_marker_dag.py
[2025-01-27T00:32:41.616+0000] {logging_mixin.py:190} INFO - [2025-01-27T00:32:41.616+0000] {dag.py:3239} INFO - Sync 2 DAGs
[2025-01-27T00:32:41.634+0000] {logging_mixin.py:190} INFO - [2025-01-27T00:32:41.634+0000] {dag.py:4180} INFO - Setting next_dagrun for example_external_task_marker_child to None, run_after=None
[2025-01-27T00:32:41.638+0000] {logging_mixin.py:190} INFO - [2025-01-27T00:32:41.638+0000] {dag.py:4180} INFO - Setting next_dagrun for example_external_task_marker_parent to None, run_after=None
[2025-01-27T00:32:41.658+0000] {processor.py:208} INFO - Processing /home/airflow/.local/lib/python3.12/site-packages/airflow/example_dags/example_external_task_marker_dag.py took 0.095 seconds
[2025-01-27T00:33:11.918+0000] {processor.py:186} INFO - Started process (PID=102) to work on /home/airflow/.local/lib/python3.12/site-packages/airflow/example_dags/example_external_task_marker_dag.py
[2025-01-27T00:33:11.919+0000] {processor.py:914} INFO - Processing file /home/airflow/.local/lib/python3.12/site-packages/airflow/example_dags/example_external_task_marker_dag.py for tasks to queue
[2025-01-27T00:33:11.922+0000] {logging_mixin.py:190} INFO - [2025-01-27T00:33:11.921+0000] {dagbag.py:588} INFO - Filling up the DagBag from /home/airflow/.local/lib/python3.12/site-packages/airflow/example_dags/example_external_task_marker_dag.py
[2025-01-27T00:33:11.933+0000] {processor.py:925} INFO - DAG(s) 'example_external_task_marker_parent', 'example_external_task_marker_child' retrieved from /home/airflow/.local/lib/python3.12/site-packages/airflow/example_dags/example_external_task_marker_dag.py
[2025-01-27T00:33:11.963+0000] {logging_mixin.py:190} INFO - [2025-01-27T00:33:11.962+0000] {dag.py:3239} INFO - Sync 2 DAGs
[2025-01-27T00:33:11.985+0000] {logging_mixin.py:190} INFO - [2025-01-27T00:33:11.984+0000] {dag.py:4180} INFO - Setting next_dagrun for example_external_task_marker_child to None, run_after=None
[2025-01-27T00:33:11.989+0000] {logging_mixin.py:190} INFO - [2025-01-27T00:33:11.989+0000] {dag.py:4180} INFO - Setting next_dagrun for example_external_task_marker_parent to None, run_after=None
[2025-01-27T00:33:12.010+0000] {processor.py:208} INFO - Processing /home/airflow/.local/lib/python3.12/site-packages/airflow/example_dags/example_external_task_marker_dag.py took 0.099 seconds
[2025-01-27T00:33:42.730+0000] {processor.py:186} INFO - Started process (PID=168) to work on /home/airflow/.local/lib/python3.12/site-packages/airflow/example_dags/example_external_task_marker_dag.py
[2025-01-27T00:33:42.731+0000] {processor.py:914} INFO - Processing file /home/airflow/.local/lib/python3.12/site-packages/airflow/example_dags/example_external_task_marker_dag.py for tasks to queue
[2025-01-27T00:33:42.734+0000] {logging_mixin.py:190} INFO - [2025-01-27T00:33:42.734+0000] {dagbag.py:588} INFO - Filling up the DagBag from /home/airflow/.local/lib/python3.12/site-packages/airflow/example_dags/example_external_task_marker_dag.py
[2025-01-27T00:33:42.742+0000] {processor.py:925} INFO - DAG(s) 'example_external_task_marker_child', 'example_external_task_marker_parent' retrieved from /home/airflow/.local/lib/python3.12/site-packages/airflow/example_dags/example_external_task_marker_dag.py
[2025-01-27T00:33:42.765+0000] {logging_mixin.py:190} INFO - [2025-01-27T00:33:42.765+0000] {dag.py:3239} INFO - Sync 2 DAGs
[2025-01-27T00:33:42.781+0000] {logging_mixin.py:190} INFO - [2025-01-27T00:33:42.781+0000] {dag.py:4180} INFO - Setting next_dagrun for example_external_task_marker_child to None, run_after=None
[2025-01-27T00:33:42.785+0000] {logging_mixin.py:190} INFO - [2025-01-27T00:33:42.785+0000] {dag.py:4180} INFO - Setting next_dagrun for example_external_task_marker_parent to None, run_after=None
[2025-01-27T00:33:42.803+0000] {processor.py:208} INFO - Processing /home/airflow/.local/lib/python3.12/site-packages/airflow/example_dags/example_external_task_marker_dag.py took 0.081 seconds
[2025-01-27T00:34:13.188+0000] {processor.py:186} INFO - Started process (PID=234) to work on /home/airflow/.local/lib/python3.12/site-packages/airflow/example_dags/example_external_task_marker_dag.py
[2025-01-27T00:34:13.189+0000] {processor.py:914} INFO - Processing file /home/airflow/.local/lib/python3.12/site-packages/airflow/example_dags/example_external_task_marker_dag.py for tasks to queue
[2025-01-27T00:34:13.193+0000] {logging_mixin.py:190} INFO - [2025-01-27T00:34:13.192+0000] {dagbag.py:588} INFO - Filling up the DagBag from /home/airflow/.local/lib/python3.12/site-packages/airflow/example_dags/example_external_task_marker_dag.py
[2025-01-27T00:34:13.205+0000] {processor.py:925} INFO - DAG(s) 'example_external_task_marker_child', 'example_external_task_marker_parent' retrieved from /home/airflow/.local/lib/python3.12/site-packages/airflow/example_dags/example_external_task_marker_dag.py
[2025-01-27T00:34:13.237+0000] {logging_mixin.py:190} INFO - [2025-01-27T00:34:13.237+0000] {dag.py:3239} INFO - Sync 2 DAGs
[2025-01-27T00:34:13.255+0000] {logging_mixin.py:190} INFO - [2025-01-27T00:34:13.254+0000] {dag.py:4180} INFO - Setting next_dagrun for example_external_task_marker_child to None, run_after=None
[2025-01-27T00:34:13.260+0000] {logging_mixin.py:190} INFO - [2025-01-27T00:34:13.260+0000] {dag.py:4180} INFO - Setting next_dagrun for example_external_task_marker_parent to None, run_after=None
[2025-01-27T00:34:13.279+0000] {processor.py:208} INFO - Processing /home/airflow/.local/lib/python3.12/site-packages/airflow/example_dags/example_external_task_marker_dag.py took 0.098 seconds
[2025-01-27T00:34:43.509+0000] {processor.py:186} INFO - Started process (PID=300) to work on /home/airflow/.local/lib/python3.12/site-packages/airflow/example_dags/example_external_task_marker_dag.py
[2025-01-27T00:34:43.510+0000] {processor.py:914} INFO - Processing file /home/airflow/.local/lib/python3.12/site-packages/airflow/example_dags/example_external_task_marker_dag.py for tasks to queue
[2025-01-27T00:34:43.512+0000] {logging_mixin.py:190} INFO - [2025-01-27T00:34:43.512+0000] {dagbag.py:588} INFO - Filling up the DagBag from /home/airflow/.local/lib/python3.12/site-packages/airflow/example_dags/example_external_task_marker_dag.py
[2025-01-27T00:34:43.521+0000] {processor.py:925} INFO - DAG(s) 'example_external_task_marker_child', 'example_external_task_marker_parent' retrieved from /home/airflow/.local/lib/python3.12/site-packages/airflow/example_dags/example_external_task_marker_dag.py
[2025-01-27T00:34:43.546+0000] {logging_mixin.py:190} INFO - [2025-01-27T00:34:43.545+0000] {dag.py:3239} INFO - Sync 2 DAGs
[2025-01-27T00:34:43.561+0000] {logging_mixin.py:190} INFO - [2025-01-27T00:34:43.561+0000] {dag.py:4180} INFO - Setting next_dagrun for example_external_task_marker_child to None, run_after=None
[2025-01-27T00:34:43.565+0000] {logging_mixin.py:190} INFO - [2025-01-27T00:34:43.564+0000] {dag.py:4180} INFO - Setting next_dagrun for example_external_task_marker_parent to None, run_after=None
[2025-01-27T00:34:43.581+0000] {processor.py:208} INFO - Processing /home/airflow/.local/lib/python3.12/site-packages/airflow/example_dags/example_external_task_marker_dag.py took 0.078 seconds
[2025-01-27T00:35:13.808+0000] {processor.py:186} INFO - Started process (PID=366) to work on /home/airflow/.local/lib/python3.12/site-packages/airflow/example_dags/example_external_task_marker_dag.py
[2025-01-27T00:35:13.809+0000] {processor.py:914} INFO - Processing file /home/airflow/.local/lib/python3.12/site-packages/airflow/example_dags/example_external_task_marker_dag.py for tasks to queue
[2025-01-27T00:35:13.812+0000] {logging_mixin.py:190} INFO - [2025-01-27T00:35:13.812+0000] {dagbag.py:588} INFO - Filling up the DagBag from /home/airflow/.local/lib/python3.12/site-packages/airflow/example_dags/example_external_task_marker_dag.py
[2025-01-27T00:35:13.820+0000] {processor.py:925} INFO - DAG(s) 'example_external_task_marker_parent', 'example_external_task_marker_child' retrieved from /home/airflow/.local/lib/python3.12/site-packages/airflow/example_dags/example_external_task_marker_dag.py
[2025-01-27T00:35:13.846+0000] {logging_mixin.py:190} INFO - [2025-01-27T00:35:13.846+0000] {dag.py:3239} INFO - Sync 2 DAGs
[2025-01-27T00:35:13.868+0000] {logging_mixin.py:190} INFO - [2025-01-27T00:35:13.868+0000] {dag.py:4180} INFO - Setting next_dagrun for example_external_task_marker_child to None, run_after=None
[2025-01-27T00:35:13.872+0000] {logging_mixin.py:190} INFO - [2025-01-27T00:35:13.872+0000] {dag.py:4180} INFO - Setting next_dagrun for example_external_task_marker_parent to None, run_after=None
[2025-01-27T00:35:13.888+0000] {processor.py:208} INFO - Processing /home/airflow/.local/lib/python3.12/site-packages/airflow/example_dags/example_external_task_marker_dag.py took 0.087 seconds
[2025-01-27T00:35:44.835+0000] {processor.py:186} INFO - Started process (PID=432) to work on /home/airflow/.local/lib/python3.12/site-packages/airflow/example_dags/example_external_task_marker_dag.py
[2025-01-27T00:35:44.836+0000] {processor.py:914} INFO - Processing file /home/airflow/.local/lib/python3.12/site-packages/airflow/example_dags/example_external_task_marker_dag.py for tasks to queue
[2025-01-27T00:35:44.839+0000] {logging_mixin.py:190} INFO - [2025-01-27T00:35:44.838+0000] {dagbag.py:588} INFO - Filling up the DagBag from /home/airflow/.local/lib/python3.12/site-packages/airflow/example_dags/example_external_task_marker_dag.py
[2025-01-27T00:35:44.849+0000] {processor.py:925} INFO - DAG(s) 'example_external_task_marker_child', 'example_external_task_marker_parent' retrieved from /home/airflow/.local/lib/python3.12/site-packages/airflow/example_dags/example_external_task_marker_dag.py
[2025-01-27T00:35:44.874+0000] {logging_mixin.py:190} INFO - [2025-01-27T00:35:44.874+0000] {dag.py:3239} INFO - Sync 2 DAGs
[2025-01-27T00:35:44.892+0000] {logging_mixin.py:190} INFO - [2025-01-27T00:35:44.892+0000] {dag.py:4180} INFO - Setting next_dagrun for example_external_task_marker_child to None, run_after=None
[2025-01-27T00:35:44.897+0000] {logging_mixin.py:190} INFO - [2025-01-27T00:35:44.897+0000] {dag.py:4180} INFO - Setting next_dagrun for example_external_task_marker_parent to None, run_after=None
[2025-01-27T00:35:44.920+0000] {processor.py:208} INFO - Processing /home/airflow/.local/lib/python3.12/site-packages/airflow/example_dags/example_external_task_marker_dag.py took 0.092 seconds
[2025-01-27T00:36:15.981+0000] {processor.py:186} INFO - Started process (PID=498) to work on /home/airflow/.local/lib/python3.12/site-packages/airflow/example_dags/example_external_task_marker_dag.py
[2025-01-27T00:36:15.982+0000] {processor.py:914} INFO - Processing file /home/airflow/.local/lib/python3.12/site-packages/airflow/example_dags/example_external_task_marker_dag.py for tasks to queue
[2025-01-27T00:36:15.984+0000] {logging_mixin.py:190} INFO - [2025-01-27T00:36:15.984+0000] {dagbag.py:588} INFO - Filling up the DagBag from /home/airflow/.local/lib/python3.12/site-packages/airflow/example_dags/example_external_task_marker_dag.py
[2025-01-27T00:36:15.992+0000] {processor.py:925} INFO - DAG(s) 'example_external_task_marker_parent', 'example_external_task_marker_child' retrieved from /home/airflow/.local/lib/python3.12/site-packages/airflow/example_dags/example_external_task_marker_dag.py
[2025-01-27T00:36:16.016+0000] {logging_mixin.py:190} INFO - [2025-01-27T00:36:16.016+0000] {dag.py:3239} INFO - Sync 2 DAGs
[2025-01-27T00:36:16.032+0000] {logging_mixin.py:190} INFO - [2025-01-27T00:36:16.032+0000] {dag.py:4180} INFO - Setting next_dagrun for example_external_task_marker_child to None, run_after=None
[2025-01-27T00:36:16.036+0000] {logging_mixin.py:190} INFO - [2025-01-27T00:36:16.036+0000] {dag.py:4180} INFO - Setting next_dagrun for example_external_task_marker_parent to None, run_after=None
[2025-01-27T00:36:16.054+0000] {processor.py:208} INFO - Processing /home/airflow/.local/lib/python3.12/site-packages/airflow/example_dags/example_external_task_marker_dag.py took 0.079 seconds
[2025-01-27T00:36:47.104+0000] {processor.py:186} INFO - Started process (PID=565) to work on /home/airflow/.local/lib/python3.12/site-packages/airflow/example_dags/example_external_task_marker_dag.py
[2025-01-27T00:36:47.105+0000] {processor.py:914} INFO - Processing file /home/airflow/.local/lib/python3.12/site-packages/airflow/example_dags/example_external_task_marker_dag.py for tasks to queue
[2025-01-27T00:36:47.108+0000] {logging_mixin.py:190} INFO - [2025-01-27T00:36:47.108+0000] {dagbag.py:588} INFO - Filling up the DagBag from /home/airflow/.local/lib/python3.12/site-packages/airflow/example_dags/example_external_task_marker_dag.py
[2025-01-27T00:36:47.117+0000] {processor.py:925} INFO - DAG(s) 'example_external_task_marker_parent', 'example_external_task_marker_child' retrieved from /home/airflow/.local/lib/python3.12/site-packages/airflow/example_dags/example_external_task_marker_dag.py
[2025-01-27T00:36:47.147+0000] {logging_mixin.py:190} INFO - [2025-01-27T00:36:47.147+0000] {dag.py:3239} INFO - Sync 2 DAGs
[2025-01-27T00:36:47.168+0000] {logging_mixin.py:190} INFO - [2025-01-27T00:36:47.168+0000] {dag.py:4180} INFO - Setting next_dagrun for example_external_task_marker_child to None, run_after=None
[2025-01-27T00:36:47.173+0000] {logging_mixin.py:190} INFO - [2025-01-27T00:36:47.172+0000] {dag.py:4180} INFO - Setting next_dagrun for example_external_task_marker_parent to None, run_after=None
[2025-01-27T00:36:47.199+0000] {processor.py:208} INFO - Processing /home/airflow/.local/lib/python3.12/site-packages/airflow/example_dags/example_external_task_marker_dag.py took 0.103 seconds
[2025-01-27T00:37:17.819+0000] {processor.py:186} INFO - Started process (PID=631) to work on /home/airflow/.local/lib/python3.12/site-packages/airflow/example_dags/example_external_task_marker_dag.py
[2025-01-27T00:37:17.820+0000] {processor.py:914} INFO - Processing file /home/airflow/.local/lib/python3.12/site-packages/airflow/example_dags/example_external_task_marker_dag.py for tasks to queue
[2025-01-27T00:37:17.822+0000] {logging_mixin.py:190} INFO - [2025-01-27T00:37:17.822+0000] {dagbag.py:588} INFO - Filling up the DagBag from /home/airflow/.local/lib/python3.12/site-packages/airflow/example_dags/example_external_task_marker_dag.py
[2025-01-27T00:37:17.834+0000] {processor.py:925} INFO - DAG(s) 'example_external_task_marker_child', 'example_external_task_marker_parent' retrieved from /home/airflow/.local/lib/python3.12/site-packages/airflow/example_dags/example_external_task_marker_dag.py
[2025-01-27T00:37:17.884+0000] {logging_mixin.py:190} INFO - [2025-01-27T00:37:17.883+0000] {dag.py:3239} INFO - Sync 2 DAGs
[2025-01-27T00:37:17.923+0000] {logging_mixin.py:190} INFO - [2025-01-27T00:37:17.923+0000] {dag.py:4180} INFO - Setting next_dagrun for example_external_task_marker_child to None, run_after=None
[2025-01-27T00:37:17.928+0000] {logging_mixin.py:190} INFO - [2025-01-27T00:37:17.928+0000] {dag.py:4180} INFO - Setting next_dagrun for example_external_task_marker_parent to None, run_after=None
[2025-01-27T00:37:17.955+0000] {processor.py:208} INFO - Processing /home/airflow/.local/lib/python3.12/site-packages/airflow/example_dags/example_external_task_marker_dag.py took 0.143 seconds
[2025-01-27T00:37:48.811+0000] {processor.py:186} INFO - Started process (PID=697) to work on /home/airflow/.local/lib/python3.12/site-packages/airflow/example_dags/example_external_task_marker_dag.py
[2025-01-27T00:37:48.813+0000] {processor.py:914} INFO - Processing file /home/airflow/.local/lib/python3.12/site-packages/airflow/example_dags/example_external_task_marker_dag.py for tasks to queue
[2025-01-27T00:37:48.820+0000] {logging_mixin.py:190} INFO - [2025-01-27T00:37:48.820+0000] {dagbag.py:588} INFO - Filling up the DagBag from /home/airflow/.local/lib/python3.12/site-packages/airflow/example_dags/example_external_task_marker_dag.py
[2025-01-27T00:37:48.839+0000] {processor.py:925} INFO - DAG(s) 'example_external_task_marker_child', 'example_external_task_marker_parent' retrieved from /home/airflow/.local/lib/python3.12/site-packages/airflow/example_dags/example_external_task_marker_dag.py
[2025-01-27T00:37:48.877+0000] {logging_mixin.py:190} INFO - [2025-01-27T00:37:48.877+0000] {dag.py:3239} INFO - Sync 2 DAGs
[2025-01-27T00:37:48.914+0000] {logging_mixin.py:190} INFO - [2025-01-27T00:37:48.913+0000] {dag.py:4180} INFO - Setting next_dagrun for example_external_task_marker_child to None, run_after=None
[2025-01-27T00:37:48.923+0000] {logging_mixin.py:190} INFO - [2025-01-27T00:37:48.923+0000] {dag.py:4180} INFO - Setting next_dagrun for example_external_task_marker_parent to None, run_after=None
[2025-01-27T00:37:48.963+0000] {processor.py:208} INFO - Processing /home/airflow/.local/lib/python3.12/site-packages/airflow/example_dags/example_external_task_marker_dag.py took 0.173 seconds
[2025-01-27T00:38:19.262+0000] {processor.py:186} INFO - Started process (PID=764) to work on /home/airflow/.local/lib/python3.12/site-packages/airflow/example_dags/example_external_task_marker_dag.py
[2025-01-27T00:38:19.265+0000] {processor.py:914} INFO - Processing file /home/airflow/.local/lib/python3.12/site-packages/airflow/example_dags/example_external_task_marker_dag.py for tasks to queue
[2025-01-27T00:38:19.278+0000] {logging_mixin.py:190} INFO - [2025-01-27T00:38:19.274+0000] {dagbag.py:588} INFO - Filling up the DagBag from /home/airflow/.local/lib/python3.12/site-packages/airflow/example_dags/example_external_task_marker_dag.py
[2025-01-27T00:38:19.293+0000] {processor.py:925} INFO - DAG(s) 'example_external_task_marker_child', 'example_external_task_marker_parent' retrieved from /home/airflow/.local/lib/python3.12/site-packages/airflow/example_dags/example_external_task_marker_dag.py
[2025-01-27T00:38:19.331+0000] {logging_mixin.py:190} INFO - [2025-01-27T00:38:19.331+0000] {dag.py:3239} INFO - Sync 2 DAGs
[2025-01-27T00:38:19.359+0000] {logging_mixin.py:190} INFO - [2025-01-27T00:38:19.358+0000] {dag.py:4180} INFO - Setting next_dagrun for example_external_task_marker_child to None, run_after=None
[2025-01-27T00:38:19.368+0000] {logging_mixin.py:190} INFO - [2025-01-27T00:38:19.367+0000] {dag.py:4180} INFO - Setting next_dagrun for example_external_task_marker_parent to None, run_after=None
[2025-01-27T00:38:19.390+0000] {processor.py:208} INFO - Processing /home/airflow/.local/lib/python3.12/site-packages/airflow/example_dags/example_external_task_marker_dag.py took 0.146 seconds
[2025-01-27T00:38:50.390+0000] {processor.py:186} INFO - Started process (PID=830) to work on /home/airflow/.local/lib/python3.12/site-packages/airflow/example_dags/example_external_task_marker_dag.py
[2025-01-27T00:38:50.391+0000] {processor.py:914} INFO - Processing file /home/airflow/.local/lib/python3.12/site-packages/airflow/example_dags/example_external_task_marker_dag.py for tasks to queue
[2025-01-27T00:38:50.397+0000] {logging_mixin.py:190} INFO - [2025-01-27T00:38:50.397+0000] {dagbag.py:588} INFO - Filling up the DagBag from /home/airflow/.local/lib/python3.12/site-packages/airflow/example_dags/example_external_task_marker_dag.py
[2025-01-27T00:38:50.420+0000] {processor.py:925} INFO - DAG(s) 'example_external_task_marker_parent', 'example_external_task_marker_child' retrieved from /home/airflow/.local/lib/python3.12/site-packages/airflow/example_dags/example_external_task_marker_dag.py
[2025-01-27T00:38:50.468+0000] {logging_mixin.py:190} INFO - [2025-01-27T00:38:50.467+0000] {dag.py:3239} INFO - Sync 2 DAGs
[2025-01-27T00:38:50.503+0000] {logging_mixin.py:190} INFO - [2025-01-27T00:38:50.502+0000] {dag.py:4180} INFO - Setting next_dagrun for example_external_task_marker_child to None, run_after=None
[2025-01-27T00:38:50.520+0000] {logging_mixin.py:190} INFO - [2025-01-27T00:38:50.520+0000] {dag.py:4180} INFO - Setting next_dagrun for example_external_task_marker_parent to None, run_after=None
[2025-01-27T00:38:50.563+0000] {processor.py:208} INFO - Processing /home/airflow/.local/lib/python3.12/site-packages/airflow/example_dags/example_external_task_marker_dag.py took 0.189 seconds
[2025-01-27T00:39:20.638+0000] {processor.py:186} INFO - Started process (PID=895) to work on /home/airflow/.local/lib/python3.12/site-packages/airflow/example_dags/example_external_task_marker_dag.py
[2025-01-27T00:39:20.639+0000] {processor.py:914} INFO - Processing file /home/airflow/.local/lib/python3.12/site-packages/airflow/example_dags/example_external_task_marker_dag.py for tasks to queue
[2025-01-27T00:39:20.644+0000] {logging_mixin.py:190} INFO - [2025-01-27T00:39:20.644+0000] {dagbag.py:588} INFO - Filling up the DagBag from /home/airflow/.local/lib/python3.12/site-packages/airflow/example_dags/example_external_task_marker_dag.py
[2025-01-27T00:39:20.655+0000] {processor.py:925} INFO - DAG(s) 'example_external_task_marker_parent', 'example_external_task_marker_child' retrieved from /home/airflow/.local/lib/python3.12/site-packages/airflow/example_dags/example_external_task_marker_dag.py
[2025-01-27T00:39:20.698+0000] {logging_mixin.py:190} INFO - [2025-01-27T00:39:20.697+0000] {dag.py:3239} INFO - Sync 2 DAGs
[2025-01-27T00:39:20.725+0000] {logging_mixin.py:190} INFO - [2025-01-27T00:39:20.725+0000] {dag.py:4180} INFO - Setting next_dagrun for example_external_task_marker_child to None, run_after=None
[2025-01-27T00:39:20.731+0000] {logging_mixin.py:190} INFO - [2025-01-27T00:39:20.731+0000] {dag.py:4180} INFO - Setting next_dagrun for example_external_task_marker_parent to None, run_after=None
[2025-01-27T00:39:20.763+0000] {processor.py:208} INFO - Processing /home/airflow/.local/lib/python3.12/site-packages/airflow/example_dags/example_external_task_marker_dag.py took 0.133 seconds
[2025-01-27T00:39:51.170+0000] {processor.py:186} INFO - Started process (PID=967) to work on /home/airflow/.local/lib/python3.12/site-packages/airflow/example_dags/example_external_task_marker_dag.py
[2025-01-27T00:39:51.171+0000] {processor.py:914} INFO - Processing file /home/airflow/.local/lib/python3.12/site-packages/airflow/example_dags/example_external_task_marker_dag.py for tasks to queue
[2025-01-27T00:39:51.174+0000] {logging_mixin.py:190} INFO - [2025-01-27T00:39:51.173+0000] {dagbag.py:588} INFO - Filling up the DagBag from /home/airflow/.local/lib/python3.12/site-packages/airflow/example_dags/example_external_task_marker_dag.py
[2025-01-27T00:39:51.184+0000] {processor.py:925} INFO - DAG(s) 'example_external_task_marker_child', 'example_external_task_marker_parent' retrieved from /home/airflow/.local/lib/python3.12/site-packages/airflow/example_dags/example_external_task_marker_dag.py
[2025-01-27T00:39:51.208+0000] {logging_mixin.py:190} INFO - [2025-01-27T00:39:51.208+0000] {dag.py:3239} INFO - Sync 2 DAGs
[2025-01-27T00:39:51.223+0000] {logging_mixin.py:190} INFO - [2025-01-27T00:39:51.223+0000] {dag.py:4180} INFO - Setting next_dagrun for example_external_task_marker_child to None, run_after=None
[2025-01-27T00:39:51.228+0000] {logging_mixin.py:190} INFO - [2025-01-27T00:39:51.228+0000] {dag.py:4180} INFO - Setting next_dagrun for example_external_task_marker_parent to None, run_after=None
[2025-01-27T00:39:51.257+0000] {processor.py:208} INFO - Processing /home/airflow/.local/lib/python3.12/site-packages/airflow/example_dags/example_external_task_marker_dag.py took 0.093 seconds
[2025-01-27T00:40:22.184+0000] {processor.py:186} INFO - Started process (PID=1034) to work on /home/airflow/.local/lib/python3.12/site-packages/airflow/example_dags/example_external_task_marker_dag.py
[2025-01-27T00:40:22.185+0000] {processor.py:914} INFO - Processing file /home/airflow/.local/lib/python3.12/site-packages/airflow/example_dags/example_external_task_marker_dag.py for tasks to queue
[2025-01-27T00:40:22.188+0000] {logging_mixin.py:190} INFO - [2025-01-27T00:40:22.188+0000] {dagbag.py:588} INFO - Filling up the DagBag from /home/airflow/.local/lib/python3.12/site-packages/airflow/example_dags/example_external_task_marker_dag.py
[2025-01-27T00:40:22.196+0000] {processor.py:925} INFO - DAG(s) 'example_external_task_marker_child', 'example_external_task_marker_parent' retrieved from /home/airflow/.local/lib/python3.12/site-packages/airflow/example_dags/example_external_task_marker_dag.py
[2025-01-27T00:40:22.222+0000] {logging_mixin.py:190} INFO - [2025-01-27T00:40:22.222+0000] {dag.py:3239} INFO - Sync 2 DAGs
[2025-01-27T00:40:22.238+0000] {logging_mixin.py:190} INFO - [2025-01-27T00:40:22.238+0000] {dag.py:4180} INFO - Setting next_dagrun for example_external_task_marker_child to None, run_after=None
[2025-01-27T00:40:22.242+0000] {logging_mixin.py:190} INFO - [2025-01-27T00:40:22.242+0000] {dag.py:4180} INFO - Setting next_dagrun for example_external_task_marker_parent to None, run_after=None
[2025-01-27T00:40:22.269+0000] {processor.py:208} INFO - Processing /home/airflow/.local/lib/python3.12/site-packages/airflow/example_dags/example_external_task_marker_dag.py took 0.093 seconds
