[2025-02-14T00:00:21.526+0000] {processor.py:186} INFO - Started process (PID=1568) to work on /home/airflow/.local/lib/python3.12/site-packages/airflow/example_dags/example_branch_labels.py
[2025-02-14T00:00:21.527+0000] {processor.py:914} INFO - Processing file /home/airflow/.local/lib/python3.12/site-packages/airflow/example_dags/example_branch_labels.py for tasks to queue
[2025-02-14T00:00:21.530+0000] {logging_mixin.py:190} INFO - [2025-02-14T00:00:21.529+0000] {dagbag.py:588} INFO - Filling up the DagBag from /home/airflow/.local/lib/python3.12/site-packages/airflow/example_dags/example_branch_labels.py
[2025-02-14T00:00:21.542+0000] {processor.py:925} INFO - DAG(s) 'example_branch_labels' retrieved from /home/airflow/.local/lib/python3.12/site-packages/airflow/example_dags/example_branch_labels.py
[2025-02-14T00:00:21.561+0000] {logging_mixin.py:190} INFO - [2025-02-14T00:00:21.561+0000] {dag.py:3239} INFO - Sync 1 DAGs
[2025-02-14T00:00:21.588+0000] {logging_mixin.py:190} INFO - [2025-02-14T00:00:21.587+0000] {dag.py:4180} INFO - Setting next_dagrun for example_branch_labels to 2025-02-13 00:00:00+00:00, run_after=2025-02-14 00:00:00+00:00
[2025-02-14T00:00:21.608+0000] {processor.py:208} INFO - Processing /home/airflow/.local/lib/python3.12/site-packages/airflow/example_dags/example_branch_labels.py took 0.088 seconds
[2025-02-14T00:00:53.226+0000] {processor.py:186} INFO - Started process (PID=1617) to work on /home/airflow/.local/lib/python3.12/site-packages/airflow/example_dags/example_branch_labels.py
[2025-02-14T00:00:53.227+0000] {processor.py:914} INFO - Processing file /home/airflow/.local/lib/python3.12/site-packages/airflow/example_dags/example_branch_labels.py for tasks to queue
[2025-02-14T00:00:53.231+0000] {logging_mixin.py:190} INFO - [2025-02-14T00:00:53.230+0000] {dagbag.py:588} INFO - Filling up the DagBag from /home/airflow/.local/lib/python3.12/site-packages/airflow/example_dags/example_branch_labels.py
[2025-02-14T00:00:53.245+0000] {processor.py:925} INFO - DAG(s) 'example_branch_labels' retrieved from /home/airflow/.local/lib/python3.12/site-packages/airflow/example_dags/example_branch_labels.py
[2025-02-14T00:00:53.271+0000] {logging_mixin.py:190} INFO - [2025-02-14T00:00:53.271+0000] {dag.py:3239} INFO - Sync 1 DAGs
[2025-02-14T00:00:53.307+0000] {logging_mixin.py:190} INFO - [2025-02-14T00:00:53.307+0000] {dag.py:4180} INFO - Setting next_dagrun for example_branch_labels to 2025-02-13 00:00:00+00:00, run_after=2025-02-14 00:00:00+00:00
[2025-02-14T00:00:53.332+0000] {processor.py:208} INFO - Processing /home/airflow/.local/lib/python3.12/site-packages/airflow/example_dags/example_branch_labels.py took 0.114 seconds
[2025-02-14T00:01:23.847+0000] {processor.py:186} INFO - Started process (PID=1683) to work on /home/airflow/.local/lib/python3.12/site-packages/airflow/example_dags/example_branch_labels.py
[2025-02-14T00:01:23.849+0000] {processor.py:914} INFO - Processing file /home/airflow/.local/lib/python3.12/site-packages/airflow/example_dags/example_branch_labels.py for tasks to queue
[2025-02-14T00:01:23.852+0000] {logging_mixin.py:190} INFO - [2025-02-14T00:01:23.851+0000] {dagbag.py:588} INFO - Filling up the DagBag from /home/airflow/.local/lib/python3.12/site-packages/airflow/example_dags/example_branch_labels.py
[2025-02-14T00:01:23.865+0000] {processor.py:925} INFO - DAG(s) 'example_branch_labels' retrieved from /home/airflow/.local/lib/python3.12/site-packages/airflow/example_dags/example_branch_labels.py
[2025-02-14T00:01:23.887+0000] {logging_mixin.py:190} INFO - [2025-02-14T00:01:23.887+0000] {dag.py:3239} INFO - Sync 1 DAGs
[2025-02-14T00:01:23.913+0000] {logging_mixin.py:190} INFO - [2025-02-14T00:01:23.913+0000] {dag.py:4180} INFO - Setting next_dagrun for example_branch_labels to 2025-02-13 00:00:00+00:00, run_after=2025-02-14 00:00:00+00:00
[2025-02-14T00:01:23.932+0000] {processor.py:208} INFO - Processing /home/airflow/.local/lib/python3.12/site-packages/airflow/example_dags/example_branch_labels.py took 0.091 seconds
[2025-02-14T00:01:54.748+0000] {processor.py:186} INFO - Started process (PID=1745) to work on /home/airflow/.local/lib/python3.12/site-packages/airflow/example_dags/example_branch_labels.py
[2025-02-14T00:01:54.749+0000] {processor.py:914} INFO - Processing file /home/airflow/.local/lib/python3.12/site-packages/airflow/example_dags/example_branch_labels.py for tasks to queue
[2025-02-14T00:01:54.751+0000] {logging_mixin.py:190} INFO - [2025-02-14T00:01:54.751+0000] {dagbag.py:588} INFO - Filling up the DagBag from /home/airflow/.local/lib/python3.12/site-packages/airflow/example_dags/example_branch_labels.py
[2025-02-14T00:01:54.767+0000] {processor.py:925} INFO - DAG(s) 'example_branch_labels' retrieved from /home/airflow/.local/lib/python3.12/site-packages/airflow/example_dags/example_branch_labels.py
[2025-02-14T00:01:54.792+0000] {logging_mixin.py:190} INFO - [2025-02-14T00:01:54.792+0000] {dag.py:3239} INFO - Sync 1 DAGs
[2025-02-14T00:01:54.829+0000] {logging_mixin.py:190} INFO - [2025-02-14T00:01:54.828+0000] {dag.py:4180} INFO - Setting next_dagrun for example_branch_labels to 2025-02-13 00:00:00+00:00, run_after=2025-02-14 00:00:00+00:00
[2025-02-14T00:01:54.851+0000] {processor.py:208} INFO - Processing /home/airflow/.local/lib/python3.12/site-packages/airflow/example_dags/example_branch_labels.py took 0.109 seconds
[2025-02-14T00:02:25.370+0000] {processor.py:186} INFO - Started process (PID=1811) to work on /home/airflow/.local/lib/python3.12/site-packages/airflow/example_dags/example_branch_labels.py
[2025-02-14T00:02:25.371+0000] {processor.py:914} INFO - Processing file /home/airflow/.local/lib/python3.12/site-packages/airflow/example_dags/example_branch_labels.py for tasks to queue
[2025-02-14T00:02:25.374+0000] {logging_mixin.py:190} INFO - [2025-02-14T00:02:25.374+0000] {dagbag.py:588} INFO - Filling up the DagBag from /home/airflow/.local/lib/python3.12/site-packages/airflow/example_dags/example_branch_labels.py
[2025-02-14T00:02:25.386+0000] {processor.py:925} INFO - DAG(s) 'example_branch_labels' retrieved from /home/airflow/.local/lib/python3.12/site-packages/airflow/example_dags/example_branch_labels.py
[2025-02-14T00:02:25.412+0000] {logging_mixin.py:190} INFO - [2025-02-14T00:02:25.412+0000] {dag.py:3239} INFO - Sync 1 DAGs
[2025-02-14T00:02:25.448+0000] {logging_mixin.py:190} INFO - [2025-02-14T00:02:25.448+0000] {dag.py:4180} INFO - Setting next_dagrun for example_branch_labels to 2025-02-13 00:00:00+00:00, run_after=2025-02-14 00:00:00+00:00
[2025-02-14T00:02:25.473+0000] {processor.py:208} INFO - Processing /home/airflow/.local/lib/python3.12/site-packages/airflow/example_dags/example_branch_labels.py took 0.111 seconds
[2025-02-14T00:02:56.262+0000] {processor.py:186} INFO - Started process (PID=1875) to work on /home/airflow/.local/lib/python3.12/site-packages/airflow/example_dags/example_branch_labels.py
[2025-02-14T00:02:56.264+0000] {processor.py:914} INFO - Processing file /home/airflow/.local/lib/python3.12/site-packages/airflow/example_dags/example_branch_labels.py for tasks to queue
[2025-02-14T00:02:56.267+0000] {logging_mixin.py:190} INFO - [2025-02-14T00:02:56.266+0000] {dagbag.py:588} INFO - Filling up the DagBag from /home/airflow/.local/lib/python3.12/site-packages/airflow/example_dags/example_branch_labels.py
[2025-02-14T00:02:56.279+0000] {processor.py:925} INFO - DAG(s) 'example_branch_labels' retrieved from /home/airflow/.local/lib/python3.12/site-packages/airflow/example_dags/example_branch_labels.py
[2025-02-14T00:02:56.304+0000] {logging_mixin.py:190} INFO - [2025-02-14T00:02:56.304+0000] {dag.py:3239} INFO - Sync 1 DAGs
[2025-02-14T00:02:56.334+0000] {logging_mixin.py:190} INFO - [2025-02-14T00:02:56.333+0000] {dag.py:4180} INFO - Setting next_dagrun for example_branch_labels to 2025-02-13 00:00:00+00:00, run_after=2025-02-14 00:00:00+00:00
[2025-02-14T00:02:56.357+0000] {processor.py:208} INFO - Processing /home/airflow/.local/lib/python3.12/site-packages/airflow/example_dags/example_branch_labels.py took 0.102 seconds
[2025-02-14T00:03:27.064+0000] {processor.py:186} INFO - Started process (PID=1941) to work on /home/airflow/.local/lib/python3.12/site-packages/airflow/example_dags/example_branch_labels.py
[2025-02-14T00:03:27.065+0000] {processor.py:914} INFO - Processing file /home/airflow/.local/lib/python3.12/site-packages/airflow/example_dags/example_branch_labels.py for tasks to queue
[2025-02-14T00:03:27.068+0000] {logging_mixin.py:190} INFO - [2025-02-14T00:03:27.068+0000] {dagbag.py:588} INFO - Filling up the DagBag from /home/airflow/.local/lib/python3.12/site-packages/airflow/example_dags/example_branch_labels.py
[2025-02-14T00:03:27.079+0000] {processor.py:925} INFO - DAG(s) 'example_branch_labels' retrieved from /home/airflow/.local/lib/python3.12/site-packages/airflow/example_dags/example_branch_labels.py
[2025-02-14T00:03:27.100+0000] {logging_mixin.py:190} INFO - [2025-02-14T00:03:27.100+0000] {dag.py:3239} INFO - Sync 1 DAGs
[2025-02-14T00:03:27.125+0000] {logging_mixin.py:190} INFO - [2025-02-14T00:03:27.125+0000] {dag.py:4180} INFO - Setting next_dagrun for example_branch_labels to 2025-02-13 00:00:00+00:00, run_after=2025-02-14 00:00:00+00:00
[2025-02-14T00:03:27.142+0000] {processor.py:208} INFO - Processing /home/airflow/.local/lib/python3.12/site-packages/airflow/example_dags/example_branch_labels.py took 0.085 seconds
[2025-02-14T00:03:57.300+0000] {processor.py:186} INFO - Started process (PID=2008) to work on /home/airflow/.local/lib/python3.12/site-packages/airflow/example_dags/example_branch_labels.py
[2025-02-14T00:03:57.301+0000] {processor.py:914} INFO - Processing file /home/airflow/.local/lib/python3.12/site-packages/airflow/example_dags/example_branch_labels.py for tasks to queue
[2025-02-14T00:03:57.304+0000] {logging_mixin.py:190} INFO - [2025-02-14T00:03:57.304+0000] {dagbag.py:588} INFO - Filling up the DagBag from /home/airflow/.local/lib/python3.12/site-packages/airflow/example_dags/example_branch_labels.py
[2025-02-14T00:03:57.314+0000] {processor.py:925} INFO - DAG(s) 'example_branch_labels' retrieved from /home/airflow/.local/lib/python3.12/site-packages/airflow/example_dags/example_branch_labels.py
[2025-02-14T00:03:57.336+0000] {logging_mixin.py:190} INFO - [2025-02-14T00:03:57.335+0000] {dag.py:3239} INFO - Sync 1 DAGs
[2025-02-14T00:03:57.360+0000] {logging_mixin.py:190} INFO - [2025-02-14T00:03:57.359+0000] {dag.py:4180} INFO - Setting next_dagrun for example_branch_labels to 2025-02-13 00:00:00+00:00, run_after=2025-02-14 00:00:00+00:00
[2025-02-14T00:03:57.378+0000] {processor.py:208} INFO - Processing /home/airflow/.local/lib/python3.12/site-packages/airflow/example_dags/example_branch_labels.py took 0.084 seconds
[2025-02-14T00:04:28.202+0000] {processor.py:186} INFO - Started process (PID=2072) to work on /home/airflow/.local/lib/python3.12/site-packages/airflow/example_dags/example_branch_labels.py
[2025-02-14T00:04:28.204+0000] {processor.py:914} INFO - Processing file /home/airflow/.local/lib/python3.12/site-packages/airflow/example_dags/example_branch_labels.py for tasks to queue
[2025-02-14T00:04:28.206+0000] {logging_mixin.py:190} INFO - [2025-02-14T00:04:28.206+0000] {dagbag.py:588} INFO - Filling up the DagBag from /home/airflow/.local/lib/python3.12/site-packages/airflow/example_dags/example_branch_labels.py
[2025-02-14T00:04:28.219+0000] {processor.py:925} INFO - DAG(s) 'example_branch_labels' retrieved from /home/airflow/.local/lib/python3.12/site-packages/airflow/example_dags/example_branch_labels.py
[2025-02-14T00:04:28.248+0000] {logging_mixin.py:190} INFO - [2025-02-14T00:04:28.248+0000] {dag.py:3239} INFO - Sync 1 DAGs
[2025-02-14T00:04:28.278+0000] {logging_mixin.py:190} INFO - [2025-02-14T00:04:28.278+0000] {dag.py:4180} INFO - Setting next_dagrun for example_branch_labels to 2025-02-13 00:00:00+00:00, run_after=2025-02-14 00:00:00+00:00
[2025-02-14T00:04:28.298+0000] {processor.py:208} INFO - Processing /home/airflow/.local/lib/python3.12/site-packages/airflow/example_dags/example_branch_labels.py took 0.101 seconds
[2025-02-14T00:04:58.790+0000] {processor.py:186} INFO - Started process (PID=2139) to work on /home/airflow/.local/lib/python3.12/site-packages/airflow/example_dags/example_branch_labels.py
[2025-02-14T00:04:58.792+0000] {processor.py:914} INFO - Processing file /home/airflow/.local/lib/python3.12/site-packages/airflow/example_dags/example_branch_labels.py for tasks to queue
[2025-02-14T00:04:58.799+0000] {logging_mixin.py:190} INFO - [2025-02-14T00:04:58.796+0000] {dagbag.py:588} INFO - Filling up the DagBag from /home/airflow/.local/lib/python3.12/site-packages/airflow/example_dags/example_branch_labels.py
[2025-02-14T00:04:58.814+0000] {processor.py:925} INFO - DAG(s) 'example_branch_labels' retrieved from /home/airflow/.local/lib/python3.12/site-packages/airflow/example_dags/example_branch_labels.py
[2025-02-14T00:04:58.845+0000] {logging_mixin.py:190} INFO - [2025-02-14T00:04:58.845+0000] {dag.py:3239} INFO - Sync 1 DAGs
[2025-02-14T00:04:58.883+0000] {logging_mixin.py:190} INFO - [2025-02-14T00:04:58.882+0000] {dag.py:4180} INFO - Setting next_dagrun for example_branch_labels to 2025-02-13 00:00:00+00:00, run_after=2025-02-14 00:00:00+00:00
[2025-02-14T00:04:58.912+0000] {processor.py:208} INFO - Processing /home/airflow/.local/lib/python3.12/site-packages/airflow/example_dags/example_branch_labels.py took 0.130 seconds
[2025-02-14T00:05:29.421+0000] {processor.py:186} INFO - Started process (PID=2205) to work on /home/airflow/.local/lib/python3.12/site-packages/airflow/example_dags/example_branch_labels.py
[2025-02-14T00:05:29.422+0000] {processor.py:914} INFO - Processing file /home/airflow/.local/lib/python3.12/site-packages/airflow/example_dags/example_branch_labels.py for tasks to queue
[2025-02-14T00:05:29.424+0000] {logging_mixin.py:190} INFO - [2025-02-14T00:05:29.424+0000] {dagbag.py:588} INFO - Filling up the DagBag from /home/airflow/.local/lib/python3.12/site-packages/airflow/example_dags/example_branch_labels.py
[2025-02-14T00:05:29.435+0000] {processor.py:925} INFO - DAG(s) 'example_branch_labels' retrieved from /home/airflow/.local/lib/python3.12/site-packages/airflow/example_dags/example_branch_labels.py
[2025-02-14T00:05:29.455+0000] {logging_mixin.py:190} INFO - [2025-02-14T00:05:29.454+0000] {dag.py:3239} INFO - Sync 1 DAGs
[2025-02-14T00:05:29.484+0000] {logging_mixin.py:190} INFO - [2025-02-14T00:05:29.483+0000] {dag.py:4180} INFO - Setting next_dagrun for example_branch_labels to 2025-02-13 00:00:00+00:00, run_after=2025-02-14 00:00:00+00:00
[2025-02-14T00:05:29.503+0000] {processor.py:208} INFO - Processing /home/airflow/.local/lib/python3.12/site-packages/airflow/example_dags/example_branch_labels.py took 0.088 seconds
[2025-02-14T00:05:59.994+0000] {processor.py:186} INFO - Started process (PID=2271) to work on /home/airflow/.local/lib/python3.12/site-packages/airflow/example_dags/example_branch_labels.py
[2025-02-14T00:05:59.996+0000] {processor.py:914} INFO - Processing file /home/airflow/.local/lib/python3.12/site-packages/airflow/example_dags/example_branch_labels.py for tasks to queue
[2025-02-14T00:05:59.999+0000] {logging_mixin.py:190} INFO - [2025-02-14T00:05:59.998+0000] {dagbag.py:588} INFO - Filling up the DagBag from /home/airflow/.local/lib/python3.12/site-packages/airflow/example_dags/example_branch_labels.py
[2025-02-14T00:06:00.009+0000] {processor.py:925} INFO - DAG(s) 'example_branch_labels' retrieved from /home/airflow/.local/lib/python3.12/site-packages/airflow/example_dags/example_branch_labels.py
[2025-02-14T00:06:00.041+0000] {logging_mixin.py:190} INFO - [2025-02-14T00:06:00.041+0000] {dag.py:3239} INFO - Sync 1 DAGs
[2025-02-14T00:06:00.067+0000] {logging_mixin.py:190} INFO - [2025-02-14T00:06:00.066+0000] {dag.py:4180} INFO - Setting next_dagrun for example_branch_labels to 2025-02-13 00:00:00+00:00, run_after=2025-02-14 00:00:00+00:00
[2025-02-14T00:06:00.085+0000] {processor.py:208} INFO - Processing /home/airflow/.local/lib/python3.12/site-packages/airflow/example_dags/example_branch_labels.py took 0.098 seconds
[2025-02-14T00:06:30.252+0000] {processor.py:186} INFO - Started process (PID=2337) to work on /home/airflow/.local/lib/python3.12/site-packages/airflow/example_dags/example_branch_labels.py
[2025-02-14T00:06:30.253+0000] {processor.py:914} INFO - Processing file /home/airflow/.local/lib/python3.12/site-packages/airflow/example_dags/example_branch_labels.py for tasks to queue
[2025-02-14T00:06:30.257+0000] {logging_mixin.py:190} INFO - [2025-02-14T00:06:30.256+0000] {dagbag.py:588} INFO - Filling up the DagBag from /home/airflow/.local/lib/python3.12/site-packages/airflow/example_dags/example_branch_labels.py
[2025-02-14T00:06:30.268+0000] {processor.py:925} INFO - DAG(s) 'example_branch_labels' retrieved from /home/airflow/.local/lib/python3.12/site-packages/airflow/example_dags/example_branch_labels.py
[2025-02-14T00:06:30.289+0000] {logging_mixin.py:190} INFO - [2025-02-14T00:06:30.289+0000] {dag.py:3239} INFO - Sync 1 DAGs
[2025-02-14T00:06:30.319+0000] {logging_mixin.py:190} INFO - [2025-02-14T00:06:30.319+0000] {dag.py:4180} INFO - Setting next_dagrun for example_branch_labels to 2025-02-13 00:00:00+00:00, run_after=2025-02-14 00:00:00+00:00
[2025-02-14T00:06:30.341+0000] {processor.py:208} INFO - Processing /home/airflow/.local/lib/python3.12/site-packages/airflow/example_dags/example_branch_labels.py took 0.099 seconds
[2025-02-14T00:07:00.461+0000] {processor.py:186} INFO - Started process (PID=2403) to work on /home/airflow/.local/lib/python3.12/site-packages/airflow/example_dags/example_branch_labels.py
[2025-02-14T00:07:00.463+0000] {processor.py:914} INFO - Processing file /home/airflow/.local/lib/python3.12/site-packages/airflow/example_dags/example_branch_labels.py for tasks to queue
[2025-02-14T00:07:00.466+0000] {logging_mixin.py:190} INFO - [2025-02-14T00:07:00.466+0000] {dagbag.py:588} INFO - Filling up the DagBag from /home/airflow/.local/lib/python3.12/site-packages/airflow/example_dags/example_branch_labels.py
[2025-02-14T00:07:00.481+0000] {processor.py:925} INFO - DAG(s) 'example_branch_labels' retrieved from /home/airflow/.local/lib/python3.12/site-packages/airflow/example_dags/example_branch_labels.py
[2025-02-14T00:07:00.510+0000] {logging_mixin.py:190} INFO - [2025-02-14T00:07:00.510+0000] {dag.py:3239} INFO - Sync 1 DAGs
[2025-02-14T00:07:00.544+0000] {logging_mixin.py:190} INFO - [2025-02-14T00:07:00.544+0000] {dag.py:4180} INFO - Setting next_dagrun for example_branch_labels to 2025-02-13 00:00:00+00:00, run_after=2025-02-14 00:00:00+00:00
[2025-02-14T00:07:00.577+0000] {processor.py:208} INFO - Processing /home/airflow/.local/lib/python3.12/site-packages/airflow/example_dags/example_branch_labels.py took 0.126 seconds
[2025-02-14T00:07:30.639+0000] {processor.py:186} INFO - Started process (PID=2469) to work on /home/airflow/.local/lib/python3.12/site-packages/airflow/example_dags/example_branch_labels.py
[2025-02-14T00:07:30.640+0000] {processor.py:914} INFO - Processing file /home/airflow/.local/lib/python3.12/site-packages/airflow/example_dags/example_branch_labels.py for tasks to queue
[2025-02-14T00:07:30.642+0000] {logging_mixin.py:190} INFO - [2025-02-14T00:07:30.642+0000] {dagbag.py:588} INFO - Filling up the DagBag from /home/airflow/.local/lib/python3.12/site-packages/airflow/example_dags/example_branch_labels.py
[2025-02-14T00:07:30.652+0000] {processor.py:925} INFO - DAG(s) 'example_branch_labels' retrieved from /home/airflow/.local/lib/python3.12/site-packages/airflow/example_dags/example_branch_labels.py
[2025-02-14T00:07:30.674+0000] {logging_mixin.py:190} INFO - [2025-02-14T00:07:30.674+0000] {dag.py:3239} INFO - Sync 1 DAGs
[2025-02-14T00:07:30.698+0000] {logging_mixin.py:190} INFO - [2025-02-14T00:07:30.698+0000] {dag.py:4180} INFO - Setting next_dagrun for example_branch_labels to 2025-02-13 00:00:00+00:00, run_after=2025-02-14 00:00:00+00:00
[2025-02-14T00:07:30.718+0000] {processor.py:208} INFO - Processing /home/airflow/.local/lib/python3.12/site-packages/airflow/example_dags/example_branch_labels.py took 0.085 seconds
[2025-02-14T00:08:01.269+0000] {processor.py:186} INFO - Started process (PID=2535) to work on /home/airflow/.local/lib/python3.12/site-packages/airflow/example_dags/example_branch_labels.py
[2025-02-14T00:08:01.270+0000] {processor.py:914} INFO - Processing file /home/airflow/.local/lib/python3.12/site-packages/airflow/example_dags/example_branch_labels.py for tasks to queue
[2025-02-14T00:08:01.274+0000] {logging_mixin.py:190} INFO - [2025-02-14T00:08:01.273+0000] {dagbag.py:588} INFO - Filling up the DagBag from /home/airflow/.local/lib/python3.12/site-packages/airflow/example_dags/example_branch_labels.py
[2025-02-14T00:08:01.289+0000] {processor.py:925} INFO - DAG(s) 'example_branch_labels' retrieved from /home/airflow/.local/lib/python3.12/site-packages/airflow/example_dags/example_branch_labels.py
[2025-02-14T00:08:01.320+0000] {logging_mixin.py:190} INFO - [2025-02-14T00:08:01.319+0000] {dag.py:3239} INFO - Sync 1 DAGs
[2025-02-14T00:08:01.353+0000] {logging_mixin.py:190} INFO - [2025-02-14T00:08:01.353+0000] {dag.py:4180} INFO - Setting next_dagrun for example_branch_labels to 2025-02-13 00:00:00+00:00, run_after=2025-02-14 00:00:00+00:00
[2025-02-14T00:08:01.379+0000] {processor.py:208} INFO - Processing /home/airflow/.local/lib/python3.12/site-packages/airflow/example_dags/example_branch_labels.py took 0.117 seconds
[2025-02-14T00:08:31.569+0000] {processor.py:186} INFO - Started process (PID=2602) to work on /home/airflow/.local/lib/python3.12/site-packages/airflow/example_dags/example_branch_labels.py
[2025-02-14T00:08:31.570+0000] {processor.py:914} INFO - Processing file /home/airflow/.local/lib/python3.12/site-packages/airflow/example_dags/example_branch_labels.py for tasks to queue
[2025-02-14T00:08:31.575+0000] {logging_mixin.py:190} INFO - [2025-02-14T00:08:31.575+0000] {dagbag.py:588} INFO - Filling up the DagBag from /home/airflow/.local/lib/python3.12/site-packages/airflow/example_dags/example_branch_labels.py
[2025-02-14T00:08:31.591+0000] {processor.py:925} INFO - DAG(s) 'example_branch_labels' retrieved from /home/airflow/.local/lib/python3.12/site-packages/airflow/example_dags/example_branch_labels.py
[2025-02-14T00:08:31.631+0000] {logging_mixin.py:190} INFO - [2025-02-14T00:08:31.631+0000] {dag.py:3239} INFO - Sync 1 DAGs
[2025-02-14T00:08:31.685+0000] {logging_mixin.py:190} INFO - [2025-02-14T00:08:31.685+0000] {dag.py:4180} INFO - Setting next_dagrun for example_branch_labels to 2025-02-13 00:00:00+00:00, run_after=2025-02-14 00:00:00+00:00
[2025-02-14T00:08:31.714+0000] {processor.py:208} INFO - Processing /home/airflow/.local/lib/python3.12/site-packages/airflow/example_dags/example_branch_labels.py took 0.156 seconds
[2025-02-14T00:09:01.911+0000] {processor.py:186} INFO - Started process (PID=2668) to work on /home/airflow/.local/lib/python3.12/site-packages/airflow/example_dags/example_branch_labels.py
[2025-02-14T00:09:01.912+0000] {processor.py:914} INFO - Processing file /home/airflow/.local/lib/python3.12/site-packages/airflow/example_dags/example_branch_labels.py for tasks to queue
[2025-02-14T00:09:01.915+0000] {logging_mixin.py:190} INFO - [2025-02-14T00:09:01.914+0000] {dagbag.py:588} INFO - Filling up the DagBag from /home/airflow/.local/lib/python3.12/site-packages/airflow/example_dags/example_branch_labels.py
[2025-02-14T00:09:01.926+0000] {processor.py:925} INFO - DAG(s) 'example_branch_labels' retrieved from /home/airflow/.local/lib/python3.12/site-packages/airflow/example_dags/example_branch_labels.py
[2025-02-14T00:09:01.948+0000] {logging_mixin.py:190} INFO - [2025-02-14T00:09:01.948+0000] {dag.py:3239} INFO - Sync 1 DAGs
[2025-02-14T00:09:01.976+0000] {logging_mixin.py:190} INFO - [2025-02-14T00:09:01.975+0000] {dag.py:4180} INFO - Setting next_dagrun for example_branch_labels to 2025-02-13 00:00:00+00:00, run_after=2025-02-14 00:00:00+00:00
[2025-02-14T00:09:01.999+0000] {processor.py:208} INFO - Processing /home/airflow/.local/lib/python3.12/site-packages/airflow/example_dags/example_branch_labels.py took 0.093 seconds
[2025-02-14T00:09:32.232+0000] {processor.py:186} INFO - Started process (PID=2734) to work on /home/airflow/.local/lib/python3.12/site-packages/airflow/example_dags/example_branch_labels.py
[2025-02-14T00:09:32.233+0000] {processor.py:914} INFO - Processing file /home/airflow/.local/lib/python3.12/site-packages/airflow/example_dags/example_branch_labels.py for tasks to queue
[2025-02-14T00:09:32.236+0000] {logging_mixin.py:190} INFO - [2025-02-14T00:09:32.236+0000] {dagbag.py:588} INFO - Filling up the DagBag from /home/airflow/.local/lib/python3.12/site-packages/airflow/example_dags/example_branch_labels.py
[2025-02-14T00:09:32.248+0000] {processor.py:925} INFO - DAG(s) 'example_branch_labels' retrieved from /home/airflow/.local/lib/python3.12/site-packages/airflow/example_dags/example_branch_labels.py
[2025-02-14T00:09:32.271+0000] {logging_mixin.py:190} INFO - [2025-02-14T00:09:32.270+0000] {dag.py:3239} INFO - Sync 1 DAGs
[2025-02-14T00:09:32.304+0000] {logging_mixin.py:190} INFO - [2025-02-14T00:09:32.303+0000] {dag.py:4180} INFO - Setting next_dagrun for example_branch_labels to 2025-02-13 00:00:00+00:00, run_after=2025-02-14 00:00:00+00:00
[2025-02-14T00:09:32.324+0000] {processor.py:208} INFO - Processing /home/airflow/.local/lib/python3.12/site-packages/airflow/example_dags/example_branch_labels.py took 0.097 seconds
[2025-02-14T00:10:03.023+0000] {processor.py:186} INFO - Started process (PID=2796) to work on /home/airflow/.local/lib/python3.12/site-packages/airflow/example_dags/example_branch_labels.py
[2025-02-14T00:10:03.024+0000] {processor.py:914} INFO - Processing file /home/airflow/.local/lib/python3.12/site-packages/airflow/example_dags/example_branch_labels.py for tasks to queue
[2025-02-14T00:10:03.027+0000] {logging_mixin.py:190} INFO - [2025-02-14T00:10:03.026+0000] {dagbag.py:588} INFO - Filling up the DagBag from /home/airflow/.local/lib/python3.12/site-packages/airflow/example_dags/example_branch_labels.py
[2025-02-14T00:10:03.041+0000] {processor.py:925} INFO - DAG(s) 'example_branch_labels' retrieved from /home/airflow/.local/lib/python3.12/site-packages/airflow/example_dags/example_branch_labels.py
[2025-02-14T00:10:03.061+0000] {logging_mixin.py:190} INFO - [2025-02-14T00:10:03.061+0000] {dag.py:3239} INFO - Sync 1 DAGs
[2025-02-14T00:10:03.093+0000] {logging_mixin.py:190} INFO - [2025-02-14T00:10:03.093+0000] {dag.py:4180} INFO - Setting next_dagrun for example_branch_labels to 2025-02-13 00:00:00+00:00, run_after=2025-02-14 00:00:00+00:00
[2025-02-14T00:10:03.119+0000] {processor.py:208} INFO - Processing /home/airflow/.local/lib/python3.12/site-packages/airflow/example_dags/example_branch_labels.py took 0.105 seconds
[2025-02-14T00:10:33.669+0000] {processor.py:186} INFO - Started process (PID=2862) to work on /home/airflow/.local/lib/python3.12/site-packages/airflow/example_dags/example_branch_labels.py
[2025-02-14T00:10:33.670+0000] {processor.py:914} INFO - Processing file /home/airflow/.local/lib/python3.12/site-packages/airflow/example_dags/example_branch_labels.py for tasks to queue
[2025-02-14T00:10:33.672+0000] {logging_mixin.py:190} INFO - [2025-02-14T00:10:33.672+0000] {dagbag.py:588} INFO - Filling up the DagBag from /home/airflow/.local/lib/python3.12/site-packages/airflow/example_dags/example_branch_labels.py
[2025-02-14T00:10:33.685+0000] {processor.py:925} INFO - DAG(s) 'example_branch_labels' retrieved from /home/airflow/.local/lib/python3.12/site-packages/airflow/example_dags/example_branch_labels.py
[2025-02-14T00:10:33.709+0000] {logging_mixin.py:190} INFO - [2025-02-14T00:10:33.709+0000] {dag.py:3239} INFO - Sync 1 DAGs
[2025-02-14T00:10:33.737+0000] {logging_mixin.py:190} INFO - [2025-02-14T00:10:33.737+0000] {dag.py:4180} INFO - Setting next_dagrun for example_branch_labels to 2025-02-13 00:00:00+00:00, run_after=2025-02-14 00:00:00+00:00
[2025-02-14T00:10:33.756+0000] {processor.py:208} INFO - Processing /home/airflow/.local/lib/python3.12/site-packages/airflow/example_dags/example_branch_labels.py took 0.093 seconds
[2025-02-14T00:11:04.143+0000] {processor.py:186} INFO - Started process (PID=2928) to work on /home/airflow/.local/lib/python3.12/site-packages/airflow/example_dags/example_branch_labels.py
[2025-02-14T00:11:04.143+0000] {processor.py:914} INFO - Processing file /home/airflow/.local/lib/python3.12/site-packages/airflow/example_dags/example_branch_labels.py for tasks to queue
[2025-02-14T00:11:04.146+0000] {logging_mixin.py:190} INFO - [2025-02-14T00:11:04.145+0000] {dagbag.py:588} INFO - Filling up the DagBag from /home/airflow/.local/lib/python3.12/site-packages/airflow/example_dags/example_branch_labels.py
[2025-02-14T00:11:04.156+0000] {processor.py:925} INFO - DAG(s) 'example_branch_labels' retrieved from /home/airflow/.local/lib/python3.12/site-packages/airflow/example_dags/example_branch_labels.py
[2025-02-14T00:11:04.180+0000] {logging_mixin.py:190} INFO - [2025-02-14T00:11:04.179+0000] {dag.py:3239} INFO - Sync 1 DAGs
[2025-02-14T00:11:04.213+0000] {logging_mixin.py:190} INFO - [2025-02-14T00:11:04.213+0000] {dag.py:4180} INFO - Setting next_dagrun for example_branch_labels to 2025-02-13 00:00:00+00:00, run_after=2025-02-14 00:00:00+00:00
[2025-02-14T00:11:04.260+0000] {processor.py:208} INFO - Processing /home/airflow/.local/lib/python3.12/site-packages/airflow/example_dags/example_branch_labels.py took 0.123 seconds
[2025-02-14T00:11:34.750+0000] {processor.py:186} INFO - Started process (PID=2994) to work on /home/airflow/.local/lib/python3.12/site-packages/airflow/example_dags/example_branch_labels.py
[2025-02-14T00:11:34.751+0000] {processor.py:914} INFO - Processing file /home/airflow/.local/lib/python3.12/site-packages/airflow/example_dags/example_branch_labels.py for tasks to queue
[2025-02-14T00:11:34.755+0000] {logging_mixin.py:190} INFO - [2025-02-14T00:11:34.754+0000] {dagbag.py:588} INFO - Filling up the DagBag from /home/airflow/.local/lib/python3.12/site-packages/airflow/example_dags/example_branch_labels.py
[2025-02-14T00:11:34.766+0000] {processor.py:925} INFO - DAG(s) 'example_branch_labels' retrieved from /home/airflow/.local/lib/python3.12/site-packages/airflow/example_dags/example_branch_labels.py
[2025-02-14T00:11:34.791+0000] {logging_mixin.py:190} INFO - [2025-02-14T00:11:34.791+0000] {dag.py:3239} INFO - Sync 1 DAGs
[2025-02-14T00:11:34.823+0000] {logging_mixin.py:190} INFO - [2025-02-14T00:11:34.822+0000] {dag.py:4180} INFO - Setting next_dagrun for example_branch_labels to 2025-02-13 00:00:00+00:00, run_after=2025-02-14 00:00:00+00:00
[2025-02-14T00:11:34.844+0000] {processor.py:208} INFO - Processing /home/airflow/.local/lib/python3.12/site-packages/airflow/example_dags/example_branch_labels.py took 0.100 seconds
[2025-02-14T00:12:05.770+0000] {processor.py:186} INFO - Started process (PID=3060) to work on /home/airflow/.local/lib/python3.12/site-packages/airflow/example_dags/example_branch_labels.py
[2025-02-14T00:12:05.771+0000] {processor.py:914} INFO - Processing file /home/airflow/.local/lib/python3.12/site-packages/airflow/example_dags/example_branch_labels.py for tasks to queue
[2025-02-14T00:12:05.775+0000] {logging_mixin.py:190} INFO - [2025-02-14T00:12:05.775+0000] {dagbag.py:588} INFO - Filling up the DagBag from /home/airflow/.local/lib/python3.12/site-packages/airflow/example_dags/example_branch_labels.py
[2025-02-14T00:12:05.787+0000] {processor.py:925} INFO - DAG(s) 'example_branch_labels' retrieved from /home/airflow/.local/lib/python3.12/site-packages/airflow/example_dags/example_branch_labels.py
[2025-02-14T00:12:05.806+0000] {logging_mixin.py:190} INFO - [2025-02-14T00:12:05.805+0000] {dag.py:3239} INFO - Sync 1 DAGs
[2025-02-14T00:12:06.002+0000] {logging_mixin.py:190} INFO - [2025-02-14T00:12:06.001+0000] {dag.py:4180} INFO - Setting next_dagrun for example_branch_labels to 2025-02-13 00:00:00+00:00, run_after=2025-02-14 00:00:00+00:00
[2025-02-14T00:12:06.025+0000] {processor.py:208} INFO - Processing /home/airflow/.local/lib/python3.12/site-packages/airflow/example_dags/example_branch_labels.py took 0.262 seconds
[2025-02-14T00:12:36.583+0000] {processor.py:186} INFO - Started process (PID=3126) to work on /home/airflow/.local/lib/python3.12/site-packages/airflow/example_dags/example_branch_labels.py
[2025-02-14T00:12:36.585+0000] {processor.py:914} INFO - Processing file /home/airflow/.local/lib/python3.12/site-packages/airflow/example_dags/example_branch_labels.py for tasks to queue
[2025-02-14T00:12:36.587+0000] {logging_mixin.py:190} INFO - [2025-02-14T00:12:36.587+0000] {dagbag.py:588} INFO - Filling up the DagBag from /home/airflow/.local/lib/python3.12/site-packages/airflow/example_dags/example_branch_labels.py
[2025-02-14T00:12:36.601+0000] {processor.py:925} INFO - DAG(s) 'example_branch_labels' retrieved from /home/airflow/.local/lib/python3.12/site-packages/airflow/example_dags/example_branch_labels.py
[2025-02-14T00:12:36.628+0000] {logging_mixin.py:190} INFO - [2025-02-14T00:12:36.628+0000] {dag.py:3239} INFO - Sync 1 DAGs
[2025-02-14T00:12:36.697+0000] {logging_mixin.py:190} INFO - [2025-02-14T00:12:36.697+0000] {dag.py:4180} INFO - Setting next_dagrun for example_branch_labels to 2025-02-13 00:00:00+00:00, run_after=2025-02-14 00:00:00+00:00
[2025-02-14T00:12:37.022+0000] {processor.py:208} INFO - Processing /home/airflow/.local/lib/python3.12/site-packages/airflow/example_dags/example_branch_labels.py took 0.447 seconds
[2025-02-14T00:13:07.263+0000] {processor.py:186} INFO - Started process (PID=3192) to work on /home/airflow/.local/lib/python3.12/site-packages/airflow/example_dags/example_branch_labels.py
[2025-02-14T00:13:07.264+0000] {processor.py:914} INFO - Processing file /home/airflow/.local/lib/python3.12/site-packages/airflow/example_dags/example_branch_labels.py for tasks to queue
[2025-02-14T00:13:07.267+0000] {logging_mixin.py:190} INFO - [2025-02-14T00:13:07.267+0000] {dagbag.py:588} INFO - Filling up the DagBag from /home/airflow/.local/lib/python3.12/site-packages/airflow/example_dags/example_branch_labels.py
[2025-02-14T00:13:07.277+0000] {processor.py:925} INFO - DAG(s) 'example_branch_labels' retrieved from /home/airflow/.local/lib/python3.12/site-packages/airflow/example_dags/example_branch_labels.py
[2025-02-14T00:13:07.296+0000] {logging_mixin.py:190} INFO - [2025-02-14T00:13:07.295+0000] {dag.py:3239} INFO - Sync 1 DAGs
[2025-02-14T00:13:07.319+0000] {logging_mixin.py:190} INFO - [2025-02-14T00:13:07.318+0000] {dag.py:4180} INFO - Setting next_dagrun for example_branch_labels to 2025-02-13 00:00:00+00:00, run_after=2025-02-14 00:00:00+00:00
[2025-02-14T00:13:07.337+0000] {processor.py:208} INFO - Processing /home/airflow/.local/lib/python3.12/site-packages/airflow/example_dags/example_branch_labels.py took 0.079 seconds
[2025-02-14T00:13:38.091+0000] {processor.py:186} INFO - Started process (PID=3258) to work on /home/airflow/.local/lib/python3.12/site-packages/airflow/example_dags/example_branch_labels.py
[2025-02-14T00:13:38.092+0000] {processor.py:914} INFO - Processing file /home/airflow/.local/lib/python3.12/site-packages/airflow/example_dags/example_branch_labels.py for tasks to queue
[2025-02-14T00:13:38.095+0000] {logging_mixin.py:190} INFO - [2025-02-14T00:13:38.094+0000] {dagbag.py:588} INFO - Filling up the DagBag from /home/airflow/.local/lib/python3.12/site-packages/airflow/example_dags/example_branch_labels.py
[2025-02-14T00:13:38.105+0000] {processor.py:925} INFO - DAG(s) 'example_branch_labels' retrieved from /home/airflow/.local/lib/python3.12/site-packages/airflow/example_dags/example_branch_labels.py
[2025-02-14T00:13:38.126+0000] {logging_mixin.py:190} INFO - [2025-02-14T00:13:38.125+0000] {dag.py:3239} INFO - Sync 1 DAGs
[2025-02-14T00:13:38.150+0000] {logging_mixin.py:190} INFO - [2025-02-14T00:13:38.150+0000] {dag.py:4180} INFO - Setting next_dagrun for example_branch_labels to 2025-02-13 00:00:00+00:00, run_after=2025-02-14 00:00:00+00:00
[2025-02-14T00:13:38.168+0000] {processor.py:208} INFO - Processing /home/airflow/.local/lib/python3.12/site-packages/airflow/example_dags/example_branch_labels.py took 0.083 seconds
[2025-02-14T00:14:08.691+0000] {processor.py:186} INFO - Started process (PID=3324) to work on /home/airflow/.local/lib/python3.12/site-packages/airflow/example_dags/example_branch_labels.py
[2025-02-14T00:14:08.692+0000] {processor.py:914} INFO - Processing file /home/airflow/.local/lib/python3.12/site-packages/airflow/example_dags/example_branch_labels.py for tasks to queue
[2025-02-14T00:14:08.694+0000] {logging_mixin.py:190} INFO - [2025-02-14T00:14:08.694+0000] {dagbag.py:588} INFO - Filling up the DagBag from /home/airflow/.local/lib/python3.12/site-packages/airflow/example_dags/example_branch_labels.py
[2025-02-14T00:14:08.704+0000] {processor.py:925} INFO - DAG(s) 'example_branch_labels' retrieved from /home/airflow/.local/lib/python3.12/site-packages/airflow/example_dags/example_branch_labels.py
[2025-02-14T00:14:08.727+0000] {logging_mixin.py:190} INFO - [2025-02-14T00:14:08.727+0000] {dag.py:3239} INFO - Sync 1 DAGs
[2025-02-14T00:14:08.757+0000] {logging_mixin.py:190} INFO - [2025-02-14T00:14:08.757+0000] {dag.py:4180} INFO - Setting next_dagrun for example_branch_labels to 2025-02-13 00:00:00+00:00, run_after=2025-02-14 00:00:00+00:00
[2025-02-14T00:14:08.773+0000] {processor.py:208} INFO - Processing /home/airflow/.local/lib/python3.12/site-packages/airflow/example_dags/example_branch_labels.py took 0.090 seconds
[2025-02-14T00:14:38.997+0000] {processor.py:186} INFO - Started process (PID=3389) to work on /home/airflow/.local/lib/python3.12/site-packages/airflow/example_dags/example_branch_labels.py
[2025-02-14T00:14:38.998+0000] {processor.py:914} INFO - Processing file /home/airflow/.local/lib/python3.12/site-packages/airflow/example_dags/example_branch_labels.py for tasks to queue
[2025-02-14T00:14:39.001+0000] {logging_mixin.py:190} INFO - [2025-02-14T00:14:39.001+0000] {dagbag.py:588} INFO - Filling up the DagBag from /home/airflow/.local/lib/python3.12/site-packages/airflow/example_dags/example_branch_labels.py
[2025-02-14T00:14:39.014+0000] {processor.py:925} INFO - DAG(s) 'example_branch_labels' retrieved from /home/airflow/.local/lib/python3.12/site-packages/airflow/example_dags/example_branch_labels.py
[2025-02-14T00:14:39.033+0000] {logging_mixin.py:190} INFO - [2025-02-14T00:14:39.033+0000] {dag.py:3239} INFO - Sync 1 DAGs
[2025-02-14T00:14:39.065+0000] {logging_mixin.py:190} INFO - [2025-02-14T00:14:39.065+0000] {dag.py:4180} INFO - Setting next_dagrun for example_branch_labels to 2025-02-13 00:00:00+00:00, run_after=2025-02-14 00:00:00+00:00
[2025-02-14T00:14:39.089+0000] {processor.py:208} INFO - Processing /home/airflow/.local/lib/python3.12/site-packages/airflow/example_dags/example_branch_labels.py took 0.098 seconds
[2025-02-14T00:15:09.358+0000] {processor.py:186} INFO - Started process (PID=3455) to work on /home/airflow/.local/lib/python3.12/site-packages/airflow/example_dags/example_branch_labels.py
[2025-02-14T00:15:09.359+0000] {processor.py:914} INFO - Processing file /home/airflow/.local/lib/python3.12/site-packages/airflow/example_dags/example_branch_labels.py for tasks to queue
[2025-02-14T00:15:09.362+0000] {logging_mixin.py:190} INFO - [2025-02-14T00:15:09.361+0000] {dagbag.py:588} INFO - Filling up the DagBag from /home/airflow/.local/lib/python3.12/site-packages/airflow/example_dags/example_branch_labels.py
[2025-02-14T00:15:09.373+0000] {processor.py:925} INFO - DAG(s) 'example_branch_labels' retrieved from /home/airflow/.local/lib/python3.12/site-packages/airflow/example_dags/example_branch_labels.py
[2025-02-14T00:15:09.396+0000] {logging_mixin.py:190} INFO - [2025-02-14T00:15:09.396+0000] {dag.py:3239} INFO - Sync 1 DAGs
[2025-02-14T00:15:09.424+0000] {logging_mixin.py:190} INFO - [2025-02-14T00:15:09.423+0000] {dag.py:4180} INFO - Setting next_dagrun for example_branch_labels to 2025-02-13 00:00:00+00:00, run_after=2025-02-14 00:00:00+00:00
[2025-02-14T00:15:09.445+0000] {processor.py:208} INFO - Processing /home/airflow/.local/lib/python3.12/site-packages/airflow/example_dags/example_branch_labels.py took 0.093 seconds
[2025-02-14T00:15:39.763+0000] {processor.py:186} INFO - Started process (PID=3521) to work on /home/airflow/.local/lib/python3.12/site-packages/airflow/example_dags/example_branch_labels.py
[2025-02-14T00:15:39.764+0000] {processor.py:914} INFO - Processing file /home/airflow/.local/lib/python3.12/site-packages/airflow/example_dags/example_branch_labels.py for tasks to queue
[2025-02-14T00:15:39.767+0000] {logging_mixin.py:190} INFO - [2025-02-14T00:15:39.767+0000] {dagbag.py:588} INFO - Filling up the DagBag from /home/airflow/.local/lib/python3.12/site-packages/airflow/example_dags/example_branch_labels.py
[2025-02-14T00:15:39.781+0000] {processor.py:925} INFO - DAG(s) 'example_branch_labels' retrieved from /home/airflow/.local/lib/python3.12/site-packages/airflow/example_dags/example_branch_labels.py
[2025-02-14T00:15:39.818+0000] {logging_mixin.py:190} INFO - [2025-02-14T00:15:39.817+0000] {dag.py:3239} INFO - Sync 1 DAGs
[2025-02-14T00:15:39.852+0000] {logging_mixin.py:190} INFO - [2025-02-14T00:15:39.851+0000] {dag.py:4180} INFO - Setting next_dagrun for example_branch_labels to 2025-02-13 00:00:00+00:00, run_after=2025-02-14 00:00:00+00:00
[2025-02-14T00:15:39.880+0000] {processor.py:208} INFO - Processing /home/airflow/.local/lib/python3.12/site-packages/airflow/example_dags/example_branch_labels.py took 0.125 seconds
[2025-02-14T00:16:10.704+0000] {processor.py:186} INFO - Started process (PID=3587) to work on /home/airflow/.local/lib/python3.12/site-packages/airflow/example_dags/example_branch_labels.py
[2025-02-14T00:16:10.705+0000] {processor.py:914} INFO - Processing file /home/airflow/.local/lib/python3.12/site-packages/airflow/example_dags/example_branch_labels.py for tasks to queue
[2025-02-14T00:16:10.708+0000] {logging_mixin.py:190} INFO - [2025-02-14T00:16:10.708+0000] {dagbag.py:588} INFO - Filling up the DagBag from /home/airflow/.local/lib/python3.12/site-packages/airflow/example_dags/example_branch_labels.py
[2025-02-14T00:16:10.723+0000] {processor.py:925} INFO - DAG(s) 'example_branch_labels' retrieved from /home/airflow/.local/lib/python3.12/site-packages/airflow/example_dags/example_branch_labels.py
[2025-02-14T00:16:10.755+0000] {logging_mixin.py:190} INFO - [2025-02-14T00:16:10.755+0000] {dag.py:3239} INFO - Sync 1 DAGs
[2025-02-14T00:16:10.802+0000] {logging_mixin.py:190} INFO - [2025-02-14T00:16:10.802+0000] {dag.py:4180} INFO - Setting next_dagrun for example_branch_labels to 2025-02-13 00:00:00+00:00, run_after=2025-02-14 00:00:00+00:00
[2025-02-14T00:16:10.832+0000] {processor.py:208} INFO - Processing /home/airflow/.local/lib/python3.12/site-packages/airflow/example_dags/example_branch_labels.py took 0.137 seconds
[2025-02-14T00:16:41.748+0000] {processor.py:186} INFO - Started process (PID=3652) to work on /home/airflow/.local/lib/python3.12/site-packages/airflow/example_dags/example_branch_labels.py
[2025-02-14T00:16:41.749+0000] {processor.py:914} INFO - Processing file /home/airflow/.local/lib/python3.12/site-packages/airflow/example_dags/example_branch_labels.py for tasks to queue
[2025-02-14T00:16:41.751+0000] {logging_mixin.py:190} INFO - [2025-02-14T00:16:41.751+0000] {dagbag.py:588} INFO - Filling up the DagBag from /home/airflow/.local/lib/python3.12/site-packages/airflow/example_dags/example_branch_labels.py
[2025-02-14T00:16:41.760+0000] {processor.py:925} INFO - DAG(s) 'example_branch_labels' retrieved from /home/airflow/.local/lib/python3.12/site-packages/airflow/example_dags/example_branch_labels.py
[2025-02-14T00:16:41.777+0000] {logging_mixin.py:190} INFO - [2025-02-14T00:16:41.777+0000] {dag.py:3239} INFO - Sync 1 DAGs
[2025-02-14T00:16:41.799+0000] {logging_mixin.py:190} INFO - [2025-02-14T00:16:41.798+0000] {dag.py:4180} INFO - Setting next_dagrun for example_branch_labels to 2025-02-13 00:00:00+00:00, run_after=2025-02-14 00:00:00+00:00
[2025-02-14T00:16:41.817+0000] {processor.py:208} INFO - Processing /home/airflow/.local/lib/python3.12/site-packages/airflow/example_dags/example_branch_labels.py took 0.074 seconds
[2025-02-14T00:17:12.566+0000] {processor.py:186} INFO - Started process (PID=3718) to work on /home/airflow/.local/lib/python3.12/site-packages/airflow/example_dags/example_branch_labels.py
[2025-02-14T00:17:12.567+0000] {processor.py:914} INFO - Processing file /home/airflow/.local/lib/python3.12/site-packages/airflow/example_dags/example_branch_labels.py for tasks to queue
[2025-02-14T00:17:12.570+0000] {logging_mixin.py:190} INFO - [2025-02-14T00:17:12.570+0000] {dagbag.py:588} INFO - Filling up the DagBag from /home/airflow/.local/lib/python3.12/site-packages/airflow/example_dags/example_branch_labels.py
[2025-02-14T00:17:12.586+0000] {processor.py:925} INFO - DAG(s) 'example_branch_labels' retrieved from /home/airflow/.local/lib/python3.12/site-packages/airflow/example_dags/example_branch_labels.py
[2025-02-14T00:17:12.614+0000] {logging_mixin.py:190} INFO - [2025-02-14T00:17:12.613+0000] {dag.py:3239} INFO - Sync 1 DAGs
[2025-02-14T00:17:12.648+0000] {logging_mixin.py:190} INFO - [2025-02-14T00:17:12.648+0000] {dag.py:4180} INFO - Setting next_dagrun for example_branch_labels to 2025-02-13 00:00:00+00:00, run_after=2025-02-14 00:00:00+00:00
[2025-02-14T00:17:12.673+0000] {processor.py:208} INFO - Processing /home/airflow/.local/lib/python3.12/site-packages/airflow/example_dags/example_branch_labels.py took 0.121 seconds
[2025-02-14T00:17:42.924+0000] {processor.py:186} INFO - Started process (PID=3784) to work on /home/airflow/.local/lib/python3.12/site-packages/airflow/example_dags/example_branch_labels.py
[2025-02-14T00:17:42.926+0000] {processor.py:914} INFO - Processing file /home/airflow/.local/lib/python3.12/site-packages/airflow/example_dags/example_branch_labels.py for tasks to queue
[2025-02-14T00:17:42.933+0000] {logging_mixin.py:190} INFO - [2025-02-14T00:17:42.932+0000] {dagbag.py:588} INFO - Filling up the DagBag from /home/airflow/.local/lib/python3.12/site-packages/airflow/example_dags/example_branch_labels.py
[2025-02-14T00:17:42.953+0000] {processor.py:925} INFO - DAG(s) 'example_branch_labels' retrieved from /home/airflow/.local/lib/python3.12/site-packages/airflow/example_dags/example_branch_labels.py
[2025-02-14T00:17:42.987+0000] {logging_mixin.py:190} INFO - [2025-02-14T00:17:42.987+0000] {dag.py:3239} INFO - Sync 1 DAGs
[2025-02-14T00:17:43.033+0000] {logging_mixin.py:190} INFO - [2025-02-14T00:17:43.032+0000] {dag.py:4180} INFO - Setting next_dagrun for example_branch_labels to 2025-02-13 00:00:00+00:00, run_after=2025-02-14 00:00:00+00:00
[2025-02-14T00:17:43.054+0000] {processor.py:208} INFO - Processing /home/airflow/.local/lib/python3.12/site-packages/airflow/example_dags/example_branch_labels.py took 0.138 seconds
[2025-02-14T00:18:13.174+0000] {processor.py:186} INFO - Started process (PID=3850) to work on /home/airflow/.local/lib/python3.12/site-packages/airflow/example_dags/example_branch_labels.py
[2025-02-14T00:18:13.175+0000] {processor.py:914} INFO - Processing file /home/airflow/.local/lib/python3.12/site-packages/airflow/example_dags/example_branch_labels.py for tasks to queue
[2025-02-14T00:18:13.178+0000] {logging_mixin.py:190} INFO - [2025-02-14T00:18:13.177+0000] {dagbag.py:588} INFO - Filling up the DagBag from /home/airflow/.local/lib/python3.12/site-packages/airflow/example_dags/example_branch_labels.py
[2025-02-14T00:18:13.192+0000] {processor.py:925} INFO - DAG(s) 'example_branch_labels' retrieved from /home/airflow/.local/lib/python3.12/site-packages/airflow/example_dags/example_branch_labels.py
[2025-02-14T00:18:13.212+0000] {logging_mixin.py:190} INFO - [2025-02-14T00:18:13.212+0000] {dag.py:3239} INFO - Sync 1 DAGs
[2025-02-14T00:18:13.238+0000] {logging_mixin.py:190} INFO - [2025-02-14T00:18:13.237+0000] {dag.py:4180} INFO - Setting next_dagrun for example_branch_labels to 2025-02-13 00:00:00+00:00, run_after=2025-02-14 00:00:00+00:00
[2025-02-14T00:18:13.257+0000] {processor.py:208} INFO - Processing /home/airflow/.local/lib/python3.12/site-packages/airflow/example_dags/example_branch_labels.py took 0.090 seconds
[2025-02-14T00:18:43.865+0000] {processor.py:186} INFO - Started process (PID=3915) to work on /home/airflow/.local/lib/python3.12/site-packages/airflow/example_dags/example_branch_labels.py
[2025-02-14T00:18:43.867+0000] {processor.py:914} INFO - Processing file /home/airflow/.local/lib/python3.12/site-packages/airflow/example_dags/example_branch_labels.py for tasks to queue
[2025-02-14T00:18:43.870+0000] {logging_mixin.py:190} INFO - [2025-02-14T00:18:43.869+0000] {dagbag.py:588} INFO - Filling up the DagBag from /home/airflow/.local/lib/python3.12/site-packages/airflow/example_dags/example_branch_labels.py
[2025-02-14T00:18:43.885+0000] {processor.py:925} INFO - DAG(s) 'example_branch_labels' retrieved from /home/airflow/.local/lib/python3.12/site-packages/airflow/example_dags/example_branch_labels.py
[2025-02-14T00:18:43.909+0000] {logging_mixin.py:190} INFO - [2025-02-14T00:18:43.909+0000] {dag.py:3239} INFO - Sync 1 DAGs
[2025-02-14T00:18:43.939+0000] {logging_mixin.py:190} INFO - [2025-02-14T00:18:43.939+0000] {dag.py:4180} INFO - Setting next_dagrun for example_branch_labels to 2025-02-13 00:00:00+00:00, run_after=2025-02-14 00:00:00+00:00
[2025-02-14T00:18:43.962+0000] {processor.py:208} INFO - Processing /home/airflow/.local/lib/python3.12/site-packages/airflow/example_dags/example_branch_labels.py took 0.106 seconds
[2025-02-14T00:19:14.290+0000] {processor.py:186} INFO - Started process (PID=3980) to work on /home/airflow/.local/lib/python3.12/site-packages/airflow/example_dags/example_branch_labels.py
[2025-02-14T00:19:14.291+0000] {processor.py:914} INFO - Processing file /home/airflow/.local/lib/python3.12/site-packages/airflow/example_dags/example_branch_labels.py for tasks to queue
[2025-02-14T00:19:14.293+0000] {logging_mixin.py:190} INFO - [2025-02-14T00:19:14.293+0000] {dagbag.py:588} INFO - Filling up the DagBag from /home/airflow/.local/lib/python3.12/site-packages/airflow/example_dags/example_branch_labels.py
[2025-02-14T00:19:14.304+0000] {processor.py:925} INFO - DAG(s) 'example_branch_labels' retrieved from /home/airflow/.local/lib/python3.12/site-packages/airflow/example_dags/example_branch_labels.py
[2025-02-14T00:19:14.326+0000] {logging_mixin.py:190} INFO - [2025-02-14T00:19:14.326+0000] {dag.py:3239} INFO - Sync 1 DAGs
[2025-02-14T00:19:14.352+0000] {logging_mixin.py:190} INFO - [2025-02-14T00:19:14.351+0000] {dag.py:4180} INFO - Setting next_dagrun for example_branch_labels to 2025-02-13 00:00:00+00:00, run_after=2025-02-14 00:00:00+00:00
[2025-02-14T00:19:14.369+0000] {processor.py:208} INFO - Processing /home/airflow/.local/lib/python3.12/site-packages/airflow/example_dags/example_branch_labels.py took 0.087 seconds
[2025-02-14T00:19:44.553+0000] {processor.py:186} INFO - Started process (PID=4046) to work on /home/airflow/.local/lib/python3.12/site-packages/airflow/example_dags/example_branch_labels.py
[2025-02-14T00:19:44.554+0000] {processor.py:914} INFO - Processing file /home/airflow/.local/lib/python3.12/site-packages/airflow/example_dags/example_branch_labels.py for tasks to queue
[2025-02-14T00:19:44.556+0000] {logging_mixin.py:190} INFO - [2025-02-14T00:19:44.556+0000] {dagbag.py:588} INFO - Filling up the DagBag from /home/airflow/.local/lib/python3.12/site-packages/airflow/example_dags/example_branch_labels.py
[2025-02-14T00:19:44.567+0000] {processor.py:925} INFO - DAG(s) 'example_branch_labels' retrieved from /home/airflow/.local/lib/python3.12/site-packages/airflow/example_dags/example_branch_labels.py
[2025-02-14T00:19:44.589+0000] {logging_mixin.py:190} INFO - [2025-02-14T00:19:44.588+0000] {dag.py:3239} INFO - Sync 1 DAGs
[2025-02-14T00:19:44.616+0000] {logging_mixin.py:190} INFO - [2025-02-14T00:19:44.616+0000] {dag.py:4180} INFO - Setting next_dagrun for example_branch_labels to 2025-02-13 00:00:00+00:00, run_after=2025-02-14 00:00:00+00:00
[2025-02-14T00:19:44.637+0000] {processor.py:208} INFO - Processing /home/airflow/.local/lib/python3.12/site-packages/airflow/example_dags/example_branch_labels.py took 0.090 seconds
[2025-02-14T00:20:15.696+0000] {processor.py:186} INFO - Started process (PID=4112) to work on /home/airflow/.local/lib/python3.12/site-packages/airflow/example_dags/example_branch_labels.py
[2025-02-14T00:20:15.697+0000] {processor.py:914} INFO - Processing file /home/airflow/.local/lib/python3.12/site-packages/airflow/example_dags/example_branch_labels.py for tasks to queue
[2025-02-14T00:20:15.700+0000] {logging_mixin.py:190} INFO - [2025-02-14T00:20:15.699+0000] {dagbag.py:588} INFO - Filling up the DagBag from /home/airflow/.local/lib/python3.12/site-packages/airflow/example_dags/example_branch_labels.py
[2025-02-14T00:20:15.711+0000] {processor.py:925} INFO - DAG(s) 'example_branch_labels' retrieved from /home/airflow/.local/lib/python3.12/site-packages/airflow/example_dags/example_branch_labels.py
[2025-02-14T00:20:15.733+0000] {logging_mixin.py:190} INFO - [2025-02-14T00:20:15.732+0000] {dag.py:3239} INFO - Sync 1 DAGs
[2025-02-14T00:20:15.760+0000] {logging_mixin.py:190} INFO - [2025-02-14T00:20:15.760+0000] {dag.py:4180} INFO - Setting next_dagrun for example_branch_labels to 2025-02-13 00:00:00+00:00, run_after=2025-02-14 00:00:00+00:00
[2025-02-14T00:20:15.779+0000] {processor.py:208} INFO - Processing /home/airflow/.local/lib/python3.12/site-packages/airflow/example_dags/example_branch_labels.py took 0.091 seconds
[2025-02-14T00:20:46.278+0000] {processor.py:186} INFO - Started process (PID=4178) to work on /home/airflow/.local/lib/python3.12/site-packages/airflow/example_dags/example_branch_labels.py
[2025-02-14T00:20:46.279+0000] {processor.py:914} INFO - Processing file /home/airflow/.local/lib/python3.12/site-packages/airflow/example_dags/example_branch_labels.py for tasks to queue
[2025-02-14T00:20:46.281+0000] {logging_mixin.py:190} INFO - [2025-02-14T00:20:46.281+0000] {dagbag.py:588} INFO - Filling up the DagBag from /home/airflow/.local/lib/python3.12/site-packages/airflow/example_dags/example_branch_labels.py
[2025-02-14T00:20:46.291+0000] {processor.py:925} INFO - DAG(s) 'example_branch_labels' retrieved from /home/airflow/.local/lib/python3.12/site-packages/airflow/example_dags/example_branch_labels.py
[2025-02-14T00:20:46.314+0000] {logging_mixin.py:190} INFO - [2025-02-14T00:20:46.314+0000] {dag.py:3239} INFO - Sync 1 DAGs
[2025-02-14T00:20:46.344+0000] {logging_mixin.py:190} INFO - [2025-02-14T00:20:46.344+0000] {dag.py:4180} INFO - Setting next_dagrun for example_branch_labels to 2025-02-13 00:00:00+00:00, run_after=2025-02-14 00:00:00+00:00
[2025-02-14T00:20:46.363+0000] {processor.py:208} INFO - Processing /home/airflow/.local/lib/python3.12/site-packages/airflow/example_dags/example_branch_labels.py took 0.091 seconds
[2025-02-14T00:21:17.120+0000] {processor.py:186} INFO - Started process (PID=4244) to work on /home/airflow/.local/lib/python3.12/site-packages/airflow/example_dags/example_branch_labels.py
[2025-02-14T00:21:17.145+0000] {processor.py:914} INFO - Processing file /home/airflow/.local/lib/python3.12/site-packages/airflow/example_dags/example_branch_labels.py for tasks to queue
[2025-02-14T00:21:17.149+0000] {logging_mixin.py:190} INFO - [2025-02-14T00:21:17.148+0000] {dagbag.py:588} INFO - Filling up the DagBag from /home/airflow/.local/lib/python3.12/site-packages/airflow/example_dags/example_branch_labels.py
[2025-02-14T00:21:17.167+0000] {processor.py:925} INFO - DAG(s) 'example_branch_labels' retrieved from /home/airflow/.local/lib/python3.12/site-packages/airflow/example_dags/example_branch_labels.py
[2025-02-14T00:21:17.203+0000] {logging_mixin.py:190} INFO - [2025-02-14T00:21:17.203+0000] {dag.py:3239} INFO - Sync 1 DAGs
[2025-02-14T00:21:17.248+0000] {logging_mixin.py:190} INFO - [2025-02-14T00:21:17.248+0000] {dag.py:4180} INFO - Setting next_dagrun for example_branch_labels to 2025-02-13 00:00:00+00:00, run_after=2025-02-14 00:00:00+00:00
[2025-02-14T00:21:17.284+0000] {processor.py:208} INFO - Processing /home/airflow/.local/lib/python3.12/site-packages/airflow/example_dags/example_branch_labels.py took 0.175 seconds
[2025-02-14T00:21:47.955+0000] {processor.py:186} INFO - Started process (PID=4310) to work on /home/airflow/.local/lib/python3.12/site-packages/airflow/example_dags/example_branch_labels.py
[2025-02-14T00:21:47.956+0000] {processor.py:914} INFO - Processing file /home/airflow/.local/lib/python3.12/site-packages/airflow/example_dags/example_branch_labels.py for tasks to queue
[2025-02-14T00:21:47.960+0000] {logging_mixin.py:190} INFO - [2025-02-14T00:21:47.960+0000] {dagbag.py:588} INFO - Filling up the DagBag from /home/airflow/.local/lib/python3.12/site-packages/airflow/example_dags/example_branch_labels.py
[2025-02-14T00:21:47.970+0000] {processor.py:925} INFO - DAG(s) 'example_branch_labels' retrieved from /home/airflow/.local/lib/python3.12/site-packages/airflow/example_dags/example_branch_labels.py
[2025-02-14T00:21:47.991+0000] {logging_mixin.py:190} INFO - [2025-02-14T00:21:47.991+0000] {dag.py:3239} INFO - Sync 1 DAGs
[2025-02-14T00:21:48.024+0000] {logging_mixin.py:190} INFO - [2025-02-14T00:21:48.024+0000] {dag.py:4180} INFO - Setting next_dagrun for example_branch_labels to 2025-02-13 00:00:00+00:00, run_after=2025-02-14 00:00:00+00:00
[2025-02-14T00:21:48.047+0000] {processor.py:208} INFO - Processing /home/airflow/.local/lib/python3.12/site-packages/airflow/example_dags/example_branch_labels.py took 0.098 seconds
[2025-02-14T00:22:18.097+0000] {processor.py:186} INFO - Started process (PID=4375) to work on /home/airflow/.local/lib/python3.12/site-packages/airflow/example_dags/example_branch_labels.py
[2025-02-14T00:22:18.098+0000] {processor.py:914} INFO - Processing file /home/airflow/.local/lib/python3.12/site-packages/airflow/example_dags/example_branch_labels.py for tasks to queue
[2025-02-14T00:22:18.100+0000] {logging_mixin.py:190} INFO - [2025-02-14T00:22:18.099+0000] {dagbag.py:588} INFO - Filling up the DagBag from /home/airflow/.local/lib/python3.12/site-packages/airflow/example_dags/example_branch_labels.py
[2025-02-14T00:22:18.109+0000] {processor.py:925} INFO - DAG(s) 'example_branch_labels' retrieved from /home/airflow/.local/lib/python3.12/site-packages/airflow/example_dags/example_branch_labels.py
[2025-02-14T00:22:18.127+0000] {logging_mixin.py:190} INFO - [2025-02-14T00:22:18.127+0000] {dag.py:3239} INFO - Sync 1 DAGs
[2025-02-14T00:22:18.153+0000] {logging_mixin.py:190} INFO - [2025-02-14T00:22:18.153+0000] {dag.py:4180} INFO - Setting next_dagrun for example_branch_labels to 2025-02-13 00:00:00+00:00, run_after=2025-02-14 00:00:00+00:00
[2025-02-14T00:22:18.179+0000] {processor.py:208} INFO - Processing /home/airflow/.local/lib/python3.12/site-packages/airflow/example_dags/example_branch_labels.py took 0.088 seconds
[2025-02-14T00:22:48.341+0000] {processor.py:186} INFO - Started process (PID=4441) to work on /home/airflow/.local/lib/python3.12/site-packages/airflow/example_dags/example_branch_labels.py
[2025-02-14T00:22:48.343+0000] {processor.py:914} INFO - Processing file /home/airflow/.local/lib/python3.12/site-packages/airflow/example_dags/example_branch_labels.py for tasks to queue
[2025-02-14T00:22:48.346+0000] {logging_mixin.py:190} INFO - [2025-02-14T00:22:48.345+0000] {dagbag.py:588} INFO - Filling up the DagBag from /home/airflow/.local/lib/python3.12/site-packages/airflow/example_dags/example_branch_labels.py
[2025-02-14T00:22:48.356+0000] {processor.py:925} INFO - DAG(s) 'example_branch_labels' retrieved from /home/airflow/.local/lib/python3.12/site-packages/airflow/example_dags/example_branch_labels.py
[2025-02-14T00:22:48.375+0000] {logging_mixin.py:190} INFO - [2025-02-14T00:22:48.374+0000] {dag.py:3239} INFO - Sync 1 DAGs
[2025-02-14T00:22:48.399+0000] {logging_mixin.py:190} INFO - [2025-02-14T00:22:48.398+0000] {dag.py:4180} INFO - Setting next_dagrun for example_branch_labels to 2025-02-13 00:00:00+00:00, run_after=2025-02-14 00:00:00+00:00
[2025-02-14T00:22:48.419+0000] {processor.py:208} INFO - Processing /home/airflow/.local/lib/python3.12/site-packages/airflow/example_dags/example_branch_labels.py took 0.086 seconds
[2025-02-14T00:23:18.752+0000] {processor.py:186} INFO - Started process (PID=4508) to work on /home/airflow/.local/lib/python3.12/site-packages/airflow/example_dags/example_branch_labels.py
[2025-02-14T00:23:18.753+0000] {processor.py:914} INFO - Processing file /home/airflow/.local/lib/python3.12/site-packages/airflow/example_dags/example_branch_labels.py for tasks to queue
[2025-02-14T00:23:18.756+0000] {logging_mixin.py:190} INFO - [2025-02-14T00:23:18.755+0000] {dagbag.py:588} INFO - Filling up the DagBag from /home/airflow/.local/lib/python3.12/site-packages/airflow/example_dags/example_branch_labels.py
[2025-02-14T00:23:18.771+0000] {processor.py:925} INFO - DAG(s) 'example_branch_labels' retrieved from /home/airflow/.local/lib/python3.12/site-packages/airflow/example_dags/example_branch_labels.py
[2025-02-14T00:23:18.799+0000] {logging_mixin.py:190} INFO - [2025-02-14T00:23:18.799+0000] {dag.py:3239} INFO - Sync 1 DAGs
[2025-02-14T00:23:18.832+0000] {logging_mixin.py:190} INFO - [2025-02-14T00:23:18.831+0000] {dag.py:4180} INFO - Setting next_dagrun for example_branch_labels to 2025-02-13 00:00:00+00:00, run_after=2025-02-14 00:00:00+00:00
[2025-02-14T00:23:18.852+0000] {processor.py:208} INFO - Processing /home/airflow/.local/lib/python3.12/site-packages/airflow/example_dags/example_branch_labels.py took 0.106 seconds
[2025-02-14T00:23:49.594+0000] {processor.py:186} INFO - Started process (PID=4576) to work on /home/airflow/.local/lib/python3.12/site-packages/airflow/example_dags/example_branch_labels.py
[2025-02-14T00:23:49.595+0000] {processor.py:914} INFO - Processing file /home/airflow/.local/lib/python3.12/site-packages/airflow/example_dags/example_branch_labels.py for tasks to queue
[2025-02-14T00:23:49.598+0000] {logging_mixin.py:190} INFO - [2025-02-14T00:23:49.597+0000] {dagbag.py:588} INFO - Filling up the DagBag from /home/airflow/.local/lib/python3.12/site-packages/airflow/example_dags/example_branch_labels.py
[2025-02-14T00:23:49.608+0000] {processor.py:925} INFO - DAG(s) 'example_branch_labels' retrieved from /home/airflow/.local/lib/python3.12/site-packages/airflow/example_dags/example_branch_labels.py
[2025-02-14T00:23:49.627+0000] {logging_mixin.py:190} INFO - [2025-02-14T00:23:49.627+0000] {dag.py:3239} INFO - Sync 1 DAGs
[2025-02-14T00:23:49.653+0000] {logging_mixin.py:190} INFO - [2025-02-14T00:23:49.653+0000] {dag.py:4180} INFO - Setting next_dagrun for example_branch_labels to 2025-02-13 00:00:00+00:00, run_after=2025-02-14 00:00:00+00:00
[2025-02-14T00:23:49.671+0000] {processor.py:208} INFO - Processing /home/airflow/.local/lib/python3.12/site-packages/airflow/example_dags/example_branch_labels.py took 0.084 seconds
[2025-02-14T00:24:19.883+0000] {processor.py:186} INFO - Started process (PID=4642) to work on /home/airflow/.local/lib/python3.12/site-packages/airflow/example_dags/example_branch_labels.py
[2025-02-14T00:24:19.884+0000] {processor.py:914} INFO - Processing file /home/airflow/.local/lib/python3.12/site-packages/airflow/example_dags/example_branch_labels.py for tasks to queue
[2025-02-14T00:24:19.887+0000] {logging_mixin.py:190} INFO - [2025-02-14T00:24:19.886+0000] {dagbag.py:588} INFO - Filling up the DagBag from /home/airflow/.local/lib/python3.12/site-packages/airflow/example_dags/example_branch_labels.py
[2025-02-14T00:24:19.911+0000] {processor.py:925} INFO - DAG(s) 'example_branch_labels' retrieved from /home/airflow/.local/lib/python3.12/site-packages/airflow/example_dags/example_branch_labels.py
[2025-02-14T00:24:19.944+0000] {logging_mixin.py:190} INFO - [2025-02-14T00:24:19.944+0000] {dag.py:3239} INFO - Sync 1 DAGs
[2025-02-14T00:24:19.988+0000] {logging_mixin.py:190} INFO - [2025-02-14T00:24:19.988+0000] {dag.py:4180} INFO - Setting next_dagrun for example_branch_labels to 2025-02-13 00:00:00+00:00, run_after=2025-02-14 00:00:00+00:00
[2025-02-14T00:24:20.048+0000] {processor.py:208} INFO - Processing /home/airflow/.local/lib/python3.12/site-packages/airflow/example_dags/example_branch_labels.py took 0.173 seconds
[2025-02-14T00:24:50.380+0000] {processor.py:186} INFO - Started process (PID=4708) to work on /home/airflow/.local/lib/python3.12/site-packages/airflow/example_dags/example_branch_labels.py
[2025-02-14T00:24:50.381+0000] {processor.py:914} INFO - Processing file /home/airflow/.local/lib/python3.12/site-packages/airflow/example_dags/example_branch_labels.py for tasks to queue
[2025-02-14T00:24:50.383+0000] {logging_mixin.py:190} INFO - [2025-02-14T00:24:50.383+0000] {dagbag.py:588} INFO - Filling up the DagBag from /home/airflow/.local/lib/python3.12/site-packages/airflow/example_dags/example_branch_labels.py
[2025-02-14T00:24:50.395+0000] {processor.py:925} INFO - DAG(s) 'example_branch_labels' retrieved from /home/airflow/.local/lib/python3.12/site-packages/airflow/example_dags/example_branch_labels.py
[2025-02-14T00:24:50.429+0000] {logging_mixin.py:190} INFO - [2025-02-14T00:24:50.429+0000] {dag.py:3239} INFO - Sync 1 DAGs
[2025-02-14T00:24:50.467+0000] {logging_mixin.py:190} INFO - [2025-02-14T00:24:50.467+0000] {dag.py:4180} INFO - Setting next_dagrun for example_branch_labels to 2025-02-13 00:00:00+00:00, run_after=2025-02-14 00:00:00+00:00
[2025-02-14T00:24:50.493+0000] {processor.py:208} INFO - Processing /home/airflow/.local/lib/python3.12/site-packages/airflow/example_dags/example_branch_labels.py took 0.118 seconds
[2025-02-14T00:25:21.089+0000] {processor.py:186} INFO - Started process (PID=4780) to work on /home/airflow/.local/lib/python3.12/site-packages/airflow/example_dags/example_branch_labels.py
[2025-02-14T00:25:21.090+0000] {processor.py:914} INFO - Processing file /home/airflow/.local/lib/python3.12/site-packages/airflow/example_dags/example_branch_labels.py for tasks to queue
[2025-02-14T00:25:21.092+0000] {logging_mixin.py:190} INFO - [2025-02-14T00:25:21.092+0000] {dagbag.py:588} INFO - Filling up the DagBag from /home/airflow/.local/lib/python3.12/site-packages/airflow/example_dags/example_branch_labels.py
[2025-02-14T00:25:21.102+0000] {processor.py:925} INFO - DAG(s) 'example_branch_labels' retrieved from /home/airflow/.local/lib/python3.12/site-packages/airflow/example_dags/example_branch_labels.py
[2025-02-14T00:25:21.123+0000] {logging_mixin.py:190} INFO - [2025-02-14T00:25:21.123+0000] {dag.py:3239} INFO - Sync 1 DAGs
[2025-02-14T00:25:21.149+0000] {logging_mixin.py:190} INFO - [2025-02-14T00:25:21.149+0000] {dag.py:4180} INFO - Setting next_dagrun for example_branch_labels to 2025-02-13 00:00:00+00:00, run_after=2025-02-14 00:00:00+00:00
[2025-02-14T00:25:21.166+0000] {processor.py:208} INFO - Processing /home/airflow/.local/lib/python3.12/site-packages/airflow/example_dags/example_branch_labels.py took 0.082 seconds
[2025-02-14T00:25:52.175+0000] {processor.py:186} INFO - Started process (PID=4846) to work on /home/airflow/.local/lib/python3.12/site-packages/airflow/example_dags/example_branch_labels.py
[2025-02-14T00:25:52.176+0000] {processor.py:914} INFO - Processing file /home/airflow/.local/lib/python3.12/site-packages/airflow/example_dags/example_branch_labels.py for tasks to queue
[2025-02-14T00:25:52.179+0000] {logging_mixin.py:190} INFO - [2025-02-14T00:25:52.179+0000] {dagbag.py:588} INFO - Filling up the DagBag from /home/airflow/.local/lib/python3.12/site-packages/airflow/example_dags/example_branch_labels.py
[2025-02-14T00:25:52.191+0000] {processor.py:925} INFO - DAG(s) 'example_branch_labels' retrieved from /home/airflow/.local/lib/python3.12/site-packages/airflow/example_dags/example_branch_labels.py
[2025-02-14T00:25:52.214+0000] {logging_mixin.py:190} INFO - [2025-02-14T00:25:52.214+0000] {dag.py:3239} INFO - Sync 1 DAGs
[2025-02-14T00:25:52.247+0000] {logging_mixin.py:190} INFO - [2025-02-14T00:25:52.246+0000] {dag.py:4180} INFO - Setting next_dagrun for example_branch_labels to 2025-02-13 00:00:00+00:00, run_after=2025-02-14 00:00:00+00:00
[2025-02-14T00:25:52.282+0000] {processor.py:208} INFO - Processing /home/airflow/.local/lib/python3.12/site-packages/airflow/example_dags/example_branch_labels.py took 0.114 seconds
[2025-02-14T00:26:22.569+0000] {processor.py:186} INFO - Started process (PID=4912) to work on /home/airflow/.local/lib/python3.12/site-packages/airflow/example_dags/example_branch_labels.py
[2025-02-14T00:26:22.570+0000] {processor.py:914} INFO - Processing file /home/airflow/.local/lib/python3.12/site-packages/airflow/example_dags/example_branch_labels.py for tasks to queue
[2025-02-14T00:26:22.573+0000] {logging_mixin.py:190} INFO - [2025-02-14T00:26:22.572+0000] {dagbag.py:588} INFO - Filling up the DagBag from /home/airflow/.local/lib/python3.12/site-packages/airflow/example_dags/example_branch_labels.py
[2025-02-14T00:26:22.582+0000] {processor.py:925} INFO - DAG(s) 'example_branch_labels' retrieved from /home/airflow/.local/lib/python3.12/site-packages/airflow/example_dags/example_branch_labels.py
[2025-02-14T00:26:22.602+0000] {logging_mixin.py:190} INFO - [2025-02-14T00:26:22.601+0000] {dag.py:3239} INFO - Sync 1 DAGs
[2025-02-14T00:26:22.652+0000] {logging_mixin.py:190} INFO - [2025-02-14T00:26:22.652+0000] {dag.py:4180} INFO - Setting next_dagrun for example_branch_labels to 2025-02-13 00:00:00+00:00, run_after=2025-02-14 00:00:00+00:00
[2025-02-14T00:26:22.687+0000] {processor.py:208} INFO - Processing /home/airflow/.local/lib/python3.12/site-packages/airflow/example_dags/example_branch_labels.py took 0.124 seconds
[2025-02-14T00:26:53.260+0000] {processor.py:186} INFO - Started process (PID=4978) to work on /home/airflow/.local/lib/python3.12/site-packages/airflow/example_dags/example_branch_labels.py
[2025-02-14T00:26:53.261+0000] {processor.py:914} INFO - Processing file /home/airflow/.local/lib/python3.12/site-packages/airflow/example_dags/example_branch_labels.py for tasks to queue
[2025-02-14T00:26:53.263+0000] {logging_mixin.py:190} INFO - [2025-02-14T00:26:53.263+0000] {dagbag.py:588} INFO - Filling up the DagBag from /home/airflow/.local/lib/python3.12/site-packages/airflow/example_dags/example_branch_labels.py
[2025-02-14T00:26:53.273+0000] {processor.py:925} INFO - DAG(s) 'example_branch_labels' retrieved from /home/airflow/.local/lib/python3.12/site-packages/airflow/example_dags/example_branch_labels.py
[2025-02-14T00:26:53.291+0000] {logging_mixin.py:190} INFO - [2025-02-14T00:26:53.291+0000] {dag.py:3239} INFO - Sync 1 DAGs
[2025-02-14T00:26:53.315+0000] {logging_mixin.py:190} INFO - [2025-02-14T00:26:53.315+0000] {dag.py:4180} INFO - Setting next_dagrun for example_branch_labels to 2025-02-13 00:00:00+00:00, run_after=2025-02-14 00:00:00+00:00
[2025-02-14T00:26:53.332+0000] {processor.py:208} INFO - Processing /home/airflow/.local/lib/python3.12/site-packages/airflow/example_dags/example_branch_labels.py took 0.078 seconds
[2025-02-14T00:27:23.814+0000] {processor.py:186} INFO - Started process (PID=5044) to work on /home/airflow/.local/lib/python3.12/site-packages/airflow/example_dags/example_branch_labels.py
[2025-02-14T00:27:23.814+0000] {processor.py:914} INFO - Processing file /home/airflow/.local/lib/python3.12/site-packages/airflow/example_dags/example_branch_labels.py for tasks to queue
[2025-02-14T00:27:23.817+0000] {logging_mixin.py:190} INFO - [2025-02-14T00:27:23.816+0000] {dagbag.py:588} INFO - Filling up the DagBag from /home/airflow/.local/lib/python3.12/site-packages/airflow/example_dags/example_branch_labels.py
[2025-02-14T00:27:23.827+0000] {processor.py:925} INFO - DAG(s) 'example_branch_labels' retrieved from /home/airflow/.local/lib/python3.12/site-packages/airflow/example_dags/example_branch_labels.py
[2025-02-14T00:27:23.846+0000] {logging_mixin.py:190} INFO - [2025-02-14T00:27:23.846+0000] {dag.py:3239} INFO - Sync 1 DAGs
[2025-02-14T00:27:23.869+0000] {logging_mixin.py:190} INFO - [2025-02-14T00:27:23.869+0000] {dag.py:4180} INFO - Setting next_dagrun for example_branch_labels to 2025-02-13 00:00:00+00:00, run_after=2025-02-14 00:00:00+00:00
[2025-02-14T00:27:23.887+0000] {processor.py:208} INFO - Processing /home/airflow/.local/lib/python3.12/site-packages/airflow/example_dags/example_branch_labels.py took 0.079 seconds
[2025-02-14T00:27:54.283+0000] {processor.py:186} INFO - Started process (PID=5110) to work on /home/airflow/.local/lib/python3.12/site-packages/airflow/example_dags/example_branch_labels.py
[2025-02-14T00:27:54.284+0000] {processor.py:914} INFO - Processing file /home/airflow/.local/lib/python3.12/site-packages/airflow/example_dags/example_branch_labels.py for tasks to queue
[2025-02-14T00:27:54.288+0000] {logging_mixin.py:190} INFO - [2025-02-14T00:27:54.288+0000] {dagbag.py:588} INFO - Filling up the DagBag from /home/airflow/.local/lib/python3.12/site-packages/airflow/example_dags/example_branch_labels.py
[2025-02-14T00:27:54.299+0000] {processor.py:925} INFO - DAG(s) 'example_branch_labels' retrieved from /home/airflow/.local/lib/python3.12/site-packages/airflow/example_dags/example_branch_labels.py
[2025-02-14T00:27:54.322+0000] {logging_mixin.py:190} INFO - [2025-02-14T00:27:54.322+0000] {dag.py:3239} INFO - Sync 1 DAGs
[2025-02-14T00:27:54.347+0000] {logging_mixin.py:190} INFO - [2025-02-14T00:27:54.347+0000] {dag.py:4180} INFO - Setting next_dagrun for example_branch_labels to 2025-02-13 00:00:00+00:00, run_after=2025-02-14 00:00:00+00:00
[2025-02-14T00:27:54.366+0000] {processor.py:208} INFO - Processing /home/airflow/.local/lib/python3.12/site-packages/airflow/example_dags/example_branch_labels.py took 0.089 seconds
[2025-02-14T00:28:24.709+0000] {processor.py:186} INFO - Started process (PID=5175) to work on /home/airflow/.local/lib/python3.12/site-packages/airflow/example_dags/example_branch_labels.py
[2025-02-14T00:28:24.710+0000] {processor.py:914} INFO - Processing file /home/airflow/.local/lib/python3.12/site-packages/airflow/example_dags/example_branch_labels.py for tasks to queue
[2025-02-14T00:28:24.713+0000] {logging_mixin.py:190} INFO - [2025-02-14T00:28:24.712+0000] {dagbag.py:588} INFO - Filling up the DagBag from /home/airflow/.local/lib/python3.12/site-packages/airflow/example_dags/example_branch_labels.py
[2025-02-14T00:28:24.723+0000] {processor.py:925} INFO - DAG(s) 'example_branch_labels' retrieved from /home/airflow/.local/lib/python3.12/site-packages/airflow/example_dags/example_branch_labels.py
[2025-02-14T00:28:24.746+0000] {logging_mixin.py:190} INFO - [2025-02-14T00:28:24.745+0000] {dag.py:3239} INFO - Sync 1 DAGs
[2025-02-14T00:28:24.772+0000] {logging_mixin.py:190} INFO - [2025-02-14T00:28:24.771+0000] {dag.py:4180} INFO - Setting next_dagrun for example_branch_labels to 2025-02-13 00:00:00+00:00, run_after=2025-02-14 00:00:00+00:00
[2025-02-14T00:28:24.792+0000] {processor.py:208} INFO - Processing /home/airflow/.local/lib/python3.12/site-packages/airflow/example_dags/example_branch_labels.py took 0.091 seconds
[2025-02-14T00:28:55.522+0000] {processor.py:186} INFO - Started process (PID=5240) to work on /home/airflow/.local/lib/python3.12/site-packages/airflow/example_dags/example_branch_labels.py
[2025-02-14T00:28:55.523+0000] {processor.py:914} INFO - Processing file /home/airflow/.local/lib/python3.12/site-packages/airflow/example_dags/example_branch_labels.py for tasks to queue
[2025-02-14T00:28:55.526+0000] {logging_mixin.py:190} INFO - [2025-02-14T00:28:55.526+0000] {dagbag.py:588} INFO - Filling up the DagBag from /home/airflow/.local/lib/python3.12/site-packages/airflow/example_dags/example_branch_labels.py
[2025-02-14T00:28:55.542+0000] {processor.py:925} INFO - DAG(s) 'example_branch_labels' retrieved from /home/airflow/.local/lib/python3.12/site-packages/airflow/example_dags/example_branch_labels.py
[2025-02-14T00:28:55.569+0000] {logging_mixin.py:190} INFO - [2025-02-14T00:28:55.569+0000] {dag.py:3239} INFO - Sync 1 DAGs
[2025-02-14T00:28:55.602+0000] {logging_mixin.py:190} INFO - [2025-02-14T00:28:55.602+0000] {dag.py:4180} INFO - Setting next_dagrun for example_branch_labels to 2025-02-13 00:00:00+00:00, run_after=2025-02-14 00:00:00+00:00
[2025-02-14T00:28:55.622+0000] {processor.py:208} INFO - Processing /home/airflow/.local/lib/python3.12/site-packages/airflow/example_dags/example_branch_labels.py took 0.111 seconds
[2025-02-14T00:29:26.588+0000] {processor.py:186} INFO - Started process (PID=5306) to work on /home/airflow/.local/lib/python3.12/site-packages/airflow/example_dags/example_branch_labels.py
[2025-02-14T00:29:26.589+0000] {processor.py:914} INFO - Processing file /home/airflow/.local/lib/python3.12/site-packages/airflow/example_dags/example_branch_labels.py for tasks to queue
[2025-02-14T00:29:26.593+0000] {logging_mixin.py:190} INFO - [2025-02-14T00:29:26.593+0000] {dagbag.py:588} INFO - Filling up the DagBag from /home/airflow/.local/lib/python3.12/site-packages/airflow/example_dags/example_branch_labels.py
[2025-02-14T00:29:26.609+0000] {processor.py:925} INFO - DAG(s) 'example_branch_labels' retrieved from /home/airflow/.local/lib/python3.12/site-packages/airflow/example_dags/example_branch_labels.py
[2025-02-14T00:29:26.638+0000] {logging_mixin.py:190} INFO - [2025-02-14T00:29:26.638+0000] {dag.py:3239} INFO - Sync 1 DAGs
[2025-02-14T00:29:26.674+0000] {logging_mixin.py:190} INFO - [2025-02-14T00:29:26.673+0000] {dag.py:4180} INFO - Setting next_dagrun for example_branch_labels to 2025-02-13 00:00:00+00:00, run_after=2025-02-14 00:00:00+00:00
[2025-02-14T00:29:26.695+0000] {processor.py:208} INFO - Processing /home/airflow/.local/lib/python3.12/site-packages/airflow/example_dags/example_branch_labels.py took 0.117 seconds
[2025-02-14T00:29:57.654+0000] {processor.py:186} INFO - Started process (PID=5372) to work on /home/airflow/.local/lib/python3.12/site-packages/airflow/example_dags/example_branch_labels.py
[2025-02-14T00:29:57.655+0000] {processor.py:914} INFO - Processing file /home/airflow/.local/lib/python3.12/site-packages/airflow/example_dags/example_branch_labels.py for tasks to queue
[2025-02-14T00:29:57.657+0000] {logging_mixin.py:190} INFO - [2025-02-14T00:29:57.657+0000] {dagbag.py:588} INFO - Filling up the DagBag from /home/airflow/.local/lib/python3.12/site-packages/airflow/example_dags/example_branch_labels.py
[2025-02-14T00:29:57.667+0000] {processor.py:925} INFO - DAG(s) 'example_branch_labels' retrieved from /home/airflow/.local/lib/python3.12/site-packages/airflow/example_dags/example_branch_labels.py
[2025-02-14T00:29:57.692+0000] {logging_mixin.py:190} INFO - [2025-02-14T00:29:57.692+0000] {dag.py:3239} INFO - Sync 1 DAGs
[2025-02-14T00:29:57.729+0000] {logging_mixin.py:190} INFO - [2025-02-14T00:29:57.729+0000] {dag.py:4180} INFO - Setting next_dagrun for example_branch_labels to 2025-02-13 00:00:00+00:00, run_after=2025-02-14 00:00:00+00:00
[2025-02-14T00:29:57.754+0000] {processor.py:208} INFO - Processing /home/airflow/.local/lib/python3.12/site-packages/airflow/example_dags/example_branch_labels.py took 0.106 seconds
[2025-02-14T00:30:28.573+0000] {processor.py:186} INFO - Started process (PID=5438) to work on /home/airflow/.local/lib/python3.12/site-packages/airflow/example_dags/example_branch_labels.py
[2025-02-14T00:30:28.574+0000] {processor.py:914} INFO - Processing file /home/airflow/.local/lib/python3.12/site-packages/airflow/example_dags/example_branch_labels.py for tasks to queue
[2025-02-14T00:30:28.577+0000] {logging_mixin.py:190} INFO - [2025-02-14T00:30:28.577+0000] {dagbag.py:588} INFO - Filling up the DagBag from /home/airflow/.local/lib/python3.12/site-packages/airflow/example_dags/example_branch_labels.py
[2025-02-14T00:30:28.590+0000] {processor.py:925} INFO - DAG(s) 'example_branch_labels' retrieved from /home/airflow/.local/lib/python3.12/site-packages/airflow/example_dags/example_branch_labels.py
[2025-02-14T00:30:28.614+0000] {logging_mixin.py:190} INFO - [2025-02-14T00:30:28.614+0000] {dag.py:3239} INFO - Sync 1 DAGs
[2025-02-14T00:30:28.647+0000] {logging_mixin.py:190} INFO - [2025-02-14T00:30:28.647+0000] {dag.py:4180} INFO - Setting next_dagrun for example_branch_labels to 2025-02-13 00:00:00+00:00, run_after=2025-02-14 00:00:00+00:00
[2025-02-14T00:30:28.677+0000] {processor.py:208} INFO - Processing /home/airflow/.local/lib/python3.12/site-packages/airflow/example_dags/example_branch_labels.py took 0.111 seconds
[2025-02-14T00:30:59.271+0000] {processor.py:186} INFO - Started process (PID=5505) to work on /home/airflow/.local/lib/python3.12/site-packages/airflow/example_dags/example_branch_labels.py
[2025-02-14T00:30:59.272+0000] {processor.py:914} INFO - Processing file /home/airflow/.local/lib/python3.12/site-packages/airflow/example_dags/example_branch_labels.py for tasks to queue
[2025-02-14T00:30:59.275+0000] {logging_mixin.py:190} INFO - [2025-02-14T00:30:59.275+0000] {dagbag.py:588} INFO - Filling up the DagBag from /home/airflow/.local/lib/python3.12/site-packages/airflow/example_dags/example_branch_labels.py
[2025-02-14T00:30:59.290+0000] {processor.py:925} INFO - DAG(s) 'example_branch_labels' retrieved from /home/airflow/.local/lib/python3.12/site-packages/airflow/example_dags/example_branch_labels.py
[2025-02-14T00:30:59.342+0000] {logging_mixin.py:190} INFO - [2025-02-14T00:30:59.341+0000] {dag.py:3239} INFO - Sync 1 DAGs
[2025-02-14T00:30:59.389+0000] {logging_mixin.py:190} INFO - [2025-02-14T00:30:59.389+0000] {dag.py:4180} INFO - Setting next_dagrun for example_branch_labels to 2025-02-13 00:00:00+00:00, run_after=2025-02-14 00:00:00+00:00
[2025-02-14T00:30:59.422+0000] {processor.py:208} INFO - Processing /home/airflow/.local/lib/python3.12/site-packages/airflow/example_dags/example_branch_labels.py took 0.161 seconds
[2025-02-14T00:32:51.477+0000] {processor.py:186} INFO - Started process (PID=49) to work on /home/airflow/.local/lib/python3.12/site-packages/airflow/example_dags/example_branch_labels.py
[2025-02-14T00:32:51.480+0000] {processor.py:914} INFO - Processing file /home/airflow/.local/lib/python3.12/site-packages/airflow/example_dags/example_branch_labels.py for tasks to queue
[2025-02-14T00:32:51.486+0000] {logging_mixin.py:190} INFO - [2025-02-14T00:32:51.485+0000] {dagbag.py:588} INFO - Filling up the DagBag from /home/airflow/.local/lib/python3.12/site-packages/airflow/example_dags/example_branch_labels.py
[2025-02-14T00:32:51.503+0000] {processor.py:925} INFO - DAG(s) 'example_branch_labels' retrieved from /home/airflow/.local/lib/python3.12/site-packages/airflow/example_dags/example_branch_labels.py
[2025-02-14T00:32:51.542+0000] {logging_mixin.py:190} INFO - [2025-02-14T00:32:51.541+0000] {dag.py:3239} INFO - Sync 1 DAGs
[2025-02-14T00:32:51.605+0000] {logging_mixin.py:190} INFO - [2025-02-14T00:32:51.605+0000] {dag.py:4180} INFO - Setting next_dagrun for example_branch_labels to 2025-02-13 00:00:00+00:00, run_after=2025-02-14 00:00:00+00:00
[2025-02-14T00:32:51.675+0000] {processor.py:208} INFO - Processing /home/airflow/.local/lib/python3.12/site-packages/airflow/example_dags/example_branch_labels.py took 0.213 seconds
[2025-02-14T00:33:22.698+0000] {processor.py:186} INFO - Started process (PID=115) to work on /home/airflow/.local/lib/python3.12/site-packages/airflow/example_dags/example_branch_labels.py
[2025-02-14T00:33:22.700+0000] {processor.py:914} INFO - Processing file /home/airflow/.local/lib/python3.12/site-packages/airflow/example_dags/example_branch_labels.py for tasks to queue
[2025-02-14T00:33:22.703+0000] {logging_mixin.py:190} INFO - [2025-02-14T00:33:22.703+0000] {dagbag.py:588} INFO - Filling up the DagBag from /home/airflow/.local/lib/python3.12/site-packages/airflow/example_dags/example_branch_labels.py
[2025-02-14T00:33:22.713+0000] {processor.py:925} INFO - DAG(s) 'example_branch_labels' retrieved from /home/airflow/.local/lib/python3.12/site-packages/airflow/example_dags/example_branch_labels.py
[2025-02-14T00:33:22.738+0000] {logging_mixin.py:190} INFO - [2025-02-14T00:33:22.737+0000] {dag.py:3239} INFO - Sync 1 DAGs
[2025-02-14T00:33:22.769+0000] {logging_mixin.py:190} INFO - [2025-02-14T00:33:22.769+0000] {dag.py:4180} INFO - Setting next_dagrun for example_branch_labels to 2025-02-13 00:00:00+00:00, run_after=2025-02-14 00:00:00+00:00
[2025-02-14T00:33:22.792+0000] {processor.py:208} INFO - Processing /home/airflow/.local/lib/python3.12/site-packages/airflow/example_dags/example_branch_labels.py took 0.100 seconds
[2025-02-14T00:33:52.901+0000] {processor.py:186} INFO - Started process (PID=180) to work on /home/airflow/.local/lib/python3.12/site-packages/airflow/example_dags/example_branch_labels.py
[2025-02-14T00:33:52.902+0000] {processor.py:914} INFO - Processing file /home/airflow/.local/lib/python3.12/site-packages/airflow/example_dags/example_branch_labels.py for tasks to queue
[2025-02-14T00:33:52.904+0000] {logging_mixin.py:190} INFO - [2025-02-14T00:33:52.904+0000] {dagbag.py:588} INFO - Filling up the DagBag from /home/airflow/.local/lib/python3.12/site-packages/airflow/example_dags/example_branch_labels.py
[2025-02-14T00:33:52.915+0000] {processor.py:925} INFO - DAG(s) 'example_branch_labels' retrieved from /home/airflow/.local/lib/python3.12/site-packages/airflow/example_dags/example_branch_labels.py
[2025-02-14T00:33:52.936+0000] {logging_mixin.py:190} INFO - [2025-02-14T00:33:52.936+0000] {dag.py:3239} INFO - Sync 1 DAGs
[2025-02-14T00:33:52.971+0000] {logging_mixin.py:190} INFO - [2025-02-14T00:33:52.971+0000] {dag.py:4180} INFO - Setting next_dagrun for example_branch_labels to 2025-02-13 00:00:00+00:00, run_after=2025-02-14 00:00:00+00:00
[2025-02-14T00:33:52.991+0000] {processor.py:208} INFO - Processing /home/airflow/.local/lib/python3.12/site-packages/airflow/example_dags/example_branch_labels.py took 0.096 seconds
[2025-02-14T00:34:23.273+0000] {processor.py:186} INFO - Started process (PID=246) to work on /home/airflow/.local/lib/python3.12/site-packages/airflow/example_dags/example_branch_labels.py
[2025-02-14T00:34:23.274+0000] {processor.py:914} INFO - Processing file /home/airflow/.local/lib/python3.12/site-packages/airflow/example_dags/example_branch_labels.py for tasks to queue
[2025-02-14T00:34:23.277+0000] {logging_mixin.py:190} INFO - [2025-02-14T00:34:23.276+0000] {dagbag.py:588} INFO - Filling up the DagBag from /home/airflow/.local/lib/python3.12/site-packages/airflow/example_dags/example_branch_labels.py
[2025-02-14T00:34:23.287+0000] {processor.py:925} INFO - DAG(s) 'example_branch_labels' retrieved from /home/airflow/.local/lib/python3.12/site-packages/airflow/example_dags/example_branch_labels.py
[2025-02-14T00:34:23.317+0000] {logging_mixin.py:190} INFO - [2025-02-14T00:34:23.316+0000] {dag.py:3239} INFO - Sync 1 DAGs
[2025-02-14T00:34:23.363+0000] {logging_mixin.py:190} INFO - [2025-02-14T00:34:23.363+0000] {dag.py:4180} INFO - Setting next_dagrun for example_branch_labels to 2025-02-13 00:00:00+00:00, run_after=2025-02-14 00:00:00+00:00
[2025-02-14T00:34:23.402+0000] {processor.py:208} INFO - Processing /home/airflow/.local/lib/python3.12/site-packages/airflow/example_dags/example_branch_labels.py took 0.134 seconds
[2025-02-14T00:34:53.784+0000] {processor.py:186} INFO - Started process (PID=312) to work on /home/airflow/.local/lib/python3.12/site-packages/airflow/example_dags/example_branch_labels.py
[2025-02-14T00:34:53.785+0000] {processor.py:914} INFO - Processing file /home/airflow/.local/lib/python3.12/site-packages/airflow/example_dags/example_branch_labels.py for tasks to queue
[2025-02-14T00:34:53.788+0000] {logging_mixin.py:190} INFO - [2025-02-14T00:34:53.788+0000] {dagbag.py:588} INFO - Filling up the DagBag from /home/airflow/.local/lib/python3.12/site-packages/airflow/example_dags/example_branch_labels.py
[2025-02-14T00:34:53.797+0000] {processor.py:925} INFO - DAG(s) 'example_branch_labels' retrieved from /home/airflow/.local/lib/python3.12/site-packages/airflow/example_dags/example_branch_labels.py
[2025-02-14T00:34:53.819+0000] {logging_mixin.py:190} INFO - [2025-02-14T00:34:53.818+0000] {dag.py:3239} INFO - Sync 1 DAGs
[2025-02-14T00:34:53.854+0000] {logging_mixin.py:190} INFO - [2025-02-14T00:34:53.854+0000] {dag.py:4180} INFO - Setting next_dagrun for example_branch_labels to 2025-02-13 00:00:00+00:00, run_after=2025-02-14 00:00:00+00:00
[2025-02-14T00:34:53.877+0000] {processor.py:208} INFO - Processing /home/airflow/.local/lib/python3.12/site-packages/airflow/example_dags/example_branch_labels.py took 0.099 seconds
[2025-02-14T00:35:24.429+0000] {processor.py:186} INFO - Started process (PID=378) to work on /home/airflow/.local/lib/python3.12/site-packages/airflow/example_dags/example_branch_labels.py
[2025-02-14T00:35:24.430+0000] {processor.py:914} INFO - Processing file /home/airflow/.local/lib/python3.12/site-packages/airflow/example_dags/example_branch_labels.py for tasks to queue
[2025-02-14T00:35:24.432+0000] {logging_mixin.py:190} INFO - [2025-02-14T00:35:24.432+0000] {dagbag.py:588} INFO - Filling up the DagBag from /home/airflow/.local/lib/python3.12/site-packages/airflow/example_dags/example_branch_labels.py
[2025-02-14T00:35:24.443+0000] {processor.py:925} INFO - DAG(s) 'example_branch_labels' retrieved from /home/airflow/.local/lib/python3.12/site-packages/airflow/example_dags/example_branch_labels.py
[2025-02-14T00:35:24.464+0000] {logging_mixin.py:190} INFO - [2025-02-14T00:35:24.464+0000] {dag.py:3239} INFO - Sync 1 DAGs
[2025-02-14T00:35:24.490+0000] {logging_mixin.py:190} INFO - [2025-02-14T00:35:24.490+0000] {dag.py:4180} INFO - Setting next_dagrun for example_branch_labels to 2025-02-13 00:00:00+00:00, run_after=2025-02-14 00:00:00+00:00
[2025-02-14T00:35:24.509+0000] {processor.py:208} INFO - Processing /home/airflow/.local/lib/python3.12/site-packages/airflow/example_dags/example_branch_labels.py took 0.086 seconds
[2025-02-14T00:35:55.047+0000] {processor.py:186} INFO - Started process (PID=443) to work on /home/airflow/.local/lib/python3.12/site-packages/airflow/example_dags/example_branch_labels.py
[2025-02-14T00:35:55.048+0000] {processor.py:914} INFO - Processing file /home/airflow/.local/lib/python3.12/site-packages/airflow/example_dags/example_branch_labels.py for tasks to queue
[2025-02-14T00:35:55.050+0000] {logging_mixin.py:190} INFO - [2025-02-14T00:35:55.050+0000] {dagbag.py:588} INFO - Filling up the DagBag from /home/airflow/.local/lib/python3.12/site-packages/airflow/example_dags/example_branch_labels.py
[2025-02-14T00:35:55.061+0000] {processor.py:925} INFO - DAG(s) 'example_branch_labels' retrieved from /home/airflow/.local/lib/python3.12/site-packages/airflow/example_dags/example_branch_labels.py
[2025-02-14T00:35:55.082+0000] {logging_mixin.py:190} INFO - [2025-02-14T00:35:55.082+0000] {dag.py:3239} INFO - Sync 1 DAGs
[2025-02-14T00:35:55.107+0000] {logging_mixin.py:190} INFO - [2025-02-14T00:35:55.107+0000] {dag.py:4180} INFO - Setting next_dagrun for example_branch_labels to 2025-02-13 00:00:00+00:00, run_after=2025-02-14 00:00:00+00:00
[2025-02-14T00:35:55.125+0000] {processor.py:208} INFO - Processing /home/airflow/.local/lib/python3.12/site-packages/airflow/example_dags/example_branch_labels.py took 0.084 seconds
[2025-02-14T00:36:25.472+0000] {processor.py:186} INFO - Started process (PID=509) to work on /home/airflow/.local/lib/python3.12/site-packages/airflow/example_dags/example_branch_labels.py
[2025-02-14T00:36:25.473+0000] {processor.py:914} INFO - Processing file /home/airflow/.local/lib/python3.12/site-packages/airflow/example_dags/example_branch_labels.py for tasks to queue
[2025-02-14T00:36:25.476+0000] {logging_mixin.py:190} INFO - [2025-02-14T00:36:25.476+0000] {dagbag.py:588} INFO - Filling up the DagBag from /home/airflow/.local/lib/python3.12/site-packages/airflow/example_dags/example_branch_labels.py
[2025-02-14T00:36:25.495+0000] {processor.py:925} INFO - DAG(s) 'example_branch_labels' retrieved from /home/airflow/.local/lib/python3.12/site-packages/airflow/example_dags/example_branch_labels.py
[2025-02-14T00:36:25.530+0000] {logging_mixin.py:190} INFO - [2025-02-14T00:36:25.530+0000] {dag.py:3239} INFO - Sync 1 DAGs
[2025-02-14T00:36:25.585+0000] {logging_mixin.py:190} INFO - [2025-02-14T00:36:25.585+0000] {dag.py:4180} INFO - Setting next_dagrun for example_branch_labels to 2025-02-13 00:00:00+00:00, run_after=2025-02-14 00:00:00+00:00
[2025-02-14T00:36:25.620+0000] {processor.py:208} INFO - Processing /home/airflow/.local/lib/python3.12/site-packages/airflow/example_dags/example_branch_labels.py took 0.162 seconds
[2025-02-14T00:36:56.306+0000] {processor.py:186} INFO - Started process (PID=575) to work on /home/airflow/.local/lib/python3.12/site-packages/airflow/example_dags/example_branch_labels.py
[2025-02-14T00:36:56.307+0000] {processor.py:914} INFO - Processing file /home/airflow/.local/lib/python3.12/site-packages/airflow/example_dags/example_branch_labels.py for tasks to queue
[2025-02-14T00:36:56.310+0000] {logging_mixin.py:190} INFO - [2025-02-14T00:36:56.310+0000] {dagbag.py:588} INFO - Filling up the DagBag from /home/airflow/.local/lib/python3.12/site-packages/airflow/example_dags/example_branch_labels.py
[2025-02-14T00:36:56.324+0000] {processor.py:925} INFO - DAG(s) 'example_branch_labels' retrieved from /home/airflow/.local/lib/python3.12/site-packages/airflow/example_dags/example_branch_labels.py
[2025-02-14T00:36:56.349+0000] {logging_mixin.py:190} INFO - [2025-02-14T00:36:56.349+0000] {dag.py:3239} INFO - Sync 1 DAGs
[2025-02-14T00:36:56.388+0000] {logging_mixin.py:190} INFO - [2025-02-14T00:36:56.388+0000] {dag.py:4180} INFO - Setting next_dagrun for example_branch_labels to 2025-02-13 00:00:00+00:00, run_after=2025-02-14 00:00:00+00:00
[2025-02-14T00:36:56.425+0000] {processor.py:208} INFO - Processing /home/airflow/.local/lib/python3.12/site-packages/airflow/example_dags/example_branch_labels.py took 0.132 seconds
[2025-02-14T00:37:27.307+0000] {processor.py:186} INFO - Started process (PID=641) to work on /home/airflow/.local/lib/python3.12/site-packages/airflow/example_dags/example_branch_labels.py
[2025-02-14T00:37:27.308+0000] {processor.py:914} INFO - Processing file /home/airflow/.local/lib/python3.12/site-packages/airflow/example_dags/example_branch_labels.py for tasks to queue
[2025-02-14T00:37:27.311+0000] {logging_mixin.py:190} INFO - [2025-02-14T00:37:27.310+0000] {dagbag.py:588} INFO - Filling up the DagBag from /home/airflow/.local/lib/python3.12/site-packages/airflow/example_dags/example_branch_labels.py
[2025-02-14T00:37:27.323+0000] {processor.py:925} INFO - DAG(s) 'example_branch_labels' retrieved from /home/airflow/.local/lib/python3.12/site-packages/airflow/example_dags/example_branch_labels.py
[2025-02-14T00:37:27.343+0000] {logging_mixin.py:190} INFO - [2025-02-14T00:37:27.343+0000] {dag.py:3239} INFO - Sync 1 DAGs
[2025-02-14T00:37:27.370+0000] {logging_mixin.py:190} INFO - [2025-02-14T00:37:27.369+0000] {dag.py:4180} INFO - Setting next_dagrun for example_branch_labels to 2025-02-13 00:00:00+00:00, run_after=2025-02-14 00:00:00+00:00
[2025-02-14T00:37:27.389+0000] {processor.py:208} INFO - Processing /home/airflow/.local/lib/python3.12/site-packages/airflow/example_dags/example_branch_labels.py took 0.087 seconds
[2025-02-14T00:37:57.906+0000] {processor.py:186} INFO - Started process (PID=707) to work on /home/airflow/.local/lib/python3.12/site-packages/airflow/example_dags/example_branch_labels.py
[2025-02-14T00:37:57.907+0000] {processor.py:914} INFO - Processing file /home/airflow/.local/lib/python3.12/site-packages/airflow/example_dags/example_branch_labels.py for tasks to queue
[2025-02-14T00:37:57.910+0000] {logging_mixin.py:190} INFO - [2025-02-14T00:37:57.910+0000] {dagbag.py:588} INFO - Filling up the DagBag from /home/airflow/.local/lib/python3.12/site-packages/airflow/example_dags/example_branch_labels.py
[2025-02-14T00:37:57.928+0000] {processor.py:925} INFO - DAG(s) 'example_branch_labels' retrieved from /home/airflow/.local/lib/python3.12/site-packages/airflow/example_dags/example_branch_labels.py
[2025-02-14T00:37:57.949+0000] {logging_mixin.py:190} INFO - [2025-02-14T00:37:57.949+0000] {dag.py:3239} INFO - Sync 1 DAGs
[2025-02-14T00:37:57.974+0000] {logging_mixin.py:190} INFO - [2025-02-14T00:37:57.973+0000] {dag.py:4180} INFO - Setting next_dagrun for example_branch_labels to 2025-02-13 00:00:00+00:00, run_after=2025-02-14 00:00:00+00:00
[2025-02-14T00:37:57.993+0000] {processor.py:208} INFO - Processing /home/airflow/.local/lib/python3.12/site-packages/airflow/example_dags/example_branch_labels.py took 0.095 seconds
[2025-02-14T00:38:28.157+0000] {processor.py:186} INFO - Started process (PID=772) to work on /home/airflow/.local/lib/python3.12/site-packages/airflow/example_dags/example_branch_labels.py
[2025-02-14T00:38:28.158+0000] {processor.py:914} INFO - Processing file /home/airflow/.local/lib/python3.12/site-packages/airflow/example_dags/example_branch_labels.py for tasks to queue
[2025-02-14T00:38:28.161+0000] {logging_mixin.py:190} INFO - [2025-02-14T00:38:28.160+0000] {dagbag.py:588} INFO - Filling up the DagBag from /home/airflow/.local/lib/python3.12/site-packages/airflow/example_dags/example_branch_labels.py
[2025-02-14T00:38:28.170+0000] {processor.py:925} INFO - DAG(s) 'example_branch_labels' retrieved from /home/airflow/.local/lib/python3.12/site-packages/airflow/example_dags/example_branch_labels.py
[2025-02-14T00:38:28.196+0000] {logging_mixin.py:190} INFO - [2025-02-14T00:38:28.196+0000] {dag.py:3239} INFO - Sync 1 DAGs
[2025-02-14T00:38:28.227+0000] {logging_mixin.py:190} INFO - [2025-02-14T00:38:28.227+0000] {dag.py:4180} INFO - Setting next_dagrun for example_branch_labels to 2025-02-13 00:00:00+00:00, run_after=2025-02-14 00:00:00+00:00
[2025-02-14T00:38:28.246+0000] {processor.py:208} INFO - Processing /home/airflow/.local/lib/python3.12/site-packages/airflow/example_dags/example_branch_labels.py took 0.094 seconds
[2025-02-14T00:38:59.131+0000] {processor.py:186} INFO - Started process (PID=837) to work on /home/airflow/.local/lib/python3.12/site-packages/airflow/example_dags/example_branch_labels.py
[2025-02-14T00:38:59.133+0000] {processor.py:914} INFO - Processing file /home/airflow/.local/lib/python3.12/site-packages/airflow/example_dags/example_branch_labels.py for tasks to queue
[2025-02-14T00:38:59.136+0000] {logging_mixin.py:190} INFO - [2025-02-14T00:38:59.135+0000] {dagbag.py:588} INFO - Filling up the DagBag from /home/airflow/.local/lib/python3.12/site-packages/airflow/example_dags/example_branch_labels.py
[2025-02-14T00:38:59.150+0000] {processor.py:925} INFO - DAG(s) 'example_branch_labels' retrieved from /home/airflow/.local/lib/python3.12/site-packages/airflow/example_dags/example_branch_labels.py
[2025-02-14T00:38:59.183+0000] {logging_mixin.py:190} INFO - [2025-02-14T00:38:59.182+0000] {dag.py:3239} INFO - Sync 1 DAGs
[2025-02-14T00:38:59.217+0000] {logging_mixin.py:190} INFO - [2025-02-14T00:38:59.217+0000] {dag.py:4180} INFO - Setting next_dagrun for example_branch_labels to 2025-02-13 00:00:00+00:00, run_after=2025-02-14 00:00:00+00:00
[2025-02-14T00:38:59.240+0000] {processor.py:208} INFO - Processing /home/airflow/.local/lib/python3.12/site-packages/airflow/example_dags/example_branch_labels.py took 0.116 seconds
[2025-02-14T00:39:29.332+0000] {processor.py:186} INFO - Started process (PID=903) to work on /home/airflow/.local/lib/python3.12/site-packages/airflow/example_dags/example_branch_labels.py
[2025-02-14T00:39:29.333+0000] {processor.py:914} INFO - Processing file /home/airflow/.local/lib/python3.12/site-packages/airflow/example_dags/example_branch_labels.py for tasks to queue
[2025-02-14T00:39:29.336+0000] {logging_mixin.py:190} INFO - [2025-02-14T00:39:29.336+0000] {dagbag.py:588} INFO - Filling up the DagBag from /home/airflow/.local/lib/python3.12/site-packages/airflow/example_dags/example_branch_labels.py
[2025-02-14T00:39:29.346+0000] {processor.py:925} INFO - DAG(s) 'example_branch_labels' retrieved from /home/airflow/.local/lib/python3.12/site-packages/airflow/example_dags/example_branch_labels.py
[2025-02-14T00:39:29.370+0000] {logging_mixin.py:190} INFO - [2025-02-14T00:39:29.369+0000] {dag.py:3239} INFO - Sync 1 DAGs
[2025-02-14T00:39:29.398+0000] {logging_mixin.py:190} INFO - [2025-02-14T00:39:29.398+0000] {dag.py:4180} INFO - Setting next_dagrun for example_branch_labels to 2025-02-13 00:00:00+00:00, run_after=2025-02-14 00:00:00+00:00
[2025-02-14T00:39:29.417+0000] {processor.py:208} INFO - Processing /home/airflow/.local/lib/python3.12/site-packages/airflow/example_dags/example_branch_labels.py took 0.092 seconds
[2025-02-14T00:39:59.741+0000] {processor.py:186} INFO - Started process (PID=970) to work on /home/airflow/.local/lib/python3.12/site-packages/airflow/example_dags/example_branch_labels.py
[2025-02-14T00:39:59.743+0000] {processor.py:914} INFO - Processing file /home/airflow/.local/lib/python3.12/site-packages/airflow/example_dags/example_branch_labels.py for tasks to queue
[2025-02-14T00:39:59.747+0000] {logging_mixin.py:190} INFO - [2025-02-14T00:39:59.746+0000] {dagbag.py:588} INFO - Filling up the DagBag from /home/airflow/.local/lib/python3.12/site-packages/airflow/example_dags/example_branch_labels.py
[2025-02-14T00:39:59.763+0000] {processor.py:925} INFO - DAG(s) 'example_branch_labels' retrieved from /home/airflow/.local/lib/python3.12/site-packages/airflow/example_dags/example_branch_labels.py
[2025-02-14T00:39:59.793+0000] {logging_mixin.py:190} INFO - [2025-02-14T00:39:59.793+0000] {dag.py:3239} INFO - Sync 1 DAGs
[2025-02-14T00:39:59.835+0000] {logging_mixin.py:190} INFO - [2025-02-14T00:39:59.834+0000] {dag.py:4180} INFO - Setting next_dagrun for example_branch_labels to 2025-02-13 00:00:00+00:00, run_after=2025-02-14 00:00:00+00:00
[2025-02-14T00:39:59.888+0000] {processor.py:208} INFO - Processing /home/airflow/.local/lib/python3.12/site-packages/airflow/example_dags/example_branch_labels.py took 0.167 seconds
[2025-02-14T00:40:29.986+0000] {processor.py:186} INFO - Started process (PID=1036) to work on /home/airflow/.local/lib/python3.12/site-packages/airflow/example_dags/example_branch_labels.py
[2025-02-14T00:40:29.987+0000] {processor.py:914} INFO - Processing file /home/airflow/.local/lib/python3.12/site-packages/airflow/example_dags/example_branch_labels.py for tasks to queue
[2025-02-14T00:40:29.989+0000] {logging_mixin.py:190} INFO - [2025-02-14T00:40:29.989+0000] {dagbag.py:588} INFO - Filling up the DagBag from /home/airflow/.local/lib/python3.12/site-packages/airflow/example_dags/example_branch_labels.py
[2025-02-14T00:40:30.000+0000] {processor.py:925} INFO - DAG(s) 'example_branch_labels' retrieved from /home/airflow/.local/lib/python3.12/site-packages/airflow/example_dags/example_branch_labels.py
[2025-02-14T00:40:30.019+0000] {logging_mixin.py:190} INFO - [2025-02-14T00:40:30.019+0000] {dag.py:3239} INFO - Sync 1 DAGs
[2025-02-14T00:40:30.043+0000] {logging_mixin.py:190} INFO - [2025-02-14T00:40:30.042+0000] {dag.py:4180} INFO - Setting next_dagrun for example_branch_labels to 2025-02-13 00:00:00+00:00, run_after=2025-02-14 00:00:00+00:00
[2025-02-14T00:40:30.060+0000] {processor.py:208} INFO - Processing /home/airflow/.local/lib/python3.12/site-packages/airflow/example_dags/example_branch_labels.py took 0.079 seconds
[2025-02-14T00:41:00.114+0000] {processor.py:186} INFO - Started process (PID=1103) to work on /home/airflow/.local/lib/python3.12/site-packages/airflow/example_dags/example_branch_labels.py
[2025-02-14T00:41:00.115+0000] {processor.py:914} INFO - Processing file /home/airflow/.local/lib/python3.12/site-packages/airflow/example_dags/example_branch_labels.py for tasks to queue
[2025-02-14T00:41:00.119+0000] {logging_mixin.py:190} INFO - [2025-02-14T00:41:00.118+0000] {dagbag.py:588} INFO - Filling up the DagBag from /home/airflow/.local/lib/python3.12/site-packages/airflow/example_dags/example_branch_labels.py
[2025-02-14T00:41:00.128+0000] {processor.py:925} INFO - DAG(s) 'example_branch_labels' retrieved from /home/airflow/.local/lib/python3.12/site-packages/airflow/example_dags/example_branch_labels.py
[2025-02-14T00:41:00.147+0000] {logging_mixin.py:190} INFO - [2025-02-14T00:41:00.147+0000] {dag.py:3239} INFO - Sync 1 DAGs
[2025-02-14T00:41:00.170+0000] {logging_mixin.py:190} INFO - [2025-02-14T00:41:00.170+0000] {dag.py:4180} INFO - Setting next_dagrun for example_branch_labels to 2025-02-13 00:00:00+00:00, run_after=2025-02-14 00:00:00+00:00
[2025-02-14T00:41:00.195+0000] {processor.py:208} INFO - Processing /home/airflow/.local/lib/python3.12/site-packages/airflow/example_dags/example_branch_labels.py took 0.086 seconds
[2025-02-14T00:41:30.762+0000] {processor.py:186} INFO - Started process (PID=1171) to work on /home/airflow/.local/lib/python3.12/site-packages/airflow/example_dags/example_branch_labels.py
[2025-02-14T00:41:30.765+0000] {processor.py:914} INFO - Processing file /home/airflow/.local/lib/python3.12/site-packages/airflow/example_dags/example_branch_labels.py for tasks to queue
[2025-02-14T00:41:30.771+0000] {logging_mixin.py:190} INFO - [2025-02-14T00:41:30.770+0000] {dagbag.py:588} INFO - Filling up the DagBag from /home/airflow/.local/lib/python3.12/site-packages/airflow/example_dags/example_branch_labels.py
[2025-02-14T00:41:30.785+0000] {processor.py:925} INFO - DAG(s) 'example_branch_labels' retrieved from /home/airflow/.local/lib/python3.12/site-packages/airflow/example_dags/example_branch_labels.py
[2025-02-14T00:41:30.832+0000] {logging_mixin.py:190} INFO - [2025-02-14T00:41:30.832+0000] {dag.py:3239} INFO - Sync 1 DAGs
[2025-02-14T00:41:30.946+0000] {logging_mixin.py:190} INFO - [2025-02-14T00:41:30.946+0000] {dag.py:4180} INFO - Setting next_dagrun for example_branch_labels to 2025-02-13 00:00:00+00:00, run_after=2025-02-14 00:00:00+00:00
[2025-02-14T00:41:30.989+0000] {processor.py:208} INFO - Processing /home/airflow/.local/lib/python3.12/site-packages/airflow/example_dags/example_branch_labels.py took 0.234 seconds
[2025-02-14T00:45:06.766+0000] {processor.py:186} INFO - Started process (PID=43) to work on /home/airflow/.local/lib/python3.12/site-packages/airflow/example_dags/example_branch_labels.py
[2025-02-14T00:45:06.767+0000] {processor.py:914} INFO - Processing file /home/airflow/.local/lib/python3.12/site-packages/airflow/example_dags/example_branch_labels.py for tasks to queue
[2025-02-14T00:45:06.777+0000] {logging_mixin.py:190} INFO - [2025-02-14T00:45:06.777+0000] {dagbag.py:588} INFO - Filling up the DagBag from /home/airflow/.local/lib/python3.12/site-packages/airflow/example_dags/example_branch_labels.py
[2025-02-14T00:45:06.797+0000] {processor.py:925} INFO - DAG(s) 'example_branch_labels' retrieved from /home/airflow/.local/lib/python3.12/site-packages/airflow/example_dags/example_branch_labels.py
[2025-02-14T00:45:06.844+0000] {logging_mixin.py:190} INFO - [2025-02-14T00:45:06.843+0000] {dag.py:3239} INFO - Sync 1 DAGs
[2025-02-14T00:45:06.887+0000] {logging_mixin.py:190} INFO - [2025-02-14T00:45:06.887+0000] {dag.py:4180} INFO - Setting next_dagrun for example_branch_labels to 2025-02-13 00:00:00+00:00, run_after=2025-02-14 00:00:00+00:00
[2025-02-14T00:45:06.919+0000] {processor.py:208} INFO - Processing /home/airflow/.local/lib/python3.12/site-packages/airflow/example_dags/example_branch_labels.py took 0.162 seconds
[2025-02-14T00:45:37.946+0000] {processor.py:186} INFO - Started process (PID=109) to work on /home/airflow/.local/lib/python3.12/site-packages/airflow/example_dags/example_branch_labels.py
[2025-02-14T00:45:37.948+0000] {processor.py:914} INFO - Processing file /home/airflow/.local/lib/python3.12/site-packages/airflow/example_dags/example_branch_labels.py for tasks to queue
[2025-02-14T00:45:37.951+0000] {logging_mixin.py:190} INFO - [2025-02-14T00:45:37.950+0000] {dagbag.py:588} INFO - Filling up the DagBag from /home/airflow/.local/lib/python3.12/site-packages/airflow/example_dags/example_branch_labels.py
[2025-02-14T00:45:37.965+0000] {processor.py:925} INFO - DAG(s) 'example_branch_labels' retrieved from /home/airflow/.local/lib/python3.12/site-packages/airflow/example_dags/example_branch_labels.py
[2025-02-14T00:45:37.995+0000] {logging_mixin.py:190} INFO - [2025-02-14T00:45:37.995+0000] {dag.py:3239} INFO - Sync 1 DAGs
[2025-02-14T00:45:38.032+0000] {logging_mixin.py:190} INFO - [2025-02-14T00:45:38.031+0000] {dag.py:4180} INFO - Setting next_dagrun for example_branch_labels to 2025-02-13 00:00:00+00:00, run_after=2025-02-14 00:00:00+00:00
[2025-02-14T00:45:38.064+0000] {processor.py:208} INFO - Processing /home/airflow/.local/lib/python3.12/site-packages/airflow/example_dags/example_branch_labels.py took 0.127 seconds
[2025-02-14T00:46:09.042+0000] {processor.py:186} INFO - Started process (PID=175) to work on /home/airflow/.local/lib/python3.12/site-packages/airflow/example_dags/example_branch_labels.py
[2025-02-14T00:46:09.043+0000] {processor.py:914} INFO - Processing file /home/airflow/.local/lib/python3.12/site-packages/airflow/example_dags/example_branch_labels.py for tasks to queue
[2025-02-14T00:46:09.046+0000] {logging_mixin.py:190} INFO - [2025-02-14T00:46:09.046+0000] {dagbag.py:588} INFO - Filling up the DagBag from /home/airflow/.local/lib/python3.12/site-packages/airflow/example_dags/example_branch_labels.py
[2025-02-14T00:46:09.067+0000] {processor.py:925} INFO - DAG(s) 'example_branch_labels' retrieved from /home/airflow/.local/lib/python3.12/site-packages/airflow/example_dags/example_branch_labels.py
[2025-02-14T00:46:09.103+0000] {logging_mixin.py:190} INFO - [2025-02-14T00:46:09.102+0000] {dag.py:3239} INFO - Sync 1 DAGs
[2025-02-14T00:46:09.140+0000] {logging_mixin.py:190} INFO - [2025-02-14T00:46:09.140+0000] {dag.py:4180} INFO - Setting next_dagrun for example_branch_labels to 2025-02-13 00:00:00+00:00, run_after=2025-02-14 00:00:00+00:00
[2025-02-14T00:46:09.160+0000] {processor.py:208} INFO - Processing /home/airflow/.local/lib/python3.12/site-packages/airflow/example_dags/example_branch_labels.py took 0.125 seconds
[2025-02-14T00:46:39.992+0000] {processor.py:186} INFO - Started process (PID=241) to work on /home/airflow/.local/lib/python3.12/site-packages/airflow/example_dags/example_branch_labels.py
[2025-02-14T00:46:39.994+0000] {processor.py:914} INFO - Processing file /home/airflow/.local/lib/python3.12/site-packages/airflow/example_dags/example_branch_labels.py for tasks to queue
[2025-02-14T00:46:40.017+0000] {logging_mixin.py:190} INFO - [2025-02-14T00:46:40.017+0000] {dagbag.py:588} INFO - Filling up the DagBag from /home/airflow/.local/lib/python3.12/site-packages/airflow/example_dags/example_branch_labels.py
[2025-02-14T00:46:40.045+0000] {processor.py:925} INFO - DAG(s) 'example_branch_labels' retrieved from /home/airflow/.local/lib/python3.12/site-packages/airflow/example_dags/example_branch_labels.py
[2025-02-14T00:46:40.081+0000] {logging_mixin.py:190} INFO - [2025-02-14T00:46:40.081+0000] {dag.py:3239} INFO - Sync 1 DAGs
[2025-02-14T00:46:40.110+0000] {logging_mixin.py:190} INFO - [2025-02-14T00:46:40.110+0000] {dag.py:4180} INFO - Setting next_dagrun for example_branch_labels to 2025-02-13 00:00:00+00:00, run_after=2025-02-14 00:00:00+00:00
[2025-02-14T00:46:40.132+0000] {processor.py:208} INFO - Processing /home/airflow/.local/lib/python3.12/site-packages/airflow/example_dags/example_branch_labels.py took 0.156 seconds
[2025-02-14T00:47:10.478+0000] {processor.py:186} INFO - Started process (PID=308) to work on /home/airflow/.local/lib/python3.12/site-packages/airflow/example_dags/example_branch_labels.py
[2025-02-14T00:47:10.481+0000] {processor.py:914} INFO - Processing file /home/airflow/.local/lib/python3.12/site-packages/airflow/example_dags/example_branch_labels.py for tasks to queue
[2025-02-14T00:47:10.486+0000] {logging_mixin.py:190} INFO - [2025-02-14T00:47:10.485+0000] {dagbag.py:588} INFO - Filling up the DagBag from /home/airflow/.local/lib/python3.12/site-packages/airflow/example_dags/example_branch_labels.py
[2025-02-14T00:47:10.520+0000] {processor.py:925} INFO - DAG(s) 'example_branch_labels' retrieved from /home/airflow/.local/lib/python3.12/site-packages/airflow/example_dags/example_branch_labels.py
[2025-02-14T00:47:10.628+0000] {logging_mixin.py:190} INFO - [2025-02-14T00:47:10.627+0000] {dag.py:3239} INFO - Sync 1 DAGs
[2025-02-14T00:47:10.698+0000] {logging_mixin.py:190} INFO - [2025-02-14T00:47:10.698+0000] {dag.py:4180} INFO - Setting next_dagrun for example_branch_labels to 2025-02-13 00:00:00+00:00, run_after=2025-02-14 00:00:00+00:00
[2025-02-14T00:47:10.757+0000] {processor.py:208} INFO - Processing /home/airflow/.local/lib/python3.12/site-packages/airflow/example_dags/example_branch_labels.py took 0.288 seconds
[2025-02-14T00:47:41.500+0000] {processor.py:186} INFO - Started process (PID=374) to work on /home/airflow/.local/lib/python3.12/site-packages/airflow/example_dags/example_branch_labels.py
[2025-02-14T00:47:41.507+0000] {processor.py:914} INFO - Processing file /home/airflow/.local/lib/python3.12/site-packages/airflow/example_dags/example_branch_labels.py for tasks to queue
[2025-02-14T00:47:41.511+0000] {logging_mixin.py:190} INFO - [2025-02-14T00:47:41.510+0000] {dagbag.py:588} INFO - Filling up the DagBag from /home/airflow/.local/lib/python3.12/site-packages/airflow/example_dags/example_branch_labels.py
[2025-02-14T00:47:41.532+0000] {processor.py:925} INFO - DAG(s) 'example_branch_labels' retrieved from /home/airflow/.local/lib/python3.12/site-packages/airflow/example_dags/example_branch_labels.py
[2025-02-14T00:47:41.571+0000] {logging_mixin.py:190} INFO - [2025-02-14T00:47:41.570+0000] {dag.py:3239} INFO - Sync 1 DAGs
[2025-02-14T00:47:41.649+0000] {logging_mixin.py:190} INFO - [2025-02-14T00:47:41.649+0000] {dag.py:4180} INFO - Setting next_dagrun for example_branch_labels to 2025-02-13 00:00:00+00:00, run_after=2025-02-14 00:00:00+00:00
[2025-02-14T00:47:41.710+0000] {processor.py:208} INFO - Processing /home/airflow/.local/lib/python3.12/site-packages/airflow/example_dags/example_branch_labels.py took 0.218 seconds
[2025-02-14T00:48:11.988+0000] {processor.py:186} INFO - Started process (PID=446) to work on /home/airflow/.local/lib/python3.12/site-packages/airflow/example_dags/example_branch_labels.py
[2025-02-14T00:48:11.989+0000] {processor.py:914} INFO - Processing file /home/airflow/.local/lib/python3.12/site-packages/airflow/example_dags/example_branch_labels.py for tasks to queue
[2025-02-14T00:48:11.992+0000] {logging_mixin.py:190} INFO - [2025-02-14T00:48:11.992+0000] {dagbag.py:588} INFO - Filling up the DagBag from /home/airflow/.local/lib/python3.12/site-packages/airflow/example_dags/example_branch_labels.py
[2025-02-14T00:48:12.008+0000] {processor.py:925} INFO - DAG(s) 'example_branch_labels' retrieved from /home/airflow/.local/lib/python3.12/site-packages/airflow/example_dags/example_branch_labels.py
[2025-02-14T00:48:12.042+0000] {logging_mixin.py:190} INFO - [2025-02-14T00:48:12.042+0000] {dag.py:3239} INFO - Sync 1 DAGs
[2025-02-14T00:48:12.088+0000] {logging_mixin.py:190} INFO - [2025-02-14T00:48:12.088+0000] {dag.py:4180} INFO - Setting next_dagrun for example_branch_labels to 2025-02-13 00:00:00+00:00, run_after=2025-02-14 00:00:00+00:00
[2025-02-14T00:48:12.109+0000] {processor.py:208} INFO - Processing /home/airflow/.local/lib/python3.12/site-packages/airflow/example_dags/example_branch_labels.py took 0.130 seconds
[2025-02-14T00:48:42.283+0000] {processor.py:186} INFO - Started process (PID=512) to work on /home/airflow/.local/lib/python3.12/site-packages/airflow/example_dags/example_branch_labels.py
[2025-02-14T00:48:42.284+0000] {processor.py:914} INFO - Processing file /home/airflow/.local/lib/python3.12/site-packages/airflow/example_dags/example_branch_labels.py for tasks to queue
[2025-02-14T00:48:42.286+0000] {logging_mixin.py:190} INFO - [2025-02-14T00:48:42.286+0000] {dagbag.py:588} INFO - Filling up the DagBag from /home/airflow/.local/lib/python3.12/site-packages/airflow/example_dags/example_branch_labels.py
[2025-02-14T00:48:42.299+0000] {processor.py:925} INFO - DAG(s) 'example_branch_labels' retrieved from /home/airflow/.local/lib/python3.12/site-packages/airflow/example_dags/example_branch_labels.py
[2025-02-14T00:48:42.325+0000] {logging_mixin.py:190} INFO - [2025-02-14T00:48:42.324+0000] {dag.py:3239} INFO - Sync 1 DAGs
[2025-02-14T00:48:42.358+0000] {logging_mixin.py:190} INFO - [2025-02-14T00:48:42.358+0000] {dag.py:4180} INFO - Setting next_dagrun for example_branch_labels to 2025-02-13 00:00:00+00:00, run_after=2025-02-14 00:00:00+00:00
[2025-02-14T00:48:42.378+0000] {processor.py:208} INFO - Processing /home/airflow/.local/lib/python3.12/site-packages/airflow/example_dags/example_branch_labels.py took 0.101 seconds
[2025-02-14T00:49:12.420+0000] {processor.py:186} INFO - Started process (PID=578) to work on /home/airflow/.local/lib/python3.12/site-packages/airflow/example_dags/example_branch_labels.py
[2025-02-14T00:49:12.421+0000] {processor.py:914} INFO - Processing file /home/airflow/.local/lib/python3.12/site-packages/airflow/example_dags/example_branch_labels.py for tasks to queue
[2025-02-14T00:49:12.423+0000] {logging_mixin.py:190} INFO - [2025-02-14T00:49:12.423+0000] {dagbag.py:588} INFO - Filling up the DagBag from /home/airflow/.local/lib/python3.12/site-packages/airflow/example_dags/example_branch_labels.py
[2025-02-14T00:49:12.433+0000] {processor.py:925} INFO - DAG(s) 'example_branch_labels' retrieved from /home/airflow/.local/lib/python3.12/site-packages/airflow/example_dags/example_branch_labels.py
[2025-02-14T00:49:12.453+0000] {logging_mixin.py:190} INFO - [2025-02-14T00:49:12.452+0000] {dag.py:3239} INFO - Sync 1 DAGs
[2025-02-14T00:49:12.483+0000] {logging_mixin.py:190} INFO - [2025-02-14T00:49:12.482+0000] {dag.py:4180} INFO - Setting next_dagrun for example_branch_labels to 2025-02-13 00:00:00+00:00, run_after=2025-02-14 00:00:00+00:00
[2025-02-14T00:49:12.504+0000] {processor.py:208} INFO - Processing /home/airflow/.local/lib/python3.12/site-packages/airflow/example_dags/example_branch_labels.py took 0.092 seconds
[2025-02-14T00:49:43.236+0000] {processor.py:186} INFO - Started process (PID=643) to work on /home/airflow/.local/lib/python3.12/site-packages/airflow/example_dags/example_branch_labels.py
[2025-02-14T00:49:43.237+0000] {processor.py:914} INFO - Processing file /home/airflow/.local/lib/python3.12/site-packages/airflow/example_dags/example_branch_labels.py for tasks to queue
[2025-02-14T00:49:43.239+0000] {logging_mixin.py:190} INFO - [2025-02-14T00:49:43.239+0000] {dagbag.py:588} INFO - Filling up the DagBag from /home/airflow/.local/lib/python3.12/site-packages/airflow/example_dags/example_branch_labels.py
[2025-02-14T00:49:43.251+0000] {processor.py:925} INFO - DAG(s) 'example_branch_labels' retrieved from /home/airflow/.local/lib/python3.12/site-packages/airflow/example_dags/example_branch_labels.py
[2025-02-14T00:49:43.271+0000] {logging_mixin.py:190} INFO - [2025-02-14T00:49:43.271+0000] {dag.py:3239} INFO - Sync 1 DAGs
[2025-02-14T00:49:43.295+0000] {logging_mixin.py:190} INFO - [2025-02-14T00:49:43.295+0000] {dag.py:4180} INFO - Setting next_dagrun for example_branch_labels to 2025-02-13 00:00:00+00:00, run_after=2025-02-14 00:00:00+00:00
[2025-02-14T00:49:43.317+0000] {processor.py:208} INFO - Processing /home/airflow/.local/lib/python3.12/site-packages/airflow/example_dags/example_branch_labels.py took 0.086 seconds
[2025-02-14T00:50:14.559+0000] {processor.py:186} INFO - Started process (PID=710) to work on /home/airflow/.local/lib/python3.12/site-packages/airflow/example_dags/example_branch_labels.py
[2025-02-14T00:50:14.560+0000] {processor.py:914} INFO - Processing file /home/airflow/.local/lib/python3.12/site-packages/airflow/example_dags/example_branch_labels.py for tasks to queue
[2025-02-14T00:50:14.563+0000] {logging_mixin.py:190} INFO - [2025-02-14T00:50:14.563+0000] {dagbag.py:588} INFO - Filling up the DagBag from /home/airflow/.local/lib/python3.12/site-packages/airflow/example_dags/example_branch_labels.py
[2025-02-14T00:50:14.575+0000] {processor.py:925} INFO - DAG(s) 'example_branch_labels' retrieved from /home/airflow/.local/lib/python3.12/site-packages/airflow/example_dags/example_branch_labels.py
[2025-02-14T00:50:14.601+0000] {logging_mixin.py:190} INFO - [2025-02-14T00:50:14.601+0000] {dag.py:3239} INFO - Sync 1 DAGs
[2025-02-14T00:50:14.634+0000] {logging_mixin.py:190} INFO - [2025-02-14T00:50:14.634+0000] {dag.py:4180} INFO - Setting next_dagrun for example_branch_labels to 2025-02-13 00:00:00+00:00, run_after=2025-02-14 00:00:00+00:00
[2025-02-14T00:50:14.651+0000] {processor.py:208} INFO - Processing /home/airflow/.local/lib/python3.12/site-packages/airflow/example_dags/example_branch_labels.py took 0.098 seconds
[2025-02-14T00:51:35.998+0000] {processor.py:186} INFO - Started process (PID=43) to work on /home/airflow/.local/lib/python3.12/site-packages/airflow/example_dags/example_branch_labels.py
[2025-02-14T00:51:36.000+0000] {processor.py:914} INFO - Processing file /home/airflow/.local/lib/python3.12/site-packages/airflow/example_dags/example_branch_labels.py for tasks to queue
[2025-02-14T00:51:36.002+0000] {logging_mixin.py:190} INFO - [2025-02-14T00:51:36.002+0000] {dagbag.py:588} INFO - Filling up the DagBag from /home/airflow/.local/lib/python3.12/site-packages/airflow/example_dags/example_branch_labels.py
[2025-02-14T00:51:36.011+0000] {processor.py:925} INFO - DAG(s) 'example_branch_labels' retrieved from /home/airflow/.local/lib/python3.12/site-packages/airflow/example_dags/example_branch_labels.py
[2025-02-14T00:51:36.036+0000] {logging_mixin.py:190} INFO - [2025-02-14T00:51:36.035+0000] {dag.py:3239} INFO - Sync 1 DAGs
[2025-02-14T00:51:36.064+0000] {logging_mixin.py:190} INFO - [2025-02-14T00:51:36.064+0000] {dag.py:4180} INFO - Setting next_dagrun for example_branch_labels to 2025-02-13 00:00:00+00:00, run_after=2025-02-14 00:00:00+00:00
[2025-02-14T00:51:36.088+0000] {processor.py:208} INFO - Processing /home/airflow/.local/lib/python3.12/site-packages/airflow/example_dags/example_branch_labels.py took 0.095 seconds
[2025-02-14T00:52:07.481+0000] {processor.py:186} INFO - Started process (PID=108) to work on /home/airflow/.local/lib/python3.12/site-packages/airflow/example_dags/example_branch_labels.py
[2025-02-14T00:52:07.482+0000] {processor.py:914} INFO - Processing file /home/airflow/.local/lib/python3.12/site-packages/airflow/example_dags/example_branch_labels.py for tasks to queue
[2025-02-14T00:52:07.487+0000] {logging_mixin.py:190} INFO - [2025-02-14T00:52:07.486+0000] {dagbag.py:588} INFO - Filling up the DagBag from /home/airflow/.local/lib/python3.12/site-packages/airflow/example_dags/example_branch_labels.py
[2025-02-14T00:52:07.501+0000] {processor.py:925} INFO - DAG(s) 'example_branch_labels' retrieved from /home/airflow/.local/lib/python3.12/site-packages/airflow/example_dags/example_branch_labels.py
[2025-02-14T00:52:07.531+0000] {logging_mixin.py:190} INFO - [2025-02-14T00:52:07.530+0000] {dag.py:3239} INFO - Sync 1 DAGs
[2025-02-14T00:52:07.560+0000] {logging_mixin.py:190} INFO - [2025-02-14T00:52:07.560+0000] {dag.py:4180} INFO - Setting next_dagrun for example_branch_labels to 2025-02-13 00:00:00+00:00, run_after=2025-02-14 00:00:00+00:00
[2025-02-14T00:52:07.587+0000] {processor.py:208} INFO - Processing /home/airflow/.local/lib/python3.12/site-packages/airflow/example_dags/example_branch_labels.py took 0.115 seconds
[2025-02-14T00:52:38.523+0000] {processor.py:186} INFO - Started process (PID=174) to work on /home/airflow/.local/lib/python3.12/site-packages/airflow/example_dags/example_branch_labels.py
[2025-02-14T00:52:38.524+0000] {processor.py:914} INFO - Processing file /home/airflow/.local/lib/python3.12/site-packages/airflow/example_dags/example_branch_labels.py for tasks to queue
[2025-02-14T00:52:38.527+0000] {logging_mixin.py:190} INFO - [2025-02-14T00:52:38.527+0000] {dagbag.py:588} INFO - Filling up the DagBag from /home/airflow/.local/lib/python3.12/site-packages/airflow/example_dags/example_branch_labels.py
[2025-02-14T00:52:38.539+0000] {processor.py:925} INFO - DAG(s) 'example_branch_labels' retrieved from /home/airflow/.local/lib/python3.12/site-packages/airflow/example_dags/example_branch_labels.py
[2025-02-14T00:52:38.561+0000] {logging_mixin.py:190} INFO - [2025-02-14T00:52:38.561+0000] {dag.py:3239} INFO - Sync 1 DAGs
[2025-02-14T00:52:38.589+0000] {logging_mixin.py:190} INFO - [2025-02-14T00:52:38.589+0000] {dag.py:4180} INFO - Setting next_dagrun for example_branch_labels to 2025-02-13 00:00:00+00:00, run_after=2025-02-14 00:00:00+00:00
[2025-02-14T00:52:38.618+0000] {processor.py:208} INFO - Processing /home/airflow/.local/lib/python3.12/site-packages/airflow/example_dags/example_branch_labels.py took 0.102 seconds
[2025-02-14T00:53:08.662+0000] {processor.py:186} INFO - Started process (PID=239) to work on /home/airflow/.local/lib/python3.12/site-packages/airflow/example_dags/example_branch_labels.py
[2025-02-14T00:53:08.663+0000] {processor.py:914} INFO - Processing file /home/airflow/.local/lib/python3.12/site-packages/airflow/example_dags/example_branch_labels.py for tasks to queue
[2025-02-14T00:53:08.666+0000] {logging_mixin.py:190} INFO - [2025-02-14T00:53:08.665+0000] {dagbag.py:588} INFO - Filling up the DagBag from /home/airflow/.local/lib/python3.12/site-packages/airflow/example_dags/example_branch_labels.py
[2025-02-14T00:53:08.675+0000] {processor.py:925} INFO - DAG(s) 'example_branch_labels' retrieved from /home/airflow/.local/lib/python3.12/site-packages/airflow/example_dags/example_branch_labels.py
[2025-02-14T00:53:08.693+0000] {logging_mixin.py:190} INFO - [2025-02-14T00:53:08.693+0000] {dag.py:3239} INFO - Sync 1 DAGs
[2025-02-14T00:53:08.716+0000] {logging_mixin.py:190} INFO - [2025-02-14T00:53:08.715+0000] {dag.py:4180} INFO - Setting next_dagrun for example_branch_labels to 2025-02-13 00:00:00+00:00, run_after=2025-02-14 00:00:00+00:00
[2025-02-14T00:53:08.735+0000] {processor.py:208} INFO - Processing /home/airflow/.local/lib/python3.12/site-packages/airflow/example_dags/example_branch_labels.py took 0.078 seconds
[2025-02-14T00:53:38.911+0000] {processor.py:186} INFO - Started process (PID=305) to work on /home/airflow/.local/lib/python3.12/site-packages/airflow/example_dags/example_branch_labels.py
[2025-02-14T00:53:38.913+0000] {processor.py:914} INFO - Processing file /home/airflow/.local/lib/python3.12/site-packages/airflow/example_dags/example_branch_labels.py for tasks to queue
[2025-02-14T00:53:38.916+0000] {logging_mixin.py:190} INFO - [2025-02-14T00:53:38.915+0000] {dagbag.py:588} INFO - Filling up the DagBag from /home/airflow/.local/lib/python3.12/site-packages/airflow/example_dags/example_branch_labels.py
[2025-02-14T00:53:38.932+0000] {processor.py:925} INFO - DAG(s) 'example_branch_labels' retrieved from /home/airflow/.local/lib/python3.12/site-packages/airflow/example_dags/example_branch_labels.py
[2025-02-14T00:53:38.960+0000] {logging_mixin.py:190} INFO - [2025-02-14T00:53:38.960+0000] {dag.py:3239} INFO - Sync 1 DAGs
[2025-02-14T00:53:38.995+0000] {logging_mixin.py:190} INFO - [2025-02-14T00:53:38.995+0000] {dag.py:4180} INFO - Setting next_dagrun for example_branch_labels to 2025-02-13 00:00:00+00:00, run_after=2025-02-14 00:00:00+00:00
[2025-02-14T00:53:39.021+0000] {processor.py:208} INFO - Processing /home/airflow/.local/lib/python3.12/site-packages/airflow/example_dags/example_branch_labels.py took 0.122 seconds
[2025-02-14T00:54:09.409+0000] {processor.py:186} INFO - Started process (PID=372) to work on /home/airflow/.local/lib/python3.12/site-packages/airflow/example_dags/example_branch_labels.py
[2025-02-14T00:54:09.410+0000] {processor.py:914} INFO - Processing file /home/airflow/.local/lib/python3.12/site-packages/airflow/example_dags/example_branch_labels.py for tasks to queue
[2025-02-14T00:54:09.414+0000] {logging_mixin.py:190} INFO - [2025-02-14T00:54:09.414+0000] {dagbag.py:588} INFO - Filling up the DagBag from /home/airflow/.local/lib/python3.12/site-packages/airflow/example_dags/example_branch_labels.py
[2025-02-14T00:54:09.436+0000] {processor.py:925} INFO - DAG(s) 'example_branch_labels' retrieved from /home/airflow/.local/lib/python3.12/site-packages/airflow/example_dags/example_branch_labels.py
[2025-02-14T00:54:09.502+0000] {logging_mixin.py:190} INFO - [2025-02-14T00:54:09.502+0000] {dag.py:3239} INFO - Sync 1 DAGs
[2025-02-14T00:54:09.552+0000] {logging_mixin.py:190} INFO - [2025-02-14T00:54:09.551+0000] {dag.py:4180} INFO - Setting next_dagrun for example_branch_labels to 2025-02-13 00:00:00+00:00, run_after=2025-02-14 00:00:00+00:00
[2025-02-14T00:54:09.573+0000] {processor.py:208} INFO - Processing /home/airflow/.local/lib/python3.12/site-packages/airflow/example_dags/example_branch_labels.py took 0.173 seconds
[2025-02-14T00:54:40.749+0000] {processor.py:186} INFO - Started process (PID=438) to work on /home/airflow/.local/lib/python3.12/site-packages/airflow/example_dags/example_branch_labels.py
[2025-02-14T00:54:40.764+0000] {processor.py:914} INFO - Processing file /home/airflow/.local/lib/python3.12/site-packages/airflow/example_dags/example_branch_labels.py for tasks to queue
[2025-02-14T00:54:40.769+0000] {logging_mixin.py:190} INFO - [2025-02-14T00:54:40.768+0000] {dagbag.py:588} INFO - Filling up the DagBag from /home/airflow/.local/lib/python3.12/site-packages/airflow/example_dags/example_branch_labels.py
[2025-02-14T00:54:40.813+0000] {processor.py:925} INFO - DAG(s) 'example_branch_labels' retrieved from /home/airflow/.local/lib/python3.12/site-packages/airflow/example_dags/example_branch_labels.py
[2025-02-14T00:54:40.880+0000] {logging_mixin.py:190} INFO - [2025-02-14T00:54:40.879+0000] {dag.py:3239} INFO - Sync 1 DAGs
[2025-02-14T00:54:40.950+0000] {logging_mixin.py:190} INFO - [2025-02-14T00:54:40.950+0000] {dag.py:4180} INFO - Setting next_dagrun for example_branch_labels to 2025-02-13 00:00:00+00:00, run_after=2025-02-14 00:00:00+00:00
[2025-02-14T00:54:40.988+0000] {processor.py:208} INFO - Processing /home/airflow/.local/lib/python3.12/site-packages/airflow/example_dags/example_branch_labels.py took 0.257 seconds
[2025-02-14T00:55:11.635+0000] {processor.py:186} INFO - Started process (PID=509) to work on /home/airflow/.local/lib/python3.12/site-packages/airflow/example_dags/example_branch_labels.py
[2025-02-14T00:55:11.637+0000] {processor.py:914} INFO - Processing file /home/airflow/.local/lib/python3.12/site-packages/airflow/example_dags/example_branch_labels.py for tasks to queue
[2025-02-14T00:55:11.640+0000] {logging_mixin.py:190} INFO - [2025-02-14T00:55:11.640+0000] {dagbag.py:588} INFO - Filling up the DagBag from /home/airflow/.local/lib/python3.12/site-packages/airflow/example_dags/example_branch_labels.py
[2025-02-14T00:55:11.658+0000] {processor.py:925} INFO - DAG(s) 'example_branch_labels' retrieved from /home/airflow/.local/lib/python3.12/site-packages/airflow/example_dags/example_branch_labels.py
[2025-02-14T00:55:11.699+0000] {logging_mixin.py:190} INFO - [2025-02-14T00:55:11.698+0000] {dag.py:3239} INFO - Sync 1 DAGs
[2025-02-14T00:55:11.744+0000] {logging_mixin.py:190} INFO - [2025-02-14T00:55:11.743+0000] {dag.py:4180} INFO - Setting next_dagrun for example_branch_labels to 2025-02-13 00:00:00+00:00, run_after=2025-02-14 00:00:00+00:00
[2025-02-14T00:55:11.796+0000] {processor.py:208} INFO - Processing /home/airflow/.local/lib/python3.12/site-packages/airflow/example_dags/example_branch_labels.py took 0.175 seconds
[2025-02-14T00:55:42.573+0000] {processor.py:186} INFO - Started process (PID=574) to work on /home/airflow/.local/lib/python3.12/site-packages/airflow/example_dags/example_branch_labels.py
[2025-02-14T00:55:42.574+0000] {processor.py:914} INFO - Processing file /home/airflow/.local/lib/python3.12/site-packages/airflow/example_dags/example_branch_labels.py for tasks to queue
[2025-02-14T00:55:42.577+0000] {logging_mixin.py:190} INFO - [2025-02-14T00:55:42.576+0000] {dagbag.py:588} INFO - Filling up the DagBag from /home/airflow/.local/lib/python3.12/site-packages/airflow/example_dags/example_branch_labels.py
[2025-02-14T00:55:42.590+0000] {processor.py:925} INFO - DAG(s) 'example_branch_labels' retrieved from /home/airflow/.local/lib/python3.12/site-packages/airflow/example_dags/example_branch_labels.py
[2025-02-14T00:55:42.613+0000] {logging_mixin.py:190} INFO - [2025-02-14T00:55:42.613+0000] {dag.py:3239} INFO - Sync 1 DAGs
[2025-02-14T00:55:42.642+0000] {logging_mixin.py:190} INFO - [2025-02-14T00:55:42.641+0000] {dag.py:4180} INFO - Setting next_dagrun for example_branch_labels to 2025-02-13 00:00:00+00:00, run_after=2025-02-14 00:00:00+00:00
[2025-02-14T00:55:42.666+0000] {processor.py:208} INFO - Processing /home/airflow/.local/lib/python3.12/site-packages/airflow/example_dags/example_branch_labels.py took 0.100 seconds
[2025-02-14T00:56:13.702+0000] {processor.py:186} INFO - Started process (PID=641) to work on /home/airflow/.local/lib/python3.12/site-packages/airflow/example_dags/example_branch_labels.py
[2025-02-14T00:56:13.703+0000] {processor.py:914} INFO - Processing file /home/airflow/.local/lib/python3.12/site-packages/airflow/example_dags/example_branch_labels.py for tasks to queue
[2025-02-14T00:56:13.706+0000] {logging_mixin.py:190} INFO - [2025-02-14T00:56:13.705+0000] {dagbag.py:588} INFO - Filling up the DagBag from /home/airflow/.local/lib/python3.12/site-packages/airflow/example_dags/example_branch_labels.py
[2025-02-14T00:56:13.717+0000] {processor.py:925} INFO - DAG(s) 'example_branch_labels' retrieved from /home/airflow/.local/lib/python3.12/site-packages/airflow/example_dags/example_branch_labels.py
[2025-02-14T00:56:13.740+0000] {logging_mixin.py:190} INFO - [2025-02-14T00:56:13.739+0000] {dag.py:3239} INFO - Sync 1 DAGs
[2025-02-14T00:56:13.768+0000] {logging_mixin.py:190} INFO - [2025-02-14T00:56:13.768+0000] {dag.py:4180} INFO - Setting next_dagrun for example_branch_labels to 2025-02-13 00:00:00+00:00, run_after=2025-02-14 00:00:00+00:00
[2025-02-14T00:56:13.791+0000] {processor.py:208} INFO - Processing /home/airflow/.local/lib/python3.12/site-packages/airflow/example_dags/example_branch_labels.py took 0.095 seconds
[2025-02-14T00:56:44.721+0000] {processor.py:186} INFO - Started process (PID=707) to work on /home/airflow/.local/lib/python3.12/site-packages/airflow/example_dags/example_branch_labels.py
[2025-02-14T00:56:44.722+0000] {processor.py:914} INFO - Processing file /home/airflow/.local/lib/python3.12/site-packages/airflow/example_dags/example_branch_labels.py for tasks to queue
[2025-02-14T00:56:44.726+0000] {logging_mixin.py:190} INFO - [2025-02-14T00:56:44.726+0000] {dagbag.py:588} INFO - Filling up the DagBag from /home/airflow/.local/lib/python3.12/site-packages/airflow/example_dags/example_branch_labels.py
[2025-02-14T00:56:44.739+0000] {processor.py:925} INFO - DAG(s) 'example_branch_labels' retrieved from /home/airflow/.local/lib/python3.12/site-packages/airflow/example_dags/example_branch_labels.py
[2025-02-14T00:56:44.764+0000] {logging_mixin.py:190} INFO - [2025-02-14T00:56:44.764+0000] {dag.py:3239} INFO - Sync 1 DAGs
[2025-02-14T00:56:44.793+0000] {logging_mixin.py:190} INFO - [2025-02-14T00:56:44.793+0000] {dag.py:4180} INFO - Setting next_dagrun for example_branch_labels to 2025-02-13 00:00:00+00:00, run_after=2025-02-14 00:00:00+00:00
[2025-02-14T00:56:44.813+0000] {processor.py:208} INFO - Processing /home/airflow/.local/lib/python3.12/site-packages/airflow/example_dags/example_branch_labels.py took 0.098 seconds
[2025-02-14T00:57:15.865+0000] {processor.py:186} INFO - Started process (PID=774) to work on /home/airflow/.local/lib/python3.12/site-packages/airflow/example_dags/example_branch_labels.py
[2025-02-14T00:57:15.867+0000] {processor.py:914} INFO - Processing file /home/airflow/.local/lib/python3.12/site-packages/airflow/example_dags/example_branch_labels.py for tasks to queue
[2025-02-14T00:57:15.869+0000] {logging_mixin.py:190} INFO - [2025-02-14T00:57:15.869+0000] {dagbag.py:588} INFO - Filling up the DagBag from /home/airflow/.local/lib/python3.12/site-packages/airflow/example_dags/example_branch_labels.py
[2025-02-14T00:57:15.881+0000] {processor.py:925} INFO - DAG(s) 'example_branch_labels' retrieved from /home/airflow/.local/lib/python3.12/site-packages/airflow/example_dags/example_branch_labels.py
[2025-02-14T00:57:15.907+0000] {logging_mixin.py:190} INFO - [2025-02-14T00:57:15.906+0000] {dag.py:3239} INFO - Sync 1 DAGs
[2025-02-14T00:57:15.934+0000] {logging_mixin.py:190} INFO - [2025-02-14T00:57:15.934+0000] {dag.py:4180} INFO - Setting next_dagrun for example_branch_labels to 2025-02-13 00:00:00+00:00, run_after=2025-02-14 00:00:00+00:00
[2025-02-14T00:57:15.969+0000] {processor.py:208} INFO - Processing /home/airflow/.local/lib/python3.12/site-packages/airflow/example_dags/example_branch_labels.py took 0.111 seconds
[2025-02-14T00:57:46.564+0000] {processor.py:186} INFO - Started process (PID=840) to work on /home/airflow/.local/lib/python3.12/site-packages/airflow/example_dags/example_branch_labels.py
[2025-02-14T00:57:46.566+0000] {processor.py:914} INFO - Processing file /home/airflow/.local/lib/python3.12/site-packages/airflow/example_dags/example_branch_labels.py for tasks to queue
[2025-02-14T00:57:46.568+0000] {logging_mixin.py:190} INFO - [2025-02-14T00:57:46.568+0000] {dagbag.py:588} INFO - Filling up the DagBag from /home/airflow/.local/lib/python3.12/site-packages/airflow/example_dags/example_branch_labels.py
[2025-02-14T00:57:46.581+0000] {processor.py:925} INFO - DAG(s) 'example_branch_labels' retrieved from /home/airflow/.local/lib/python3.12/site-packages/airflow/example_dags/example_branch_labels.py
[2025-02-14T00:57:46.620+0000] {logging_mixin.py:190} INFO - [2025-02-14T00:57:46.620+0000] {dag.py:3239} INFO - Sync 1 DAGs
[2025-02-14T00:57:46.658+0000] {logging_mixin.py:190} INFO - [2025-02-14T00:57:46.658+0000] {dag.py:4180} INFO - Setting next_dagrun for example_branch_labels to 2025-02-13 00:00:00+00:00, run_after=2025-02-14 00:00:00+00:00
[2025-02-14T00:57:46.694+0000] {processor.py:208} INFO - Processing /home/airflow/.local/lib/python3.12/site-packages/airflow/example_dags/example_branch_labels.py took 0.139 seconds
[2025-02-14T00:58:18.192+0000] {processor.py:186} INFO - Started process (PID=906) to work on /home/airflow/.local/lib/python3.12/site-packages/airflow/example_dags/example_branch_labels.py
[2025-02-14T00:58:18.197+0000] {processor.py:914} INFO - Processing file /home/airflow/.local/lib/python3.12/site-packages/airflow/example_dags/example_branch_labels.py for tasks to queue
[2025-02-14T00:58:18.207+0000] {logging_mixin.py:190} INFO - [2025-02-14T00:58:18.206+0000] {dagbag.py:588} INFO - Filling up the DagBag from /home/airflow/.local/lib/python3.12/site-packages/airflow/example_dags/example_branch_labels.py
[2025-02-14T00:58:18.263+0000] {processor.py:925} INFO - DAG(s) 'example_branch_labels' retrieved from /home/airflow/.local/lib/python3.12/site-packages/airflow/example_dags/example_branch_labels.py
[2025-02-14T00:58:18.319+0000] {logging_mixin.py:190} INFO - [2025-02-14T00:58:18.319+0000] {dag.py:3239} INFO - Sync 1 DAGs
[2025-02-14T00:58:18.406+0000] {logging_mixin.py:190} INFO - [2025-02-14T00:58:18.406+0000] {dag.py:4180} INFO - Setting next_dagrun for example_branch_labels to 2025-02-13 00:00:00+00:00, run_after=2025-02-14 00:00:00+00:00
[2025-02-14T00:58:18.449+0000] {processor.py:208} INFO - Processing /home/airflow/.local/lib/python3.12/site-packages/airflow/example_dags/example_branch_labels.py took 0.276 seconds
[2025-02-14T00:58:49.160+0000] {processor.py:186} INFO - Started process (PID=972) to work on /home/airflow/.local/lib/python3.12/site-packages/airflow/example_dags/example_branch_labels.py
[2025-02-14T00:58:49.161+0000] {processor.py:914} INFO - Processing file /home/airflow/.local/lib/python3.12/site-packages/airflow/example_dags/example_branch_labels.py for tasks to queue
[2025-02-14T00:58:49.165+0000] {logging_mixin.py:190} INFO - [2025-02-14T00:58:49.164+0000] {dagbag.py:588} INFO - Filling up the DagBag from /home/airflow/.local/lib/python3.12/site-packages/airflow/example_dags/example_branch_labels.py
[2025-02-14T00:58:49.177+0000] {processor.py:925} INFO - DAG(s) 'example_branch_labels' retrieved from /home/airflow/.local/lib/python3.12/site-packages/airflow/example_dags/example_branch_labels.py
[2025-02-14T00:58:49.199+0000] {logging_mixin.py:190} INFO - [2025-02-14T00:58:49.199+0000] {dag.py:3239} INFO - Sync 1 DAGs
[2025-02-14T00:58:49.226+0000] {logging_mixin.py:190} INFO - [2025-02-14T00:58:49.226+0000] {dag.py:4180} INFO - Setting next_dagrun for example_branch_labels to 2025-02-13 00:00:00+00:00, run_after=2025-02-14 00:00:00+00:00
[2025-02-14T00:58:49.247+0000] {processor.py:208} INFO - Processing /home/airflow/.local/lib/python3.12/site-packages/airflow/example_dags/example_branch_labels.py took 0.101 seconds
[2025-02-14T00:59:19.439+0000] {processor.py:186} INFO - Started process (PID=1038) to work on /home/airflow/.local/lib/python3.12/site-packages/airflow/example_dags/example_branch_labels.py
[2025-02-14T00:59:19.440+0000] {processor.py:914} INFO - Processing file /home/airflow/.local/lib/python3.12/site-packages/airflow/example_dags/example_branch_labels.py for tasks to queue
[2025-02-14T00:59:19.443+0000] {logging_mixin.py:190} INFO - [2025-02-14T00:59:19.442+0000] {dagbag.py:588} INFO - Filling up the DagBag from /home/airflow/.local/lib/python3.12/site-packages/airflow/example_dags/example_branch_labels.py
[2025-02-14T00:59:19.454+0000] {processor.py:925} INFO - DAG(s) 'example_branch_labels' retrieved from /home/airflow/.local/lib/python3.12/site-packages/airflow/example_dags/example_branch_labels.py
[2025-02-14T00:59:19.476+0000] {logging_mixin.py:190} INFO - [2025-02-14T00:59:19.476+0000] {dag.py:3239} INFO - Sync 1 DAGs
[2025-02-14T00:59:19.502+0000] {logging_mixin.py:190} INFO - [2025-02-14T00:59:19.502+0000] {dag.py:4180} INFO - Setting next_dagrun for example_branch_labels to 2025-02-13 00:00:00+00:00, run_after=2025-02-14 00:00:00+00:00
[2025-02-14T00:59:19.523+0000] {processor.py:208} INFO - Processing /home/airflow/.local/lib/python3.12/site-packages/airflow/example_dags/example_branch_labels.py took 0.090 seconds
[2025-02-14T00:59:50.364+0000] {processor.py:186} INFO - Started process (PID=1103) to work on /home/airflow/.local/lib/python3.12/site-packages/airflow/example_dags/example_branch_labels.py
[2025-02-14T00:59:50.366+0000] {processor.py:914} INFO - Processing file /home/airflow/.local/lib/python3.12/site-packages/airflow/example_dags/example_branch_labels.py for tasks to queue
[2025-02-14T00:59:50.368+0000] {logging_mixin.py:190} INFO - [2025-02-14T00:59:50.368+0000] {dagbag.py:588} INFO - Filling up the DagBag from /home/airflow/.local/lib/python3.12/site-packages/airflow/example_dags/example_branch_labels.py
[2025-02-14T00:59:50.383+0000] {processor.py:925} INFO - DAG(s) 'example_branch_labels' retrieved from /home/airflow/.local/lib/python3.12/site-packages/airflow/example_dags/example_branch_labels.py
[2025-02-14T00:59:50.413+0000] {logging_mixin.py:190} INFO - [2025-02-14T00:59:50.412+0000] {dag.py:3239} INFO - Sync 1 DAGs
[2025-02-14T00:59:50.471+0000] {logging_mixin.py:190} INFO - [2025-02-14T00:59:50.471+0000] {dag.py:4180} INFO - Setting next_dagrun for example_branch_labels to 2025-02-13 00:00:00+00:00, run_after=2025-02-14 00:00:00+00:00
[2025-02-14T00:59:50.516+0000] {processor.py:208} INFO - Processing /home/airflow/.local/lib/python3.12/site-packages/airflow/example_dags/example_branch_labels.py took 0.159 seconds
[2025-02-14T01:00:20.745+0000] {processor.py:186} INFO - Started process (PID=1170) to work on /home/airflow/.local/lib/python3.12/site-packages/airflow/example_dags/example_branch_labels.py
[2025-02-14T01:00:20.746+0000] {processor.py:914} INFO - Processing file /home/airflow/.local/lib/python3.12/site-packages/airflow/example_dags/example_branch_labels.py for tasks to queue
[2025-02-14T01:00:20.750+0000] {logging_mixin.py:190} INFO - [2025-02-14T01:00:20.749+0000] {dagbag.py:588} INFO - Filling up the DagBag from /home/airflow/.local/lib/python3.12/site-packages/airflow/example_dags/example_branch_labels.py
[2025-02-14T01:00:20.764+0000] {processor.py:925} INFO - DAG(s) 'example_branch_labels' retrieved from /home/airflow/.local/lib/python3.12/site-packages/airflow/example_dags/example_branch_labels.py
[2025-02-14T01:00:20.790+0000] {logging_mixin.py:190} INFO - [2025-02-14T01:00:20.790+0000] {dag.py:3239} INFO - Sync 1 DAGs
[2025-02-14T01:00:20.826+0000] {logging_mixin.py:190} INFO - [2025-02-14T01:00:20.825+0000] {dag.py:4180} INFO - Setting next_dagrun for example_branch_labels to 2025-02-13 00:00:00+00:00, run_after=2025-02-14 00:00:00+00:00
[2025-02-14T01:00:20.849+0000] {processor.py:208} INFO - Processing /home/airflow/.local/lib/python3.12/site-packages/airflow/example_dags/example_branch_labels.py took 0.112 seconds
[2025-02-14T01:00:51.007+0000] {processor.py:186} INFO - Started process (PID=1237) to work on /home/airflow/.local/lib/python3.12/site-packages/airflow/example_dags/example_branch_labels.py
[2025-02-14T01:00:51.008+0000] {processor.py:914} INFO - Processing file /home/airflow/.local/lib/python3.12/site-packages/airflow/example_dags/example_branch_labels.py for tasks to queue
[2025-02-14T01:00:51.011+0000] {logging_mixin.py:190} INFO - [2025-02-14T01:00:51.011+0000] {dagbag.py:588} INFO - Filling up the DagBag from /home/airflow/.local/lib/python3.12/site-packages/airflow/example_dags/example_branch_labels.py
[2025-02-14T01:00:51.026+0000] {processor.py:925} INFO - DAG(s) 'example_branch_labels' retrieved from /home/airflow/.local/lib/python3.12/site-packages/airflow/example_dags/example_branch_labels.py
[2025-02-14T01:00:51.048+0000] {logging_mixin.py:190} INFO - [2025-02-14T01:00:51.048+0000] {dag.py:3239} INFO - Sync 1 DAGs
[2025-02-14T01:00:51.076+0000] {logging_mixin.py:190} INFO - [2025-02-14T01:00:51.076+0000] {dag.py:4180} INFO - Setting next_dagrun for example_branch_labels to 2025-02-13 00:00:00+00:00, run_after=2025-02-14 00:00:00+00:00
[2025-02-14T01:00:51.095+0000] {processor.py:208} INFO - Processing /home/airflow/.local/lib/python3.12/site-packages/airflow/example_dags/example_branch_labels.py took 0.095 seconds
[2025-02-14T01:01:21.173+0000] {processor.py:186} INFO - Started process (PID=1303) to work on /home/airflow/.local/lib/python3.12/site-packages/airflow/example_dags/example_branch_labels.py
[2025-02-14T01:01:21.174+0000] {processor.py:914} INFO - Processing file /home/airflow/.local/lib/python3.12/site-packages/airflow/example_dags/example_branch_labels.py for tasks to queue
[2025-02-14T01:01:21.177+0000] {logging_mixin.py:190} INFO - [2025-02-14T01:01:21.176+0000] {dagbag.py:588} INFO - Filling up the DagBag from /home/airflow/.local/lib/python3.12/site-packages/airflow/example_dags/example_branch_labels.py
[2025-02-14T01:01:21.187+0000] {processor.py:925} INFO - DAG(s) 'example_branch_labels' retrieved from /home/airflow/.local/lib/python3.12/site-packages/airflow/example_dags/example_branch_labels.py
[2025-02-14T01:01:21.210+0000] {logging_mixin.py:190} INFO - [2025-02-14T01:01:21.210+0000] {dag.py:3239} INFO - Sync 1 DAGs
[2025-02-14T01:01:21.235+0000] {logging_mixin.py:190} INFO - [2025-02-14T01:01:21.235+0000] {dag.py:4180} INFO - Setting next_dagrun for example_branch_labels to 2025-02-13 00:00:00+00:00, run_after=2025-02-14 00:00:00+00:00
[2025-02-14T01:01:21.253+0000] {processor.py:208} INFO - Processing /home/airflow/.local/lib/python3.12/site-packages/airflow/example_dags/example_branch_labels.py took 0.088 seconds
[2025-02-14T01:01:52.043+0000] {processor.py:186} INFO - Started process (PID=1369) to work on /home/airflow/.local/lib/python3.12/site-packages/airflow/example_dags/example_branch_labels.py
[2025-02-14T01:01:52.044+0000] {processor.py:914} INFO - Processing file /home/airflow/.local/lib/python3.12/site-packages/airflow/example_dags/example_branch_labels.py for tasks to queue
[2025-02-14T01:01:52.047+0000] {logging_mixin.py:190} INFO - [2025-02-14T01:01:52.047+0000] {dagbag.py:588} INFO - Filling up the DagBag from /home/airflow/.local/lib/python3.12/site-packages/airflow/example_dags/example_branch_labels.py
[2025-02-14T01:01:52.063+0000] {processor.py:925} INFO - DAG(s) 'example_branch_labels' retrieved from /home/airflow/.local/lib/python3.12/site-packages/airflow/example_dags/example_branch_labels.py
[2025-02-14T01:01:52.088+0000] {logging_mixin.py:190} INFO - [2025-02-14T01:01:52.087+0000] {dag.py:3239} INFO - Sync 1 DAGs
[2025-02-14T01:01:52.115+0000] {logging_mixin.py:190} INFO - [2025-02-14T01:01:52.115+0000] {dag.py:4180} INFO - Setting next_dagrun for example_branch_labels to 2025-02-13 00:00:00+00:00, run_after=2025-02-14 00:00:00+00:00
[2025-02-14T01:01:52.143+0000] {processor.py:208} INFO - Processing /home/airflow/.local/lib/python3.12/site-packages/airflow/example_dags/example_branch_labels.py took 0.107 seconds
[2025-02-14T01:02:22.747+0000] {processor.py:186} INFO - Started process (PID=1435) to work on /home/airflow/.local/lib/python3.12/site-packages/airflow/example_dags/example_branch_labels.py
[2025-02-14T01:02:22.748+0000] {processor.py:914} INFO - Processing file /home/airflow/.local/lib/python3.12/site-packages/airflow/example_dags/example_branch_labels.py for tasks to queue
[2025-02-14T01:02:22.750+0000] {logging_mixin.py:190} INFO - [2025-02-14T01:02:22.750+0000] {dagbag.py:588} INFO - Filling up the DagBag from /home/airflow/.local/lib/python3.12/site-packages/airflow/example_dags/example_branch_labels.py
[2025-02-14T01:02:22.760+0000] {processor.py:925} INFO - DAG(s) 'example_branch_labels' retrieved from /home/airflow/.local/lib/python3.12/site-packages/airflow/example_dags/example_branch_labels.py
[2025-02-14T01:02:22.778+0000] {logging_mixin.py:190} INFO - [2025-02-14T01:02:22.778+0000] {dag.py:3239} INFO - Sync 1 DAGs
[2025-02-14T01:02:22.801+0000] {logging_mixin.py:190} INFO - [2025-02-14T01:02:22.800+0000] {dag.py:4180} INFO - Setting next_dagrun for example_branch_labels to 2025-02-13 00:00:00+00:00, run_after=2025-02-14 00:00:00+00:00
[2025-02-14T01:02:22.819+0000] {processor.py:208} INFO - Processing /home/airflow/.local/lib/python3.12/site-packages/airflow/example_dags/example_branch_labels.py took 0.077 seconds
[2025-02-14T01:02:53.669+0000] {processor.py:186} INFO - Started process (PID=1501) to work on /home/airflow/.local/lib/python3.12/site-packages/airflow/example_dags/example_branch_labels.py
[2025-02-14T01:02:53.671+0000] {processor.py:914} INFO - Processing file /home/airflow/.local/lib/python3.12/site-packages/airflow/example_dags/example_branch_labels.py for tasks to queue
[2025-02-14T01:02:53.672+0000] {logging_mixin.py:190} INFO - [2025-02-14T01:02:53.672+0000] {dagbag.py:588} INFO - Filling up the DagBag from /home/airflow/.local/lib/python3.12/site-packages/airflow/example_dags/example_branch_labels.py
[2025-02-14T01:02:53.683+0000] {processor.py:925} INFO - DAG(s) 'example_branch_labels' retrieved from /home/airflow/.local/lib/python3.12/site-packages/airflow/example_dags/example_branch_labels.py
[2025-02-14T01:02:53.702+0000] {logging_mixin.py:190} INFO - [2025-02-14T01:02:53.702+0000] {dag.py:3239} INFO - Sync 1 DAGs
[2025-02-14T01:02:53.741+0000] {logging_mixin.py:190} INFO - [2025-02-14T01:02:53.741+0000] {dag.py:4180} INFO - Setting next_dagrun for example_branch_labels to 2025-02-13 00:00:00+00:00, run_after=2025-02-14 00:00:00+00:00
[2025-02-14T01:02:53.781+0000] {processor.py:208} INFO - Processing /home/airflow/.local/lib/python3.12/site-packages/airflow/example_dags/example_branch_labels.py took 0.117 seconds
[2025-02-14T01:09:59.814+0000] {processor.py:186} INFO - Started process (PID=44) to work on /home/airflow/.local/lib/python3.12/site-packages/airflow/example_dags/example_branch_labels.py
[2025-02-14T01:09:59.815+0000] {processor.py:914} INFO - Processing file /home/airflow/.local/lib/python3.12/site-packages/airflow/example_dags/example_branch_labels.py for tasks to queue
[2025-02-14T01:09:59.818+0000] {logging_mixin.py:190} INFO - [2025-02-14T01:09:59.817+0000] {dagbag.py:588} INFO - Filling up the DagBag from /home/airflow/.local/lib/python3.12/site-packages/airflow/example_dags/example_branch_labels.py
[2025-02-14T01:09:59.831+0000] {processor.py:925} INFO - DAG(s) 'example_branch_labels' retrieved from /home/airflow/.local/lib/python3.12/site-packages/airflow/example_dags/example_branch_labels.py
[2025-02-14T01:09:59.854+0000] {logging_mixin.py:190} INFO - [2025-02-14T01:09:59.853+0000] {dag.py:3239} INFO - Sync 1 DAGs
[2025-02-14T01:09:59.880+0000] {logging_mixin.py:190} INFO - [2025-02-14T01:09:59.880+0000] {dag.py:4180} INFO - Setting next_dagrun for example_branch_labels to 2025-02-13 00:00:00+00:00, run_after=2025-02-14 00:00:00+00:00
[2025-02-14T01:09:59.899+0000] {processor.py:208} INFO - Processing /home/airflow/.local/lib/python3.12/site-packages/airflow/example_dags/example_branch_labels.py took 0.092 seconds
[2025-02-14T01:10:30.644+0000] {processor.py:186} INFO - Started process (PID=110) to work on /home/airflow/.local/lib/python3.12/site-packages/airflow/example_dags/example_branch_labels.py
[2025-02-14T01:10:30.645+0000] {processor.py:914} INFO - Processing file /home/airflow/.local/lib/python3.12/site-packages/airflow/example_dags/example_branch_labels.py for tasks to queue
[2025-02-14T01:10:30.648+0000] {logging_mixin.py:190} INFO - [2025-02-14T01:10:30.647+0000] {dagbag.py:588} INFO - Filling up the DagBag from /home/airflow/.local/lib/python3.12/site-packages/airflow/example_dags/example_branch_labels.py
[2025-02-14T01:10:30.658+0000] {processor.py:925} INFO - DAG(s) 'example_branch_labels' retrieved from /home/airflow/.local/lib/python3.12/site-packages/airflow/example_dags/example_branch_labels.py
[2025-02-14T01:10:30.679+0000] {logging_mixin.py:190} INFO - [2025-02-14T01:10:30.679+0000] {dag.py:3239} INFO - Sync 1 DAGs
[2025-02-14T01:10:30.710+0000] {logging_mixin.py:190} INFO - [2025-02-14T01:10:30.710+0000] {dag.py:4180} INFO - Setting next_dagrun for example_branch_labels to 2025-02-13 00:00:00+00:00, run_after=2025-02-14 00:00:00+00:00
[2025-02-14T01:10:30.731+0000] {processor.py:208} INFO - Processing /home/airflow/.local/lib/python3.12/site-packages/airflow/example_dags/example_branch_labels.py took 0.093 seconds
[2025-02-14T01:11:01.712+0000] {processor.py:186} INFO - Started process (PID=175) to work on /home/airflow/.local/lib/python3.12/site-packages/airflow/example_dags/example_branch_labels.py
[2025-02-14T01:11:01.713+0000] {processor.py:914} INFO - Processing file /home/airflow/.local/lib/python3.12/site-packages/airflow/example_dags/example_branch_labels.py for tasks to queue
[2025-02-14T01:11:01.715+0000] {logging_mixin.py:190} INFO - [2025-02-14T01:11:01.715+0000] {dagbag.py:588} INFO - Filling up the DagBag from /home/airflow/.local/lib/python3.12/site-packages/airflow/example_dags/example_branch_labels.py
[2025-02-14T01:11:01.725+0000] {processor.py:925} INFO - DAG(s) 'example_branch_labels' retrieved from /home/airflow/.local/lib/python3.12/site-packages/airflow/example_dags/example_branch_labels.py
[2025-02-14T01:11:01.746+0000] {logging_mixin.py:190} INFO - [2025-02-14T01:11:01.746+0000] {dag.py:3239} INFO - Sync 1 DAGs
[2025-02-14T01:11:01.771+0000] {logging_mixin.py:190} INFO - [2025-02-14T01:11:01.771+0000] {dag.py:4180} INFO - Setting next_dagrun for example_branch_labels to 2025-02-13 00:00:00+00:00, run_after=2025-02-14 00:00:00+00:00
[2025-02-14T01:11:01.790+0000] {processor.py:208} INFO - Processing /home/airflow/.local/lib/python3.12/site-packages/airflow/example_dags/example_branch_labels.py took 0.088 seconds
[2025-02-14T01:11:32.503+0000] {processor.py:186} INFO - Started process (PID=241) to work on /home/airflow/.local/lib/python3.12/site-packages/airflow/example_dags/example_branch_labels.py
[2025-02-14T01:11:32.504+0000] {processor.py:914} INFO - Processing file /home/airflow/.local/lib/python3.12/site-packages/airflow/example_dags/example_branch_labels.py for tasks to queue
[2025-02-14T01:11:32.507+0000] {logging_mixin.py:190} INFO - [2025-02-14T01:11:32.506+0000] {dagbag.py:588} INFO - Filling up the DagBag from /home/airflow/.local/lib/python3.12/site-packages/airflow/example_dags/example_branch_labels.py
[2025-02-14T01:11:32.517+0000] {processor.py:925} INFO - DAG(s) 'example_branch_labels' retrieved from /home/airflow/.local/lib/python3.12/site-packages/airflow/example_dags/example_branch_labels.py
[2025-02-14T01:11:32.546+0000] {logging_mixin.py:190} INFO - [2025-02-14T01:11:32.546+0000] {dag.py:3239} INFO - Sync 1 DAGs
[2025-02-14T01:11:32.591+0000] {logging_mixin.py:190} INFO - [2025-02-14T01:11:32.591+0000] {dag.py:4180} INFO - Setting next_dagrun for example_branch_labels to 2025-02-13 00:00:00+00:00, run_after=2025-02-14 00:00:00+00:00
[2025-02-14T01:11:32.613+0000] {processor.py:208} INFO - Processing /home/airflow/.local/lib/python3.12/site-packages/airflow/example_dags/example_branch_labels.py took 0.117 seconds
