[2025-02-14T00:00:18.679+0000] {processor.py:186} INFO - Started process (PID=1526) to work on /home/airflow/.local/lib/python3.12/site-packages/airflow/example_dags/example_branch_python_dop_operator_3.py
[2025-02-14T00:00:18.680+0000] {processor.py:914} INFO - Processing file /home/airflow/.local/lib/python3.12/site-packages/airflow/example_dags/example_branch_python_dop_operator_3.py for tasks to queue
[2025-02-14T00:00:18.682+0000] {logging_mixin.py:190} INFO - [2025-02-14T00:00:18.682+0000] {dagbag.py:588} INFO - Filling up the DagBag from /home/airflow/.local/lib/python3.12/site-packages/airflow/example_dags/example_branch_python_dop_operator_3.py
[2025-02-14T00:00:18.692+0000] {processor.py:925} INFO - DAG(s) 'example_branch_dop_operator_v3' retrieved from /home/airflow/.local/lib/python3.12/site-packages/airflow/example_dags/example_branch_python_dop_operator_3.py
[2025-02-14T00:00:18.710+0000] {logging_mixin.py:190} INFO - [2025-02-14T00:00:18.710+0000] {dag.py:3239} INFO - Sync 1 DAGs
[2025-02-14T00:00:18.744+0000] {logging_mixin.py:190} INFO - [2025-02-14T00:00:18.744+0000] {dag.py:4180} INFO - Setting next_dagrun for example_branch_dop_operator_v3 to 2025-02-13 23:59:00+00:00, run_after=2025-02-14 00:00:00+00:00
[2025-02-14T00:00:18.765+0000] {processor.py:208} INFO - Processing /home/airflow/.local/lib/python3.12/site-packages/airflow/example_dags/example_branch_python_dop_operator_3.py took 0.092 seconds
[2025-02-14T00:00:49.909+0000] {processor.py:186} INFO - Started process (PID=1592) to work on /home/airflow/.local/lib/python3.12/site-packages/airflow/example_dags/example_branch_python_dop_operator_3.py
[2025-02-14T00:00:49.911+0000] {processor.py:914} INFO - Processing file /home/airflow/.local/lib/python3.12/site-packages/airflow/example_dags/example_branch_python_dop_operator_3.py for tasks to queue
[2025-02-14T00:00:49.919+0000] {logging_mixin.py:190} INFO - [2025-02-14T00:00:49.918+0000] {dagbag.py:588} INFO - Filling up the DagBag from /home/airflow/.local/lib/python3.12/site-packages/airflow/example_dags/example_branch_python_dop_operator_3.py
[2025-02-14T00:00:49.941+0000] {processor.py:925} INFO - DAG(s) 'example_branch_dop_operator_v3' retrieved from /home/airflow/.local/lib/python3.12/site-packages/airflow/example_dags/example_branch_python_dop_operator_3.py
[2025-02-14T00:00:49.976+0000] {logging_mixin.py:190} INFO - [2025-02-14T00:00:49.976+0000] {dag.py:3239} INFO - Sync 1 DAGs
[2025-02-14T00:00:50.025+0000] {logging_mixin.py:190} INFO - [2025-02-14T00:00:50.024+0000] {dag.py:4180} INFO - Setting next_dagrun for example_branch_dop_operator_v3 to 2025-02-13 23:59:00+00:00, run_after=2025-02-14 00:00:00+00:00
[2025-02-14T00:00:50.077+0000] {processor.py:208} INFO - Processing /home/airflow/.local/lib/python3.12/site-packages/airflow/example_dags/example_branch_python_dop_operator_3.py took 0.176 seconds
[2025-02-14T00:01:20.826+0000] {processor.py:186} INFO - Started process (PID=1659) to work on /home/airflow/.local/lib/python3.12/site-packages/airflow/example_dags/example_branch_python_dop_operator_3.py
[2025-02-14T00:01:20.827+0000] {processor.py:914} INFO - Processing file /home/airflow/.local/lib/python3.12/site-packages/airflow/example_dags/example_branch_python_dop_operator_3.py for tasks to queue
[2025-02-14T00:01:20.830+0000] {logging_mixin.py:190} INFO - [2025-02-14T00:01:20.829+0000] {dagbag.py:588} INFO - Filling up the DagBag from /home/airflow/.local/lib/python3.12/site-packages/airflow/example_dags/example_branch_python_dop_operator_3.py
[2025-02-14T00:01:20.839+0000] {processor.py:925} INFO - DAG(s) 'example_branch_dop_operator_v3' retrieved from /home/airflow/.local/lib/python3.12/site-packages/airflow/example_dags/example_branch_python_dop_operator_3.py
[2025-02-14T00:01:20.861+0000] {logging_mixin.py:190} INFO - [2025-02-14T00:01:20.860+0000] {dag.py:3239} INFO - Sync 1 DAGs
[2025-02-14T00:01:20.895+0000] {logging_mixin.py:190} INFO - [2025-02-14T00:01:20.894+0000] {dag.py:4180} INFO - Setting next_dagrun for example_branch_dop_operator_v3 to 2025-02-14 00:00:00+00:00, run_after=2025-02-14 00:01:00+00:00
[2025-02-14T00:01:20.918+0000] {processor.py:208} INFO - Processing /home/airflow/.local/lib/python3.12/site-packages/airflow/example_dags/example_branch_python_dop_operator_3.py took 0.099 seconds
[2025-02-14T00:01:51.597+0000] {processor.py:186} INFO - Started process (PID=1725) to work on /home/airflow/.local/lib/python3.12/site-packages/airflow/example_dags/example_branch_python_dop_operator_3.py
[2025-02-14T00:01:51.598+0000] {processor.py:914} INFO - Processing file /home/airflow/.local/lib/python3.12/site-packages/airflow/example_dags/example_branch_python_dop_operator_3.py for tasks to queue
[2025-02-14T00:01:51.604+0000] {logging_mixin.py:190} INFO - [2025-02-14T00:01:51.604+0000] {dagbag.py:588} INFO - Filling up the DagBag from /home/airflow/.local/lib/python3.12/site-packages/airflow/example_dags/example_branch_python_dop_operator_3.py
[2025-02-14T00:01:51.626+0000] {processor.py:925} INFO - DAG(s) 'example_branch_dop_operator_v3' retrieved from /home/airflow/.local/lib/python3.12/site-packages/airflow/example_dags/example_branch_python_dop_operator_3.py
[2025-02-14T00:01:51.667+0000] {logging_mixin.py:190} INFO - [2025-02-14T00:01:51.666+0000] {dag.py:3239} INFO - Sync 1 DAGs
[2025-02-14T00:01:51.727+0000] {logging_mixin.py:190} INFO - [2025-02-14T00:01:51.727+0000] {dag.py:4180} INFO - Setting next_dagrun for example_branch_dop_operator_v3 to 2025-02-14 00:00:00+00:00, run_after=2025-02-14 00:01:00+00:00
[2025-02-14T00:01:51.755+0000] {processor.py:208} INFO - Processing /home/airflow/.local/lib/python3.12/site-packages/airflow/example_dags/example_branch_python_dop_operator_3.py took 0.169 seconds
[2025-02-14T00:02:21.936+0000] {processor.py:186} INFO - Started process (PID=1790) to work on /home/airflow/.local/lib/python3.12/site-packages/airflow/example_dags/example_branch_python_dop_operator_3.py
[2025-02-14T00:02:21.937+0000] {processor.py:914} INFO - Processing file /home/airflow/.local/lib/python3.12/site-packages/airflow/example_dags/example_branch_python_dop_operator_3.py for tasks to queue
[2025-02-14T00:02:21.940+0000] {logging_mixin.py:190} INFO - [2025-02-14T00:02:21.939+0000] {dagbag.py:588} INFO - Filling up the DagBag from /home/airflow/.local/lib/python3.12/site-packages/airflow/example_dags/example_branch_python_dop_operator_3.py
[2025-02-14T00:02:21.952+0000] {processor.py:925} INFO - DAG(s) 'example_branch_dop_operator_v3' retrieved from /home/airflow/.local/lib/python3.12/site-packages/airflow/example_dags/example_branch_python_dop_operator_3.py
[2025-02-14T00:02:21.972+0000] {logging_mixin.py:190} INFO - [2025-02-14T00:02:21.971+0000] {dag.py:3239} INFO - Sync 1 DAGs
[2025-02-14T00:02:22.000+0000] {logging_mixin.py:190} INFO - [2025-02-14T00:02:22.000+0000] {dag.py:4180} INFO - Setting next_dagrun for example_branch_dop_operator_v3 to 2025-02-14 00:01:00+00:00, run_after=2025-02-14 00:02:00+00:00
[2025-02-14T00:02:22.024+0000] {processor.py:208} INFO - Processing /home/airflow/.local/lib/python3.12/site-packages/airflow/example_dags/example_branch_python_dop_operator_3.py took 0.093 seconds
[2025-02-14T00:02:52.528+0000] {processor.py:186} INFO - Started process (PID=1857) to work on /home/airflow/.local/lib/python3.12/site-packages/airflow/example_dags/example_branch_python_dop_operator_3.py
[2025-02-14T00:02:52.529+0000] {processor.py:914} INFO - Processing file /home/airflow/.local/lib/python3.12/site-packages/airflow/example_dags/example_branch_python_dop_operator_3.py for tasks to queue
[2025-02-14T00:02:52.531+0000] {logging_mixin.py:190} INFO - [2025-02-14T00:02:52.531+0000] {dagbag.py:588} INFO - Filling up the DagBag from /home/airflow/.local/lib/python3.12/site-packages/airflow/example_dags/example_branch_python_dop_operator_3.py
[2025-02-14T00:02:52.542+0000] {processor.py:925} INFO - DAG(s) 'example_branch_dop_operator_v3' retrieved from /home/airflow/.local/lib/python3.12/site-packages/airflow/example_dags/example_branch_python_dop_operator_3.py
[2025-02-14T00:02:52.560+0000] {logging_mixin.py:190} INFO - [2025-02-14T00:02:52.560+0000] {dag.py:3239} INFO - Sync 1 DAGs
[2025-02-14T00:02:52.587+0000] {logging_mixin.py:190} INFO - [2025-02-14T00:02:52.587+0000] {dag.py:4180} INFO - Setting next_dagrun for example_branch_dop_operator_v3 to 2025-02-14 00:01:00+00:00, run_after=2025-02-14 00:02:00+00:00
[2025-02-14T00:02:52.605+0000] {processor.py:208} INFO - Processing /home/airflow/.local/lib/python3.12/site-packages/airflow/example_dags/example_branch_python_dop_operator_3.py took 0.083 seconds
[2025-02-14T00:03:22.932+0000] {processor.py:186} INFO - Started process (PID=1923) to work on /home/airflow/.local/lib/python3.12/site-packages/airflow/example_dags/example_branch_python_dop_operator_3.py
[2025-02-14T00:03:22.933+0000] {processor.py:914} INFO - Processing file /home/airflow/.local/lib/python3.12/site-packages/airflow/example_dags/example_branch_python_dop_operator_3.py for tasks to queue
[2025-02-14T00:03:22.937+0000] {logging_mixin.py:190} INFO - [2025-02-14T00:03:22.937+0000] {dagbag.py:588} INFO - Filling up the DagBag from /home/airflow/.local/lib/python3.12/site-packages/airflow/example_dags/example_branch_python_dop_operator_3.py
[2025-02-14T00:03:22.950+0000] {processor.py:925} INFO - DAG(s) 'example_branch_dop_operator_v3' retrieved from /home/airflow/.local/lib/python3.12/site-packages/airflow/example_dags/example_branch_python_dop_operator_3.py
[2025-02-14T00:03:22.971+0000] {logging_mixin.py:190} INFO - [2025-02-14T00:03:22.971+0000] {dag.py:3239} INFO - Sync 1 DAGs
[2025-02-14T00:03:22.998+0000] {logging_mixin.py:190} INFO - [2025-02-14T00:03:22.997+0000] {dag.py:4180} INFO - Setting next_dagrun for example_branch_dop_operator_v3 to 2025-02-14 00:02:00+00:00, run_after=2025-02-14 00:03:00+00:00
[2025-02-14T00:03:23.020+0000] {processor.py:208} INFO - Processing /home/airflow/.local/lib/python3.12/site-packages/airflow/example_dags/example_branch_python_dop_operator_3.py took 0.095 seconds
[2025-02-14T00:03:53.555+0000] {processor.py:186} INFO - Started process (PID=1990) to work on /home/airflow/.local/lib/python3.12/site-packages/airflow/example_dags/example_branch_python_dop_operator_3.py
[2025-02-14T00:03:53.556+0000] {processor.py:914} INFO - Processing file /home/airflow/.local/lib/python3.12/site-packages/airflow/example_dags/example_branch_python_dop_operator_3.py for tasks to queue
[2025-02-14T00:03:53.559+0000] {logging_mixin.py:190} INFO - [2025-02-14T00:03:53.558+0000] {dagbag.py:588} INFO - Filling up the DagBag from /home/airflow/.local/lib/python3.12/site-packages/airflow/example_dags/example_branch_python_dop_operator_3.py
[2025-02-14T00:03:53.572+0000] {processor.py:925} INFO - DAG(s) 'example_branch_dop_operator_v3' retrieved from /home/airflow/.local/lib/python3.12/site-packages/airflow/example_dags/example_branch_python_dop_operator_3.py
[2025-02-14T00:03:53.592+0000] {logging_mixin.py:190} INFO - [2025-02-14T00:03:53.592+0000] {dag.py:3239} INFO - Sync 1 DAGs
[2025-02-14T00:03:53.629+0000] {logging_mixin.py:190} INFO - [2025-02-14T00:03:53.628+0000] {dag.py:4180} INFO - Setting next_dagrun for example_branch_dop_operator_v3 to 2025-02-14 00:02:00+00:00, run_after=2025-02-14 00:03:00+00:00
[2025-02-14T00:03:53.648+0000] {processor.py:208} INFO - Processing /home/airflow/.local/lib/python3.12/site-packages/airflow/example_dags/example_branch_python_dop_operator_3.py took 0.099 seconds
[2025-02-14T00:04:24.053+0000] {processor.py:186} INFO - Started process (PID=2056) to work on /home/airflow/.local/lib/python3.12/site-packages/airflow/example_dags/example_branch_python_dop_operator_3.py
[2025-02-14T00:04:24.054+0000] {processor.py:914} INFO - Processing file /home/airflow/.local/lib/python3.12/site-packages/airflow/example_dags/example_branch_python_dop_operator_3.py for tasks to queue
[2025-02-14T00:04:24.056+0000] {logging_mixin.py:190} INFO - [2025-02-14T00:04:24.056+0000] {dagbag.py:588} INFO - Filling up the DagBag from /home/airflow/.local/lib/python3.12/site-packages/airflow/example_dags/example_branch_python_dop_operator_3.py
[2025-02-14T00:04:24.066+0000] {processor.py:925} INFO - DAG(s) 'example_branch_dop_operator_v3' retrieved from /home/airflow/.local/lib/python3.12/site-packages/airflow/example_dags/example_branch_python_dop_operator_3.py
[2025-02-14T00:04:24.085+0000] {logging_mixin.py:190} INFO - [2025-02-14T00:04:24.084+0000] {dag.py:3239} INFO - Sync 1 DAGs
[2025-02-14T00:04:24.114+0000] {logging_mixin.py:190} INFO - [2025-02-14T00:04:24.113+0000] {dag.py:4180} INFO - Setting next_dagrun for example_branch_dop_operator_v3 to 2025-02-14 00:03:00+00:00, run_after=2025-02-14 00:04:00+00:00
[2025-02-14T00:04:24.131+0000] {processor.py:208} INFO - Processing /home/airflow/.local/lib/python3.12/site-packages/airflow/example_dags/example_branch_python_dop_operator_3.py took 0.085 seconds
[2025-02-14T00:04:54.809+0000] {processor.py:186} INFO - Started process (PID=2123) to work on /home/airflow/.local/lib/python3.12/site-packages/airflow/example_dags/example_branch_python_dop_operator_3.py
[2025-02-14T00:04:54.809+0000] {processor.py:914} INFO - Processing file /home/airflow/.local/lib/python3.12/site-packages/airflow/example_dags/example_branch_python_dop_operator_3.py for tasks to queue
[2025-02-14T00:04:54.812+0000] {logging_mixin.py:190} INFO - [2025-02-14T00:04:54.811+0000] {dagbag.py:588} INFO - Filling up the DagBag from /home/airflow/.local/lib/python3.12/site-packages/airflow/example_dags/example_branch_python_dop_operator_3.py
[2025-02-14T00:04:54.821+0000] {processor.py:925} INFO - DAG(s) 'example_branch_dop_operator_v3' retrieved from /home/airflow/.local/lib/python3.12/site-packages/airflow/example_dags/example_branch_python_dop_operator_3.py
[2025-02-14T00:04:54.838+0000] {logging_mixin.py:190} INFO - [2025-02-14T00:04:54.838+0000] {dag.py:3239} INFO - Sync 1 DAGs
[2025-02-14T00:04:54.863+0000] {logging_mixin.py:190} INFO - [2025-02-14T00:04:54.863+0000] {dag.py:4180} INFO - Setting next_dagrun for example_branch_dop_operator_v3 to 2025-02-14 00:03:00+00:00, run_after=2025-02-14 00:04:00+00:00
[2025-02-14T00:04:54.881+0000] {processor.py:208} INFO - Processing /home/airflow/.local/lib/python3.12/site-packages/airflow/example_dags/example_branch_python_dop_operator_3.py took 0.077 seconds
[2025-02-14T00:05:25.403+0000] {processor.py:186} INFO - Started process (PID=2189) to work on /home/airflow/.local/lib/python3.12/site-packages/airflow/example_dags/example_branch_python_dop_operator_3.py
[2025-02-14T00:05:25.404+0000] {processor.py:914} INFO - Processing file /home/airflow/.local/lib/python3.12/site-packages/airflow/example_dags/example_branch_python_dop_operator_3.py for tasks to queue
[2025-02-14T00:05:25.412+0000] {logging_mixin.py:190} INFO - [2025-02-14T00:05:25.407+0000] {dagbag.py:588} INFO - Filling up the DagBag from /home/airflow/.local/lib/python3.12/site-packages/airflow/example_dags/example_branch_python_dop_operator_3.py
[2025-02-14T00:05:25.427+0000] {processor.py:925} INFO - DAG(s) 'example_branch_dop_operator_v3' retrieved from /home/airflow/.local/lib/python3.12/site-packages/airflow/example_dags/example_branch_python_dop_operator_3.py
[2025-02-14T00:05:25.457+0000] {logging_mixin.py:190} INFO - [2025-02-14T00:05:25.456+0000] {dag.py:3239} INFO - Sync 1 DAGs
[2025-02-14T00:05:25.494+0000] {logging_mixin.py:190} INFO - [2025-02-14T00:05:25.494+0000] {dag.py:4180} INFO - Setting next_dagrun for example_branch_dop_operator_v3 to 2025-02-14 00:04:00+00:00, run_after=2025-02-14 00:05:00+00:00
[2025-02-14T00:05:25.520+0000] {processor.py:208} INFO - Processing /home/airflow/.local/lib/python3.12/site-packages/airflow/example_dags/example_branch_python_dop_operator_3.py took 0.123 seconds
[2025-02-14T00:05:55.935+0000] {processor.py:186} INFO - Started process (PID=2255) to work on /home/airflow/.local/lib/python3.12/site-packages/airflow/example_dags/example_branch_python_dop_operator_3.py
[2025-02-14T00:05:55.936+0000] {processor.py:914} INFO - Processing file /home/airflow/.local/lib/python3.12/site-packages/airflow/example_dags/example_branch_python_dop_operator_3.py for tasks to queue
[2025-02-14T00:05:55.938+0000] {logging_mixin.py:190} INFO - [2025-02-14T00:05:55.938+0000] {dagbag.py:588} INFO - Filling up the DagBag from /home/airflow/.local/lib/python3.12/site-packages/airflow/example_dags/example_branch_python_dop_operator_3.py
[2025-02-14T00:05:55.948+0000] {processor.py:925} INFO - DAG(s) 'example_branch_dop_operator_v3' retrieved from /home/airflow/.local/lib/python3.12/site-packages/airflow/example_dags/example_branch_python_dop_operator_3.py
[2025-02-14T00:05:55.969+0000] {logging_mixin.py:190} INFO - [2025-02-14T00:05:55.969+0000] {dag.py:3239} INFO - Sync 1 DAGs
[2025-02-14T00:05:56.008+0000] {logging_mixin.py:190} INFO - [2025-02-14T00:05:56.008+0000] {dag.py:4180} INFO - Setting next_dagrun for example_branch_dop_operator_v3 to 2025-02-14 00:04:00+00:00, run_after=2025-02-14 00:05:00+00:00
[2025-02-14T00:05:56.042+0000] {processor.py:208} INFO - Processing /home/airflow/.local/lib/python3.12/site-packages/airflow/example_dags/example_branch_python_dop_operator_3.py took 0.112 seconds
[2025-02-14T00:06:26.860+0000] {processor.py:186} INFO - Started process (PID=2321) to work on /home/airflow/.local/lib/python3.12/site-packages/airflow/example_dags/example_branch_python_dop_operator_3.py
[2025-02-14T00:06:26.861+0000] {processor.py:914} INFO - Processing file /home/airflow/.local/lib/python3.12/site-packages/airflow/example_dags/example_branch_python_dop_operator_3.py for tasks to queue
[2025-02-14T00:06:26.864+0000] {logging_mixin.py:190} INFO - [2025-02-14T00:06:26.864+0000] {dagbag.py:588} INFO - Filling up the DagBag from /home/airflow/.local/lib/python3.12/site-packages/airflow/example_dags/example_branch_python_dop_operator_3.py
[2025-02-14T00:06:26.876+0000] {processor.py:925} INFO - DAG(s) 'example_branch_dop_operator_v3' retrieved from /home/airflow/.local/lib/python3.12/site-packages/airflow/example_dags/example_branch_python_dop_operator_3.py
[2025-02-14T00:06:26.896+0000] {logging_mixin.py:190} INFO - [2025-02-14T00:06:26.895+0000] {dag.py:3239} INFO - Sync 1 DAGs
[2025-02-14T00:06:26.923+0000] {logging_mixin.py:190} INFO - [2025-02-14T00:06:26.922+0000] {dag.py:4180} INFO - Setting next_dagrun for example_branch_dop_operator_v3 to 2025-02-14 00:05:00+00:00, run_after=2025-02-14 00:06:00+00:00
[2025-02-14T00:06:26.946+0000] {processor.py:208} INFO - Processing /home/airflow/.local/lib/python3.12/site-packages/airflow/example_dags/example_branch_python_dop_operator_3.py took 0.091 seconds
[2025-02-14T00:06:57.028+0000] {processor.py:186} INFO - Started process (PID=2386) to work on /home/airflow/.local/lib/python3.12/site-packages/airflow/example_dags/example_branch_python_dop_operator_3.py
[2025-02-14T00:06:57.029+0000] {processor.py:914} INFO - Processing file /home/airflow/.local/lib/python3.12/site-packages/airflow/example_dags/example_branch_python_dop_operator_3.py for tasks to queue
[2025-02-14T00:06:57.032+0000] {logging_mixin.py:190} INFO - [2025-02-14T00:06:57.031+0000] {dagbag.py:588} INFO - Filling up the DagBag from /home/airflow/.local/lib/python3.12/site-packages/airflow/example_dags/example_branch_python_dop_operator_3.py
[2025-02-14T00:06:57.043+0000] {processor.py:925} INFO - DAG(s) 'example_branch_dop_operator_v3' retrieved from /home/airflow/.local/lib/python3.12/site-packages/airflow/example_dags/example_branch_python_dop_operator_3.py
[2025-02-14T00:06:57.061+0000] {logging_mixin.py:190} INFO - [2025-02-14T00:06:57.061+0000] {dag.py:3239} INFO - Sync 1 DAGs
[2025-02-14T00:06:57.085+0000] {logging_mixin.py:190} INFO - [2025-02-14T00:06:57.085+0000] {dag.py:4180} INFO - Setting next_dagrun for example_branch_dop_operator_v3 to 2025-02-14 00:05:00+00:00, run_after=2025-02-14 00:06:00+00:00
[2025-02-14T00:06:57.103+0000] {processor.py:208} INFO - Processing /home/airflow/.local/lib/python3.12/site-packages/airflow/example_dags/example_branch_python_dop_operator_3.py took 0.080 seconds
[2025-02-14T00:07:27.381+0000] {processor.py:186} INFO - Started process (PID=2452) to work on /home/airflow/.local/lib/python3.12/site-packages/airflow/example_dags/example_branch_python_dop_operator_3.py
[2025-02-14T00:07:27.382+0000] {processor.py:914} INFO - Processing file /home/airflow/.local/lib/python3.12/site-packages/airflow/example_dags/example_branch_python_dop_operator_3.py for tasks to queue
[2025-02-14T00:07:27.385+0000] {logging_mixin.py:190} INFO - [2025-02-14T00:07:27.384+0000] {dagbag.py:588} INFO - Filling up the DagBag from /home/airflow/.local/lib/python3.12/site-packages/airflow/example_dags/example_branch_python_dop_operator_3.py
[2025-02-14T00:07:27.396+0000] {processor.py:925} INFO - DAG(s) 'example_branch_dop_operator_v3' retrieved from /home/airflow/.local/lib/python3.12/site-packages/airflow/example_dags/example_branch_python_dop_operator_3.py
[2025-02-14T00:07:27.413+0000] {logging_mixin.py:190} INFO - [2025-02-14T00:07:27.413+0000] {dag.py:3239} INFO - Sync 1 DAGs
[2025-02-14T00:07:27.437+0000] {logging_mixin.py:190} INFO - [2025-02-14T00:07:27.437+0000] {dag.py:4180} INFO - Setting next_dagrun for example_branch_dop_operator_v3 to 2025-02-14 00:06:00+00:00, run_after=2025-02-14 00:07:00+00:00
[2025-02-14T00:07:27.455+0000] {processor.py:208} INFO - Processing /home/airflow/.local/lib/python3.12/site-packages/airflow/example_dags/example_branch_python_dop_operator_3.py took 0.079 seconds
[2025-02-14T00:07:57.648+0000] {processor.py:186} INFO - Started process (PID=2518) to work on /home/airflow/.local/lib/python3.12/site-packages/airflow/example_dags/example_branch_python_dop_operator_3.py
[2025-02-14T00:07:57.649+0000] {processor.py:914} INFO - Processing file /home/airflow/.local/lib/python3.12/site-packages/airflow/example_dags/example_branch_python_dop_operator_3.py for tasks to queue
[2025-02-14T00:07:57.652+0000] {logging_mixin.py:190} INFO - [2025-02-14T00:07:57.652+0000] {dagbag.py:588} INFO - Filling up the DagBag from /home/airflow/.local/lib/python3.12/site-packages/airflow/example_dags/example_branch_python_dop_operator_3.py
[2025-02-14T00:07:57.667+0000] {processor.py:925} INFO - DAG(s) 'example_branch_dop_operator_v3' retrieved from /home/airflow/.local/lib/python3.12/site-packages/airflow/example_dags/example_branch_python_dop_operator_3.py
[2025-02-14T00:07:57.686+0000] {logging_mixin.py:190} INFO - [2025-02-14T00:07:57.686+0000] {dag.py:3239} INFO - Sync 1 DAGs
[2025-02-14T00:07:57.720+0000] {logging_mixin.py:190} INFO - [2025-02-14T00:07:57.720+0000] {dag.py:4180} INFO - Setting next_dagrun for example_branch_dop_operator_v3 to 2025-02-14 00:06:00+00:00, run_after=2025-02-14 00:07:00+00:00
[2025-02-14T00:07:57.744+0000] {processor.py:208} INFO - Processing /home/airflow/.local/lib/python3.12/site-packages/airflow/example_dags/example_branch_python_dop_operator_3.py took 0.103 seconds
[2025-02-14T00:08:28.213+0000] {processor.py:186} INFO - Started process (PID=2585) to work on /home/airflow/.local/lib/python3.12/site-packages/airflow/example_dags/example_branch_python_dop_operator_3.py
[2025-02-14T00:08:28.214+0000] {processor.py:914} INFO - Processing file /home/airflow/.local/lib/python3.12/site-packages/airflow/example_dags/example_branch_python_dop_operator_3.py for tasks to queue
[2025-02-14T00:08:28.216+0000] {logging_mixin.py:190} INFO - [2025-02-14T00:08:28.216+0000] {dagbag.py:588} INFO - Filling up the DagBag from /home/airflow/.local/lib/python3.12/site-packages/airflow/example_dags/example_branch_python_dop_operator_3.py
[2025-02-14T00:08:28.226+0000] {processor.py:925} INFO - DAG(s) 'example_branch_dop_operator_v3' retrieved from /home/airflow/.local/lib/python3.12/site-packages/airflow/example_dags/example_branch_python_dop_operator_3.py
[2025-02-14T00:08:28.243+0000] {logging_mixin.py:190} INFO - [2025-02-14T00:08:28.243+0000] {dag.py:3239} INFO - Sync 1 DAGs
[2025-02-14T00:08:28.273+0000] {logging_mixin.py:190} INFO - [2025-02-14T00:08:28.273+0000] {dag.py:4180} INFO - Setting next_dagrun for example_branch_dop_operator_v3 to 2025-02-14 00:07:00+00:00, run_after=2025-02-14 00:08:00+00:00
[2025-02-14T00:08:28.303+0000] {processor.py:208} INFO - Processing /home/airflow/.local/lib/python3.12/site-packages/airflow/example_dags/example_branch_python_dop_operator_3.py took 0.095 seconds
[2025-02-14T00:08:58.347+0000] {processor.py:186} INFO - Started process (PID=2651) to work on /home/airflow/.local/lib/python3.12/site-packages/airflow/example_dags/example_branch_python_dop_operator_3.py
[2025-02-14T00:08:58.348+0000] {processor.py:914} INFO - Processing file /home/airflow/.local/lib/python3.12/site-packages/airflow/example_dags/example_branch_python_dop_operator_3.py for tasks to queue
[2025-02-14T00:08:58.350+0000] {logging_mixin.py:190} INFO - [2025-02-14T00:08:58.350+0000] {dagbag.py:588} INFO - Filling up the DagBag from /home/airflow/.local/lib/python3.12/site-packages/airflow/example_dags/example_branch_python_dop_operator_3.py
[2025-02-14T00:08:58.360+0000] {processor.py:925} INFO - DAG(s) 'example_branch_dop_operator_v3' retrieved from /home/airflow/.local/lib/python3.12/site-packages/airflow/example_dags/example_branch_python_dop_operator_3.py
[2025-02-14T00:08:58.380+0000] {logging_mixin.py:190} INFO - [2025-02-14T00:08:58.380+0000] {dag.py:3239} INFO - Sync 1 DAGs
[2025-02-14T00:08:58.407+0000] {logging_mixin.py:190} INFO - [2025-02-14T00:08:58.407+0000] {dag.py:4180} INFO - Setting next_dagrun for example_branch_dop_operator_v3 to 2025-02-14 00:07:00+00:00, run_after=2025-02-14 00:08:00+00:00
[2025-02-14T00:08:58.426+0000] {processor.py:208} INFO - Processing /home/airflow/.local/lib/python3.12/site-packages/airflow/example_dags/example_branch_python_dop_operator_3.py took 0.085 seconds
[2025-02-14T00:09:29.099+0000] {processor.py:186} INFO - Started process (PID=2717) to work on /home/airflow/.local/lib/python3.12/site-packages/airflow/example_dags/example_branch_python_dop_operator_3.py
[2025-02-14T00:09:29.101+0000] {processor.py:914} INFO - Processing file /home/airflow/.local/lib/python3.12/site-packages/airflow/example_dags/example_branch_python_dop_operator_3.py for tasks to queue
[2025-02-14T00:09:29.104+0000] {logging_mixin.py:190} INFO - [2025-02-14T00:09:29.104+0000] {dagbag.py:588} INFO - Filling up the DagBag from /home/airflow/.local/lib/python3.12/site-packages/airflow/example_dags/example_branch_python_dop_operator_3.py
[2025-02-14T00:09:29.114+0000] {processor.py:925} INFO - DAG(s) 'example_branch_dop_operator_v3' retrieved from /home/airflow/.local/lib/python3.12/site-packages/airflow/example_dags/example_branch_python_dop_operator_3.py
[2025-02-14T00:09:29.133+0000] {logging_mixin.py:190} INFO - [2025-02-14T00:09:29.133+0000] {dag.py:3239} INFO - Sync 1 DAGs
[2025-02-14T00:09:29.179+0000] {logging_mixin.py:190} INFO - [2025-02-14T00:09:29.179+0000] {dag.py:4180} INFO - Setting next_dagrun for example_branch_dop_operator_v3 to 2025-02-14 00:08:00+00:00, run_after=2025-02-14 00:09:00+00:00
[2025-02-14T00:09:29.246+0000] {processor.py:208} INFO - Processing /home/airflow/.local/lib/python3.12/site-packages/airflow/example_dags/example_branch_python_dop_operator_3.py took 0.153 seconds
[2025-02-14T00:09:59.661+0000] {processor.py:186} INFO - Started process (PID=2782) to work on /home/airflow/.local/lib/python3.12/site-packages/airflow/example_dags/example_branch_python_dop_operator_3.py
[2025-02-14T00:09:59.662+0000] {processor.py:914} INFO - Processing file /home/airflow/.local/lib/python3.12/site-packages/airflow/example_dags/example_branch_python_dop_operator_3.py for tasks to queue
[2025-02-14T00:09:59.666+0000] {logging_mixin.py:190} INFO - [2025-02-14T00:09:59.665+0000] {dagbag.py:588} INFO - Filling up the DagBag from /home/airflow/.local/lib/python3.12/site-packages/airflow/example_dags/example_branch_python_dop_operator_3.py
[2025-02-14T00:09:59.679+0000] {processor.py:925} INFO - DAG(s) 'example_branch_dop_operator_v3' retrieved from /home/airflow/.local/lib/python3.12/site-packages/airflow/example_dags/example_branch_python_dop_operator_3.py
[2025-02-14T00:09:59.722+0000] {logging_mixin.py:190} INFO - [2025-02-14T00:09:59.722+0000] {dag.py:3239} INFO - Sync 1 DAGs
[2025-02-14T00:09:59.763+0000] {logging_mixin.py:190} INFO - [2025-02-14T00:09:59.763+0000] {dag.py:4180} INFO - Setting next_dagrun for example_branch_dop_operator_v3 to 2025-02-14 00:08:00+00:00, run_after=2025-02-14 00:09:00+00:00
[2025-02-14T00:09:59.785+0000] {processor.py:208} INFO - Processing /home/airflow/.local/lib/python3.12/site-packages/airflow/example_dags/example_branch_python_dop_operator_3.py took 0.132 seconds
[2025-02-14T00:10:30.792+0000] {processor.py:186} INFO - Started process (PID=2851) to work on /home/airflow/.local/lib/python3.12/site-packages/airflow/example_dags/example_branch_python_dop_operator_3.py
[2025-02-14T00:10:30.793+0000] {processor.py:914} INFO - Processing file /home/airflow/.local/lib/python3.12/site-packages/airflow/example_dags/example_branch_python_dop_operator_3.py for tasks to queue
[2025-02-14T00:10:30.796+0000] {logging_mixin.py:190} INFO - [2025-02-14T00:10:30.795+0000] {dagbag.py:588} INFO - Filling up the DagBag from /home/airflow/.local/lib/python3.12/site-packages/airflow/example_dags/example_branch_python_dop_operator_3.py
[2025-02-14T00:10:30.806+0000] {processor.py:925} INFO - DAG(s) 'example_branch_dop_operator_v3' retrieved from /home/airflow/.local/lib/python3.12/site-packages/airflow/example_dags/example_branch_python_dop_operator_3.py
[2025-02-14T00:10:30.825+0000] {logging_mixin.py:190} INFO - [2025-02-14T00:10:30.824+0000] {dag.py:3239} INFO - Sync 1 DAGs
[2025-02-14T00:10:30.850+0000] {logging_mixin.py:190} INFO - [2025-02-14T00:10:30.850+0000] {dag.py:4180} INFO - Setting next_dagrun for example_branch_dop_operator_v3 to 2025-02-14 00:09:00+00:00, run_after=2025-02-14 00:10:00+00:00
[2025-02-14T00:10:30.868+0000] {processor.py:208} INFO - Processing /home/airflow/.local/lib/python3.12/site-packages/airflow/example_dags/example_branch_python_dop_operator_3.py took 0.083 seconds
[2025-02-14T00:11:01.349+0000] {processor.py:186} INFO - Started process (PID=2918) to work on /home/airflow/.local/lib/python3.12/site-packages/airflow/example_dags/example_branch_python_dop_operator_3.py
[2025-02-14T00:11:01.350+0000] {processor.py:914} INFO - Processing file /home/airflow/.local/lib/python3.12/site-packages/airflow/example_dags/example_branch_python_dop_operator_3.py for tasks to queue
[2025-02-14T00:11:01.352+0000] {logging_mixin.py:190} INFO - [2025-02-14T00:11:01.352+0000] {dagbag.py:588} INFO - Filling up the DagBag from /home/airflow/.local/lib/python3.12/site-packages/airflow/example_dags/example_branch_python_dop_operator_3.py
[2025-02-14T00:11:01.375+0000] {processor.py:925} INFO - DAG(s) 'example_branch_dop_operator_v3' retrieved from /home/airflow/.local/lib/python3.12/site-packages/airflow/example_dags/example_branch_python_dop_operator_3.py
[2025-02-14T00:11:01.400+0000] {logging_mixin.py:190} INFO - [2025-02-14T00:11:01.399+0000] {dag.py:3239} INFO - Sync 1 DAGs
[2025-02-14T00:11:01.441+0000] {logging_mixin.py:190} INFO - [2025-02-14T00:11:01.441+0000] {dag.py:4180} INFO - Setting next_dagrun for example_branch_dop_operator_v3 to 2025-02-14 00:10:00+00:00, run_after=2025-02-14 00:11:00+00:00
[2025-02-14T00:11:01.468+0000] {processor.py:208} INFO - Processing /home/airflow/.local/lib/python3.12/site-packages/airflow/example_dags/example_branch_python_dop_operator_3.py took 0.126 seconds
[2025-02-14T00:11:32.254+0000] {processor.py:186} INFO - Started process (PID=2984) to work on /home/airflow/.local/lib/python3.12/site-packages/airflow/example_dags/example_branch_python_dop_operator_3.py
[2025-02-14T00:11:32.255+0000] {processor.py:914} INFO - Processing file /home/airflow/.local/lib/python3.12/site-packages/airflow/example_dags/example_branch_python_dop_operator_3.py for tasks to queue
[2025-02-14T00:11:32.258+0000] {logging_mixin.py:190} INFO - [2025-02-14T00:11:32.257+0000] {dagbag.py:588} INFO - Filling up the DagBag from /home/airflow/.local/lib/python3.12/site-packages/airflow/example_dags/example_branch_python_dop_operator_3.py
[2025-02-14T00:11:32.270+0000] {processor.py:925} INFO - DAG(s) 'example_branch_dop_operator_v3' retrieved from /home/airflow/.local/lib/python3.12/site-packages/airflow/example_dags/example_branch_python_dop_operator_3.py
[2025-02-14T00:11:32.289+0000] {logging_mixin.py:190} INFO - [2025-02-14T00:11:32.289+0000] {dag.py:3239} INFO - Sync 1 DAGs
[2025-02-14T00:11:32.465+0000] {logging_mixin.py:190} INFO - [2025-02-14T00:11:32.465+0000] {dag.py:4180} INFO - Setting next_dagrun for example_branch_dop_operator_v3 to 2025-02-14 00:10:00+00:00, run_after=2025-02-14 00:11:00+00:00
[2025-02-14T00:11:32.483+0000] {processor.py:208} INFO - Processing /home/airflow/.local/lib/python3.12/site-packages/airflow/example_dags/example_branch_python_dop_operator_3.py took 0.235 seconds
[2025-02-14T00:12:03.133+0000] {processor.py:186} INFO - Started process (PID=3050) to work on /home/airflow/.local/lib/python3.12/site-packages/airflow/example_dags/example_branch_python_dop_operator_3.py
[2025-02-14T00:12:03.134+0000] {processor.py:914} INFO - Processing file /home/airflow/.local/lib/python3.12/site-packages/airflow/example_dags/example_branch_python_dop_operator_3.py for tasks to queue
[2025-02-14T00:12:03.137+0000] {logging_mixin.py:190} INFO - [2025-02-14T00:12:03.137+0000] {dagbag.py:588} INFO - Filling up the DagBag from /home/airflow/.local/lib/python3.12/site-packages/airflow/example_dags/example_branch_python_dop_operator_3.py
[2025-02-14T00:12:03.151+0000] {processor.py:925} INFO - DAG(s) 'example_branch_dop_operator_v3' retrieved from /home/airflow/.local/lib/python3.12/site-packages/airflow/example_dags/example_branch_python_dop_operator_3.py
[2025-02-14T00:12:03.225+0000] {logging_mixin.py:190} INFO - [2025-02-14T00:12:03.225+0000] {dag.py:3239} INFO - Sync 1 DAGs
[2025-02-14T00:12:03.270+0000] {logging_mixin.py:190} INFO - [2025-02-14T00:12:03.270+0000] {dag.py:4180} INFO - Setting next_dagrun for example_branch_dop_operator_v3 to 2025-02-14 00:11:00+00:00, run_after=2025-02-14 00:12:00+00:00
[2025-02-14T00:12:03.567+0000] {processor.py:208} INFO - Processing /home/airflow/.local/lib/python3.12/site-packages/airflow/example_dags/example_branch_python_dop_operator_3.py took 0.441 seconds
[2025-02-14T00:12:33.978+0000] {processor.py:186} INFO - Started process (PID=3116) to work on /home/airflow/.local/lib/python3.12/site-packages/airflow/example_dags/example_branch_python_dop_operator_3.py
[2025-02-14T00:12:33.980+0000] {processor.py:914} INFO - Processing file /home/airflow/.local/lib/python3.12/site-packages/airflow/example_dags/example_branch_python_dop_operator_3.py for tasks to queue
[2025-02-14T00:12:33.985+0000] {logging_mixin.py:190} INFO - [2025-02-14T00:12:33.984+0000] {dagbag.py:588} INFO - Filling up the DagBag from /home/airflow/.local/lib/python3.12/site-packages/airflow/example_dags/example_branch_python_dop_operator_3.py
[2025-02-14T00:12:34.001+0000] {processor.py:925} INFO - DAG(s) 'example_branch_dop_operator_v3' retrieved from /home/airflow/.local/lib/python3.12/site-packages/airflow/example_dags/example_branch_python_dop_operator_3.py
[2025-02-14T00:12:34.029+0000] {logging_mixin.py:190} INFO - [2025-02-14T00:12:34.029+0000] {dag.py:3239} INFO - Sync 1 DAGs
[2025-02-14T00:12:34.063+0000] {logging_mixin.py:190} INFO - [2025-02-14T00:12:34.062+0000] {dag.py:4180} INFO - Setting next_dagrun for example_branch_dop_operator_v3 to 2025-02-14 00:11:00+00:00, run_after=2025-02-14 00:12:00+00:00
[2025-02-14T00:12:34.325+0000] {processor.py:208} INFO - Processing /home/airflow/.local/lib/python3.12/site-packages/airflow/example_dags/example_branch_python_dop_operator_3.py took 0.355 seconds
[2025-02-14T00:13:04.766+0000] {processor.py:186} INFO - Started process (PID=3182) to work on /home/airflow/.local/lib/python3.12/site-packages/airflow/example_dags/example_branch_python_dop_operator_3.py
[2025-02-14T00:13:04.768+0000] {processor.py:914} INFO - Processing file /home/airflow/.local/lib/python3.12/site-packages/airflow/example_dags/example_branch_python_dop_operator_3.py for tasks to queue
[2025-02-14T00:13:04.772+0000] {logging_mixin.py:190} INFO - [2025-02-14T00:13:04.771+0000] {dagbag.py:588} INFO - Filling up the DagBag from /home/airflow/.local/lib/python3.12/site-packages/airflow/example_dags/example_branch_python_dop_operator_3.py
[2025-02-14T00:13:04.788+0000] {processor.py:925} INFO - DAG(s) 'example_branch_dop_operator_v3' retrieved from /home/airflow/.local/lib/python3.12/site-packages/airflow/example_dags/example_branch_python_dop_operator_3.py
[2025-02-14T00:13:04.816+0000] {logging_mixin.py:190} INFO - [2025-02-14T00:13:04.815+0000] {dag.py:3239} INFO - Sync 1 DAGs
[2025-02-14T00:13:04.866+0000] {logging_mixin.py:190} INFO - [2025-02-14T00:13:04.865+0000] {dag.py:4180} INFO - Setting next_dagrun for example_branch_dop_operator_v3 to 2025-02-14 00:12:00+00:00, run_after=2025-02-14 00:13:00+00:00
[2025-02-14T00:13:04.896+0000] {processor.py:208} INFO - Processing /home/airflow/.local/lib/python3.12/site-packages/airflow/example_dags/example_branch_python_dop_operator_3.py took 0.138 seconds
[2025-02-14T00:13:35.898+0000] {processor.py:186} INFO - Started process (PID=3248) to work on /home/airflow/.local/lib/python3.12/site-packages/airflow/example_dags/example_branch_python_dop_operator_3.py
[2025-02-14T00:13:35.900+0000] {processor.py:914} INFO - Processing file /home/airflow/.local/lib/python3.12/site-packages/airflow/example_dags/example_branch_python_dop_operator_3.py for tasks to queue
[2025-02-14T00:13:35.907+0000] {logging_mixin.py:190} INFO - [2025-02-14T00:13:35.905+0000] {dagbag.py:588} INFO - Filling up the DagBag from /home/airflow/.local/lib/python3.12/site-packages/airflow/example_dags/example_branch_python_dop_operator_3.py
[2025-02-14T00:13:35.930+0000] {processor.py:925} INFO - DAG(s) 'example_branch_dop_operator_v3' retrieved from /home/airflow/.local/lib/python3.12/site-packages/airflow/example_dags/example_branch_python_dop_operator_3.py
[2025-02-14T00:13:35.980+0000] {logging_mixin.py:190} INFO - [2025-02-14T00:13:35.980+0000] {dag.py:3239} INFO - Sync 1 DAGs
[2025-02-14T00:13:36.026+0000] {logging_mixin.py:190} INFO - [2025-02-14T00:13:36.026+0000] {dag.py:4180} INFO - Setting next_dagrun for example_branch_dop_operator_v3 to 2025-02-14 00:12:00+00:00, run_after=2025-02-14 00:13:00+00:00
[2025-02-14T00:13:36.054+0000] {processor.py:208} INFO - Processing /home/airflow/.local/lib/python3.12/site-packages/airflow/example_dags/example_branch_python_dop_operator_3.py took 0.168 seconds
[2025-02-14T00:14:06.890+0000] {processor.py:186} INFO - Started process (PID=3315) to work on /home/airflow/.local/lib/python3.12/site-packages/airflow/example_dags/example_branch_python_dop_operator_3.py
[2025-02-14T00:14:06.891+0000] {processor.py:914} INFO - Processing file /home/airflow/.local/lib/python3.12/site-packages/airflow/example_dags/example_branch_python_dop_operator_3.py for tasks to queue
[2025-02-14T00:14:06.895+0000] {logging_mixin.py:190} INFO - [2025-02-14T00:14:06.894+0000] {dagbag.py:588} INFO - Filling up the DagBag from /home/airflow/.local/lib/python3.12/site-packages/airflow/example_dags/example_branch_python_dop_operator_3.py
[2025-02-14T00:14:06.914+0000] {processor.py:925} INFO - DAG(s) 'example_branch_dop_operator_v3' retrieved from /home/airflow/.local/lib/python3.12/site-packages/airflow/example_dags/example_branch_python_dop_operator_3.py
[2025-02-14T00:14:06.943+0000] {logging_mixin.py:190} INFO - [2025-02-14T00:14:06.943+0000] {dag.py:3239} INFO - Sync 1 DAGs
[2025-02-14T00:14:06.981+0000] {logging_mixin.py:190} INFO - [2025-02-14T00:14:06.981+0000] {dag.py:4180} INFO - Setting next_dagrun for example_branch_dop_operator_v3 to 2025-02-14 00:13:00+00:00, run_after=2025-02-14 00:14:00+00:00
[2025-02-14T00:14:07.003+0000] {processor.py:208} INFO - Processing /home/airflow/.local/lib/python3.12/site-packages/airflow/example_dags/example_branch_python_dop_operator_3.py took 0.121 seconds
[2025-02-14T00:14:37.436+0000] {processor.py:186} INFO - Started process (PID=3381) to work on /home/airflow/.local/lib/python3.12/site-packages/airflow/example_dags/example_branch_python_dop_operator_3.py
[2025-02-14T00:14:37.437+0000] {processor.py:914} INFO - Processing file /home/airflow/.local/lib/python3.12/site-packages/airflow/example_dags/example_branch_python_dop_operator_3.py for tasks to queue
[2025-02-14T00:14:37.440+0000] {logging_mixin.py:190} INFO - [2025-02-14T00:14:37.439+0000] {dagbag.py:588} INFO - Filling up the DagBag from /home/airflow/.local/lib/python3.12/site-packages/airflow/example_dags/example_branch_python_dop_operator_3.py
[2025-02-14T00:14:37.451+0000] {processor.py:925} INFO - DAG(s) 'example_branch_dop_operator_v3' retrieved from /home/airflow/.local/lib/python3.12/site-packages/airflow/example_dags/example_branch_python_dop_operator_3.py
[2025-02-14T00:14:37.470+0000] {logging_mixin.py:190} INFO - [2025-02-14T00:14:37.469+0000] {dag.py:3239} INFO - Sync 1 DAGs
[2025-02-14T00:14:37.501+0000] {logging_mixin.py:190} INFO - [2025-02-14T00:14:37.501+0000] {dag.py:4180} INFO - Setting next_dagrun for example_branch_dop_operator_v3 to 2025-02-14 00:13:00+00:00, run_after=2025-02-14 00:14:00+00:00
[2025-02-14T00:14:37.519+0000] {processor.py:208} INFO - Processing /home/airflow/.local/lib/python3.12/site-packages/airflow/example_dags/example_branch_python_dop_operator_3.py took 0.090 seconds
[2025-02-14T00:15:07.900+0000] {processor.py:186} INFO - Started process (PID=3448) to work on /home/airflow/.local/lib/python3.12/site-packages/airflow/example_dags/example_branch_python_dop_operator_3.py
[2025-02-14T00:15:07.902+0000] {processor.py:914} INFO - Processing file /home/airflow/.local/lib/python3.12/site-packages/airflow/example_dags/example_branch_python_dop_operator_3.py for tasks to queue
[2025-02-14T00:15:07.905+0000] {logging_mixin.py:190} INFO - [2025-02-14T00:15:07.905+0000] {dagbag.py:588} INFO - Filling up the DagBag from /home/airflow/.local/lib/python3.12/site-packages/airflow/example_dags/example_branch_python_dop_operator_3.py
[2025-02-14T00:15:07.918+0000] {processor.py:925} INFO - DAG(s) 'example_branch_dop_operator_v3' retrieved from /home/airflow/.local/lib/python3.12/site-packages/airflow/example_dags/example_branch_python_dop_operator_3.py
[2025-02-14T00:15:07.941+0000] {logging_mixin.py:190} INFO - [2025-02-14T00:15:07.941+0000] {dag.py:3239} INFO - Sync 1 DAGs
[2025-02-14T00:15:07.973+0000] {logging_mixin.py:190} INFO - [2025-02-14T00:15:07.973+0000] {dag.py:4180} INFO - Setting next_dagrun for example_branch_dop_operator_v3 to 2025-02-14 00:14:00+00:00, run_after=2025-02-14 00:15:00+00:00
[2025-02-14T00:15:07.994+0000] {processor.py:208} INFO - Processing /home/airflow/.local/lib/python3.12/site-packages/airflow/example_dags/example_branch_python_dop_operator_3.py took 0.100 seconds
[2025-02-14T00:15:38.219+0000] {processor.py:186} INFO - Started process (PID=3514) to work on /home/airflow/.local/lib/python3.12/site-packages/airflow/example_dags/example_branch_python_dop_operator_3.py
[2025-02-14T00:15:38.221+0000] {processor.py:914} INFO - Processing file /home/airflow/.local/lib/python3.12/site-packages/airflow/example_dags/example_branch_python_dop_operator_3.py for tasks to queue
[2025-02-14T00:15:38.223+0000] {logging_mixin.py:190} INFO - [2025-02-14T00:15:38.223+0000] {dagbag.py:588} INFO - Filling up the DagBag from /home/airflow/.local/lib/python3.12/site-packages/airflow/example_dags/example_branch_python_dop_operator_3.py
[2025-02-14T00:15:38.238+0000] {processor.py:925} INFO - DAG(s) 'example_branch_dop_operator_v3' retrieved from /home/airflow/.local/lib/python3.12/site-packages/airflow/example_dags/example_branch_python_dop_operator_3.py
[2025-02-14T00:15:38.284+0000] {logging_mixin.py:190} INFO - [2025-02-14T00:15:38.284+0000] {dag.py:3239} INFO - Sync 1 DAGs
[2025-02-14T00:15:38.319+0000] {logging_mixin.py:190} INFO - [2025-02-14T00:15:38.318+0000] {dag.py:4180} INFO - Setting next_dagrun for example_branch_dop_operator_v3 to 2025-02-14 00:14:00+00:00, run_after=2025-02-14 00:15:00+00:00
[2025-02-14T00:15:38.340+0000] {processor.py:208} INFO - Processing /home/airflow/.local/lib/python3.12/site-packages/airflow/example_dags/example_branch_python_dop_operator_3.py took 0.128 seconds
[2025-02-14T00:16:08.955+0000] {processor.py:186} INFO - Started process (PID=3580) to work on /home/airflow/.local/lib/python3.12/site-packages/airflow/example_dags/example_branch_python_dop_operator_3.py
[2025-02-14T00:16:08.956+0000] {processor.py:914} INFO - Processing file /home/airflow/.local/lib/python3.12/site-packages/airflow/example_dags/example_branch_python_dop_operator_3.py for tasks to queue
[2025-02-14T00:16:08.959+0000] {logging_mixin.py:190} INFO - [2025-02-14T00:16:08.958+0000] {dagbag.py:588} INFO - Filling up the DagBag from /home/airflow/.local/lib/python3.12/site-packages/airflow/example_dags/example_branch_python_dop_operator_3.py
[2025-02-14T00:16:08.977+0000] {processor.py:925} INFO - DAG(s) 'example_branch_dop_operator_v3' retrieved from /home/airflow/.local/lib/python3.12/site-packages/airflow/example_dags/example_branch_python_dop_operator_3.py
[2025-02-14T00:16:09.006+0000] {logging_mixin.py:190} INFO - [2025-02-14T00:16:09.005+0000] {dag.py:3239} INFO - Sync 1 DAGs
[2025-02-14T00:16:09.045+0000] {logging_mixin.py:190} INFO - [2025-02-14T00:16:09.045+0000] {dag.py:4180} INFO - Setting next_dagrun for example_branch_dop_operator_v3 to 2025-02-14 00:15:00+00:00, run_after=2025-02-14 00:16:00+00:00
[2025-02-14T00:16:09.070+0000] {processor.py:208} INFO - Processing /home/airflow/.local/lib/python3.12/site-packages/airflow/example_dags/example_branch_python_dop_operator_3.py took 0.121 seconds
[2025-02-14T00:16:39.116+0000] {processor.py:186} INFO - Started process (PID=3645) to work on /home/airflow/.local/lib/python3.12/site-packages/airflow/example_dags/example_branch_python_dop_operator_3.py
[2025-02-14T00:16:39.118+0000] {processor.py:914} INFO - Processing file /home/airflow/.local/lib/python3.12/site-packages/airflow/example_dags/example_branch_python_dop_operator_3.py for tasks to queue
[2025-02-14T00:16:39.121+0000] {logging_mixin.py:190} INFO - [2025-02-14T00:16:39.120+0000] {dagbag.py:588} INFO - Filling up the DagBag from /home/airflow/.local/lib/python3.12/site-packages/airflow/example_dags/example_branch_python_dop_operator_3.py
[2025-02-14T00:16:39.135+0000] {processor.py:925} INFO - DAG(s) 'example_branch_dop_operator_v3' retrieved from /home/airflow/.local/lib/python3.12/site-packages/airflow/example_dags/example_branch_python_dop_operator_3.py
[2025-02-14T00:16:39.176+0000] {logging_mixin.py:190} INFO - [2025-02-14T00:16:39.176+0000] {dag.py:3239} INFO - Sync 1 DAGs
[2025-02-14T00:16:39.210+0000] {logging_mixin.py:190} INFO - [2025-02-14T00:16:39.210+0000] {dag.py:4180} INFO - Setting next_dagrun for example_branch_dop_operator_v3 to 2025-02-14 00:15:00+00:00, run_after=2025-02-14 00:16:00+00:00
[2025-02-14T00:16:39.233+0000] {processor.py:208} INFO - Processing /home/airflow/.local/lib/python3.12/site-packages/airflow/example_dags/example_branch_python_dop_operator_3.py took 0.124 seconds
[2025-02-14T00:17:09.818+0000] {processor.py:186} INFO - Started process (PID=3710) to work on /home/airflow/.local/lib/python3.12/site-packages/airflow/example_dags/example_branch_python_dop_operator_3.py
[2025-02-14T00:17:09.819+0000] {processor.py:914} INFO - Processing file /home/airflow/.local/lib/python3.12/site-packages/airflow/example_dags/example_branch_python_dop_operator_3.py for tasks to queue
[2025-02-14T00:17:09.822+0000] {logging_mixin.py:190} INFO - [2025-02-14T00:17:09.821+0000] {dagbag.py:588} INFO - Filling up the DagBag from /home/airflow/.local/lib/python3.12/site-packages/airflow/example_dags/example_branch_python_dop_operator_3.py
[2025-02-14T00:17:09.836+0000] {processor.py:925} INFO - DAG(s) 'example_branch_dop_operator_v3' retrieved from /home/airflow/.local/lib/python3.12/site-packages/airflow/example_dags/example_branch_python_dop_operator_3.py
[2025-02-14T00:17:09.855+0000] {logging_mixin.py:190} INFO - [2025-02-14T00:17:09.855+0000] {dag.py:3239} INFO - Sync 1 DAGs
[2025-02-14T00:17:09.885+0000] {logging_mixin.py:190} INFO - [2025-02-14T00:17:09.885+0000] {dag.py:4180} INFO - Setting next_dagrun for example_branch_dop_operator_v3 to 2025-02-14 00:16:00+00:00, run_after=2025-02-14 00:17:00+00:00
[2025-02-14T00:17:09.905+0000] {processor.py:208} INFO - Processing /home/airflow/.local/lib/python3.12/site-packages/airflow/example_dags/example_branch_python_dop_operator_3.py took 0.095 seconds
[2025-02-14T00:17:40.601+0000] {processor.py:186} INFO - Started process (PID=3775) to work on /home/airflow/.local/lib/python3.12/site-packages/airflow/example_dags/example_branch_python_dop_operator_3.py
[2025-02-14T00:17:40.603+0000] {processor.py:914} INFO - Processing file /home/airflow/.local/lib/python3.12/site-packages/airflow/example_dags/example_branch_python_dop_operator_3.py for tasks to queue
[2025-02-14T00:17:40.606+0000] {logging_mixin.py:190} INFO - [2025-02-14T00:17:40.605+0000] {dagbag.py:588} INFO - Filling up the DagBag from /home/airflow/.local/lib/python3.12/site-packages/airflow/example_dags/example_branch_python_dop_operator_3.py
[2025-02-14T00:17:40.622+0000] {processor.py:925} INFO - DAG(s) 'example_branch_dop_operator_v3' retrieved from /home/airflow/.local/lib/python3.12/site-packages/airflow/example_dags/example_branch_python_dop_operator_3.py
[2025-02-14T00:17:40.646+0000] {logging_mixin.py:190} INFO - [2025-02-14T00:17:40.646+0000] {dag.py:3239} INFO - Sync 1 DAGs
[2025-02-14T00:17:40.684+0000] {logging_mixin.py:190} INFO - [2025-02-14T00:17:40.684+0000] {dag.py:4180} INFO - Setting next_dagrun for example_branch_dop_operator_v3 to 2025-02-14 00:16:00+00:00, run_after=2025-02-14 00:17:00+00:00
[2025-02-14T00:17:40.703+0000] {processor.py:208} INFO - Processing /home/airflow/.local/lib/python3.12/site-packages/airflow/example_dags/example_branch_python_dop_operator_3.py took 0.111 seconds
[2025-02-14T00:18:10.965+0000] {processor.py:186} INFO - Started process (PID=3841) to work on /home/airflow/.local/lib/python3.12/site-packages/airflow/example_dags/example_branch_python_dop_operator_3.py
[2025-02-14T00:18:10.966+0000] {processor.py:914} INFO - Processing file /home/airflow/.local/lib/python3.12/site-packages/airflow/example_dags/example_branch_python_dop_operator_3.py for tasks to queue
[2025-02-14T00:18:10.969+0000] {logging_mixin.py:190} INFO - [2025-02-14T00:18:10.968+0000] {dagbag.py:588} INFO - Filling up the DagBag from /home/airflow/.local/lib/python3.12/site-packages/airflow/example_dags/example_branch_python_dop_operator_3.py
[2025-02-14T00:18:10.982+0000] {processor.py:925} INFO - DAG(s) 'example_branch_dop_operator_v3' retrieved from /home/airflow/.local/lib/python3.12/site-packages/airflow/example_dags/example_branch_python_dop_operator_3.py
[2025-02-14T00:18:11.000+0000] {logging_mixin.py:190} INFO - [2025-02-14T00:18:10.999+0000] {dag.py:3239} INFO - Sync 1 DAGs
[2025-02-14T00:18:11.033+0000] {logging_mixin.py:190} INFO - [2025-02-14T00:18:11.033+0000] {dag.py:4180} INFO - Setting next_dagrun for example_branch_dop_operator_v3 to 2025-02-14 00:17:00+00:00, run_after=2025-02-14 00:18:00+00:00
[2025-02-14T00:18:11.054+0000] {processor.py:208} INFO - Processing /home/airflow/.local/lib/python3.12/site-packages/airflow/example_dags/example_branch_python_dop_operator_3.py took 0.095 seconds
[2025-02-14T00:18:41.552+0000] {processor.py:186} INFO - Started process (PID=3907) to work on /home/airflow/.local/lib/python3.12/site-packages/airflow/example_dags/example_branch_python_dop_operator_3.py
[2025-02-14T00:18:41.553+0000] {processor.py:914} INFO - Processing file /home/airflow/.local/lib/python3.12/site-packages/airflow/example_dags/example_branch_python_dop_operator_3.py for tasks to queue
[2025-02-14T00:18:41.555+0000] {logging_mixin.py:190} INFO - [2025-02-14T00:18:41.555+0000] {dagbag.py:588} INFO - Filling up the DagBag from /home/airflow/.local/lib/python3.12/site-packages/airflow/example_dags/example_branch_python_dop_operator_3.py
[2025-02-14T00:18:41.573+0000] {processor.py:925} INFO - DAG(s) 'example_branch_dop_operator_v3' retrieved from /home/airflow/.local/lib/python3.12/site-packages/airflow/example_dags/example_branch_python_dop_operator_3.py
[2025-02-14T00:18:41.601+0000] {logging_mixin.py:190} INFO - [2025-02-14T00:18:41.600+0000] {dag.py:3239} INFO - Sync 1 DAGs
[2025-02-14T00:18:41.639+0000] {logging_mixin.py:190} INFO - [2025-02-14T00:18:41.638+0000] {dag.py:4180} INFO - Setting next_dagrun for example_branch_dop_operator_v3 to 2025-02-14 00:17:00+00:00, run_after=2025-02-14 00:18:00+00:00
[2025-02-14T00:18:41.685+0000] {processor.py:208} INFO - Processing /home/airflow/.local/lib/python3.12/site-packages/airflow/example_dags/example_branch_python_dop_operator_3.py took 0.141 seconds
[2025-02-14T00:19:11.766+0000] {processor.py:186} INFO - Started process (PID=3973) to work on /home/airflow/.local/lib/python3.12/site-packages/airflow/example_dags/example_branch_python_dop_operator_3.py
[2025-02-14T00:19:11.767+0000] {processor.py:914} INFO - Processing file /home/airflow/.local/lib/python3.12/site-packages/airflow/example_dags/example_branch_python_dop_operator_3.py for tasks to queue
[2025-02-14T00:19:11.770+0000] {logging_mixin.py:190} INFO - [2025-02-14T00:19:11.769+0000] {dagbag.py:588} INFO - Filling up the DagBag from /home/airflow/.local/lib/python3.12/site-packages/airflow/example_dags/example_branch_python_dop_operator_3.py
[2025-02-14T00:19:11.782+0000] {processor.py:925} INFO - DAG(s) 'example_branch_dop_operator_v3' retrieved from /home/airflow/.local/lib/python3.12/site-packages/airflow/example_dags/example_branch_python_dop_operator_3.py
[2025-02-14T00:19:11.800+0000] {logging_mixin.py:190} INFO - [2025-02-14T00:19:11.800+0000] {dag.py:3239} INFO - Sync 1 DAGs
[2025-02-14T00:19:11.826+0000] {logging_mixin.py:190} INFO - [2025-02-14T00:19:11.826+0000] {dag.py:4180} INFO - Setting next_dagrun for example_branch_dop_operator_v3 to 2025-02-14 00:18:00+00:00, run_after=2025-02-14 00:19:00+00:00
[2025-02-14T00:19:11.845+0000] {processor.py:208} INFO - Processing /home/airflow/.local/lib/python3.12/site-packages/airflow/example_dags/example_branch_python_dop_operator_3.py took 0.084 seconds
[2025-02-14T00:19:41.931+0000] {processor.py:186} INFO - Started process (PID=4039) to work on /home/airflow/.local/lib/python3.12/site-packages/airflow/example_dags/example_branch_python_dop_operator_3.py
[2025-02-14T00:19:41.932+0000] {processor.py:914} INFO - Processing file /home/airflow/.local/lib/python3.12/site-packages/airflow/example_dags/example_branch_python_dop_operator_3.py for tasks to queue
[2025-02-14T00:19:41.935+0000] {logging_mixin.py:190} INFO - [2025-02-14T00:19:41.935+0000] {dagbag.py:588} INFO - Filling up the DagBag from /home/airflow/.local/lib/python3.12/site-packages/airflow/example_dags/example_branch_python_dop_operator_3.py
[2025-02-14T00:19:41.948+0000] {processor.py:925} INFO - DAG(s) 'example_branch_dop_operator_v3' retrieved from /home/airflow/.local/lib/python3.12/site-packages/airflow/example_dags/example_branch_python_dop_operator_3.py
[2025-02-14T00:19:41.969+0000] {logging_mixin.py:190} INFO - [2025-02-14T00:19:41.969+0000] {dag.py:3239} INFO - Sync 1 DAGs
[2025-02-14T00:19:41.994+0000] {logging_mixin.py:190} INFO - [2025-02-14T00:19:41.994+0000] {dag.py:4180} INFO - Setting next_dagrun for example_branch_dop_operator_v3 to 2025-02-14 00:18:00+00:00, run_after=2025-02-14 00:19:00+00:00
[2025-02-14T00:19:42.015+0000] {processor.py:208} INFO - Processing /home/airflow/.local/lib/python3.12/site-packages/airflow/example_dags/example_branch_python_dop_operator_3.py took 0.092 seconds
[2025-02-14T00:20:12.779+0000] {processor.py:186} INFO - Started process (PID=4105) to work on /home/airflow/.local/lib/python3.12/site-packages/airflow/example_dags/example_branch_python_dop_operator_3.py
[2025-02-14T00:20:12.790+0000] {processor.py:914} INFO - Processing file /home/airflow/.local/lib/python3.12/site-packages/airflow/example_dags/example_branch_python_dop_operator_3.py for tasks to queue
[2025-02-14T00:20:12.800+0000] {logging_mixin.py:190} INFO - [2025-02-14T00:20:12.799+0000] {dagbag.py:588} INFO - Filling up the DagBag from /home/airflow/.local/lib/python3.12/site-packages/airflow/example_dags/example_branch_python_dop_operator_3.py
[2025-02-14T00:20:12.822+0000] {processor.py:925} INFO - DAG(s) 'example_branch_dop_operator_v3' retrieved from /home/airflow/.local/lib/python3.12/site-packages/airflow/example_dags/example_branch_python_dop_operator_3.py
[2025-02-14T00:20:12.868+0000] {logging_mixin.py:190} INFO - [2025-02-14T00:20:12.868+0000] {dag.py:3239} INFO - Sync 1 DAGs
[2025-02-14T00:20:12.942+0000] {logging_mixin.py:190} INFO - [2025-02-14T00:20:12.942+0000] {dag.py:4180} INFO - Setting next_dagrun for example_branch_dop_operator_v3 to 2025-02-14 00:19:00+00:00, run_after=2025-02-14 00:20:00+00:00
[2025-02-14T00:20:13.012+0000] {processor.py:208} INFO - Processing /home/airflow/.local/lib/python3.12/site-packages/airflow/example_dags/example_branch_python_dop_operator_3.py took 0.242 seconds
[2025-02-14T00:20:43.710+0000] {processor.py:186} INFO - Started process (PID=4171) to work on /home/airflow/.local/lib/python3.12/site-packages/airflow/example_dags/example_branch_python_dop_operator_3.py
[2025-02-14T00:20:43.711+0000] {processor.py:914} INFO - Processing file /home/airflow/.local/lib/python3.12/site-packages/airflow/example_dags/example_branch_python_dop_operator_3.py for tasks to queue
[2025-02-14T00:20:43.714+0000] {logging_mixin.py:190} INFO - [2025-02-14T00:20:43.714+0000] {dagbag.py:588} INFO - Filling up the DagBag from /home/airflow/.local/lib/python3.12/site-packages/airflow/example_dags/example_branch_python_dop_operator_3.py
[2025-02-14T00:20:43.725+0000] {processor.py:925} INFO - DAG(s) 'example_branch_dop_operator_v3' retrieved from /home/airflow/.local/lib/python3.12/site-packages/airflow/example_dags/example_branch_python_dop_operator_3.py
[2025-02-14T00:20:43.744+0000] {logging_mixin.py:190} INFO - [2025-02-14T00:20:43.744+0000] {dag.py:3239} INFO - Sync 1 DAGs
[2025-02-14T00:20:43.774+0000] {logging_mixin.py:190} INFO - [2025-02-14T00:20:43.774+0000] {dag.py:4180} INFO - Setting next_dagrun for example_branch_dop_operator_v3 to 2025-02-14 00:19:00+00:00, run_after=2025-02-14 00:20:00+00:00
[2025-02-14T00:20:43.797+0000] {processor.py:208} INFO - Processing /home/airflow/.local/lib/python3.12/site-packages/airflow/example_dags/example_branch_python_dop_operator_3.py took 0.094 seconds
[2025-02-14T00:21:13.945+0000] {processor.py:186} INFO - Started process (PID=4237) to work on /home/airflow/.local/lib/python3.12/site-packages/airflow/example_dags/example_branch_python_dop_operator_3.py
[2025-02-14T00:21:13.948+0000] {processor.py:914} INFO - Processing file /home/airflow/.local/lib/python3.12/site-packages/airflow/example_dags/example_branch_python_dop_operator_3.py for tasks to queue
[2025-02-14T00:21:13.952+0000] {logging_mixin.py:190} INFO - [2025-02-14T00:21:13.951+0000] {dagbag.py:588} INFO - Filling up the DagBag from /home/airflow/.local/lib/python3.12/site-packages/airflow/example_dags/example_branch_python_dop_operator_3.py
[2025-02-14T00:21:13.968+0000] {processor.py:925} INFO - DAG(s) 'example_branch_dop_operator_v3' retrieved from /home/airflow/.local/lib/python3.12/site-packages/airflow/example_dags/example_branch_python_dop_operator_3.py
[2025-02-14T00:21:14.003+0000] {logging_mixin.py:190} INFO - [2025-02-14T00:21:14.003+0000] {dag.py:3239} INFO - Sync 1 DAGs
[2025-02-14T00:21:14.047+0000] {logging_mixin.py:190} INFO - [2025-02-14T00:21:14.047+0000] {dag.py:4180} INFO - Setting next_dagrun for example_branch_dop_operator_v3 to 2025-02-14 00:20:00+00:00, run_after=2025-02-14 00:21:00+00:00
[2025-02-14T00:21:14.070+0000] {processor.py:208} INFO - Processing /home/airflow/.local/lib/python3.12/site-packages/airflow/example_dags/example_branch_python_dop_operator_3.py took 0.132 seconds
[2025-02-14T00:21:44.369+0000] {processor.py:186} INFO - Started process (PID=4303) to work on /home/airflow/.local/lib/python3.12/site-packages/airflow/example_dags/example_branch_python_dop_operator_3.py
[2025-02-14T00:21:44.370+0000] {processor.py:914} INFO - Processing file /home/airflow/.local/lib/python3.12/site-packages/airflow/example_dags/example_branch_python_dop_operator_3.py for tasks to queue
[2025-02-14T00:21:44.373+0000] {logging_mixin.py:190} INFO - [2025-02-14T00:21:44.373+0000] {dagbag.py:588} INFO - Filling up the DagBag from /home/airflow/.local/lib/python3.12/site-packages/airflow/example_dags/example_branch_python_dop_operator_3.py
[2025-02-14T00:21:44.384+0000] {processor.py:925} INFO - DAG(s) 'example_branch_dop_operator_v3' retrieved from /home/airflow/.local/lib/python3.12/site-packages/airflow/example_dags/example_branch_python_dop_operator_3.py
[2025-02-14T00:21:44.402+0000] {logging_mixin.py:190} INFO - [2025-02-14T00:21:44.402+0000] {dag.py:3239} INFO - Sync 1 DAGs
[2025-02-14T00:21:44.440+0000] {logging_mixin.py:190} INFO - [2025-02-14T00:21:44.440+0000] {dag.py:4180} INFO - Setting next_dagrun for example_branch_dop_operator_v3 to 2025-02-14 00:20:00+00:00, run_after=2025-02-14 00:21:00+00:00
[2025-02-14T00:21:44.459+0000] {processor.py:208} INFO - Processing /home/airflow/.local/lib/python3.12/site-packages/airflow/example_dags/example_branch_python_dop_operator_3.py took 0.096 seconds
[2025-02-14T00:22:14.633+0000] {processor.py:186} INFO - Started process (PID=4369) to work on /home/airflow/.local/lib/python3.12/site-packages/airflow/example_dags/example_branch_python_dop_operator_3.py
[2025-02-14T00:22:14.634+0000] {processor.py:914} INFO - Processing file /home/airflow/.local/lib/python3.12/site-packages/airflow/example_dags/example_branch_python_dop_operator_3.py for tasks to queue
[2025-02-14T00:22:14.636+0000] {logging_mixin.py:190} INFO - [2025-02-14T00:22:14.636+0000] {dagbag.py:588} INFO - Filling up the DagBag from /home/airflow/.local/lib/python3.12/site-packages/airflow/example_dags/example_branch_python_dop_operator_3.py
[2025-02-14T00:22:14.652+0000] {processor.py:925} INFO - DAG(s) 'example_branch_dop_operator_v3' retrieved from /home/airflow/.local/lib/python3.12/site-packages/airflow/example_dags/example_branch_python_dop_operator_3.py
[2025-02-14T00:22:14.678+0000] {logging_mixin.py:190} INFO - [2025-02-14T00:22:14.678+0000] {dag.py:3239} INFO - Sync 1 DAGs
[2025-02-14T00:22:14.709+0000] {logging_mixin.py:190} INFO - [2025-02-14T00:22:14.708+0000] {dag.py:4180} INFO - Setting next_dagrun for example_branch_dop_operator_v3 to 2025-02-14 00:21:00+00:00, run_after=2025-02-14 00:22:00+00:00
[2025-02-14T00:22:14.734+0000] {processor.py:208} INFO - Processing /home/airflow/.local/lib/python3.12/site-packages/airflow/example_dags/example_branch_python_dop_operator_3.py took 0.108 seconds
[2025-02-14T00:22:44.906+0000] {processor.py:186} INFO - Started process (PID=4435) to work on /home/airflow/.local/lib/python3.12/site-packages/airflow/example_dags/example_branch_python_dop_operator_3.py
[2025-02-14T00:22:44.907+0000] {processor.py:914} INFO - Processing file /home/airflow/.local/lib/python3.12/site-packages/airflow/example_dags/example_branch_python_dop_operator_3.py for tasks to queue
[2025-02-14T00:22:44.910+0000] {logging_mixin.py:190} INFO - [2025-02-14T00:22:44.909+0000] {dagbag.py:588} INFO - Filling up the DagBag from /home/airflow/.local/lib/python3.12/site-packages/airflow/example_dags/example_branch_python_dop_operator_3.py
[2025-02-14T00:22:44.920+0000] {processor.py:925} INFO - DAG(s) 'example_branch_dop_operator_v3' retrieved from /home/airflow/.local/lib/python3.12/site-packages/airflow/example_dags/example_branch_python_dop_operator_3.py
[2025-02-14T00:22:44.938+0000] {logging_mixin.py:190} INFO - [2025-02-14T00:22:44.937+0000] {dag.py:3239} INFO - Sync 1 DAGs
[2025-02-14T00:22:44.968+0000] {logging_mixin.py:190} INFO - [2025-02-14T00:22:44.968+0000] {dag.py:4180} INFO - Setting next_dagrun for example_branch_dop_operator_v3 to 2025-02-14 00:21:00+00:00, run_after=2025-02-14 00:22:00+00:00
[2025-02-14T00:22:44.992+0000] {processor.py:208} INFO - Processing /home/airflow/.local/lib/python3.12/site-packages/airflow/example_dags/example_branch_python_dop_operator_3.py took 0.093 seconds
[2025-02-14T00:23:15.289+0000] {processor.py:186} INFO - Started process (PID=4502) to work on /home/airflow/.local/lib/python3.12/site-packages/airflow/example_dags/example_branch_python_dop_operator_3.py
[2025-02-14T00:23:15.290+0000] {processor.py:914} INFO - Processing file /home/airflow/.local/lib/python3.12/site-packages/airflow/example_dags/example_branch_python_dop_operator_3.py for tasks to queue
[2025-02-14T00:23:15.293+0000] {logging_mixin.py:190} INFO - [2025-02-14T00:23:15.293+0000] {dagbag.py:588} INFO - Filling up the DagBag from /home/airflow/.local/lib/python3.12/site-packages/airflow/example_dags/example_branch_python_dop_operator_3.py
[2025-02-14T00:23:15.309+0000] {processor.py:925} INFO - DAG(s) 'example_branch_dop_operator_v3' retrieved from /home/airflow/.local/lib/python3.12/site-packages/airflow/example_dags/example_branch_python_dop_operator_3.py
[2025-02-14T00:23:15.334+0000] {logging_mixin.py:190} INFO - [2025-02-14T00:23:15.334+0000] {dag.py:3239} INFO - Sync 1 DAGs
[2025-02-14T00:23:15.385+0000] {logging_mixin.py:190} INFO - [2025-02-14T00:23:15.385+0000] {dag.py:4180} INFO - Setting next_dagrun for example_branch_dop_operator_v3 to 2025-02-14 00:22:00+00:00, run_after=2025-02-14 00:23:00+00:00
[2025-02-14T00:23:15.410+0000] {processor.py:208} INFO - Processing /home/airflow/.local/lib/python3.12/site-packages/airflow/example_dags/example_branch_python_dop_operator_3.py took 0.130 seconds
[2025-02-14T00:23:46.005+0000] {processor.py:186} INFO - Started process (PID=4569) to work on /home/airflow/.local/lib/python3.12/site-packages/airflow/example_dags/example_branch_python_dop_operator_3.py
[2025-02-14T00:23:46.009+0000] {processor.py:914} INFO - Processing file /home/airflow/.local/lib/python3.12/site-packages/airflow/example_dags/example_branch_python_dop_operator_3.py for tasks to queue
[2025-02-14T00:23:46.012+0000] {logging_mixin.py:190} INFO - [2025-02-14T00:23:46.011+0000] {dagbag.py:588} INFO - Filling up the DagBag from /home/airflow/.local/lib/python3.12/site-packages/airflow/example_dags/example_branch_python_dop_operator_3.py
[2025-02-14T00:23:46.030+0000] {processor.py:925} INFO - DAG(s) 'example_branch_dop_operator_v3' retrieved from /home/airflow/.local/lib/python3.12/site-packages/airflow/example_dags/example_branch_python_dop_operator_3.py
[2025-02-14T00:23:46.055+0000] {logging_mixin.py:190} INFO - [2025-02-14T00:23:46.054+0000] {dag.py:3239} INFO - Sync 1 DAGs
[2025-02-14T00:23:46.094+0000] {logging_mixin.py:190} INFO - [2025-02-14T00:23:46.094+0000] {dag.py:4180} INFO - Setting next_dagrun for example_branch_dop_operator_v3 to 2025-02-14 00:22:00+00:00, run_after=2025-02-14 00:23:00+00:00
[2025-02-14T00:23:46.116+0000] {processor.py:208} INFO - Processing /home/airflow/.local/lib/python3.12/site-packages/airflow/example_dags/example_branch_python_dop_operator_3.py took 0.118 seconds
[2025-02-14T00:24:16.234+0000] {processor.py:186} INFO - Started process (PID=4635) to work on /home/airflow/.local/lib/python3.12/site-packages/airflow/example_dags/example_branch_python_dop_operator_3.py
[2025-02-14T00:24:16.235+0000] {processor.py:914} INFO - Processing file /home/airflow/.local/lib/python3.12/site-packages/airflow/example_dags/example_branch_python_dop_operator_3.py for tasks to queue
[2025-02-14T00:24:16.238+0000] {logging_mixin.py:190} INFO - [2025-02-14T00:24:16.238+0000] {dagbag.py:588} INFO - Filling up the DagBag from /home/airflow/.local/lib/python3.12/site-packages/airflow/example_dags/example_branch_python_dop_operator_3.py
[2025-02-14T00:24:16.249+0000] {processor.py:925} INFO - DAG(s) 'example_branch_dop_operator_v3' retrieved from /home/airflow/.local/lib/python3.12/site-packages/airflow/example_dags/example_branch_python_dop_operator_3.py
[2025-02-14T00:24:16.268+0000] {logging_mixin.py:190} INFO - [2025-02-14T00:24:16.268+0000] {dag.py:3239} INFO - Sync 1 DAGs
[2025-02-14T00:24:16.299+0000] {logging_mixin.py:190} INFO - [2025-02-14T00:24:16.298+0000] {dag.py:4180} INFO - Setting next_dagrun for example_branch_dop_operator_v3 to 2025-02-14 00:23:00+00:00, run_after=2025-02-14 00:24:00+00:00
[2025-02-14T00:24:16.319+0000] {processor.py:208} INFO - Processing /home/airflow/.local/lib/python3.12/site-packages/airflow/example_dags/example_branch_python_dop_operator_3.py took 0.091 seconds
[2025-02-14T00:24:47.621+0000] {processor.py:186} INFO - Started process (PID=4701) to work on /home/airflow/.local/lib/python3.12/site-packages/airflow/example_dags/example_branch_python_dop_operator_3.py
[2025-02-14T00:24:47.624+0000] {processor.py:914} INFO - Processing file /home/airflow/.local/lib/python3.12/site-packages/airflow/example_dags/example_branch_python_dop_operator_3.py for tasks to queue
[2025-02-14T00:24:47.630+0000] {logging_mixin.py:190} INFO - [2025-02-14T00:24:47.630+0000] {dagbag.py:588} INFO - Filling up the DagBag from /home/airflow/.local/lib/python3.12/site-packages/airflow/example_dags/example_branch_python_dop_operator_3.py
[2025-02-14T00:24:47.654+0000] {processor.py:925} INFO - DAG(s) 'example_branch_dop_operator_v3' retrieved from /home/airflow/.local/lib/python3.12/site-packages/airflow/example_dags/example_branch_python_dop_operator_3.py
[2025-02-14T00:24:47.679+0000] {logging_mixin.py:190} INFO - [2025-02-14T00:24:47.679+0000] {dag.py:3239} INFO - Sync 1 DAGs
[2025-02-14T00:24:47.735+0000] {logging_mixin.py:190} INFO - [2025-02-14T00:24:47.734+0000] {dag.py:4180} INFO - Setting next_dagrun for example_branch_dop_operator_v3 to 2025-02-14 00:23:00+00:00, run_after=2025-02-14 00:24:00+00:00
[2025-02-14T00:24:47.778+0000] {processor.py:208} INFO - Processing /home/airflow/.local/lib/python3.12/site-packages/airflow/example_dags/example_branch_python_dop_operator_3.py took 0.164 seconds
[2025-02-14T00:25:18.010+0000] {processor.py:186} INFO - Started process (PID=4767) to work on /home/airflow/.local/lib/python3.12/site-packages/airflow/example_dags/example_branch_python_dop_operator_3.py
[2025-02-14T00:25:18.011+0000] {processor.py:914} INFO - Processing file /home/airflow/.local/lib/python3.12/site-packages/airflow/example_dags/example_branch_python_dop_operator_3.py for tasks to queue
[2025-02-14T00:25:18.014+0000] {logging_mixin.py:190} INFO - [2025-02-14T00:25:18.013+0000] {dagbag.py:588} INFO - Filling up the DagBag from /home/airflow/.local/lib/python3.12/site-packages/airflow/example_dags/example_branch_python_dop_operator_3.py
[2025-02-14T00:25:18.029+0000] {processor.py:925} INFO - DAG(s) 'example_branch_dop_operator_v3' retrieved from /home/airflow/.local/lib/python3.12/site-packages/airflow/example_dags/example_branch_python_dop_operator_3.py
[2025-02-14T00:25:18.063+0000] {logging_mixin.py:190} INFO - [2025-02-14T00:25:18.062+0000] {dag.py:3239} INFO - Sync 1 DAGs
[2025-02-14T00:25:18.112+0000] {logging_mixin.py:190} INFO - [2025-02-14T00:25:18.111+0000] {dag.py:4180} INFO - Setting next_dagrun for example_branch_dop_operator_v3 to 2025-02-14 00:24:00+00:00, run_after=2025-02-14 00:25:00+00:00
[2025-02-14T00:25:18.142+0000] {processor.py:208} INFO - Processing /home/airflow/.local/lib/python3.12/site-packages/airflow/example_dags/example_branch_python_dop_operator_3.py took 0.139 seconds
[2025-02-14T00:25:48.715+0000] {processor.py:186} INFO - Started process (PID=4833) to work on /home/airflow/.local/lib/python3.12/site-packages/airflow/example_dags/example_branch_python_dop_operator_3.py
[2025-02-14T00:25:48.716+0000] {processor.py:914} INFO - Processing file /home/airflow/.local/lib/python3.12/site-packages/airflow/example_dags/example_branch_python_dop_operator_3.py for tasks to queue
[2025-02-14T00:25:48.719+0000] {logging_mixin.py:190} INFO - [2025-02-14T00:25:48.719+0000] {dagbag.py:588} INFO - Filling up the DagBag from /home/airflow/.local/lib/python3.12/site-packages/airflow/example_dags/example_branch_python_dop_operator_3.py
[2025-02-14T00:25:48.732+0000] {processor.py:925} INFO - DAG(s) 'example_branch_dop_operator_v3' retrieved from /home/airflow/.local/lib/python3.12/site-packages/airflow/example_dags/example_branch_python_dop_operator_3.py
[2025-02-14T00:25:48.753+0000] {logging_mixin.py:190} INFO - [2025-02-14T00:25:48.753+0000] {dag.py:3239} INFO - Sync 1 DAGs
[2025-02-14T00:25:48.788+0000] {logging_mixin.py:190} INFO - [2025-02-14T00:25:48.788+0000] {dag.py:4180} INFO - Setting next_dagrun for example_branch_dop_operator_v3 to 2025-02-14 00:24:00+00:00, run_after=2025-02-14 00:25:00+00:00
[2025-02-14T00:25:48.808+0000] {processor.py:208} INFO - Processing /home/airflow/.local/lib/python3.12/site-packages/airflow/example_dags/example_branch_python_dop_operator_3.py took 0.100 seconds
[2025-02-14T00:26:19.491+0000] {processor.py:186} INFO - Started process (PID=4899) to work on /home/airflow/.local/lib/python3.12/site-packages/airflow/example_dags/example_branch_python_dop_operator_3.py
[2025-02-14T00:26:19.492+0000] {processor.py:914} INFO - Processing file /home/airflow/.local/lib/python3.12/site-packages/airflow/example_dags/example_branch_python_dop_operator_3.py for tasks to queue
[2025-02-14T00:26:19.495+0000] {logging_mixin.py:190} INFO - [2025-02-14T00:26:19.494+0000] {dagbag.py:588} INFO - Filling up the DagBag from /home/airflow/.local/lib/python3.12/site-packages/airflow/example_dags/example_branch_python_dop_operator_3.py
[2025-02-14T00:26:19.504+0000] {processor.py:925} INFO - DAG(s) 'example_branch_dop_operator_v3' retrieved from /home/airflow/.local/lib/python3.12/site-packages/airflow/example_dags/example_branch_python_dop_operator_3.py
[2025-02-14T00:26:19.524+0000] {logging_mixin.py:190} INFO - [2025-02-14T00:26:19.524+0000] {dag.py:3239} INFO - Sync 1 DAGs
[2025-02-14T00:26:19.554+0000] {logging_mixin.py:190} INFO - [2025-02-14T00:26:19.553+0000] {dag.py:4180} INFO - Setting next_dagrun for example_branch_dop_operator_v3 to 2025-02-14 00:25:00+00:00, run_after=2025-02-14 00:26:00+00:00
[2025-02-14T00:26:19.578+0000] {processor.py:208} INFO - Processing /home/airflow/.local/lib/python3.12/site-packages/airflow/example_dags/example_branch_python_dop_operator_3.py took 0.092 seconds
[2025-02-14T00:26:49.738+0000] {processor.py:186} INFO - Started process (PID=4964) to work on /home/airflow/.local/lib/python3.12/site-packages/airflow/example_dags/example_branch_python_dop_operator_3.py
[2025-02-14T00:26:49.739+0000] {processor.py:914} INFO - Processing file /home/airflow/.local/lib/python3.12/site-packages/airflow/example_dags/example_branch_python_dop_operator_3.py for tasks to queue
[2025-02-14T00:26:49.742+0000] {logging_mixin.py:190} INFO - [2025-02-14T00:26:49.741+0000] {dagbag.py:588} INFO - Filling up the DagBag from /home/airflow/.local/lib/python3.12/site-packages/airflow/example_dags/example_branch_python_dop_operator_3.py
[2025-02-14T00:26:49.753+0000] {processor.py:925} INFO - DAG(s) 'example_branch_dop_operator_v3' retrieved from /home/airflow/.local/lib/python3.12/site-packages/airflow/example_dags/example_branch_python_dop_operator_3.py
[2025-02-14T00:26:49.775+0000] {logging_mixin.py:190} INFO - [2025-02-14T00:26:49.775+0000] {dag.py:3239} INFO - Sync 1 DAGs
[2025-02-14T00:26:49.811+0000] {logging_mixin.py:190} INFO - [2025-02-14T00:26:49.810+0000] {dag.py:4180} INFO - Setting next_dagrun for example_branch_dop_operator_v3 to 2025-02-14 00:25:00+00:00, run_after=2025-02-14 00:26:00+00:00
[2025-02-14T00:26:49.834+0000] {processor.py:208} INFO - Processing /home/airflow/.local/lib/python3.12/site-packages/airflow/example_dags/example_branch_python_dop_operator_3.py took 0.102 seconds
[2025-02-14T00:27:20.648+0000] {processor.py:186} INFO - Started process (PID=5030) to work on /home/airflow/.local/lib/python3.12/site-packages/airflow/example_dags/example_branch_python_dop_operator_3.py
[2025-02-14T00:27:20.649+0000] {processor.py:914} INFO - Processing file /home/airflow/.local/lib/python3.12/site-packages/airflow/example_dags/example_branch_python_dop_operator_3.py for tasks to queue
[2025-02-14T00:27:20.653+0000] {logging_mixin.py:190} INFO - [2025-02-14T00:27:20.652+0000] {dagbag.py:588} INFO - Filling up the DagBag from /home/airflow/.local/lib/python3.12/site-packages/airflow/example_dags/example_branch_python_dop_operator_3.py
[2025-02-14T00:27:20.672+0000] {processor.py:925} INFO - DAG(s) 'example_branch_dop_operator_v3' retrieved from /home/airflow/.local/lib/python3.12/site-packages/airflow/example_dags/example_branch_python_dop_operator_3.py
[2025-02-14T00:27:20.716+0000] {logging_mixin.py:190} INFO - [2025-02-14T00:27:20.715+0000] {dag.py:3239} INFO - Sync 1 DAGs
[2025-02-14T00:27:20.761+0000] {logging_mixin.py:190} INFO - [2025-02-14T00:27:20.761+0000] {dag.py:4180} INFO - Setting next_dagrun for example_branch_dop_operator_v3 to 2025-02-14 00:26:00+00:00, run_after=2025-02-14 00:27:00+00:00
[2025-02-14T00:27:20.782+0000] {processor.py:208} INFO - Processing /home/airflow/.local/lib/python3.12/site-packages/airflow/example_dags/example_branch_python_dop_operator_3.py took 0.147 seconds
[2025-02-14T00:27:50.839+0000] {processor.py:186} INFO - Started process (PID=5096) to work on /home/airflow/.local/lib/python3.12/site-packages/airflow/example_dags/example_branch_python_dop_operator_3.py
[2025-02-14T00:27:50.840+0000] {processor.py:914} INFO - Processing file /home/airflow/.local/lib/python3.12/site-packages/airflow/example_dags/example_branch_python_dop_operator_3.py for tasks to queue
[2025-02-14T00:27:50.843+0000] {logging_mixin.py:190} INFO - [2025-02-14T00:27:50.843+0000] {dagbag.py:588} INFO - Filling up the DagBag from /home/airflow/.local/lib/python3.12/site-packages/airflow/example_dags/example_branch_python_dop_operator_3.py
[2025-02-14T00:27:50.854+0000] {processor.py:925} INFO - DAG(s) 'example_branch_dop_operator_v3' retrieved from /home/airflow/.local/lib/python3.12/site-packages/airflow/example_dags/example_branch_python_dop_operator_3.py
[2025-02-14T00:27:50.874+0000] {logging_mixin.py:190} INFO - [2025-02-14T00:27:50.874+0000] {dag.py:3239} INFO - Sync 1 DAGs
[2025-02-14T00:27:50.905+0000] {logging_mixin.py:190} INFO - [2025-02-14T00:27:50.904+0000] {dag.py:4180} INFO - Setting next_dagrun for example_branch_dop_operator_v3 to 2025-02-14 00:26:00+00:00, run_after=2025-02-14 00:27:00+00:00
[2025-02-14T00:27:50.927+0000] {processor.py:208} INFO - Processing /home/airflow/.local/lib/python3.12/site-packages/airflow/example_dags/example_branch_python_dop_operator_3.py took 0.095 seconds
[2025-02-14T00:28:21.630+0000] {processor.py:186} INFO - Started process (PID=5168) to work on /home/airflow/.local/lib/python3.12/site-packages/airflow/example_dags/example_branch_python_dop_operator_3.py
[2025-02-14T00:28:21.631+0000] {processor.py:914} INFO - Processing file /home/airflow/.local/lib/python3.12/site-packages/airflow/example_dags/example_branch_python_dop_operator_3.py for tasks to queue
[2025-02-14T00:28:21.634+0000] {logging_mixin.py:190} INFO - [2025-02-14T00:28:21.633+0000] {dagbag.py:588} INFO - Filling up the DagBag from /home/airflow/.local/lib/python3.12/site-packages/airflow/example_dags/example_branch_python_dop_operator_3.py
[2025-02-14T00:28:21.651+0000] {processor.py:925} INFO - DAG(s) 'example_branch_dop_operator_v3' retrieved from /home/airflow/.local/lib/python3.12/site-packages/airflow/example_dags/example_branch_python_dop_operator_3.py
[2025-02-14T00:28:21.677+0000] {logging_mixin.py:190} INFO - [2025-02-14T00:28:21.676+0000] {dag.py:3239} INFO - Sync 1 DAGs
[2025-02-14T00:28:21.717+0000] {logging_mixin.py:190} INFO - [2025-02-14T00:28:21.717+0000] {dag.py:4180} INFO - Setting next_dagrun for example_branch_dop_operator_v3 to 2025-02-14 00:27:00+00:00, run_after=2025-02-14 00:28:00+00:00
[2025-02-14T00:28:21.746+0000] {processor.py:208} INFO - Processing /home/airflow/.local/lib/python3.12/site-packages/airflow/example_dags/example_branch_python_dop_operator_3.py took 0.125 seconds
[2025-02-14T00:28:52.041+0000] {processor.py:186} INFO - Started process (PID=5234) to work on /home/airflow/.local/lib/python3.12/site-packages/airflow/example_dags/example_branch_python_dop_operator_3.py
[2025-02-14T00:28:52.042+0000] {processor.py:914} INFO - Processing file /home/airflow/.local/lib/python3.12/site-packages/airflow/example_dags/example_branch_python_dop_operator_3.py for tasks to queue
[2025-02-14T00:28:52.045+0000] {logging_mixin.py:190} INFO - [2025-02-14T00:28:52.045+0000] {dagbag.py:588} INFO - Filling up the DagBag from /home/airflow/.local/lib/python3.12/site-packages/airflow/example_dags/example_branch_python_dop_operator_3.py
[2025-02-14T00:28:52.059+0000] {processor.py:925} INFO - DAG(s) 'example_branch_dop_operator_v3' retrieved from /home/airflow/.local/lib/python3.12/site-packages/airflow/example_dags/example_branch_python_dop_operator_3.py
[2025-02-14T00:28:52.081+0000] {logging_mixin.py:190} INFO - [2025-02-14T00:28:52.081+0000] {dag.py:3239} INFO - Sync 1 DAGs
[2025-02-14T00:28:52.117+0000] {logging_mixin.py:190} INFO - [2025-02-14T00:28:52.116+0000] {dag.py:4180} INFO - Setting next_dagrun for example_branch_dop_operator_v3 to 2025-02-14 00:27:00+00:00, run_after=2025-02-14 00:28:00+00:00
[2025-02-14T00:28:52.145+0000] {processor.py:208} INFO - Processing /home/airflow/.local/lib/python3.12/site-packages/airflow/example_dags/example_branch_python_dop_operator_3.py took 0.111 seconds
[2025-02-14T00:29:23.083+0000] {processor.py:186} INFO - Started process (PID=5300) to work on /home/airflow/.local/lib/python3.12/site-packages/airflow/example_dags/example_branch_python_dop_operator_3.py
[2025-02-14T00:29:23.084+0000] {processor.py:914} INFO - Processing file /home/airflow/.local/lib/python3.12/site-packages/airflow/example_dags/example_branch_python_dop_operator_3.py for tasks to queue
[2025-02-14T00:29:23.087+0000] {logging_mixin.py:190} INFO - [2025-02-14T00:29:23.086+0000] {dagbag.py:588} INFO - Filling up the DagBag from /home/airflow/.local/lib/python3.12/site-packages/airflow/example_dags/example_branch_python_dop_operator_3.py
[2025-02-14T00:29:23.107+0000] {processor.py:925} INFO - DAG(s) 'example_branch_dop_operator_v3' retrieved from /home/airflow/.local/lib/python3.12/site-packages/airflow/example_dags/example_branch_python_dop_operator_3.py
[2025-02-14T00:29:23.132+0000] {logging_mixin.py:190} INFO - [2025-02-14T00:29:23.132+0000] {dag.py:3239} INFO - Sync 1 DAGs
[2025-02-14T00:29:23.176+0000] {logging_mixin.py:190} INFO - [2025-02-14T00:29:23.176+0000] {dag.py:4180} INFO - Setting next_dagrun for example_branch_dop_operator_v3 to 2025-02-14 00:28:00+00:00, run_after=2025-02-14 00:29:00+00:00
[2025-02-14T00:29:23.210+0000] {processor.py:208} INFO - Processing /home/airflow/.local/lib/python3.12/site-packages/airflow/example_dags/example_branch_python_dop_operator_3.py took 0.134 seconds
[2025-02-14T00:29:54.174+0000] {processor.py:186} INFO - Started process (PID=5366) to work on /home/airflow/.local/lib/python3.12/site-packages/airflow/example_dags/example_branch_python_dop_operator_3.py
[2025-02-14T00:29:54.176+0000] {processor.py:914} INFO - Processing file /home/airflow/.local/lib/python3.12/site-packages/airflow/example_dags/example_branch_python_dop_operator_3.py for tasks to queue
[2025-02-14T00:29:54.179+0000] {logging_mixin.py:190} INFO - [2025-02-14T00:29:54.179+0000] {dagbag.py:588} INFO - Filling up the DagBag from /home/airflow/.local/lib/python3.12/site-packages/airflow/example_dags/example_branch_python_dop_operator_3.py
[2025-02-14T00:29:54.192+0000] {processor.py:925} INFO - DAG(s) 'example_branch_dop_operator_v3' retrieved from /home/airflow/.local/lib/python3.12/site-packages/airflow/example_dags/example_branch_python_dop_operator_3.py
[2025-02-14T00:29:54.219+0000] {logging_mixin.py:190} INFO - [2025-02-14T00:29:54.218+0000] {dag.py:3239} INFO - Sync 1 DAGs
[2025-02-14T00:29:54.260+0000] {logging_mixin.py:190} INFO - [2025-02-14T00:29:54.260+0000] {dag.py:4180} INFO - Setting next_dagrun for example_branch_dop_operator_v3 to 2025-02-14 00:28:00+00:00, run_after=2025-02-14 00:29:00+00:00
[2025-02-14T00:29:54.282+0000] {processor.py:208} INFO - Processing /home/airflow/.local/lib/python3.12/site-packages/airflow/example_dags/example_branch_python_dop_operator_3.py took 0.116 seconds
[2025-02-14T00:30:25.204+0000] {processor.py:186} INFO - Started process (PID=5432) to work on /home/airflow/.local/lib/python3.12/site-packages/airflow/example_dags/example_branch_python_dop_operator_3.py
[2025-02-14T00:30:25.205+0000] {processor.py:914} INFO - Processing file /home/airflow/.local/lib/python3.12/site-packages/airflow/example_dags/example_branch_python_dop_operator_3.py for tasks to queue
[2025-02-14T00:30:25.208+0000] {logging_mixin.py:190} INFO - [2025-02-14T00:30:25.207+0000] {dagbag.py:588} INFO - Filling up the DagBag from /home/airflow/.local/lib/python3.12/site-packages/airflow/example_dags/example_branch_python_dop_operator_3.py
[2025-02-14T00:30:25.222+0000] {processor.py:925} INFO - DAG(s) 'example_branch_dop_operator_v3' retrieved from /home/airflow/.local/lib/python3.12/site-packages/airflow/example_dags/example_branch_python_dop_operator_3.py
[2025-02-14T00:30:25.247+0000] {logging_mixin.py:190} INFO - [2025-02-14T00:30:25.247+0000] {dag.py:3239} INFO - Sync 1 DAGs
[2025-02-14T00:30:25.286+0000] {logging_mixin.py:190} INFO - [2025-02-14T00:30:25.286+0000] {dag.py:4180} INFO - Setting next_dagrun for example_branch_dop_operator_v3 to 2025-02-14 00:29:00+00:00, run_after=2025-02-14 00:30:00+00:00
[2025-02-14T00:30:25.310+0000] {processor.py:208} INFO - Processing /home/airflow/.local/lib/python3.12/site-packages/airflow/example_dags/example_branch_python_dop_operator_3.py took 0.116 seconds
[2025-02-14T00:30:55.700+0000] {processor.py:186} INFO - Started process (PID=5499) to work on /home/airflow/.local/lib/python3.12/site-packages/airflow/example_dags/example_branch_python_dop_operator_3.py
[2025-02-14T00:30:55.703+0000] {processor.py:914} INFO - Processing file /home/airflow/.local/lib/python3.12/site-packages/airflow/example_dags/example_branch_python_dop_operator_3.py for tasks to queue
[2025-02-14T00:30:55.707+0000] {logging_mixin.py:190} INFO - [2025-02-14T00:30:55.706+0000] {dagbag.py:588} INFO - Filling up the DagBag from /home/airflow/.local/lib/python3.12/site-packages/airflow/example_dags/example_branch_python_dop_operator_3.py
[2025-02-14T00:30:55.724+0000] {processor.py:925} INFO - DAG(s) 'example_branch_dop_operator_v3' retrieved from /home/airflow/.local/lib/python3.12/site-packages/airflow/example_dags/example_branch_python_dop_operator_3.py
[2025-02-14T00:30:55.743+0000] {logging_mixin.py:190} INFO - [2025-02-14T00:30:55.743+0000] {dag.py:3239} INFO - Sync 1 DAGs
[2025-02-14T00:30:55.773+0000] {logging_mixin.py:190} INFO - [2025-02-14T00:30:55.773+0000] {dag.py:4180} INFO - Setting next_dagrun for example_branch_dop_operator_v3 to 2025-02-14 00:29:00+00:00, run_after=2025-02-14 00:30:00+00:00
[2025-02-14T00:30:55.793+0000] {processor.py:208} INFO - Processing /home/airflow/.local/lib/python3.12/site-packages/airflow/example_dags/example_branch_python_dop_operator_3.py took 0.104 seconds
[2025-02-14T00:32:54.605+0000] {processor.py:186} INFO - Started process (PID=61) to work on /home/airflow/.local/lib/python3.12/site-packages/airflow/example_dags/example_branch_python_dop_operator_3.py
[2025-02-14T00:32:54.606+0000] {processor.py:914} INFO - Processing file /home/airflow/.local/lib/python3.12/site-packages/airflow/example_dags/example_branch_python_dop_operator_3.py for tasks to queue
[2025-02-14T00:32:54.609+0000] {logging_mixin.py:190} INFO - [2025-02-14T00:32:54.608+0000] {dagbag.py:588} INFO - Filling up the DagBag from /home/airflow/.local/lib/python3.12/site-packages/airflow/example_dags/example_branch_python_dop_operator_3.py
[2025-02-14T00:32:54.636+0000] {processor.py:925} INFO - DAG(s) 'example_branch_dop_operator_v3' retrieved from /home/airflow/.local/lib/python3.12/site-packages/airflow/example_dags/example_branch_python_dop_operator_3.py
[2025-02-14T00:32:54.671+0000] {logging_mixin.py:190} INFO - [2025-02-14T00:32:54.671+0000] {dag.py:3239} INFO - Sync 1 DAGs
[2025-02-14T00:32:54.714+0000] {logging_mixin.py:190} INFO - [2025-02-14T00:32:54.714+0000] {dag.py:4180} INFO - Setting next_dagrun for example_branch_dop_operator_v3 to 2025-02-14 00:31:00+00:00, run_after=2025-02-14 00:32:00+00:00
[2025-02-14T00:32:54.743+0000] {processor.py:208} INFO - Processing /home/airflow/.local/lib/python3.12/site-packages/airflow/example_dags/example_branch_python_dop_operator_3.py took 0.146 seconds
[2025-02-14T00:33:26.221+0000] {processor.py:186} INFO - Started process (PID=127) to work on /home/airflow/.local/lib/python3.12/site-packages/airflow/example_dags/example_branch_python_dop_operator_3.py
[2025-02-14T00:33:26.233+0000] {processor.py:914} INFO - Processing file /home/airflow/.local/lib/python3.12/site-packages/airflow/example_dags/example_branch_python_dop_operator_3.py for tasks to queue
[2025-02-14T00:33:26.237+0000] {logging_mixin.py:190} INFO - [2025-02-14T00:33:26.237+0000] {dagbag.py:588} INFO - Filling up the DagBag from /home/airflow/.local/lib/python3.12/site-packages/airflow/example_dags/example_branch_python_dop_operator_3.py
[2025-02-14T00:33:26.256+0000] {processor.py:925} INFO - DAG(s) 'example_branch_dop_operator_v3' retrieved from /home/airflow/.local/lib/python3.12/site-packages/airflow/example_dags/example_branch_python_dop_operator_3.py
[2025-02-14T00:33:26.314+0000] {logging_mixin.py:190} INFO - [2025-02-14T00:33:26.314+0000] {dag.py:3239} INFO - Sync 1 DAGs
[2025-02-14T00:33:26.412+0000] {logging_mixin.py:190} INFO - [2025-02-14T00:33:26.411+0000] {dag.py:4180} INFO - Setting next_dagrun for example_branch_dop_operator_v3 to 2025-02-14 00:32:00+00:00, run_after=2025-02-14 00:33:00+00:00
[2025-02-14T00:33:26.475+0000] {processor.py:208} INFO - Processing /home/airflow/.local/lib/python3.12/site-packages/airflow/example_dags/example_branch_python_dop_operator_3.py took 0.296 seconds
[2025-02-14T00:33:56.849+0000] {processor.py:186} INFO - Started process (PID=193) to work on /home/airflow/.local/lib/python3.12/site-packages/airflow/example_dags/example_branch_python_dop_operator_3.py
[2025-02-14T00:33:56.851+0000] {processor.py:914} INFO - Processing file /home/airflow/.local/lib/python3.12/site-packages/airflow/example_dags/example_branch_python_dop_operator_3.py for tasks to queue
[2025-02-14T00:33:56.853+0000] {logging_mixin.py:190} INFO - [2025-02-14T00:33:56.853+0000] {dagbag.py:588} INFO - Filling up the DagBag from /home/airflow/.local/lib/python3.12/site-packages/airflow/example_dags/example_branch_python_dop_operator_3.py
[2025-02-14T00:33:56.871+0000] {processor.py:925} INFO - DAG(s) 'example_branch_dop_operator_v3' retrieved from /home/airflow/.local/lib/python3.12/site-packages/airflow/example_dags/example_branch_python_dop_operator_3.py
[2025-02-14T00:33:56.905+0000] {logging_mixin.py:190} INFO - [2025-02-14T00:33:56.903+0000] {dag.py:3239} INFO - Sync 1 DAGs
[2025-02-14T00:33:56.956+0000] {logging_mixin.py:190} INFO - [2025-02-14T00:33:56.956+0000] {dag.py:4180} INFO - Setting next_dagrun for example_branch_dop_operator_v3 to 2025-02-14 00:32:00+00:00, run_after=2025-02-14 00:33:00+00:00
[2025-02-14T00:33:56.986+0000] {processor.py:208} INFO - Processing /home/airflow/.local/lib/python3.12/site-packages/airflow/example_dags/example_branch_python_dop_operator_3.py took 0.146 seconds
[2025-02-14T00:34:28.031+0000] {processor.py:186} INFO - Started process (PID=259) to work on /home/airflow/.local/lib/python3.12/site-packages/airflow/example_dags/example_branch_python_dop_operator_3.py
[2025-02-14T00:34:28.033+0000] {processor.py:914} INFO - Processing file /home/airflow/.local/lib/python3.12/site-packages/airflow/example_dags/example_branch_python_dop_operator_3.py for tasks to queue
[2025-02-14T00:34:28.036+0000] {logging_mixin.py:190} INFO - [2025-02-14T00:34:28.035+0000] {dagbag.py:588} INFO - Filling up the DagBag from /home/airflow/.local/lib/python3.12/site-packages/airflow/example_dags/example_branch_python_dop_operator_3.py
[2025-02-14T00:34:28.051+0000] {processor.py:925} INFO - DAG(s) 'example_branch_dop_operator_v3' retrieved from /home/airflow/.local/lib/python3.12/site-packages/airflow/example_dags/example_branch_python_dop_operator_3.py
[2025-02-14T00:34:28.087+0000] {logging_mixin.py:190} INFO - [2025-02-14T00:34:28.087+0000] {dag.py:3239} INFO - Sync 1 DAGs
[2025-02-14T00:34:28.120+0000] {logging_mixin.py:190} INFO - [2025-02-14T00:34:28.120+0000] {dag.py:4180} INFO - Setting next_dagrun for example_branch_dop_operator_v3 to 2025-02-14 00:33:00+00:00, run_after=2025-02-14 00:34:00+00:00
[2025-02-14T00:34:28.142+0000] {processor.py:208} INFO - Processing /home/airflow/.local/lib/python3.12/site-packages/airflow/example_dags/example_branch_python_dop_operator_3.py took 0.120 seconds
[2025-02-14T00:34:58.897+0000] {processor.py:186} INFO - Started process (PID=325) to work on /home/airflow/.local/lib/python3.12/site-packages/airflow/example_dags/example_branch_python_dop_operator_3.py
[2025-02-14T00:34:58.898+0000] {processor.py:914} INFO - Processing file /home/airflow/.local/lib/python3.12/site-packages/airflow/example_dags/example_branch_python_dop_operator_3.py for tasks to queue
[2025-02-14T00:34:58.901+0000] {logging_mixin.py:190} INFO - [2025-02-14T00:34:58.901+0000] {dagbag.py:588} INFO - Filling up the DagBag from /home/airflow/.local/lib/python3.12/site-packages/airflow/example_dags/example_branch_python_dop_operator_3.py
[2025-02-14T00:34:58.912+0000] {processor.py:925} INFO - DAG(s) 'example_branch_dop_operator_v3' retrieved from /home/airflow/.local/lib/python3.12/site-packages/airflow/example_dags/example_branch_python_dop_operator_3.py
[2025-02-14T00:34:58.932+0000] {logging_mixin.py:190} INFO - [2025-02-14T00:34:58.932+0000] {dag.py:3239} INFO - Sync 1 DAGs
[2025-02-14T00:34:58.962+0000] {logging_mixin.py:190} INFO - [2025-02-14T00:34:58.962+0000] {dag.py:4180} INFO - Setting next_dagrun for example_branch_dop_operator_v3 to 2025-02-14 00:33:00+00:00, run_after=2025-02-14 00:34:00+00:00
[2025-02-14T00:34:58.982+0000] {processor.py:208} INFO - Processing /home/airflow/.local/lib/python3.12/site-packages/airflow/example_dags/example_branch_python_dop_operator_3.py took 0.091 seconds
[2025-02-14T00:35:29.384+0000] {processor.py:186} INFO - Started process (PID=391) to work on /home/airflow/.local/lib/python3.12/site-packages/airflow/example_dags/example_branch_python_dop_operator_3.py
[2025-02-14T00:35:29.385+0000] {processor.py:914} INFO - Processing file /home/airflow/.local/lib/python3.12/site-packages/airflow/example_dags/example_branch_python_dop_operator_3.py for tasks to queue
[2025-02-14T00:35:29.388+0000] {logging_mixin.py:190} INFO - [2025-02-14T00:35:29.387+0000] {dagbag.py:588} INFO - Filling up the DagBag from /home/airflow/.local/lib/python3.12/site-packages/airflow/example_dags/example_branch_python_dop_operator_3.py
[2025-02-14T00:35:29.400+0000] {processor.py:925} INFO - DAG(s) 'example_branch_dop_operator_v3' retrieved from /home/airflow/.local/lib/python3.12/site-packages/airflow/example_dags/example_branch_python_dop_operator_3.py
[2025-02-14T00:35:29.422+0000] {logging_mixin.py:190} INFO - [2025-02-14T00:35:29.421+0000] {dag.py:3239} INFO - Sync 1 DAGs
[2025-02-14T00:35:29.462+0000] {logging_mixin.py:190} INFO - [2025-02-14T00:35:29.462+0000] {dag.py:4180} INFO - Setting next_dagrun for example_branch_dop_operator_v3 to 2025-02-14 00:34:00+00:00, run_after=2025-02-14 00:35:00+00:00
[2025-02-14T00:35:29.492+0000] {processor.py:208} INFO - Processing /home/airflow/.local/lib/python3.12/site-packages/airflow/example_dags/example_branch_python_dop_operator_3.py took 0.115 seconds
[2025-02-14T00:36:00.820+0000] {processor.py:186} INFO - Started process (PID=455) to work on /home/airflow/.local/lib/python3.12/site-packages/airflow/example_dags/example_branch_python_dop_operator_3.py
[2025-02-14T00:36:00.821+0000] {processor.py:914} INFO - Processing file /home/airflow/.local/lib/python3.12/site-packages/airflow/example_dags/example_branch_python_dop_operator_3.py for tasks to queue
[2025-02-14T00:36:00.825+0000] {logging_mixin.py:190} INFO - [2025-02-14T00:36:00.825+0000] {dagbag.py:588} INFO - Filling up the DagBag from /home/airflow/.local/lib/python3.12/site-packages/airflow/example_dags/example_branch_python_dop_operator_3.py
[2025-02-14T00:36:00.836+0000] {processor.py:925} INFO - DAG(s) 'example_branch_dop_operator_v3' retrieved from /home/airflow/.local/lib/python3.12/site-packages/airflow/example_dags/example_branch_python_dop_operator_3.py
[2025-02-14T00:36:00.859+0000] {logging_mixin.py:190} INFO - [2025-02-14T00:36:00.859+0000] {dag.py:3239} INFO - Sync 1 DAGs
[2025-02-14T00:36:00.892+0000] {logging_mixin.py:190} INFO - [2025-02-14T00:36:00.891+0000] {dag.py:4180} INFO - Setting next_dagrun for example_branch_dop_operator_v3 to 2025-02-14 00:35:00+00:00, run_after=2025-02-14 00:36:00+00:00
[2025-02-14T00:36:00.928+0000] {processor.py:208} INFO - Processing /home/airflow/.local/lib/python3.12/site-packages/airflow/example_dags/example_branch_python_dop_operator_3.py took 0.115 seconds
[2025-02-14T00:36:32.006+0000] {processor.py:186} INFO - Started process (PID=521) to work on /home/airflow/.local/lib/python3.12/site-packages/airflow/example_dags/example_branch_python_dop_operator_3.py
[2025-02-14T00:36:32.007+0000] {processor.py:914} INFO - Processing file /home/airflow/.local/lib/python3.12/site-packages/airflow/example_dags/example_branch_python_dop_operator_3.py for tasks to queue
[2025-02-14T00:36:32.010+0000] {logging_mixin.py:190} INFO - [2025-02-14T00:36:32.009+0000] {dagbag.py:588} INFO - Filling up the DagBag from /home/airflow/.local/lib/python3.12/site-packages/airflow/example_dags/example_branch_python_dop_operator_3.py
[2025-02-14T00:36:32.020+0000] {processor.py:925} INFO - DAG(s) 'example_branch_dop_operator_v3' retrieved from /home/airflow/.local/lib/python3.12/site-packages/airflow/example_dags/example_branch_python_dop_operator_3.py
[2025-02-14T00:36:32.040+0000] {logging_mixin.py:190} INFO - [2025-02-14T00:36:32.040+0000] {dag.py:3239} INFO - Sync 1 DAGs
[2025-02-14T00:36:32.068+0000] {logging_mixin.py:190} INFO - [2025-02-14T00:36:32.068+0000] {dag.py:4180} INFO - Setting next_dagrun for example_branch_dop_operator_v3 to 2025-02-14 00:35:00+00:00, run_after=2025-02-14 00:36:00+00:00
[2025-02-14T00:36:32.089+0000] {processor.py:208} INFO - Processing /home/airflow/.local/lib/python3.12/site-packages/airflow/example_dags/example_branch_python_dop_operator_3.py took 0.090 seconds
[2025-02-14T00:37:02.749+0000] {processor.py:186} INFO - Started process (PID=587) to work on /home/airflow/.local/lib/python3.12/site-packages/airflow/example_dags/example_branch_python_dop_operator_3.py
[2025-02-14T00:37:02.751+0000] {processor.py:914} INFO - Processing file /home/airflow/.local/lib/python3.12/site-packages/airflow/example_dags/example_branch_python_dop_operator_3.py for tasks to queue
[2025-02-14T00:37:02.754+0000] {logging_mixin.py:190} INFO - [2025-02-14T00:37:02.754+0000] {dagbag.py:588} INFO - Filling up the DagBag from /home/airflow/.local/lib/python3.12/site-packages/airflow/example_dags/example_branch_python_dop_operator_3.py
[2025-02-14T00:37:02.768+0000] {processor.py:925} INFO - DAG(s) 'example_branch_dop_operator_v3' retrieved from /home/airflow/.local/lib/python3.12/site-packages/airflow/example_dags/example_branch_python_dop_operator_3.py
[2025-02-14T00:37:02.790+0000] {logging_mixin.py:190} INFO - [2025-02-14T00:37:02.790+0000] {dag.py:3239} INFO - Sync 1 DAGs
[2025-02-14T00:37:02.830+0000] {logging_mixin.py:190} INFO - [2025-02-14T00:37:02.829+0000] {dag.py:4180} INFO - Setting next_dagrun for example_branch_dop_operator_v3 to 2025-02-14 00:36:00+00:00, run_after=2025-02-14 00:37:00+00:00
[2025-02-14T00:37:02.862+0000] {processor.py:208} INFO - Processing /home/airflow/.local/lib/python3.12/site-packages/airflow/example_dags/example_branch_python_dop_operator_3.py took 0.120 seconds
[2025-02-14T00:37:33.842+0000] {processor.py:186} INFO - Started process (PID=653) to work on /home/airflow/.local/lib/python3.12/site-packages/airflow/example_dags/example_branch_python_dop_operator_3.py
[2025-02-14T00:37:33.843+0000] {processor.py:914} INFO - Processing file /home/airflow/.local/lib/python3.12/site-packages/airflow/example_dags/example_branch_python_dop_operator_3.py for tasks to queue
[2025-02-14T00:37:33.846+0000] {logging_mixin.py:190} INFO - [2025-02-14T00:37:33.846+0000] {dagbag.py:588} INFO - Filling up the DagBag from /home/airflow/.local/lib/python3.12/site-packages/airflow/example_dags/example_branch_python_dop_operator_3.py
[2025-02-14T00:37:33.859+0000] {processor.py:925} INFO - DAG(s) 'example_branch_dop_operator_v3' retrieved from /home/airflow/.local/lib/python3.12/site-packages/airflow/example_dags/example_branch_python_dop_operator_3.py
[2025-02-14T00:37:33.881+0000] {logging_mixin.py:190} INFO - [2025-02-14T00:37:33.880+0000] {dag.py:3239} INFO - Sync 1 DAGs
[2025-02-14T00:37:33.918+0000] {logging_mixin.py:190} INFO - [2025-02-14T00:37:33.918+0000] {dag.py:4180} INFO - Setting next_dagrun for example_branch_dop_operator_v3 to 2025-02-14 00:36:00+00:00, run_after=2025-02-14 00:37:00+00:00
[2025-02-14T00:37:33.939+0000] {processor.py:208} INFO - Processing /home/airflow/.local/lib/python3.12/site-packages/airflow/example_dags/example_branch_python_dop_operator_3.py took 0.102 seconds
[2025-02-14T00:38:06.636+0000] {processor.py:186} INFO - Started process (PID=719) to work on /home/airflow/.local/lib/python3.12/site-packages/airflow/example_dags/example_branch_python_dop_operator_3.py
[2025-02-14T00:38:06.638+0000] {processor.py:914} INFO - Processing file /home/airflow/.local/lib/python3.12/site-packages/airflow/example_dags/example_branch_python_dop_operator_3.py for tasks to queue
[2025-02-14T00:38:06.640+0000] {logging_mixin.py:190} INFO - [2025-02-14T00:38:06.640+0000] {dagbag.py:588} INFO - Filling up the DagBag from /home/airflow/.local/lib/python3.12/site-packages/airflow/example_dags/example_branch_python_dop_operator_3.py
[2025-02-14T00:38:06.654+0000] {processor.py:925} INFO - DAG(s) 'example_branch_dop_operator_v3' retrieved from /home/airflow/.local/lib/python3.12/site-packages/airflow/example_dags/example_branch_python_dop_operator_3.py
[2025-02-14T00:38:06.677+0000] {logging_mixin.py:190} INFO - [2025-02-14T00:38:06.677+0000] {dag.py:3239} INFO - Sync 1 DAGs
[2025-02-14T00:38:06.720+0000] {logging_mixin.py:190} INFO - [2025-02-14T00:38:06.719+0000] {dag.py:4180} INFO - Setting next_dagrun for example_branch_dop_operator_v3 to 2025-02-14 00:37:00+00:00, run_after=2025-02-14 00:38:00+00:00
[2025-02-14T00:38:06.764+0000] {processor.py:208} INFO - Processing /home/airflow/.local/lib/python3.12/site-packages/airflow/example_dags/example_branch_python_dop_operator_3.py took 0.134 seconds
[2025-02-14T00:38:38.328+0000] {processor.py:186} INFO - Started process (PID=784) to work on /home/airflow/.local/lib/python3.12/site-packages/airflow/example_dags/example_branch_python_dop_operator_3.py
[2025-02-14T00:38:38.328+0000] {processor.py:914} INFO - Processing file /home/airflow/.local/lib/python3.12/site-packages/airflow/example_dags/example_branch_python_dop_operator_3.py for tasks to queue
[2025-02-14T00:38:38.331+0000] {logging_mixin.py:190} INFO - [2025-02-14T00:38:38.330+0000] {dagbag.py:588} INFO - Filling up the DagBag from /home/airflow/.local/lib/python3.12/site-packages/airflow/example_dags/example_branch_python_dop_operator_3.py
[2025-02-14T00:38:38.345+0000] {processor.py:925} INFO - DAG(s) 'example_branch_dop_operator_v3' retrieved from /home/airflow/.local/lib/python3.12/site-packages/airflow/example_dags/example_branch_python_dop_operator_3.py
[2025-02-14T00:38:38.371+0000] {logging_mixin.py:190} INFO - [2025-02-14T00:38:38.371+0000] {dag.py:3239} INFO - Sync 1 DAGs
[2025-02-14T00:38:38.418+0000] {logging_mixin.py:190} INFO - [2025-02-14T00:38:38.417+0000] {dag.py:4180} INFO - Setting next_dagrun for example_branch_dop_operator_v3 to 2025-02-14 00:37:00+00:00, run_after=2025-02-14 00:38:00+00:00
[2025-02-14T00:38:38.449+0000] {processor.py:208} INFO - Processing /home/airflow/.local/lib/python3.12/site-packages/airflow/example_dags/example_branch_python_dop_operator_3.py took 0.129 seconds
[2025-02-14T00:39:09.838+0000] {processor.py:186} INFO - Started process (PID=849) to work on /home/airflow/.local/lib/python3.12/site-packages/airflow/example_dags/example_branch_python_dop_operator_3.py
[2025-02-14T00:39:09.839+0000] {processor.py:914} INFO - Processing file /home/airflow/.local/lib/python3.12/site-packages/airflow/example_dags/example_branch_python_dop_operator_3.py for tasks to queue
[2025-02-14T00:39:09.843+0000] {logging_mixin.py:190} INFO - [2025-02-14T00:39:09.842+0000] {dagbag.py:588} INFO - Filling up the DagBag from /home/airflow/.local/lib/python3.12/site-packages/airflow/example_dags/example_branch_python_dop_operator_3.py
[2025-02-14T00:39:09.865+0000] {processor.py:925} INFO - DAG(s) 'example_branch_dop_operator_v3' retrieved from /home/airflow/.local/lib/python3.12/site-packages/airflow/example_dags/example_branch_python_dop_operator_3.py
[2025-02-14T00:39:09.892+0000] {logging_mixin.py:190} INFO - [2025-02-14T00:39:09.891+0000] {dag.py:3239} INFO - Sync 1 DAGs
[2025-02-14T00:39:09.941+0000] {logging_mixin.py:190} INFO - [2025-02-14T00:39:09.941+0000] {dag.py:4180} INFO - Setting next_dagrun for example_branch_dop_operator_v3 to 2025-02-14 00:38:00+00:00, run_after=2025-02-14 00:39:00+00:00
[2025-02-14T00:39:09.969+0000] {processor.py:208} INFO - Processing /home/airflow/.local/lib/python3.12/site-packages/airflow/example_dags/example_branch_python_dop_operator_3.py took 0.141 seconds
[2025-02-14T00:39:40.926+0000] {processor.py:186} INFO - Started process (PID=915) to work on /home/airflow/.local/lib/python3.12/site-packages/airflow/example_dags/example_branch_python_dop_operator_3.py
[2025-02-14T00:39:40.927+0000] {processor.py:914} INFO - Processing file /home/airflow/.local/lib/python3.12/site-packages/airflow/example_dags/example_branch_python_dop_operator_3.py for tasks to queue
[2025-02-14T00:39:40.929+0000] {logging_mixin.py:190} INFO - [2025-02-14T00:39:40.929+0000] {dagbag.py:588} INFO - Filling up the DagBag from /home/airflow/.local/lib/python3.12/site-packages/airflow/example_dags/example_branch_python_dop_operator_3.py
[2025-02-14T00:39:40.939+0000] {processor.py:925} INFO - DAG(s) 'example_branch_dop_operator_v3' retrieved from /home/airflow/.local/lib/python3.12/site-packages/airflow/example_dags/example_branch_python_dop_operator_3.py
[2025-02-14T00:39:40.959+0000] {logging_mixin.py:190} INFO - [2025-02-14T00:39:40.959+0000] {dag.py:3239} INFO - Sync 1 DAGs
[2025-02-14T00:39:40.988+0000] {logging_mixin.py:190} INFO - [2025-02-14T00:39:40.988+0000] {dag.py:4180} INFO - Setting next_dagrun for example_branch_dop_operator_v3 to 2025-02-14 00:38:00+00:00, run_after=2025-02-14 00:39:00+00:00
[2025-02-14T00:39:41.011+0000] {processor.py:208} INFO - Processing /home/airflow/.local/lib/python3.12/site-packages/airflow/example_dags/example_branch_python_dop_operator_3.py took 0.092 seconds
[2025-02-14T00:40:12.483+0000] {processor.py:186} INFO - Started process (PID=982) to work on /home/airflow/.local/lib/python3.12/site-packages/airflow/example_dags/example_branch_python_dop_operator_3.py
[2025-02-14T00:40:12.484+0000] {processor.py:914} INFO - Processing file /home/airflow/.local/lib/python3.12/site-packages/airflow/example_dags/example_branch_python_dop_operator_3.py for tasks to queue
[2025-02-14T00:40:12.487+0000] {logging_mixin.py:190} INFO - [2025-02-14T00:40:12.486+0000] {dagbag.py:588} INFO - Filling up the DagBag from /home/airflow/.local/lib/python3.12/site-packages/airflow/example_dags/example_branch_python_dop_operator_3.py
[2025-02-14T00:40:12.496+0000] {processor.py:925} INFO - DAG(s) 'example_branch_dop_operator_v3' retrieved from /home/airflow/.local/lib/python3.12/site-packages/airflow/example_dags/example_branch_python_dop_operator_3.py
[2025-02-14T00:40:12.519+0000] {logging_mixin.py:190} INFO - [2025-02-14T00:40:12.518+0000] {dag.py:3239} INFO - Sync 1 DAGs
[2025-02-14T00:40:12.550+0000] {logging_mixin.py:190} INFO - [2025-02-14T00:40:12.550+0000] {dag.py:4180} INFO - Setting next_dagrun for example_branch_dop_operator_v3 to 2025-02-14 00:39:00+00:00, run_after=2025-02-14 00:40:00+00:00
[2025-02-14T00:40:12.573+0000] {processor.py:208} INFO - Processing /home/airflow/.local/lib/python3.12/site-packages/airflow/example_dags/example_branch_python_dop_operator_3.py took 0.096 seconds
[2025-02-14T00:40:43.618+0000] {processor.py:186} INFO - Started process (PID=1048) to work on /home/airflow/.local/lib/python3.12/site-packages/airflow/example_dags/example_branch_python_dop_operator_3.py
[2025-02-14T00:40:43.619+0000] {processor.py:914} INFO - Processing file /home/airflow/.local/lib/python3.12/site-packages/airflow/example_dags/example_branch_python_dop_operator_3.py for tasks to queue
[2025-02-14T00:40:43.621+0000] {logging_mixin.py:190} INFO - [2025-02-14T00:40:43.621+0000] {dagbag.py:588} INFO - Filling up the DagBag from /home/airflow/.local/lib/python3.12/site-packages/airflow/example_dags/example_branch_python_dop_operator_3.py
[2025-02-14T00:40:43.634+0000] {processor.py:925} INFO - DAG(s) 'example_branch_dop_operator_v3' retrieved from /home/airflow/.local/lib/python3.12/site-packages/airflow/example_dags/example_branch_python_dop_operator_3.py
[2025-02-14T00:40:43.655+0000] {logging_mixin.py:190} INFO - [2025-02-14T00:40:43.654+0000] {dag.py:3239} INFO - Sync 1 DAGs
[2025-02-14T00:40:43.688+0000] {logging_mixin.py:190} INFO - [2025-02-14T00:40:43.687+0000] {dag.py:4180} INFO - Setting next_dagrun for example_branch_dop_operator_v3 to 2025-02-14 00:39:00+00:00, run_after=2025-02-14 00:40:00+00:00
[2025-02-14T00:40:43.711+0000] {processor.py:208} INFO - Processing /home/airflow/.local/lib/python3.12/site-packages/airflow/example_dags/example_branch_python_dop_operator_3.py took 0.099 seconds
[2025-02-14T00:41:14.838+0000] {processor.py:186} INFO - Started process (PID=1115) to work on /home/airflow/.local/lib/python3.12/site-packages/airflow/example_dags/example_branch_python_dop_operator_3.py
[2025-02-14T00:41:14.839+0000] {processor.py:914} INFO - Processing file /home/airflow/.local/lib/python3.12/site-packages/airflow/example_dags/example_branch_python_dop_operator_3.py for tasks to queue
[2025-02-14T00:41:14.841+0000] {logging_mixin.py:190} INFO - [2025-02-14T00:41:14.841+0000] {dagbag.py:588} INFO - Filling up the DagBag from /home/airflow/.local/lib/python3.12/site-packages/airflow/example_dags/example_branch_python_dop_operator_3.py
[2025-02-14T00:41:14.851+0000] {processor.py:925} INFO - DAG(s) 'example_branch_dop_operator_v3' retrieved from /home/airflow/.local/lib/python3.12/site-packages/airflow/example_dags/example_branch_python_dop_operator_3.py
[2025-02-14T00:41:14.870+0000] {logging_mixin.py:190} INFO - [2025-02-14T00:41:14.870+0000] {dag.py:3239} INFO - Sync 1 DAGs
[2025-02-14T00:41:14.896+0000] {logging_mixin.py:190} INFO - [2025-02-14T00:41:14.896+0000] {dag.py:4180} INFO - Setting next_dagrun for example_branch_dop_operator_v3 to 2025-02-14 00:40:00+00:00, run_after=2025-02-14 00:41:00+00:00
[2025-02-14T00:41:14.916+0000] {processor.py:208} INFO - Processing /home/airflow/.local/lib/python3.12/site-packages/airflow/example_dags/example_branch_python_dop_operator_3.py took 0.085 seconds
[2025-02-14T00:41:45.843+0000] {processor.py:186} INFO - Started process (PID=1183) to work on /home/airflow/.local/lib/python3.12/site-packages/airflow/example_dags/example_branch_python_dop_operator_3.py
[2025-02-14T00:41:45.843+0000] {processor.py:914} INFO - Processing file /home/airflow/.local/lib/python3.12/site-packages/airflow/example_dags/example_branch_python_dop_operator_3.py for tasks to queue
[2025-02-14T00:41:45.846+0000] {logging_mixin.py:190} INFO - [2025-02-14T00:41:45.846+0000] {dagbag.py:588} INFO - Filling up the DagBag from /home/airflow/.local/lib/python3.12/site-packages/airflow/example_dags/example_branch_python_dop_operator_3.py
[2025-02-14T00:41:45.858+0000] {processor.py:925} INFO - DAG(s) 'example_branch_dop_operator_v3' retrieved from /home/airflow/.local/lib/python3.12/site-packages/airflow/example_dags/example_branch_python_dop_operator_3.py
[2025-02-14T00:41:45.882+0000] {logging_mixin.py:190} INFO - [2025-02-14T00:41:45.881+0000] {dag.py:3239} INFO - Sync 1 DAGs
[2025-02-14T00:41:45.920+0000] {logging_mixin.py:190} INFO - [2025-02-14T00:41:45.919+0000] {dag.py:4180} INFO - Setting next_dagrun for example_branch_dop_operator_v3 to 2025-02-14 00:40:00+00:00, run_after=2025-02-14 00:41:00+00:00
[2025-02-14T00:41:45.940+0000] {processor.py:208} INFO - Processing /home/airflow/.local/lib/python3.12/site-packages/airflow/example_dags/example_branch_python_dop_operator_3.py took 0.103 seconds
[2025-02-14T00:45:08.532+0000] {processor.py:186} INFO - Started process (PID=55) to work on /home/airflow/.local/lib/python3.12/site-packages/airflow/example_dags/example_branch_python_dop_operator_3.py
[2025-02-14T00:45:08.533+0000] {processor.py:914} INFO - Processing file /home/airflow/.local/lib/python3.12/site-packages/airflow/example_dags/example_branch_python_dop_operator_3.py for tasks to queue
[2025-02-14T00:45:08.535+0000] {logging_mixin.py:190} INFO - [2025-02-14T00:45:08.535+0000] {dagbag.py:588} INFO - Filling up the DagBag from /home/airflow/.local/lib/python3.12/site-packages/airflow/example_dags/example_branch_python_dop_operator_3.py
[2025-02-14T00:45:08.546+0000] {processor.py:925} INFO - DAG(s) 'example_branch_dop_operator_v3' retrieved from /home/airflow/.local/lib/python3.12/site-packages/airflow/example_dags/example_branch_python_dop_operator_3.py
[2025-02-14T00:45:08.567+0000] {logging_mixin.py:190} INFO - [2025-02-14T00:45:08.567+0000] {dag.py:3239} INFO - Sync 1 DAGs
[2025-02-14T00:45:08.598+0000] {logging_mixin.py:190} INFO - [2025-02-14T00:45:08.598+0000] {dag.py:4180} INFO - Setting next_dagrun for example_branch_dop_operator_v3 to 2025-02-14 00:44:00+00:00, run_after=2025-02-14 00:45:00+00:00
[2025-02-14T00:45:08.622+0000] {processor.py:208} INFO - Processing /home/airflow/.local/lib/python3.12/site-packages/airflow/example_dags/example_branch_python_dop_operator_3.py took 0.096 seconds
[2025-02-14T00:45:39.437+0000] {processor.py:186} INFO - Started process (PID=121) to work on /home/airflow/.local/lib/python3.12/site-packages/airflow/example_dags/example_branch_python_dop_operator_3.py
[2025-02-14T00:45:39.438+0000] {processor.py:914} INFO - Processing file /home/airflow/.local/lib/python3.12/site-packages/airflow/example_dags/example_branch_python_dop_operator_3.py for tasks to queue
[2025-02-14T00:45:39.441+0000] {logging_mixin.py:190} INFO - [2025-02-14T00:45:39.440+0000] {dagbag.py:588} INFO - Filling up the DagBag from /home/airflow/.local/lib/python3.12/site-packages/airflow/example_dags/example_branch_python_dop_operator_3.py
[2025-02-14T00:45:39.450+0000] {processor.py:925} INFO - DAG(s) 'example_branch_dop_operator_v3' retrieved from /home/airflow/.local/lib/python3.12/site-packages/airflow/example_dags/example_branch_python_dop_operator_3.py
[2025-02-14T00:45:39.470+0000] {logging_mixin.py:190} INFO - [2025-02-14T00:45:39.470+0000] {dag.py:3239} INFO - Sync 1 DAGs
[2025-02-14T00:45:39.499+0000] {logging_mixin.py:190} INFO - [2025-02-14T00:45:39.499+0000] {dag.py:4180} INFO - Setting next_dagrun for example_branch_dop_operator_v3 to 2025-02-14 00:44:00+00:00, run_after=2025-02-14 00:45:00+00:00
[2025-02-14T00:45:39.523+0000] {processor.py:208} INFO - Processing /home/airflow/.local/lib/python3.12/site-packages/airflow/example_dags/example_branch_python_dop_operator_3.py took 0.091 seconds
[2025-02-14T00:46:10.987+0000] {processor.py:186} INFO - Started process (PID=187) to work on /home/airflow/.local/lib/python3.12/site-packages/airflow/example_dags/example_branch_python_dop_operator_3.py
[2025-02-14T00:46:10.988+0000] {processor.py:914} INFO - Processing file /home/airflow/.local/lib/python3.12/site-packages/airflow/example_dags/example_branch_python_dop_operator_3.py for tasks to queue
[2025-02-14T00:46:10.990+0000] {logging_mixin.py:190} INFO - [2025-02-14T00:46:10.990+0000] {dagbag.py:588} INFO - Filling up the DagBag from /home/airflow/.local/lib/python3.12/site-packages/airflow/example_dags/example_branch_python_dop_operator_3.py
[2025-02-14T00:46:11.000+0000] {processor.py:925} INFO - DAG(s) 'example_branch_dop_operator_v3' retrieved from /home/airflow/.local/lib/python3.12/site-packages/airflow/example_dags/example_branch_python_dop_operator_3.py
[2025-02-14T00:46:11.019+0000] {logging_mixin.py:190} INFO - [2025-02-14T00:46:11.018+0000] {dag.py:3239} INFO - Sync 1 DAGs
[2025-02-14T00:46:11.058+0000] {logging_mixin.py:190} INFO - [2025-02-14T00:46:11.058+0000] {dag.py:4180} INFO - Setting next_dagrun for example_branch_dop_operator_v3 to 2025-02-14 00:45:00+00:00, run_after=2025-02-14 00:46:00+00:00
[2025-02-14T00:46:11.084+0000] {processor.py:208} INFO - Processing /home/airflow/.local/lib/python3.12/site-packages/airflow/example_dags/example_branch_python_dop_operator_3.py took 0.104 seconds
[2025-02-14T00:46:42.281+0000] {processor.py:186} INFO - Started process (PID=261) to work on /home/airflow/.local/lib/python3.12/site-packages/airflow/example_dags/example_branch_python_dop_operator_3.py
[2025-02-14T00:46:42.282+0000] {processor.py:914} INFO - Processing file /home/airflow/.local/lib/python3.12/site-packages/airflow/example_dags/example_branch_python_dop_operator_3.py for tasks to queue
[2025-02-14T00:46:42.284+0000] {logging_mixin.py:190} INFO - [2025-02-14T00:46:42.284+0000] {dagbag.py:588} INFO - Filling up the DagBag from /home/airflow/.local/lib/python3.12/site-packages/airflow/example_dags/example_branch_python_dop_operator_3.py
[2025-02-14T00:46:42.295+0000] {processor.py:925} INFO - DAG(s) 'example_branch_dop_operator_v3' retrieved from /home/airflow/.local/lib/python3.12/site-packages/airflow/example_dags/example_branch_python_dop_operator_3.py
[2025-02-14T00:46:42.314+0000] {logging_mixin.py:190} INFO - [2025-02-14T00:46:42.314+0000] {dag.py:3239} INFO - Sync 1 DAGs
[2025-02-14T00:46:42.343+0000] {logging_mixin.py:190} INFO - [2025-02-14T00:46:42.343+0000] {dag.py:4180} INFO - Setting next_dagrun for example_branch_dop_operator_v3 to 2025-02-14 00:45:00+00:00, run_after=2025-02-14 00:46:00+00:00
[2025-02-14T00:46:42.362+0000] {processor.py:208} INFO - Processing /home/airflow/.local/lib/python3.12/site-packages/airflow/example_dags/example_branch_python_dop_operator_3.py took 0.087 seconds
[2025-02-14T00:47:13.585+0000] {processor.py:186} INFO - Started process (PID=327) to work on /home/airflow/.local/lib/python3.12/site-packages/airflow/example_dags/example_branch_python_dop_operator_3.py
[2025-02-14T00:47:13.586+0000] {processor.py:914} INFO - Processing file /home/airflow/.local/lib/python3.12/site-packages/airflow/example_dags/example_branch_python_dop_operator_3.py for tasks to queue
[2025-02-14T00:47:13.589+0000] {logging_mixin.py:190} INFO - [2025-02-14T00:47:13.589+0000] {dagbag.py:588} INFO - Filling up the DagBag from /home/airflow/.local/lib/python3.12/site-packages/airflow/example_dags/example_branch_python_dop_operator_3.py
[2025-02-14T00:47:13.605+0000] {processor.py:925} INFO - DAG(s) 'example_branch_dop_operator_v3' retrieved from /home/airflow/.local/lib/python3.12/site-packages/airflow/example_dags/example_branch_python_dop_operator_3.py
[2025-02-14T00:47:13.631+0000] {logging_mixin.py:190} INFO - [2025-02-14T00:47:13.630+0000] {dag.py:3239} INFO - Sync 1 DAGs
[2025-02-14T00:47:13.664+0000] {logging_mixin.py:190} INFO - [2025-02-14T00:47:13.664+0000] {dag.py:4180} INFO - Setting next_dagrun for example_branch_dop_operator_v3 to 2025-02-14 00:46:00+00:00, run_after=2025-02-14 00:47:00+00:00
[2025-02-14T00:47:13.699+0000] {processor.py:208} INFO - Processing /home/airflow/.local/lib/python3.12/site-packages/airflow/example_dags/example_branch_python_dop_operator_3.py took 0.125 seconds
[2025-02-14T00:47:44.299+0000] {processor.py:186} INFO - Started process (PID=393) to work on /home/airflow/.local/lib/python3.12/site-packages/airflow/example_dags/example_branch_python_dop_operator_3.py
[2025-02-14T00:47:44.300+0000] {processor.py:914} INFO - Processing file /home/airflow/.local/lib/python3.12/site-packages/airflow/example_dags/example_branch_python_dop_operator_3.py for tasks to queue
[2025-02-14T00:47:44.305+0000] {logging_mixin.py:190} INFO - [2025-02-14T00:47:44.304+0000] {dagbag.py:588} INFO - Filling up the DagBag from /home/airflow/.local/lib/python3.12/site-packages/airflow/example_dags/example_branch_python_dop_operator_3.py
[2025-02-14T00:47:44.316+0000] {processor.py:925} INFO - DAG(s) 'example_branch_dop_operator_v3' retrieved from /home/airflow/.local/lib/python3.12/site-packages/airflow/example_dags/example_branch_python_dop_operator_3.py
[2025-02-14T00:47:44.339+0000] {logging_mixin.py:190} INFO - [2025-02-14T00:47:44.339+0000] {dag.py:3239} INFO - Sync 1 DAGs
[2025-02-14T00:47:44.369+0000] {logging_mixin.py:190} INFO - [2025-02-14T00:47:44.369+0000] {dag.py:4180} INFO - Setting next_dagrun for example_branch_dop_operator_v3 to 2025-02-14 00:46:00+00:00, run_after=2025-02-14 00:47:00+00:00
[2025-02-14T00:47:44.389+0000] {processor.py:208} INFO - Processing /home/airflow/.local/lib/python3.12/site-packages/airflow/example_dags/example_branch_python_dop_operator_3.py took 0.097 seconds
[2025-02-14T00:48:16.031+0000] {processor.py:186} INFO - Started process (PID=459) to work on /home/airflow/.local/lib/python3.12/site-packages/airflow/example_dags/example_branch_python_dop_operator_3.py
[2025-02-14T00:48:16.032+0000] {processor.py:914} INFO - Processing file /home/airflow/.local/lib/python3.12/site-packages/airflow/example_dags/example_branch_python_dop_operator_3.py for tasks to queue
[2025-02-14T00:48:16.035+0000] {logging_mixin.py:190} INFO - [2025-02-14T00:48:16.034+0000] {dagbag.py:588} INFO - Filling up the DagBag from /home/airflow/.local/lib/python3.12/site-packages/airflow/example_dags/example_branch_python_dop_operator_3.py
[2025-02-14T00:48:16.047+0000] {processor.py:925} INFO - DAG(s) 'example_branch_dop_operator_v3' retrieved from /home/airflow/.local/lib/python3.12/site-packages/airflow/example_dags/example_branch_python_dop_operator_3.py
[2025-02-14T00:48:16.076+0000] {logging_mixin.py:190} INFO - [2025-02-14T00:48:16.076+0000] {dag.py:3239} INFO - Sync 1 DAGs
[2025-02-14T00:48:16.112+0000] {logging_mixin.py:190} INFO - [2025-02-14T00:48:16.112+0000] {dag.py:4180} INFO - Setting next_dagrun for example_branch_dop_operator_v3 to 2025-02-14 00:47:00+00:00, run_after=2025-02-14 00:48:00+00:00
[2025-02-14T00:48:16.135+0000] {processor.py:208} INFO - Processing /home/airflow/.local/lib/python3.12/site-packages/airflow/example_dags/example_branch_python_dop_operator_3.py took 0.111 seconds
[2025-02-14T00:48:47.020+0000] {processor.py:186} INFO - Started process (PID=525) to work on /home/airflow/.local/lib/python3.12/site-packages/airflow/example_dags/example_branch_python_dop_operator_3.py
[2025-02-14T00:48:47.021+0000] {processor.py:914} INFO - Processing file /home/airflow/.local/lib/python3.12/site-packages/airflow/example_dags/example_branch_python_dop_operator_3.py for tasks to queue
[2025-02-14T00:48:47.026+0000] {logging_mixin.py:190} INFO - [2025-02-14T00:48:47.025+0000] {dagbag.py:588} INFO - Filling up the DagBag from /home/airflow/.local/lib/python3.12/site-packages/airflow/example_dags/example_branch_python_dop_operator_3.py
[2025-02-14T00:48:47.037+0000] {processor.py:925} INFO - DAG(s) 'example_branch_dop_operator_v3' retrieved from /home/airflow/.local/lib/python3.12/site-packages/airflow/example_dags/example_branch_python_dop_operator_3.py
[2025-02-14T00:48:47.057+0000] {logging_mixin.py:190} INFO - [2025-02-14T00:48:47.057+0000] {dag.py:3239} INFO - Sync 1 DAGs
[2025-02-14T00:48:47.082+0000] {logging_mixin.py:190} INFO - [2025-02-14T00:48:47.082+0000] {dag.py:4180} INFO - Setting next_dagrun for example_branch_dop_operator_v3 to 2025-02-14 00:47:00+00:00, run_after=2025-02-14 00:48:00+00:00
[2025-02-14T00:48:47.100+0000] {processor.py:208} INFO - Processing /home/airflow/.local/lib/python3.12/site-packages/airflow/example_dags/example_branch_python_dop_operator_3.py took 0.086 seconds
[2025-02-14T00:49:18.116+0000] {processor.py:186} INFO - Started process (PID=591) to work on /home/airflow/.local/lib/python3.12/site-packages/airflow/example_dags/example_branch_python_dop_operator_3.py
[2025-02-14T00:49:18.117+0000] {processor.py:914} INFO - Processing file /home/airflow/.local/lib/python3.12/site-packages/airflow/example_dags/example_branch_python_dop_operator_3.py for tasks to queue
[2025-02-14T00:49:18.120+0000] {logging_mixin.py:190} INFO - [2025-02-14T00:49:18.120+0000] {dagbag.py:588} INFO - Filling up the DagBag from /home/airflow/.local/lib/python3.12/site-packages/airflow/example_dags/example_branch_python_dop_operator_3.py
[2025-02-14T00:49:18.132+0000] {processor.py:925} INFO - DAG(s) 'example_branch_dop_operator_v3' retrieved from /home/airflow/.local/lib/python3.12/site-packages/airflow/example_dags/example_branch_python_dop_operator_3.py
[2025-02-14T00:49:18.152+0000] {logging_mixin.py:190} INFO - [2025-02-14T00:49:18.152+0000] {dag.py:3239} INFO - Sync 1 DAGs
[2025-02-14T00:49:18.195+0000] {logging_mixin.py:190} INFO - [2025-02-14T00:49:18.195+0000] {dag.py:4180} INFO - Setting next_dagrun for example_branch_dop_operator_v3 to 2025-02-14 00:48:00+00:00, run_after=2025-02-14 00:49:00+00:00
[2025-02-14T00:49:18.223+0000] {processor.py:208} INFO - Processing /home/airflow/.local/lib/python3.12/site-packages/airflow/example_dags/example_branch_python_dop_operator_3.py took 0.113 seconds
[2025-02-14T00:49:48.990+0000] {processor.py:186} INFO - Started process (PID=656) to work on /home/airflow/.local/lib/python3.12/site-packages/airflow/example_dags/example_branch_python_dop_operator_3.py
[2025-02-14T00:49:48.991+0000] {processor.py:914} INFO - Processing file /home/airflow/.local/lib/python3.12/site-packages/airflow/example_dags/example_branch_python_dop_operator_3.py for tasks to queue
[2025-02-14T00:49:48.994+0000] {logging_mixin.py:190} INFO - [2025-02-14T00:49:48.993+0000] {dagbag.py:588} INFO - Filling up the DagBag from /home/airflow/.local/lib/python3.12/site-packages/airflow/example_dags/example_branch_python_dop_operator_3.py
[2025-02-14T00:49:49.007+0000] {processor.py:925} INFO - DAG(s) 'example_branch_dop_operator_v3' retrieved from /home/airflow/.local/lib/python3.12/site-packages/airflow/example_dags/example_branch_python_dop_operator_3.py
[2025-02-14T00:49:49.030+0000] {logging_mixin.py:190} INFO - [2025-02-14T00:49:49.030+0000] {dag.py:3239} INFO - Sync 1 DAGs
[2025-02-14T00:49:49.064+0000] {logging_mixin.py:190} INFO - [2025-02-14T00:49:49.063+0000] {dag.py:4180} INFO - Setting next_dagrun for example_branch_dop_operator_v3 to 2025-02-14 00:48:00+00:00, run_after=2025-02-14 00:49:00+00:00
[2025-02-14T00:49:49.082+0000] {processor.py:208} INFO - Processing /home/airflow/.local/lib/python3.12/site-packages/airflow/example_dags/example_branch_python_dop_operator_3.py took 0.100 seconds
[2025-02-14T00:50:20.638+0000] {processor.py:186} INFO - Started process (PID=723) to work on /home/airflow/.local/lib/python3.12/site-packages/airflow/example_dags/example_branch_python_dop_operator_3.py
[2025-02-14T00:50:20.639+0000] {processor.py:914} INFO - Processing file /home/airflow/.local/lib/python3.12/site-packages/airflow/example_dags/example_branch_python_dop_operator_3.py for tasks to queue
[2025-02-14T00:50:20.641+0000] {logging_mixin.py:190} INFO - [2025-02-14T00:50:20.641+0000] {dagbag.py:588} INFO - Filling up the DagBag from /home/airflow/.local/lib/python3.12/site-packages/airflow/example_dags/example_branch_python_dop_operator_3.py
[2025-02-14T00:50:20.652+0000] {processor.py:925} INFO - DAG(s) 'example_branch_dop_operator_v3' retrieved from /home/airflow/.local/lib/python3.12/site-packages/airflow/example_dags/example_branch_python_dop_operator_3.py
[2025-02-14T00:50:20.672+0000] {logging_mixin.py:190} INFO - [2025-02-14T00:50:20.671+0000] {dag.py:3239} INFO - Sync 1 DAGs
[2025-02-14T00:50:20.702+0000] {logging_mixin.py:190} INFO - [2025-02-14T00:50:20.702+0000] {dag.py:4180} INFO - Setting next_dagrun for example_branch_dop_operator_v3 to 2025-02-14 00:49:00+00:00, run_after=2025-02-14 00:50:00+00:00
[2025-02-14T00:50:20.723+0000] {processor.py:208} INFO - Processing /home/airflow/.local/lib/python3.12/site-packages/airflow/example_dags/example_branch_python_dop_operator_3.py took 0.093 seconds
[2025-02-14T00:51:37.790+0000] {processor.py:186} INFO - Started process (PID=55) to work on /home/airflow/.local/lib/python3.12/site-packages/airflow/example_dags/example_branch_python_dop_operator_3.py
[2025-02-14T00:51:37.791+0000] {processor.py:914} INFO - Processing file /home/airflow/.local/lib/python3.12/site-packages/airflow/example_dags/example_branch_python_dop_operator_3.py for tasks to queue
[2025-02-14T00:51:37.794+0000] {logging_mixin.py:190} INFO - [2025-02-14T00:51:37.794+0000] {dagbag.py:588} INFO - Filling up the DagBag from /home/airflow/.local/lib/python3.12/site-packages/airflow/example_dags/example_branch_python_dop_operator_3.py
[2025-02-14T00:51:37.818+0000] {processor.py:925} INFO - DAG(s) 'example_branch_dop_operator_v3' retrieved from /home/airflow/.local/lib/python3.12/site-packages/airflow/example_dags/example_branch_python_dop_operator_3.py
[2025-02-14T00:51:37.842+0000] {logging_mixin.py:190} INFO - [2025-02-14T00:51:37.842+0000] {dag.py:3239} INFO - Sync 1 DAGs
[2025-02-14T00:51:37.871+0000] {logging_mixin.py:190} INFO - [2025-02-14T00:51:37.871+0000] {dag.py:4180} INFO - Setting next_dagrun for example_branch_dop_operator_v3 to 2025-02-14 00:50:00+00:00, run_after=2025-02-14 00:51:00+00:00
[2025-02-14T00:51:37.893+0000] {processor.py:208} INFO - Processing /home/airflow/.local/lib/python3.12/site-packages/airflow/example_dags/example_branch_python_dop_operator_3.py took 0.112 seconds
[2025-02-14T00:52:09.407+0000] {processor.py:186} INFO - Started process (PID=121) to work on /home/airflow/.local/lib/python3.12/site-packages/airflow/example_dags/example_branch_python_dop_operator_3.py
[2025-02-14T00:52:09.409+0000] {processor.py:914} INFO - Processing file /home/airflow/.local/lib/python3.12/site-packages/airflow/example_dags/example_branch_python_dop_operator_3.py for tasks to queue
[2025-02-14T00:52:09.412+0000] {logging_mixin.py:190} INFO - [2025-02-14T00:52:09.411+0000] {dagbag.py:588} INFO - Filling up the DagBag from /home/airflow/.local/lib/python3.12/site-packages/airflow/example_dags/example_branch_python_dop_operator_3.py
[2025-02-14T00:52:09.424+0000] {processor.py:925} INFO - DAG(s) 'example_branch_dop_operator_v3' retrieved from /home/airflow/.local/lib/python3.12/site-packages/airflow/example_dags/example_branch_python_dop_operator_3.py
[2025-02-14T00:52:09.447+0000] {logging_mixin.py:190} INFO - [2025-02-14T00:52:09.447+0000] {dag.py:3239} INFO - Sync 1 DAGs
[2025-02-14T00:52:09.479+0000] {logging_mixin.py:190} INFO - [2025-02-14T00:52:09.479+0000] {dag.py:4180} INFO - Setting next_dagrun for example_branch_dop_operator_v3 to 2025-02-14 00:51:00+00:00, run_after=2025-02-14 00:52:00+00:00
[2025-02-14T00:52:09.510+0000] {processor.py:208} INFO - Processing /home/airflow/.local/lib/python3.12/site-packages/airflow/example_dags/example_branch_python_dop_operator_3.py took 0.111 seconds
[2025-02-14T00:52:40.592+0000] {processor.py:186} INFO - Started process (PID=192) to work on /home/airflow/.local/lib/python3.12/site-packages/airflow/example_dags/example_branch_python_dop_operator_3.py
[2025-02-14T00:52:40.595+0000] {processor.py:914} INFO - Processing file /home/airflow/.local/lib/python3.12/site-packages/airflow/example_dags/example_branch_python_dop_operator_3.py for tasks to queue
[2025-02-14T00:52:40.600+0000] {logging_mixin.py:190} INFO - [2025-02-14T00:52:40.600+0000] {dagbag.py:588} INFO - Filling up the DagBag from /home/airflow/.local/lib/python3.12/site-packages/airflow/example_dags/example_branch_python_dop_operator_3.py
[2025-02-14T00:52:40.622+0000] {processor.py:925} INFO - DAG(s) 'example_branch_dop_operator_v3' retrieved from /home/airflow/.local/lib/python3.12/site-packages/airflow/example_dags/example_branch_python_dop_operator_3.py
[2025-02-14T00:52:40.675+0000] {logging_mixin.py:190} INFO - [2025-02-14T00:52:40.675+0000] {dag.py:3239} INFO - Sync 1 DAGs
[2025-02-14T00:52:40.725+0000] {logging_mixin.py:190} INFO - [2025-02-14T00:52:40.724+0000] {dag.py:4180} INFO - Setting next_dagrun for example_branch_dop_operator_v3 to 2025-02-14 00:51:00+00:00, run_after=2025-02-14 00:52:00+00:00
[2025-02-14T00:52:40.750+0000] {processor.py:208} INFO - Processing /home/airflow/.local/lib/python3.12/site-packages/airflow/example_dags/example_branch_python_dop_operator_3.py took 0.166 seconds
[2025-02-14T00:53:11.760+0000] {processor.py:186} INFO - Started process (PID=258) to work on /home/airflow/.local/lib/python3.12/site-packages/airflow/example_dags/example_branch_python_dop_operator_3.py
[2025-02-14T00:53:11.761+0000] {processor.py:914} INFO - Processing file /home/airflow/.local/lib/python3.12/site-packages/airflow/example_dags/example_branch_python_dop_operator_3.py for tasks to queue
[2025-02-14T00:53:11.770+0000] {logging_mixin.py:190} INFO - [2025-02-14T00:53:11.769+0000] {dagbag.py:588} INFO - Filling up the DagBag from /home/airflow/.local/lib/python3.12/site-packages/airflow/example_dags/example_branch_python_dop_operator_3.py
[2025-02-14T00:53:11.782+0000] {processor.py:925} INFO - DAG(s) 'example_branch_dop_operator_v3' retrieved from /home/airflow/.local/lib/python3.12/site-packages/airflow/example_dags/example_branch_python_dop_operator_3.py
[2025-02-14T00:53:11.804+0000] {logging_mixin.py:190} INFO - [2025-02-14T00:53:11.803+0000] {dag.py:3239} INFO - Sync 1 DAGs
[2025-02-14T00:53:11.839+0000] {logging_mixin.py:190} INFO - [2025-02-14T00:53:11.839+0000] {dag.py:4180} INFO - Setting next_dagrun for example_branch_dop_operator_v3 to 2025-02-14 00:52:00+00:00, run_after=2025-02-14 00:53:00+00:00
[2025-02-14T00:53:11.862+0000] {processor.py:208} INFO - Processing /home/airflow/.local/lib/python3.12/site-packages/airflow/example_dags/example_branch_python_dop_operator_3.py took 0.109 seconds
[2025-02-14T00:53:43.438+0000] {processor.py:186} INFO - Started process (PID=325) to work on /home/airflow/.local/lib/python3.12/site-packages/airflow/example_dags/example_branch_python_dop_operator_3.py
[2025-02-14T00:53:43.439+0000] {processor.py:914} INFO - Processing file /home/airflow/.local/lib/python3.12/site-packages/airflow/example_dags/example_branch_python_dop_operator_3.py for tasks to queue
[2025-02-14T00:53:43.441+0000] {logging_mixin.py:190} INFO - [2025-02-14T00:53:43.441+0000] {dagbag.py:588} INFO - Filling up the DagBag from /home/airflow/.local/lib/python3.12/site-packages/airflow/example_dags/example_branch_python_dop_operator_3.py
[2025-02-14T00:53:43.456+0000] {processor.py:925} INFO - DAG(s) 'example_branch_dop_operator_v3' retrieved from /home/airflow/.local/lib/python3.12/site-packages/airflow/example_dags/example_branch_python_dop_operator_3.py
[2025-02-14T00:53:43.489+0000] {logging_mixin.py:190} INFO - [2025-02-14T00:53:43.489+0000] {dag.py:3239} INFO - Sync 1 DAGs
[2025-02-14T00:53:43.541+0000] {logging_mixin.py:190} INFO - [2025-02-14T00:53:43.541+0000] {dag.py:4180} INFO - Setting next_dagrun for example_branch_dop_operator_v3 to 2025-02-14 00:52:00+00:00, run_after=2025-02-14 00:53:00+00:00
[2025-02-14T00:53:43.573+0000] {processor.py:208} INFO - Processing /home/airflow/.local/lib/python3.12/site-packages/airflow/example_dags/example_branch_python_dop_operator_3.py took 0.141 seconds
[2025-02-14T00:54:13.953+0000] {processor.py:186} INFO - Started process (PID=390) to work on /home/airflow/.local/lib/python3.12/site-packages/airflow/example_dags/example_branch_python_dop_operator_3.py
[2025-02-14T00:54:13.954+0000] {processor.py:914} INFO - Processing file /home/airflow/.local/lib/python3.12/site-packages/airflow/example_dags/example_branch_python_dop_operator_3.py for tasks to queue
[2025-02-14T00:54:13.956+0000] {logging_mixin.py:190} INFO - [2025-02-14T00:54:13.956+0000] {dagbag.py:588} INFO - Filling up the DagBag from /home/airflow/.local/lib/python3.12/site-packages/airflow/example_dags/example_branch_python_dop_operator_3.py
[2025-02-14T00:54:13.968+0000] {processor.py:925} INFO - DAG(s) 'example_branch_dop_operator_v3' retrieved from /home/airflow/.local/lib/python3.12/site-packages/airflow/example_dags/example_branch_python_dop_operator_3.py
[2025-02-14T00:54:13.989+0000] {logging_mixin.py:190} INFO - [2025-02-14T00:54:13.989+0000] {dag.py:3239} INFO - Sync 1 DAGs
[2025-02-14T00:54:14.027+0000] {logging_mixin.py:190} INFO - [2025-02-14T00:54:14.027+0000] {dag.py:4180} INFO - Setting next_dagrun for example_branch_dop_operator_v3 to 2025-02-14 00:53:00+00:00, run_after=2025-02-14 00:54:00+00:00
[2025-02-14T00:54:14.055+0000] {processor.py:208} INFO - Processing /home/airflow/.local/lib/python3.12/site-packages/airflow/example_dags/example_branch_python_dop_operator_3.py took 0.109 seconds
[2025-02-14T00:54:45.427+0000] {processor.py:186} INFO - Started process (PID=456) to work on /home/airflow/.local/lib/python3.12/site-packages/airflow/example_dags/example_branch_python_dop_operator_3.py
[2025-02-14T00:54:45.428+0000] {processor.py:914} INFO - Processing file /home/airflow/.local/lib/python3.12/site-packages/airflow/example_dags/example_branch_python_dop_operator_3.py for tasks to queue
[2025-02-14T00:54:45.432+0000] {logging_mixin.py:190} INFO - [2025-02-14T00:54:45.431+0000] {dagbag.py:588} INFO - Filling up the DagBag from /home/airflow/.local/lib/python3.12/site-packages/airflow/example_dags/example_branch_python_dop_operator_3.py
[2025-02-14T00:54:45.456+0000] {processor.py:925} INFO - DAG(s) 'example_branch_dop_operator_v3' retrieved from /home/airflow/.local/lib/python3.12/site-packages/airflow/example_dags/example_branch_python_dop_operator_3.py
[2025-02-14T00:54:45.491+0000] {logging_mixin.py:190} INFO - [2025-02-14T00:54:45.490+0000] {dag.py:3239} INFO - Sync 1 DAGs
[2025-02-14T00:54:45.532+0000] {logging_mixin.py:190} INFO - [2025-02-14T00:54:45.532+0000] {dag.py:4180} INFO - Setting next_dagrun for example_branch_dop_operator_v3 to 2025-02-14 00:53:00+00:00, run_after=2025-02-14 00:54:00+00:00
[2025-02-14T00:54:45.562+0000] {processor.py:208} INFO - Processing /home/airflow/.local/lib/python3.12/site-packages/airflow/example_dags/example_branch_python_dop_operator_3.py took 0.144 seconds
[2025-02-14T00:55:16.458+0000] {processor.py:186} INFO - Started process (PID=521) to work on /home/airflow/.local/lib/python3.12/site-packages/airflow/example_dags/example_branch_python_dop_operator_3.py
[2025-02-14T00:55:16.462+0000] {processor.py:914} INFO - Processing file /home/airflow/.local/lib/python3.12/site-packages/airflow/example_dags/example_branch_python_dop_operator_3.py for tasks to queue
[2025-02-14T00:55:16.464+0000] {logging_mixin.py:190} INFO - [2025-02-14T00:55:16.464+0000] {dagbag.py:588} INFO - Filling up the DagBag from /home/airflow/.local/lib/python3.12/site-packages/airflow/example_dags/example_branch_python_dop_operator_3.py
[2025-02-14T00:55:16.474+0000] {processor.py:925} INFO - DAG(s) 'example_branch_dop_operator_v3' retrieved from /home/airflow/.local/lib/python3.12/site-packages/airflow/example_dags/example_branch_python_dop_operator_3.py
[2025-02-14T00:55:16.499+0000] {logging_mixin.py:190} INFO - [2025-02-14T00:55:16.498+0000] {dag.py:3239} INFO - Sync 1 DAGs
[2025-02-14T00:55:16.531+0000] {logging_mixin.py:190} INFO - [2025-02-14T00:55:16.531+0000] {dag.py:4180} INFO - Setting next_dagrun for example_branch_dop_operator_v3 to 2025-02-14 00:54:00+00:00, run_after=2025-02-14 00:55:00+00:00
[2025-02-14T00:55:16.553+0000] {processor.py:208} INFO - Processing /home/airflow/.local/lib/python3.12/site-packages/airflow/example_dags/example_branch_python_dop_operator_3.py took 0.101 seconds
[2025-02-14T00:55:48.867+0000] {processor.py:186} INFO - Started process (PID=586) to work on /home/airflow/.local/lib/python3.12/site-packages/airflow/example_dags/example_branch_python_dop_operator_3.py
[2025-02-14T00:55:48.868+0000] {processor.py:914} INFO - Processing file /home/airflow/.local/lib/python3.12/site-packages/airflow/example_dags/example_branch_python_dop_operator_3.py for tasks to queue
[2025-02-14T00:55:48.872+0000] {logging_mixin.py:190} INFO - [2025-02-14T00:55:48.871+0000] {dagbag.py:588} INFO - Filling up the DagBag from /home/airflow/.local/lib/python3.12/site-packages/airflow/example_dags/example_branch_python_dop_operator_3.py
[2025-02-14T00:55:48.887+0000] {processor.py:925} INFO - DAG(s) 'example_branch_dop_operator_v3' retrieved from /home/airflow/.local/lib/python3.12/site-packages/airflow/example_dags/example_branch_python_dop_operator_3.py
[2025-02-14T00:55:48.921+0000] {logging_mixin.py:190} INFO - [2025-02-14T00:55:48.920+0000] {dag.py:3239} INFO - Sync 1 DAGs
[2025-02-14T00:55:48.971+0000] {logging_mixin.py:190} INFO - [2025-02-14T00:55:48.970+0000] {dag.py:4180} INFO - Setting next_dagrun for example_branch_dop_operator_v3 to 2025-02-14 00:54:00+00:00, run_after=2025-02-14 00:55:00+00:00
[2025-02-14T00:55:49.009+0000] {processor.py:208} INFO - Processing /home/airflow/.local/lib/python3.12/site-packages/airflow/example_dags/example_branch_python_dop_operator_3.py took 0.150 seconds
[2025-02-14T00:56:20.536+0000] {processor.py:186} INFO - Started process (PID=653) to work on /home/airflow/.local/lib/python3.12/site-packages/airflow/example_dags/example_branch_python_dop_operator_3.py
[2025-02-14T00:56:20.537+0000] {processor.py:914} INFO - Processing file /home/airflow/.local/lib/python3.12/site-packages/airflow/example_dags/example_branch_python_dop_operator_3.py for tasks to queue
[2025-02-14T00:56:20.540+0000] {logging_mixin.py:190} INFO - [2025-02-14T00:56:20.540+0000] {dagbag.py:588} INFO - Filling up the DagBag from /home/airflow/.local/lib/python3.12/site-packages/airflow/example_dags/example_branch_python_dop_operator_3.py
[2025-02-14T00:56:20.574+0000] {processor.py:925} INFO - DAG(s) 'example_branch_dop_operator_v3' retrieved from /home/airflow/.local/lib/python3.12/site-packages/airflow/example_dags/example_branch_python_dop_operator_3.py
[2025-02-14T00:56:20.629+0000] {logging_mixin.py:190} INFO - [2025-02-14T00:56:20.629+0000] {dag.py:3239} INFO - Sync 1 DAGs
[2025-02-14T00:56:20.722+0000] {logging_mixin.py:190} INFO - [2025-02-14T00:56:20.721+0000] {dag.py:4180} INFO - Setting next_dagrun for example_branch_dop_operator_v3 to 2025-02-14 00:55:00+00:00, run_after=2025-02-14 00:56:00+00:00
[2025-02-14T00:56:20.763+0000] {processor.py:208} INFO - Processing /home/airflow/.local/lib/python3.12/site-packages/airflow/example_dags/example_branch_python_dop_operator_3.py took 0.243 seconds
[2025-02-14T00:56:51.459+0000] {processor.py:186} INFO - Started process (PID=719) to work on /home/airflow/.local/lib/python3.12/site-packages/airflow/example_dags/example_branch_python_dop_operator_3.py
[2025-02-14T00:56:51.461+0000] {processor.py:914} INFO - Processing file /home/airflow/.local/lib/python3.12/site-packages/airflow/example_dags/example_branch_python_dop_operator_3.py for tasks to queue
[2025-02-14T00:56:51.465+0000] {logging_mixin.py:190} INFO - [2025-02-14T00:56:51.464+0000] {dagbag.py:588} INFO - Filling up the DagBag from /home/airflow/.local/lib/python3.12/site-packages/airflow/example_dags/example_branch_python_dop_operator_3.py
[2025-02-14T00:56:51.477+0000] {processor.py:925} INFO - DAG(s) 'example_branch_dop_operator_v3' retrieved from /home/airflow/.local/lib/python3.12/site-packages/airflow/example_dags/example_branch_python_dop_operator_3.py
[2025-02-14T00:56:51.498+0000] {logging_mixin.py:190} INFO - [2025-02-14T00:56:51.498+0000] {dag.py:3239} INFO - Sync 1 DAGs
[2025-02-14T00:56:51.531+0000] {logging_mixin.py:190} INFO - [2025-02-14T00:56:51.531+0000] {dag.py:4180} INFO - Setting next_dagrun for example_branch_dop_operator_v3 to 2025-02-14 00:55:00+00:00, run_after=2025-02-14 00:56:00+00:00
[2025-02-14T00:56:51.551+0000] {processor.py:208} INFO - Processing /home/airflow/.local/lib/python3.12/site-packages/airflow/example_dags/example_branch_python_dop_operator_3.py took 0.099 seconds
[2025-02-14T00:57:22.369+0000] {processor.py:186} INFO - Started process (PID=786) to work on /home/airflow/.local/lib/python3.12/site-packages/airflow/example_dags/example_branch_python_dop_operator_3.py
[2025-02-14T00:57:22.370+0000] {processor.py:914} INFO - Processing file /home/airflow/.local/lib/python3.12/site-packages/airflow/example_dags/example_branch_python_dop_operator_3.py for tasks to queue
[2025-02-14T00:57:22.373+0000] {logging_mixin.py:190} INFO - [2025-02-14T00:57:22.372+0000] {dagbag.py:588} INFO - Filling up the DagBag from /home/airflow/.local/lib/python3.12/site-packages/airflow/example_dags/example_branch_python_dop_operator_3.py
[2025-02-14T00:57:22.384+0000] {processor.py:925} INFO - DAG(s) 'example_branch_dop_operator_v3' retrieved from /home/airflow/.local/lib/python3.12/site-packages/airflow/example_dags/example_branch_python_dop_operator_3.py
[2025-02-14T00:57:22.404+0000] {logging_mixin.py:190} INFO - [2025-02-14T00:57:22.404+0000] {dag.py:3239} INFO - Sync 1 DAGs
[2025-02-14T00:57:22.440+0000] {logging_mixin.py:190} INFO - [2025-02-14T00:57:22.440+0000] {dag.py:4180} INFO - Setting next_dagrun for example_branch_dop_operator_v3 to 2025-02-14 00:56:00+00:00, run_after=2025-02-14 00:57:00+00:00
[2025-02-14T00:57:22.466+0000] {processor.py:208} INFO - Processing /home/airflow/.local/lib/python3.12/site-packages/airflow/example_dags/example_branch_python_dop_operator_3.py took 0.103 seconds
[2025-02-14T00:57:54.319+0000] {processor.py:186} INFO - Started process (PID=852) to work on /home/airflow/.local/lib/python3.12/site-packages/airflow/example_dags/example_branch_python_dop_operator_3.py
[2025-02-14T00:57:54.320+0000] {processor.py:914} INFO - Processing file /home/airflow/.local/lib/python3.12/site-packages/airflow/example_dags/example_branch_python_dop_operator_3.py for tasks to queue
[2025-02-14T00:57:54.323+0000] {logging_mixin.py:190} INFO - [2025-02-14T00:57:54.322+0000] {dagbag.py:588} INFO - Filling up the DagBag from /home/airflow/.local/lib/python3.12/site-packages/airflow/example_dags/example_branch_python_dop_operator_3.py
[2025-02-14T00:57:54.336+0000] {processor.py:925} INFO - DAG(s) 'example_branch_dop_operator_v3' retrieved from /home/airflow/.local/lib/python3.12/site-packages/airflow/example_dags/example_branch_python_dop_operator_3.py
[2025-02-14T00:57:54.356+0000] {logging_mixin.py:190} INFO - [2025-02-14T00:57:54.356+0000] {dag.py:3239} INFO - Sync 1 DAGs
[2025-02-14T00:57:54.387+0000] {logging_mixin.py:190} INFO - [2025-02-14T00:57:54.387+0000] {dag.py:4180} INFO - Setting next_dagrun for example_branch_dop_operator_v3 to 2025-02-14 00:56:00+00:00, run_after=2025-02-14 00:57:00+00:00
[2025-02-14T00:57:54.409+0000] {processor.py:208} INFO - Processing /home/airflow/.local/lib/python3.12/site-packages/airflow/example_dags/example_branch_python_dop_operator_3.py took 0.097 seconds
[2025-02-14T00:58:25.453+0000] {processor.py:186} INFO - Started process (PID=918) to work on /home/airflow/.local/lib/python3.12/site-packages/airflow/example_dags/example_branch_python_dop_operator_3.py
[2025-02-14T00:58:25.454+0000] {processor.py:914} INFO - Processing file /home/airflow/.local/lib/python3.12/site-packages/airflow/example_dags/example_branch_python_dop_operator_3.py for tasks to queue
[2025-02-14T00:58:25.468+0000] {logging_mixin.py:190} INFO - [2025-02-14T00:58:25.468+0000] {dagbag.py:588} INFO - Filling up the DagBag from /home/airflow/.local/lib/python3.12/site-packages/airflow/example_dags/example_branch_python_dop_operator_3.py
[2025-02-14T00:58:25.496+0000] {processor.py:925} INFO - DAG(s) 'example_branch_dop_operator_v3' retrieved from /home/airflow/.local/lib/python3.12/site-packages/airflow/example_dags/example_branch_python_dop_operator_3.py
[2025-02-14T00:58:25.539+0000] {logging_mixin.py:190} INFO - [2025-02-14T00:58:25.539+0000] {dag.py:3239} INFO - Sync 1 DAGs
[2025-02-14T00:58:25.591+0000] {logging_mixin.py:190} INFO - [2025-02-14T00:58:25.591+0000] {dag.py:4180} INFO - Setting next_dagrun for example_branch_dop_operator_v3 to 2025-02-14 00:57:00+00:00, run_after=2025-02-14 00:58:00+00:00
[2025-02-14T00:58:25.677+0000] {processor.py:208} INFO - Processing /home/airflow/.local/lib/python3.12/site-packages/airflow/example_dags/example_branch_python_dop_operator_3.py took 0.234 seconds
[2025-02-14T00:58:56.506+0000] {processor.py:186} INFO - Started process (PID=984) to work on /home/airflow/.local/lib/python3.12/site-packages/airflow/example_dags/example_branch_python_dop_operator_3.py
[2025-02-14T00:58:56.507+0000] {processor.py:914} INFO - Processing file /home/airflow/.local/lib/python3.12/site-packages/airflow/example_dags/example_branch_python_dop_operator_3.py for tasks to queue
[2025-02-14T00:58:56.510+0000] {logging_mixin.py:190} INFO - [2025-02-14T00:58:56.510+0000] {dagbag.py:588} INFO - Filling up the DagBag from /home/airflow/.local/lib/python3.12/site-packages/airflow/example_dags/example_branch_python_dop_operator_3.py
[2025-02-14T00:58:56.521+0000] {processor.py:925} INFO - DAG(s) 'example_branch_dop_operator_v3' retrieved from /home/airflow/.local/lib/python3.12/site-packages/airflow/example_dags/example_branch_python_dop_operator_3.py
[2025-02-14T00:58:56.543+0000] {logging_mixin.py:190} INFO - [2025-02-14T00:58:56.543+0000] {dag.py:3239} INFO - Sync 1 DAGs
[2025-02-14T00:58:56.573+0000] {logging_mixin.py:190} INFO - [2025-02-14T00:58:56.573+0000] {dag.py:4180} INFO - Setting next_dagrun for example_branch_dop_operator_v3 to 2025-02-14 00:57:00+00:00, run_after=2025-02-14 00:58:00+00:00
[2025-02-14T00:58:56.595+0000] {processor.py:208} INFO - Processing /home/airflow/.local/lib/python3.12/site-packages/airflow/example_dags/example_branch_python_dop_operator_3.py took 0.096 seconds
[2025-02-14T00:59:27.977+0000] {processor.py:186} INFO - Started process (PID=1050) to work on /home/airflow/.local/lib/python3.12/site-packages/airflow/example_dags/example_branch_python_dop_operator_3.py
[2025-02-14T00:59:27.978+0000] {processor.py:914} INFO - Processing file /home/airflow/.local/lib/python3.12/site-packages/airflow/example_dags/example_branch_python_dop_operator_3.py for tasks to queue
[2025-02-14T00:59:27.981+0000] {logging_mixin.py:190} INFO - [2025-02-14T00:59:27.981+0000] {dagbag.py:588} INFO - Filling up the DagBag from /home/airflow/.local/lib/python3.12/site-packages/airflow/example_dags/example_branch_python_dop_operator_3.py
[2025-02-14T00:59:27.999+0000] {processor.py:925} INFO - DAG(s) 'example_branch_dop_operator_v3' retrieved from /home/airflow/.local/lib/python3.12/site-packages/airflow/example_dags/example_branch_python_dop_operator_3.py
[2025-02-14T00:59:28.031+0000] {logging_mixin.py:190} INFO - [2025-02-14T00:59:28.030+0000] {dag.py:3239} INFO - Sync 1 DAGs
[2025-02-14T00:59:28.070+0000] {logging_mixin.py:190} INFO - [2025-02-14T00:59:28.069+0000] {dag.py:4180} INFO - Setting next_dagrun for example_branch_dop_operator_v3 to 2025-02-14 00:58:00+00:00, run_after=2025-02-14 00:59:00+00:00
[2025-02-14T00:59:28.095+0000] {processor.py:208} INFO - Processing /home/airflow/.local/lib/python3.12/site-packages/airflow/example_dags/example_branch_python_dop_operator_3.py took 0.131 seconds
[2025-02-14T00:59:59.297+0000] {processor.py:186} INFO - Started process (PID=1115) to work on /home/airflow/.local/lib/python3.12/site-packages/airflow/example_dags/example_branch_python_dop_operator_3.py
[2025-02-14T00:59:59.298+0000] {processor.py:914} INFO - Processing file /home/airflow/.local/lib/python3.12/site-packages/airflow/example_dags/example_branch_python_dop_operator_3.py for tasks to queue
[2025-02-14T00:59:59.301+0000] {logging_mixin.py:190} INFO - [2025-02-14T00:59:59.300+0000] {dagbag.py:588} INFO - Filling up the DagBag from /home/airflow/.local/lib/python3.12/site-packages/airflow/example_dags/example_branch_python_dop_operator_3.py
[2025-02-14T00:59:59.313+0000] {processor.py:925} INFO - DAG(s) 'example_branch_dop_operator_v3' retrieved from /home/airflow/.local/lib/python3.12/site-packages/airflow/example_dags/example_branch_python_dop_operator_3.py
[2025-02-14T00:59:59.335+0000] {logging_mixin.py:190} INFO - [2025-02-14T00:59:59.335+0000] {dag.py:3239} INFO - Sync 1 DAGs
[2025-02-14T00:59:59.365+0000] {logging_mixin.py:190} INFO - [2025-02-14T00:59:59.364+0000] {dag.py:4180} INFO - Setting next_dagrun for example_branch_dop_operator_v3 to 2025-02-14 00:58:00+00:00, run_after=2025-02-14 00:59:00+00:00
[2025-02-14T00:59:59.385+0000] {processor.py:208} INFO - Processing /home/airflow/.local/lib/python3.12/site-packages/airflow/example_dags/example_branch_python_dop_operator_3.py took 0.094 seconds
[2025-02-14T01:00:30.259+0000] {processor.py:186} INFO - Started process (PID=1182) to work on /home/airflow/.local/lib/python3.12/site-packages/airflow/example_dags/example_branch_python_dop_operator_3.py
[2025-02-14T01:00:30.261+0000] {processor.py:914} INFO - Processing file /home/airflow/.local/lib/python3.12/site-packages/airflow/example_dags/example_branch_python_dop_operator_3.py for tasks to queue
[2025-02-14T01:00:30.263+0000] {logging_mixin.py:190} INFO - [2025-02-14T01:00:30.263+0000] {dagbag.py:588} INFO - Filling up the DagBag from /home/airflow/.local/lib/python3.12/site-packages/airflow/example_dags/example_branch_python_dop_operator_3.py
[2025-02-14T01:00:30.282+0000] {processor.py:925} INFO - DAG(s) 'example_branch_dop_operator_v3' retrieved from /home/airflow/.local/lib/python3.12/site-packages/airflow/example_dags/example_branch_python_dop_operator_3.py
[2025-02-14T01:00:30.306+0000] {logging_mixin.py:190} INFO - [2025-02-14T01:00:30.306+0000] {dag.py:3239} INFO - Sync 1 DAGs
[2025-02-14T01:00:30.337+0000] {logging_mixin.py:190} INFO - [2025-02-14T01:00:30.336+0000] {dag.py:4180} INFO - Setting next_dagrun for example_branch_dop_operator_v3 to 2025-02-14 00:59:00+00:00, run_after=2025-02-14 01:00:00+00:00
[2025-02-14T01:00:30.359+0000] {processor.py:208} INFO - Processing /home/airflow/.local/lib/python3.12/site-packages/airflow/example_dags/example_branch_python_dop_operator_3.py took 0.106 seconds
[2025-02-14T01:01:01.683+0000] {processor.py:186} INFO - Started process (PID=1249) to work on /home/airflow/.local/lib/python3.12/site-packages/airflow/example_dags/example_branch_python_dop_operator_3.py
[2025-02-14T01:01:01.684+0000] {processor.py:914} INFO - Processing file /home/airflow/.local/lib/python3.12/site-packages/airflow/example_dags/example_branch_python_dop_operator_3.py for tasks to queue
[2025-02-14T01:01:01.687+0000] {logging_mixin.py:190} INFO - [2025-02-14T01:01:01.687+0000] {dagbag.py:588} INFO - Filling up the DagBag from /home/airflow/.local/lib/python3.12/site-packages/airflow/example_dags/example_branch_python_dop_operator_3.py
[2025-02-14T01:01:01.703+0000] {processor.py:925} INFO - DAG(s) 'example_branch_dop_operator_v3' retrieved from /home/airflow/.local/lib/python3.12/site-packages/airflow/example_dags/example_branch_python_dop_operator_3.py
[2025-02-14T01:01:01.724+0000] {logging_mixin.py:190} INFO - [2025-02-14T01:01:01.724+0000] {dag.py:3239} INFO - Sync 1 DAGs
[2025-02-14T01:01:01.754+0000] {logging_mixin.py:190} INFO - [2025-02-14T01:01:01.754+0000] {dag.py:4180} INFO - Setting next_dagrun for example_branch_dop_operator_v3 to 2025-02-14 01:00:00+00:00, run_after=2025-02-14 01:01:00+00:00
[2025-02-14T01:01:01.774+0000] {processor.py:208} INFO - Processing /home/airflow/.local/lib/python3.12/site-packages/airflow/example_dags/example_branch_python_dop_operator_3.py took 0.099 seconds
[2025-02-14T01:01:32.846+0000] {processor.py:186} INFO - Started process (PID=1315) to work on /home/airflow/.local/lib/python3.12/site-packages/airflow/example_dags/example_branch_python_dop_operator_3.py
[2025-02-14T01:01:32.847+0000] {processor.py:914} INFO - Processing file /home/airflow/.local/lib/python3.12/site-packages/airflow/example_dags/example_branch_python_dop_operator_3.py for tasks to queue
[2025-02-14T01:01:32.850+0000] {logging_mixin.py:190} INFO - [2025-02-14T01:01:32.849+0000] {dagbag.py:588} INFO - Filling up the DagBag from /home/airflow/.local/lib/python3.12/site-packages/airflow/example_dags/example_branch_python_dop_operator_3.py
[2025-02-14T01:01:32.862+0000] {processor.py:925} INFO - DAG(s) 'example_branch_dop_operator_v3' retrieved from /home/airflow/.local/lib/python3.12/site-packages/airflow/example_dags/example_branch_python_dop_operator_3.py
[2025-02-14T01:01:32.881+0000] {logging_mixin.py:190} INFO - [2025-02-14T01:01:32.881+0000] {dag.py:3239} INFO - Sync 1 DAGs
[2025-02-14T01:01:32.913+0000] {logging_mixin.py:190} INFO - [2025-02-14T01:01:32.912+0000] {dag.py:4180} INFO - Setting next_dagrun for example_branch_dop_operator_v3 to 2025-02-14 01:00:00+00:00, run_after=2025-02-14 01:01:00+00:00
[2025-02-14T01:01:32.937+0000] {processor.py:208} INFO - Processing /home/airflow/.local/lib/python3.12/site-packages/airflow/example_dags/example_branch_python_dop_operator_3.py took 0.098 seconds
[2025-02-14T01:02:04.044+0000] {processor.py:186} INFO - Started process (PID=1381) to work on /home/airflow/.local/lib/python3.12/site-packages/airflow/example_dags/example_branch_python_dop_operator_3.py
[2025-02-14T01:02:04.045+0000] {processor.py:914} INFO - Processing file /home/airflow/.local/lib/python3.12/site-packages/airflow/example_dags/example_branch_python_dop_operator_3.py for tasks to queue
[2025-02-14T01:02:04.050+0000] {logging_mixin.py:190} INFO - [2025-02-14T01:02:04.050+0000] {dagbag.py:588} INFO - Filling up the DagBag from /home/airflow/.local/lib/python3.12/site-packages/airflow/example_dags/example_branch_python_dop_operator_3.py
[2025-02-14T01:02:04.064+0000] {processor.py:925} INFO - DAG(s) 'example_branch_dop_operator_v3' retrieved from /home/airflow/.local/lib/python3.12/site-packages/airflow/example_dags/example_branch_python_dop_operator_3.py
[2025-02-14T01:02:04.088+0000] {logging_mixin.py:190} INFO - [2025-02-14T01:02:04.088+0000] {dag.py:3239} INFO - Sync 1 DAGs
[2025-02-14T01:02:04.138+0000] {logging_mixin.py:190} INFO - [2025-02-14T01:02:04.137+0000] {dag.py:4180} INFO - Setting next_dagrun for example_branch_dop_operator_v3 to 2025-02-14 01:01:00+00:00, run_after=2025-02-14 01:02:00+00:00
[2025-02-14T01:02:04.170+0000] {processor.py:208} INFO - Processing /home/airflow/.local/lib/python3.12/site-packages/airflow/example_dags/example_branch_python_dop_operator_3.py took 0.133 seconds
[2025-02-14T01:02:34.526+0000] {processor.py:186} INFO - Started process (PID=1447) to work on /home/airflow/.local/lib/python3.12/site-packages/airflow/example_dags/example_branch_python_dop_operator_3.py
[2025-02-14T01:02:34.529+0000] {processor.py:914} INFO - Processing file /home/airflow/.local/lib/python3.12/site-packages/airflow/example_dags/example_branch_python_dop_operator_3.py for tasks to queue
[2025-02-14T01:02:34.535+0000] {logging_mixin.py:190} INFO - [2025-02-14T01:02:34.534+0000] {dagbag.py:588} INFO - Filling up the DagBag from /home/airflow/.local/lib/python3.12/site-packages/airflow/example_dags/example_branch_python_dop_operator_3.py
[2025-02-14T01:02:34.547+0000] {processor.py:925} INFO - DAG(s) 'example_branch_dop_operator_v3' retrieved from /home/airflow/.local/lib/python3.12/site-packages/airflow/example_dags/example_branch_python_dop_operator_3.py
[2025-02-14T01:02:34.568+0000] {logging_mixin.py:190} INFO - [2025-02-14T01:02:34.568+0000] {dag.py:3239} INFO - Sync 1 DAGs
[2025-02-14T01:02:34.601+0000] {logging_mixin.py:190} INFO - [2025-02-14T01:02:34.601+0000] {dag.py:4180} INFO - Setting next_dagrun for example_branch_dop_operator_v3 to 2025-02-14 01:01:00+00:00, run_after=2025-02-14 01:02:00+00:00
[2025-02-14T01:02:34.621+0000] {processor.py:208} INFO - Processing /home/airflow/.local/lib/python3.12/site-packages/airflow/example_dags/example_branch_python_dop_operator_3.py took 0.104 seconds
[2025-02-14T01:10:01.789+0000] {processor.py:186} INFO - Started process (PID=56) to work on /home/airflow/.local/lib/python3.12/site-packages/airflow/example_dags/example_branch_python_dop_operator_3.py
[2025-02-14T01:10:01.790+0000] {processor.py:914} INFO - Processing file /home/airflow/.local/lib/python3.12/site-packages/airflow/example_dags/example_branch_python_dop_operator_3.py for tasks to queue
[2025-02-14T01:10:01.801+0000] {logging_mixin.py:190} INFO - [2025-02-14T01:10:01.801+0000] {dagbag.py:588} INFO - Filling up the DagBag from /home/airflow/.local/lib/python3.12/site-packages/airflow/example_dags/example_branch_python_dop_operator_3.py
[2025-02-14T01:10:01.820+0000] {processor.py:925} INFO - DAG(s) 'example_branch_dop_operator_v3' retrieved from /home/airflow/.local/lib/python3.12/site-packages/airflow/example_dags/example_branch_python_dop_operator_3.py
[2025-02-14T01:10:01.853+0000] {logging_mixin.py:190} INFO - [2025-02-14T01:10:01.853+0000] {dag.py:3239} INFO - Sync 1 DAGs
[2025-02-14T01:10:01.908+0000] {logging_mixin.py:190} INFO - [2025-02-14T01:10:01.908+0000] {dag.py:4180} INFO - Setting next_dagrun for example_branch_dop_operator_v3 to 2025-02-14 01:09:00+00:00, run_after=2025-02-14 01:10:00+00:00
[2025-02-14T01:10:01.936+0000] {processor.py:208} INFO - Processing /home/airflow/.local/lib/python3.12/site-packages/airflow/example_dags/example_branch_python_dop_operator_3.py took 0.163 seconds
[2025-02-14T01:10:33.099+0000] {processor.py:186} INFO - Started process (PID=127) to work on /home/airflow/.local/lib/python3.12/site-packages/airflow/example_dags/example_branch_python_dop_operator_3.py
[2025-02-14T01:10:33.100+0000] {processor.py:914} INFO - Processing file /home/airflow/.local/lib/python3.12/site-packages/airflow/example_dags/example_branch_python_dop_operator_3.py for tasks to queue
[2025-02-14T01:10:33.103+0000] {logging_mixin.py:190} INFO - [2025-02-14T01:10:33.102+0000] {dagbag.py:588} INFO - Filling up the DagBag from /home/airflow/.local/lib/python3.12/site-packages/airflow/example_dags/example_branch_python_dop_operator_3.py
[2025-02-14T01:10:33.115+0000] {processor.py:925} INFO - DAG(s) 'example_branch_dop_operator_v3' retrieved from /home/airflow/.local/lib/python3.12/site-packages/airflow/example_dags/example_branch_python_dop_operator_3.py
[2025-02-14T01:10:33.133+0000] {logging_mixin.py:190} INFO - [2025-02-14T01:10:33.133+0000] {dag.py:3239} INFO - Sync 1 DAGs
[2025-02-14T01:10:33.168+0000] {logging_mixin.py:190} INFO - [2025-02-14T01:10:33.167+0000] {dag.py:4180} INFO - Setting next_dagrun for example_branch_dop_operator_v3 to 2025-02-14 01:09:00+00:00, run_after=2025-02-14 01:10:00+00:00
[2025-02-14T01:10:33.212+0000] {processor.py:208} INFO - Processing /home/airflow/.local/lib/python3.12/site-packages/airflow/example_dags/example_branch_python_dop_operator_3.py took 0.119 seconds
[2025-02-14T01:11:04.071+0000] {processor.py:186} INFO - Started process (PID=193) to work on /home/airflow/.local/lib/python3.12/site-packages/airflow/example_dags/example_branch_python_dop_operator_3.py
[2025-02-14T01:11:04.072+0000] {processor.py:914} INFO - Processing file /home/airflow/.local/lib/python3.12/site-packages/airflow/example_dags/example_branch_python_dop_operator_3.py for tasks to queue
[2025-02-14T01:11:04.074+0000] {logging_mixin.py:190} INFO - [2025-02-14T01:11:04.074+0000] {dagbag.py:588} INFO - Filling up the DagBag from /home/airflow/.local/lib/python3.12/site-packages/airflow/example_dags/example_branch_python_dop_operator_3.py
[2025-02-14T01:11:04.084+0000] {processor.py:925} INFO - DAG(s) 'example_branch_dop_operator_v3' retrieved from /home/airflow/.local/lib/python3.12/site-packages/airflow/example_dags/example_branch_python_dop_operator_3.py
[2025-02-14T01:11:04.103+0000] {logging_mixin.py:190} INFO - [2025-02-14T01:11:04.102+0000] {dag.py:3239} INFO - Sync 1 DAGs
[2025-02-14T01:11:04.142+0000] {logging_mixin.py:190} INFO - [2025-02-14T01:11:04.142+0000] {dag.py:4180} INFO - Setting next_dagrun for example_branch_dop_operator_v3 to 2025-02-14 01:10:00+00:00, run_after=2025-02-14 01:11:00+00:00
[2025-02-14T01:11:04.166+0000] {processor.py:208} INFO - Processing /home/airflow/.local/lib/python3.12/site-packages/airflow/example_dags/example_branch_python_dop_operator_3.py took 0.102 seconds
[2025-02-14T01:11:35.210+0000] {processor.py:186} INFO - Started process (PID=258) to work on /home/airflow/.local/lib/python3.12/site-packages/airflow/example_dags/example_branch_python_dop_operator_3.py
[2025-02-14T01:11:35.211+0000] {processor.py:914} INFO - Processing file /home/airflow/.local/lib/python3.12/site-packages/airflow/example_dags/example_branch_python_dop_operator_3.py for tasks to queue
[2025-02-14T01:11:35.214+0000] {logging_mixin.py:190} INFO - [2025-02-14T01:11:35.213+0000] {dagbag.py:588} INFO - Filling up the DagBag from /home/airflow/.local/lib/python3.12/site-packages/airflow/example_dags/example_branch_python_dop_operator_3.py
[2025-02-14T01:11:35.225+0000] {processor.py:925} INFO - DAG(s) 'example_branch_dop_operator_v3' retrieved from /home/airflow/.local/lib/python3.12/site-packages/airflow/example_dags/example_branch_python_dop_operator_3.py
[2025-02-14T01:11:35.244+0000] {logging_mixin.py:190} INFO - [2025-02-14T01:11:35.244+0000] {dag.py:3239} INFO - Sync 1 DAGs
[2025-02-14T01:11:35.269+0000] {logging_mixin.py:190} INFO - [2025-02-14T01:11:35.269+0000] {dag.py:4180} INFO - Setting next_dagrun for example_branch_dop_operator_v3 to 2025-02-14 01:10:00+00:00, run_after=2025-02-14 01:11:00+00:00
[2025-02-14T01:11:35.289+0000] {processor.py:208} INFO - Processing /home/airflow/.local/lib/python3.12/site-packages/airflow/example_dags/example_branch_python_dop_operator_3.py took 0.085 seconds
