[2025-02-12T00:00:19.578+0000] {processor.py:186} INFO - Started process (PID=2356) to work on /home/airflow/.local/lib/python3.12/site-packages/airflow/example_dags/example_branch_labels.py
[2025-02-12T00:00:19.580+0000] {processor.py:914} INFO - Processing file /home/airflow/.local/lib/python3.12/site-packages/airflow/example_dags/example_branch_labels.py for tasks to queue
[2025-02-12T00:00:19.583+0000] {logging_mixin.py:190} INFO - [2025-02-12T00:00:19.583+0000] {dagbag.py:588} INFO - Filling up the DagBag from /home/airflow/.local/lib/python3.12/site-packages/airflow/example_dags/example_branch_labels.py
[2025-02-12T00:00:19.597+0000] {processor.py:925} INFO - DAG(s) 'example_branch_labels' retrieved from /home/airflow/.local/lib/python3.12/site-packages/airflow/example_dags/example_branch_labels.py
[2025-02-12T00:00:19.622+0000] {logging_mixin.py:190} INFO - [2025-02-12T00:00:19.621+0000] {dag.py:3239} INFO - Sync 1 DAGs
[2025-02-12T00:00:19.671+0000] {logging_mixin.py:190} INFO - [2025-02-12T00:00:19.670+0000] {dag.py:4180} INFO - Setting next_dagrun for example_branch_labels to 2025-02-11 00:00:00+00:00, run_after=2025-02-12 00:00:00+00:00
[2025-02-12T00:00:19.704+0000] {processor.py:208} INFO - Processing /home/airflow/.local/lib/python3.12/site-packages/airflow/example_dags/example_branch_labels.py took 0.134 seconds
[2025-02-12T00:00:50.830+0000] {processor.py:186} INFO - Started process (PID=2427) to work on /home/airflow/.local/lib/python3.12/site-packages/airflow/example_dags/example_branch_labels.py
[2025-02-12T00:00:50.831+0000] {processor.py:914} INFO - Processing file /home/airflow/.local/lib/python3.12/site-packages/airflow/example_dags/example_branch_labels.py for tasks to queue
[2025-02-12T00:00:50.833+0000] {logging_mixin.py:190} INFO - [2025-02-12T00:00:50.833+0000] {dagbag.py:588} INFO - Filling up the DagBag from /home/airflow/.local/lib/python3.12/site-packages/airflow/example_dags/example_branch_labels.py
[2025-02-12T00:00:50.847+0000] {processor.py:925} INFO - DAG(s) 'example_branch_labels' retrieved from /home/airflow/.local/lib/python3.12/site-packages/airflow/example_dags/example_branch_labels.py
[2025-02-12T00:00:50.875+0000] {logging_mixin.py:190} INFO - [2025-02-12T00:00:50.875+0000] {dag.py:3239} INFO - Sync 1 DAGs
[2025-02-12T00:00:50.909+0000] {logging_mixin.py:190} INFO - [2025-02-12T00:00:50.909+0000] {dag.py:4180} INFO - Setting next_dagrun for example_branch_labels to 2025-02-11 00:00:00+00:00, run_after=2025-02-12 00:00:00+00:00
[2025-02-12T00:00:50.938+0000] {processor.py:208} INFO - Processing /home/airflow/.local/lib/python3.12/site-packages/airflow/example_dags/example_branch_labels.py took 0.115 seconds
[2025-02-12T00:01:22.592+0000] {processor.py:186} INFO - Started process (PID=2494) to work on /home/airflow/.local/lib/python3.12/site-packages/airflow/example_dags/example_branch_labels.py
[2025-02-12T00:01:22.605+0000] {processor.py:914} INFO - Processing file /home/airflow/.local/lib/python3.12/site-packages/airflow/example_dags/example_branch_labels.py for tasks to queue
[2025-02-12T00:01:22.611+0000] {logging_mixin.py:190} INFO - [2025-02-12T00:01:22.610+0000] {dagbag.py:588} INFO - Filling up the DagBag from /home/airflow/.local/lib/python3.12/site-packages/airflow/example_dags/example_branch_labels.py
[2025-02-12T00:01:22.643+0000] {processor.py:925} INFO - DAG(s) 'example_branch_labels' retrieved from /home/airflow/.local/lib/python3.12/site-packages/airflow/example_dags/example_branch_labels.py
[2025-02-12T00:01:22.692+0000] {logging_mixin.py:190} INFO - [2025-02-12T00:01:22.692+0000] {dag.py:3239} INFO - Sync 1 DAGs
[2025-02-12T00:01:22.738+0000] {logging_mixin.py:190} INFO - [2025-02-12T00:01:22.737+0000] {dag.py:4180} INFO - Setting next_dagrun for example_branch_labels to 2025-02-11 00:00:00+00:00, run_after=2025-02-12 00:00:00+00:00
[2025-02-12T00:01:22.763+0000] {processor.py:208} INFO - Processing /home/airflow/.local/lib/python3.12/site-packages/airflow/example_dags/example_branch_labels.py took 0.189 seconds
[2025-02-12T00:01:52.900+0000] {processor.py:186} INFO - Started process (PID=2560) to work on /home/airflow/.local/lib/python3.12/site-packages/airflow/example_dags/example_branch_labels.py
[2025-02-12T00:01:52.901+0000] {processor.py:914} INFO - Processing file /home/airflow/.local/lib/python3.12/site-packages/airflow/example_dags/example_branch_labels.py for tasks to queue
[2025-02-12T00:01:52.903+0000] {logging_mixin.py:190} INFO - [2025-02-12T00:01:52.903+0000] {dagbag.py:588} INFO - Filling up the DagBag from /home/airflow/.local/lib/python3.12/site-packages/airflow/example_dags/example_branch_labels.py
[2025-02-12T00:01:52.915+0000] {processor.py:925} INFO - DAG(s) 'example_branch_labels' retrieved from /home/airflow/.local/lib/python3.12/site-packages/airflow/example_dags/example_branch_labels.py
[2025-02-12T00:01:52.935+0000] {logging_mixin.py:190} INFO - [2025-02-12T00:01:52.935+0000] {dag.py:3239} INFO - Sync 1 DAGs
[2025-02-12T00:01:52.960+0000] {logging_mixin.py:190} INFO - [2025-02-12T00:01:52.960+0000] {dag.py:4180} INFO - Setting next_dagrun for example_branch_labels to 2025-02-11 00:00:00+00:00, run_after=2025-02-12 00:00:00+00:00
[2025-02-12T00:01:52.980+0000] {processor.py:208} INFO - Processing /home/airflow/.local/lib/python3.12/site-packages/airflow/example_dags/example_branch_labels.py took 0.089 seconds
[2025-02-12T00:02:23.832+0000] {processor.py:186} INFO - Started process (PID=2625) to work on /home/airflow/.local/lib/python3.12/site-packages/airflow/example_dags/example_branch_labels.py
[2025-02-12T00:02:23.833+0000] {processor.py:914} INFO - Processing file /home/airflow/.local/lib/python3.12/site-packages/airflow/example_dags/example_branch_labels.py for tasks to queue
[2025-02-12T00:02:23.836+0000] {logging_mixin.py:190} INFO - [2025-02-12T00:02:23.836+0000] {dagbag.py:588} INFO - Filling up the DagBag from /home/airflow/.local/lib/python3.12/site-packages/airflow/example_dags/example_branch_labels.py
[2025-02-12T00:02:23.849+0000] {processor.py:925} INFO - DAG(s) 'example_branch_labels' retrieved from /home/airflow/.local/lib/python3.12/site-packages/airflow/example_dags/example_branch_labels.py
[2025-02-12T00:02:23.875+0000] {logging_mixin.py:190} INFO - [2025-02-12T00:02:23.875+0000] {dag.py:3239} INFO - Sync 1 DAGs
[2025-02-12T00:02:23.911+0000] {logging_mixin.py:190} INFO - [2025-02-12T00:02:23.911+0000] {dag.py:4180} INFO - Setting next_dagrun for example_branch_labels to 2025-02-11 00:00:00+00:00, run_after=2025-02-12 00:00:00+00:00
[2025-02-12T00:02:23.937+0000] {processor.py:208} INFO - Processing /home/airflow/.local/lib/python3.12/site-packages/airflow/example_dags/example_branch_labels.py took 0.114 seconds
[2025-02-12T00:02:54.925+0000] {processor.py:186} INFO - Started process (PID=2691) to work on /home/airflow/.local/lib/python3.12/site-packages/airflow/example_dags/example_branch_labels.py
[2025-02-12T00:02:54.926+0000] {processor.py:914} INFO - Processing file /home/airflow/.local/lib/python3.12/site-packages/airflow/example_dags/example_branch_labels.py for tasks to queue
[2025-02-12T00:02:54.928+0000] {logging_mixin.py:190} INFO - [2025-02-12T00:02:54.928+0000] {dagbag.py:588} INFO - Filling up the DagBag from /home/airflow/.local/lib/python3.12/site-packages/airflow/example_dags/example_branch_labels.py
[2025-02-12T00:02:54.940+0000] {processor.py:925} INFO - DAG(s) 'example_branch_labels' retrieved from /home/airflow/.local/lib/python3.12/site-packages/airflow/example_dags/example_branch_labels.py
[2025-02-12T00:02:54.962+0000] {logging_mixin.py:190} INFO - [2025-02-12T00:02:54.961+0000] {dag.py:3239} INFO - Sync 1 DAGs
[2025-02-12T00:02:54.994+0000] {logging_mixin.py:190} INFO - [2025-02-12T00:02:54.993+0000] {dag.py:4180} INFO - Setting next_dagrun for example_branch_labels to 2025-02-11 00:00:00+00:00, run_after=2025-02-12 00:00:00+00:00
[2025-02-12T00:02:55.017+0000] {processor.py:208} INFO - Processing /home/airflow/.local/lib/python3.12/site-packages/airflow/example_dags/example_branch_labels.py took 0.098 seconds
[2025-02-12T00:03:25.719+0000] {processor.py:186} INFO - Started process (PID=2757) to work on /home/airflow/.local/lib/python3.12/site-packages/airflow/example_dags/example_branch_labels.py
[2025-02-12T00:03:25.721+0000] {processor.py:914} INFO - Processing file /home/airflow/.local/lib/python3.12/site-packages/airflow/example_dags/example_branch_labels.py for tasks to queue
[2025-02-12T00:03:25.724+0000] {logging_mixin.py:190} INFO - [2025-02-12T00:03:25.724+0000] {dagbag.py:588} INFO - Filling up the DagBag from /home/airflow/.local/lib/python3.12/site-packages/airflow/example_dags/example_branch_labels.py
[2025-02-12T00:03:25.740+0000] {processor.py:925} INFO - DAG(s) 'example_branch_labels' retrieved from /home/airflow/.local/lib/python3.12/site-packages/airflow/example_dags/example_branch_labels.py
[2025-02-12T00:03:25.770+0000] {logging_mixin.py:190} INFO - [2025-02-12T00:03:25.770+0000] {dag.py:3239} INFO - Sync 1 DAGs
[2025-02-12T00:03:26.008+0000] {logging_mixin.py:190} INFO - [2025-02-12T00:03:26.008+0000] {dag.py:4180} INFO - Setting next_dagrun for example_branch_labels to 2025-02-11 00:00:00+00:00, run_after=2025-02-12 00:00:00+00:00
[2025-02-12T00:03:26.034+0000] {processor.py:208} INFO - Processing /home/airflow/.local/lib/python3.12/site-packages/airflow/example_dags/example_branch_labels.py took 0.325 seconds
[2025-02-12T00:03:56.470+0000] {processor.py:186} INFO - Started process (PID=2823) to work on /home/airflow/.local/lib/python3.12/site-packages/airflow/example_dags/example_branch_labels.py
[2025-02-12T00:03:56.473+0000] {processor.py:914} INFO - Processing file /home/airflow/.local/lib/python3.12/site-packages/airflow/example_dags/example_branch_labels.py for tasks to queue
[2025-02-12T00:03:56.477+0000] {logging_mixin.py:190} INFO - [2025-02-12T00:03:56.477+0000] {dagbag.py:588} INFO - Filling up the DagBag from /home/airflow/.local/lib/python3.12/site-packages/airflow/example_dags/example_branch_labels.py
[2025-02-12T00:03:56.508+0000] {processor.py:925} INFO - DAG(s) 'example_branch_labels' retrieved from /home/airflow/.local/lib/python3.12/site-packages/airflow/example_dags/example_branch_labels.py
[2025-02-12T00:03:56.570+0000] {logging_mixin.py:190} INFO - [2025-02-12T00:03:56.569+0000] {dag.py:3239} INFO - Sync 1 DAGs
[2025-02-12T00:03:56.805+0000] {logging_mixin.py:190} INFO - [2025-02-12T00:03:56.805+0000] {dag.py:4180} INFO - Setting next_dagrun for example_branch_labels to 2025-02-11 00:00:00+00:00, run_after=2025-02-12 00:00:00+00:00
[2025-02-12T00:03:56.829+0000] {processor.py:208} INFO - Processing /home/airflow/.local/lib/python3.12/site-packages/airflow/example_dags/example_branch_labels.py took 0.368 seconds
[2025-02-12T00:04:27.474+0000] {processor.py:186} INFO - Started process (PID=2888) to work on /home/airflow/.local/lib/python3.12/site-packages/airflow/example_dags/example_branch_labels.py
[2025-02-12T00:04:27.476+0000] {processor.py:914} INFO - Processing file /home/airflow/.local/lib/python3.12/site-packages/airflow/example_dags/example_branch_labels.py for tasks to queue
[2025-02-12T00:04:27.479+0000] {logging_mixin.py:190} INFO - [2025-02-12T00:04:27.478+0000] {dagbag.py:588} INFO - Filling up the DagBag from /home/airflow/.local/lib/python3.12/site-packages/airflow/example_dags/example_branch_labels.py
[2025-02-12T00:04:27.497+0000] {processor.py:925} INFO - DAG(s) 'example_branch_labels' retrieved from /home/airflow/.local/lib/python3.12/site-packages/airflow/example_dags/example_branch_labels.py
[2025-02-12T00:04:27.523+0000] {logging_mixin.py:190} INFO - [2025-02-12T00:04:27.522+0000] {dag.py:3239} INFO - Sync 1 DAGs
[2025-02-12T00:04:27.724+0000] {logging_mixin.py:190} INFO - [2025-02-12T00:04:27.724+0000] {dag.py:4180} INFO - Setting next_dagrun for example_branch_labels to 2025-02-11 00:00:00+00:00, run_after=2025-02-12 00:00:00+00:00
[2025-02-12T00:04:27.753+0000] {processor.py:208} INFO - Processing /home/airflow/.local/lib/python3.12/site-packages/airflow/example_dags/example_branch_labels.py took 0.287 seconds
[2025-02-12T00:04:57.992+0000] {processor.py:186} INFO - Started process (PID=2954) to work on /home/airflow/.local/lib/python3.12/site-packages/airflow/example_dags/example_branch_labels.py
[2025-02-12T00:04:57.994+0000] {processor.py:914} INFO - Processing file /home/airflow/.local/lib/python3.12/site-packages/airflow/example_dags/example_branch_labels.py for tasks to queue
[2025-02-12T00:04:58.000+0000] {logging_mixin.py:190} INFO - [2025-02-12T00:04:58.000+0000] {dagbag.py:588} INFO - Filling up the DagBag from /home/airflow/.local/lib/python3.12/site-packages/airflow/example_dags/example_branch_labels.py
[2025-02-12T00:04:58.019+0000] {processor.py:925} INFO - DAG(s) 'example_branch_labels' retrieved from /home/airflow/.local/lib/python3.12/site-packages/airflow/example_dags/example_branch_labels.py
[2025-02-12T00:04:58.070+0000] {logging_mixin.py:190} INFO - [2025-02-12T00:04:58.070+0000] {dag.py:3239} INFO - Sync 1 DAGs
[2025-02-12T00:04:58.138+0000] {logging_mixin.py:190} INFO - [2025-02-12T00:04:58.136+0000] {dag.py:4180} INFO - Setting next_dagrun for example_branch_labels to 2025-02-11 00:00:00+00:00, run_after=2025-02-12 00:00:00+00:00
[2025-02-12T00:04:58.160+0000] {processor.py:208} INFO - Processing /home/airflow/.local/lib/python3.12/site-packages/airflow/example_dags/example_branch_labels.py took 0.179 seconds
[2025-02-12T00:05:28.340+0000] {processor.py:186} INFO - Started process (PID=3020) to work on /home/airflow/.local/lib/python3.12/site-packages/airflow/example_dags/example_branch_labels.py
[2025-02-12T00:05:28.341+0000] {processor.py:914} INFO - Processing file /home/airflow/.local/lib/python3.12/site-packages/airflow/example_dags/example_branch_labels.py for tasks to queue
[2025-02-12T00:05:28.350+0000] {logging_mixin.py:190} INFO - [2025-02-12T00:05:28.349+0000] {dagbag.py:588} INFO - Filling up the DagBag from /home/airflow/.local/lib/python3.12/site-packages/airflow/example_dags/example_branch_labels.py
[2025-02-12T00:05:28.368+0000] {processor.py:925} INFO - DAG(s) 'example_branch_labels' retrieved from /home/airflow/.local/lib/python3.12/site-packages/airflow/example_dags/example_branch_labels.py
[2025-02-12T00:05:28.404+0000] {logging_mixin.py:190} INFO - [2025-02-12T00:05:28.404+0000] {dag.py:3239} INFO - Sync 1 DAGs
[2025-02-12T00:05:28.483+0000] {logging_mixin.py:190} INFO - [2025-02-12T00:05:28.482+0000] {dag.py:4180} INFO - Setting next_dagrun for example_branch_labels to 2025-02-11 00:00:00+00:00, run_after=2025-02-12 00:00:00+00:00
[2025-02-12T00:05:28.538+0000] {processor.py:208} INFO - Processing /home/airflow/.local/lib/python3.12/site-packages/airflow/example_dags/example_branch_labels.py took 0.207 seconds
[2025-02-12T00:05:59.170+0000] {processor.py:186} INFO - Started process (PID=3086) to work on /home/airflow/.local/lib/python3.12/site-packages/airflow/example_dags/example_branch_labels.py
[2025-02-12T00:05:59.171+0000] {processor.py:914} INFO - Processing file /home/airflow/.local/lib/python3.12/site-packages/airflow/example_dags/example_branch_labels.py for tasks to queue
[2025-02-12T00:05:59.175+0000] {logging_mixin.py:190} INFO - [2025-02-12T00:05:59.175+0000] {dagbag.py:588} INFO - Filling up the DagBag from /home/airflow/.local/lib/python3.12/site-packages/airflow/example_dags/example_branch_labels.py
[2025-02-12T00:05:59.194+0000] {processor.py:925} INFO - DAG(s) 'example_branch_labels' retrieved from /home/airflow/.local/lib/python3.12/site-packages/airflow/example_dags/example_branch_labels.py
[2025-02-12T00:05:59.221+0000] {logging_mixin.py:190} INFO - [2025-02-12T00:05:59.221+0000] {dag.py:3239} INFO - Sync 1 DAGs
[2025-02-12T00:05:59.251+0000] {logging_mixin.py:190} INFO - [2025-02-12T00:05:59.250+0000] {dag.py:4180} INFO - Setting next_dagrun for example_branch_labels to 2025-02-11 00:00:00+00:00, run_after=2025-02-12 00:00:00+00:00
[2025-02-12T00:05:59.274+0000] {processor.py:208} INFO - Processing /home/airflow/.local/lib/python3.12/site-packages/airflow/example_dags/example_branch_labels.py took 0.114 seconds
[2025-02-12T00:06:30.105+0000] {processor.py:186} INFO - Started process (PID=3152) to work on /home/airflow/.local/lib/python3.12/site-packages/airflow/example_dags/example_branch_labels.py
[2025-02-12T00:06:30.106+0000] {processor.py:914} INFO - Processing file /home/airflow/.local/lib/python3.12/site-packages/airflow/example_dags/example_branch_labels.py for tasks to queue
[2025-02-12T00:06:30.113+0000] {logging_mixin.py:190} INFO - [2025-02-12T00:06:30.112+0000] {dagbag.py:588} INFO - Filling up the DagBag from /home/airflow/.local/lib/python3.12/site-packages/airflow/example_dags/example_branch_labels.py
[2025-02-12T00:06:30.125+0000] {processor.py:925} INFO - DAG(s) 'example_branch_labels' retrieved from /home/airflow/.local/lib/python3.12/site-packages/airflow/example_dags/example_branch_labels.py
[2025-02-12T00:06:30.148+0000] {logging_mixin.py:190} INFO - [2025-02-12T00:06:30.147+0000] {dag.py:3239} INFO - Sync 1 DAGs
[2025-02-12T00:06:30.184+0000] {logging_mixin.py:190} INFO - [2025-02-12T00:06:30.184+0000] {dag.py:4180} INFO - Setting next_dagrun for example_branch_labels to 2025-02-11 00:00:00+00:00, run_after=2025-02-12 00:00:00+00:00
[2025-02-12T00:06:30.202+0000] {processor.py:208} INFO - Processing /home/airflow/.local/lib/python3.12/site-packages/airflow/example_dags/example_branch_labels.py took 0.107 seconds
[2025-02-12T00:07:00.573+0000] {processor.py:186} INFO - Started process (PID=3218) to work on /home/airflow/.local/lib/python3.12/site-packages/airflow/example_dags/example_branch_labels.py
[2025-02-12T00:07:00.574+0000] {processor.py:914} INFO - Processing file /home/airflow/.local/lib/python3.12/site-packages/airflow/example_dags/example_branch_labels.py for tasks to queue
[2025-02-12T00:07:00.577+0000] {logging_mixin.py:190} INFO - [2025-02-12T00:07:00.577+0000] {dagbag.py:588} INFO - Filling up the DagBag from /home/airflow/.local/lib/python3.12/site-packages/airflow/example_dags/example_branch_labels.py
[2025-02-12T00:07:00.590+0000] {processor.py:925} INFO - DAG(s) 'example_branch_labels' retrieved from /home/airflow/.local/lib/python3.12/site-packages/airflow/example_dags/example_branch_labels.py
[2025-02-12T00:07:00.619+0000] {logging_mixin.py:190} INFO - [2025-02-12T00:07:00.619+0000] {dag.py:3239} INFO - Sync 1 DAGs
[2025-02-12T00:07:00.654+0000] {logging_mixin.py:190} INFO - [2025-02-12T00:07:00.653+0000] {dag.py:4180} INFO - Setting next_dagrun for example_branch_labels to 2025-02-11 00:00:00+00:00, run_after=2025-02-12 00:00:00+00:00
[2025-02-12T00:07:00.678+0000] {processor.py:208} INFO - Processing /home/airflow/.local/lib/python3.12/site-packages/airflow/example_dags/example_branch_labels.py took 0.114 seconds
[2025-02-12T00:07:30.944+0000] {processor.py:186} INFO - Started process (PID=3284) to work on /home/airflow/.local/lib/python3.12/site-packages/airflow/example_dags/example_branch_labels.py
[2025-02-12T00:07:30.945+0000] {processor.py:914} INFO - Processing file /home/airflow/.local/lib/python3.12/site-packages/airflow/example_dags/example_branch_labels.py for tasks to queue
[2025-02-12T00:07:30.952+0000] {logging_mixin.py:190} INFO - [2025-02-12T00:07:30.952+0000] {dagbag.py:588} INFO - Filling up the DagBag from /home/airflow/.local/lib/python3.12/site-packages/airflow/example_dags/example_branch_labels.py
[2025-02-12T00:07:30.967+0000] {processor.py:925} INFO - DAG(s) 'example_branch_labels' retrieved from /home/airflow/.local/lib/python3.12/site-packages/airflow/example_dags/example_branch_labels.py
[2025-02-12T00:07:31.004+0000] {logging_mixin.py:190} INFO - [2025-02-12T00:07:31.004+0000] {dag.py:3239} INFO - Sync 1 DAGs
[2025-02-12T00:07:31.045+0000] {logging_mixin.py:190} INFO - [2025-02-12T00:07:31.045+0000] {dag.py:4180} INFO - Setting next_dagrun for example_branch_labels to 2025-02-11 00:00:00+00:00, run_after=2025-02-12 00:00:00+00:00
[2025-02-12T00:07:31.083+0000] {processor.py:208} INFO - Processing /home/airflow/.local/lib/python3.12/site-packages/airflow/example_dags/example_branch_labels.py took 0.147 seconds
[2025-02-12T00:08:01.349+0000] {processor.py:186} INFO - Started process (PID=3350) to work on /home/airflow/.local/lib/python3.12/site-packages/airflow/example_dags/example_branch_labels.py
[2025-02-12T00:08:01.351+0000] {processor.py:914} INFO - Processing file /home/airflow/.local/lib/python3.12/site-packages/airflow/example_dags/example_branch_labels.py for tasks to queue
[2025-02-12T00:08:01.355+0000] {logging_mixin.py:190} INFO - [2025-02-12T00:08:01.354+0000] {dagbag.py:588} INFO - Filling up the DagBag from /home/airflow/.local/lib/python3.12/site-packages/airflow/example_dags/example_branch_labels.py
[2025-02-12T00:08:01.381+0000] {processor.py:925} INFO - DAG(s) 'example_branch_labels' retrieved from /home/airflow/.local/lib/python3.12/site-packages/airflow/example_dags/example_branch_labels.py
[2025-02-12T00:08:01.413+0000] {logging_mixin.py:190} INFO - [2025-02-12T00:08:01.412+0000] {dag.py:3239} INFO - Sync 1 DAGs
[2025-02-12T00:08:01.454+0000] {logging_mixin.py:190} INFO - [2025-02-12T00:08:01.453+0000] {dag.py:4180} INFO - Setting next_dagrun for example_branch_labels to 2025-02-11 00:00:00+00:00, run_after=2025-02-12 00:00:00+00:00
[2025-02-12T00:08:01.477+0000] {processor.py:208} INFO - Processing /home/airflow/.local/lib/python3.12/site-packages/airflow/example_dags/example_branch_labels.py took 0.137 seconds
[2025-02-12T00:08:32.090+0000] {processor.py:186} INFO - Started process (PID=3416) to work on /home/airflow/.local/lib/python3.12/site-packages/airflow/example_dags/example_branch_labels.py
[2025-02-12T00:08:32.093+0000] {processor.py:914} INFO - Processing file /home/airflow/.local/lib/python3.12/site-packages/airflow/example_dags/example_branch_labels.py for tasks to queue
[2025-02-12T00:08:32.096+0000] {logging_mixin.py:190} INFO - [2025-02-12T00:08:32.096+0000] {dagbag.py:588} INFO - Filling up the DagBag from /home/airflow/.local/lib/python3.12/site-packages/airflow/example_dags/example_branch_labels.py
[2025-02-12T00:08:32.109+0000] {processor.py:925} INFO - DAG(s) 'example_branch_labels' retrieved from /home/airflow/.local/lib/python3.12/site-packages/airflow/example_dags/example_branch_labels.py
[2025-02-12T00:08:32.133+0000] {logging_mixin.py:190} INFO - [2025-02-12T00:08:32.132+0000] {dag.py:3239} INFO - Sync 1 DAGs
[2025-02-12T00:08:32.164+0000] {logging_mixin.py:190} INFO - [2025-02-12T00:08:32.163+0000] {dag.py:4180} INFO - Setting next_dagrun for example_branch_labels to 2025-02-11 00:00:00+00:00, run_after=2025-02-12 00:00:00+00:00
[2025-02-12T00:08:32.187+0000] {processor.py:208} INFO - Processing /home/airflow/.local/lib/python3.12/site-packages/airflow/example_dags/example_branch_labels.py took 0.104 seconds
[2025-02-12T00:09:03.014+0000] {processor.py:186} INFO - Started process (PID=3482) to work on /home/airflow/.local/lib/python3.12/site-packages/airflow/example_dags/example_branch_labels.py
[2025-02-12T00:09:03.015+0000] {processor.py:914} INFO - Processing file /home/airflow/.local/lib/python3.12/site-packages/airflow/example_dags/example_branch_labels.py for tasks to queue
[2025-02-12T00:09:03.018+0000] {logging_mixin.py:190} INFO - [2025-02-12T00:09:03.018+0000] {dagbag.py:588} INFO - Filling up the DagBag from /home/airflow/.local/lib/python3.12/site-packages/airflow/example_dags/example_branch_labels.py
[2025-02-12T00:09:03.032+0000] {processor.py:925} INFO - DAG(s) 'example_branch_labels' retrieved from /home/airflow/.local/lib/python3.12/site-packages/airflow/example_dags/example_branch_labels.py
[2025-02-12T00:09:03.054+0000] {logging_mixin.py:190} INFO - [2025-02-12T00:09:03.053+0000] {dag.py:3239} INFO - Sync 1 DAGs
[2025-02-12T00:09:03.086+0000] {logging_mixin.py:190} INFO - [2025-02-12T00:09:03.086+0000] {dag.py:4180} INFO - Setting next_dagrun for example_branch_labels to 2025-02-11 00:00:00+00:00, run_after=2025-02-12 00:00:00+00:00
[2025-02-12T00:09:03.120+0000] {processor.py:208} INFO - Processing /home/airflow/.local/lib/python3.12/site-packages/airflow/example_dags/example_branch_labels.py took 0.113 seconds
[2025-02-12T00:09:33.367+0000] {processor.py:186} INFO - Started process (PID=3548) to work on /home/airflow/.local/lib/python3.12/site-packages/airflow/example_dags/example_branch_labels.py
[2025-02-12T00:09:33.368+0000] {processor.py:914} INFO - Processing file /home/airflow/.local/lib/python3.12/site-packages/airflow/example_dags/example_branch_labels.py for tasks to queue
[2025-02-12T00:09:33.371+0000] {logging_mixin.py:190} INFO - [2025-02-12T00:09:33.370+0000] {dagbag.py:588} INFO - Filling up the DagBag from /home/airflow/.local/lib/python3.12/site-packages/airflow/example_dags/example_branch_labels.py
[2025-02-12T00:09:33.387+0000] {processor.py:925} INFO - DAG(s) 'example_branch_labels' retrieved from /home/airflow/.local/lib/python3.12/site-packages/airflow/example_dags/example_branch_labels.py
[2025-02-12T00:09:33.410+0000] {logging_mixin.py:190} INFO - [2025-02-12T00:09:33.410+0000] {dag.py:3239} INFO - Sync 1 DAGs
[2025-02-12T00:09:33.440+0000] {logging_mixin.py:190} INFO - [2025-02-12T00:09:33.439+0000] {dag.py:4180} INFO - Setting next_dagrun for example_branch_labels to 2025-02-11 00:00:00+00:00, run_after=2025-02-12 00:00:00+00:00
[2025-02-12T00:09:33.464+0000] {processor.py:208} INFO - Processing /home/airflow/.local/lib/python3.12/site-packages/airflow/example_dags/example_branch_labels.py took 0.104 seconds
[2025-02-12T00:10:03.648+0000] {processor.py:186} INFO - Started process (PID=3614) to work on /home/airflow/.local/lib/python3.12/site-packages/airflow/example_dags/example_branch_labels.py
[2025-02-12T00:10:03.649+0000] {processor.py:914} INFO - Processing file /home/airflow/.local/lib/python3.12/site-packages/airflow/example_dags/example_branch_labels.py for tasks to queue
[2025-02-12T00:10:03.652+0000] {logging_mixin.py:190} INFO - [2025-02-12T00:10:03.651+0000] {dagbag.py:588} INFO - Filling up the DagBag from /home/airflow/.local/lib/python3.12/site-packages/airflow/example_dags/example_branch_labels.py
[2025-02-12T00:10:03.661+0000] {processor.py:925} INFO - DAG(s) 'example_branch_labels' retrieved from /home/airflow/.local/lib/python3.12/site-packages/airflow/example_dags/example_branch_labels.py
[2025-02-12T00:10:03.683+0000] {logging_mixin.py:190} INFO - [2025-02-12T00:10:03.682+0000] {dag.py:3239} INFO - Sync 1 DAGs
[2025-02-12T00:10:03.709+0000] {logging_mixin.py:190} INFO - [2025-02-12T00:10:03.709+0000] {dag.py:4180} INFO - Setting next_dagrun for example_branch_labels to 2025-02-11 00:00:00+00:00, run_after=2025-02-12 00:00:00+00:00
[2025-02-12T00:10:03.729+0000] {processor.py:208} INFO - Processing /home/airflow/.local/lib/python3.12/site-packages/airflow/example_dags/example_branch_labels.py took 0.087 seconds
[2025-02-12T00:10:34.148+0000] {processor.py:186} INFO - Started process (PID=3680) to work on /home/airflow/.local/lib/python3.12/site-packages/airflow/example_dags/example_branch_labels.py
[2025-02-12T00:10:34.149+0000] {processor.py:914} INFO - Processing file /home/airflow/.local/lib/python3.12/site-packages/airflow/example_dags/example_branch_labels.py for tasks to queue
[2025-02-12T00:10:34.154+0000] {logging_mixin.py:190} INFO - [2025-02-12T00:10:34.153+0000] {dagbag.py:588} INFO - Filling up the DagBag from /home/airflow/.local/lib/python3.12/site-packages/airflow/example_dags/example_branch_labels.py
[2025-02-12T00:10:34.165+0000] {processor.py:925} INFO - DAG(s) 'example_branch_labels' retrieved from /home/airflow/.local/lib/python3.12/site-packages/airflow/example_dags/example_branch_labels.py
[2025-02-12T00:10:34.194+0000] {logging_mixin.py:190} INFO - [2025-02-12T00:10:34.194+0000] {dag.py:3239} INFO - Sync 1 DAGs
[2025-02-12T00:10:34.224+0000] {logging_mixin.py:190} INFO - [2025-02-12T00:10:34.224+0000] {dag.py:4180} INFO - Setting next_dagrun for example_branch_labels to 2025-02-11 00:00:00+00:00, run_after=2025-02-12 00:00:00+00:00
[2025-02-12T00:10:34.250+0000] {processor.py:208} INFO - Processing /home/airflow/.local/lib/python3.12/site-packages/airflow/example_dags/example_branch_labels.py took 0.111 seconds
[2025-02-12T00:11:04.368+0000] {processor.py:186} INFO - Started process (PID=3746) to work on /home/airflow/.local/lib/python3.12/site-packages/airflow/example_dags/example_branch_labels.py
[2025-02-12T00:11:04.370+0000] {processor.py:914} INFO - Processing file /home/airflow/.local/lib/python3.12/site-packages/airflow/example_dags/example_branch_labels.py for tasks to queue
[2025-02-12T00:11:04.373+0000] {logging_mixin.py:190} INFO - [2025-02-12T00:11:04.373+0000] {dagbag.py:588} INFO - Filling up the DagBag from /home/airflow/.local/lib/python3.12/site-packages/airflow/example_dags/example_branch_labels.py
[2025-02-12T00:11:04.384+0000] {processor.py:925} INFO - DAG(s) 'example_branch_labels' retrieved from /home/airflow/.local/lib/python3.12/site-packages/airflow/example_dags/example_branch_labels.py
[2025-02-12T00:11:04.409+0000] {logging_mixin.py:190} INFO - [2025-02-12T00:11:04.409+0000] {dag.py:3239} INFO - Sync 1 DAGs
[2025-02-12T00:11:04.438+0000] {logging_mixin.py:190} INFO - [2025-02-12T00:11:04.438+0000] {dag.py:4180} INFO - Setting next_dagrun for example_branch_labels to 2025-02-11 00:00:00+00:00, run_after=2025-02-12 00:00:00+00:00
[2025-02-12T00:11:04.464+0000] {processor.py:208} INFO - Processing /home/airflow/.local/lib/python3.12/site-packages/airflow/example_dags/example_branch_labels.py took 0.102 seconds
[2025-02-12T00:11:35.128+0000] {processor.py:186} INFO - Started process (PID=3812) to work on /home/airflow/.local/lib/python3.12/site-packages/airflow/example_dags/example_branch_labels.py
[2025-02-12T00:11:35.129+0000] {processor.py:914} INFO - Processing file /home/airflow/.local/lib/python3.12/site-packages/airflow/example_dags/example_branch_labels.py for tasks to queue
[2025-02-12T00:11:35.132+0000] {logging_mixin.py:190} INFO - [2025-02-12T00:11:35.131+0000] {dagbag.py:588} INFO - Filling up the DagBag from /home/airflow/.local/lib/python3.12/site-packages/airflow/example_dags/example_branch_labels.py
[2025-02-12T00:11:35.145+0000] {processor.py:925} INFO - DAG(s) 'example_branch_labels' retrieved from /home/airflow/.local/lib/python3.12/site-packages/airflow/example_dags/example_branch_labels.py
[2025-02-12T00:11:35.169+0000] {logging_mixin.py:190} INFO - [2025-02-12T00:11:35.169+0000] {dag.py:3239} INFO - Sync 1 DAGs
[2025-02-12T00:11:35.195+0000] {logging_mixin.py:190} INFO - [2025-02-12T00:11:35.195+0000] {dag.py:4180} INFO - Setting next_dagrun for example_branch_labels to 2025-02-11 00:00:00+00:00, run_after=2025-02-12 00:00:00+00:00
[2025-02-12T00:11:35.216+0000] {processor.py:208} INFO - Processing /home/airflow/.local/lib/python3.12/site-packages/airflow/example_dags/example_branch_labels.py took 0.094 seconds
[2025-02-12T00:12:05.793+0000] {processor.py:186} INFO - Started process (PID=3879) to work on /home/airflow/.local/lib/python3.12/site-packages/airflow/example_dags/example_branch_labels.py
[2025-02-12T00:12:05.794+0000] {processor.py:914} INFO - Processing file /home/airflow/.local/lib/python3.12/site-packages/airflow/example_dags/example_branch_labels.py for tasks to queue
[2025-02-12T00:12:05.797+0000] {logging_mixin.py:190} INFO - [2025-02-12T00:12:05.797+0000] {dagbag.py:588} INFO - Filling up the DagBag from /home/airflow/.local/lib/python3.12/site-packages/airflow/example_dags/example_branch_labels.py
[2025-02-12T00:12:05.810+0000] {processor.py:925} INFO - DAG(s) 'example_branch_labels' retrieved from /home/airflow/.local/lib/python3.12/site-packages/airflow/example_dags/example_branch_labels.py
[2025-02-12T00:12:05.835+0000] {logging_mixin.py:190} INFO - [2025-02-12T00:12:05.834+0000] {dag.py:3239} INFO - Sync 1 DAGs
[2025-02-12T00:12:05.866+0000] {logging_mixin.py:190} INFO - [2025-02-12T00:12:05.866+0000] {dag.py:4180} INFO - Setting next_dagrun for example_branch_labels to 2025-02-11 00:00:00+00:00, run_after=2025-02-12 00:00:00+00:00
[2025-02-12T00:12:05.886+0000] {processor.py:208} INFO - Processing /home/airflow/.local/lib/python3.12/site-packages/airflow/example_dags/example_branch_labels.py took 0.101 seconds
[2025-02-12T00:12:35.949+0000] {processor.py:186} INFO - Started process (PID=3945) to work on /home/airflow/.local/lib/python3.12/site-packages/airflow/example_dags/example_branch_labels.py
[2025-02-12T00:12:35.951+0000] {processor.py:914} INFO - Processing file /home/airflow/.local/lib/python3.12/site-packages/airflow/example_dags/example_branch_labels.py for tasks to queue
[2025-02-12T00:12:35.953+0000] {logging_mixin.py:190} INFO - [2025-02-12T00:12:35.953+0000] {dagbag.py:588} INFO - Filling up the DagBag from /home/airflow/.local/lib/python3.12/site-packages/airflow/example_dags/example_branch_labels.py
[2025-02-12T00:12:35.963+0000] {processor.py:925} INFO - DAG(s) 'example_branch_labels' retrieved from /home/airflow/.local/lib/python3.12/site-packages/airflow/example_dags/example_branch_labels.py
[2025-02-12T00:12:35.989+0000] {logging_mixin.py:190} INFO - [2025-02-12T00:12:35.989+0000] {dag.py:3239} INFO - Sync 1 DAGs
[2025-02-12T00:12:36.014+0000] {logging_mixin.py:190} INFO - [2025-02-12T00:12:36.014+0000] {dag.py:4180} INFO - Setting next_dagrun for example_branch_labels to 2025-02-11 00:00:00+00:00, run_after=2025-02-12 00:00:00+00:00
[2025-02-12T00:12:36.034+0000] {processor.py:208} INFO - Processing /home/airflow/.local/lib/python3.12/site-packages/airflow/example_dags/example_branch_labels.py took 0.090 seconds
[2025-02-12T00:13:06.093+0000] {processor.py:186} INFO - Started process (PID=4009) to work on /home/airflow/.local/lib/python3.12/site-packages/airflow/example_dags/example_branch_labels.py
[2025-02-12T00:13:06.094+0000] {processor.py:914} INFO - Processing file /home/airflow/.local/lib/python3.12/site-packages/airflow/example_dags/example_branch_labels.py for tasks to queue
[2025-02-12T00:13:06.098+0000] {logging_mixin.py:190} INFO - [2025-02-12T00:13:06.097+0000] {dagbag.py:588} INFO - Filling up the DagBag from /home/airflow/.local/lib/python3.12/site-packages/airflow/example_dags/example_branch_labels.py
[2025-02-12T00:13:06.112+0000] {processor.py:925} INFO - DAG(s) 'example_branch_labels' retrieved from /home/airflow/.local/lib/python3.12/site-packages/airflow/example_dags/example_branch_labels.py
[2025-02-12T00:13:06.144+0000] {logging_mixin.py:190} INFO - [2025-02-12T00:13:06.143+0000] {dag.py:3239} INFO - Sync 1 DAGs
[2025-02-12T00:13:06.197+0000] {logging_mixin.py:190} INFO - [2025-02-12T00:13:06.197+0000] {dag.py:4180} INFO - Setting next_dagrun for example_branch_labels to 2025-02-11 00:00:00+00:00, run_after=2025-02-12 00:00:00+00:00
[2025-02-12T00:13:06.221+0000] {processor.py:208} INFO - Processing /home/airflow/.local/lib/python3.12/site-packages/airflow/example_dags/example_branch_labels.py took 0.135 seconds
[2025-02-12T00:13:36.404+0000] {processor.py:186} INFO - Started process (PID=4074) to work on /home/airflow/.local/lib/python3.12/site-packages/airflow/example_dags/example_branch_labels.py
[2025-02-12T00:13:36.405+0000] {processor.py:914} INFO - Processing file /home/airflow/.local/lib/python3.12/site-packages/airflow/example_dags/example_branch_labels.py for tasks to queue
[2025-02-12T00:13:36.408+0000] {logging_mixin.py:190} INFO - [2025-02-12T00:13:36.408+0000] {dagbag.py:588} INFO - Filling up the DagBag from /home/airflow/.local/lib/python3.12/site-packages/airflow/example_dags/example_branch_labels.py
[2025-02-12T00:13:36.418+0000] {processor.py:925} INFO - DAG(s) 'example_branch_labels' retrieved from /home/airflow/.local/lib/python3.12/site-packages/airflow/example_dags/example_branch_labels.py
[2025-02-12T00:13:36.441+0000] {logging_mixin.py:190} INFO - [2025-02-12T00:13:36.440+0000] {dag.py:3239} INFO - Sync 1 DAGs
[2025-02-12T00:13:36.467+0000] {logging_mixin.py:190} INFO - [2025-02-12T00:13:36.467+0000] {dag.py:4180} INFO - Setting next_dagrun for example_branch_labels to 2025-02-11 00:00:00+00:00, run_after=2025-02-12 00:00:00+00:00
[2025-02-12T00:13:36.491+0000] {processor.py:208} INFO - Processing /home/airflow/.local/lib/python3.12/site-packages/airflow/example_dags/example_branch_labels.py took 0.095 seconds
[2025-02-12T00:14:06.563+0000] {processor.py:186} INFO - Started process (PID=4141) to work on /home/airflow/.local/lib/python3.12/site-packages/airflow/example_dags/example_branch_labels.py
[2025-02-12T00:14:06.564+0000] {processor.py:914} INFO - Processing file /home/airflow/.local/lib/python3.12/site-packages/airflow/example_dags/example_branch_labels.py for tasks to queue
[2025-02-12T00:14:06.567+0000] {logging_mixin.py:190} INFO - [2025-02-12T00:14:06.567+0000] {dagbag.py:588} INFO - Filling up the DagBag from /home/airflow/.local/lib/python3.12/site-packages/airflow/example_dags/example_branch_labels.py
[2025-02-12T00:14:06.579+0000] {processor.py:925} INFO - DAG(s) 'example_branch_labels' retrieved from /home/airflow/.local/lib/python3.12/site-packages/airflow/example_dags/example_branch_labels.py
[2025-02-12T00:14:06.602+0000] {logging_mixin.py:190} INFO - [2025-02-12T00:14:06.602+0000] {dag.py:3239} INFO - Sync 1 DAGs
[2025-02-12T00:14:06.636+0000] {logging_mixin.py:190} INFO - [2025-02-12T00:14:06.636+0000] {dag.py:4180} INFO - Setting next_dagrun for example_branch_labels to 2025-02-11 00:00:00+00:00, run_after=2025-02-12 00:00:00+00:00
[2025-02-12T00:14:06.658+0000] {processor.py:208} INFO - Processing /home/airflow/.local/lib/python3.12/site-packages/airflow/example_dags/example_branch_labels.py took 0.104 seconds
[2025-02-12T00:14:37.310+0000] {processor.py:186} INFO - Started process (PID=4208) to work on /home/airflow/.local/lib/python3.12/site-packages/airflow/example_dags/example_branch_labels.py
[2025-02-12T00:14:37.327+0000] {processor.py:914} INFO - Processing file /home/airflow/.local/lib/python3.12/site-packages/airflow/example_dags/example_branch_labels.py for tasks to queue
[2025-02-12T00:14:37.345+0000] {logging_mixin.py:190} INFO - [2025-02-12T00:14:37.345+0000] {dagbag.py:588} INFO - Filling up the DagBag from /home/airflow/.local/lib/python3.12/site-packages/airflow/example_dags/example_branch_labels.py
[2025-02-12T00:14:37.370+0000] {processor.py:925} INFO - DAG(s) 'example_branch_labels' retrieved from /home/airflow/.local/lib/python3.12/site-packages/airflow/example_dags/example_branch_labels.py
[2025-02-12T00:14:37.472+0000] {logging_mixin.py:190} INFO - [2025-02-12T00:14:37.471+0000] {dag.py:3239} INFO - Sync 1 DAGs
[2025-02-12T00:14:37.565+0000] {logging_mixin.py:190} INFO - [2025-02-12T00:14:37.565+0000] {dag.py:4180} INFO - Setting next_dagrun for example_branch_labels to 2025-02-11 00:00:00+00:00, run_after=2025-02-12 00:00:00+00:00
[2025-02-12T00:14:37.611+0000] {processor.py:208} INFO - Processing /home/airflow/.local/lib/python3.12/site-packages/airflow/example_dags/example_branch_labels.py took 0.315 seconds
[2025-02-12T00:15:07.678+0000] {processor.py:186} INFO - Started process (PID=4274) to work on /home/airflow/.local/lib/python3.12/site-packages/airflow/example_dags/example_branch_labels.py
[2025-02-12T00:15:07.679+0000] {processor.py:914} INFO - Processing file /home/airflow/.local/lib/python3.12/site-packages/airflow/example_dags/example_branch_labels.py for tasks to queue
[2025-02-12T00:15:07.682+0000] {logging_mixin.py:190} INFO - [2025-02-12T00:15:07.682+0000] {dagbag.py:588} INFO - Filling up the DagBag from /home/airflow/.local/lib/python3.12/site-packages/airflow/example_dags/example_branch_labels.py
[2025-02-12T00:15:07.693+0000] {processor.py:925} INFO - DAG(s) 'example_branch_labels' retrieved from /home/airflow/.local/lib/python3.12/site-packages/airflow/example_dags/example_branch_labels.py
[2025-02-12T00:15:07.712+0000] {logging_mixin.py:190} INFO - [2025-02-12T00:15:07.712+0000] {dag.py:3239} INFO - Sync 1 DAGs
[2025-02-12T00:15:07.737+0000] {logging_mixin.py:190} INFO - [2025-02-12T00:15:07.737+0000] {dag.py:4180} INFO - Setting next_dagrun for example_branch_labels to 2025-02-11 00:00:00+00:00, run_after=2025-02-12 00:00:00+00:00
[2025-02-12T00:15:07.760+0000] {processor.py:208} INFO - Processing /home/airflow/.local/lib/python3.12/site-packages/airflow/example_dags/example_branch_labels.py took 0.088 seconds
[2025-02-12T00:15:38.267+0000] {processor.py:186} INFO - Started process (PID=4340) to work on /home/airflow/.local/lib/python3.12/site-packages/airflow/example_dags/example_branch_labels.py
[2025-02-12T00:15:38.268+0000] {processor.py:914} INFO - Processing file /home/airflow/.local/lib/python3.12/site-packages/airflow/example_dags/example_branch_labels.py for tasks to queue
[2025-02-12T00:15:38.271+0000] {logging_mixin.py:190} INFO - [2025-02-12T00:15:38.270+0000] {dagbag.py:588} INFO - Filling up the DagBag from /home/airflow/.local/lib/python3.12/site-packages/airflow/example_dags/example_branch_labels.py
[2025-02-12T00:15:38.281+0000] {processor.py:925} INFO - DAG(s) 'example_branch_labels' retrieved from /home/airflow/.local/lib/python3.12/site-packages/airflow/example_dags/example_branch_labels.py
[2025-02-12T00:15:38.303+0000] {logging_mixin.py:190} INFO - [2025-02-12T00:15:38.302+0000] {dag.py:3239} INFO - Sync 1 DAGs
[2025-02-12T00:15:38.329+0000] {logging_mixin.py:190} INFO - [2025-02-12T00:15:38.328+0000] {dag.py:4180} INFO - Setting next_dagrun for example_branch_labels to 2025-02-11 00:00:00+00:00, run_after=2025-02-12 00:00:00+00:00
[2025-02-12T00:15:38.350+0000] {processor.py:208} INFO - Processing /home/airflow/.local/lib/python3.12/site-packages/airflow/example_dags/example_branch_labels.py took 0.091 seconds
[2025-02-12T00:16:08.697+0000] {processor.py:186} INFO - Started process (PID=4407) to work on /home/airflow/.local/lib/python3.12/site-packages/airflow/example_dags/example_branch_labels.py
[2025-02-12T00:16:08.707+0000] {processor.py:914} INFO - Processing file /home/airflow/.local/lib/python3.12/site-packages/airflow/example_dags/example_branch_labels.py for tasks to queue
[2025-02-12T00:16:08.719+0000] {logging_mixin.py:190} INFO - [2025-02-12T00:16:08.719+0000] {dagbag.py:588} INFO - Filling up the DagBag from /home/airflow/.local/lib/python3.12/site-packages/airflow/example_dags/example_branch_labels.py
[2025-02-12T00:16:08.746+0000] {processor.py:925} INFO - DAG(s) 'example_branch_labels' retrieved from /home/airflow/.local/lib/python3.12/site-packages/airflow/example_dags/example_branch_labels.py
[2025-02-12T00:16:08.795+0000] {logging_mixin.py:190} INFO - [2025-02-12T00:16:08.795+0000] {dag.py:3239} INFO - Sync 1 DAGs
[2025-02-12T00:16:08.867+0000] {logging_mixin.py:190} INFO - [2025-02-12T00:16:08.867+0000] {dag.py:4180} INFO - Setting next_dagrun for example_branch_labels to 2025-02-11 00:00:00+00:00, run_after=2025-02-12 00:00:00+00:00
[2025-02-12T00:16:08.908+0000] {processor.py:208} INFO - Processing /home/airflow/.local/lib/python3.12/site-packages/airflow/example_dags/example_branch_labels.py took 0.220 seconds
[2025-02-12T00:16:38.963+0000] {processor.py:186} INFO - Started process (PID=4472) to work on /home/airflow/.local/lib/python3.12/site-packages/airflow/example_dags/example_branch_labels.py
[2025-02-12T00:16:38.964+0000] {processor.py:914} INFO - Processing file /home/airflow/.local/lib/python3.12/site-packages/airflow/example_dags/example_branch_labels.py for tasks to queue
[2025-02-12T00:16:38.968+0000] {logging_mixin.py:190} INFO - [2025-02-12T00:16:38.968+0000] {dagbag.py:588} INFO - Filling up the DagBag from /home/airflow/.local/lib/python3.12/site-packages/airflow/example_dags/example_branch_labels.py
[2025-02-12T00:16:38.984+0000] {processor.py:925} INFO - DAG(s) 'example_branch_labels' retrieved from /home/airflow/.local/lib/python3.12/site-packages/airflow/example_dags/example_branch_labels.py
[2025-02-12T00:16:39.011+0000] {logging_mixin.py:190} INFO - [2025-02-12T00:16:39.011+0000] {dag.py:3239} INFO - Sync 1 DAGs
[2025-02-12T00:16:39.086+0000] {logging_mixin.py:190} INFO - [2025-02-12T00:16:39.085+0000] {dag.py:4180} INFO - Setting next_dagrun for example_branch_labels to 2025-02-11 00:00:00+00:00, run_after=2025-02-12 00:00:00+00:00
[2025-02-12T00:16:39.128+0000] {processor.py:208} INFO - Processing /home/airflow/.local/lib/python3.12/site-packages/airflow/example_dags/example_branch_labels.py took 0.170 seconds
[2025-02-12T00:17:09.413+0000] {processor.py:186} INFO - Started process (PID=4537) to work on /home/airflow/.local/lib/python3.12/site-packages/airflow/example_dags/example_branch_labels.py
[2025-02-12T00:17:09.415+0000] {processor.py:914} INFO - Processing file /home/airflow/.local/lib/python3.12/site-packages/airflow/example_dags/example_branch_labels.py for tasks to queue
[2025-02-12T00:17:09.426+0000] {logging_mixin.py:190} INFO - [2025-02-12T00:17:09.425+0000] {dagbag.py:588} INFO - Filling up the DagBag from /home/airflow/.local/lib/python3.12/site-packages/airflow/example_dags/example_branch_labels.py
[2025-02-12T00:17:09.442+0000] {processor.py:925} INFO - DAG(s) 'example_branch_labels' retrieved from /home/airflow/.local/lib/python3.12/site-packages/airflow/example_dags/example_branch_labels.py
[2025-02-12T00:17:09.476+0000] {logging_mixin.py:190} INFO - [2025-02-12T00:17:09.476+0000] {dag.py:3239} INFO - Sync 1 DAGs
[2025-02-12T00:17:09.528+0000] {logging_mixin.py:190} INFO - [2025-02-12T00:17:09.528+0000] {dag.py:4180} INFO - Setting next_dagrun for example_branch_labels to 2025-02-11 00:00:00+00:00, run_after=2025-02-12 00:00:00+00:00
[2025-02-12T00:17:09.600+0000] {processor.py:208} INFO - Processing /home/airflow/.local/lib/python3.12/site-packages/airflow/example_dags/example_branch_labels.py took 0.202 seconds
[2025-02-12T00:17:40.394+0000] {processor.py:186} INFO - Started process (PID=4603) to work on /home/airflow/.local/lib/python3.12/site-packages/airflow/example_dags/example_branch_labels.py
[2025-02-12T00:17:40.431+0000] {processor.py:914} INFO - Processing file /home/airflow/.local/lib/python3.12/site-packages/airflow/example_dags/example_branch_labels.py for tasks to queue
[2025-02-12T00:17:40.453+0000] {logging_mixin.py:190} INFO - [2025-02-12T00:17:40.453+0000] {dagbag.py:588} INFO - Filling up the DagBag from /home/airflow/.local/lib/python3.12/site-packages/airflow/example_dags/example_branch_labels.py
[2025-02-12T00:17:40.474+0000] {processor.py:925} INFO - DAG(s) 'example_branch_labels' retrieved from /home/airflow/.local/lib/python3.12/site-packages/airflow/example_dags/example_branch_labels.py
[2025-02-12T00:17:40.507+0000] {logging_mixin.py:190} INFO - [2025-02-12T00:17:40.506+0000] {dag.py:3239} INFO - Sync 1 DAGs
[2025-02-12T00:17:40.535+0000] {logging_mixin.py:190} INFO - [2025-02-12T00:17:40.535+0000] {dag.py:4180} INFO - Setting next_dagrun for example_branch_labels to 2025-02-11 00:00:00+00:00, run_after=2025-02-12 00:00:00+00:00
[2025-02-12T00:17:40.564+0000] {processor.py:208} INFO - Processing /home/airflow/.local/lib/python3.12/site-packages/airflow/example_dags/example_branch_labels.py took 0.179 seconds
[2025-02-12T00:18:10.721+0000] {processor.py:186} INFO - Started process (PID=4669) to work on /home/airflow/.local/lib/python3.12/site-packages/airflow/example_dags/example_branch_labels.py
[2025-02-12T00:18:10.722+0000] {processor.py:914} INFO - Processing file /home/airflow/.local/lib/python3.12/site-packages/airflow/example_dags/example_branch_labels.py for tasks to queue
[2025-02-12T00:18:10.725+0000] {logging_mixin.py:190} INFO - [2025-02-12T00:18:10.725+0000] {dagbag.py:588} INFO - Filling up the DagBag from /home/airflow/.local/lib/python3.12/site-packages/airflow/example_dags/example_branch_labels.py
[2025-02-12T00:18:10.739+0000] {processor.py:925} INFO - DAG(s) 'example_branch_labels' retrieved from /home/airflow/.local/lib/python3.12/site-packages/airflow/example_dags/example_branch_labels.py
[2025-02-12T00:18:10.765+0000] {logging_mixin.py:190} INFO - [2025-02-12T00:18:10.765+0000] {dag.py:3239} INFO - Sync 1 DAGs
[2025-02-12T00:18:10.804+0000] {logging_mixin.py:190} INFO - [2025-02-12T00:18:10.804+0000] {dag.py:4180} INFO - Setting next_dagrun for example_branch_labels to 2025-02-11 00:00:00+00:00, run_after=2025-02-12 00:00:00+00:00
[2025-02-12T00:18:10.829+0000] {processor.py:208} INFO - Processing /home/airflow/.local/lib/python3.12/site-packages/airflow/example_dags/example_branch_labels.py took 0.117 seconds
[2025-02-12T00:18:41.250+0000] {processor.py:186} INFO - Started process (PID=4734) to work on /home/airflow/.local/lib/python3.12/site-packages/airflow/example_dags/example_branch_labels.py
[2025-02-12T00:18:41.251+0000] {processor.py:914} INFO - Processing file /home/airflow/.local/lib/python3.12/site-packages/airflow/example_dags/example_branch_labels.py for tasks to queue
[2025-02-12T00:18:41.255+0000] {logging_mixin.py:190} INFO - [2025-02-12T00:18:41.254+0000] {dagbag.py:588} INFO - Filling up the DagBag from /home/airflow/.local/lib/python3.12/site-packages/airflow/example_dags/example_branch_labels.py
[2025-02-12T00:18:41.267+0000] {processor.py:925} INFO - DAG(s) 'example_branch_labels' retrieved from /home/airflow/.local/lib/python3.12/site-packages/airflow/example_dags/example_branch_labels.py
[2025-02-12T00:18:41.294+0000] {logging_mixin.py:190} INFO - [2025-02-12T00:18:41.293+0000] {dag.py:3239} INFO - Sync 1 DAGs
[2025-02-12T00:18:41.328+0000] {logging_mixin.py:190} INFO - [2025-02-12T00:18:41.328+0000] {dag.py:4180} INFO - Setting next_dagrun for example_branch_labels to 2025-02-11 00:00:00+00:00, run_after=2025-02-12 00:00:00+00:00
[2025-02-12T00:18:41.348+0000] {processor.py:208} INFO - Processing /home/airflow/.local/lib/python3.12/site-packages/airflow/example_dags/example_branch_labels.py took 0.107 seconds
[2025-02-12T00:19:12.245+0000] {processor.py:186} INFO - Started process (PID=4800) to work on /home/airflow/.local/lib/python3.12/site-packages/airflow/example_dags/example_branch_labels.py
[2025-02-12T00:19:12.246+0000] {processor.py:914} INFO - Processing file /home/airflow/.local/lib/python3.12/site-packages/airflow/example_dags/example_branch_labels.py for tasks to queue
[2025-02-12T00:19:12.249+0000] {logging_mixin.py:190} INFO - [2025-02-12T00:19:12.249+0000] {dagbag.py:588} INFO - Filling up the DagBag from /home/airflow/.local/lib/python3.12/site-packages/airflow/example_dags/example_branch_labels.py
[2025-02-12T00:19:12.260+0000] {processor.py:925} INFO - DAG(s) 'example_branch_labels' retrieved from /home/airflow/.local/lib/python3.12/site-packages/airflow/example_dags/example_branch_labels.py
[2025-02-12T00:19:12.286+0000] {logging_mixin.py:190} INFO - [2025-02-12T00:19:12.286+0000] {dag.py:3239} INFO - Sync 1 DAGs
[2025-02-12T00:19:12.328+0000] {logging_mixin.py:190} INFO - [2025-02-12T00:19:12.328+0000] {dag.py:4180} INFO - Setting next_dagrun for example_branch_labels to 2025-02-11 00:00:00+00:00, run_after=2025-02-12 00:00:00+00:00
[2025-02-12T00:19:12.360+0000] {processor.py:208} INFO - Processing /home/airflow/.local/lib/python3.12/site-packages/airflow/example_dags/example_branch_labels.py took 0.123 seconds
[2025-02-12T00:19:42.540+0000] {processor.py:186} INFO - Started process (PID=4866) to work on /home/airflow/.local/lib/python3.12/site-packages/airflow/example_dags/example_branch_labels.py
[2025-02-12T00:19:42.542+0000] {processor.py:914} INFO - Processing file /home/airflow/.local/lib/python3.12/site-packages/airflow/example_dags/example_branch_labels.py for tasks to queue
[2025-02-12T00:19:42.546+0000] {logging_mixin.py:190} INFO - [2025-02-12T00:19:42.545+0000] {dagbag.py:588} INFO - Filling up the DagBag from /home/airflow/.local/lib/python3.12/site-packages/airflow/example_dags/example_branch_labels.py
[2025-02-12T00:19:42.561+0000] {processor.py:925} INFO - DAG(s) 'example_branch_labels' retrieved from /home/airflow/.local/lib/python3.12/site-packages/airflow/example_dags/example_branch_labels.py
[2025-02-12T00:19:42.586+0000] {logging_mixin.py:190} INFO - [2025-02-12T00:19:42.586+0000] {dag.py:3239} INFO - Sync 1 DAGs
[2025-02-12T00:19:42.613+0000] {logging_mixin.py:190} INFO - [2025-02-12T00:19:42.612+0000] {dag.py:4180} INFO - Setting next_dagrun for example_branch_labels to 2025-02-11 00:00:00+00:00, run_after=2025-02-12 00:00:00+00:00
[2025-02-12T00:19:42.637+0000] {processor.py:208} INFO - Processing /home/airflow/.local/lib/python3.12/site-packages/airflow/example_dags/example_branch_labels.py took 0.104 seconds
[2025-02-12T00:20:12.926+0000] {processor.py:186} INFO - Started process (PID=4932) to work on /home/airflow/.local/lib/python3.12/site-packages/airflow/example_dags/example_branch_labels.py
[2025-02-12T00:20:12.927+0000] {processor.py:914} INFO - Processing file /home/airflow/.local/lib/python3.12/site-packages/airflow/example_dags/example_branch_labels.py for tasks to queue
[2025-02-12T00:20:12.930+0000] {logging_mixin.py:190} INFO - [2025-02-12T00:20:12.929+0000] {dagbag.py:588} INFO - Filling up the DagBag from /home/airflow/.local/lib/python3.12/site-packages/airflow/example_dags/example_branch_labels.py
[2025-02-12T00:20:12.945+0000] {processor.py:925} INFO - DAG(s) 'example_branch_labels' retrieved from /home/airflow/.local/lib/python3.12/site-packages/airflow/example_dags/example_branch_labels.py
[2025-02-12T00:20:12.971+0000] {logging_mixin.py:190} INFO - [2025-02-12T00:20:12.971+0000] {dag.py:3239} INFO - Sync 1 DAGs
[2025-02-12T00:20:13.000+0000] {logging_mixin.py:190} INFO - [2025-02-12T00:20:13.000+0000] {dag.py:4180} INFO - Setting next_dagrun for example_branch_labels to 2025-02-11 00:00:00+00:00, run_after=2025-02-12 00:00:00+00:00
[2025-02-12T00:20:13.027+0000] {processor.py:208} INFO - Processing /home/airflow/.local/lib/python3.12/site-packages/airflow/example_dags/example_branch_labels.py took 0.109 seconds
[2025-02-12T00:20:43.742+0000] {processor.py:186} INFO - Started process (PID=4998) to work on /home/airflow/.local/lib/python3.12/site-packages/airflow/example_dags/example_branch_labels.py
[2025-02-12T00:20:43.743+0000] {processor.py:914} INFO - Processing file /home/airflow/.local/lib/python3.12/site-packages/airflow/example_dags/example_branch_labels.py for tasks to queue
[2025-02-12T00:20:43.746+0000] {logging_mixin.py:190} INFO - [2025-02-12T00:20:43.746+0000] {dagbag.py:588} INFO - Filling up the DagBag from /home/airflow/.local/lib/python3.12/site-packages/airflow/example_dags/example_branch_labels.py
[2025-02-12T00:20:43.760+0000] {processor.py:925} INFO - DAG(s) 'example_branch_labels' retrieved from /home/airflow/.local/lib/python3.12/site-packages/airflow/example_dags/example_branch_labels.py
[2025-02-12T00:20:43.796+0000] {logging_mixin.py:190} INFO - [2025-02-12T00:20:43.796+0000] {dag.py:3239} INFO - Sync 1 DAGs
[2025-02-12T00:20:43.842+0000] {logging_mixin.py:190} INFO - [2025-02-12T00:20:43.842+0000] {dag.py:4180} INFO - Setting next_dagrun for example_branch_labels to 2025-02-11 00:00:00+00:00, run_after=2025-02-12 00:00:00+00:00
[2025-02-12T00:20:43.886+0000] {processor.py:208} INFO - Processing /home/airflow/.local/lib/python3.12/site-packages/airflow/example_dags/example_branch_labels.py took 0.153 seconds
[2025-02-12T00:21:13.959+0000] {processor.py:186} INFO - Started process (PID=5063) to work on /home/airflow/.local/lib/python3.12/site-packages/airflow/example_dags/example_branch_labels.py
[2025-02-12T00:21:13.960+0000] {processor.py:914} INFO - Processing file /home/airflow/.local/lib/python3.12/site-packages/airflow/example_dags/example_branch_labels.py for tasks to queue
[2025-02-12T00:21:13.965+0000] {logging_mixin.py:190} INFO - [2025-02-12T00:21:13.964+0000] {dagbag.py:588} INFO - Filling up the DagBag from /home/airflow/.local/lib/python3.12/site-packages/airflow/example_dags/example_branch_labels.py
[2025-02-12T00:21:13.977+0000] {processor.py:925} INFO - DAG(s) 'example_branch_labels' retrieved from /home/airflow/.local/lib/python3.12/site-packages/airflow/example_dags/example_branch_labels.py
[2025-02-12T00:21:14.002+0000] {logging_mixin.py:190} INFO - [2025-02-12T00:21:14.002+0000] {dag.py:3239} INFO - Sync 1 DAGs
[2025-02-12T00:21:14.035+0000] {logging_mixin.py:190} INFO - [2025-02-12T00:21:14.035+0000] {dag.py:4180} INFO - Setting next_dagrun for example_branch_labels to 2025-02-11 00:00:00+00:00, run_after=2025-02-12 00:00:00+00:00
[2025-02-12T00:21:14.057+0000] {processor.py:208} INFO - Processing /home/airflow/.local/lib/python3.12/site-packages/airflow/example_dags/example_branch_labels.py took 0.107 seconds
[2025-02-12T00:21:44.166+0000] {processor.py:186} INFO - Started process (PID=5129) to work on /home/airflow/.local/lib/python3.12/site-packages/airflow/example_dags/example_branch_labels.py
[2025-02-12T00:21:44.167+0000] {processor.py:914} INFO - Processing file /home/airflow/.local/lib/python3.12/site-packages/airflow/example_dags/example_branch_labels.py for tasks to queue
[2025-02-12T00:21:44.169+0000] {logging_mixin.py:190} INFO - [2025-02-12T00:21:44.169+0000] {dagbag.py:588} INFO - Filling up the DagBag from /home/airflow/.local/lib/python3.12/site-packages/airflow/example_dags/example_branch_labels.py
[2025-02-12T00:21:44.180+0000] {processor.py:925} INFO - DAG(s) 'example_branch_labels' retrieved from /home/airflow/.local/lib/python3.12/site-packages/airflow/example_dags/example_branch_labels.py
[2025-02-12T00:21:44.199+0000] {logging_mixin.py:190} INFO - [2025-02-12T00:21:44.198+0000] {dag.py:3239} INFO - Sync 1 DAGs
[2025-02-12T00:21:44.221+0000] {logging_mixin.py:190} INFO - [2025-02-12T00:21:44.221+0000] {dag.py:4180} INFO - Setting next_dagrun for example_branch_labels to 2025-02-11 00:00:00+00:00, run_after=2025-02-12 00:00:00+00:00
[2025-02-12T00:21:44.237+0000] {processor.py:208} INFO - Processing /home/airflow/.local/lib/python3.12/site-packages/airflow/example_dags/example_branch_labels.py took 0.077 seconds
[2025-02-12T00:22:14.296+0000] {processor.py:186} INFO - Started process (PID=5195) to work on /home/airflow/.local/lib/python3.12/site-packages/airflow/example_dags/example_branch_labels.py
[2025-02-12T00:22:14.297+0000] {processor.py:914} INFO - Processing file /home/airflow/.local/lib/python3.12/site-packages/airflow/example_dags/example_branch_labels.py for tasks to queue
[2025-02-12T00:22:14.300+0000] {logging_mixin.py:190} INFO - [2025-02-12T00:22:14.300+0000] {dagbag.py:588} INFO - Filling up the DagBag from /home/airflow/.local/lib/python3.12/site-packages/airflow/example_dags/example_branch_labels.py
[2025-02-12T00:22:14.313+0000] {processor.py:925} INFO - DAG(s) 'example_branch_labels' retrieved from /home/airflow/.local/lib/python3.12/site-packages/airflow/example_dags/example_branch_labels.py
[2025-02-12T00:22:14.338+0000] {logging_mixin.py:190} INFO - [2025-02-12T00:22:14.338+0000] {dag.py:3239} INFO - Sync 1 DAGs
[2025-02-12T00:22:14.371+0000] {logging_mixin.py:190} INFO - [2025-02-12T00:22:14.371+0000] {dag.py:4180} INFO - Setting next_dagrun for example_branch_labels to 2025-02-11 00:00:00+00:00, run_after=2025-02-12 00:00:00+00:00
[2025-02-12T00:22:14.393+0000] {processor.py:208} INFO - Processing /home/airflow/.local/lib/python3.12/site-packages/airflow/example_dags/example_branch_labels.py took 0.102 seconds
[2025-02-12T00:22:44.533+0000] {processor.py:186} INFO - Started process (PID=5261) to work on /home/airflow/.local/lib/python3.12/site-packages/airflow/example_dags/example_branch_labels.py
[2025-02-12T00:22:44.534+0000] {processor.py:914} INFO - Processing file /home/airflow/.local/lib/python3.12/site-packages/airflow/example_dags/example_branch_labels.py for tasks to queue
[2025-02-12T00:22:44.536+0000] {logging_mixin.py:190} INFO - [2025-02-12T00:22:44.536+0000] {dagbag.py:588} INFO - Filling up the DagBag from /home/airflow/.local/lib/python3.12/site-packages/airflow/example_dags/example_branch_labels.py
[2025-02-12T00:22:44.560+0000] {processor.py:925} INFO - DAG(s) 'example_branch_labels' retrieved from /home/airflow/.local/lib/python3.12/site-packages/airflow/example_dags/example_branch_labels.py
[2025-02-12T00:22:44.594+0000] {logging_mixin.py:190} INFO - [2025-02-12T00:22:44.594+0000] {dag.py:3239} INFO - Sync 1 DAGs
[2025-02-12T00:22:44.621+0000] {logging_mixin.py:190} INFO - [2025-02-12T00:22:44.621+0000] {dag.py:4180} INFO - Setting next_dagrun for example_branch_labels to 2025-02-11 00:00:00+00:00, run_after=2025-02-12 00:00:00+00:00
[2025-02-12T00:22:44.641+0000] {processor.py:208} INFO - Processing /home/airflow/.local/lib/python3.12/site-packages/airflow/example_dags/example_branch_labels.py took 0.116 seconds
[2025-02-12T00:23:14.834+0000] {processor.py:186} INFO - Started process (PID=5327) to work on /home/airflow/.local/lib/python3.12/site-packages/airflow/example_dags/example_branch_labels.py
[2025-02-12T00:23:14.835+0000] {processor.py:914} INFO - Processing file /home/airflow/.local/lib/python3.12/site-packages/airflow/example_dags/example_branch_labels.py for tasks to queue
[2025-02-12T00:23:14.838+0000] {logging_mixin.py:190} INFO - [2025-02-12T00:23:14.838+0000] {dagbag.py:588} INFO - Filling up the DagBag from /home/airflow/.local/lib/python3.12/site-packages/airflow/example_dags/example_branch_labels.py
[2025-02-12T00:23:14.853+0000] {processor.py:925} INFO - DAG(s) 'example_branch_labels' retrieved from /home/airflow/.local/lib/python3.12/site-packages/airflow/example_dags/example_branch_labels.py
[2025-02-12T00:23:14.890+0000] {logging_mixin.py:190} INFO - [2025-02-12T00:23:14.890+0000] {dag.py:3239} INFO - Sync 1 DAGs
[2025-02-12T00:23:14.929+0000] {logging_mixin.py:190} INFO - [2025-02-12T00:23:14.927+0000] {dag.py:4180} INFO - Setting next_dagrun for example_branch_labels to 2025-02-11 00:00:00+00:00, run_after=2025-02-12 00:00:00+00:00
[2025-02-12T00:23:14.959+0000] {processor.py:208} INFO - Processing /home/airflow/.local/lib/python3.12/site-packages/airflow/example_dags/example_branch_labels.py took 0.134 seconds
[2025-02-12T00:23:45.242+0000] {processor.py:186} INFO - Started process (PID=5392) to work on /home/airflow/.local/lib/python3.12/site-packages/airflow/example_dags/example_branch_labels.py
[2025-02-12T00:23:45.244+0000] {processor.py:914} INFO - Processing file /home/airflow/.local/lib/python3.12/site-packages/airflow/example_dags/example_branch_labels.py for tasks to queue
[2025-02-12T00:23:45.248+0000] {logging_mixin.py:190} INFO - [2025-02-12T00:23:45.247+0000] {dagbag.py:588} INFO - Filling up the DagBag from /home/airflow/.local/lib/python3.12/site-packages/airflow/example_dags/example_branch_labels.py
[2025-02-12T00:23:45.260+0000] {processor.py:925} INFO - DAG(s) 'example_branch_labels' retrieved from /home/airflow/.local/lib/python3.12/site-packages/airflow/example_dags/example_branch_labels.py
[2025-02-12T00:23:45.297+0000] {logging_mixin.py:190} INFO - [2025-02-12T00:23:45.297+0000] {dag.py:3239} INFO - Sync 1 DAGs
[2025-02-12T00:23:45.325+0000] {logging_mixin.py:190} INFO - [2025-02-12T00:23:45.325+0000] {dag.py:4180} INFO - Setting next_dagrun for example_branch_labels to 2025-02-11 00:00:00+00:00, run_after=2025-02-12 00:00:00+00:00
[2025-02-12T00:23:45.350+0000] {processor.py:208} INFO - Processing /home/airflow/.local/lib/python3.12/site-packages/airflow/example_dags/example_branch_labels.py took 0.114 seconds
[2025-02-12T00:24:16.063+0000] {processor.py:186} INFO - Started process (PID=5455) to work on /home/airflow/.local/lib/python3.12/site-packages/airflow/example_dags/example_branch_labels.py
[2025-02-12T00:24:16.064+0000] {processor.py:914} INFO - Processing file /home/airflow/.local/lib/python3.12/site-packages/airflow/example_dags/example_branch_labels.py for tasks to queue
[2025-02-12T00:24:16.067+0000] {logging_mixin.py:190} INFO - [2025-02-12T00:24:16.066+0000] {dagbag.py:588} INFO - Filling up the DagBag from /home/airflow/.local/lib/python3.12/site-packages/airflow/example_dags/example_branch_labels.py
[2025-02-12T00:24:16.079+0000] {processor.py:925} INFO - DAG(s) 'example_branch_labels' retrieved from /home/airflow/.local/lib/python3.12/site-packages/airflow/example_dags/example_branch_labels.py
[2025-02-12T00:24:16.108+0000] {logging_mixin.py:190} INFO - [2025-02-12T00:24:16.108+0000] {dag.py:3239} INFO - Sync 1 DAGs
[2025-02-12T00:24:16.145+0000] {logging_mixin.py:190} INFO - [2025-02-12T00:24:16.144+0000] {dag.py:4180} INFO - Setting next_dagrun for example_branch_labels to 2025-02-11 00:00:00+00:00, run_after=2025-02-12 00:00:00+00:00
[2025-02-12T00:24:16.181+0000] {processor.py:208} INFO - Processing /home/airflow/.local/lib/python3.12/site-packages/airflow/example_dags/example_branch_labels.py took 0.128 seconds
[2025-02-12T00:24:46.280+0000] {processor.py:186} INFO - Started process (PID=5520) to work on /home/airflow/.local/lib/python3.12/site-packages/airflow/example_dags/example_branch_labels.py
[2025-02-12T00:24:46.281+0000] {processor.py:914} INFO - Processing file /home/airflow/.local/lib/python3.12/site-packages/airflow/example_dags/example_branch_labels.py for tasks to queue
[2025-02-12T00:24:46.284+0000] {logging_mixin.py:190} INFO - [2025-02-12T00:24:46.284+0000] {dagbag.py:588} INFO - Filling up the DagBag from /home/airflow/.local/lib/python3.12/site-packages/airflow/example_dags/example_branch_labels.py
[2025-02-12T00:24:46.296+0000] {processor.py:925} INFO - DAG(s) 'example_branch_labels' retrieved from /home/airflow/.local/lib/python3.12/site-packages/airflow/example_dags/example_branch_labels.py
[2025-02-12T00:24:46.329+0000] {logging_mixin.py:190} INFO - [2025-02-12T00:24:46.329+0000] {dag.py:3239} INFO - Sync 1 DAGs
[2025-02-12T00:24:46.372+0000] {logging_mixin.py:190} INFO - [2025-02-12T00:24:46.372+0000] {dag.py:4180} INFO - Setting next_dagrun for example_branch_labels to 2025-02-11 00:00:00+00:00, run_after=2025-02-12 00:00:00+00:00
[2025-02-12T00:24:46.398+0000] {processor.py:208} INFO - Processing /home/airflow/.local/lib/python3.12/site-packages/airflow/example_dags/example_branch_labels.py took 0.128 seconds
[2025-02-12T00:25:16.804+0000] {processor.py:186} INFO - Started process (PID=5585) to work on /home/airflow/.local/lib/python3.12/site-packages/airflow/example_dags/example_branch_labels.py
[2025-02-12T00:25:16.807+0000] {processor.py:914} INFO - Processing file /home/airflow/.local/lib/python3.12/site-packages/airflow/example_dags/example_branch_labels.py for tasks to queue
[2025-02-12T00:25:16.811+0000] {logging_mixin.py:190} INFO - [2025-02-12T00:25:16.811+0000] {dagbag.py:588} INFO - Filling up the DagBag from /home/airflow/.local/lib/python3.12/site-packages/airflow/example_dags/example_branch_labels.py
[2025-02-12T00:25:16.822+0000] {processor.py:925} INFO - DAG(s) 'example_branch_labels' retrieved from /home/airflow/.local/lib/python3.12/site-packages/airflow/example_dags/example_branch_labels.py
[2025-02-12T00:25:16.842+0000] {logging_mixin.py:190} INFO - [2025-02-12T00:25:16.842+0000] {dag.py:3239} INFO - Sync 1 DAGs
[2025-02-12T00:25:16.869+0000] {logging_mixin.py:190} INFO - [2025-02-12T00:25:16.868+0000] {dag.py:4180} INFO - Setting next_dagrun for example_branch_labels to 2025-02-11 00:00:00+00:00, run_after=2025-02-12 00:00:00+00:00
[2025-02-12T00:25:16.887+0000] {processor.py:208} INFO - Processing /home/airflow/.local/lib/python3.12/site-packages/airflow/example_dags/example_branch_labels.py took 0.091 seconds
[2025-02-12T00:25:47.304+0000] {processor.py:186} INFO - Started process (PID=5651) to work on /home/airflow/.local/lib/python3.12/site-packages/airflow/example_dags/example_branch_labels.py
[2025-02-12T00:25:47.305+0000] {processor.py:914} INFO - Processing file /home/airflow/.local/lib/python3.12/site-packages/airflow/example_dags/example_branch_labels.py for tasks to queue
[2025-02-12T00:25:47.308+0000] {logging_mixin.py:190} INFO - [2025-02-12T00:25:47.307+0000] {dagbag.py:588} INFO - Filling up the DagBag from /home/airflow/.local/lib/python3.12/site-packages/airflow/example_dags/example_branch_labels.py
[2025-02-12T00:25:47.318+0000] {processor.py:925} INFO - DAG(s) 'example_branch_labels' retrieved from /home/airflow/.local/lib/python3.12/site-packages/airflow/example_dags/example_branch_labels.py
[2025-02-12T00:25:47.352+0000] {logging_mixin.py:190} INFO - [2025-02-12T00:25:47.352+0000] {dag.py:3239} INFO - Sync 1 DAGs
[2025-02-12T00:25:47.392+0000] {logging_mixin.py:190} INFO - [2025-02-12T00:25:47.391+0000] {dag.py:4180} INFO - Setting next_dagrun for example_branch_labels to 2025-02-11 00:00:00+00:00, run_after=2025-02-12 00:00:00+00:00
[2025-02-12T00:25:47.432+0000] {processor.py:208} INFO - Processing /home/airflow/.local/lib/python3.12/site-packages/airflow/example_dags/example_branch_labels.py took 0.135 seconds
[2025-02-12T00:26:18.018+0000] {processor.py:186} INFO - Started process (PID=5717) to work on /home/airflow/.local/lib/python3.12/site-packages/airflow/example_dags/example_branch_labels.py
[2025-02-12T00:26:18.020+0000] {processor.py:914} INFO - Processing file /home/airflow/.local/lib/python3.12/site-packages/airflow/example_dags/example_branch_labels.py for tasks to queue
[2025-02-12T00:26:18.024+0000] {logging_mixin.py:190} INFO - [2025-02-12T00:26:18.023+0000] {dagbag.py:588} INFO - Filling up the DagBag from /home/airflow/.local/lib/python3.12/site-packages/airflow/example_dags/example_branch_labels.py
[2025-02-12T00:26:18.050+0000] {processor.py:925} INFO - DAG(s) 'example_branch_labels' retrieved from /home/airflow/.local/lib/python3.12/site-packages/airflow/example_dags/example_branch_labels.py
[2025-02-12T00:26:18.083+0000] {logging_mixin.py:190} INFO - [2025-02-12T00:26:18.082+0000] {dag.py:3239} INFO - Sync 1 DAGs
[2025-02-12T00:26:18.139+0000] {logging_mixin.py:190} INFO - [2025-02-12T00:26:18.138+0000] {dag.py:4180} INFO - Setting next_dagrun for example_branch_labels to 2025-02-11 00:00:00+00:00, run_after=2025-02-12 00:00:00+00:00
[2025-02-12T00:26:18.189+0000] {processor.py:208} INFO - Processing /home/airflow/.local/lib/python3.12/site-packages/airflow/example_dags/example_branch_labels.py took 0.180 seconds
[2025-02-12T00:26:48.783+0000] {processor.py:186} INFO - Started process (PID=5783) to work on /home/airflow/.local/lib/python3.12/site-packages/airflow/example_dags/example_branch_labels.py
[2025-02-12T00:26:48.784+0000] {processor.py:914} INFO - Processing file /home/airflow/.local/lib/python3.12/site-packages/airflow/example_dags/example_branch_labels.py for tasks to queue
[2025-02-12T00:26:48.788+0000] {logging_mixin.py:190} INFO - [2025-02-12T00:26:48.787+0000] {dagbag.py:588} INFO - Filling up the DagBag from /home/airflow/.local/lib/python3.12/site-packages/airflow/example_dags/example_branch_labels.py
[2025-02-12T00:26:48.802+0000] {processor.py:925} INFO - DAG(s) 'example_branch_labels' retrieved from /home/airflow/.local/lib/python3.12/site-packages/airflow/example_dags/example_branch_labels.py
[2025-02-12T00:26:48.833+0000] {logging_mixin.py:190} INFO - [2025-02-12T00:26:48.833+0000] {dag.py:3239} INFO - Sync 1 DAGs
[2025-02-12T00:26:48.860+0000] {logging_mixin.py:190} INFO - [2025-02-12T00:26:48.859+0000] {dag.py:4180} INFO - Setting next_dagrun for example_branch_labels to 2025-02-11 00:00:00+00:00, run_after=2025-02-12 00:00:00+00:00
[2025-02-12T00:26:48.879+0000] {processor.py:208} INFO - Processing /home/airflow/.local/lib/python3.12/site-packages/airflow/example_dags/example_branch_labels.py took 0.105 seconds
[2025-02-12T00:27:19.311+0000] {processor.py:186} INFO - Started process (PID=5849) to work on /home/airflow/.local/lib/python3.12/site-packages/airflow/example_dags/example_branch_labels.py
[2025-02-12T00:27:19.312+0000] {processor.py:914} INFO - Processing file /home/airflow/.local/lib/python3.12/site-packages/airflow/example_dags/example_branch_labels.py for tasks to queue
[2025-02-12T00:27:19.315+0000] {logging_mixin.py:190} INFO - [2025-02-12T00:27:19.314+0000] {dagbag.py:588} INFO - Filling up the DagBag from /home/airflow/.local/lib/python3.12/site-packages/airflow/example_dags/example_branch_labels.py
[2025-02-12T00:27:19.327+0000] {processor.py:925} INFO - DAG(s) 'example_branch_labels' retrieved from /home/airflow/.local/lib/python3.12/site-packages/airflow/example_dags/example_branch_labels.py
[2025-02-12T00:27:19.347+0000] {logging_mixin.py:190} INFO - [2025-02-12T00:27:19.347+0000] {dag.py:3239} INFO - Sync 1 DAGs
[2025-02-12T00:27:19.372+0000] {logging_mixin.py:190} INFO - [2025-02-12T00:27:19.371+0000] {dag.py:4180} INFO - Setting next_dagrun for example_branch_labels to 2025-02-11 00:00:00+00:00, run_after=2025-02-12 00:00:00+00:00
[2025-02-12T00:27:19.395+0000] {processor.py:208} INFO - Processing /home/airflow/.local/lib/python3.12/site-packages/airflow/example_dags/example_branch_labels.py took 0.092 seconds
[2025-02-12T00:27:49.815+0000] {processor.py:186} INFO - Started process (PID=5916) to work on /home/airflow/.local/lib/python3.12/site-packages/airflow/example_dags/example_branch_labels.py
[2025-02-12T00:27:49.816+0000] {processor.py:914} INFO - Processing file /home/airflow/.local/lib/python3.12/site-packages/airflow/example_dags/example_branch_labels.py for tasks to queue
[2025-02-12T00:27:49.818+0000] {logging_mixin.py:190} INFO - [2025-02-12T00:27:49.818+0000] {dagbag.py:588} INFO - Filling up the DagBag from /home/airflow/.local/lib/python3.12/site-packages/airflow/example_dags/example_branch_labels.py
[2025-02-12T00:27:49.829+0000] {processor.py:925} INFO - DAG(s) 'example_branch_labels' retrieved from /home/airflow/.local/lib/python3.12/site-packages/airflow/example_dags/example_branch_labels.py
[2025-02-12T00:27:49.849+0000] {logging_mixin.py:190} INFO - [2025-02-12T00:27:49.849+0000] {dag.py:3239} INFO - Sync 1 DAGs
[2025-02-12T00:27:49.873+0000] {logging_mixin.py:190} INFO - [2025-02-12T00:27:49.873+0000] {dag.py:4180} INFO - Setting next_dagrun for example_branch_labels to 2025-02-11 00:00:00+00:00, run_after=2025-02-12 00:00:00+00:00
[2025-02-12T00:27:49.890+0000] {processor.py:208} INFO - Processing /home/airflow/.local/lib/python3.12/site-packages/airflow/example_dags/example_branch_labels.py took 0.082 seconds
[2025-02-12T00:28:20.085+0000] {processor.py:186} INFO - Started process (PID=5982) to work on /home/airflow/.local/lib/python3.12/site-packages/airflow/example_dags/example_branch_labels.py
[2025-02-12T00:28:20.087+0000] {processor.py:914} INFO - Processing file /home/airflow/.local/lib/python3.12/site-packages/airflow/example_dags/example_branch_labels.py for tasks to queue
[2025-02-12T00:28:20.089+0000] {logging_mixin.py:190} INFO - [2025-02-12T00:28:20.089+0000] {dagbag.py:588} INFO - Filling up the DagBag from /home/airflow/.local/lib/python3.12/site-packages/airflow/example_dags/example_branch_labels.py
[2025-02-12T00:28:20.102+0000] {processor.py:925} INFO - DAG(s) 'example_branch_labels' retrieved from /home/airflow/.local/lib/python3.12/site-packages/airflow/example_dags/example_branch_labels.py
[2025-02-12T00:28:20.121+0000] {logging_mixin.py:190} INFO - [2025-02-12T00:28:20.121+0000] {dag.py:3239} INFO - Sync 1 DAGs
[2025-02-12T00:28:20.147+0000] {logging_mixin.py:190} INFO - [2025-02-12T00:28:20.147+0000] {dag.py:4180} INFO - Setting next_dagrun for example_branch_labels to 2025-02-11 00:00:00+00:00, run_after=2025-02-12 00:00:00+00:00
[2025-02-12T00:28:20.167+0000] {processor.py:208} INFO - Processing /home/airflow/.local/lib/python3.12/site-packages/airflow/example_dags/example_branch_labels.py took 0.090 seconds
[2025-02-12T00:28:50.826+0000] {processor.py:186} INFO - Started process (PID=6048) to work on /home/airflow/.local/lib/python3.12/site-packages/airflow/example_dags/example_branch_labels.py
[2025-02-12T00:28:50.828+0000] {processor.py:914} INFO - Processing file /home/airflow/.local/lib/python3.12/site-packages/airflow/example_dags/example_branch_labels.py for tasks to queue
[2025-02-12T00:28:50.832+0000] {logging_mixin.py:190} INFO - [2025-02-12T00:28:50.831+0000] {dagbag.py:588} INFO - Filling up the DagBag from /home/airflow/.local/lib/python3.12/site-packages/airflow/example_dags/example_branch_labels.py
[2025-02-12T00:28:50.849+0000] {processor.py:925} INFO - DAG(s) 'example_branch_labels' retrieved from /home/airflow/.local/lib/python3.12/site-packages/airflow/example_dags/example_branch_labels.py
[2025-02-12T00:28:50.871+0000] {logging_mixin.py:190} INFO - [2025-02-12T00:28:50.871+0000] {dag.py:3239} INFO - Sync 1 DAGs
[2025-02-12T00:28:50.901+0000] {logging_mixin.py:190} INFO - [2025-02-12T00:28:50.901+0000] {dag.py:4180} INFO - Setting next_dagrun for example_branch_labels to 2025-02-11 00:00:00+00:00, run_after=2025-02-12 00:00:00+00:00
[2025-02-12T00:28:50.922+0000] {processor.py:208} INFO - Processing /home/airflow/.local/lib/python3.12/site-packages/airflow/example_dags/example_branch_labels.py took 0.105 seconds
[2025-02-12T00:29:21.877+0000] {processor.py:186} INFO - Started process (PID=6115) to work on /home/airflow/.local/lib/python3.12/site-packages/airflow/example_dags/example_branch_labels.py
[2025-02-12T00:29:21.879+0000] {processor.py:914} INFO - Processing file /home/airflow/.local/lib/python3.12/site-packages/airflow/example_dags/example_branch_labels.py for tasks to queue
[2025-02-12T00:29:21.883+0000] {logging_mixin.py:190} INFO - [2025-02-12T00:29:21.882+0000] {dagbag.py:588} INFO - Filling up the DagBag from /home/airflow/.local/lib/python3.12/site-packages/airflow/example_dags/example_branch_labels.py
[2025-02-12T00:29:21.896+0000] {processor.py:925} INFO - DAG(s) 'example_branch_labels' retrieved from /home/airflow/.local/lib/python3.12/site-packages/airflow/example_dags/example_branch_labels.py
[2025-02-12T00:29:21.919+0000] {logging_mixin.py:190} INFO - [2025-02-12T00:29:21.919+0000] {dag.py:3239} INFO - Sync 1 DAGs
[2025-02-12T00:29:21.943+0000] {logging_mixin.py:190} INFO - [2025-02-12T00:29:21.943+0000] {dag.py:4180} INFO - Setting next_dagrun for example_branch_labels to 2025-02-11 00:00:00+00:00, run_after=2025-02-12 00:00:00+00:00
[2025-02-12T00:29:21.959+0000] {processor.py:208} INFO - Processing /home/airflow/.local/lib/python3.12/site-packages/airflow/example_dags/example_branch_labels.py took 0.090 seconds
[2025-02-12T00:29:52.305+0000] {processor.py:186} INFO - Started process (PID=6182) to work on /home/airflow/.local/lib/python3.12/site-packages/airflow/example_dags/example_branch_labels.py
[2025-02-12T00:29:52.307+0000] {processor.py:914} INFO - Processing file /home/airflow/.local/lib/python3.12/site-packages/airflow/example_dags/example_branch_labels.py for tasks to queue
[2025-02-12T00:29:52.312+0000] {logging_mixin.py:190} INFO - [2025-02-12T00:29:52.312+0000] {dagbag.py:588} INFO - Filling up the DagBag from /home/airflow/.local/lib/python3.12/site-packages/airflow/example_dags/example_branch_labels.py
[2025-02-12T00:29:52.323+0000] {processor.py:925} INFO - DAG(s) 'example_branch_labels' retrieved from /home/airflow/.local/lib/python3.12/site-packages/airflow/example_dags/example_branch_labels.py
[2025-02-12T00:29:52.352+0000] {logging_mixin.py:190} INFO - [2025-02-12T00:29:52.352+0000] {dag.py:3239} INFO - Sync 1 DAGs
[2025-02-12T00:29:52.386+0000] {logging_mixin.py:190} INFO - [2025-02-12T00:29:52.386+0000] {dag.py:4180} INFO - Setting next_dagrun for example_branch_labels to 2025-02-11 00:00:00+00:00, run_after=2025-02-12 00:00:00+00:00
[2025-02-12T00:29:52.411+0000] {processor.py:208} INFO - Processing /home/airflow/.local/lib/python3.12/site-packages/airflow/example_dags/example_branch_labels.py took 0.113 seconds
[2025-02-12T00:30:23.255+0000] {processor.py:186} INFO - Started process (PID=6249) to work on /home/airflow/.local/lib/python3.12/site-packages/airflow/example_dags/example_branch_labels.py
[2025-02-12T00:30:23.258+0000] {processor.py:914} INFO - Processing file /home/airflow/.local/lib/python3.12/site-packages/airflow/example_dags/example_branch_labels.py for tasks to queue
[2025-02-12T00:30:23.259+0000] {logging_mixin.py:190} INFO - [2025-02-12T00:30:23.259+0000] {dagbag.py:588} INFO - Filling up the DagBag from /home/airflow/.local/lib/python3.12/site-packages/airflow/example_dags/example_branch_labels.py
[2025-02-12T00:30:23.272+0000] {processor.py:925} INFO - DAG(s) 'example_branch_labels' retrieved from /home/airflow/.local/lib/python3.12/site-packages/airflow/example_dags/example_branch_labels.py
[2025-02-12T00:30:23.292+0000] {logging_mixin.py:190} INFO - [2025-02-12T00:30:23.292+0000] {dag.py:3239} INFO - Sync 1 DAGs
[2025-02-12T00:30:23.318+0000] {logging_mixin.py:190} INFO - [2025-02-12T00:30:23.317+0000] {dag.py:4180} INFO - Setting next_dagrun for example_branch_labels to 2025-02-11 00:00:00+00:00, run_after=2025-02-12 00:00:00+00:00
[2025-02-12T00:30:23.337+0000] {processor.py:208} INFO - Processing /home/airflow/.local/lib/python3.12/site-packages/airflow/example_dags/example_branch_labels.py took 0.088 seconds
[2025-02-12T00:32:42.108+0000] {processor.py:186} INFO - Started process (PID=60) to work on /home/airflow/.local/lib/python3.12/site-packages/airflow/example_dags/example_branch_labels.py
[2025-02-12T00:32:42.115+0000] {processor.py:914} INFO - Processing file /home/airflow/.local/lib/python3.12/site-packages/airflow/example_dags/example_branch_labels.py for tasks to queue
[2025-02-12T00:32:42.118+0000] {logging_mixin.py:190} INFO - [2025-02-12T00:32:42.118+0000] {dagbag.py:588} INFO - Filling up the DagBag from /home/airflow/.local/lib/python3.12/site-packages/airflow/example_dags/example_branch_labels.py
[2025-02-12T00:32:42.140+0000] {processor.py:925} INFO - DAG(s) 'example_branch_labels' retrieved from /home/airflow/.local/lib/python3.12/site-packages/airflow/example_dags/example_branch_labels.py
[2025-02-12T00:32:42.180+0000] {logging_mixin.py:190} INFO - [2025-02-12T00:32:42.180+0000] {dag.py:3239} INFO - Sync 1 DAGs
[2025-02-12T00:32:42.295+0000] {logging_mixin.py:190} INFO - [2025-02-12T00:32:42.275+0000] {dag.py:4180} INFO - Setting next_dagrun for example_branch_labels to 2025-02-11 00:00:00+00:00, run_after=2025-02-12 00:00:00+00:00
[2025-02-12T00:32:42.426+0000] {processor.py:208} INFO - Processing /home/airflow/.local/lib/python3.12/site-packages/airflow/example_dags/example_branch_labels.py took 0.340 seconds
[2025-02-12T00:33:13.088+0000] {processor.py:186} INFO - Started process (PID=135) to work on /home/airflow/.local/lib/python3.12/site-packages/airflow/example_dags/example_branch_labels.py
[2025-02-12T00:33:13.090+0000] {processor.py:914} INFO - Processing file /home/airflow/.local/lib/python3.12/site-packages/airflow/example_dags/example_branch_labels.py for tasks to queue
[2025-02-12T00:33:13.101+0000] {logging_mixin.py:190} INFO - [2025-02-12T00:33:13.100+0000] {dagbag.py:588} INFO - Filling up the DagBag from /home/airflow/.local/lib/python3.12/site-packages/airflow/example_dags/example_branch_labels.py
[2025-02-12T00:33:13.152+0000] {processor.py:925} INFO - DAG(s) 'example_branch_labels' retrieved from /home/airflow/.local/lib/python3.12/site-packages/airflow/example_dags/example_branch_labels.py
[2025-02-12T00:33:13.216+0000] {logging_mixin.py:190} INFO - [2025-02-12T00:33:13.215+0000] {dag.py:3239} INFO - Sync 1 DAGs
[2025-02-12T00:33:13.350+0000] {logging_mixin.py:190} INFO - [2025-02-12T00:33:13.349+0000] {dag.py:4180} INFO - Setting next_dagrun for example_branch_labels to 2025-02-11 00:00:00+00:00, run_after=2025-02-12 00:00:00+00:00
[2025-02-12T00:33:13.519+0000] {processor.py:208} INFO - Processing /home/airflow/.local/lib/python3.12/site-packages/airflow/example_dags/example_branch_labels.py took 0.446 seconds
[2025-02-12T00:33:43.707+0000] {processor.py:186} INFO - Started process (PID=210) to work on /home/airflow/.local/lib/python3.12/site-packages/airflow/example_dags/example_branch_labels.py
[2025-02-12T00:33:43.709+0000] {processor.py:914} INFO - Processing file /home/airflow/.local/lib/python3.12/site-packages/airflow/example_dags/example_branch_labels.py for tasks to queue
[2025-02-12T00:33:43.712+0000] {logging_mixin.py:190} INFO - [2025-02-12T00:33:43.712+0000] {dagbag.py:588} INFO - Filling up the DagBag from /home/airflow/.local/lib/python3.12/site-packages/airflow/example_dags/example_branch_labels.py
[2025-02-12T00:33:43.729+0000] {processor.py:925} INFO - DAG(s) 'example_branch_labels' retrieved from /home/airflow/.local/lib/python3.12/site-packages/airflow/example_dags/example_branch_labels.py
[2025-02-12T00:33:43.760+0000] {logging_mixin.py:190} INFO - [2025-02-12T00:33:43.760+0000] {dag.py:3239} INFO - Sync 1 DAGs
[2025-02-12T00:33:43.788+0000] {logging_mixin.py:190} INFO - [2025-02-12T00:33:43.788+0000] {dag.py:4180} INFO - Setting next_dagrun for example_branch_labels to 2025-02-11 00:00:00+00:00, run_after=2025-02-12 00:00:00+00:00
[2025-02-12T00:33:43.807+0000] {processor.py:208} INFO - Processing /home/airflow/.local/lib/python3.12/site-packages/airflow/example_dags/example_branch_labels.py took 0.111 seconds
[2025-02-12T00:34:14.503+0000] {processor.py:186} INFO - Started process (PID=281) to work on /home/airflow/.local/lib/python3.12/site-packages/airflow/example_dags/example_branch_labels.py
[2025-02-12T00:34:14.505+0000] {processor.py:914} INFO - Processing file /home/airflow/.local/lib/python3.12/site-packages/airflow/example_dags/example_branch_labels.py for tasks to queue
[2025-02-12T00:34:14.508+0000] {logging_mixin.py:190} INFO - [2025-02-12T00:34:14.507+0000] {dagbag.py:588} INFO - Filling up the DagBag from /home/airflow/.local/lib/python3.12/site-packages/airflow/example_dags/example_branch_labels.py
[2025-02-12T00:34:14.522+0000] {processor.py:925} INFO - DAG(s) 'example_branch_labels' retrieved from /home/airflow/.local/lib/python3.12/site-packages/airflow/example_dags/example_branch_labels.py
[2025-02-12T00:34:14.555+0000] {logging_mixin.py:190} INFO - [2025-02-12T00:34:14.555+0000] {dag.py:3239} INFO - Sync 1 DAGs
[2025-02-12T00:34:14.585+0000] {logging_mixin.py:190} INFO - [2025-02-12T00:34:14.585+0000] {dag.py:4180} INFO - Setting next_dagrun for example_branch_labels to 2025-02-11 00:00:00+00:00, run_after=2025-02-12 00:00:00+00:00
[2025-02-12T00:34:14.608+0000] {processor.py:208} INFO - Processing /home/airflow/.local/lib/python3.12/site-packages/airflow/example_dags/example_branch_labels.py took 0.112 seconds
[2025-02-12T00:34:44.928+0000] {processor.py:186} INFO - Started process (PID=347) to work on /home/airflow/.local/lib/python3.12/site-packages/airflow/example_dags/example_branch_labels.py
[2025-02-12T00:34:44.929+0000] {processor.py:914} INFO - Processing file /home/airflow/.local/lib/python3.12/site-packages/airflow/example_dags/example_branch_labels.py for tasks to queue
[2025-02-12T00:34:44.931+0000] {logging_mixin.py:190} INFO - [2025-02-12T00:34:44.931+0000] {dagbag.py:588} INFO - Filling up the DagBag from /home/airflow/.local/lib/python3.12/site-packages/airflow/example_dags/example_branch_labels.py
[2025-02-12T00:34:44.943+0000] {processor.py:925} INFO - DAG(s) 'example_branch_labels' retrieved from /home/airflow/.local/lib/python3.12/site-packages/airflow/example_dags/example_branch_labels.py
[2025-02-12T00:34:44.963+0000] {logging_mixin.py:190} INFO - [2025-02-12T00:34:44.963+0000] {dag.py:3239} INFO - Sync 1 DAGs
[2025-02-12T00:34:44.988+0000] {logging_mixin.py:190} INFO - [2025-02-12T00:34:44.987+0000] {dag.py:4180} INFO - Setting next_dagrun for example_branch_labels to 2025-02-11 00:00:00+00:00, run_after=2025-02-12 00:00:00+00:00
[2025-02-12T00:34:45.005+0000] {processor.py:208} INFO - Processing /home/airflow/.local/lib/python3.12/site-packages/airflow/example_dags/example_branch_labels.py took 0.085 seconds
[2025-02-12T00:35:15.666+0000] {processor.py:186} INFO - Started process (PID=413) to work on /home/airflow/.local/lib/python3.12/site-packages/airflow/example_dags/example_branch_labels.py
[2025-02-12T00:35:15.667+0000] {processor.py:914} INFO - Processing file /home/airflow/.local/lib/python3.12/site-packages/airflow/example_dags/example_branch_labels.py for tasks to queue
[2025-02-12T00:35:15.669+0000] {logging_mixin.py:190} INFO - [2025-02-12T00:35:15.669+0000] {dagbag.py:588} INFO - Filling up the DagBag from /home/airflow/.local/lib/python3.12/site-packages/airflow/example_dags/example_branch_labels.py
[2025-02-12T00:35:15.680+0000] {processor.py:925} INFO - DAG(s) 'example_branch_labels' retrieved from /home/airflow/.local/lib/python3.12/site-packages/airflow/example_dags/example_branch_labels.py
[2025-02-12T00:35:15.702+0000] {logging_mixin.py:190} INFO - [2025-02-12T00:35:15.701+0000] {dag.py:3239} INFO - Sync 1 DAGs
[2025-02-12T00:35:15.727+0000] {logging_mixin.py:190} INFO - [2025-02-12T00:35:15.727+0000] {dag.py:4180} INFO - Setting next_dagrun for example_branch_labels to 2025-02-11 00:00:00+00:00, run_after=2025-02-12 00:00:00+00:00
[2025-02-12T00:35:15.745+0000] {processor.py:208} INFO - Processing /home/airflow/.local/lib/python3.12/site-packages/airflow/example_dags/example_branch_labels.py took 0.086 seconds
[2025-02-12T00:35:46.378+0000] {processor.py:186} INFO - Started process (PID=479) to work on /home/airflow/.local/lib/python3.12/site-packages/airflow/example_dags/example_branch_labels.py
[2025-02-12T00:35:46.379+0000] {processor.py:914} INFO - Processing file /home/airflow/.local/lib/python3.12/site-packages/airflow/example_dags/example_branch_labels.py for tasks to queue
[2025-02-12T00:35:46.382+0000] {logging_mixin.py:190} INFO - [2025-02-12T00:35:46.382+0000] {dagbag.py:588} INFO - Filling up the DagBag from /home/airflow/.local/lib/python3.12/site-packages/airflow/example_dags/example_branch_labels.py
[2025-02-12T00:35:46.392+0000] {processor.py:925} INFO - DAG(s) 'example_branch_labels' retrieved from /home/airflow/.local/lib/python3.12/site-packages/airflow/example_dags/example_branch_labels.py
[2025-02-12T00:35:46.410+0000] {logging_mixin.py:190} INFO - [2025-02-12T00:35:46.410+0000] {dag.py:3239} INFO - Sync 1 DAGs
[2025-02-12T00:35:46.435+0000] {logging_mixin.py:190} INFO - [2025-02-12T00:35:46.435+0000] {dag.py:4180} INFO - Setting next_dagrun for example_branch_labels to 2025-02-11 00:00:00+00:00, run_after=2025-02-12 00:00:00+00:00
[2025-02-12T00:35:46.456+0000] {processor.py:208} INFO - Processing /home/airflow/.local/lib/python3.12/site-packages/airflow/example_dags/example_branch_labels.py took 0.084 seconds
[2025-02-12T00:36:16.642+0000] {processor.py:186} INFO - Started process (PID=545) to work on /home/airflow/.local/lib/python3.12/site-packages/airflow/example_dags/example_branch_labels.py
[2025-02-12T00:36:16.643+0000] {processor.py:914} INFO - Processing file /home/airflow/.local/lib/python3.12/site-packages/airflow/example_dags/example_branch_labels.py for tasks to queue
[2025-02-12T00:36:16.645+0000] {logging_mixin.py:190} INFO - [2025-02-12T00:36:16.645+0000] {dagbag.py:588} INFO - Filling up the DagBag from /home/airflow/.local/lib/python3.12/site-packages/airflow/example_dags/example_branch_labels.py
[2025-02-12T00:36:16.660+0000] {processor.py:925} INFO - DAG(s) 'example_branch_labels' retrieved from /home/airflow/.local/lib/python3.12/site-packages/airflow/example_dags/example_branch_labels.py
[2025-02-12T00:36:16.688+0000] {logging_mixin.py:190} INFO - [2025-02-12T00:36:16.688+0000] {dag.py:3239} INFO - Sync 1 DAGs
[2025-02-12T00:36:16.714+0000] {logging_mixin.py:190} INFO - [2025-02-12T00:36:16.714+0000] {dag.py:4180} INFO - Setting next_dagrun for example_branch_labels to 2025-02-11 00:00:00+00:00, run_after=2025-02-12 00:00:00+00:00
[2025-02-12T00:36:16.743+0000] {processor.py:208} INFO - Processing /home/airflow/.local/lib/python3.12/site-packages/airflow/example_dags/example_branch_labels.py took 0.109 seconds
[2025-02-12T00:36:46.953+0000] {processor.py:186} INFO - Started process (PID=611) to work on /home/airflow/.local/lib/python3.12/site-packages/airflow/example_dags/example_branch_labels.py
[2025-02-12T00:36:46.955+0000] {processor.py:914} INFO - Processing file /home/airflow/.local/lib/python3.12/site-packages/airflow/example_dags/example_branch_labels.py for tasks to queue
[2025-02-12T00:36:46.957+0000] {logging_mixin.py:190} INFO - [2025-02-12T00:36:46.957+0000] {dagbag.py:588} INFO - Filling up the DagBag from /home/airflow/.local/lib/python3.12/site-packages/airflow/example_dags/example_branch_labels.py
[2025-02-12T00:36:46.969+0000] {processor.py:925} INFO - DAG(s) 'example_branch_labels' retrieved from /home/airflow/.local/lib/python3.12/site-packages/airflow/example_dags/example_branch_labels.py
[2025-02-12T00:36:46.988+0000] {logging_mixin.py:190} INFO - [2025-02-12T00:36:46.988+0000] {dag.py:3239} INFO - Sync 1 DAGs
[2025-02-12T00:36:47.015+0000] {logging_mixin.py:190} INFO - [2025-02-12T00:36:47.015+0000] {dag.py:4180} INFO - Setting next_dagrun for example_branch_labels to 2025-02-11 00:00:00+00:00, run_after=2025-02-12 00:00:00+00:00
[2025-02-12T00:36:47.037+0000] {processor.py:208} INFO - Processing /home/airflow/.local/lib/python3.12/site-packages/airflow/example_dags/example_branch_labels.py took 0.092 seconds
[2025-02-12T00:37:17.779+0000] {processor.py:186} INFO - Started process (PID=677) to work on /home/airflow/.local/lib/python3.12/site-packages/airflow/example_dags/example_branch_labels.py
[2025-02-12T00:37:17.780+0000] {processor.py:914} INFO - Processing file /home/airflow/.local/lib/python3.12/site-packages/airflow/example_dags/example_branch_labels.py for tasks to queue
[2025-02-12T00:37:17.783+0000] {logging_mixin.py:190} INFO - [2025-02-12T00:37:17.782+0000] {dagbag.py:588} INFO - Filling up the DagBag from /home/airflow/.local/lib/python3.12/site-packages/airflow/example_dags/example_branch_labels.py
[2025-02-12T00:37:17.794+0000] {processor.py:925} INFO - DAG(s) 'example_branch_labels' retrieved from /home/airflow/.local/lib/python3.12/site-packages/airflow/example_dags/example_branch_labels.py
[2025-02-12T00:37:17.814+0000] {logging_mixin.py:190} INFO - [2025-02-12T00:37:17.813+0000] {dag.py:3239} INFO - Sync 1 DAGs
[2025-02-12T00:37:17.836+0000] {logging_mixin.py:190} INFO - [2025-02-12T00:37:17.836+0000] {dag.py:4180} INFO - Setting next_dagrun for example_branch_labels to 2025-02-11 00:00:00+00:00, run_after=2025-02-12 00:00:00+00:00
[2025-02-12T00:37:17.854+0000] {processor.py:208} INFO - Processing /home/airflow/.local/lib/python3.12/site-packages/airflow/example_dags/example_branch_labels.py took 0.083 seconds
[2025-02-12T00:37:47.966+0000] {processor.py:186} INFO - Started process (PID=743) to work on /home/airflow/.local/lib/python3.12/site-packages/airflow/example_dags/example_branch_labels.py
[2025-02-12T00:37:47.967+0000] {processor.py:914} INFO - Processing file /home/airflow/.local/lib/python3.12/site-packages/airflow/example_dags/example_branch_labels.py for tasks to queue
[2025-02-12T00:37:47.970+0000] {logging_mixin.py:190} INFO - [2025-02-12T00:37:47.969+0000] {dagbag.py:588} INFO - Filling up the DagBag from /home/airflow/.local/lib/python3.12/site-packages/airflow/example_dags/example_branch_labels.py
[2025-02-12T00:37:47.981+0000] {processor.py:925} INFO - DAG(s) 'example_branch_labels' retrieved from /home/airflow/.local/lib/python3.12/site-packages/airflow/example_dags/example_branch_labels.py
[2025-02-12T00:37:48.000+0000] {logging_mixin.py:190} INFO - [2025-02-12T00:37:48.000+0000] {dag.py:3239} INFO - Sync 1 DAGs
[2025-02-12T00:37:48.023+0000] {logging_mixin.py:190} INFO - [2025-02-12T00:37:48.022+0000] {dag.py:4180} INFO - Setting next_dagrun for example_branch_labels to 2025-02-11 00:00:00+00:00, run_after=2025-02-12 00:00:00+00:00
[2025-02-12T00:37:48.044+0000] {processor.py:208} INFO - Processing /home/airflow/.local/lib/python3.12/site-packages/airflow/example_dags/example_branch_labels.py took 0.084 seconds
[2025-02-12T00:38:19.203+0000] {processor.py:186} INFO - Started process (PID=809) to work on /home/airflow/.local/lib/python3.12/site-packages/airflow/example_dags/example_branch_labels.py
[2025-02-12T00:38:19.216+0000] {processor.py:914} INFO - Processing file /home/airflow/.local/lib/python3.12/site-packages/airflow/example_dags/example_branch_labels.py for tasks to queue
[2025-02-12T00:38:19.222+0000] {logging_mixin.py:190} INFO - [2025-02-12T00:38:19.222+0000] {dagbag.py:588} INFO - Filling up the DagBag from /home/airflow/.local/lib/python3.12/site-packages/airflow/example_dags/example_branch_labels.py
[2025-02-12T00:38:19.242+0000] {processor.py:925} INFO - DAG(s) 'example_branch_labels' retrieved from /home/airflow/.local/lib/python3.12/site-packages/airflow/example_dags/example_branch_labels.py
[2025-02-12T00:38:19.324+0000] {logging_mixin.py:190} INFO - [2025-02-12T00:38:19.324+0000] {dag.py:3239} INFO - Sync 1 DAGs
[2025-02-12T00:38:19.375+0000] {logging_mixin.py:190} INFO - [2025-02-12T00:38:19.375+0000] {dag.py:4180} INFO - Setting next_dagrun for example_branch_labels to 2025-02-11 00:00:00+00:00, run_after=2025-02-12 00:00:00+00:00
[2025-02-12T00:38:19.417+0000] {processor.py:208} INFO - Processing /home/airflow/.local/lib/python3.12/site-packages/airflow/example_dags/example_branch_labels.py took 0.226 seconds
[2025-02-12T00:38:50.025+0000] {processor.py:186} INFO - Started process (PID=875) to work on /home/airflow/.local/lib/python3.12/site-packages/airflow/example_dags/example_branch_labels.py
[2025-02-12T00:38:50.026+0000] {processor.py:914} INFO - Processing file /home/airflow/.local/lib/python3.12/site-packages/airflow/example_dags/example_branch_labels.py for tasks to queue
[2025-02-12T00:38:50.028+0000] {logging_mixin.py:190} INFO - [2025-02-12T00:38:50.028+0000] {dagbag.py:588} INFO - Filling up the DagBag from /home/airflow/.local/lib/python3.12/site-packages/airflow/example_dags/example_branch_labels.py
[2025-02-12T00:38:50.041+0000] {processor.py:925} INFO - DAG(s) 'example_branch_labels' retrieved from /home/airflow/.local/lib/python3.12/site-packages/airflow/example_dags/example_branch_labels.py
[2025-02-12T00:38:50.064+0000] {logging_mixin.py:190} INFO - [2025-02-12T00:38:50.064+0000] {dag.py:3239} INFO - Sync 1 DAGs
[2025-02-12T00:38:50.090+0000] {logging_mixin.py:190} INFO - [2025-02-12T00:38:50.089+0000] {dag.py:4180} INFO - Setting next_dagrun for example_branch_labels to 2025-02-11 00:00:00+00:00, run_after=2025-02-12 00:00:00+00:00
[2025-02-12T00:38:50.109+0000] {processor.py:208} INFO - Processing /home/airflow/.local/lib/python3.12/site-packages/airflow/example_dags/example_branch_labels.py took 0.090 seconds
[2025-02-12T00:39:20.905+0000] {processor.py:186} INFO - Started process (PID=940) to work on /home/airflow/.local/lib/python3.12/site-packages/airflow/example_dags/example_branch_labels.py
[2025-02-12T00:39:20.906+0000] {processor.py:914} INFO - Processing file /home/airflow/.local/lib/python3.12/site-packages/airflow/example_dags/example_branch_labels.py for tasks to queue
[2025-02-12T00:39:20.909+0000] {logging_mixin.py:190} INFO - [2025-02-12T00:39:20.908+0000] {dagbag.py:588} INFO - Filling up the DagBag from /home/airflow/.local/lib/python3.12/site-packages/airflow/example_dags/example_branch_labels.py
[2025-02-12T00:39:20.919+0000] {processor.py:925} INFO - DAG(s) 'example_branch_labels' retrieved from /home/airflow/.local/lib/python3.12/site-packages/airflow/example_dags/example_branch_labels.py
[2025-02-12T00:39:20.945+0000] {logging_mixin.py:190} INFO - [2025-02-12T00:39:20.945+0000] {dag.py:3239} INFO - Sync 1 DAGs
[2025-02-12T00:39:20.975+0000] {logging_mixin.py:190} INFO - [2025-02-12T00:39:20.975+0000] {dag.py:4180} INFO - Setting next_dagrun for example_branch_labels to 2025-02-11 00:00:00+00:00, run_after=2025-02-12 00:00:00+00:00
[2025-02-12T00:39:21.001+0000] {processor.py:208} INFO - Processing /home/airflow/.local/lib/python3.12/site-packages/airflow/example_dags/example_branch_labels.py took 0.102 seconds
[2025-02-12T00:39:51.149+0000] {processor.py:186} INFO - Started process (PID=1006) to work on /home/airflow/.local/lib/python3.12/site-packages/airflow/example_dags/example_branch_labels.py
[2025-02-12T00:39:51.150+0000] {processor.py:914} INFO - Processing file /home/airflow/.local/lib/python3.12/site-packages/airflow/example_dags/example_branch_labels.py for tasks to queue
[2025-02-12T00:39:51.152+0000] {logging_mixin.py:190} INFO - [2025-02-12T00:39:51.152+0000] {dagbag.py:588} INFO - Filling up the DagBag from /home/airflow/.local/lib/python3.12/site-packages/airflow/example_dags/example_branch_labels.py
[2025-02-12T00:39:51.168+0000] {processor.py:925} INFO - DAG(s) 'example_branch_labels' retrieved from /home/airflow/.local/lib/python3.12/site-packages/airflow/example_dags/example_branch_labels.py
[2025-02-12T00:39:51.201+0000] {logging_mixin.py:190} INFO - [2025-02-12T00:39:51.201+0000] {dag.py:3239} INFO - Sync 1 DAGs
[2025-02-12T00:39:51.235+0000] {logging_mixin.py:190} INFO - [2025-02-12T00:39:51.235+0000] {dag.py:4180} INFO - Setting next_dagrun for example_branch_labels to 2025-02-11 00:00:00+00:00, run_after=2025-02-12 00:00:00+00:00
[2025-02-12T00:39:51.262+0000] {processor.py:208} INFO - Processing /home/airflow/.local/lib/python3.12/site-packages/airflow/example_dags/example_branch_labels.py took 0.120 seconds
[2025-02-12T00:40:21.446+0000] {processor.py:186} INFO - Started process (PID=1072) to work on /home/airflow/.local/lib/python3.12/site-packages/airflow/example_dags/example_branch_labels.py
[2025-02-12T00:40:21.448+0000] {processor.py:914} INFO - Processing file /home/airflow/.local/lib/python3.12/site-packages/airflow/example_dags/example_branch_labels.py for tasks to queue
[2025-02-12T00:40:21.450+0000] {logging_mixin.py:190} INFO - [2025-02-12T00:40:21.450+0000] {dagbag.py:588} INFO - Filling up the DagBag from /home/airflow/.local/lib/python3.12/site-packages/airflow/example_dags/example_branch_labels.py
[2025-02-12T00:40:21.461+0000] {processor.py:925} INFO - DAG(s) 'example_branch_labels' retrieved from /home/airflow/.local/lib/python3.12/site-packages/airflow/example_dags/example_branch_labels.py
[2025-02-12T00:40:21.481+0000] {logging_mixin.py:190} INFO - [2025-02-12T00:40:21.481+0000] {dag.py:3239} INFO - Sync 1 DAGs
[2025-02-12T00:40:21.508+0000] {logging_mixin.py:190} INFO - [2025-02-12T00:40:21.508+0000] {dag.py:4180} INFO - Setting next_dagrun for example_branch_labels to 2025-02-11 00:00:00+00:00, run_after=2025-02-12 00:00:00+00:00
[2025-02-12T00:40:21.530+0000] {processor.py:208} INFO - Processing /home/airflow/.local/lib/python3.12/site-packages/airflow/example_dags/example_branch_labels.py took 0.090 seconds
[2025-02-12T00:40:51.947+0000] {processor.py:186} INFO - Started process (PID=1138) to work on /home/airflow/.local/lib/python3.12/site-packages/airflow/example_dags/example_branch_labels.py
[2025-02-12T00:40:51.949+0000] {processor.py:914} INFO - Processing file /home/airflow/.local/lib/python3.12/site-packages/airflow/example_dags/example_branch_labels.py for tasks to queue
[2025-02-12T00:40:51.953+0000] {logging_mixin.py:190} INFO - [2025-02-12T00:40:51.952+0000] {dagbag.py:588} INFO - Filling up the DagBag from /home/airflow/.local/lib/python3.12/site-packages/airflow/example_dags/example_branch_labels.py
[2025-02-12T00:40:51.967+0000] {processor.py:925} INFO - DAG(s) 'example_branch_labels' retrieved from /home/airflow/.local/lib/python3.12/site-packages/airflow/example_dags/example_branch_labels.py
[2025-02-12T00:40:51.992+0000] {logging_mixin.py:190} INFO - [2025-02-12T00:40:51.991+0000] {dag.py:3239} INFO - Sync 1 DAGs
[2025-02-12T00:40:52.028+0000] {logging_mixin.py:190} INFO - [2025-02-12T00:40:52.028+0000] {dag.py:4180} INFO - Setting next_dagrun for example_branch_labels to 2025-02-11 00:00:00+00:00, run_after=2025-02-12 00:00:00+00:00
[2025-02-12T00:40:52.074+0000] {processor.py:208} INFO - Processing /home/airflow/.local/lib/python3.12/site-packages/airflow/example_dags/example_branch_labels.py took 0.136 seconds
[2025-02-12T00:41:22.395+0000] {processor.py:186} INFO - Started process (PID=1204) to work on /home/airflow/.local/lib/python3.12/site-packages/airflow/example_dags/example_branch_labels.py
[2025-02-12T00:41:22.398+0000] {processor.py:914} INFO - Processing file /home/airflow/.local/lib/python3.12/site-packages/airflow/example_dags/example_branch_labels.py for tasks to queue
[2025-02-12T00:41:22.402+0000] {logging_mixin.py:190} INFO - [2025-02-12T00:41:22.402+0000] {dagbag.py:588} INFO - Filling up the DagBag from /home/airflow/.local/lib/python3.12/site-packages/airflow/example_dags/example_branch_labels.py
[2025-02-12T00:41:22.418+0000] {processor.py:925} INFO - DAG(s) 'example_branch_labels' retrieved from /home/airflow/.local/lib/python3.12/site-packages/airflow/example_dags/example_branch_labels.py
[2025-02-12T00:41:22.448+0000] {logging_mixin.py:190} INFO - [2025-02-12T00:41:22.448+0000] {dag.py:3239} INFO - Sync 1 DAGs
[2025-02-12T00:41:22.491+0000] {logging_mixin.py:190} INFO - [2025-02-12T00:41:22.491+0000] {dag.py:4180} INFO - Setting next_dagrun for example_branch_labels to 2025-02-11 00:00:00+00:00, run_after=2025-02-12 00:00:00+00:00
[2025-02-12T00:41:22.521+0000] {processor.py:208} INFO - Processing /home/airflow/.local/lib/python3.12/site-packages/airflow/example_dags/example_branch_labels.py took 0.134 seconds
[2025-02-12T00:41:53.482+0000] {processor.py:186} INFO - Started process (PID=1270) to work on /home/airflow/.local/lib/python3.12/site-packages/airflow/example_dags/example_branch_labels.py
[2025-02-12T00:41:53.483+0000] {processor.py:914} INFO - Processing file /home/airflow/.local/lib/python3.12/site-packages/airflow/example_dags/example_branch_labels.py for tasks to queue
[2025-02-12T00:41:53.486+0000] {logging_mixin.py:190} INFO - [2025-02-12T00:41:53.486+0000] {dagbag.py:588} INFO - Filling up the DagBag from /home/airflow/.local/lib/python3.12/site-packages/airflow/example_dags/example_branch_labels.py
[2025-02-12T00:41:53.497+0000] {processor.py:925} INFO - DAG(s) 'example_branch_labels' retrieved from /home/airflow/.local/lib/python3.12/site-packages/airflow/example_dags/example_branch_labels.py
[2025-02-12T00:41:53.520+0000] {logging_mixin.py:190} INFO - [2025-02-12T00:41:53.520+0000] {dag.py:3239} INFO - Sync 1 DAGs
[2025-02-12T00:41:53.563+0000] {logging_mixin.py:190} INFO - [2025-02-12T00:41:53.562+0000] {dag.py:4180} INFO - Setting next_dagrun for example_branch_labels to 2025-02-11 00:00:00+00:00, run_after=2025-02-12 00:00:00+00:00
[2025-02-12T00:41:53.583+0000] {processor.py:208} INFO - Processing /home/airflow/.local/lib/python3.12/site-packages/airflow/example_dags/example_branch_labels.py took 0.109 seconds
[2025-02-12T00:42:24.500+0000] {processor.py:186} INFO - Started process (PID=1336) to work on /home/airflow/.local/lib/python3.12/site-packages/airflow/example_dags/example_branch_labels.py
[2025-02-12T00:42:24.501+0000] {processor.py:914} INFO - Processing file /home/airflow/.local/lib/python3.12/site-packages/airflow/example_dags/example_branch_labels.py for tasks to queue
[2025-02-12T00:42:24.505+0000] {logging_mixin.py:190} INFO - [2025-02-12T00:42:24.504+0000] {dagbag.py:588} INFO - Filling up the DagBag from /home/airflow/.local/lib/python3.12/site-packages/airflow/example_dags/example_branch_labels.py
[2025-02-12T00:42:24.522+0000] {processor.py:925} INFO - DAG(s) 'example_branch_labels' retrieved from /home/airflow/.local/lib/python3.12/site-packages/airflow/example_dags/example_branch_labels.py
[2025-02-12T00:42:24.543+0000] {logging_mixin.py:190} INFO - [2025-02-12T00:42:24.542+0000] {dag.py:3239} INFO - Sync 1 DAGs
[2025-02-12T00:42:24.570+0000] {logging_mixin.py:190} INFO - [2025-02-12T00:42:24.569+0000] {dag.py:4180} INFO - Setting next_dagrun for example_branch_labels to 2025-02-11 00:00:00+00:00, run_after=2025-02-12 00:00:00+00:00
[2025-02-12T00:42:24.588+0000] {processor.py:208} INFO - Processing /home/airflow/.local/lib/python3.12/site-packages/airflow/example_dags/example_branch_labels.py took 0.095 seconds
[2025-02-12T00:42:55.993+0000] {processor.py:186} INFO - Started process (PID=1409) to work on /home/airflow/.local/lib/python3.12/site-packages/airflow/example_dags/example_branch_labels.py
[2025-02-12T00:42:55.995+0000] {processor.py:914} INFO - Processing file /home/airflow/.local/lib/python3.12/site-packages/airflow/example_dags/example_branch_labels.py for tasks to queue
[2025-02-12T00:42:55.998+0000] {logging_mixin.py:190} INFO - [2025-02-12T00:42:55.998+0000] {dagbag.py:588} INFO - Filling up the DagBag from /home/airflow/.local/lib/python3.12/site-packages/airflow/example_dags/example_branch_labels.py
[2025-02-12T00:42:56.009+0000] {processor.py:925} INFO - DAG(s) 'example_branch_labels' retrieved from /home/airflow/.local/lib/python3.12/site-packages/airflow/example_dags/example_branch_labels.py
[2025-02-12T00:42:56.038+0000] {logging_mixin.py:190} INFO - [2025-02-12T00:42:56.038+0000] {dag.py:3239} INFO - Sync 1 DAGs
[2025-02-12T00:42:56.071+0000] {logging_mixin.py:190} INFO - [2025-02-12T00:42:56.071+0000] {dag.py:4180} INFO - Setting next_dagrun for example_branch_labels to 2025-02-11 00:00:00+00:00, run_after=2025-02-12 00:00:00+00:00
[2025-02-12T00:42:56.097+0000] {processor.py:208} INFO - Processing /home/airflow/.local/lib/python3.12/site-packages/airflow/example_dags/example_branch_labels.py took 0.110 seconds
[2025-02-12T00:43:26.362+0000] {processor.py:186} INFO - Started process (PID=1476) to work on /home/airflow/.local/lib/python3.12/site-packages/airflow/example_dags/example_branch_labels.py
[2025-02-12T00:43:26.363+0000] {processor.py:914} INFO - Processing file /home/airflow/.local/lib/python3.12/site-packages/airflow/example_dags/example_branch_labels.py for tasks to queue
[2025-02-12T00:43:26.367+0000] {logging_mixin.py:190} INFO - [2025-02-12T00:43:26.366+0000] {dagbag.py:588} INFO - Filling up the DagBag from /home/airflow/.local/lib/python3.12/site-packages/airflow/example_dags/example_branch_labels.py
[2025-02-12T00:43:26.379+0000] {processor.py:925} INFO - DAG(s) 'example_branch_labels' retrieved from /home/airflow/.local/lib/python3.12/site-packages/airflow/example_dags/example_branch_labels.py
[2025-02-12T00:43:26.409+0000] {logging_mixin.py:190} INFO - [2025-02-12T00:43:26.409+0000] {dag.py:3239} INFO - Sync 1 DAGs
[2025-02-12T00:43:26.449+0000] {logging_mixin.py:190} INFO - [2025-02-12T00:43:26.449+0000] {dag.py:4180} INFO - Setting next_dagrun for example_branch_labels to 2025-02-11 00:00:00+00:00, run_after=2025-02-12 00:00:00+00:00
[2025-02-12T00:43:26.475+0000] {processor.py:208} INFO - Processing /home/airflow/.local/lib/python3.12/site-packages/airflow/example_dags/example_branch_labels.py took 0.124 seconds
[2025-02-12T00:43:57.275+0000] {processor.py:186} INFO - Started process (PID=1541) to work on /home/airflow/.local/lib/python3.12/site-packages/airflow/example_dags/example_branch_labels.py
[2025-02-12T00:43:57.276+0000] {processor.py:914} INFO - Processing file /home/airflow/.local/lib/python3.12/site-packages/airflow/example_dags/example_branch_labels.py for tasks to queue
[2025-02-12T00:43:57.292+0000] {logging_mixin.py:190} INFO - [2025-02-12T00:43:57.291+0000] {dagbag.py:588} INFO - Filling up the DagBag from /home/airflow/.local/lib/python3.12/site-packages/airflow/example_dags/example_branch_labels.py
[2025-02-12T00:43:57.306+0000] {processor.py:925} INFO - DAG(s) 'example_branch_labels' retrieved from /home/airflow/.local/lib/python3.12/site-packages/airflow/example_dags/example_branch_labels.py
[2025-02-12T00:43:57.347+0000] {logging_mixin.py:190} INFO - [2025-02-12T00:43:57.347+0000] {dag.py:3239} INFO - Sync 1 DAGs
[2025-02-12T00:43:57.388+0000] {logging_mixin.py:190} INFO - [2025-02-12T00:43:57.387+0000] {dag.py:4180} INFO - Setting next_dagrun for example_branch_labels to 2025-02-11 00:00:00+00:00, run_after=2025-02-12 00:00:00+00:00
[2025-02-12T00:43:57.427+0000] {processor.py:208} INFO - Processing /home/airflow/.local/lib/python3.12/site-packages/airflow/example_dags/example_branch_labels.py took 0.159 seconds
[2025-02-12T00:44:27.989+0000] {processor.py:186} INFO - Started process (PID=1607) to work on /home/airflow/.local/lib/python3.12/site-packages/airflow/example_dags/example_branch_labels.py
[2025-02-12T00:44:27.991+0000] {processor.py:914} INFO - Processing file /home/airflow/.local/lib/python3.12/site-packages/airflow/example_dags/example_branch_labels.py for tasks to queue
[2025-02-12T00:44:27.995+0000] {logging_mixin.py:190} INFO - [2025-02-12T00:44:27.994+0000] {dagbag.py:588} INFO - Filling up the DagBag from /home/airflow/.local/lib/python3.12/site-packages/airflow/example_dags/example_branch_labels.py
[2025-02-12T00:44:28.007+0000] {processor.py:925} INFO - DAG(s) 'example_branch_labels' retrieved from /home/airflow/.local/lib/python3.12/site-packages/airflow/example_dags/example_branch_labels.py
[2025-02-12T00:44:28.031+0000] {logging_mixin.py:190} INFO - [2025-02-12T00:44:28.030+0000] {dag.py:3239} INFO - Sync 1 DAGs
[2025-02-12T00:44:28.070+0000] {logging_mixin.py:190} INFO - [2025-02-12T00:44:28.070+0000] {dag.py:4180} INFO - Setting next_dagrun for example_branch_labels to 2025-02-11 00:00:00+00:00, run_after=2025-02-12 00:00:00+00:00
[2025-02-12T00:44:28.090+0000] {processor.py:208} INFO - Processing /home/airflow/.local/lib/python3.12/site-packages/airflow/example_dags/example_branch_labels.py took 0.109 seconds
[2025-02-12T00:44:58.314+0000] {processor.py:186} INFO - Started process (PID=1673) to work on /home/airflow/.local/lib/python3.12/site-packages/airflow/example_dags/example_branch_labels.py
[2025-02-12T00:44:58.315+0000] {processor.py:914} INFO - Processing file /home/airflow/.local/lib/python3.12/site-packages/airflow/example_dags/example_branch_labels.py for tasks to queue
[2025-02-12T00:44:58.318+0000] {logging_mixin.py:190} INFO - [2025-02-12T00:44:58.318+0000] {dagbag.py:588} INFO - Filling up the DagBag from /home/airflow/.local/lib/python3.12/site-packages/airflow/example_dags/example_branch_labels.py
[2025-02-12T00:44:58.332+0000] {processor.py:925} INFO - DAG(s) 'example_branch_labels' retrieved from /home/airflow/.local/lib/python3.12/site-packages/airflow/example_dags/example_branch_labels.py
[2025-02-12T00:44:58.352+0000] {logging_mixin.py:190} INFO - [2025-02-12T00:44:58.352+0000] {dag.py:3239} INFO - Sync 1 DAGs
[2025-02-12T00:44:58.378+0000] {logging_mixin.py:190} INFO - [2025-02-12T00:44:58.377+0000] {dag.py:4180} INFO - Setting next_dagrun for example_branch_labels to 2025-02-11 00:00:00+00:00, run_after=2025-02-12 00:00:00+00:00
[2025-02-12T00:44:58.396+0000] {processor.py:208} INFO - Processing /home/airflow/.local/lib/python3.12/site-packages/airflow/example_dags/example_branch_labels.py took 0.089 seconds
[2025-02-12T00:45:29.378+0000] {processor.py:186} INFO - Started process (PID=1740) to work on /home/airflow/.local/lib/python3.12/site-packages/airflow/example_dags/example_branch_labels.py
[2025-02-12T00:45:29.379+0000] {processor.py:914} INFO - Processing file /home/airflow/.local/lib/python3.12/site-packages/airflow/example_dags/example_branch_labels.py for tasks to queue
[2025-02-12T00:45:29.382+0000] {logging_mixin.py:190} INFO - [2025-02-12T00:45:29.382+0000] {dagbag.py:588} INFO - Filling up the DagBag from /home/airflow/.local/lib/python3.12/site-packages/airflow/example_dags/example_branch_labels.py
[2025-02-12T00:45:29.398+0000] {processor.py:925} INFO - DAG(s) 'example_branch_labels' retrieved from /home/airflow/.local/lib/python3.12/site-packages/airflow/example_dags/example_branch_labels.py
[2025-02-12T00:45:29.423+0000] {logging_mixin.py:190} INFO - [2025-02-12T00:45:29.423+0000] {dag.py:3239} INFO - Sync 1 DAGs
[2025-02-12T00:45:29.453+0000] {logging_mixin.py:190} INFO - [2025-02-12T00:45:29.453+0000] {dag.py:4180} INFO - Setting next_dagrun for example_branch_labels to 2025-02-11 00:00:00+00:00, run_after=2025-02-12 00:00:00+00:00
[2025-02-12T00:45:29.475+0000] {processor.py:208} INFO - Processing /home/airflow/.local/lib/python3.12/site-packages/airflow/example_dags/example_branch_labels.py took 0.104 seconds
[2025-02-12T00:45:59.924+0000] {processor.py:186} INFO - Started process (PID=1806) to work on /home/airflow/.local/lib/python3.12/site-packages/airflow/example_dags/example_branch_labels.py
[2025-02-12T00:45:59.925+0000] {processor.py:914} INFO - Processing file /home/airflow/.local/lib/python3.12/site-packages/airflow/example_dags/example_branch_labels.py for tasks to queue
[2025-02-12T00:45:59.929+0000] {logging_mixin.py:190} INFO - [2025-02-12T00:45:59.928+0000] {dagbag.py:588} INFO - Filling up the DagBag from /home/airflow/.local/lib/python3.12/site-packages/airflow/example_dags/example_branch_labels.py
[2025-02-12T00:45:59.942+0000] {processor.py:925} INFO - DAG(s) 'example_branch_labels' retrieved from /home/airflow/.local/lib/python3.12/site-packages/airflow/example_dags/example_branch_labels.py
[2025-02-12T00:45:59.972+0000] {logging_mixin.py:190} INFO - [2025-02-12T00:45:59.972+0000] {dag.py:3239} INFO - Sync 1 DAGs
[2025-02-12T00:46:00.004+0000] {logging_mixin.py:190} INFO - [2025-02-12T00:46:00.004+0000] {dag.py:4180} INFO - Setting next_dagrun for example_branch_labels to 2025-02-11 00:00:00+00:00, run_after=2025-02-12 00:00:00+00:00
[2025-02-12T00:46:00.032+0000] {processor.py:208} INFO - Processing /home/airflow/.local/lib/python3.12/site-packages/airflow/example_dags/example_branch_labels.py took 0.115 seconds
[2025-02-12T00:46:31.554+0000] {processor.py:186} INFO - Started process (PID=1872) to work on /home/airflow/.local/lib/python3.12/site-packages/airflow/example_dags/example_branch_labels.py
[2025-02-12T00:46:31.555+0000] {processor.py:914} INFO - Processing file /home/airflow/.local/lib/python3.12/site-packages/airflow/example_dags/example_branch_labels.py for tasks to queue
[2025-02-12T00:46:31.558+0000] {logging_mixin.py:190} INFO - [2025-02-12T00:46:31.557+0000] {dagbag.py:588} INFO - Filling up the DagBag from /home/airflow/.local/lib/python3.12/site-packages/airflow/example_dags/example_branch_labels.py
[2025-02-12T00:46:31.572+0000] {processor.py:925} INFO - DAG(s) 'example_branch_labels' retrieved from /home/airflow/.local/lib/python3.12/site-packages/airflow/example_dags/example_branch_labels.py
[2025-02-12T00:46:31.596+0000] {logging_mixin.py:190} INFO - [2025-02-12T00:46:31.596+0000] {dag.py:3239} INFO - Sync 1 DAGs
[2025-02-12T00:46:31.628+0000] {logging_mixin.py:190} INFO - [2025-02-12T00:46:31.628+0000] {dag.py:4180} INFO - Setting next_dagrun for example_branch_labels to 2025-02-11 00:00:00+00:00, run_after=2025-02-12 00:00:00+00:00
[2025-02-12T00:46:31.653+0000] {processor.py:208} INFO - Processing /home/airflow/.local/lib/python3.12/site-packages/airflow/example_dags/example_branch_labels.py took 0.106 seconds
[2025-02-12T00:47:02.453+0000] {processor.py:186} INFO - Started process (PID=1931) to work on /home/airflow/.local/lib/python3.12/site-packages/airflow/example_dags/example_branch_labels.py
[2025-02-12T00:47:02.455+0000] {processor.py:914} INFO - Processing file /home/airflow/.local/lib/python3.12/site-packages/airflow/example_dags/example_branch_labels.py for tasks to queue
[2025-02-12T00:47:02.460+0000] {logging_mixin.py:190} INFO - [2025-02-12T00:47:02.459+0000] {dagbag.py:588} INFO - Filling up the DagBag from /home/airflow/.local/lib/python3.12/site-packages/airflow/example_dags/example_branch_labels.py
[2025-02-12T00:47:02.486+0000] {processor.py:925} INFO - DAG(s) 'example_branch_labels' retrieved from /home/airflow/.local/lib/python3.12/site-packages/airflow/example_dags/example_branch_labels.py
[2025-02-12T00:47:02.532+0000] {logging_mixin.py:190} INFO - [2025-02-12T00:47:02.532+0000] {dag.py:3239} INFO - Sync 1 DAGs
[2025-02-12T00:47:02.572+0000] {logging_mixin.py:190} INFO - [2025-02-12T00:47:02.572+0000] {dag.py:4180} INFO - Setting next_dagrun for example_branch_labels to 2025-02-11 00:00:00+00:00, run_after=2025-02-12 00:00:00+00:00
[2025-02-12T00:47:02.595+0000] {processor.py:208} INFO - Processing /home/airflow/.local/lib/python3.12/site-packages/airflow/example_dags/example_branch_labels.py took 0.155 seconds
[2025-02-12T00:49:21.884+0000] {processor.py:186} INFO - Started process (PID=49) to work on /home/airflow/.local/lib/python3.12/site-packages/airflow/example_dags/example_branch_labels.py
[2025-02-12T00:49:21.887+0000] {processor.py:914} INFO - Processing file /home/airflow/.local/lib/python3.12/site-packages/airflow/example_dags/example_branch_labels.py for tasks to queue
[2025-02-12T00:49:21.895+0000] {logging_mixin.py:190} INFO - [2025-02-12T00:49:21.894+0000] {dagbag.py:588} INFO - Filling up the DagBag from /home/airflow/.local/lib/python3.12/site-packages/airflow/example_dags/example_branch_labels.py
[2025-02-12T00:49:21.952+0000] {processor.py:925} INFO - DAG(s) 'example_branch_labels' retrieved from /home/airflow/.local/lib/python3.12/site-packages/airflow/example_dags/example_branch_labels.py
[2025-02-12T00:49:22.026+0000] {logging_mixin.py:190} INFO - [2025-02-12T00:49:22.026+0000] {dag.py:3239} INFO - Sync 1 DAGs
[2025-02-12T00:49:22.071+0000] {logging_mixin.py:190} INFO - [2025-02-12T00:49:22.071+0000] {dag.py:4180} INFO - Setting next_dagrun for example_branch_labels to 2025-02-11 00:00:00+00:00, run_after=2025-02-12 00:00:00+00:00
[2025-02-12T00:49:22.145+0000] {processor.py:208} INFO - Processing /home/airflow/.local/lib/python3.12/site-packages/airflow/example_dags/example_branch_labels.py took 0.290 seconds
[2025-02-12T00:49:53.200+0000] {processor.py:186} INFO - Started process (PID=115) to work on /home/airflow/.local/lib/python3.12/site-packages/airflow/example_dags/example_branch_labels.py
[2025-02-12T00:49:53.202+0000] {processor.py:914} INFO - Processing file /home/airflow/.local/lib/python3.12/site-packages/airflow/example_dags/example_branch_labels.py for tasks to queue
[2025-02-12T00:49:53.206+0000] {logging_mixin.py:190} INFO - [2025-02-12T00:49:53.205+0000] {dagbag.py:588} INFO - Filling up the DagBag from /home/airflow/.local/lib/python3.12/site-packages/airflow/example_dags/example_branch_labels.py
[2025-02-12T00:49:53.220+0000] {processor.py:925} INFO - DAG(s) 'example_branch_labels' retrieved from /home/airflow/.local/lib/python3.12/site-packages/airflow/example_dags/example_branch_labels.py
[2025-02-12T00:49:53.253+0000] {logging_mixin.py:190} INFO - [2025-02-12T00:49:53.253+0000] {dag.py:3239} INFO - Sync 1 DAGs
[2025-02-12T00:49:53.299+0000] {logging_mixin.py:190} INFO - [2025-02-12T00:49:53.299+0000] {dag.py:4180} INFO - Setting next_dagrun for example_branch_labels to 2025-02-11 00:00:00+00:00, run_after=2025-02-12 00:00:00+00:00
[2025-02-12T00:49:53.327+0000] {processor.py:208} INFO - Processing /home/airflow/.local/lib/python3.12/site-packages/airflow/example_dags/example_branch_labels.py took 0.134 seconds
[2025-02-12T00:50:23.576+0000] {processor.py:186} INFO - Started process (PID=181) to work on /home/airflow/.local/lib/python3.12/site-packages/airflow/example_dags/example_branch_labels.py
[2025-02-12T00:50:23.577+0000] {processor.py:914} INFO - Processing file /home/airflow/.local/lib/python3.12/site-packages/airflow/example_dags/example_branch_labels.py for tasks to queue
[2025-02-12T00:50:23.581+0000] {logging_mixin.py:190} INFO - [2025-02-12T00:50:23.581+0000] {dagbag.py:588} INFO - Filling up the DagBag from /home/airflow/.local/lib/python3.12/site-packages/airflow/example_dags/example_branch_labels.py
[2025-02-12T00:50:23.599+0000] {processor.py:925} INFO - DAG(s) 'example_branch_labels' retrieved from /home/airflow/.local/lib/python3.12/site-packages/airflow/example_dags/example_branch_labels.py
[2025-02-12T00:50:23.642+0000] {logging_mixin.py:190} INFO - [2025-02-12T00:50:23.641+0000] {dag.py:3239} INFO - Sync 1 DAGs
[2025-02-12T00:50:23.699+0000] {logging_mixin.py:190} INFO - [2025-02-12T00:50:23.696+0000] {dag.py:4180} INFO - Setting next_dagrun for example_branch_labels to 2025-02-11 00:00:00+00:00, run_after=2025-02-12 00:00:00+00:00
[2025-02-12T00:50:23.719+0000] {processor.py:208} INFO - Processing /home/airflow/.local/lib/python3.12/site-packages/airflow/example_dags/example_branch_labels.py took 0.153 seconds
[2025-02-12T00:50:53.828+0000] {processor.py:186} INFO - Started process (PID=246) to work on /home/airflow/.local/lib/python3.12/site-packages/airflow/example_dags/example_branch_labels.py
[2025-02-12T00:50:53.830+0000] {processor.py:914} INFO - Processing file /home/airflow/.local/lib/python3.12/site-packages/airflow/example_dags/example_branch_labels.py for tasks to queue
[2025-02-12T00:50:53.841+0000] {logging_mixin.py:190} INFO - [2025-02-12T00:50:53.840+0000] {dagbag.py:588} INFO - Filling up the DagBag from /home/airflow/.local/lib/python3.12/site-packages/airflow/example_dags/example_branch_labels.py
[2025-02-12T00:50:53.866+0000] {processor.py:925} INFO - DAG(s) 'example_branch_labels' retrieved from /home/airflow/.local/lib/python3.12/site-packages/airflow/example_dags/example_branch_labels.py
[2025-02-12T00:50:53.894+0000] {logging_mixin.py:190} INFO - [2025-02-12T00:50:53.893+0000] {dag.py:3239} INFO - Sync 1 DAGs
[2025-02-12T00:50:53.929+0000] {logging_mixin.py:190} INFO - [2025-02-12T00:50:53.929+0000] {dag.py:4180} INFO - Setting next_dagrun for example_branch_labels to 2025-02-11 00:00:00+00:00, run_after=2025-02-12 00:00:00+00:00
[2025-02-12T00:50:53.953+0000] {processor.py:208} INFO - Processing /home/airflow/.local/lib/python3.12/site-packages/airflow/example_dags/example_branch_labels.py took 0.132 seconds
[2025-02-12T00:51:24.467+0000] {processor.py:186} INFO - Started process (PID=312) to work on /home/airflow/.local/lib/python3.12/site-packages/airflow/example_dags/example_branch_labels.py
[2025-02-12T00:51:24.469+0000] {processor.py:914} INFO - Processing file /home/airflow/.local/lib/python3.12/site-packages/airflow/example_dags/example_branch_labels.py for tasks to queue
[2025-02-12T00:51:24.474+0000] {logging_mixin.py:190} INFO - [2025-02-12T00:51:24.474+0000] {dagbag.py:588} INFO - Filling up the DagBag from /home/airflow/.local/lib/python3.12/site-packages/airflow/example_dags/example_branch_labels.py
[2025-02-12T00:51:24.497+0000] {processor.py:925} INFO - DAG(s) 'example_branch_labels' retrieved from /home/airflow/.local/lib/python3.12/site-packages/airflow/example_dags/example_branch_labels.py
[2025-02-12T00:51:24.554+0000] {logging_mixin.py:190} INFO - [2025-02-12T00:51:24.554+0000] {dag.py:3239} INFO - Sync 1 DAGs
[2025-02-12T00:51:24.596+0000] {logging_mixin.py:190} INFO - [2025-02-12T00:51:24.595+0000] {dag.py:4180} INFO - Setting next_dagrun for example_branch_labels to 2025-02-11 00:00:00+00:00, run_after=2025-02-12 00:00:00+00:00
[2025-02-12T00:51:24.622+0000] {processor.py:208} INFO - Processing /home/airflow/.local/lib/python3.12/site-packages/airflow/example_dags/example_branch_labels.py took 0.182 seconds
[2025-02-12T00:51:54.662+0000] {processor.py:186} INFO - Started process (PID=378) to work on /home/airflow/.local/lib/python3.12/site-packages/airflow/example_dags/example_branch_labels.py
[2025-02-12T00:51:54.663+0000] {processor.py:914} INFO - Processing file /home/airflow/.local/lib/python3.12/site-packages/airflow/example_dags/example_branch_labels.py for tasks to queue
[2025-02-12T00:51:54.666+0000] {logging_mixin.py:190} INFO - [2025-02-12T00:51:54.666+0000] {dagbag.py:588} INFO - Filling up the DagBag from /home/airflow/.local/lib/python3.12/site-packages/airflow/example_dags/example_branch_labels.py
[2025-02-12T00:51:54.677+0000] {processor.py:925} INFO - DAG(s) 'example_branch_labels' retrieved from /home/airflow/.local/lib/python3.12/site-packages/airflow/example_dags/example_branch_labels.py
[2025-02-12T00:51:54.694+0000] {logging_mixin.py:190} INFO - [2025-02-12T00:51:54.693+0000] {dag.py:3239} INFO - Sync 1 DAGs
[2025-02-12T00:51:54.717+0000] {logging_mixin.py:190} INFO - [2025-02-12T00:51:54.717+0000] {dag.py:4180} INFO - Setting next_dagrun for example_branch_labels to 2025-02-11 00:00:00+00:00, run_after=2025-02-12 00:00:00+00:00
[2025-02-12T00:51:54.733+0000] {processor.py:208} INFO - Processing /home/airflow/.local/lib/python3.12/site-packages/airflow/example_dags/example_branch_labels.py took 0.077 seconds
[2025-02-12T00:52:25.473+0000] {processor.py:186} INFO - Started process (PID=444) to work on /home/airflow/.local/lib/python3.12/site-packages/airflow/example_dags/example_branch_labels.py
[2025-02-12T00:52:25.474+0000] {processor.py:914} INFO - Processing file /home/airflow/.local/lib/python3.12/site-packages/airflow/example_dags/example_branch_labels.py for tasks to queue
[2025-02-12T00:52:25.477+0000] {logging_mixin.py:190} INFO - [2025-02-12T00:52:25.476+0000] {dagbag.py:588} INFO - Filling up the DagBag from /home/airflow/.local/lib/python3.12/site-packages/airflow/example_dags/example_branch_labels.py
[2025-02-12T00:52:25.488+0000] {processor.py:925} INFO - DAG(s) 'example_branch_labels' retrieved from /home/airflow/.local/lib/python3.12/site-packages/airflow/example_dags/example_branch_labels.py
[2025-02-12T00:52:25.509+0000] {logging_mixin.py:190} INFO - [2025-02-12T00:52:25.509+0000] {dag.py:3239} INFO - Sync 1 DAGs
[2025-02-12T00:52:25.540+0000] {logging_mixin.py:190} INFO - [2025-02-12T00:52:25.540+0000] {dag.py:4180} INFO - Setting next_dagrun for example_branch_labels to 2025-02-11 00:00:00+00:00, run_after=2025-02-12 00:00:00+00:00
[2025-02-12T00:52:25.563+0000] {processor.py:208} INFO - Processing /home/airflow/.local/lib/python3.12/site-packages/airflow/example_dags/example_branch_labels.py took 0.097 seconds
[2025-02-12T00:52:55.852+0000] {processor.py:186} INFO - Started process (PID=510) to work on /home/airflow/.local/lib/python3.12/site-packages/airflow/example_dags/example_branch_labels.py
[2025-02-12T00:52:55.853+0000] {processor.py:914} INFO - Processing file /home/airflow/.local/lib/python3.12/site-packages/airflow/example_dags/example_branch_labels.py for tasks to queue
[2025-02-12T00:52:55.856+0000] {logging_mixin.py:190} INFO - [2025-02-12T00:52:55.856+0000] {dagbag.py:588} INFO - Filling up the DagBag from /home/airflow/.local/lib/python3.12/site-packages/airflow/example_dags/example_branch_labels.py
[2025-02-12T00:52:55.867+0000] {processor.py:925} INFO - DAG(s) 'example_branch_labels' retrieved from /home/airflow/.local/lib/python3.12/site-packages/airflow/example_dags/example_branch_labels.py
[2025-02-12T00:52:55.888+0000] {logging_mixin.py:190} INFO - [2025-02-12T00:52:55.888+0000] {dag.py:3239} INFO - Sync 1 DAGs
[2025-02-12T00:52:55.914+0000] {logging_mixin.py:190} INFO - [2025-02-12T00:52:55.914+0000] {dag.py:4180} INFO - Setting next_dagrun for example_branch_labels to 2025-02-11 00:00:00+00:00, run_after=2025-02-12 00:00:00+00:00
[2025-02-12T00:52:55.935+0000] {processor.py:208} INFO - Processing /home/airflow/.local/lib/python3.12/site-packages/airflow/example_dags/example_branch_labels.py took 0.090 seconds
[2025-02-12T00:53:26.133+0000] {processor.py:186} INFO - Started process (PID=576) to work on /home/airflow/.local/lib/python3.12/site-packages/airflow/example_dags/example_branch_labels.py
[2025-02-12T00:53:26.135+0000] {processor.py:914} INFO - Processing file /home/airflow/.local/lib/python3.12/site-packages/airflow/example_dags/example_branch_labels.py for tasks to queue
[2025-02-12T00:53:26.142+0000] {logging_mixin.py:190} INFO - [2025-02-12T00:53:26.141+0000] {dagbag.py:588} INFO - Filling up the DagBag from /home/airflow/.local/lib/python3.12/site-packages/airflow/example_dags/example_branch_labels.py
[2025-02-12T00:53:26.165+0000] {processor.py:925} INFO - DAG(s) 'example_branch_labels' retrieved from /home/airflow/.local/lib/python3.12/site-packages/airflow/example_dags/example_branch_labels.py
[2025-02-12T00:53:26.208+0000] {logging_mixin.py:190} INFO - [2025-02-12T00:53:26.207+0000] {dag.py:3239} INFO - Sync 1 DAGs
[2025-02-12T00:53:26.259+0000] {logging_mixin.py:190} INFO - [2025-02-12T00:53:26.258+0000] {dag.py:4180} INFO - Setting next_dagrun for example_branch_labels to 2025-02-11 00:00:00+00:00, run_after=2025-02-12 00:00:00+00:00
[2025-02-12T00:53:26.295+0000] {processor.py:208} INFO - Processing /home/airflow/.local/lib/python3.12/site-packages/airflow/example_dags/example_branch_labels.py took 0.169 seconds
[2025-02-12T00:53:57.035+0000] {processor.py:186} INFO - Started process (PID=642) to work on /home/airflow/.local/lib/python3.12/site-packages/airflow/example_dags/example_branch_labels.py
[2025-02-12T00:53:57.037+0000] {processor.py:914} INFO - Processing file /home/airflow/.local/lib/python3.12/site-packages/airflow/example_dags/example_branch_labels.py for tasks to queue
[2025-02-12T00:53:57.041+0000] {logging_mixin.py:190} INFO - [2025-02-12T00:53:57.040+0000] {dagbag.py:588} INFO - Filling up the DagBag from /home/airflow/.local/lib/python3.12/site-packages/airflow/example_dags/example_branch_labels.py
[2025-02-12T00:53:57.054+0000] {processor.py:925} INFO - DAG(s) 'example_branch_labels' retrieved from /home/airflow/.local/lib/python3.12/site-packages/airflow/example_dags/example_branch_labels.py
[2025-02-12T00:53:57.080+0000] {logging_mixin.py:190} INFO - [2025-02-12T00:53:57.080+0000] {dag.py:3239} INFO - Sync 1 DAGs
[2025-02-12T00:53:57.141+0000] {logging_mixin.py:190} INFO - [2025-02-12T00:53:57.141+0000] {dag.py:4180} INFO - Setting next_dagrun for example_branch_labels to 2025-02-11 00:00:00+00:00, run_after=2025-02-12 00:00:00+00:00
[2025-02-12T00:53:57.227+0000] {processor.py:208} INFO - Processing /home/airflow/.local/lib/python3.12/site-packages/airflow/example_dags/example_branch_labels.py took 0.198 seconds
[2025-02-12T00:54:27.568+0000] {processor.py:186} INFO - Started process (PID=708) to work on /home/airflow/.local/lib/python3.12/site-packages/airflow/example_dags/example_branch_labels.py
[2025-02-12T00:54:27.569+0000] {processor.py:914} INFO - Processing file /home/airflow/.local/lib/python3.12/site-packages/airflow/example_dags/example_branch_labels.py for tasks to queue
[2025-02-12T00:54:27.572+0000] {logging_mixin.py:190} INFO - [2025-02-12T00:54:27.571+0000] {dagbag.py:588} INFO - Filling up the DagBag from /home/airflow/.local/lib/python3.12/site-packages/airflow/example_dags/example_branch_labels.py
[2025-02-12T00:54:27.582+0000] {processor.py:925} INFO - DAG(s) 'example_branch_labels' retrieved from /home/airflow/.local/lib/python3.12/site-packages/airflow/example_dags/example_branch_labels.py
[2025-02-12T00:54:27.604+0000] {logging_mixin.py:190} INFO - [2025-02-12T00:54:27.604+0000] {dag.py:3239} INFO - Sync 1 DAGs
[2025-02-12T00:54:27.635+0000] {logging_mixin.py:190} INFO - [2025-02-12T00:54:27.634+0000] {dag.py:4180} INFO - Setting next_dagrun for example_branch_labels to 2025-02-11 00:00:00+00:00, run_after=2025-02-12 00:00:00+00:00
[2025-02-12T00:54:27.656+0000] {processor.py:208} INFO - Processing /home/airflow/.local/lib/python3.12/site-packages/airflow/example_dags/example_branch_labels.py took 0.093 seconds
[2025-02-12T00:54:57.871+0000] {processor.py:186} INFO - Started process (PID=775) to work on /home/airflow/.local/lib/python3.12/site-packages/airflow/example_dags/example_branch_labels.py
[2025-02-12T00:54:57.872+0000] {processor.py:914} INFO - Processing file /home/airflow/.local/lib/python3.12/site-packages/airflow/example_dags/example_branch_labels.py for tasks to queue
[2025-02-12T00:54:57.876+0000] {logging_mixin.py:190} INFO - [2025-02-12T00:54:57.875+0000] {dagbag.py:588} INFO - Filling up the DagBag from /home/airflow/.local/lib/python3.12/site-packages/airflow/example_dags/example_branch_labels.py
[2025-02-12T00:54:57.890+0000] {processor.py:925} INFO - DAG(s) 'example_branch_labels' retrieved from /home/airflow/.local/lib/python3.12/site-packages/airflow/example_dags/example_branch_labels.py
[2025-02-12T00:54:57.916+0000] {logging_mixin.py:190} INFO - [2025-02-12T00:54:57.916+0000] {dag.py:3239} INFO - Sync 1 DAGs
[2025-02-12T00:54:57.948+0000] {logging_mixin.py:190} INFO - [2025-02-12T00:54:57.947+0000] {dag.py:4180} INFO - Setting next_dagrun for example_branch_labels to 2025-02-11 00:00:00+00:00, run_after=2025-02-12 00:00:00+00:00
[2025-02-12T00:54:57.967+0000] {processor.py:208} INFO - Processing /home/airflow/.local/lib/python3.12/site-packages/airflow/example_dags/example_branch_labels.py took 0.103 seconds
[2025-02-12T00:55:28.135+0000] {processor.py:186} INFO - Started process (PID=841) to work on /home/airflow/.local/lib/python3.12/site-packages/airflow/example_dags/example_branch_labels.py
[2025-02-12T00:55:28.136+0000] {processor.py:914} INFO - Processing file /home/airflow/.local/lib/python3.12/site-packages/airflow/example_dags/example_branch_labels.py for tasks to queue
[2025-02-12T00:55:28.138+0000] {logging_mixin.py:190} INFO - [2025-02-12T00:55:28.138+0000] {dagbag.py:588} INFO - Filling up the DagBag from /home/airflow/.local/lib/python3.12/site-packages/airflow/example_dags/example_branch_labels.py
[2025-02-12T00:55:28.148+0000] {processor.py:925} INFO - DAG(s) 'example_branch_labels' retrieved from /home/airflow/.local/lib/python3.12/site-packages/airflow/example_dags/example_branch_labels.py
[2025-02-12T00:55:28.169+0000] {logging_mixin.py:190} INFO - [2025-02-12T00:55:28.169+0000] {dag.py:3239} INFO - Sync 1 DAGs
[2025-02-12T00:55:28.198+0000] {logging_mixin.py:190} INFO - [2025-02-12T00:55:28.198+0000] {dag.py:4180} INFO - Setting next_dagrun for example_branch_labels to 2025-02-11 00:00:00+00:00, run_after=2025-02-12 00:00:00+00:00
[2025-02-12T00:55:28.219+0000] {processor.py:208} INFO - Processing /home/airflow/.local/lib/python3.12/site-packages/airflow/example_dags/example_branch_labels.py took 0.090 seconds
[2025-02-12T00:57:32.486+0000] {processor.py:186} INFO - Started process (PID=43) to work on /home/airflow/.local/lib/python3.12/site-packages/airflow/example_dags/example_branch_labels.py
[2025-02-12T00:57:32.489+0000] {processor.py:914} INFO - Processing file /home/airflow/.local/lib/python3.12/site-packages/airflow/example_dags/example_branch_labels.py for tasks to queue
[2025-02-12T00:57:32.494+0000] {logging_mixin.py:190} INFO - [2025-02-12T00:57:32.493+0000] {dagbag.py:588} INFO - Filling up the DagBag from /home/airflow/.local/lib/python3.12/site-packages/airflow/example_dags/example_branch_labels.py
[2025-02-12T00:57:32.514+0000] {processor.py:925} INFO - DAG(s) 'example_branch_labels' retrieved from /home/airflow/.local/lib/python3.12/site-packages/airflow/example_dags/example_branch_labels.py
[2025-02-12T00:57:32.571+0000] {logging_mixin.py:190} INFO - [2025-02-12T00:57:32.570+0000] {dag.py:3239} INFO - Sync 1 DAGs
[2025-02-12T00:57:32.614+0000] {logging_mixin.py:190} INFO - [2025-02-12T00:57:32.613+0000] {dag.py:4180} INFO - Setting next_dagrun for example_branch_labels to 2025-02-11 00:00:00+00:00, run_after=2025-02-12 00:00:00+00:00
[2025-02-12T00:57:32.642+0000] {processor.py:208} INFO - Processing /home/airflow/.local/lib/python3.12/site-packages/airflow/example_dags/example_branch_labels.py took 0.164 seconds
[2025-02-12T00:58:03.167+0000] {processor.py:186} INFO - Started process (PID=110) to work on /home/airflow/.local/lib/python3.12/site-packages/airflow/example_dags/example_branch_labels.py
[2025-02-12T00:58:03.168+0000] {processor.py:914} INFO - Processing file /home/airflow/.local/lib/python3.12/site-packages/airflow/example_dags/example_branch_labels.py for tasks to queue
[2025-02-12T00:58:03.174+0000] {logging_mixin.py:190} INFO - [2025-02-12T00:58:03.173+0000] {dagbag.py:588} INFO - Filling up the DagBag from /home/airflow/.local/lib/python3.12/site-packages/airflow/example_dags/example_branch_labels.py
[2025-02-12T00:58:03.190+0000] {processor.py:925} INFO - DAG(s) 'example_branch_labels' retrieved from /home/airflow/.local/lib/python3.12/site-packages/airflow/example_dags/example_branch_labels.py
[2025-02-12T00:58:03.216+0000] {logging_mixin.py:190} INFO - [2025-02-12T00:58:03.216+0000] {dag.py:3239} INFO - Sync 1 DAGs
[2025-02-12T00:58:03.255+0000] {logging_mixin.py:190} INFO - [2025-02-12T00:58:03.255+0000] {dag.py:4180} INFO - Setting next_dagrun for example_branch_labels to 2025-02-11 00:00:00+00:00, run_after=2025-02-12 00:00:00+00:00
[2025-02-12T00:58:03.286+0000] {processor.py:208} INFO - Processing /home/airflow/.local/lib/python3.12/site-packages/airflow/example_dags/example_branch_labels.py took 0.126 seconds
[2025-02-12T00:58:33.741+0000] {processor.py:186} INFO - Started process (PID=181) to work on /home/airflow/.local/lib/python3.12/site-packages/airflow/example_dags/example_branch_labels.py
[2025-02-12T00:58:33.742+0000] {processor.py:914} INFO - Processing file /home/airflow/.local/lib/python3.12/site-packages/airflow/example_dags/example_branch_labels.py for tasks to queue
[2025-02-12T00:58:33.747+0000] {logging_mixin.py:190} INFO - [2025-02-12T00:58:33.745+0000] {dagbag.py:588} INFO - Filling up the DagBag from /home/airflow/.local/lib/python3.12/site-packages/airflow/example_dags/example_branch_labels.py
[2025-02-12T00:58:33.766+0000] {processor.py:925} INFO - DAG(s) 'example_branch_labels' retrieved from /home/airflow/.local/lib/python3.12/site-packages/airflow/example_dags/example_branch_labels.py
[2025-02-12T00:58:33.797+0000] {logging_mixin.py:190} INFO - [2025-02-12T00:58:33.797+0000] {dag.py:3239} INFO - Sync 1 DAGs
[2025-02-12T00:58:33.831+0000] {logging_mixin.py:190} INFO - [2025-02-12T00:58:33.830+0000] {dag.py:4180} INFO - Setting next_dagrun for example_branch_labels to 2025-02-11 00:00:00+00:00, run_after=2025-02-12 00:00:00+00:00
[2025-02-12T00:58:33.856+0000] {processor.py:208} INFO - Processing /home/airflow/.local/lib/python3.12/site-packages/airflow/example_dags/example_branch_labels.py took 0.123 seconds
[2025-02-12T00:59:04.246+0000] {processor.py:186} INFO - Started process (PID=246) to work on /home/airflow/.local/lib/python3.12/site-packages/airflow/example_dags/example_branch_labels.py
[2025-02-12T00:59:04.249+0000] {processor.py:914} INFO - Processing file /home/airflow/.local/lib/python3.12/site-packages/airflow/example_dags/example_branch_labels.py for tasks to queue
[2025-02-12T00:59:04.273+0000] {logging_mixin.py:190} INFO - [2025-02-12T00:59:04.273+0000] {dagbag.py:588} INFO - Filling up the DagBag from /home/airflow/.local/lib/python3.12/site-packages/airflow/example_dags/example_branch_labels.py
[2025-02-12T00:59:04.333+0000] {processor.py:925} INFO - DAG(s) 'example_branch_labels' retrieved from /home/airflow/.local/lib/python3.12/site-packages/airflow/example_dags/example_branch_labels.py
[2025-02-12T00:59:04.362+0000] {logging_mixin.py:190} INFO - [2025-02-12T00:59:04.362+0000] {dag.py:3239} INFO - Sync 1 DAGs
[2025-02-12T00:59:04.393+0000] {logging_mixin.py:190} INFO - [2025-02-12T00:59:04.393+0000] {dag.py:4180} INFO - Setting next_dagrun for example_branch_labels to 2025-02-11 00:00:00+00:00, run_after=2025-02-12 00:00:00+00:00
[2025-02-12T00:59:04.420+0000] {processor.py:208} INFO - Processing /home/airflow/.local/lib/python3.12/site-packages/airflow/example_dags/example_branch_labels.py took 0.181 seconds
[2025-02-12T00:59:34.786+0000] {processor.py:186} INFO - Started process (PID=312) to work on /home/airflow/.local/lib/python3.12/site-packages/airflow/example_dags/example_branch_labels.py
[2025-02-12T00:59:34.787+0000] {processor.py:914} INFO - Processing file /home/airflow/.local/lib/python3.12/site-packages/airflow/example_dags/example_branch_labels.py for tasks to queue
[2025-02-12T00:59:34.794+0000] {logging_mixin.py:190} INFO - [2025-02-12T00:59:34.790+0000] {dagbag.py:588} INFO - Filling up the DagBag from /home/airflow/.local/lib/python3.12/site-packages/airflow/example_dags/example_branch_labels.py
[2025-02-12T00:59:34.820+0000] {processor.py:925} INFO - DAG(s) 'example_branch_labels' retrieved from /home/airflow/.local/lib/python3.12/site-packages/airflow/example_dags/example_branch_labels.py
[2025-02-12T00:59:34.867+0000] {logging_mixin.py:190} INFO - [2025-02-12T00:59:34.866+0000] {dag.py:3239} INFO - Sync 1 DAGs
[2025-02-12T00:59:34.902+0000] {logging_mixin.py:190} INFO - [2025-02-12T00:59:34.901+0000] {dag.py:4180} INFO - Setting next_dagrun for example_branch_labels to 2025-02-11 00:00:00+00:00, run_after=2025-02-12 00:00:00+00:00
[2025-02-12T00:59:34.925+0000] {processor.py:208} INFO - Processing /home/airflow/.local/lib/python3.12/site-packages/airflow/example_dags/example_branch_labels.py took 0.148 seconds
[2025-02-12T01:00:05.553+0000] {processor.py:186} INFO - Started process (PID=378) to work on /home/airflow/.local/lib/python3.12/site-packages/airflow/example_dags/example_branch_labels.py
[2025-02-12T01:00:05.554+0000] {processor.py:914} INFO - Processing file /home/airflow/.local/lib/python3.12/site-packages/airflow/example_dags/example_branch_labels.py for tasks to queue
[2025-02-12T01:00:05.557+0000] {logging_mixin.py:190} INFO - [2025-02-12T01:00:05.556+0000] {dagbag.py:588} INFO - Filling up the DagBag from /home/airflow/.local/lib/python3.12/site-packages/airflow/example_dags/example_branch_labels.py
[2025-02-12T01:00:05.570+0000] {processor.py:925} INFO - DAG(s) 'example_branch_labels' retrieved from /home/airflow/.local/lib/python3.12/site-packages/airflow/example_dags/example_branch_labels.py
[2025-02-12T01:00:05.593+0000] {logging_mixin.py:190} INFO - [2025-02-12T01:00:05.593+0000] {dag.py:3239} INFO - Sync 1 DAGs
[2025-02-12T01:00:05.625+0000] {logging_mixin.py:190} INFO - [2025-02-12T01:00:05.625+0000] {dag.py:4180} INFO - Setting next_dagrun for example_branch_labels to 2025-02-11 00:00:00+00:00, run_after=2025-02-12 00:00:00+00:00
[2025-02-12T01:00:05.647+0000] {processor.py:208} INFO - Processing /home/airflow/.local/lib/python3.12/site-packages/airflow/example_dags/example_branch_labels.py took 0.111 seconds
[2025-02-12T01:03:52.929+0000] {processor.py:186} INFO - Started process (PID=44) to work on /home/airflow/.local/lib/python3.12/site-packages/airflow/example_dags/example_branch_labels.py
[2025-02-12T01:03:52.930+0000] {processor.py:914} INFO - Processing file /home/airflow/.local/lib/python3.12/site-packages/airflow/example_dags/example_branch_labels.py for tasks to queue
[2025-02-12T01:03:52.934+0000] {logging_mixin.py:190} INFO - [2025-02-12T01:03:52.933+0000] {dagbag.py:588} INFO - Filling up the DagBag from /home/airflow/.local/lib/python3.12/site-packages/airflow/example_dags/example_branch_labels.py
[2025-02-12T01:03:52.948+0000] {processor.py:925} INFO - DAG(s) 'example_branch_labels' retrieved from /home/airflow/.local/lib/python3.12/site-packages/airflow/example_dags/example_branch_labels.py
[2025-02-12T01:03:52.986+0000] {logging_mixin.py:190} INFO - [2025-02-12T01:03:52.986+0000] {dag.py:3239} INFO - Sync 1 DAGs
[2025-02-12T01:03:53.013+0000] {logging_mixin.py:190} INFO - [2025-02-12T01:03:53.012+0000] {dag.py:4180} INFO - Setting next_dagrun for example_branch_labels to 2025-02-11 00:00:00+00:00, run_after=2025-02-12 00:00:00+00:00
[2025-02-12T01:03:53.035+0000] {processor.py:208} INFO - Processing /home/airflow/.local/lib/python3.12/site-packages/airflow/example_dags/example_branch_labels.py took 0.111 seconds
[2025-02-12T01:04:23.773+0000] {processor.py:186} INFO - Started process (PID=109) to work on /home/airflow/.local/lib/python3.12/site-packages/airflow/example_dags/example_branch_labels.py
[2025-02-12T01:04:23.774+0000] {processor.py:914} INFO - Processing file /home/airflow/.local/lib/python3.12/site-packages/airflow/example_dags/example_branch_labels.py for tasks to queue
[2025-02-12T01:04:23.777+0000] {logging_mixin.py:190} INFO - [2025-02-12T01:04:23.777+0000] {dagbag.py:588} INFO - Filling up the DagBag from /home/airflow/.local/lib/python3.12/site-packages/airflow/example_dags/example_branch_labels.py
[2025-02-12T01:04:23.793+0000] {processor.py:925} INFO - DAG(s) 'example_branch_labels' retrieved from /home/airflow/.local/lib/python3.12/site-packages/airflow/example_dags/example_branch_labels.py
[2025-02-12T01:04:23.843+0000] {logging_mixin.py:190} INFO - [2025-02-12T01:04:23.843+0000] {dag.py:3239} INFO - Sync 1 DAGs
[2025-02-12T01:04:23.885+0000] {logging_mixin.py:190} INFO - [2025-02-12T01:04:23.885+0000] {dag.py:4180} INFO - Setting next_dagrun for example_branch_labels to 2025-02-11 00:00:00+00:00, run_after=2025-02-12 00:00:00+00:00
[2025-02-12T01:04:23.920+0000] {processor.py:208} INFO - Processing /home/airflow/.local/lib/python3.12/site-packages/airflow/example_dags/example_branch_labels.py took 0.154 seconds
[2025-02-12T01:04:54.910+0000] {processor.py:186} INFO - Started process (PID=176) to work on /home/airflow/.local/lib/python3.12/site-packages/airflow/example_dags/example_branch_labels.py
[2025-02-12T01:04:54.912+0000] {processor.py:914} INFO - Processing file /home/airflow/.local/lib/python3.12/site-packages/airflow/example_dags/example_branch_labels.py for tasks to queue
[2025-02-12T01:04:54.916+0000] {logging_mixin.py:190} INFO - [2025-02-12T01:04:54.915+0000] {dagbag.py:588} INFO - Filling up the DagBag from /home/airflow/.local/lib/python3.12/site-packages/airflow/example_dags/example_branch_labels.py
[2025-02-12T01:04:54.928+0000] {processor.py:925} INFO - DAG(s) 'example_branch_labels' retrieved from /home/airflow/.local/lib/python3.12/site-packages/airflow/example_dags/example_branch_labels.py
[2025-02-12T01:04:54.953+0000] {logging_mixin.py:190} INFO - [2025-02-12T01:04:54.953+0000] {dag.py:3239} INFO - Sync 1 DAGs
[2025-02-12T01:04:54.983+0000] {logging_mixin.py:190} INFO - [2025-02-12T01:04:54.983+0000] {dag.py:4180} INFO - Setting next_dagrun for example_branch_labels to 2025-02-11 00:00:00+00:00, run_after=2025-02-12 00:00:00+00:00
[2025-02-12T01:04:55.003+0000] {processor.py:208} INFO - Processing /home/airflow/.local/lib/python3.12/site-packages/airflow/example_dags/example_branch_labels.py took 0.100 seconds
[2025-02-12T01:05:25.356+0000] {processor.py:186} INFO - Started process (PID=242) to work on /home/airflow/.local/lib/python3.12/site-packages/airflow/example_dags/example_branch_labels.py
[2025-02-12T01:05:25.357+0000] {processor.py:914} INFO - Processing file /home/airflow/.local/lib/python3.12/site-packages/airflow/example_dags/example_branch_labels.py for tasks to queue
[2025-02-12T01:05:25.362+0000] {logging_mixin.py:190} INFO - [2025-02-12T01:05:25.361+0000] {dagbag.py:588} INFO - Filling up the DagBag from /home/airflow/.local/lib/python3.12/site-packages/airflow/example_dags/example_branch_labels.py
[2025-02-12T01:05:25.378+0000] {processor.py:925} INFO - DAG(s) 'example_branch_labels' retrieved from /home/airflow/.local/lib/python3.12/site-packages/airflow/example_dags/example_branch_labels.py
[2025-02-12T01:05:25.409+0000] {logging_mixin.py:190} INFO - [2025-02-12T01:05:25.408+0000] {dag.py:3239} INFO - Sync 1 DAGs
[2025-02-12T01:05:25.460+0000] {logging_mixin.py:190} INFO - [2025-02-12T01:05:25.458+0000] {dag.py:4180} INFO - Setting next_dagrun for example_branch_labels to 2025-02-11 00:00:00+00:00, run_after=2025-02-12 00:00:00+00:00
[2025-02-12T01:05:25.504+0000] {processor.py:208} INFO - Processing /home/airflow/.local/lib/python3.12/site-packages/airflow/example_dags/example_branch_labels.py took 0.157 seconds
[2025-02-12T01:05:56.296+0000] {processor.py:186} INFO - Started process (PID=309) to work on /home/airflow/.local/lib/python3.12/site-packages/airflow/example_dags/example_branch_labels.py
[2025-02-12T01:05:56.306+0000] {processor.py:914} INFO - Processing file /home/airflow/.local/lib/python3.12/site-packages/airflow/example_dags/example_branch_labels.py for tasks to queue
[2025-02-12T01:05:56.314+0000] {logging_mixin.py:190} INFO - [2025-02-12T01:05:56.313+0000] {dagbag.py:588} INFO - Filling up the DagBag from /home/airflow/.local/lib/python3.12/site-packages/airflow/example_dags/example_branch_labels.py
[2025-02-12T01:05:56.348+0000] {processor.py:925} INFO - DAG(s) 'example_branch_labels' retrieved from /home/airflow/.local/lib/python3.12/site-packages/airflow/example_dags/example_branch_labels.py
[2025-02-12T01:05:56.385+0000] {logging_mixin.py:190} INFO - [2025-02-12T01:05:56.385+0000] {dag.py:3239} INFO - Sync 1 DAGs
[2025-02-12T01:05:56.412+0000] {logging_mixin.py:190} INFO - [2025-02-12T01:05:56.412+0000] {dag.py:4180} INFO - Setting next_dagrun for example_branch_labels to 2025-02-11 00:00:00+00:00, run_after=2025-02-12 00:00:00+00:00
[2025-02-12T01:05:56.433+0000] {processor.py:208} INFO - Processing /home/airflow/.local/lib/python3.12/site-packages/airflow/example_dags/example_branch_labels.py took 0.148 seconds
[2025-02-12T01:06:26.720+0000] {processor.py:186} INFO - Started process (PID=376) to work on /home/airflow/.local/lib/python3.12/site-packages/airflow/example_dags/example_branch_labels.py
[2025-02-12T01:06:26.722+0000] {processor.py:914} INFO - Processing file /home/airflow/.local/lib/python3.12/site-packages/airflow/example_dags/example_branch_labels.py for tasks to queue
[2025-02-12T01:06:26.725+0000] {logging_mixin.py:190} INFO - [2025-02-12T01:06:26.724+0000] {dagbag.py:588} INFO - Filling up the DagBag from /home/airflow/.local/lib/python3.12/site-packages/airflow/example_dags/example_branch_labels.py
[2025-02-12T01:06:26.756+0000] {processor.py:925} INFO - DAG(s) 'example_branch_labels' retrieved from /home/airflow/.local/lib/python3.12/site-packages/airflow/example_dags/example_branch_labels.py
[2025-02-12T01:06:26.799+0000] {logging_mixin.py:190} INFO - [2025-02-12T01:06:26.799+0000] {dag.py:3239} INFO - Sync 1 DAGs
[2025-02-12T01:06:26.838+0000] {logging_mixin.py:190} INFO - [2025-02-12T01:06:26.838+0000] {dag.py:4180} INFO - Setting next_dagrun for example_branch_labels to 2025-02-11 00:00:00+00:00, run_after=2025-02-12 00:00:00+00:00
[2025-02-12T01:06:26.873+0000] {processor.py:208} INFO - Processing /home/airflow/.local/lib/python3.12/site-packages/airflow/example_dags/example_branch_labels.py took 0.159 seconds
[2025-02-12T23:14:59.153+0000] {processor.py:186} INFO - Started process (PID=42) to work on /home/airflow/.local/lib/python3.12/site-packages/airflow/example_dags/example_branch_labels.py
[2025-02-12T23:14:59.155+0000] {processor.py:914} INFO - Processing file /home/airflow/.local/lib/python3.12/site-packages/airflow/example_dags/example_branch_labels.py for tasks to queue
[2025-02-12T23:14:59.158+0000] {logging_mixin.py:190} INFO - [2025-02-12T23:14:59.158+0000] {dagbag.py:588} INFO - Filling up the DagBag from /home/airflow/.local/lib/python3.12/site-packages/airflow/example_dags/example_branch_labels.py
[2025-02-12T23:14:59.172+0000] {processor.py:925} INFO - DAG(s) 'example_branch_labels' retrieved from /home/airflow/.local/lib/python3.12/site-packages/airflow/example_dags/example_branch_labels.py
[2025-02-12T23:14:59.201+0000] {logging_mixin.py:190} INFO - [2025-02-12T23:14:59.201+0000] {dag.py:3239} INFO - Sync 1 DAGs
[2025-02-12T23:14:59.234+0000] {logging_mixin.py:190} INFO - [2025-02-12T23:14:59.234+0000] {dag.py:4180} INFO - Setting next_dagrun for example_branch_labels to 2025-02-11 00:00:00+00:00, run_after=2025-02-12 00:00:00+00:00
[2025-02-12T23:14:59.259+0000] {processor.py:208} INFO - Processing /home/airflow/.local/lib/python3.12/site-packages/airflow/example_dags/example_branch_labels.py took 0.115 seconds
[2025-02-12T23:15:29.709+0000] {processor.py:186} INFO - Started process (PID=109) to work on /home/airflow/.local/lib/python3.12/site-packages/airflow/example_dags/example_branch_labels.py
[2025-02-12T23:15:29.710+0000] {processor.py:914} INFO - Processing file /home/airflow/.local/lib/python3.12/site-packages/airflow/example_dags/example_branch_labels.py for tasks to queue
[2025-02-12T23:15:29.712+0000] {logging_mixin.py:190} INFO - [2025-02-12T23:15:29.712+0000] {dagbag.py:588} INFO - Filling up the DagBag from /home/airflow/.local/lib/python3.12/site-packages/airflow/example_dags/example_branch_labels.py
[2025-02-12T23:15:29.723+0000] {processor.py:925} INFO - DAG(s) 'example_branch_labels' retrieved from /home/airflow/.local/lib/python3.12/site-packages/airflow/example_dags/example_branch_labels.py
[2025-02-12T23:15:29.744+0000] {logging_mixin.py:190} INFO - [2025-02-12T23:15:29.744+0000] {dag.py:3239} INFO - Sync 1 DAGs
[2025-02-12T23:15:29.768+0000] {logging_mixin.py:190} INFO - [2025-02-12T23:15:29.768+0000] {dag.py:4180} INFO - Setting next_dagrun for example_branch_labels to 2025-02-11 00:00:00+00:00, run_after=2025-02-12 00:00:00+00:00
[2025-02-12T23:15:29.788+0000] {processor.py:208} INFO - Processing /home/airflow/.local/lib/python3.12/site-packages/airflow/example_dags/example_branch_labels.py took 0.087 seconds
[2025-02-12T23:16:00.262+0000] {processor.py:186} INFO - Started process (PID=175) to work on /home/airflow/.local/lib/python3.12/site-packages/airflow/example_dags/example_branch_labels.py
[2025-02-12T23:16:00.262+0000] {processor.py:914} INFO - Processing file /home/airflow/.local/lib/python3.12/site-packages/airflow/example_dags/example_branch_labels.py for tasks to queue
[2025-02-12T23:16:00.265+0000] {logging_mixin.py:190} INFO - [2025-02-12T23:16:00.264+0000] {dagbag.py:588} INFO - Filling up the DagBag from /home/airflow/.local/lib/python3.12/site-packages/airflow/example_dags/example_branch_labels.py
[2025-02-12T23:16:00.274+0000] {processor.py:925} INFO - DAG(s) 'example_branch_labels' retrieved from /home/airflow/.local/lib/python3.12/site-packages/airflow/example_dags/example_branch_labels.py
[2025-02-12T23:16:00.291+0000] {logging_mixin.py:190} INFO - [2025-02-12T23:16:00.291+0000] {dag.py:3239} INFO - Sync 1 DAGs
[2025-02-12T23:16:00.314+0000] {logging_mixin.py:190} INFO - [2025-02-12T23:16:00.314+0000] {dag.py:4180} INFO - Setting next_dagrun for example_branch_labels to 2025-02-11 00:00:00+00:00, run_after=2025-02-12 00:00:00+00:00
[2025-02-12T23:16:00.332+0000] {processor.py:208} INFO - Processing /home/airflow/.local/lib/python3.12/site-packages/airflow/example_dags/example_branch_labels.py took 0.077 seconds
[2025-02-12T23:16:38.904+0000] {processor.py:186} INFO - Started process (PID=246) to work on /home/airflow/.local/lib/python3.12/site-packages/airflow/example_dags/example_branch_labels.py
[2025-02-12T23:16:38.909+0000] {processor.py:914} INFO - Processing file /home/airflow/.local/lib/python3.12/site-packages/airflow/example_dags/example_branch_labels.py for tasks to queue
[2025-02-12T23:16:38.925+0000] {logging_mixin.py:190} INFO - [2025-02-12T23:16:38.924+0000] {dagbag.py:588} INFO - Filling up the DagBag from /home/airflow/.local/lib/python3.12/site-packages/airflow/example_dags/example_branch_labels.py
[2025-02-12T23:16:38.947+0000] {processor.py:925} INFO - DAG(s) 'example_branch_labels' retrieved from /home/airflow/.local/lib/python3.12/site-packages/airflow/example_dags/example_branch_labels.py
[2025-02-12T23:16:39.002+0000] {logging_mixin.py:190} INFO - [2025-02-12T23:16:39.002+0000] {dag.py:3239} INFO - Sync 1 DAGs
[2025-02-12T23:16:39.096+0000] {logging_mixin.py:190} INFO - [2025-02-12T23:16:39.096+0000] {dag.py:4180} INFO - Setting next_dagrun for example_branch_labels to 2025-02-11 00:00:00+00:00, run_after=2025-02-12 00:00:00+00:00
[2025-02-12T23:16:39.166+0000] {processor.py:208} INFO - Processing /home/airflow/.local/lib/python3.12/site-packages/airflow/example_dags/example_branch_labels.py took 0.278 seconds
[2025-02-12T23:17:10.059+0000] {processor.py:186} INFO - Started process (PID=313) to work on /home/airflow/.local/lib/python3.12/site-packages/airflow/example_dags/example_branch_labels.py
[2025-02-12T23:17:10.060+0000] {processor.py:914} INFO - Processing file /home/airflow/.local/lib/python3.12/site-packages/airflow/example_dags/example_branch_labels.py for tasks to queue
[2025-02-12T23:17:10.064+0000] {logging_mixin.py:190} INFO - [2025-02-12T23:17:10.063+0000] {dagbag.py:588} INFO - Filling up the DagBag from /home/airflow/.local/lib/python3.12/site-packages/airflow/example_dags/example_branch_labels.py
[2025-02-12T23:17:10.076+0000] {processor.py:925} INFO - DAG(s) 'example_branch_labels' retrieved from /home/airflow/.local/lib/python3.12/site-packages/airflow/example_dags/example_branch_labels.py
[2025-02-12T23:17:10.097+0000] {logging_mixin.py:190} INFO - [2025-02-12T23:17:10.096+0000] {dag.py:3239} INFO - Sync 1 DAGs
[2025-02-12T23:17:10.120+0000] {logging_mixin.py:190} INFO - [2025-02-12T23:17:10.120+0000] {dag.py:4180} INFO - Setting next_dagrun for example_branch_labels to 2025-02-11 00:00:00+00:00, run_after=2025-02-12 00:00:00+00:00
[2025-02-12T23:17:10.145+0000] {processor.py:208} INFO - Processing /home/airflow/.local/lib/python3.12/site-packages/airflow/example_dags/example_branch_labels.py took 0.092 seconds
[2025-02-12T23:17:40.356+0000] {processor.py:186} INFO - Started process (PID=379) to work on /home/airflow/.local/lib/python3.12/site-packages/airflow/example_dags/example_branch_labels.py
[2025-02-12T23:17:40.357+0000] {processor.py:914} INFO - Processing file /home/airflow/.local/lib/python3.12/site-packages/airflow/example_dags/example_branch_labels.py for tasks to queue
[2025-02-12T23:17:40.360+0000] {logging_mixin.py:190} INFO - [2025-02-12T23:17:40.359+0000] {dagbag.py:588} INFO - Filling up the DagBag from /home/airflow/.local/lib/python3.12/site-packages/airflow/example_dags/example_branch_labels.py
[2025-02-12T23:17:40.371+0000] {processor.py:925} INFO - DAG(s) 'example_branch_labels' retrieved from /home/airflow/.local/lib/python3.12/site-packages/airflow/example_dags/example_branch_labels.py
[2025-02-12T23:17:40.395+0000] {logging_mixin.py:190} INFO - [2025-02-12T23:17:40.395+0000] {dag.py:3239} INFO - Sync 1 DAGs
[2025-02-12T23:17:40.420+0000] {logging_mixin.py:190} INFO - [2025-02-12T23:17:40.420+0000] {dag.py:4180} INFO - Setting next_dagrun for example_branch_labels to 2025-02-11 00:00:00+00:00, run_after=2025-02-12 00:00:00+00:00
[2025-02-12T23:17:40.440+0000] {processor.py:208} INFO - Processing /home/airflow/.local/lib/python3.12/site-packages/airflow/example_dags/example_branch_labels.py took 0.091 seconds
[2025-02-12T23:21:48.495+0000] {processor.py:186} INFO - Started process (PID=50) to work on /home/airflow/.local/lib/python3.12/site-packages/airflow/example_dags/example_branch_labels.py
[2025-02-12T23:21:48.496+0000] {processor.py:914} INFO - Processing file /home/airflow/.local/lib/python3.12/site-packages/airflow/example_dags/example_branch_labels.py for tasks to queue
[2025-02-12T23:21:48.500+0000] {logging_mixin.py:190} INFO - [2025-02-12T23:21:48.500+0000] {dagbag.py:588} INFO - Filling up the DagBag from /home/airflow/.local/lib/python3.12/site-packages/airflow/example_dags/example_branch_labels.py
[2025-02-12T23:21:48.515+0000] {processor.py:925} INFO - DAG(s) 'example_branch_labels' retrieved from /home/airflow/.local/lib/python3.12/site-packages/airflow/example_dags/example_branch_labels.py
[2025-02-12T23:21:48.558+0000] {logging_mixin.py:190} INFO - [2025-02-12T23:21:48.557+0000] {dag.py:3239} INFO - Sync 1 DAGs
[2025-02-12T23:21:48.592+0000] {logging_mixin.py:190} INFO - [2025-02-12T23:21:48.592+0000] {dag.py:4180} INFO - Setting next_dagrun for example_branch_labels to 2025-02-11 00:00:00+00:00, run_after=2025-02-12 00:00:00+00:00
[2025-02-12T23:21:48.623+0000] {processor.py:208} INFO - Processing /home/airflow/.local/lib/python3.12/site-packages/airflow/example_dags/example_branch_labels.py took 0.137 seconds
[2025-02-12T23:22:22.166+0000] {processor.py:186} INFO - Started process (PID=120) to work on /home/airflow/.local/lib/python3.12/site-packages/airflow/example_dags/example_branch_labels.py
[2025-02-12T23:22:22.167+0000] {processor.py:914} INFO - Processing file /home/airflow/.local/lib/python3.12/site-packages/airflow/example_dags/example_branch_labels.py for tasks to queue
[2025-02-12T23:22:22.180+0000] {logging_mixin.py:190} INFO - [2025-02-12T23:22:22.180+0000] {dagbag.py:588} INFO - Filling up the DagBag from /home/airflow/.local/lib/python3.12/site-packages/airflow/example_dags/example_branch_labels.py
[2025-02-12T23:22:22.226+0000] {processor.py:925} INFO - DAG(s) 'example_branch_labels' retrieved from /home/airflow/.local/lib/python3.12/site-packages/airflow/example_dags/example_branch_labels.py
[2025-02-12T23:22:22.277+0000] {logging_mixin.py:190} INFO - [2025-02-12T23:22:22.277+0000] {dag.py:3239} INFO - Sync 1 DAGs
[2025-02-12T23:22:22.370+0000] {logging_mixin.py:190} INFO - [2025-02-12T23:22:22.370+0000] {dag.py:4180} INFO - Setting next_dagrun for example_branch_labels to 2025-02-11 00:00:00+00:00, run_after=2025-02-12 00:00:00+00:00
[2025-02-12T23:22:22.428+0000] {processor.py:208} INFO - Processing /home/airflow/.local/lib/python3.12/site-packages/airflow/example_dags/example_branch_labels.py took 0.270 seconds
[2025-02-12T23:22:52.920+0000] {processor.py:186} INFO - Started process (PID=188) to work on /home/airflow/.local/lib/python3.12/site-packages/airflow/example_dags/example_branch_labels.py
[2025-02-12T23:22:52.922+0000] {processor.py:914} INFO - Processing file /home/airflow/.local/lib/python3.12/site-packages/airflow/example_dags/example_branch_labels.py for tasks to queue
[2025-02-12T23:22:52.925+0000] {logging_mixin.py:190} INFO - [2025-02-12T23:22:52.925+0000] {dagbag.py:588} INFO - Filling up the DagBag from /home/airflow/.local/lib/python3.12/site-packages/airflow/example_dags/example_branch_labels.py
[2025-02-12T23:22:52.948+0000] {processor.py:925} INFO - DAG(s) 'example_branch_labels' retrieved from /home/airflow/.local/lib/python3.12/site-packages/airflow/example_dags/example_branch_labels.py
[2025-02-12T23:22:52.989+0000] {logging_mixin.py:190} INFO - [2025-02-12T23:22:52.988+0000] {dag.py:3239} INFO - Sync 1 DAGs
[2025-02-12T23:22:53.036+0000] {logging_mixin.py:190} INFO - [2025-02-12T23:22:53.036+0000] {dag.py:4180} INFO - Setting next_dagrun for example_branch_labels to 2025-02-11 00:00:00+00:00, run_after=2025-02-12 00:00:00+00:00
[2025-02-12T23:22:53.089+0000] {processor.py:208} INFO - Processing /home/airflow/.local/lib/python3.12/site-packages/airflow/example_dags/example_branch_labels.py took 0.181 seconds
[2025-02-12T23:23:23.500+0000] {processor.py:186} INFO - Started process (PID=253) to work on /home/airflow/.local/lib/python3.12/site-packages/airflow/example_dags/example_branch_labels.py
[2025-02-12T23:23:23.508+0000] {processor.py:914} INFO - Processing file /home/airflow/.local/lib/python3.12/site-packages/airflow/example_dags/example_branch_labels.py for tasks to queue
[2025-02-12T23:23:23.511+0000] {logging_mixin.py:190} INFO - [2025-02-12T23:23:23.511+0000] {dagbag.py:588} INFO - Filling up the DagBag from /home/airflow/.local/lib/python3.12/site-packages/airflow/example_dags/example_branch_labels.py
[2025-02-12T23:23:23.534+0000] {processor.py:925} INFO - DAG(s) 'example_branch_labels' retrieved from /home/airflow/.local/lib/python3.12/site-packages/airflow/example_dags/example_branch_labels.py
[2025-02-12T23:23:23.592+0000] {logging_mixin.py:190} INFO - [2025-02-12T23:23:23.592+0000] {dag.py:3239} INFO - Sync 1 DAGs
[2025-02-12T23:23:23.646+0000] {logging_mixin.py:190} INFO - [2025-02-12T23:23:23.645+0000] {dag.py:4180} INFO - Setting next_dagrun for example_branch_labels to 2025-02-11 00:00:00+00:00, run_after=2025-02-12 00:00:00+00:00
[2025-02-12T23:23:23.718+0000] {processor.py:208} INFO - Processing /home/airflow/.local/lib/python3.12/site-packages/airflow/example_dags/example_branch_labels.py took 0.236 seconds
[2025-02-12T23:23:54.331+0000] {processor.py:186} INFO - Started process (PID=319) to work on /home/airflow/.local/lib/python3.12/site-packages/airflow/example_dags/example_branch_labels.py
[2025-02-12T23:23:54.332+0000] {processor.py:914} INFO - Processing file /home/airflow/.local/lib/python3.12/site-packages/airflow/example_dags/example_branch_labels.py for tasks to queue
[2025-02-12T23:23:54.335+0000] {logging_mixin.py:190} INFO - [2025-02-12T23:23:54.335+0000] {dagbag.py:588} INFO - Filling up the DagBag from /home/airflow/.local/lib/python3.12/site-packages/airflow/example_dags/example_branch_labels.py
[2025-02-12T23:23:54.350+0000] {processor.py:925} INFO - DAG(s) 'example_branch_labels' retrieved from /home/airflow/.local/lib/python3.12/site-packages/airflow/example_dags/example_branch_labels.py
[2025-02-12T23:23:54.391+0000] {logging_mixin.py:190} INFO - [2025-02-12T23:23:54.391+0000] {dag.py:3239} INFO - Sync 1 DAGs
[2025-02-12T23:23:54.448+0000] {logging_mixin.py:190} INFO - [2025-02-12T23:23:54.447+0000] {dag.py:4180} INFO - Setting next_dagrun for example_branch_labels to 2025-02-11 00:00:00+00:00, run_after=2025-02-12 00:00:00+00:00
[2025-02-12T23:23:54.515+0000] {processor.py:208} INFO - Processing /home/airflow/.local/lib/python3.12/site-packages/airflow/example_dags/example_branch_labels.py took 0.191 seconds
[2025-02-12T23:24:24.883+0000] {processor.py:186} INFO - Started process (PID=385) to work on /home/airflow/.local/lib/python3.12/site-packages/airflow/example_dags/example_branch_labels.py
[2025-02-12T23:24:24.884+0000] {processor.py:914} INFO - Processing file /home/airflow/.local/lib/python3.12/site-packages/airflow/example_dags/example_branch_labels.py for tasks to queue
[2025-02-12T23:24:24.888+0000] {logging_mixin.py:190} INFO - [2025-02-12T23:24:24.887+0000] {dagbag.py:588} INFO - Filling up the DagBag from /home/airflow/.local/lib/python3.12/site-packages/airflow/example_dags/example_branch_labels.py
[2025-02-12T23:24:24.901+0000] {processor.py:925} INFO - DAG(s) 'example_branch_labels' retrieved from /home/airflow/.local/lib/python3.12/site-packages/airflow/example_dags/example_branch_labels.py
[2025-02-12T23:24:24.926+0000] {logging_mixin.py:190} INFO - [2025-02-12T23:24:24.926+0000] {dag.py:3239} INFO - Sync 1 DAGs
[2025-02-12T23:24:24.964+0000] {logging_mixin.py:190} INFO - [2025-02-12T23:24:24.962+0000] {dag.py:4180} INFO - Setting next_dagrun for example_branch_labels to 2025-02-11 00:00:00+00:00, run_after=2025-02-12 00:00:00+00:00
[2025-02-12T23:24:24.990+0000] {processor.py:208} INFO - Processing /home/airflow/.local/lib/python3.12/site-packages/airflow/example_dags/example_branch_labels.py took 0.116 seconds
[2025-02-12T23:24:55.450+0000] {processor.py:186} INFO - Started process (PID=451) to work on /home/airflow/.local/lib/python3.12/site-packages/airflow/example_dags/example_branch_labels.py
[2025-02-12T23:24:55.455+0000] {processor.py:914} INFO - Processing file /home/airflow/.local/lib/python3.12/site-packages/airflow/example_dags/example_branch_labels.py for tasks to queue
[2025-02-12T23:24:55.458+0000] {logging_mixin.py:190} INFO - [2025-02-12T23:24:55.458+0000] {dagbag.py:588} INFO - Filling up the DagBag from /home/airflow/.local/lib/python3.12/site-packages/airflow/example_dags/example_branch_labels.py
[2025-02-12T23:24:55.477+0000] {processor.py:925} INFO - DAG(s) 'example_branch_labels' retrieved from /home/airflow/.local/lib/python3.12/site-packages/airflow/example_dags/example_branch_labels.py
[2025-02-12T23:24:55.517+0000] {logging_mixin.py:190} INFO - [2025-02-12T23:24:55.516+0000] {dag.py:3239} INFO - Sync 1 DAGs
[2025-02-12T23:24:55.551+0000] {logging_mixin.py:190} INFO - [2025-02-12T23:24:55.551+0000] {dag.py:4180} INFO - Setting next_dagrun for example_branch_labels to 2025-02-11 00:00:00+00:00, run_after=2025-02-12 00:00:00+00:00
[2025-02-12T23:24:55.581+0000] {processor.py:208} INFO - Processing /home/airflow/.local/lib/python3.12/site-packages/airflow/example_dags/example_branch_labels.py took 0.136 seconds
[2025-02-12T23:25:26.106+0000] {processor.py:186} INFO - Started process (PID=517) to work on /home/airflow/.local/lib/python3.12/site-packages/airflow/example_dags/example_branch_labels.py
[2025-02-12T23:25:26.108+0000] {processor.py:914} INFO - Processing file /home/airflow/.local/lib/python3.12/site-packages/airflow/example_dags/example_branch_labels.py for tasks to queue
[2025-02-12T23:25:26.121+0000] {logging_mixin.py:190} INFO - [2025-02-12T23:25:26.111+0000] {dagbag.py:588} INFO - Filling up the DagBag from /home/airflow/.local/lib/python3.12/site-packages/airflow/example_dags/example_branch_labels.py
[2025-02-12T23:25:26.145+0000] {processor.py:925} INFO - DAG(s) 'example_branch_labels' retrieved from /home/airflow/.local/lib/python3.12/site-packages/airflow/example_dags/example_branch_labels.py
[2025-02-12T23:25:26.234+0000] {logging_mixin.py:190} INFO - [2025-02-12T23:25:26.234+0000] {dag.py:3239} INFO - Sync 1 DAGs
[2025-02-12T23:25:26.326+0000] {logging_mixin.py:190} INFO - [2025-02-12T23:25:26.325+0000] {dag.py:4180} INFO - Setting next_dagrun for example_branch_labels to 2025-02-11 00:00:00+00:00, run_after=2025-02-12 00:00:00+00:00
[2025-02-12T23:25:26.379+0000] {processor.py:208} INFO - Processing /home/airflow/.local/lib/python3.12/site-packages/airflow/example_dags/example_branch_labels.py took 0.292 seconds
[2025-02-12T23:25:57.192+0000] {processor.py:186} INFO - Started process (PID=583) to work on /home/airflow/.local/lib/python3.12/site-packages/airflow/example_dags/example_branch_labels.py
[2025-02-12T23:25:57.195+0000] {processor.py:914} INFO - Processing file /home/airflow/.local/lib/python3.12/site-packages/airflow/example_dags/example_branch_labels.py for tasks to queue
[2025-02-12T23:25:57.199+0000] {logging_mixin.py:190} INFO - [2025-02-12T23:25:57.199+0000] {dagbag.py:588} INFO - Filling up the DagBag from /home/airflow/.local/lib/python3.12/site-packages/airflow/example_dags/example_branch_labels.py
[2025-02-12T23:25:57.215+0000] {processor.py:925} INFO - DAG(s) 'example_branch_labels' retrieved from /home/airflow/.local/lib/python3.12/site-packages/airflow/example_dags/example_branch_labels.py
[2025-02-12T23:25:57.275+0000] {logging_mixin.py:190} INFO - [2025-02-12T23:25:57.275+0000] {dag.py:3239} INFO - Sync 1 DAGs
[2025-02-12T23:25:57.362+0000] {logging_mixin.py:190} INFO - [2025-02-12T23:25:57.361+0000] {dag.py:4180} INFO - Setting next_dagrun for example_branch_labels to 2025-02-11 00:00:00+00:00, run_after=2025-02-12 00:00:00+00:00
[2025-02-12T23:25:57.420+0000] {processor.py:208} INFO - Processing /home/airflow/.local/lib/python3.12/site-packages/airflow/example_dags/example_branch_labels.py took 0.242 seconds
[2025-02-12T23:26:27.983+0000] {processor.py:186} INFO - Started process (PID=649) to work on /home/airflow/.local/lib/python3.12/site-packages/airflow/example_dags/example_branch_labels.py
[2025-02-12T23:26:27.984+0000] {processor.py:914} INFO - Processing file /home/airflow/.local/lib/python3.12/site-packages/airflow/example_dags/example_branch_labels.py for tasks to queue
[2025-02-12T23:26:27.995+0000] {logging_mixin.py:190} INFO - [2025-02-12T23:26:27.995+0000] {dagbag.py:588} INFO - Filling up the DagBag from /home/airflow/.local/lib/python3.12/site-packages/airflow/example_dags/example_branch_labels.py
[2025-02-12T23:26:28.032+0000] {processor.py:925} INFO - DAG(s) 'example_branch_labels' retrieved from /home/airflow/.local/lib/python3.12/site-packages/airflow/example_dags/example_branch_labels.py
[2025-02-12T23:26:28.099+0000] {logging_mixin.py:190} INFO - [2025-02-12T23:26:28.098+0000] {dag.py:3239} INFO - Sync 1 DAGs
[2025-02-12T23:26:28.190+0000] {logging_mixin.py:190} INFO - [2025-02-12T23:26:28.189+0000] {dag.py:4180} INFO - Setting next_dagrun for example_branch_labels to 2025-02-11 00:00:00+00:00, run_after=2025-02-12 00:00:00+00:00
[2025-02-12T23:26:28.305+0000] {processor.py:208} INFO - Processing /home/airflow/.local/lib/python3.12/site-packages/airflow/example_dags/example_branch_labels.py took 0.339 seconds
[2025-02-12T23:26:58.388+0000] {processor.py:186} INFO - Started process (PID=715) to work on /home/airflow/.local/lib/python3.12/site-packages/airflow/example_dags/example_branch_labels.py
[2025-02-12T23:26:58.389+0000] {processor.py:914} INFO - Processing file /home/airflow/.local/lib/python3.12/site-packages/airflow/example_dags/example_branch_labels.py for tasks to queue
[2025-02-12T23:26:58.392+0000] {logging_mixin.py:190} INFO - [2025-02-12T23:26:58.392+0000] {dagbag.py:588} INFO - Filling up the DagBag from /home/airflow/.local/lib/python3.12/site-packages/airflow/example_dags/example_branch_labels.py
[2025-02-12T23:26:58.405+0000] {processor.py:925} INFO - DAG(s) 'example_branch_labels' retrieved from /home/airflow/.local/lib/python3.12/site-packages/airflow/example_dags/example_branch_labels.py
[2025-02-12T23:26:58.429+0000] {logging_mixin.py:190} INFO - [2025-02-12T23:26:58.429+0000] {dag.py:3239} INFO - Sync 1 DAGs
[2025-02-12T23:26:58.459+0000] {logging_mixin.py:190} INFO - [2025-02-12T23:26:58.458+0000] {dag.py:4180} INFO - Setting next_dagrun for example_branch_labels to 2025-02-11 00:00:00+00:00, run_after=2025-02-12 00:00:00+00:00
[2025-02-12T23:26:58.481+0000] {processor.py:208} INFO - Processing /home/airflow/.local/lib/python3.12/site-packages/airflow/example_dags/example_branch_labels.py took 0.100 seconds
[2025-02-12T23:27:29.536+0000] {processor.py:186} INFO - Started process (PID=781) to work on /home/airflow/.local/lib/python3.12/site-packages/airflow/example_dags/example_branch_labels.py
[2025-02-12T23:27:29.537+0000] {processor.py:914} INFO - Processing file /home/airflow/.local/lib/python3.12/site-packages/airflow/example_dags/example_branch_labels.py for tasks to queue
[2025-02-12T23:27:29.551+0000] {logging_mixin.py:190} INFO - [2025-02-12T23:27:29.540+0000] {dagbag.py:588} INFO - Filling up the DagBag from /home/airflow/.local/lib/python3.12/site-packages/airflow/example_dags/example_branch_labels.py
[2025-02-12T23:27:29.572+0000] {processor.py:925} INFO - DAG(s) 'example_branch_labels' retrieved from /home/airflow/.local/lib/python3.12/site-packages/airflow/example_dags/example_branch_labels.py
[2025-02-12T23:27:29.630+0000] {logging_mixin.py:190} INFO - [2025-02-12T23:27:29.629+0000] {dag.py:3239} INFO - Sync 1 DAGs
[2025-02-12T23:27:29.703+0000] {logging_mixin.py:190} INFO - [2025-02-12T23:27:29.702+0000] {dag.py:4180} INFO - Setting next_dagrun for example_branch_labels to 2025-02-11 00:00:00+00:00, run_after=2025-02-12 00:00:00+00:00
[2025-02-12T23:27:29.771+0000] {processor.py:208} INFO - Processing /home/airflow/.local/lib/python3.12/site-packages/airflow/example_dags/example_branch_labels.py took 0.252 seconds
[2025-02-12T23:28:00.509+0000] {processor.py:186} INFO - Started process (PID=847) to work on /home/airflow/.local/lib/python3.12/site-packages/airflow/example_dags/example_branch_labels.py
[2025-02-12T23:28:00.511+0000] {processor.py:914} INFO - Processing file /home/airflow/.local/lib/python3.12/site-packages/airflow/example_dags/example_branch_labels.py for tasks to queue
[2025-02-12T23:28:00.515+0000] {logging_mixin.py:190} INFO - [2025-02-12T23:28:00.514+0000] {dagbag.py:588} INFO - Filling up the DagBag from /home/airflow/.local/lib/python3.12/site-packages/airflow/example_dags/example_branch_labels.py
[2025-02-12T23:28:00.543+0000] {processor.py:925} INFO - DAG(s) 'example_branch_labels' retrieved from /home/airflow/.local/lib/python3.12/site-packages/airflow/example_dags/example_branch_labels.py
[2025-02-12T23:28:00.583+0000] {logging_mixin.py:190} INFO - [2025-02-12T23:28:00.583+0000] {dag.py:3239} INFO - Sync 1 DAGs
[2025-02-12T23:28:00.625+0000] {logging_mixin.py:190} INFO - [2025-02-12T23:28:00.624+0000] {dag.py:4180} INFO - Setting next_dagrun for example_branch_labels to 2025-02-11 00:00:00+00:00, run_after=2025-02-12 00:00:00+00:00
[2025-02-12T23:28:00.671+0000] {processor.py:208} INFO - Processing /home/airflow/.local/lib/python3.12/site-packages/airflow/example_dags/example_branch_labels.py took 0.172 seconds
[2025-02-12T23:28:30.855+0000] {processor.py:186} INFO - Started process (PID=914) to work on /home/airflow/.local/lib/python3.12/site-packages/airflow/example_dags/example_branch_labels.py
[2025-02-12T23:28:30.856+0000] {processor.py:914} INFO - Processing file /home/airflow/.local/lib/python3.12/site-packages/airflow/example_dags/example_branch_labels.py for tasks to queue
[2025-02-12T23:28:30.859+0000] {logging_mixin.py:190} INFO - [2025-02-12T23:28:30.858+0000] {dagbag.py:588} INFO - Filling up the DagBag from /home/airflow/.local/lib/python3.12/site-packages/airflow/example_dags/example_branch_labels.py
[2025-02-12T23:28:30.872+0000] {processor.py:925} INFO - DAG(s) 'example_branch_labels' retrieved from /home/airflow/.local/lib/python3.12/site-packages/airflow/example_dags/example_branch_labels.py
[2025-02-12T23:28:30.899+0000] {logging_mixin.py:190} INFO - [2025-02-12T23:28:30.899+0000] {dag.py:3239} INFO - Sync 1 DAGs
[2025-02-12T23:28:30.928+0000] {logging_mixin.py:190} INFO - [2025-02-12T23:28:30.928+0000] {dag.py:4180} INFO - Setting next_dagrun for example_branch_labels to 2025-02-11 00:00:00+00:00, run_after=2025-02-12 00:00:00+00:00
[2025-02-12T23:28:30.955+0000] {processor.py:208} INFO - Processing /home/airflow/.local/lib/python3.12/site-packages/airflow/example_dags/example_branch_labels.py took 0.109 seconds
[2025-02-12T23:29:01.512+0000] {processor.py:186} INFO - Started process (PID=980) to work on /home/airflow/.local/lib/python3.12/site-packages/airflow/example_dags/example_branch_labels.py
[2025-02-12T23:29:01.513+0000] {processor.py:914} INFO - Processing file /home/airflow/.local/lib/python3.12/site-packages/airflow/example_dags/example_branch_labels.py for tasks to queue
[2025-02-12T23:29:01.516+0000] {logging_mixin.py:190} INFO - [2025-02-12T23:29:01.515+0000] {dagbag.py:588} INFO - Filling up the DagBag from /home/airflow/.local/lib/python3.12/site-packages/airflow/example_dags/example_branch_labels.py
[2025-02-12T23:29:01.528+0000] {processor.py:925} INFO - DAG(s) 'example_branch_labels' retrieved from /home/airflow/.local/lib/python3.12/site-packages/airflow/example_dags/example_branch_labels.py
[2025-02-12T23:29:01.552+0000] {logging_mixin.py:190} INFO - [2025-02-12T23:29:01.551+0000] {dag.py:3239} INFO - Sync 1 DAGs
[2025-02-12T23:29:01.576+0000] {logging_mixin.py:190} INFO - [2025-02-12T23:29:01.575+0000] {dag.py:4180} INFO - Setting next_dagrun for example_branch_labels to 2025-02-11 00:00:00+00:00, run_after=2025-02-12 00:00:00+00:00
[2025-02-12T23:29:01.601+0000] {processor.py:208} INFO - Processing /home/airflow/.local/lib/python3.12/site-packages/airflow/example_dags/example_branch_labels.py took 0.095 seconds
[2025-02-12T23:29:32.460+0000] {processor.py:186} INFO - Started process (PID=1046) to work on /home/airflow/.local/lib/python3.12/site-packages/airflow/example_dags/example_branch_labels.py
[2025-02-12T23:29:32.461+0000] {processor.py:914} INFO - Processing file /home/airflow/.local/lib/python3.12/site-packages/airflow/example_dags/example_branch_labels.py for tasks to queue
[2025-02-12T23:29:32.463+0000] {logging_mixin.py:190} INFO - [2025-02-12T23:29:32.463+0000] {dagbag.py:588} INFO - Filling up the DagBag from /home/airflow/.local/lib/python3.12/site-packages/airflow/example_dags/example_branch_labels.py
[2025-02-12T23:29:32.475+0000] {processor.py:925} INFO - DAG(s) 'example_branch_labels' retrieved from /home/airflow/.local/lib/python3.12/site-packages/airflow/example_dags/example_branch_labels.py
[2025-02-12T23:29:32.498+0000] {logging_mixin.py:190} INFO - [2025-02-12T23:29:32.498+0000] {dag.py:3239} INFO - Sync 1 DAGs
[2025-02-12T23:29:32.530+0000] {logging_mixin.py:190} INFO - [2025-02-12T23:29:32.530+0000] {dag.py:4180} INFO - Setting next_dagrun for example_branch_labels to 2025-02-11 00:00:00+00:00, run_after=2025-02-12 00:00:00+00:00
[2025-02-12T23:29:32.552+0000] {processor.py:208} INFO - Processing /home/airflow/.local/lib/python3.12/site-packages/airflow/example_dags/example_branch_labels.py took 0.099 seconds
[2025-02-12T23:30:03.478+0000] {processor.py:186} INFO - Started process (PID=1112) to work on /home/airflow/.local/lib/python3.12/site-packages/airflow/example_dags/example_branch_labels.py
[2025-02-12T23:30:03.480+0000] {processor.py:914} INFO - Processing file /home/airflow/.local/lib/python3.12/site-packages/airflow/example_dags/example_branch_labels.py for tasks to queue
[2025-02-12T23:30:03.484+0000] {logging_mixin.py:190} INFO - [2025-02-12T23:30:03.483+0000] {dagbag.py:588} INFO - Filling up the DagBag from /home/airflow/.local/lib/python3.12/site-packages/airflow/example_dags/example_branch_labels.py
[2025-02-12T23:30:03.494+0000] {processor.py:925} INFO - DAG(s) 'example_branch_labels' retrieved from /home/airflow/.local/lib/python3.12/site-packages/airflow/example_dags/example_branch_labels.py
[2025-02-12T23:30:03.518+0000] {logging_mixin.py:190} INFO - [2025-02-12T23:30:03.518+0000] {dag.py:3239} INFO - Sync 1 DAGs
[2025-02-12T23:30:03.549+0000] {logging_mixin.py:190} INFO - [2025-02-12T23:30:03.549+0000] {dag.py:4180} INFO - Setting next_dagrun for example_branch_labels to 2025-02-11 00:00:00+00:00, run_after=2025-02-12 00:00:00+00:00
[2025-02-12T23:30:03.571+0000] {processor.py:208} INFO - Processing /home/airflow/.local/lib/python3.12/site-packages/airflow/example_dags/example_branch_labels.py took 0.099 seconds
[2025-02-12T23:30:34.594+0000] {processor.py:186} INFO - Started process (PID=1178) to work on /home/airflow/.local/lib/python3.12/site-packages/airflow/example_dags/example_branch_labels.py
[2025-02-12T23:30:34.595+0000] {processor.py:914} INFO - Processing file /home/airflow/.local/lib/python3.12/site-packages/airflow/example_dags/example_branch_labels.py for tasks to queue
[2025-02-12T23:30:34.599+0000] {logging_mixin.py:190} INFO - [2025-02-12T23:30:34.598+0000] {dagbag.py:588} INFO - Filling up the DagBag from /home/airflow/.local/lib/python3.12/site-packages/airflow/example_dags/example_branch_labels.py
[2025-02-12T23:30:34.609+0000] {processor.py:925} INFO - DAG(s) 'example_branch_labels' retrieved from /home/airflow/.local/lib/python3.12/site-packages/airflow/example_dags/example_branch_labels.py
[2025-02-12T23:30:34.634+0000] {logging_mixin.py:190} INFO - [2025-02-12T23:30:34.634+0000] {dag.py:3239} INFO - Sync 1 DAGs
[2025-02-12T23:30:34.661+0000] {logging_mixin.py:190} INFO - [2025-02-12T23:30:34.661+0000] {dag.py:4180} INFO - Setting next_dagrun for example_branch_labels to 2025-02-11 00:00:00+00:00, run_after=2025-02-12 00:00:00+00:00
[2025-02-12T23:30:34.684+0000] {processor.py:208} INFO - Processing /home/airflow/.local/lib/python3.12/site-packages/airflow/example_dags/example_branch_labels.py took 0.096 seconds
[2025-02-12T23:31:04.991+0000] {processor.py:186} INFO - Started process (PID=1244) to work on /home/airflow/.local/lib/python3.12/site-packages/airflow/example_dags/example_branch_labels.py
[2025-02-12T23:31:04.992+0000] {processor.py:914} INFO - Processing file /home/airflow/.local/lib/python3.12/site-packages/airflow/example_dags/example_branch_labels.py for tasks to queue
[2025-02-12T23:31:04.995+0000] {logging_mixin.py:190} INFO - [2025-02-12T23:31:04.994+0000] {dagbag.py:588} INFO - Filling up the DagBag from /home/airflow/.local/lib/python3.12/site-packages/airflow/example_dags/example_branch_labels.py
[2025-02-12T23:31:05.012+0000] {processor.py:925} INFO - DAG(s) 'example_branch_labels' retrieved from /home/airflow/.local/lib/python3.12/site-packages/airflow/example_dags/example_branch_labels.py
[2025-02-12T23:31:05.038+0000] {logging_mixin.py:190} INFO - [2025-02-12T23:31:05.037+0000] {dag.py:3239} INFO - Sync 1 DAGs
[2025-02-12T23:31:05.071+0000] {logging_mixin.py:190} INFO - [2025-02-12T23:31:05.070+0000] {dag.py:4180} INFO - Setting next_dagrun for example_branch_labels to 2025-02-11 00:00:00+00:00, run_after=2025-02-12 00:00:00+00:00
[2025-02-12T23:31:05.098+0000] {processor.py:208} INFO - Processing /home/airflow/.local/lib/python3.12/site-packages/airflow/example_dags/example_branch_labels.py took 0.114 seconds
[2025-02-12T23:31:35.455+0000] {processor.py:186} INFO - Started process (PID=1310) to work on /home/airflow/.local/lib/python3.12/site-packages/airflow/example_dags/example_branch_labels.py
[2025-02-12T23:31:35.456+0000] {processor.py:914} INFO - Processing file /home/airflow/.local/lib/python3.12/site-packages/airflow/example_dags/example_branch_labels.py for tasks to queue
[2025-02-12T23:31:35.459+0000] {logging_mixin.py:190} INFO - [2025-02-12T23:31:35.458+0000] {dagbag.py:588} INFO - Filling up the DagBag from /home/airflow/.local/lib/python3.12/site-packages/airflow/example_dags/example_branch_labels.py
[2025-02-12T23:31:35.473+0000] {processor.py:925} INFO - DAG(s) 'example_branch_labels' retrieved from /home/airflow/.local/lib/python3.12/site-packages/airflow/example_dags/example_branch_labels.py
[2025-02-12T23:31:35.500+0000] {logging_mixin.py:190} INFO - [2025-02-12T23:31:35.500+0000] {dag.py:3239} INFO - Sync 1 DAGs
[2025-02-12T23:31:35.531+0000] {logging_mixin.py:190} INFO - [2025-02-12T23:31:35.530+0000] {dag.py:4180} INFO - Setting next_dagrun for example_branch_labels to 2025-02-11 00:00:00+00:00, run_after=2025-02-12 00:00:00+00:00
[2025-02-12T23:31:35.552+0000] {processor.py:208} INFO - Processing /home/airflow/.local/lib/python3.12/site-packages/airflow/example_dags/example_branch_labels.py took 0.104 seconds
[2025-02-12T23:32:05.806+0000] {processor.py:186} INFO - Started process (PID=1376) to work on /home/airflow/.local/lib/python3.12/site-packages/airflow/example_dags/example_branch_labels.py
[2025-02-12T23:32:05.808+0000] {processor.py:914} INFO - Processing file /home/airflow/.local/lib/python3.12/site-packages/airflow/example_dags/example_branch_labels.py for tasks to queue
[2025-02-12T23:32:05.811+0000] {logging_mixin.py:190} INFO - [2025-02-12T23:32:05.810+0000] {dagbag.py:588} INFO - Filling up the DagBag from /home/airflow/.local/lib/python3.12/site-packages/airflow/example_dags/example_branch_labels.py
[2025-02-12T23:32:05.826+0000] {processor.py:925} INFO - DAG(s) 'example_branch_labels' retrieved from /home/airflow/.local/lib/python3.12/site-packages/airflow/example_dags/example_branch_labels.py
[2025-02-12T23:32:05.854+0000] {logging_mixin.py:190} INFO - [2025-02-12T23:32:05.854+0000] {dag.py:3239} INFO - Sync 1 DAGs
[2025-02-12T23:32:05.888+0000] {logging_mixin.py:190} INFO - [2025-02-12T23:32:05.888+0000] {dag.py:4180} INFO - Setting next_dagrun for example_branch_labels to 2025-02-11 00:00:00+00:00, run_after=2025-02-12 00:00:00+00:00
[2025-02-12T23:32:05.911+0000] {processor.py:208} INFO - Processing /home/airflow/.local/lib/python3.12/site-packages/airflow/example_dags/example_branch_labels.py took 0.118 seconds
[2025-02-12T23:32:36.105+0000] {processor.py:186} INFO - Started process (PID=1442) to work on /home/airflow/.local/lib/python3.12/site-packages/airflow/example_dags/example_branch_labels.py
[2025-02-12T23:32:36.106+0000] {processor.py:914} INFO - Processing file /home/airflow/.local/lib/python3.12/site-packages/airflow/example_dags/example_branch_labels.py for tasks to queue
[2025-02-12T23:32:36.109+0000] {logging_mixin.py:190} INFO - [2025-02-12T23:32:36.109+0000] {dagbag.py:588} INFO - Filling up the DagBag from /home/airflow/.local/lib/python3.12/site-packages/airflow/example_dags/example_branch_labels.py
[2025-02-12T23:32:36.125+0000] {processor.py:925} INFO - DAG(s) 'example_branch_labels' retrieved from /home/airflow/.local/lib/python3.12/site-packages/airflow/example_dags/example_branch_labels.py
[2025-02-12T23:32:36.158+0000] {logging_mixin.py:190} INFO - [2025-02-12T23:32:36.158+0000] {dag.py:3239} INFO - Sync 1 DAGs
[2025-02-12T23:32:36.195+0000] {logging_mixin.py:190} INFO - [2025-02-12T23:32:36.194+0000] {dag.py:4180} INFO - Setting next_dagrun for example_branch_labels to 2025-02-11 00:00:00+00:00, run_after=2025-02-12 00:00:00+00:00
[2025-02-12T23:32:36.231+0000] {processor.py:208} INFO - Processing /home/airflow/.local/lib/python3.12/site-packages/airflow/example_dags/example_branch_labels.py took 0.133 seconds
[2025-02-12T23:33:06.357+0000] {processor.py:186} INFO - Started process (PID=1508) to work on /home/airflow/.local/lib/python3.12/site-packages/airflow/example_dags/example_branch_labels.py
[2025-02-12T23:33:06.358+0000] {processor.py:914} INFO - Processing file /home/airflow/.local/lib/python3.12/site-packages/airflow/example_dags/example_branch_labels.py for tasks to queue
[2025-02-12T23:33:06.361+0000] {logging_mixin.py:190} INFO - [2025-02-12T23:33:06.360+0000] {dagbag.py:588} INFO - Filling up the DagBag from /home/airflow/.local/lib/python3.12/site-packages/airflow/example_dags/example_branch_labels.py
[2025-02-12T23:33:06.372+0000] {processor.py:925} INFO - DAG(s) 'example_branch_labels' retrieved from /home/airflow/.local/lib/python3.12/site-packages/airflow/example_dags/example_branch_labels.py
[2025-02-12T23:33:06.399+0000] {logging_mixin.py:190} INFO - [2025-02-12T23:33:06.399+0000] {dag.py:3239} INFO - Sync 1 DAGs
[2025-02-12T23:33:06.436+0000] {logging_mixin.py:190} INFO - [2025-02-12T23:33:06.436+0000] {dag.py:4180} INFO - Setting next_dagrun for example_branch_labels to 2025-02-11 00:00:00+00:00, run_after=2025-02-12 00:00:00+00:00
[2025-02-12T23:33:06.456+0000] {processor.py:208} INFO - Processing /home/airflow/.local/lib/python3.12/site-packages/airflow/example_dags/example_branch_labels.py took 0.106 seconds
[2025-02-12T23:33:37.400+0000] {processor.py:186} INFO - Started process (PID=1574) to work on /home/airflow/.local/lib/python3.12/site-packages/airflow/example_dags/example_branch_labels.py
[2025-02-12T23:33:37.401+0000] {processor.py:914} INFO - Processing file /home/airflow/.local/lib/python3.12/site-packages/airflow/example_dags/example_branch_labels.py for tasks to queue
[2025-02-12T23:33:37.404+0000] {logging_mixin.py:190} INFO - [2025-02-12T23:33:37.404+0000] {dagbag.py:588} INFO - Filling up the DagBag from /home/airflow/.local/lib/python3.12/site-packages/airflow/example_dags/example_branch_labels.py
[2025-02-12T23:33:37.416+0000] {processor.py:925} INFO - DAG(s) 'example_branch_labels' retrieved from /home/airflow/.local/lib/python3.12/site-packages/airflow/example_dags/example_branch_labels.py
[2025-02-12T23:33:37.438+0000] {logging_mixin.py:190} INFO - [2025-02-12T23:33:37.438+0000] {dag.py:3239} INFO - Sync 1 DAGs
[2025-02-12T23:33:37.462+0000] {logging_mixin.py:190} INFO - [2025-02-12T23:33:37.461+0000] {dag.py:4180} INFO - Setting next_dagrun for example_branch_labels to 2025-02-11 00:00:00+00:00, run_after=2025-02-12 00:00:00+00:00
[2025-02-12T23:33:37.482+0000] {processor.py:208} INFO - Processing /home/airflow/.local/lib/python3.12/site-packages/airflow/example_dags/example_branch_labels.py took 0.090 seconds
[2025-02-12T23:34:07.948+0000] {processor.py:186} INFO - Started process (PID=1638) to work on /home/airflow/.local/lib/python3.12/site-packages/airflow/example_dags/example_branch_labels.py
[2025-02-12T23:34:07.949+0000] {processor.py:914} INFO - Processing file /home/airflow/.local/lib/python3.12/site-packages/airflow/example_dags/example_branch_labels.py for tasks to queue
[2025-02-12T23:34:07.952+0000] {logging_mixin.py:190} INFO - [2025-02-12T23:34:07.952+0000] {dagbag.py:588} INFO - Filling up the DagBag from /home/airflow/.local/lib/python3.12/site-packages/airflow/example_dags/example_branch_labels.py
[2025-02-12T23:34:07.967+0000] {processor.py:925} INFO - DAG(s) 'example_branch_labels' retrieved from /home/airflow/.local/lib/python3.12/site-packages/airflow/example_dags/example_branch_labels.py
[2025-02-12T23:34:07.999+0000] {logging_mixin.py:190} INFO - [2025-02-12T23:34:07.999+0000] {dag.py:3239} INFO - Sync 1 DAGs
[2025-02-12T23:34:08.028+0000] {logging_mixin.py:190} INFO - [2025-02-12T23:34:08.028+0000] {dag.py:4180} INFO - Setting next_dagrun for example_branch_labels to 2025-02-11 00:00:00+00:00, run_after=2025-02-12 00:00:00+00:00
[2025-02-12T23:34:08.051+0000] {processor.py:208} INFO - Processing /home/airflow/.local/lib/python3.12/site-packages/airflow/example_dags/example_branch_labels.py took 0.111 seconds
[2025-02-12T23:34:38.195+0000] {processor.py:186} INFO - Started process (PID=1704) to work on /home/airflow/.local/lib/python3.12/site-packages/airflow/example_dags/example_branch_labels.py
[2025-02-12T23:34:38.196+0000] {processor.py:914} INFO - Processing file /home/airflow/.local/lib/python3.12/site-packages/airflow/example_dags/example_branch_labels.py for tasks to queue
[2025-02-12T23:34:38.199+0000] {logging_mixin.py:190} INFO - [2025-02-12T23:34:38.199+0000] {dagbag.py:588} INFO - Filling up the DagBag from /home/airflow/.local/lib/python3.12/site-packages/airflow/example_dags/example_branch_labels.py
[2025-02-12T23:34:38.219+0000] {processor.py:925} INFO - DAG(s) 'example_branch_labels' retrieved from /home/airflow/.local/lib/python3.12/site-packages/airflow/example_dags/example_branch_labels.py
[2025-02-12T23:34:38.244+0000] {logging_mixin.py:190} INFO - [2025-02-12T23:34:38.244+0000] {dag.py:3239} INFO - Sync 1 DAGs
[2025-02-12T23:34:38.273+0000] {logging_mixin.py:190} INFO - [2025-02-12T23:34:38.272+0000] {dag.py:4180} INFO - Setting next_dagrun for example_branch_labels to 2025-02-11 00:00:00+00:00, run_after=2025-02-12 00:00:00+00:00
[2025-02-12T23:34:38.295+0000] {processor.py:208} INFO - Processing /home/airflow/.local/lib/python3.12/site-packages/airflow/example_dags/example_branch_labels.py took 0.109 seconds
[2025-02-12T23:35:11.423+0000] {processor.py:186} INFO - Started process (PID=1744) to work on /home/airflow/.local/lib/python3.12/site-packages/airflow/example_dags/example_branch_labels.py
[2025-02-12T23:35:11.433+0000] {processor.py:914} INFO - Processing file /home/airflow/.local/lib/python3.12/site-packages/airflow/example_dags/example_branch_labels.py for tasks to queue
[2025-02-12T23:35:11.448+0000] {logging_mixin.py:190} INFO - [2025-02-12T23:35:11.448+0000] {dagbag.py:588} INFO - Filling up the DagBag from /home/airflow/.local/lib/python3.12/site-packages/airflow/example_dags/example_branch_labels.py
[2025-02-12T23:35:11.480+0000] {processor.py:925} INFO - DAG(s) 'example_branch_labels' retrieved from /home/airflow/.local/lib/python3.12/site-packages/airflow/example_dags/example_branch_labels.py
[2025-02-12T23:35:11.538+0000] {logging_mixin.py:190} INFO - [2025-02-12T23:35:11.537+0000] {dag.py:3239} INFO - Sync 1 DAGs
[2025-02-12T23:35:11.624+0000] {logging_mixin.py:190} INFO - [2025-02-12T23:35:11.624+0000] {dag.py:4180} INFO - Setting next_dagrun for example_branch_labels to 2025-02-11 00:00:00+00:00, run_after=2025-02-12 00:00:00+00:00
[2025-02-12T23:35:11.753+0000] {processor.py:208} INFO - Processing /home/airflow/.local/lib/python3.12/site-packages/airflow/example_dags/example_branch_labels.py took 0.338 seconds
[2025-02-12T23:35:42.590+0000] {processor.py:186} INFO - Started process (PID=1811) to work on /home/airflow/.local/lib/python3.12/site-packages/airflow/example_dags/example_branch_labels.py
[2025-02-12T23:35:42.591+0000] {processor.py:914} INFO - Processing file /home/airflow/.local/lib/python3.12/site-packages/airflow/example_dags/example_branch_labels.py for tasks to queue
[2025-02-12T23:35:42.594+0000] {logging_mixin.py:190} INFO - [2025-02-12T23:35:42.594+0000] {dagbag.py:588} INFO - Filling up the DagBag from /home/airflow/.local/lib/python3.12/site-packages/airflow/example_dags/example_branch_labels.py
[2025-02-12T23:35:42.607+0000] {processor.py:925} INFO - DAG(s) 'example_branch_labels' retrieved from /home/airflow/.local/lib/python3.12/site-packages/airflow/example_dags/example_branch_labels.py
[2025-02-12T23:35:42.633+0000] {logging_mixin.py:190} INFO - [2025-02-12T23:35:42.633+0000] {dag.py:3239} INFO - Sync 1 DAGs
[2025-02-12T23:35:42.672+0000] {logging_mixin.py:190} INFO - [2025-02-12T23:35:42.671+0000] {dag.py:4180} INFO - Setting next_dagrun for example_branch_labels to 2025-02-11 00:00:00+00:00, run_after=2025-02-12 00:00:00+00:00
[2025-02-12T23:35:42.701+0000] {processor.py:208} INFO - Processing /home/airflow/.local/lib/python3.12/site-packages/airflow/example_dags/example_branch_labels.py took 0.117 seconds
[2025-02-12T23:36:13.037+0000] {processor.py:186} INFO - Started process (PID=1877) to work on /home/airflow/.local/lib/python3.12/site-packages/airflow/example_dags/example_branch_labels.py
[2025-02-12T23:36:13.040+0000] {processor.py:914} INFO - Processing file /home/airflow/.local/lib/python3.12/site-packages/airflow/example_dags/example_branch_labels.py for tasks to queue
[2025-02-12T23:36:13.044+0000] {logging_mixin.py:190} INFO - [2025-02-12T23:36:13.043+0000] {dagbag.py:588} INFO - Filling up the DagBag from /home/airflow/.local/lib/python3.12/site-packages/airflow/example_dags/example_branch_labels.py
[2025-02-12T23:36:13.057+0000] {processor.py:925} INFO - DAG(s) 'example_branch_labels' retrieved from /home/airflow/.local/lib/python3.12/site-packages/airflow/example_dags/example_branch_labels.py
[2025-02-12T23:36:13.080+0000] {logging_mixin.py:190} INFO - [2025-02-12T23:36:13.080+0000] {dag.py:3239} INFO - Sync 1 DAGs
[2025-02-12T23:36:13.113+0000] {logging_mixin.py:190} INFO - [2025-02-12T23:36:13.113+0000] {dag.py:4180} INFO - Setting next_dagrun for example_branch_labels to 2025-02-11 00:00:00+00:00, run_after=2025-02-12 00:00:00+00:00
[2025-02-12T23:36:13.146+0000] {processor.py:208} INFO - Processing /home/airflow/.local/lib/python3.12/site-packages/airflow/example_dags/example_branch_labels.py took 0.117 seconds
[2025-02-12T23:36:43.916+0000] {processor.py:186} INFO - Started process (PID=1943) to work on /home/airflow/.local/lib/python3.12/site-packages/airflow/example_dags/example_branch_labels.py
[2025-02-12T23:36:43.917+0000] {processor.py:914} INFO - Processing file /home/airflow/.local/lib/python3.12/site-packages/airflow/example_dags/example_branch_labels.py for tasks to queue
[2025-02-12T23:36:43.920+0000] {logging_mixin.py:190} INFO - [2025-02-12T23:36:43.919+0000] {dagbag.py:588} INFO - Filling up the DagBag from /home/airflow/.local/lib/python3.12/site-packages/airflow/example_dags/example_branch_labels.py
[2025-02-12T23:36:43.944+0000] {processor.py:925} INFO - DAG(s) 'example_branch_labels' retrieved from /home/airflow/.local/lib/python3.12/site-packages/airflow/example_dags/example_branch_labels.py
[2025-02-12T23:36:43.964+0000] {logging_mixin.py:190} INFO - [2025-02-12T23:36:43.964+0000] {dag.py:3239} INFO - Sync 1 DAGs
[2025-02-12T23:36:43.993+0000] {logging_mixin.py:190} INFO - [2025-02-12T23:36:43.993+0000] {dag.py:4180} INFO - Setting next_dagrun for example_branch_labels to 2025-02-11 00:00:00+00:00, run_after=2025-02-12 00:00:00+00:00
[2025-02-12T23:36:44.016+0000] {processor.py:208} INFO - Processing /home/airflow/.local/lib/python3.12/site-packages/airflow/example_dags/example_branch_labels.py took 0.106 seconds
[2025-02-12T23:37:14.078+0000] {processor.py:186} INFO - Started process (PID=2008) to work on /home/airflow/.local/lib/python3.12/site-packages/airflow/example_dags/example_branch_labels.py
[2025-02-12T23:37:14.079+0000] {processor.py:914} INFO - Processing file /home/airflow/.local/lib/python3.12/site-packages/airflow/example_dags/example_branch_labels.py for tasks to queue
[2025-02-12T23:37:14.082+0000] {logging_mixin.py:190} INFO - [2025-02-12T23:37:14.081+0000] {dagbag.py:588} INFO - Filling up the DagBag from /home/airflow/.local/lib/python3.12/site-packages/airflow/example_dags/example_branch_labels.py
[2025-02-12T23:37:14.093+0000] {processor.py:925} INFO - DAG(s) 'example_branch_labels' retrieved from /home/airflow/.local/lib/python3.12/site-packages/airflow/example_dags/example_branch_labels.py
[2025-02-12T23:37:14.111+0000] {logging_mixin.py:190} INFO - [2025-02-12T23:37:14.111+0000] {dag.py:3239} INFO - Sync 1 DAGs
[2025-02-12T23:37:14.135+0000] {logging_mixin.py:190} INFO - [2025-02-12T23:37:14.135+0000] {dag.py:4180} INFO - Setting next_dagrun for example_branch_labels to 2025-02-11 00:00:00+00:00, run_after=2025-02-12 00:00:00+00:00
[2025-02-12T23:37:14.155+0000] {processor.py:208} INFO - Processing /home/airflow/.local/lib/python3.12/site-packages/airflow/example_dags/example_branch_labels.py took 0.087 seconds
[2025-02-12T23:37:44.852+0000] {processor.py:186} INFO - Started process (PID=2074) to work on /home/airflow/.local/lib/python3.12/site-packages/airflow/example_dags/example_branch_labels.py
[2025-02-12T23:37:44.854+0000] {processor.py:914} INFO - Processing file /home/airflow/.local/lib/python3.12/site-packages/airflow/example_dags/example_branch_labels.py for tasks to queue
[2025-02-12T23:37:44.856+0000] {logging_mixin.py:190} INFO - [2025-02-12T23:37:44.856+0000] {dagbag.py:588} INFO - Filling up the DagBag from /home/airflow/.local/lib/python3.12/site-packages/airflow/example_dags/example_branch_labels.py
[2025-02-12T23:37:44.872+0000] {processor.py:925} INFO - DAG(s) 'example_branch_labels' retrieved from /home/airflow/.local/lib/python3.12/site-packages/airflow/example_dags/example_branch_labels.py
[2025-02-12T23:37:44.898+0000] {logging_mixin.py:190} INFO - [2025-02-12T23:37:44.898+0000] {dag.py:3239} INFO - Sync 1 DAGs
[2025-02-12T23:37:44.931+0000] {logging_mixin.py:190} INFO - [2025-02-12T23:37:44.930+0000] {dag.py:4180} INFO - Setting next_dagrun for example_branch_labels to 2025-02-11 00:00:00+00:00, run_after=2025-02-12 00:00:00+00:00
[2025-02-12T23:37:44.964+0000] {processor.py:208} INFO - Processing /home/airflow/.local/lib/python3.12/site-packages/airflow/example_dags/example_branch_labels.py took 0.120 seconds
[2025-02-12T23:38:15.769+0000] {processor.py:186} INFO - Started process (PID=2138) to work on /home/airflow/.local/lib/python3.12/site-packages/airflow/example_dags/example_branch_labels.py
[2025-02-12T23:38:15.770+0000] {processor.py:914} INFO - Processing file /home/airflow/.local/lib/python3.12/site-packages/airflow/example_dags/example_branch_labels.py for tasks to queue
[2025-02-12T23:38:15.772+0000] {logging_mixin.py:190} INFO - [2025-02-12T23:38:15.772+0000] {dagbag.py:588} INFO - Filling up the DagBag from /home/airflow/.local/lib/python3.12/site-packages/airflow/example_dags/example_branch_labels.py
[2025-02-12T23:38:15.786+0000] {processor.py:925} INFO - DAG(s) 'example_branch_labels' retrieved from /home/airflow/.local/lib/python3.12/site-packages/airflow/example_dags/example_branch_labels.py
[2025-02-12T23:38:15.811+0000] {logging_mixin.py:190} INFO - [2025-02-12T23:38:15.811+0000] {dag.py:3239} INFO - Sync 1 DAGs
[2025-02-12T23:38:15.837+0000] {logging_mixin.py:190} INFO - [2025-02-12T23:38:15.837+0000] {dag.py:4180} INFO - Setting next_dagrun for example_branch_labels to 2025-02-11 00:00:00+00:00, run_after=2025-02-12 00:00:00+00:00
[2025-02-12T23:38:15.861+0000] {processor.py:208} INFO - Processing /home/airflow/.local/lib/python3.12/site-packages/airflow/example_dags/example_branch_labels.py took 0.100 seconds
[2025-02-12T23:38:46.506+0000] {processor.py:186} INFO - Started process (PID=2204) to work on /home/airflow/.local/lib/python3.12/site-packages/airflow/example_dags/example_branch_labels.py
[2025-02-12T23:38:46.509+0000] {processor.py:914} INFO - Processing file /home/airflow/.local/lib/python3.12/site-packages/airflow/example_dags/example_branch_labels.py for tasks to queue
[2025-02-12T23:38:46.512+0000] {logging_mixin.py:190} INFO - [2025-02-12T23:38:46.512+0000] {dagbag.py:588} INFO - Filling up the DagBag from /home/airflow/.local/lib/python3.12/site-packages/airflow/example_dags/example_branch_labels.py
[2025-02-12T23:38:46.523+0000] {processor.py:925} INFO - DAG(s) 'example_branch_labels' retrieved from /home/airflow/.local/lib/python3.12/site-packages/airflow/example_dags/example_branch_labels.py
[2025-02-12T23:38:46.547+0000] {logging_mixin.py:190} INFO - [2025-02-12T23:38:46.546+0000] {dag.py:3239} INFO - Sync 1 DAGs
[2025-02-12T23:38:46.579+0000] {logging_mixin.py:190} INFO - [2025-02-12T23:38:46.578+0000] {dag.py:4180} INFO - Setting next_dagrun for example_branch_labels to 2025-02-11 00:00:00+00:00, run_after=2025-02-12 00:00:00+00:00
[2025-02-12T23:38:46.604+0000] {processor.py:208} INFO - Processing /home/airflow/.local/lib/python3.12/site-packages/airflow/example_dags/example_branch_labels.py took 0.104 seconds
[2025-02-12T23:39:16.813+0000] {processor.py:186} INFO - Started process (PID=2270) to work on /home/airflow/.local/lib/python3.12/site-packages/airflow/example_dags/example_branch_labels.py
[2025-02-12T23:39:16.815+0000] {processor.py:914} INFO - Processing file /home/airflow/.local/lib/python3.12/site-packages/airflow/example_dags/example_branch_labels.py for tasks to queue
[2025-02-12T23:39:16.817+0000] {logging_mixin.py:190} INFO - [2025-02-12T23:39:16.817+0000] {dagbag.py:588} INFO - Filling up the DagBag from /home/airflow/.local/lib/python3.12/site-packages/airflow/example_dags/example_branch_labels.py
[2025-02-12T23:39:16.830+0000] {processor.py:925} INFO - DAG(s) 'example_branch_labels' retrieved from /home/airflow/.local/lib/python3.12/site-packages/airflow/example_dags/example_branch_labels.py
[2025-02-12T23:39:16.853+0000] {logging_mixin.py:190} INFO - [2025-02-12T23:39:16.852+0000] {dag.py:3239} INFO - Sync 1 DAGs
[2025-02-12T23:39:16.882+0000] {logging_mixin.py:190} INFO - [2025-02-12T23:39:16.881+0000] {dag.py:4180} INFO - Setting next_dagrun for example_branch_labels to 2025-02-11 00:00:00+00:00, run_after=2025-02-12 00:00:00+00:00
[2025-02-12T23:39:16.905+0000] {processor.py:208} INFO - Processing /home/airflow/.local/lib/python3.12/site-packages/airflow/example_dags/example_branch_labels.py took 0.098 seconds
[2025-02-12T23:39:47.171+0000] {processor.py:186} INFO - Started process (PID=2336) to work on /home/airflow/.local/lib/python3.12/site-packages/airflow/example_dags/example_branch_labels.py
[2025-02-12T23:39:47.177+0000] {processor.py:914} INFO - Processing file /home/airflow/.local/lib/python3.12/site-packages/airflow/example_dags/example_branch_labels.py for tasks to queue
[2025-02-12T23:39:47.180+0000] {logging_mixin.py:190} INFO - [2025-02-12T23:39:47.180+0000] {dagbag.py:588} INFO - Filling up the DagBag from /home/airflow/.local/lib/python3.12/site-packages/airflow/example_dags/example_branch_labels.py
[2025-02-12T23:39:47.196+0000] {processor.py:925} INFO - DAG(s) 'example_branch_labels' retrieved from /home/airflow/.local/lib/python3.12/site-packages/airflow/example_dags/example_branch_labels.py
[2025-02-12T23:39:47.221+0000] {logging_mixin.py:190} INFO - [2025-02-12T23:39:47.221+0000] {dag.py:3239} INFO - Sync 1 DAGs
[2025-02-12T23:39:47.279+0000] {logging_mixin.py:190} INFO - [2025-02-12T23:39:47.279+0000] {dag.py:4180} INFO - Setting next_dagrun for example_branch_labels to 2025-02-11 00:00:00+00:00, run_after=2025-02-12 00:00:00+00:00
[2025-02-12T23:39:47.325+0000] {processor.py:208} INFO - Processing /home/airflow/.local/lib/python3.12/site-packages/airflow/example_dags/example_branch_labels.py took 0.162 seconds
[2025-02-12T23:40:17.694+0000] {processor.py:186} INFO - Started process (PID=2402) to work on /home/airflow/.local/lib/python3.12/site-packages/airflow/example_dags/example_branch_labels.py
[2025-02-12T23:40:17.695+0000] {processor.py:914} INFO - Processing file /home/airflow/.local/lib/python3.12/site-packages/airflow/example_dags/example_branch_labels.py for tasks to queue
[2025-02-12T23:40:17.698+0000] {logging_mixin.py:190} INFO - [2025-02-12T23:40:17.698+0000] {dagbag.py:588} INFO - Filling up the DagBag from /home/airflow/.local/lib/python3.12/site-packages/airflow/example_dags/example_branch_labels.py
[2025-02-12T23:40:17.711+0000] {processor.py:925} INFO - DAG(s) 'example_branch_labels' retrieved from /home/airflow/.local/lib/python3.12/site-packages/airflow/example_dags/example_branch_labels.py
[2025-02-12T23:40:17.733+0000] {logging_mixin.py:190} INFO - [2025-02-12T23:40:17.733+0000] {dag.py:3239} INFO - Sync 1 DAGs
[2025-02-12T23:40:17.762+0000] {logging_mixin.py:190} INFO - [2025-02-12T23:40:17.761+0000] {dag.py:4180} INFO - Setting next_dagrun for example_branch_labels to 2025-02-11 00:00:00+00:00, run_after=2025-02-12 00:00:00+00:00
[2025-02-12T23:40:17.781+0000] {processor.py:208} INFO - Processing /home/airflow/.local/lib/python3.12/site-packages/airflow/example_dags/example_branch_labels.py took 0.096 seconds
[2025-02-12T23:40:48.199+0000] {processor.py:186} INFO - Started process (PID=2468) to work on /home/airflow/.local/lib/python3.12/site-packages/airflow/example_dags/example_branch_labels.py
[2025-02-12T23:40:48.200+0000] {processor.py:914} INFO - Processing file /home/airflow/.local/lib/python3.12/site-packages/airflow/example_dags/example_branch_labels.py for tasks to queue
[2025-02-12T23:40:48.204+0000] {logging_mixin.py:190} INFO - [2025-02-12T23:40:48.204+0000] {dagbag.py:588} INFO - Filling up the DagBag from /home/airflow/.local/lib/python3.12/site-packages/airflow/example_dags/example_branch_labels.py
[2025-02-12T23:40:48.217+0000] {processor.py:925} INFO - DAG(s) 'example_branch_labels' retrieved from /home/airflow/.local/lib/python3.12/site-packages/airflow/example_dags/example_branch_labels.py
[2025-02-12T23:40:48.242+0000] {logging_mixin.py:190} INFO - [2025-02-12T23:40:48.242+0000] {dag.py:3239} INFO - Sync 1 DAGs
[2025-02-12T23:40:48.268+0000] {logging_mixin.py:190} INFO - [2025-02-12T23:40:48.268+0000] {dag.py:4180} INFO - Setting next_dagrun for example_branch_labels to 2025-02-11 00:00:00+00:00, run_after=2025-02-12 00:00:00+00:00
[2025-02-12T23:40:48.289+0000] {processor.py:208} INFO - Processing /home/airflow/.local/lib/python3.12/site-packages/airflow/example_dags/example_branch_labels.py took 0.098 seconds
[2025-02-12T23:41:18.884+0000] {processor.py:186} INFO - Started process (PID=2534) to work on /home/airflow/.local/lib/python3.12/site-packages/airflow/example_dags/example_branch_labels.py
[2025-02-12T23:41:18.885+0000] {processor.py:914} INFO - Processing file /home/airflow/.local/lib/python3.12/site-packages/airflow/example_dags/example_branch_labels.py for tasks to queue
[2025-02-12T23:41:18.889+0000] {logging_mixin.py:190} INFO - [2025-02-12T23:41:18.888+0000] {dagbag.py:588} INFO - Filling up the DagBag from /home/airflow/.local/lib/python3.12/site-packages/airflow/example_dags/example_branch_labels.py
[2025-02-12T23:41:18.904+0000] {processor.py:925} INFO - DAG(s) 'example_branch_labels' retrieved from /home/airflow/.local/lib/python3.12/site-packages/airflow/example_dags/example_branch_labels.py
[2025-02-12T23:41:18.932+0000] {logging_mixin.py:190} INFO - [2025-02-12T23:41:18.932+0000] {dag.py:3239} INFO - Sync 1 DAGs
[2025-02-12T23:41:18.969+0000] {logging_mixin.py:190} INFO - [2025-02-12T23:41:18.968+0000] {dag.py:4180} INFO - Setting next_dagrun for example_branch_labels to 2025-02-11 00:00:00+00:00, run_after=2025-02-12 00:00:00+00:00
[2025-02-12T23:41:19.012+0000] {processor.py:208} INFO - Processing /home/airflow/.local/lib/python3.12/site-packages/airflow/example_dags/example_branch_labels.py took 0.135 seconds
[2025-02-12T23:41:49.381+0000] {processor.py:186} INFO - Started process (PID=2599) to work on /home/airflow/.local/lib/python3.12/site-packages/airflow/example_dags/example_branch_labels.py
[2025-02-12T23:41:49.382+0000] {processor.py:914} INFO - Processing file /home/airflow/.local/lib/python3.12/site-packages/airflow/example_dags/example_branch_labels.py for tasks to queue
[2025-02-12T23:41:49.385+0000] {logging_mixin.py:190} INFO - [2025-02-12T23:41:49.384+0000] {dagbag.py:588} INFO - Filling up the DagBag from /home/airflow/.local/lib/python3.12/site-packages/airflow/example_dags/example_branch_labels.py
[2025-02-12T23:41:49.395+0000] {processor.py:925} INFO - DAG(s) 'example_branch_labels' retrieved from /home/airflow/.local/lib/python3.12/site-packages/airflow/example_dags/example_branch_labels.py
[2025-02-12T23:41:49.417+0000] {logging_mixin.py:190} INFO - [2025-02-12T23:41:49.417+0000] {dag.py:3239} INFO - Sync 1 DAGs
[2025-02-12T23:41:49.451+0000] {logging_mixin.py:190} INFO - [2025-02-12T23:41:49.451+0000] {dag.py:4180} INFO - Setting next_dagrun for example_branch_labels to 2025-02-11 00:00:00+00:00, run_after=2025-02-12 00:00:00+00:00
[2025-02-12T23:41:49.475+0000] {processor.py:208} INFO - Processing /home/airflow/.local/lib/python3.12/site-packages/airflow/example_dags/example_branch_labels.py took 0.101 seconds
[2025-02-12T23:42:20.274+0000] {processor.py:186} INFO - Started process (PID=2665) to work on /home/airflow/.local/lib/python3.12/site-packages/airflow/example_dags/example_branch_labels.py
[2025-02-12T23:42:20.275+0000] {processor.py:914} INFO - Processing file /home/airflow/.local/lib/python3.12/site-packages/airflow/example_dags/example_branch_labels.py for tasks to queue
[2025-02-12T23:42:20.277+0000] {logging_mixin.py:190} INFO - [2025-02-12T23:42:20.277+0000] {dagbag.py:588} INFO - Filling up the DagBag from /home/airflow/.local/lib/python3.12/site-packages/airflow/example_dags/example_branch_labels.py
[2025-02-12T23:42:20.288+0000] {processor.py:925} INFO - DAG(s) 'example_branch_labels' retrieved from /home/airflow/.local/lib/python3.12/site-packages/airflow/example_dags/example_branch_labels.py
[2025-02-12T23:42:20.309+0000] {logging_mixin.py:190} INFO - [2025-02-12T23:42:20.309+0000] {dag.py:3239} INFO - Sync 1 DAGs
[2025-02-12T23:42:20.338+0000] {logging_mixin.py:190} INFO - [2025-02-12T23:42:20.338+0000] {dag.py:4180} INFO - Setting next_dagrun for example_branch_labels to 2025-02-11 00:00:00+00:00, run_after=2025-02-12 00:00:00+00:00
[2025-02-12T23:42:20.360+0000] {processor.py:208} INFO - Processing /home/airflow/.local/lib/python3.12/site-packages/airflow/example_dags/example_branch_labels.py took 0.093 seconds
[2025-02-12T23:42:52.147+0000] {processor.py:186} INFO - Started process (PID=2731) to work on /home/airflow/.local/lib/python3.12/site-packages/airflow/example_dags/example_branch_labels.py
[2025-02-12T23:42:52.148+0000] {processor.py:914} INFO - Processing file /home/airflow/.local/lib/python3.12/site-packages/airflow/example_dags/example_branch_labels.py for tasks to queue
[2025-02-12T23:42:52.151+0000] {logging_mixin.py:190} INFO - [2025-02-12T23:42:52.150+0000] {dagbag.py:588} INFO - Filling up the DagBag from /home/airflow/.local/lib/python3.12/site-packages/airflow/example_dags/example_branch_labels.py
[2025-02-12T23:42:52.165+0000] {processor.py:925} INFO - DAG(s) 'example_branch_labels' retrieved from /home/airflow/.local/lib/python3.12/site-packages/airflow/example_dags/example_branch_labels.py
[2025-02-12T23:42:52.223+0000] {logging_mixin.py:190} INFO - [2025-02-12T23:42:52.223+0000] {dag.py:3239} INFO - Sync 1 DAGs
[2025-02-12T23:42:52.280+0000] {logging_mixin.py:190} INFO - [2025-02-12T23:42:52.280+0000] {dag.py:4180} INFO - Setting next_dagrun for example_branch_labels to 2025-02-11 00:00:00+00:00, run_after=2025-02-12 00:00:00+00:00
[2025-02-12T23:42:52.315+0000] {processor.py:208} INFO - Processing /home/airflow/.local/lib/python3.12/site-packages/airflow/example_dags/example_branch_labels.py took 0.182 seconds
[2025-02-12T23:43:23.484+0000] {processor.py:186} INFO - Started process (PID=2797) to work on /home/airflow/.local/lib/python3.12/site-packages/airflow/example_dags/example_branch_labels.py
[2025-02-12T23:43:23.485+0000] {processor.py:914} INFO - Processing file /home/airflow/.local/lib/python3.12/site-packages/airflow/example_dags/example_branch_labels.py for tasks to queue
[2025-02-12T23:43:23.487+0000] {logging_mixin.py:190} INFO - [2025-02-12T23:43:23.487+0000] {dagbag.py:588} INFO - Filling up the DagBag from /home/airflow/.local/lib/python3.12/site-packages/airflow/example_dags/example_branch_labels.py
[2025-02-12T23:43:23.499+0000] {processor.py:925} INFO - DAG(s) 'example_branch_labels' retrieved from /home/airflow/.local/lib/python3.12/site-packages/airflow/example_dags/example_branch_labels.py
[2025-02-12T23:43:23.522+0000] {logging_mixin.py:190} INFO - [2025-02-12T23:43:23.522+0000] {dag.py:3239} INFO - Sync 1 DAGs
[2025-02-12T23:43:23.553+0000] {logging_mixin.py:190} INFO - [2025-02-12T23:43:23.552+0000] {dag.py:4180} INFO - Setting next_dagrun for example_branch_labels to 2025-02-11 00:00:00+00:00, run_after=2025-02-12 00:00:00+00:00
[2025-02-12T23:43:23.575+0000] {processor.py:208} INFO - Processing /home/airflow/.local/lib/python3.12/site-packages/airflow/example_dags/example_branch_labels.py took 0.098 seconds
[2025-02-12T23:43:54.208+0000] {processor.py:186} INFO - Started process (PID=2863) to work on /home/airflow/.local/lib/python3.12/site-packages/airflow/example_dags/example_branch_labels.py
[2025-02-12T23:43:54.209+0000] {processor.py:914} INFO - Processing file /home/airflow/.local/lib/python3.12/site-packages/airflow/example_dags/example_branch_labels.py for tasks to queue
[2025-02-12T23:43:54.211+0000] {logging_mixin.py:190} INFO - [2025-02-12T23:43:54.211+0000] {dagbag.py:588} INFO - Filling up the DagBag from /home/airflow/.local/lib/python3.12/site-packages/airflow/example_dags/example_branch_labels.py
[2025-02-12T23:43:54.225+0000] {processor.py:925} INFO - DAG(s) 'example_branch_labels' retrieved from /home/airflow/.local/lib/python3.12/site-packages/airflow/example_dags/example_branch_labels.py
[2025-02-12T23:43:54.251+0000] {logging_mixin.py:190} INFO - [2025-02-12T23:43:54.251+0000] {dag.py:3239} INFO - Sync 1 DAGs
[2025-02-12T23:43:54.283+0000] {logging_mixin.py:190} INFO - [2025-02-12T23:43:54.282+0000] {dag.py:4180} INFO - Setting next_dagrun for example_branch_labels to 2025-02-11 00:00:00+00:00, run_after=2025-02-12 00:00:00+00:00
[2025-02-12T23:43:54.305+0000] {processor.py:208} INFO - Processing /home/airflow/.local/lib/python3.12/site-packages/airflow/example_dags/example_branch_labels.py took 0.104 seconds
[2025-02-12T23:44:25.301+0000] {processor.py:186} INFO - Started process (PID=2929) to work on /home/airflow/.local/lib/python3.12/site-packages/airflow/example_dags/example_branch_labels.py
[2025-02-12T23:44:25.303+0000] {processor.py:914} INFO - Processing file /home/airflow/.local/lib/python3.12/site-packages/airflow/example_dags/example_branch_labels.py for tasks to queue
[2025-02-12T23:44:25.307+0000] {logging_mixin.py:190} INFO - [2025-02-12T23:44:25.306+0000] {dagbag.py:588} INFO - Filling up the DagBag from /home/airflow/.local/lib/python3.12/site-packages/airflow/example_dags/example_branch_labels.py
[2025-02-12T23:44:25.319+0000] {processor.py:925} INFO - DAG(s) 'example_branch_labels' retrieved from /home/airflow/.local/lib/python3.12/site-packages/airflow/example_dags/example_branch_labels.py
[2025-02-12T23:44:25.346+0000] {logging_mixin.py:190} INFO - [2025-02-12T23:44:25.345+0000] {dag.py:3239} INFO - Sync 1 DAGs
[2025-02-12T23:44:25.379+0000] {logging_mixin.py:190} INFO - [2025-02-12T23:44:25.378+0000] {dag.py:4180} INFO - Setting next_dagrun for example_branch_labels to 2025-02-11 00:00:00+00:00, run_after=2025-02-12 00:00:00+00:00
[2025-02-12T23:44:25.401+0000] {processor.py:208} INFO - Processing /home/airflow/.local/lib/python3.12/site-packages/airflow/example_dags/example_branch_labels.py took 0.106 seconds
[2025-02-12T23:44:56.849+0000] {processor.py:186} INFO - Started process (PID=2995) to work on /home/airflow/.local/lib/python3.12/site-packages/airflow/example_dags/example_branch_labels.py
[2025-02-12T23:44:56.854+0000] {processor.py:914} INFO - Processing file /home/airflow/.local/lib/python3.12/site-packages/airflow/example_dags/example_branch_labels.py for tasks to queue
[2025-02-12T23:44:56.857+0000] {logging_mixin.py:190} INFO - [2025-02-12T23:44:56.857+0000] {dagbag.py:588} INFO - Filling up the DagBag from /home/airflow/.local/lib/python3.12/site-packages/airflow/example_dags/example_branch_labels.py
[2025-02-12T23:44:56.866+0000] {processor.py:925} INFO - DAG(s) 'example_branch_labels' retrieved from /home/airflow/.local/lib/python3.12/site-packages/airflow/example_dags/example_branch_labels.py
[2025-02-12T23:44:56.898+0000] {logging_mixin.py:190} INFO - [2025-02-12T23:44:56.897+0000] {dag.py:3239} INFO - Sync 1 DAGs
[2025-02-12T23:44:56.930+0000] {logging_mixin.py:190} INFO - [2025-02-12T23:44:56.930+0000] {dag.py:4180} INFO - Setting next_dagrun for example_branch_labels to 2025-02-11 00:00:00+00:00, run_after=2025-02-12 00:00:00+00:00
[2025-02-12T23:44:56.965+0000] {processor.py:208} INFO - Processing /home/airflow/.local/lib/python3.12/site-packages/airflow/example_dags/example_branch_labels.py took 0.122 seconds
[2025-02-12T23:45:28.610+0000] {processor.py:186} INFO - Started process (PID=3068) to work on /home/airflow/.local/lib/python3.12/site-packages/airflow/example_dags/example_branch_labels.py
[2025-02-12T23:45:28.611+0000] {processor.py:914} INFO - Processing file /home/airflow/.local/lib/python3.12/site-packages/airflow/example_dags/example_branch_labels.py for tasks to queue
[2025-02-12T23:45:28.615+0000] {logging_mixin.py:190} INFO - [2025-02-12T23:45:28.614+0000] {dagbag.py:588} INFO - Filling up the DagBag from /home/airflow/.local/lib/python3.12/site-packages/airflow/example_dags/example_branch_labels.py
[2025-02-12T23:45:28.629+0000] {processor.py:925} INFO - DAG(s) 'example_branch_labels' retrieved from /home/airflow/.local/lib/python3.12/site-packages/airflow/example_dags/example_branch_labels.py
[2025-02-12T23:45:28.659+0000] {logging_mixin.py:190} INFO - [2025-02-12T23:45:28.658+0000] {dag.py:3239} INFO - Sync 1 DAGs
[2025-02-12T23:45:28.707+0000] {logging_mixin.py:190} INFO - [2025-02-12T23:45:28.707+0000] {dag.py:4180} INFO - Setting next_dagrun for example_branch_labels to 2025-02-11 00:00:00+00:00, run_after=2025-02-12 00:00:00+00:00
[2025-02-12T23:45:28.737+0000] {processor.py:208} INFO - Processing /home/airflow/.local/lib/python3.12/site-packages/airflow/example_dags/example_branch_labels.py took 0.133 seconds
[2025-02-12T23:46:00.399+0000] {processor.py:186} INFO - Started process (PID=3134) to work on /home/airflow/.local/lib/python3.12/site-packages/airflow/example_dags/example_branch_labels.py
[2025-02-12T23:46:00.402+0000] {processor.py:914} INFO - Processing file /home/airflow/.local/lib/python3.12/site-packages/airflow/example_dags/example_branch_labels.py for tasks to queue
[2025-02-12T23:46:00.404+0000] {logging_mixin.py:190} INFO - [2025-02-12T23:46:00.404+0000] {dagbag.py:588} INFO - Filling up the DagBag from /home/airflow/.local/lib/python3.12/site-packages/airflow/example_dags/example_branch_labels.py
[2025-02-12T23:46:00.417+0000] {processor.py:925} INFO - DAG(s) 'example_branch_labels' retrieved from /home/airflow/.local/lib/python3.12/site-packages/airflow/example_dags/example_branch_labels.py
[2025-02-12T23:46:00.466+0000] {logging_mixin.py:190} INFO - [2025-02-12T23:46:00.466+0000] {dag.py:3239} INFO - Sync 1 DAGs
[2025-02-12T23:46:00.506+0000] {logging_mixin.py:190} INFO - [2025-02-12T23:46:00.505+0000] {dag.py:4180} INFO - Setting next_dagrun for example_branch_labels to 2025-02-11 00:00:00+00:00, run_after=2025-02-12 00:00:00+00:00
[2025-02-12T23:46:00.529+0000] {processor.py:208} INFO - Processing /home/airflow/.local/lib/python3.12/site-packages/airflow/example_dags/example_branch_labels.py took 0.136 seconds
[2025-02-12T23:46:31.836+0000] {processor.py:186} INFO - Started process (PID=3200) to work on /home/airflow/.local/lib/python3.12/site-packages/airflow/example_dags/example_branch_labels.py
[2025-02-12T23:46:31.839+0000] {processor.py:914} INFO - Processing file /home/airflow/.local/lib/python3.12/site-packages/airflow/example_dags/example_branch_labels.py for tasks to queue
[2025-02-12T23:46:31.846+0000] {logging_mixin.py:190} INFO - [2025-02-12T23:46:31.845+0000] {dagbag.py:588} INFO - Filling up the DagBag from /home/airflow/.local/lib/python3.12/site-packages/airflow/example_dags/example_branch_labels.py
[2025-02-12T23:46:31.864+0000] {processor.py:925} INFO - DAG(s) 'example_branch_labels' retrieved from /home/airflow/.local/lib/python3.12/site-packages/airflow/example_dags/example_branch_labels.py
[2025-02-12T23:46:31.897+0000] {logging_mixin.py:190} INFO - [2025-02-12T23:46:31.897+0000] {dag.py:3239} INFO - Sync 1 DAGs
[2025-02-12T23:46:31.952+0000] {logging_mixin.py:190} INFO - [2025-02-12T23:46:31.952+0000] {dag.py:4180} INFO - Setting next_dagrun for example_branch_labels to 2025-02-11 00:00:00+00:00, run_after=2025-02-12 00:00:00+00:00
[2025-02-12T23:46:31.975+0000] {processor.py:208} INFO - Processing /home/airflow/.local/lib/python3.12/site-packages/airflow/example_dags/example_branch_labels.py took 0.146 seconds
[2025-02-12T23:47:02.896+0000] {processor.py:186} INFO - Started process (PID=3267) to work on /home/airflow/.local/lib/python3.12/site-packages/airflow/example_dags/example_branch_labels.py
[2025-02-12T23:47:02.897+0000] {processor.py:914} INFO - Processing file /home/airflow/.local/lib/python3.12/site-packages/airflow/example_dags/example_branch_labels.py for tasks to queue
[2025-02-12T23:47:02.902+0000] {logging_mixin.py:190} INFO - [2025-02-12T23:47:02.901+0000] {dagbag.py:588} INFO - Filling up the DagBag from /home/airflow/.local/lib/python3.12/site-packages/airflow/example_dags/example_branch_labels.py
[2025-02-12T23:47:02.914+0000] {processor.py:925} INFO - DAG(s) 'example_branch_labels' retrieved from /home/airflow/.local/lib/python3.12/site-packages/airflow/example_dags/example_branch_labels.py
[2025-02-12T23:47:02.938+0000] {logging_mixin.py:190} INFO - [2025-02-12T23:47:02.938+0000] {dag.py:3239} INFO - Sync 1 DAGs
[2025-02-12T23:47:02.976+0000] {logging_mixin.py:190} INFO - [2025-02-12T23:47:02.976+0000] {dag.py:4180} INFO - Setting next_dagrun for example_branch_labels to 2025-02-11 00:00:00+00:00, run_after=2025-02-12 00:00:00+00:00
[2025-02-12T23:47:03.007+0000] {processor.py:208} INFO - Processing /home/airflow/.local/lib/python3.12/site-packages/airflow/example_dags/example_branch_labels.py took 0.118 seconds
[2025-02-12T23:47:34.260+0000] {processor.py:186} INFO - Started process (PID=3333) to work on /home/airflow/.local/lib/python3.12/site-packages/airflow/example_dags/example_branch_labels.py
[2025-02-12T23:47:34.271+0000] {processor.py:914} INFO - Processing file /home/airflow/.local/lib/python3.12/site-packages/airflow/example_dags/example_branch_labels.py for tasks to queue
[2025-02-12T23:47:34.274+0000] {logging_mixin.py:190} INFO - [2025-02-12T23:47:34.274+0000] {dagbag.py:588} INFO - Filling up the DagBag from /home/airflow/.local/lib/python3.12/site-packages/airflow/example_dags/example_branch_labels.py
[2025-02-12T23:47:34.323+0000] {processor.py:925} INFO - DAG(s) 'example_branch_labels' retrieved from /home/airflow/.local/lib/python3.12/site-packages/airflow/example_dags/example_branch_labels.py
[2025-02-12T23:47:34.379+0000] {logging_mixin.py:190} INFO - [2025-02-12T23:47:34.379+0000] {dag.py:3239} INFO - Sync 1 DAGs
[2025-02-12T23:47:34.471+0000] {logging_mixin.py:190} INFO - [2025-02-12T23:47:34.470+0000] {dag.py:4180} INFO - Setting next_dagrun for example_branch_labels to 2025-02-11 00:00:00+00:00, run_after=2025-02-12 00:00:00+00:00
[2025-02-12T23:47:34.529+0000] {processor.py:208} INFO - Processing /home/airflow/.local/lib/python3.12/site-packages/airflow/example_dags/example_branch_labels.py took 0.282 seconds
[2025-02-12T23:48:05.214+0000] {processor.py:186} INFO - Started process (PID=3398) to work on /home/airflow/.local/lib/python3.12/site-packages/airflow/example_dags/example_branch_labels.py
[2025-02-12T23:48:05.224+0000] {processor.py:914} INFO - Processing file /home/airflow/.local/lib/python3.12/site-packages/airflow/example_dags/example_branch_labels.py for tasks to queue
[2025-02-12T23:48:05.227+0000] {logging_mixin.py:190} INFO - [2025-02-12T23:48:05.227+0000] {dagbag.py:588} INFO - Filling up the DagBag from /home/airflow/.local/lib/python3.12/site-packages/airflow/example_dags/example_branch_labels.py
[2025-02-12T23:48:05.272+0000] {processor.py:925} INFO - DAG(s) 'example_branch_labels' retrieved from /home/airflow/.local/lib/python3.12/site-packages/airflow/example_dags/example_branch_labels.py
[2025-02-12T23:48:05.329+0000] {logging_mixin.py:190} INFO - [2025-02-12T23:48:05.329+0000] {dag.py:3239} INFO - Sync 1 DAGs
[2025-02-12T23:48:05.423+0000] {logging_mixin.py:190} INFO - [2025-02-12T23:48:05.422+0000] {dag.py:4180} INFO - Setting next_dagrun for example_branch_labels to 2025-02-11 00:00:00+00:00, run_after=2025-02-12 00:00:00+00:00
[2025-02-12T23:48:05.453+0000] {processor.py:208} INFO - Processing /home/airflow/.local/lib/python3.12/site-packages/airflow/example_dags/example_branch_labels.py took 0.259 seconds
[2025-02-12T23:48:36.012+0000] {processor.py:186} INFO - Started process (PID=3464) to work on /home/airflow/.local/lib/python3.12/site-packages/airflow/example_dags/example_branch_labels.py
[2025-02-12T23:48:36.013+0000] {processor.py:914} INFO - Processing file /home/airflow/.local/lib/python3.12/site-packages/airflow/example_dags/example_branch_labels.py for tasks to queue
[2025-02-12T23:48:36.019+0000] {logging_mixin.py:190} INFO - [2025-02-12T23:48:36.018+0000] {dagbag.py:588} INFO - Filling up the DagBag from /home/airflow/.local/lib/python3.12/site-packages/airflow/example_dags/example_branch_labels.py
[2025-02-12T23:48:36.030+0000] {processor.py:925} INFO - DAG(s) 'example_branch_labels' retrieved from /home/airflow/.local/lib/python3.12/site-packages/airflow/example_dags/example_branch_labels.py
[2025-02-12T23:48:36.068+0000] {logging_mixin.py:190} INFO - [2025-02-12T23:48:36.068+0000] {dag.py:3239} INFO - Sync 1 DAGs
[2025-02-12T23:48:36.147+0000] {logging_mixin.py:190} INFO - [2025-02-12T23:48:36.146+0000] {dag.py:4180} INFO - Setting next_dagrun for example_branch_labels to 2025-02-11 00:00:00+00:00, run_after=2025-02-12 00:00:00+00:00
[2025-02-12T23:48:36.253+0000] {processor.py:208} INFO - Processing /home/airflow/.local/lib/python3.12/site-packages/airflow/example_dags/example_branch_labels.py took 0.247 seconds
[2025-02-12T23:49:06.879+0000] {processor.py:186} INFO - Started process (PID=3530) to work on /home/airflow/.local/lib/python3.12/site-packages/airflow/example_dags/example_branch_labels.py
[2025-02-12T23:49:06.880+0000] {processor.py:914} INFO - Processing file /home/airflow/.local/lib/python3.12/site-packages/airflow/example_dags/example_branch_labels.py for tasks to queue
[2025-02-12T23:49:06.884+0000] {logging_mixin.py:190} INFO - [2025-02-12T23:49:06.883+0000] {dagbag.py:588} INFO - Filling up the DagBag from /home/airflow/.local/lib/python3.12/site-packages/airflow/example_dags/example_branch_labels.py
[2025-02-12T23:49:06.893+0000] {processor.py:925} INFO - DAG(s) 'example_branch_labels' retrieved from /home/airflow/.local/lib/python3.12/site-packages/airflow/example_dags/example_branch_labels.py
[2025-02-12T23:49:06.914+0000] {logging_mixin.py:190} INFO - [2025-02-12T23:49:06.913+0000] {dag.py:3239} INFO - Sync 1 DAGs
[2025-02-12T23:49:06.940+0000] {logging_mixin.py:190} INFO - [2025-02-12T23:49:06.940+0000] {dag.py:4180} INFO - Setting next_dagrun for example_branch_labels to 2025-02-11 00:00:00+00:00, run_after=2025-02-12 00:00:00+00:00
[2025-02-12T23:49:06.962+0000] {processor.py:208} INFO - Processing /home/airflow/.local/lib/python3.12/site-packages/airflow/example_dags/example_branch_labels.py took 0.089 seconds
[2025-02-12T23:49:37.474+0000] {processor.py:186} INFO - Started process (PID=3595) to work on /home/airflow/.local/lib/python3.12/site-packages/airflow/example_dags/example_branch_labels.py
[2025-02-12T23:49:37.476+0000] {processor.py:914} INFO - Processing file /home/airflow/.local/lib/python3.12/site-packages/airflow/example_dags/example_branch_labels.py for tasks to queue
[2025-02-12T23:49:37.479+0000] {logging_mixin.py:190} INFO - [2025-02-12T23:49:37.479+0000] {dagbag.py:588} INFO - Filling up the DagBag from /home/airflow/.local/lib/python3.12/site-packages/airflow/example_dags/example_branch_labels.py
[2025-02-12T23:49:37.510+0000] {processor.py:925} INFO - DAG(s) 'example_branch_labels' retrieved from /home/airflow/.local/lib/python3.12/site-packages/airflow/example_dags/example_branch_labels.py
[2025-02-12T23:49:37.558+0000] {logging_mixin.py:190} INFO - [2025-02-12T23:49:37.558+0000] {dag.py:3239} INFO - Sync 1 DAGs
[2025-02-12T23:49:37.613+0000] {logging_mixin.py:190} INFO - [2025-02-12T23:49:37.613+0000] {dag.py:4180} INFO - Setting next_dagrun for example_branch_labels to 2025-02-11 00:00:00+00:00, run_after=2025-02-12 00:00:00+00:00
[2025-02-12T23:49:37.671+0000] {processor.py:208} INFO - Processing /home/airflow/.local/lib/python3.12/site-packages/airflow/example_dags/example_branch_labels.py took 0.213 seconds
[2025-02-12T23:50:07.878+0000] {processor.py:186} INFO - Started process (PID=3662) to work on /home/airflow/.local/lib/python3.12/site-packages/airflow/example_dags/example_branch_labels.py
[2025-02-12T23:50:07.880+0000] {processor.py:914} INFO - Processing file /home/airflow/.local/lib/python3.12/site-packages/airflow/example_dags/example_branch_labels.py for tasks to queue
[2025-02-12T23:50:07.884+0000] {logging_mixin.py:190} INFO - [2025-02-12T23:50:07.884+0000] {dagbag.py:588} INFO - Filling up the DagBag from /home/airflow/.local/lib/python3.12/site-packages/airflow/example_dags/example_branch_labels.py
[2025-02-12T23:50:07.898+0000] {processor.py:925} INFO - DAG(s) 'example_branch_labels' retrieved from /home/airflow/.local/lib/python3.12/site-packages/airflow/example_dags/example_branch_labels.py
[2025-02-12T23:50:07.928+0000] {logging_mixin.py:190} INFO - [2025-02-12T23:50:07.928+0000] {dag.py:3239} INFO - Sync 1 DAGs
[2025-02-12T23:50:07.966+0000] {logging_mixin.py:190} INFO - [2025-02-12T23:50:07.966+0000] {dag.py:4180} INFO - Setting next_dagrun for example_branch_labels to 2025-02-11 00:00:00+00:00, run_after=2025-02-12 00:00:00+00:00
[2025-02-12T23:50:07.992+0000] {processor.py:208} INFO - Processing /home/airflow/.local/lib/python3.12/site-packages/airflow/example_dags/example_branch_labels.py took 0.121 seconds
[2025-02-12T23:50:38.242+0000] {processor.py:186} INFO - Started process (PID=3728) to work on /home/airflow/.local/lib/python3.12/site-packages/airflow/example_dags/example_branch_labels.py
[2025-02-12T23:50:38.243+0000] {processor.py:914} INFO - Processing file /home/airflow/.local/lib/python3.12/site-packages/airflow/example_dags/example_branch_labels.py for tasks to queue
[2025-02-12T23:50:38.248+0000] {logging_mixin.py:190} INFO - [2025-02-12T23:50:38.248+0000] {dagbag.py:588} INFO - Filling up the DagBag from /home/airflow/.local/lib/python3.12/site-packages/airflow/example_dags/example_branch_labels.py
[2025-02-12T23:50:38.262+0000] {processor.py:925} INFO - DAG(s) 'example_branch_labels' retrieved from /home/airflow/.local/lib/python3.12/site-packages/airflow/example_dags/example_branch_labels.py
[2025-02-12T23:50:38.295+0000] {logging_mixin.py:190} INFO - [2025-02-12T23:50:38.295+0000] {dag.py:3239} INFO - Sync 1 DAGs
[2025-02-12T23:50:38.328+0000] {logging_mixin.py:190} INFO - [2025-02-12T23:50:38.328+0000] {dag.py:4180} INFO - Setting next_dagrun for example_branch_labels to 2025-02-11 00:00:00+00:00, run_after=2025-02-12 00:00:00+00:00
[2025-02-12T23:50:38.354+0000] {processor.py:208} INFO - Processing /home/airflow/.local/lib/python3.12/site-packages/airflow/example_dags/example_branch_labels.py took 0.119 seconds
[2025-02-12T23:51:08.583+0000] {processor.py:186} INFO - Started process (PID=3794) to work on /home/airflow/.local/lib/python3.12/site-packages/airflow/example_dags/example_branch_labels.py
[2025-02-12T23:51:08.584+0000] {processor.py:914} INFO - Processing file /home/airflow/.local/lib/python3.12/site-packages/airflow/example_dags/example_branch_labels.py for tasks to queue
[2025-02-12T23:51:08.588+0000] {logging_mixin.py:190} INFO - [2025-02-12T23:51:08.587+0000] {dagbag.py:588} INFO - Filling up the DagBag from /home/airflow/.local/lib/python3.12/site-packages/airflow/example_dags/example_branch_labels.py
[2025-02-12T23:51:08.602+0000] {processor.py:925} INFO - DAG(s) 'example_branch_labels' retrieved from /home/airflow/.local/lib/python3.12/site-packages/airflow/example_dags/example_branch_labels.py
[2025-02-12T23:51:08.631+0000] {logging_mixin.py:190} INFO - [2025-02-12T23:51:08.631+0000] {dag.py:3239} INFO - Sync 1 DAGs
[2025-02-12T23:51:08.682+0000] {logging_mixin.py:190} INFO - [2025-02-12T23:51:08.682+0000] {dag.py:4180} INFO - Setting next_dagrun for example_branch_labels to 2025-02-11 00:00:00+00:00, run_after=2025-02-12 00:00:00+00:00
[2025-02-12T23:51:08.715+0000] {processor.py:208} INFO - Processing /home/airflow/.local/lib/python3.12/site-packages/airflow/example_dags/example_branch_labels.py took 0.139 seconds
[2025-02-12T23:51:38.949+0000] {processor.py:186} INFO - Started process (PID=3860) to work on /home/airflow/.local/lib/python3.12/site-packages/airflow/example_dags/example_branch_labels.py
[2025-02-12T23:51:38.950+0000] {processor.py:914} INFO - Processing file /home/airflow/.local/lib/python3.12/site-packages/airflow/example_dags/example_branch_labels.py for tasks to queue
[2025-02-12T23:51:38.953+0000] {logging_mixin.py:190} INFO - [2025-02-12T23:51:38.953+0000] {dagbag.py:588} INFO - Filling up the DagBag from /home/airflow/.local/lib/python3.12/site-packages/airflow/example_dags/example_branch_labels.py
[2025-02-12T23:51:38.965+0000] {processor.py:925} INFO - DAG(s) 'example_branch_labels' retrieved from /home/airflow/.local/lib/python3.12/site-packages/airflow/example_dags/example_branch_labels.py
[2025-02-12T23:51:38.988+0000] {logging_mixin.py:190} INFO - [2025-02-12T23:51:38.988+0000] {dag.py:3239} INFO - Sync 1 DAGs
[2025-02-12T23:51:39.016+0000] {logging_mixin.py:190} INFO - [2025-02-12T23:51:39.016+0000] {dag.py:4180} INFO - Setting next_dagrun for example_branch_labels to 2025-02-11 00:00:00+00:00, run_after=2025-02-12 00:00:00+00:00
[2025-02-12T23:51:39.038+0000] {processor.py:208} INFO - Processing /home/airflow/.local/lib/python3.12/site-packages/airflow/example_dags/example_branch_labels.py took 0.098 seconds
[2025-02-12T23:52:09.598+0000] {processor.py:186} INFO - Started process (PID=3924) to work on /home/airflow/.local/lib/python3.12/site-packages/airflow/example_dags/example_branch_labels.py
[2025-02-12T23:52:09.599+0000] {processor.py:914} INFO - Processing file /home/airflow/.local/lib/python3.12/site-packages/airflow/example_dags/example_branch_labels.py for tasks to queue
[2025-02-12T23:52:09.601+0000] {logging_mixin.py:190} INFO - [2025-02-12T23:52:09.601+0000] {dagbag.py:588} INFO - Filling up the DagBag from /home/airflow/.local/lib/python3.12/site-packages/airflow/example_dags/example_branch_labels.py
[2025-02-12T23:52:09.612+0000] {processor.py:925} INFO - DAG(s) 'example_branch_labels' retrieved from /home/airflow/.local/lib/python3.12/site-packages/airflow/example_dags/example_branch_labels.py
[2025-02-12T23:52:09.636+0000] {logging_mixin.py:190} INFO - [2025-02-12T23:52:09.636+0000] {dag.py:3239} INFO - Sync 1 DAGs
[2025-02-12T23:52:09.668+0000] {logging_mixin.py:190} INFO - [2025-02-12T23:52:09.668+0000] {dag.py:4180} INFO - Setting next_dagrun for example_branch_labels to 2025-02-11 00:00:00+00:00, run_after=2025-02-12 00:00:00+00:00
[2025-02-12T23:52:09.689+0000] {processor.py:208} INFO - Processing /home/airflow/.local/lib/python3.12/site-packages/airflow/example_dags/example_branch_labels.py took 0.099 seconds
[2025-02-12T23:52:39.884+0000] {processor.py:186} INFO - Started process (PID=3990) to work on /home/airflow/.local/lib/python3.12/site-packages/airflow/example_dags/example_branch_labels.py
[2025-02-12T23:52:39.885+0000] {processor.py:914} INFO - Processing file /home/airflow/.local/lib/python3.12/site-packages/airflow/example_dags/example_branch_labels.py for tasks to queue
[2025-02-12T23:52:39.888+0000] {logging_mixin.py:190} INFO - [2025-02-12T23:52:39.888+0000] {dagbag.py:588} INFO - Filling up the DagBag from /home/airflow/.local/lib/python3.12/site-packages/airflow/example_dags/example_branch_labels.py
[2025-02-12T23:52:39.899+0000] {processor.py:925} INFO - DAG(s) 'example_branch_labels' retrieved from /home/airflow/.local/lib/python3.12/site-packages/airflow/example_dags/example_branch_labels.py
[2025-02-12T23:52:39.921+0000] {logging_mixin.py:190} INFO - [2025-02-12T23:52:39.921+0000] {dag.py:3239} INFO - Sync 1 DAGs
[2025-02-12T23:52:39.950+0000] {logging_mixin.py:190} INFO - [2025-02-12T23:52:39.949+0000] {dag.py:4180} INFO - Setting next_dagrun for example_branch_labels to 2025-02-11 00:00:00+00:00, run_after=2025-02-12 00:00:00+00:00
[2025-02-12T23:52:39.974+0000] {processor.py:208} INFO - Processing /home/airflow/.local/lib/python3.12/site-packages/airflow/example_dags/example_branch_labels.py took 0.097 seconds
[2025-02-12T23:53:10.419+0000] {processor.py:186} INFO - Started process (PID=4056) to work on /home/airflow/.local/lib/python3.12/site-packages/airflow/example_dags/example_branch_labels.py
[2025-02-12T23:53:10.420+0000] {processor.py:914} INFO - Processing file /home/airflow/.local/lib/python3.12/site-packages/airflow/example_dags/example_branch_labels.py for tasks to queue
[2025-02-12T23:53:10.424+0000] {logging_mixin.py:190} INFO - [2025-02-12T23:53:10.423+0000] {dagbag.py:588} INFO - Filling up the DagBag from /home/airflow/.local/lib/python3.12/site-packages/airflow/example_dags/example_branch_labels.py
[2025-02-12T23:53:10.440+0000] {processor.py:925} INFO - DAG(s) 'example_branch_labels' retrieved from /home/airflow/.local/lib/python3.12/site-packages/airflow/example_dags/example_branch_labels.py
[2025-02-12T23:53:10.472+0000] {logging_mixin.py:190} INFO - [2025-02-12T23:53:10.472+0000] {dag.py:3239} INFO - Sync 1 DAGs
[2025-02-12T23:53:10.513+0000] {logging_mixin.py:190} INFO - [2025-02-12T23:53:10.513+0000] {dag.py:4180} INFO - Setting next_dagrun for example_branch_labels to 2025-02-11 00:00:00+00:00, run_after=2025-02-12 00:00:00+00:00
[2025-02-12T23:53:10.539+0000] {processor.py:208} INFO - Processing /home/airflow/.local/lib/python3.12/site-packages/airflow/example_dags/example_branch_labels.py took 0.131 seconds
[2025-02-12T23:53:41.186+0000] {processor.py:186} INFO - Started process (PID=4121) to work on /home/airflow/.local/lib/python3.12/site-packages/airflow/example_dags/example_branch_labels.py
[2025-02-12T23:53:41.188+0000] {processor.py:914} INFO - Processing file /home/airflow/.local/lib/python3.12/site-packages/airflow/example_dags/example_branch_labels.py for tasks to queue
[2025-02-12T23:53:41.191+0000] {logging_mixin.py:190} INFO - [2025-02-12T23:53:41.191+0000] {dagbag.py:588} INFO - Filling up the DagBag from /home/airflow/.local/lib/python3.12/site-packages/airflow/example_dags/example_branch_labels.py
[2025-02-12T23:53:41.209+0000] {processor.py:925} INFO - DAG(s) 'example_branch_labels' retrieved from /home/airflow/.local/lib/python3.12/site-packages/airflow/example_dags/example_branch_labels.py
[2025-02-12T23:53:41.236+0000] {logging_mixin.py:190} INFO - [2025-02-12T23:53:41.236+0000] {dag.py:3239} INFO - Sync 1 DAGs
[2025-02-12T23:53:41.272+0000] {logging_mixin.py:190} INFO - [2025-02-12T23:53:41.272+0000] {dag.py:4180} INFO - Setting next_dagrun for example_branch_labels to 2025-02-11 00:00:00+00:00, run_after=2025-02-12 00:00:00+00:00
[2025-02-12T23:53:41.301+0000] {processor.py:208} INFO - Processing /home/airflow/.local/lib/python3.12/site-packages/airflow/example_dags/example_branch_labels.py took 0.129 seconds
[2025-02-12T23:54:11.445+0000] {processor.py:186} INFO - Started process (PID=4187) to work on /home/airflow/.local/lib/python3.12/site-packages/airflow/example_dags/example_branch_labels.py
[2025-02-12T23:54:11.446+0000] {processor.py:914} INFO - Processing file /home/airflow/.local/lib/python3.12/site-packages/airflow/example_dags/example_branch_labels.py for tasks to queue
[2025-02-12T23:54:11.448+0000] {logging_mixin.py:190} INFO - [2025-02-12T23:54:11.448+0000] {dagbag.py:588} INFO - Filling up the DagBag from /home/airflow/.local/lib/python3.12/site-packages/airflow/example_dags/example_branch_labels.py
[2025-02-12T23:54:11.458+0000] {processor.py:925} INFO - DAG(s) 'example_branch_labels' retrieved from /home/airflow/.local/lib/python3.12/site-packages/airflow/example_dags/example_branch_labels.py
[2025-02-12T23:54:11.479+0000] {logging_mixin.py:190} INFO - [2025-02-12T23:54:11.479+0000] {dag.py:3239} INFO - Sync 1 DAGs
[2025-02-12T23:54:11.508+0000] {logging_mixin.py:190} INFO - [2025-02-12T23:54:11.508+0000] {dag.py:4180} INFO - Setting next_dagrun for example_branch_labels to 2025-02-11 00:00:00+00:00, run_after=2025-02-12 00:00:00+00:00
[2025-02-12T23:54:11.536+0000] {processor.py:208} INFO - Processing /home/airflow/.local/lib/python3.12/site-packages/airflow/example_dags/example_branch_labels.py took 0.097 seconds
[2025-02-12T23:54:41.664+0000] {processor.py:186} INFO - Started process (PID=4253) to work on /home/airflow/.local/lib/python3.12/site-packages/airflow/example_dags/example_branch_labels.py
[2025-02-12T23:54:41.667+0000] {processor.py:914} INFO - Processing file /home/airflow/.local/lib/python3.12/site-packages/airflow/example_dags/example_branch_labels.py for tasks to queue
[2025-02-12T23:54:41.670+0000] {logging_mixin.py:190} INFO - [2025-02-12T23:54:41.670+0000] {dagbag.py:588} INFO - Filling up the DagBag from /home/airflow/.local/lib/python3.12/site-packages/airflow/example_dags/example_branch_labels.py
[2025-02-12T23:54:41.697+0000] {processor.py:925} INFO - DAG(s) 'example_branch_labels' retrieved from /home/airflow/.local/lib/python3.12/site-packages/airflow/example_dags/example_branch_labels.py
[2025-02-12T23:54:41.722+0000] {logging_mixin.py:190} INFO - [2025-02-12T23:54:41.721+0000] {dag.py:3239} INFO - Sync 1 DAGs
[2025-02-12T23:54:41.754+0000] {logging_mixin.py:190} INFO - [2025-02-12T23:54:41.754+0000] {dag.py:4180} INFO - Setting next_dagrun for example_branch_labels to 2025-02-11 00:00:00+00:00, run_after=2025-02-12 00:00:00+00:00
[2025-02-12T23:54:41.788+0000] {processor.py:208} INFO - Processing /home/airflow/.local/lib/python3.12/site-packages/airflow/example_dags/example_branch_labels.py took 0.132 seconds
[2025-02-12T23:55:11.890+0000] {processor.py:186} INFO - Started process (PID=4319) to work on /home/airflow/.local/lib/python3.12/site-packages/airflow/example_dags/example_branch_labels.py
[2025-02-12T23:55:11.891+0000] {processor.py:914} INFO - Processing file /home/airflow/.local/lib/python3.12/site-packages/airflow/example_dags/example_branch_labels.py for tasks to queue
[2025-02-12T23:55:11.898+0000] {logging_mixin.py:190} INFO - [2025-02-12T23:55:11.897+0000] {dagbag.py:588} INFO - Filling up the DagBag from /home/airflow/.local/lib/python3.12/site-packages/airflow/example_dags/example_branch_labels.py
[2025-02-12T23:55:11.914+0000] {processor.py:925} INFO - DAG(s) 'example_branch_labels' retrieved from /home/airflow/.local/lib/python3.12/site-packages/airflow/example_dags/example_branch_labels.py
[2025-02-12T23:55:11.940+0000] {logging_mixin.py:190} INFO - [2025-02-12T23:55:11.940+0000] {dag.py:3239} INFO - Sync 1 DAGs
[2025-02-12T23:55:11.983+0000] {logging_mixin.py:190} INFO - [2025-02-12T23:55:11.983+0000] {dag.py:4180} INFO - Setting next_dagrun for example_branch_labels to 2025-02-11 00:00:00+00:00, run_after=2025-02-12 00:00:00+00:00
[2025-02-12T23:55:12.029+0000] {processor.py:208} INFO - Processing /home/airflow/.local/lib/python3.12/site-packages/airflow/example_dags/example_branch_labels.py took 0.145 seconds
[2025-02-12T23:55:42.305+0000] {processor.py:186} INFO - Started process (PID=4384) to work on /home/airflow/.local/lib/python3.12/site-packages/airflow/example_dags/example_branch_labels.py
[2025-02-12T23:55:42.312+0000] {processor.py:914} INFO - Processing file /home/airflow/.local/lib/python3.12/site-packages/airflow/example_dags/example_branch_labels.py for tasks to queue
[2025-02-12T23:55:42.318+0000] {logging_mixin.py:190} INFO - [2025-02-12T23:55:42.317+0000] {dagbag.py:588} INFO - Filling up the DagBag from /home/airflow/.local/lib/python3.12/site-packages/airflow/example_dags/example_branch_labels.py
[2025-02-12T23:55:42.341+0000] {processor.py:925} INFO - DAG(s) 'example_branch_labels' retrieved from /home/airflow/.local/lib/python3.12/site-packages/airflow/example_dags/example_branch_labels.py
[2025-02-12T23:55:42.404+0000] {logging_mixin.py:190} INFO - [2025-02-12T23:55:42.404+0000] {dag.py:3239} INFO - Sync 1 DAGs
[2025-02-12T23:55:42.458+0000] {logging_mixin.py:190} INFO - [2025-02-12T23:55:42.458+0000] {dag.py:4180} INFO - Setting next_dagrun for example_branch_labels to 2025-02-11 00:00:00+00:00, run_after=2025-02-12 00:00:00+00:00
[2025-02-12T23:55:42.498+0000] {processor.py:208} INFO - Processing /home/airflow/.local/lib/python3.12/site-packages/airflow/example_dags/example_branch_labels.py took 0.202 seconds
[2025-02-12T23:56:14.262+0000] {processor.py:186} INFO - Started process (PID=4451) to work on /home/airflow/.local/lib/python3.12/site-packages/airflow/example_dags/example_branch_labels.py
[2025-02-12T23:56:14.272+0000] {processor.py:914} INFO - Processing file /home/airflow/.local/lib/python3.12/site-packages/airflow/example_dags/example_branch_labels.py for tasks to queue
[2025-02-12T23:56:14.291+0000] {logging_mixin.py:190} INFO - [2025-02-12T23:56:14.290+0000] {dagbag.py:588} INFO - Filling up the DagBag from /home/airflow/.local/lib/python3.12/site-packages/airflow/example_dags/example_branch_labels.py
[2025-02-12T23:56:14.319+0000] {processor.py:925} INFO - DAG(s) 'example_branch_labels' retrieved from /home/airflow/.local/lib/python3.12/site-packages/airflow/example_dags/example_branch_labels.py
[2025-02-12T23:56:14.381+0000] {logging_mixin.py:190} INFO - [2025-02-12T23:56:14.381+0000] {dag.py:3239} INFO - Sync 1 DAGs
[2025-02-12T23:56:14.488+0000] {logging_mixin.py:190} INFO - [2025-02-12T23:56:14.477+0000] {dag.py:4180} INFO - Setting next_dagrun for example_branch_labels to 2025-02-11 00:00:00+00:00, run_after=2025-02-12 00:00:00+00:00
[2025-02-12T23:56:14.542+0000] {processor.py:208} INFO - Processing /home/airflow/.local/lib/python3.12/site-packages/airflow/example_dags/example_branch_labels.py took 0.289 seconds
[2025-02-12T23:56:45.063+0000] {processor.py:186} INFO - Started process (PID=4518) to work on /home/airflow/.local/lib/python3.12/site-packages/airflow/example_dags/example_branch_labels.py
[2025-02-12T23:56:45.063+0000] {processor.py:914} INFO - Processing file /home/airflow/.local/lib/python3.12/site-packages/airflow/example_dags/example_branch_labels.py for tasks to queue
[2025-02-12T23:56:45.066+0000] {logging_mixin.py:190} INFO - [2025-02-12T23:56:45.065+0000] {dagbag.py:588} INFO - Filling up the DagBag from /home/airflow/.local/lib/python3.12/site-packages/airflow/example_dags/example_branch_labels.py
[2025-02-12T23:56:45.076+0000] {processor.py:925} INFO - DAG(s) 'example_branch_labels' retrieved from /home/airflow/.local/lib/python3.12/site-packages/airflow/example_dags/example_branch_labels.py
[2025-02-12T23:56:45.103+0000] {logging_mixin.py:190} INFO - [2025-02-12T23:56:45.103+0000] {dag.py:3239} INFO - Sync 1 DAGs
[2025-02-12T23:56:45.134+0000] {logging_mixin.py:190} INFO - [2025-02-12T23:56:45.134+0000] {dag.py:4180} INFO - Setting next_dagrun for example_branch_labels to 2025-02-11 00:00:00+00:00, run_after=2025-02-12 00:00:00+00:00
[2025-02-12T23:56:45.155+0000] {processor.py:208} INFO - Processing /home/airflow/.local/lib/python3.12/site-packages/airflow/example_dags/example_branch_labels.py took 0.101 seconds
[2025-02-12T23:57:15.614+0000] {processor.py:186} INFO - Started process (PID=4584) to work on /home/airflow/.local/lib/python3.12/site-packages/airflow/example_dags/example_branch_labels.py
[2025-02-12T23:57:15.614+0000] {processor.py:914} INFO - Processing file /home/airflow/.local/lib/python3.12/site-packages/airflow/example_dags/example_branch_labels.py for tasks to queue
[2025-02-12T23:57:15.617+0000] {logging_mixin.py:190} INFO - [2025-02-12T23:57:15.617+0000] {dagbag.py:588} INFO - Filling up the DagBag from /home/airflow/.local/lib/python3.12/site-packages/airflow/example_dags/example_branch_labels.py
[2025-02-12T23:57:15.627+0000] {processor.py:925} INFO - DAG(s) 'example_branch_labels' retrieved from /home/airflow/.local/lib/python3.12/site-packages/airflow/example_dags/example_branch_labels.py
[2025-02-12T23:57:15.648+0000] {logging_mixin.py:190} INFO - [2025-02-12T23:57:15.647+0000] {dag.py:3239} INFO - Sync 1 DAGs
[2025-02-12T23:57:15.675+0000] {logging_mixin.py:190} INFO - [2025-02-12T23:57:15.674+0000] {dag.py:4180} INFO - Setting next_dagrun for example_branch_labels to 2025-02-11 00:00:00+00:00, run_after=2025-02-12 00:00:00+00:00
[2025-02-12T23:57:15.697+0000] {processor.py:208} INFO - Processing /home/airflow/.local/lib/python3.12/site-packages/airflow/example_dags/example_branch_labels.py took 0.089 seconds
[2025-02-12T23:57:46.253+0000] {processor.py:186} INFO - Started process (PID=4644) to work on /home/airflow/.local/lib/python3.12/site-packages/airflow/example_dags/example_branch_labels.py
[2025-02-12T23:57:46.254+0000] {processor.py:914} INFO - Processing file /home/airflow/.local/lib/python3.12/site-packages/airflow/example_dags/example_branch_labels.py for tasks to queue
[2025-02-12T23:57:46.258+0000] {logging_mixin.py:190} INFO - [2025-02-12T23:57:46.257+0000] {dagbag.py:588} INFO - Filling up the DagBag from /home/airflow/.local/lib/python3.12/site-packages/airflow/example_dags/example_branch_labels.py
[2025-02-12T23:57:46.270+0000] {processor.py:925} INFO - DAG(s) 'example_branch_labels' retrieved from /home/airflow/.local/lib/python3.12/site-packages/airflow/example_dags/example_branch_labels.py
[2025-02-12T23:57:46.300+0000] {logging_mixin.py:190} INFO - [2025-02-12T23:57:46.300+0000] {dag.py:3239} INFO - Sync 1 DAGs
[2025-02-12T23:57:46.347+0000] {logging_mixin.py:190} INFO - [2025-02-12T23:57:46.346+0000] {dag.py:4180} INFO - Setting next_dagrun for example_branch_labels to 2025-02-11 00:00:00+00:00, run_after=2025-02-12 00:00:00+00:00
[2025-02-12T23:57:46.380+0000] {processor.py:208} INFO - Processing /home/airflow/.local/lib/python3.12/site-packages/airflow/example_dags/example_branch_labels.py took 0.133 seconds
[2025-02-12T23:58:17.048+0000] {processor.py:186} INFO - Started process (PID=4710) to work on /home/airflow/.local/lib/python3.12/site-packages/airflow/example_dags/example_branch_labels.py
[2025-02-12T23:58:17.049+0000] {processor.py:914} INFO - Processing file /home/airflow/.local/lib/python3.12/site-packages/airflow/example_dags/example_branch_labels.py for tasks to queue
[2025-02-12T23:58:17.051+0000] {logging_mixin.py:190} INFO - [2025-02-12T23:58:17.051+0000] {dagbag.py:588} INFO - Filling up the DagBag from /home/airflow/.local/lib/python3.12/site-packages/airflow/example_dags/example_branch_labels.py
[2025-02-12T23:58:17.064+0000] {processor.py:925} INFO - DAG(s) 'example_branch_labels' retrieved from /home/airflow/.local/lib/python3.12/site-packages/airflow/example_dags/example_branch_labels.py
[2025-02-12T23:58:17.090+0000] {logging_mixin.py:190} INFO - [2025-02-12T23:58:17.088+0000] {dag.py:3239} INFO - Sync 1 DAGs
[2025-02-12T23:58:17.121+0000] {logging_mixin.py:190} INFO - [2025-02-12T23:58:17.121+0000] {dag.py:4180} INFO - Setting next_dagrun for example_branch_labels to 2025-02-11 00:00:00+00:00, run_after=2025-02-12 00:00:00+00:00
[2025-02-12T23:58:17.148+0000] {processor.py:208} INFO - Processing /home/airflow/.local/lib/python3.12/site-packages/airflow/example_dags/example_branch_labels.py took 0.110 seconds
[2025-02-12T23:58:48.470+0000] {processor.py:186} INFO - Started process (PID=4775) to work on /home/airflow/.local/lib/python3.12/site-packages/airflow/example_dags/example_branch_labels.py
[2025-02-12T23:58:48.471+0000] {processor.py:914} INFO - Processing file /home/airflow/.local/lib/python3.12/site-packages/airflow/example_dags/example_branch_labels.py for tasks to queue
[2025-02-12T23:58:48.477+0000] {logging_mixin.py:190} INFO - [2025-02-12T23:58:48.476+0000] {dagbag.py:588} INFO - Filling up the DagBag from /home/airflow/.local/lib/python3.12/site-packages/airflow/example_dags/example_branch_labels.py
[2025-02-12T23:58:48.491+0000] {processor.py:925} INFO - DAG(s) 'example_branch_labels' retrieved from /home/airflow/.local/lib/python3.12/site-packages/airflow/example_dags/example_branch_labels.py
[2025-02-12T23:58:48.532+0000] {logging_mixin.py:190} INFO - [2025-02-12T23:58:48.532+0000] {dag.py:3239} INFO - Sync 1 DAGs
[2025-02-12T23:58:48.582+0000] {logging_mixin.py:190} INFO - [2025-02-12T23:58:48.582+0000] {dag.py:4180} INFO - Setting next_dagrun for example_branch_labels to 2025-02-11 00:00:00+00:00, run_after=2025-02-12 00:00:00+00:00
[2025-02-12T23:58:48.618+0000] {processor.py:208} INFO - Processing /home/airflow/.local/lib/python3.12/site-packages/airflow/example_dags/example_branch_labels.py took 0.154 seconds
[2025-02-12T23:59:19.205+0000] {processor.py:186} INFO - Started process (PID=4841) to work on /home/airflow/.local/lib/python3.12/site-packages/airflow/example_dags/example_branch_labels.py
[2025-02-12T23:59:19.206+0000] {processor.py:914} INFO - Processing file /home/airflow/.local/lib/python3.12/site-packages/airflow/example_dags/example_branch_labels.py for tasks to queue
[2025-02-12T23:59:19.209+0000] {logging_mixin.py:190} INFO - [2025-02-12T23:59:19.209+0000] {dagbag.py:588} INFO - Filling up the DagBag from /home/airflow/.local/lib/python3.12/site-packages/airflow/example_dags/example_branch_labels.py
[2025-02-12T23:59:19.226+0000] {processor.py:925} INFO - DAG(s) 'example_branch_labels' retrieved from /home/airflow/.local/lib/python3.12/site-packages/airflow/example_dags/example_branch_labels.py
[2025-02-12T23:59:19.261+0000] {logging_mixin.py:190} INFO - [2025-02-12T23:59:19.261+0000] {dag.py:3239} INFO - Sync 1 DAGs
[2025-02-12T23:59:19.301+0000] {logging_mixin.py:190} INFO - [2025-02-12T23:59:19.301+0000] {dag.py:4180} INFO - Setting next_dagrun for example_branch_labels to 2025-02-11 00:00:00+00:00, run_after=2025-02-12 00:00:00+00:00
[2025-02-12T23:59:19.326+0000] {processor.py:208} INFO - Processing /home/airflow/.local/lib/python3.12/site-packages/airflow/example_dags/example_branch_labels.py took 0.125 seconds
[2025-02-12T23:59:50.146+0000] {processor.py:186} INFO - Started process (PID=4905) to work on /home/airflow/.local/lib/python3.12/site-packages/airflow/example_dags/example_branch_labels.py
[2025-02-12T23:59:50.147+0000] {processor.py:914} INFO - Processing file /home/airflow/.local/lib/python3.12/site-packages/airflow/example_dags/example_branch_labels.py for tasks to queue
[2025-02-12T23:59:50.150+0000] {logging_mixin.py:190} INFO - [2025-02-12T23:59:50.149+0000] {dagbag.py:588} INFO - Filling up the DagBag from /home/airflow/.local/lib/python3.12/site-packages/airflow/example_dags/example_branch_labels.py
[2025-02-12T23:59:50.161+0000] {processor.py:925} INFO - DAG(s) 'example_branch_labels' retrieved from /home/airflow/.local/lib/python3.12/site-packages/airflow/example_dags/example_branch_labels.py
[2025-02-12T23:59:50.184+0000] {logging_mixin.py:190} INFO - [2025-02-12T23:59:50.183+0000] {dag.py:3239} INFO - Sync 1 DAGs
[2025-02-12T23:59:50.211+0000] {logging_mixin.py:190} INFO - [2025-02-12T23:59:50.210+0000] {dag.py:4180} INFO - Setting next_dagrun for example_branch_labels to 2025-02-11 00:00:00+00:00, run_after=2025-02-12 00:00:00+00:00
[2025-02-12T23:59:50.228+0000] {processor.py:208} INFO - Processing /home/airflow/.local/lib/python3.12/site-packages/airflow/example_dags/example_branch_labels.py took 0.088 seconds
