[2025-02-12T00:00:24.365+0000] {processor.py:186} INFO - Started process (PID=2374) to work on /home/airflow/.local/lib/python3.12/site-packages/airflow/example_dags/example_complex.py
[2025-02-12T00:00:24.366+0000] {processor.py:914} INFO - Processing file /home/airflow/.local/lib/python3.12/site-packages/airflow/example_dags/example_complex.py for tasks to queue
[2025-02-12T00:00:24.369+0000] {logging_mixin.py:190} INFO - [2025-02-12T00:00:24.369+0000] {dagbag.py:588} INFO - Filling up the DagBag from /home/airflow/.local/lib/python3.12/site-packages/airflow/example_dags/example_complex.py
[2025-02-12T00:00:24.391+0000] {processor.py:925} INFO - DAG(s) 'example_complex' retrieved from /home/airflow/.local/lib/python3.12/site-packages/airflow/example_dags/example_complex.py
[2025-02-12T00:00:24.441+0000] {logging_mixin.py:190} INFO - [2025-02-12T00:00:24.441+0000] {dag.py:3239} INFO - Sync 1 DAGs
[2025-02-12T00:00:24.460+0000] {logging_mixin.py:190} INFO - [2025-02-12T00:00:24.459+0000] {dag.py:4180} INFO - Setting next_dagrun for example_complex to None, run_after=None
[2025-02-12T00:00:24.481+0000] {processor.py:208} INFO - Processing /home/airflow/.local/lib/python3.12/site-packages/airflow/example_dags/example_complex.py took 0.123 seconds
[2025-02-12T00:00:55.096+0000] {processor.py:186} INFO - Started process (PID=2440) to work on /home/airflow/.local/lib/python3.12/site-packages/airflow/example_dags/example_complex.py
[2025-02-12T00:00:55.098+0000] {processor.py:914} INFO - Processing file /home/airflow/.local/lib/python3.12/site-packages/airflow/example_dags/example_complex.py for tasks to queue
[2025-02-12T00:00:55.101+0000] {logging_mixin.py:190} INFO - [2025-02-12T00:00:55.101+0000] {dagbag.py:588} INFO - Filling up the DagBag from /home/airflow/.local/lib/python3.12/site-packages/airflow/example_dags/example_complex.py
[2025-02-12T00:00:55.120+0000] {processor.py:925} INFO - DAG(s) 'example_complex' retrieved from /home/airflow/.local/lib/python3.12/site-packages/airflow/example_dags/example_complex.py
[2025-02-12T00:00:55.161+0000] {logging_mixin.py:190} INFO - [2025-02-12T00:00:55.161+0000] {dag.py:3239} INFO - Sync 1 DAGs
[2025-02-12T00:00:55.183+0000] {logging_mixin.py:190} INFO - [2025-02-12T00:00:55.183+0000] {dag.py:4180} INFO - Setting next_dagrun for example_complex to None, run_after=None
[2025-02-12T00:00:55.206+0000] {processor.py:208} INFO - Processing /home/airflow/.local/lib/python3.12/site-packages/airflow/example_dags/example_complex.py took 0.120 seconds
[2025-02-12T00:01:26.479+0000] {processor.py:186} INFO - Started process (PID=2507) to work on /home/airflow/.local/lib/python3.12/site-packages/airflow/example_dags/example_complex.py
[2025-02-12T00:01:26.481+0000] {processor.py:914} INFO - Processing file /home/airflow/.local/lib/python3.12/site-packages/airflow/example_dags/example_complex.py for tasks to queue
[2025-02-12T00:01:26.483+0000] {logging_mixin.py:190} INFO - [2025-02-12T00:01:26.483+0000] {dagbag.py:588} INFO - Filling up the DagBag from /home/airflow/.local/lib/python3.12/site-packages/airflow/example_dags/example_complex.py
[2025-02-12T00:01:26.497+0000] {processor.py:925} INFO - DAG(s) 'example_complex' retrieved from /home/airflow/.local/lib/python3.12/site-packages/airflow/example_dags/example_complex.py
[2025-02-12T00:01:26.550+0000] {logging_mixin.py:190} INFO - [2025-02-12T00:01:26.548+0000] {dag.py:3239} INFO - Sync 1 DAGs
[2025-02-12T00:01:26.569+0000] {logging_mixin.py:190} INFO - [2025-02-12T00:01:26.569+0000] {dag.py:4180} INFO - Setting next_dagrun for example_complex to None, run_after=None
[2025-02-12T00:01:26.591+0000] {processor.py:208} INFO - Processing /home/airflow/.local/lib/python3.12/site-packages/airflow/example_dags/example_complex.py took 0.119 seconds
[2025-02-12T00:01:58.148+0000] {processor.py:186} INFO - Started process (PID=2573) to work on /home/airflow/.local/lib/python3.12/site-packages/airflow/example_dags/example_complex.py
[2025-02-12T00:01:58.150+0000] {processor.py:914} INFO - Processing file /home/airflow/.local/lib/python3.12/site-packages/airflow/example_dags/example_complex.py for tasks to queue
[2025-02-12T00:01:58.153+0000] {logging_mixin.py:190} INFO - [2025-02-12T00:01:58.153+0000] {dagbag.py:588} INFO - Filling up the DagBag from /home/airflow/.local/lib/python3.12/site-packages/airflow/example_dags/example_complex.py
[2025-02-12T00:01:58.176+0000] {processor.py:925} INFO - DAG(s) 'example_complex' retrieved from /home/airflow/.local/lib/python3.12/site-packages/airflow/example_dags/example_complex.py
[2025-02-12T00:01:58.246+0000] {logging_mixin.py:190} INFO - [2025-02-12T00:01:58.245+0000] {dag.py:3239} INFO - Sync 1 DAGs
[2025-02-12T00:01:58.266+0000] {logging_mixin.py:190} INFO - [2025-02-12T00:01:58.266+0000] {dag.py:4180} INFO - Setting next_dagrun for example_complex to None, run_after=None
[2025-02-12T00:01:58.301+0000] {processor.py:208} INFO - Processing /home/airflow/.local/lib/python3.12/site-packages/airflow/example_dags/example_complex.py took 0.163 seconds
[2025-02-12T00:02:29.096+0000] {processor.py:186} INFO - Started process (PID=2639) to work on /home/airflow/.local/lib/python3.12/site-packages/airflow/example_dags/example_complex.py
[2025-02-12T00:02:29.097+0000] {processor.py:914} INFO - Processing file /home/airflow/.local/lib/python3.12/site-packages/airflow/example_dags/example_complex.py for tasks to queue
[2025-02-12T00:02:29.102+0000] {logging_mixin.py:190} INFO - [2025-02-12T00:02:29.102+0000] {dagbag.py:588} INFO - Filling up the DagBag from /home/airflow/.local/lib/python3.12/site-packages/airflow/example_dags/example_complex.py
[2025-02-12T00:02:29.120+0000] {processor.py:925} INFO - DAG(s) 'example_complex' retrieved from /home/airflow/.local/lib/python3.12/site-packages/airflow/example_dags/example_complex.py
[2025-02-12T00:02:29.173+0000] {logging_mixin.py:190} INFO - [2025-02-12T00:02:29.173+0000] {dag.py:3239} INFO - Sync 1 DAGs
[2025-02-12T00:02:29.217+0000] {logging_mixin.py:190} INFO - [2025-02-12T00:02:29.216+0000] {dag.py:4180} INFO - Setting next_dagrun for example_complex to None, run_after=None
[2025-02-12T00:02:29.254+0000] {processor.py:208} INFO - Processing /home/airflow/.local/lib/python3.12/site-packages/airflow/example_dags/example_complex.py took 0.166 seconds
[2025-02-12T00:02:59.347+0000] {processor.py:186} INFO - Started process (PID=2704) to work on /home/airflow/.local/lib/python3.12/site-packages/airflow/example_dags/example_complex.py
[2025-02-12T00:02:59.348+0000] {processor.py:914} INFO - Processing file /home/airflow/.local/lib/python3.12/site-packages/airflow/example_dags/example_complex.py for tasks to queue
[2025-02-12T00:02:59.354+0000] {logging_mixin.py:190} INFO - [2025-02-12T00:02:59.354+0000] {dagbag.py:588} INFO - Filling up the DagBag from /home/airflow/.local/lib/python3.12/site-packages/airflow/example_dags/example_complex.py
[2025-02-12T00:02:59.368+0000] {processor.py:925} INFO - DAG(s) 'example_complex' retrieved from /home/airflow/.local/lib/python3.12/site-packages/airflow/example_dags/example_complex.py
[2025-02-12T00:02:59.403+0000] {logging_mixin.py:190} INFO - [2025-02-12T00:02:59.402+0000] {dag.py:3239} INFO - Sync 1 DAGs
[2025-02-12T00:02:59.419+0000] {logging_mixin.py:190} INFO - [2025-02-12T00:02:59.418+0000] {dag.py:4180} INFO - Setting next_dagrun for example_complex to None, run_after=None
[2025-02-12T00:02:59.439+0000] {processor.py:208} INFO - Processing /home/airflow/.local/lib/python3.12/site-packages/airflow/example_dags/example_complex.py took 0.104 seconds
[2025-02-12T00:03:30.125+0000] {processor.py:186} INFO - Started process (PID=2770) to work on /home/airflow/.local/lib/python3.12/site-packages/airflow/example_dags/example_complex.py
[2025-02-12T00:03:30.126+0000] {processor.py:914} INFO - Processing file /home/airflow/.local/lib/python3.12/site-packages/airflow/example_dags/example_complex.py for tasks to queue
[2025-02-12T00:03:30.130+0000] {logging_mixin.py:190} INFO - [2025-02-12T00:03:30.128+0000] {dagbag.py:588} INFO - Filling up the DagBag from /home/airflow/.local/lib/python3.12/site-packages/airflow/example_dags/example_complex.py
[2025-02-12T00:03:30.143+0000] {processor.py:925} INFO - DAG(s) 'example_complex' retrieved from /home/airflow/.local/lib/python3.12/site-packages/airflow/example_dags/example_complex.py
[2025-02-12T00:03:30.188+0000] {logging_mixin.py:190} INFO - [2025-02-12T00:03:30.188+0000] {dag.py:3239} INFO - Sync 1 DAGs
[2025-02-12T00:03:30.207+0000] {logging_mixin.py:190} INFO - [2025-02-12T00:03:30.207+0000] {dag.py:4180} INFO - Setting next_dagrun for example_complex to None, run_after=None
[2025-02-12T00:03:30.231+0000] {processor.py:208} INFO - Processing /home/airflow/.local/lib/python3.12/site-packages/airflow/example_dags/example_complex.py took 0.114 seconds
[2025-02-12T00:04:00.841+0000] {processor.py:186} INFO - Started process (PID=2835) to work on /home/airflow/.local/lib/python3.12/site-packages/airflow/example_dags/example_complex.py
[2025-02-12T00:04:00.842+0000] {processor.py:914} INFO - Processing file /home/airflow/.local/lib/python3.12/site-packages/airflow/example_dags/example_complex.py for tasks to queue
[2025-02-12T00:04:00.845+0000] {logging_mixin.py:190} INFO - [2025-02-12T00:04:00.845+0000] {dagbag.py:588} INFO - Filling up the DagBag from /home/airflow/.local/lib/python3.12/site-packages/airflow/example_dags/example_complex.py
[2025-02-12T00:04:00.860+0000] {processor.py:925} INFO - DAG(s) 'example_complex' retrieved from /home/airflow/.local/lib/python3.12/site-packages/airflow/example_dags/example_complex.py
[2025-02-12T00:04:00.900+0000] {logging_mixin.py:190} INFO - [2025-02-12T00:04:00.900+0000] {dag.py:3239} INFO - Sync 1 DAGs
[2025-02-12T00:04:00.919+0000] {logging_mixin.py:190} INFO - [2025-02-12T00:04:00.919+0000] {dag.py:4180} INFO - Setting next_dagrun for example_complex to None, run_after=None
[2025-02-12T00:04:00.945+0000] {processor.py:208} INFO - Processing /home/airflow/.local/lib/python3.12/site-packages/airflow/example_dags/example_complex.py took 0.118 seconds
[2025-02-12T00:04:31.104+0000] {processor.py:186} INFO - Started process (PID=2899) to work on /home/airflow/.local/lib/python3.12/site-packages/airflow/example_dags/example_complex.py
[2025-02-12T00:04:31.105+0000] {processor.py:914} INFO - Processing file /home/airflow/.local/lib/python3.12/site-packages/airflow/example_dags/example_complex.py for tasks to queue
[2025-02-12T00:04:31.108+0000] {logging_mixin.py:190} INFO - [2025-02-12T00:04:31.107+0000] {dagbag.py:588} INFO - Filling up the DagBag from /home/airflow/.local/lib/python3.12/site-packages/airflow/example_dags/example_complex.py
[2025-02-12T00:04:31.119+0000] {processor.py:925} INFO - DAG(s) 'example_complex' retrieved from /home/airflow/.local/lib/python3.12/site-packages/airflow/example_dags/example_complex.py
[2025-02-12T00:04:31.283+0000] {logging_mixin.py:190} INFO - [2025-02-12T00:04:31.282+0000] {dag.py:3239} INFO - Sync 1 DAGs
[2025-02-12T00:04:31.294+0000] {logging_mixin.py:190} INFO - [2025-02-12T00:04:31.294+0000] {dag.py:4180} INFO - Setting next_dagrun for example_complex to None, run_after=None
[2025-02-12T00:04:31.312+0000] {processor.py:208} INFO - Processing /home/airflow/.local/lib/python3.12/site-packages/airflow/example_dags/example_complex.py took 0.213 seconds
[2025-02-12T00:05:01.813+0000] {processor.py:186} INFO - Started process (PID=2966) to work on /home/airflow/.local/lib/python3.12/site-packages/airflow/example_dags/example_complex.py
[2025-02-12T00:05:01.814+0000] {processor.py:914} INFO - Processing file /home/airflow/.local/lib/python3.12/site-packages/airflow/example_dags/example_complex.py for tasks to queue
[2025-02-12T00:05:01.817+0000] {logging_mixin.py:190} INFO - [2025-02-12T00:05:01.816+0000] {dagbag.py:588} INFO - Filling up the DagBag from /home/airflow/.local/lib/python3.12/site-packages/airflow/example_dags/example_complex.py
[2025-02-12T00:05:01.830+0000] {processor.py:925} INFO - DAG(s) 'example_complex' retrieved from /home/airflow/.local/lib/python3.12/site-packages/airflow/example_dags/example_complex.py
[2025-02-12T00:05:01.864+0000] {logging_mixin.py:190} INFO - [2025-02-12T00:05:01.864+0000] {dag.py:3239} INFO - Sync 1 DAGs
[2025-02-12T00:05:01.882+0000] {logging_mixin.py:190} INFO - [2025-02-12T00:05:01.882+0000] {dag.py:4180} INFO - Setting next_dagrun for example_complex to None, run_after=None
[2025-02-12T00:05:01.905+0000] {processor.py:208} INFO - Processing /home/airflow/.local/lib/python3.12/site-packages/airflow/example_dags/example_complex.py took 0.099 seconds
[2025-02-12T00:05:32.164+0000] {processor.py:186} INFO - Started process (PID=3032) to work on /home/airflow/.local/lib/python3.12/site-packages/airflow/example_dags/example_complex.py
[2025-02-12T00:05:32.165+0000] {processor.py:914} INFO - Processing file /home/airflow/.local/lib/python3.12/site-packages/airflow/example_dags/example_complex.py for tasks to queue
[2025-02-12T00:05:32.169+0000] {logging_mixin.py:190} INFO - [2025-02-12T00:05:32.168+0000] {dagbag.py:588} INFO - Filling up the DagBag from /home/airflow/.local/lib/python3.12/site-packages/airflow/example_dags/example_complex.py
[2025-02-12T00:05:32.189+0000] {processor.py:925} INFO - DAG(s) 'example_complex' retrieved from /home/airflow/.local/lib/python3.12/site-packages/airflow/example_dags/example_complex.py
[2025-02-12T00:05:32.281+0000] {logging_mixin.py:190} INFO - [2025-02-12T00:05:32.273+0000] {dag.py:3239} INFO - Sync 1 DAGs
[2025-02-12T00:05:32.320+0000] {logging_mixin.py:190} INFO - [2025-02-12T00:05:32.319+0000] {dag.py:4180} INFO - Setting next_dagrun for example_complex to None, run_after=None
[2025-02-12T00:05:32.357+0000] {processor.py:208} INFO - Processing /home/airflow/.local/lib/python3.12/site-packages/airflow/example_dags/example_complex.py took 0.202 seconds
[2025-02-12T00:06:02.975+0000] {processor.py:186} INFO - Started process (PID=3098) to work on /home/airflow/.local/lib/python3.12/site-packages/airflow/example_dags/example_complex.py
[2025-02-12T00:06:02.977+0000] {processor.py:914} INFO - Processing file /home/airflow/.local/lib/python3.12/site-packages/airflow/example_dags/example_complex.py for tasks to queue
[2025-02-12T00:06:02.981+0000] {logging_mixin.py:190} INFO - [2025-02-12T00:06:02.980+0000] {dagbag.py:588} INFO - Filling up the DagBag from /home/airflow/.local/lib/python3.12/site-packages/airflow/example_dags/example_complex.py
[2025-02-12T00:06:02.999+0000] {processor.py:925} INFO - DAG(s) 'example_complex' retrieved from /home/airflow/.local/lib/python3.12/site-packages/airflow/example_dags/example_complex.py
[2025-02-12T00:06:03.044+0000] {logging_mixin.py:190} INFO - [2025-02-12T00:06:03.044+0000] {dag.py:3239} INFO - Sync 1 DAGs
[2025-02-12T00:06:03.063+0000] {logging_mixin.py:190} INFO - [2025-02-12T00:06:03.063+0000] {dag.py:4180} INFO - Setting next_dagrun for example_complex to None, run_after=None
[2025-02-12T00:06:03.087+0000] {processor.py:208} INFO - Processing /home/airflow/.local/lib/python3.12/site-packages/airflow/example_dags/example_complex.py took 0.119 seconds
[2025-02-12T00:06:33.721+0000] {processor.py:186} INFO - Started process (PID=3163) to work on /home/airflow/.local/lib/python3.12/site-packages/airflow/example_dags/example_complex.py
[2025-02-12T00:06:33.722+0000] {processor.py:914} INFO - Processing file /home/airflow/.local/lib/python3.12/site-packages/airflow/example_dags/example_complex.py for tasks to queue
[2025-02-12T00:06:33.725+0000] {logging_mixin.py:190} INFO - [2025-02-12T00:06:33.724+0000] {dagbag.py:588} INFO - Filling up the DagBag from /home/airflow/.local/lib/python3.12/site-packages/airflow/example_dags/example_complex.py
[2025-02-12T00:06:33.738+0000] {processor.py:925} INFO - DAG(s) 'example_complex' retrieved from /home/airflow/.local/lib/python3.12/site-packages/airflow/example_dags/example_complex.py
[2025-02-12T00:06:33.786+0000] {logging_mixin.py:190} INFO - [2025-02-12T00:06:33.786+0000] {dag.py:3239} INFO - Sync 1 DAGs
[2025-02-12T00:06:33.807+0000] {logging_mixin.py:190} INFO - [2025-02-12T00:06:33.806+0000] {dag.py:4180} INFO - Setting next_dagrun for example_complex to None, run_after=None
[2025-02-12T00:06:33.831+0000] {processor.py:208} INFO - Processing /home/airflow/.local/lib/python3.12/site-packages/airflow/example_dags/example_complex.py took 0.116 seconds
[2025-02-12T00:07:04.218+0000] {processor.py:186} INFO - Started process (PID=3229) to work on /home/airflow/.local/lib/python3.12/site-packages/airflow/example_dags/example_complex.py
[2025-02-12T00:07:04.219+0000] {processor.py:914} INFO - Processing file /home/airflow/.local/lib/python3.12/site-packages/airflow/example_dags/example_complex.py for tasks to queue
[2025-02-12T00:07:04.222+0000] {logging_mixin.py:190} INFO - [2025-02-12T00:07:04.222+0000] {dagbag.py:588} INFO - Filling up the DagBag from /home/airflow/.local/lib/python3.12/site-packages/airflow/example_dags/example_complex.py
[2025-02-12T00:07:04.239+0000] {processor.py:925} INFO - DAG(s) 'example_complex' retrieved from /home/airflow/.local/lib/python3.12/site-packages/airflow/example_dags/example_complex.py
[2025-02-12T00:07:04.274+0000] {logging_mixin.py:190} INFO - [2025-02-12T00:07:04.274+0000] {dag.py:3239} INFO - Sync 1 DAGs
[2025-02-12T00:07:04.288+0000] {logging_mixin.py:190} INFO - [2025-02-12T00:07:04.288+0000] {dag.py:4180} INFO - Setting next_dagrun for example_complex to None, run_after=None
[2025-02-12T00:07:04.309+0000] {processor.py:208} INFO - Processing /home/airflow/.local/lib/python3.12/site-packages/airflow/example_dags/example_complex.py took 0.098 seconds
[2025-02-12T00:07:34.697+0000] {processor.py:186} INFO - Started process (PID=3295) to work on /home/airflow/.local/lib/python3.12/site-packages/airflow/example_dags/example_complex.py
[2025-02-12T00:07:34.697+0000] {processor.py:914} INFO - Processing file /home/airflow/.local/lib/python3.12/site-packages/airflow/example_dags/example_complex.py for tasks to queue
[2025-02-12T00:07:34.700+0000] {logging_mixin.py:190} INFO - [2025-02-12T00:07:34.700+0000] {dagbag.py:588} INFO - Filling up the DagBag from /home/airflow/.local/lib/python3.12/site-packages/airflow/example_dags/example_complex.py
[2025-02-12T00:07:34.713+0000] {processor.py:925} INFO - DAG(s) 'example_complex' retrieved from /home/airflow/.local/lib/python3.12/site-packages/airflow/example_dags/example_complex.py
[2025-02-12T00:07:34.746+0000] {logging_mixin.py:190} INFO - [2025-02-12T00:07:34.745+0000] {dag.py:3239} INFO - Sync 1 DAGs
[2025-02-12T00:07:34.761+0000] {logging_mixin.py:190} INFO - [2025-02-12T00:07:34.760+0000] {dag.py:4180} INFO - Setting next_dagrun for example_complex to None, run_after=None
[2025-02-12T00:07:34.780+0000] {processor.py:208} INFO - Processing /home/airflow/.local/lib/python3.12/site-packages/airflow/example_dags/example_complex.py took 0.090 seconds
[2025-02-12T00:08:05.264+0000] {processor.py:186} INFO - Started process (PID=3361) to work on /home/airflow/.local/lib/python3.12/site-packages/airflow/example_dags/example_complex.py
[2025-02-12T00:08:05.265+0000] {processor.py:914} INFO - Processing file /home/airflow/.local/lib/python3.12/site-packages/airflow/example_dags/example_complex.py for tasks to queue
[2025-02-12T00:08:05.268+0000] {logging_mixin.py:190} INFO - [2025-02-12T00:08:05.268+0000] {dagbag.py:588} INFO - Filling up the DagBag from /home/airflow/.local/lib/python3.12/site-packages/airflow/example_dags/example_complex.py
[2025-02-12T00:08:05.288+0000] {processor.py:925} INFO - DAG(s) 'example_complex' retrieved from /home/airflow/.local/lib/python3.12/site-packages/airflow/example_dags/example_complex.py
[2025-02-12T00:08:05.374+0000] {logging_mixin.py:190} INFO - [2025-02-12T00:08:05.373+0000] {dag.py:3239} INFO - Sync 1 DAGs
[2025-02-12T00:08:05.416+0000] {logging_mixin.py:190} INFO - [2025-02-12T00:08:05.416+0000] {dag.py:4180} INFO - Setting next_dagrun for example_complex to None, run_after=None
[2025-02-12T00:08:05.487+0000] {processor.py:208} INFO - Processing /home/airflow/.local/lib/python3.12/site-packages/airflow/example_dags/example_complex.py took 0.230 seconds
[2025-02-12T00:08:35.918+0000] {processor.py:186} INFO - Started process (PID=3427) to work on /home/airflow/.local/lib/python3.12/site-packages/airflow/example_dags/example_complex.py
[2025-02-12T00:08:35.919+0000] {processor.py:914} INFO - Processing file /home/airflow/.local/lib/python3.12/site-packages/airflow/example_dags/example_complex.py for tasks to queue
[2025-02-12T00:08:35.923+0000] {logging_mixin.py:190} INFO - [2025-02-12T00:08:35.922+0000] {dagbag.py:588} INFO - Filling up the DagBag from /home/airflow/.local/lib/python3.12/site-packages/airflow/example_dags/example_complex.py
[2025-02-12T00:08:35.950+0000] {processor.py:925} INFO - DAG(s) 'example_complex' retrieved from /home/airflow/.local/lib/python3.12/site-packages/airflow/example_dags/example_complex.py
[2025-02-12T00:08:36.015+0000] {logging_mixin.py:190} INFO - [2025-02-12T00:08:36.014+0000] {dag.py:3239} INFO - Sync 1 DAGs
[2025-02-12T00:08:36.043+0000] {logging_mixin.py:190} INFO - [2025-02-12T00:08:36.043+0000] {dag.py:4180} INFO - Setting next_dagrun for example_complex to None, run_after=None
[2025-02-12T00:08:36.077+0000] {processor.py:208} INFO - Processing /home/airflow/.local/lib/python3.12/site-packages/airflow/example_dags/example_complex.py took 0.173 seconds
[2025-02-12T00:09:06.894+0000] {processor.py:186} INFO - Started process (PID=3493) to work on /home/airflow/.local/lib/python3.12/site-packages/airflow/example_dags/example_complex.py
[2025-02-12T00:09:06.895+0000] {processor.py:914} INFO - Processing file /home/airflow/.local/lib/python3.12/site-packages/airflow/example_dags/example_complex.py for tasks to queue
[2025-02-12T00:09:06.899+0000] {logging_mixin.py:190} INFO - [2025-02-12T00:09:06.899+0000] {dagbag.py:588} INFO - Filling up the DagBag from /home/airflow/.local/lib/python3.12/site-packages/airflow/example_dags/example_complex.py
[2025-02-12T00:09:06.929+0000] {processor.py:925} INFO - DAG(s) 'example_complex' retrieved from /home/airflow/.local/lib/python3.12/site-packages/airflow/example_dags/example_complex.py
[2025-02-12T00:09:06.980+0000] {logging_mixin.py:190} INFO - [2025-02-12T00:09:06.980+0000] {dag.py:3239} INFO - Sync 1 DAGs
[2025-02-12T00:09:07.006+0000] {logging_mixin.py:190} INFO - [2025-02-12T00:09:07.006+0000] {dag.py:4180} INFO - Setting next_dagrun for example_complex to None, run_after=None
[2025-02-12T00:09:07.036+0000] {processor.py:208} INFO - Processing /home/airflow/.local/lib/python3.12/site-packages/airflow/example_dags/example_complex.py took 0.154 seconds
[2025-02-12T00:09:37.095+0000] {processor.py:186} INFO - Started process (PID=3559) to work on /home/airflow/.local/lib/python3.12/site-packages/airflow/example_dags/example_complex.py
[2025-02-12T00:09:37.096+0000] {processor.py:914} INFO - Processing file /home/airflow/.local/lib/python3.12/site-packages/airflow/example_dags/example_complex.py for tasks to queue
[2025-02-12T00:09:37.100+0000] {logging_mixin.py:190} INFO - [2025-02-12T00:09:37.099+0000] {dagbag.py:588} INFO - Filling up the DagBag from /home/airflow/.local/lib/python3.12/site-packages/airflow/example_dags/example_complex.py
[2025-02-12T00:09:37.116+0000] {processor.py:925} INFO - DAG(s) 'example_complex' retrieved from /home/airflow/.local/lib/python3.12/site-packages/airflow/example_dags/example_complex.py
[2025-02-12T00:09:37.166+0000] {logging_mixin.py:190} INFO - [2025-02-12T00:09:37.165+0000] {dag.py:3239} INFO - Sync 1 DAGs
[2025-02-12T00:09:37.183+0000] {logging_mixin.py:190} INFO - [2025-02-12T00:09:37.183+0000] {dag.py:4180} INFO - Setting next_dagrun for example_complex to None, run_after=None
[2025-02-12T00:09:37.204+0000] {processor.py:208} INFO - Processing /home/airflow/.local/lib/python3.12/site-packages/airflow/example_dags/example_complex.py took 0.116 seconds
[2025-02-12T00:10:07.262+0000] {processor.py:186} INFO - Started process (PID=3625) to work on /home/airflow/.local/lib/python3.12/site-packages/airflow/example_dags/example_complex.py
[2025-02-12T00:10:07.263+0000] {processor.py:914} INFO - Processing file /home/airflow/.local/lib/python3.12/site-packages/airflow/example_dags/example_complex.py for tasks to queue
[2025-02-12T00:10:07.266+0000] {logging_mixin.py:190} INFO - [2025-02-12T00:10:07.266+0000] {dagbag.py:588} INFO - Filling up the DagBag from /home/airflow/.local/lib/python3.12/site-packages/airflow/example_dags/example_complex.py
[2025-02-12T00:10:07.283+0000] {processor.py:925} INFO - DAG(s) 'example_complex' retrieved from /home/airflow/.local/lib/python3.12/site-packages/airflow/example_dags/example_complex.py
[2025-02-12T00:10:07.322+0000] {logging_mixin.py:190} INFO - [2025-02-12T00:10:07.321+0000] {dag.py:3239} INFO - Sync 1 DAGs
[2025-02-12T00:10:07.342+0000] {logging_mixin.py:190} INFO - [2025-02-12T00:10:07.341+0000] {dag.py:4180} INFO - Setting next_dagrun for example_complex to None, run_after=None
[2025-02-12T00:10:07.386+0000] {processor.py:208} INFO - Processing /home/airflow/.local/lib/python3.12/site-packages/airflow/example_dags/example_complex.py took 0.132 seconds
[2025-02-12T00:10:37.867+0000] {processor.py:186} INFO - Started process (PID=3691) to work on /home/airflow/.local/lib/python3.12/site-packages/airflow/example_dags/example_complex.py
[2025-02-12T00:10:37.868+0000] {processor.py:914} INFO - Processing file /home/airflow/.local/lib/python3.12/site-packages/airflow/example_dags/example_complex.py for tasks to queue
[2025-02-12T00:10:37.871+0000] {logging_mixin.py:190} INFO - [2025-02-12T00:10:37.870+0000] {dagbag.py:588} INFO - Filling up the DagBag from /home/airflow/.local/lib/python3.12/site-packages/airflow/example_dags/example_complex.py
[2025-02-12T00:10:37.883+0000] {processor.py:925} INFO - DAG(s) 'example_complex' retrieved from /home/airflow/.local/lib/python3.12/site-packages/airflow/example_dags/example_complex.py
[2025-02-12T00:10:37.916+0000] {logging_mixin.py:190} INFO - [2025-02-12T00:10:37.916+0000] {dag.py:3239} INFO - Sync 1 DAGs
[2025-02-12T00:10:37.936+0000] {logging_mixin.py:190} INFO - [2025-02-12T00:10:37.936+0000] {dag.py:4180} INFO - Setting next_dagrun for example_complex to None, run_after=None
[2025-02-12T00:10:37.958+0000] {processor.py:208} INFO - Processing /home/airflow/.local/lib/python3.12/site-packages/airflow/example_dags/example_complex.py took 0.099 seconds
[2025-02-12T00:11:08.087+0000] {processor.py:186} INFO - Started process (PID=3757) to work on /home/airflow/.local/lib/python3.12/site-packages/airflow/example_dags/example_complex.py
[2025-02-12T00:11:08.089+0000] {processor.py:914} INFO - Processing file /home/airflow/.local/lib/python3.12/site-packages/airflow/example_dags/example_complex.py for tasks to queue
[2025-02-12T00:11:08.092+0000] {logging_mixin.py:190} INFO - [2025-02-12T00:11:08.092+0000] {dagbag.py:588} INFO - Filling up the DagBag from /home/airflow/.local/lib/python3.12/site-packages/airflow/example_dags/example_complex.py
[2025-02-12T00:11:08.111+0000] {processor.py:925} INFO - DAG(s) 'example_complex' retrieved from /home/airflow/.local/lib/python3.12/site-packages/airflow/example_dags/example_complex.py
[2025-02-12T00:11:08.154+0000] {logging_mixin.py:190} INFO - [2025-02-12T00:11:08.154+0000] {dag.py:3239} INFO - Sync 1 DAGs
[2025-02-12T00:11:08.173+0000] {logging_mixin.py:190} INFO - [2025-02-12T00:11:08.173+0000] {dag.py:4180} INFO - Setting next_dagrun for example_complex to None, run_after=None
[2025-02-12T00:11:08.200+0000] {processor.py:208} INFO - Processing /home/airflow/.local/lib/python3.12/site-packages/airflow/example_dags/example_complex.py took 0.121 seconds
[2025-02-12T00:11:38.798+0000] {processor.py:186} INFO - Started process (PID=3823) to work on /home/airflow/.local/lib/python3.12/site-packages/airflow/example_dags/example_complex.py
[2025-02-12T00:11:38.799+0000] {processor.py:914} INFO - Processing file /home/airflow/.local/lib/python3.12/site-packages/airflow/example_dags/example_complex.py for tasks to queue
[2025-02-12T00:11:38.803+0000] {logging_mixin.py:190} INFO - [2025-02-12T00:11:38.802+0000] {dagbag.py:588} INFO - Filling up the DagBag from /home/airflow/.local/lib/python3.12/site-packages/airflow/example_dags/example_complex.py
[2025-02-12T00:11:38.821+0000] {processor.py:925} INFO - DAG(s) 'example_complex' retrieved from /home/airflow/.local/lib/python3.12/site-packages/airflow/example_dags/example_complex.py
[2025-02-12T00:11:38.854+0000] {logging_mixin.py:190} INFO - [2025-02-12T00:11:38.854+0000] {dag.py:3239} INFO - Sync 1 DAGs
[2025-02-12T00:11:38.874+0000] {logging_mixin.py:190} INFO - [2025-02-12T00:11:38.874+0000] {dag.py:4180} INFO - Setting next_dagrun for example_complex to None, run_after=None
[2025-02-12T00:11:38.895+0000] {processor.py:208} INFO - Processing /home/airflow/.local/lib/python3.12/site-packages/airflow/example_dags/example_complex.py took 0.109 seconds
[2025-02-12T00:12:09.468+0000] {processor.py:186} INFO - Started process (PID=3890) to work on /home/airflow/.local/lib/python3.12/site-packages/airflow/example_dags/example_complex.py
[2025-02-12T00:12:09.469+0000] {processor.py:914} INFO - Processing file /home/airflow/.local/lib/python3.12/site-packages/airflow/example_dags/example_complex.py for tasks to queue
[2025-02-12T00:12:09.475+0000] {logging_mixin.py:190} INFO - [2025-02-12T00:12:09.475+0000] {dagbag.py:588} INFO - Filling up the DagBag from /home/airflow/.local/lib/python3.12/site-packages/airflow/example_dags/example_complex.py
[2025-02-12T00:12:09.490+0000] {processor.py:925} INFO - DAG(s) 'example_complex' retrieved from /home/airflow/.local/lib/python3.12/site-packages/airflow/example_dags/example_complex.py
[2025-02-12T00:12:09.531+0000] {logging_mixin.py:190} INFO - [2025-02-12T00:12:09.530+0000] {dag.py:3239} INFO - Sync 1 DAGs
[2025-02-12T00:12:09.555+0000] {logging_mixin.py:190} INFO - [2025-02-12T00:12:09.555+0000] {dag.py:4180} INFO - Setting next_dagrun for example_complex to None, run_after=None
[2025-02-12T00:12:09.580+0000] {processor.py:208} INFO - Processing /home/airflow/.local/lib/python3.12/site-packages/airflow/example_dags/example_complex.py took 0.121 seconds
[2025-02-12T00:12:39.679+0000] {processor.py:186} INFO - Started process (PID=3956) to work on /home/airflow/.local/lib/python3.12/site-packages/airflow/example_dags/example_complex.py
[2025-02-12T00:12:39.681+0000] {processor.py:914} INFO - Processing file /home/airflow/.local/lib/python3.12/site-packages/airflow/example_dags/example_complex.py for tasks to queue
[2025-02-12T00:12:39.684+0000] {logging_mixin.py:190} INFO - [2025-02-12T00:12:39.684+0000] {dagbag.py:588} INFO - Filling up the DagBag from /home/airflow/.local/lib/python3.12/site-packages/airflow/example_dags/example_complex.py
[2025-02-12T00:12:39.699+0000] {processor.py:925} INFO - DAG(s) 'example_complex' retrieved from /home/airflow/.local/lib/python3.12/site-packages/airflow/example_dags/example_complex.py
[2025-02-12T00:12:39.733+0000] {logging_mixin.py:190} INFO - [2025-02-12T00:12:39.732+0000] {dag.py:3239} INFO - Sync 1 DAGs
[2025-02-12T00:12:39.751+0000] {logging_mixin.py:190} INFO - [2025-02-12T00:12:39.751+0000] {dag.py:4180} INFO - Setting next_dagrun for example_complex to None, run_after=None
[2025-02-12T00:12:39.774+0000] {processor.py:208} INFO - Processing /home/airflow/.local/lib/python3.12/site-packages/airflow/example_dags/example_complex.py took 0.102 seconds
[2025-02-12T00:13:10.075+0000] {processor.py:186} INFO - Started process (PID=4021) to work on /home/airflow/.local/lib/python3.12/site-packages/airflow/example_dags/example_complex.py
[2025-02-12T00:13:10.077+0000] {processor.py:914} INFO - Processing file /home/airflow/.local/lib/python3.12/site-packages/airflow/example_dags/example_complex.py for tasks to queue
[2025-02-12T00:13:10.080+0000] {logging_mixin.py:190} INFO - [2025-02-12T00:13:10.079+0000] {dagbag.py:588} INFO - Filling up the DagBag from /home/airflow/.local/lib/python3.12/site-packages/airflow/example_dags/example_complex.py
[2025-02-12T00:13:10.094+0000] {processor.py:925} INFO - DAG(s) 'example_complex' retrieved from /home/airflow/.local/lib/python3.12/site-packages/airflow/example_dags/example_complex.py
[2025-02-12T00:13:10.140+0000] {logging_mixin.py:190} INFO - [2025-02-12T00:13:10.140+0000] {dag.py:3239} INFO - Sync 1 DAGs
[2025-02-12T00:13:10.161+0000] {logging_mixin.py:190} INFO - [2025-02-12T00:13:10.161+0000] {dag.py:4180} INFO - Setting next_dagrun for example_complex to None, run_after=None
[2025-02-12T00:13:10.188+0000] {processor.py:208} INFO - Processing /home/airflow/.local/lib/python3.12/site-packages/airflow/example_dags/example_complex.py took 0.121 seconds
[2025-02-12T00:13:40.322+0000] {processor.py:186} INFO - Started process (PID=4086) to work on /home/airflow/.local/lib/python3.12/site-packages/airflow/example_dags/example_complex.py
[2025-02-12T00:13:40.323+0000] {processor.py:914} INFO - Processing file /home/airflow/.local/lib/python3.12/site-packages/airflow/example_dags/example_complex.py for tasks to queue
[2025-02-12T00:13:40.326+0000] {logging_mixin.py:190} INFO - [2025-02-12T00:13:40.326+0000] {dagbag.py:588} INFO - Filling up the DagBag from /home/airflow/.local/lib/python3.12/site-packages/airflow/example_dags/example_complex.py
[2025-02-12T00:13:40.346+0000] {processor.py:925} INFO - DAG(s) 'example_complex' retrieved from /home/airflow/.local/lib/python3.12/site-packages/airflow/example_dags/example_complex.py
[2025-02-12T00:13:40.389+0000] {logging_mixin.py:190} INFO - [2025-02-12T00:13:40.389+0000] {dag.py:3239} INFO - Sync 1 DAGs
[2025-02-12T00:13:40.417+0000] {logging_mixin.py:190} INFO - [2025-02-12T00:13:40.417+0000] {dag.py:4180} INFO - Setting next_dagrun for example_complex to None, run_after=None
[2025-02-12T00:13:40.447+0000] {processor.py:208} INFO - Processing /home/airflow/.local/lib/python3.12/site-packages/airflow/example_dags/example_complex.py took 0.140 seconds
[2025-02-12T00:14:11.463+0000] {processor.py:186} INFO - Started process (PID=4153) to work on /home/airflow/.local/lib/python3.12/site-packages/airflow/example_dags/example_complex.py
[2025-02-12T00:14:11.464+0000] {processor.py:914} INFO - Processing file /home/airflow/.local/lib/python3.12/site-packages/airflow/example_dags/example_complex.py for tasks to queue
[2025-02-12T00:14:11.467+0000] {logging_mixin.py:190} INFO - [2025-02-12T00:14:11.467+0000] {dagbag.py:588} INFO - Filling up the DagBag from /home/airflow/.local/lib/python3.12/site-packages/airflow/example_dags/example_complex.py
[2025-02-12T00:14:11.487+0000] {processor.py:925} INFO - DAG(s) 'example_complex' retrieved from /home/airflow/.local/lib/python3.12/site-packages/airflow/example_dags/example_complex.py
[2025-02-12T00:14:11.530+0000] {logging_mixin.py:190} INFO - [2025-02-12T00:14:11.530+0000] {dag.py:3239} INFO - Sync 1 DAGs
[2025-02-12T00:14:11.567+0000] {logging_mixin.py:190} INFO - [2025-02-12T00:14:11.561+0000] {dag.py:4180} INFO - Setting next_dagrun for example_complex to None, run_after=None
[2025-02-12T00:14:11.592+0000] {processor.py:208} INFO - Processing /home/airflow/.local/lib/python3.12/site-packages/airflow/example_dags/example_complex.py took 0.142 seconds
[2025-02-12T00:14:42.217+0000] {processor.py:186} INFO - Started process (PID=4219) to work on /home/airflow/.local/lib/python3.12/site-packages/airflow/example_dags/example_complex.py
[2025-02-12T00:14:42.218+0000] {processor.py:914} INFO - Processing file /home/airflow/.local/lib/python3.12/site-packages/airflow/example_dags/example_complex.py for tasks to queue
[2025-02-12T00:14:42.222+0000] {logging_mixin.py:190} INFO - [2025-02-12T00:14:42.221+0000] {dagbag.py:588} INFO - Filling up the DagBag from /home/airflow/.local/lib/python3.12/site-packages/airflow/example_dags/example_complex.py
[2025-02-12T00:14:42.241+0000] {processor.py:925} INFO - DAG(s) 'example_complex' retrieved from /home/airflow/.local/lib/python3.12/site-packages/airflow/example_dags/example_complex.py
[2025-02-12T00:14:42.282+0000] {logging_mixin.py:190} INFO - [2025-02-12T00:14:42.282+0000] {dag.py:3239} INFO - Sync 1 DAGs
[2025-02-12T00:14:42.302+0000] {logging_mixin.py:190} INFO - [2025-02-12T00:14:42.301+0000] {dag.py:4180} INFO - Setting next_dagrun for example_complex to None, run_after=None
[2025-02-12T00:14:42.333+0000] {processor.py:208} INFO - Processing /home/airflow/.local/lib/python3.12/site-packages/airflow/example_dags/example_complex.py took 0.124 seconds
[2025-02-12T00:15:12.419+0000] {processor.py:186} INFO - Started process (PID=4285) to work on /home/airflow/.local/lib/python3.12/site-packages/airflow/example_dags/example_complex.py
[2025-02-12T00:15:12.421+0000] {processor.py:914} INFO - Processing file /home/airflow/.local/lib/python3.12/site-packages/airflow/example_dags/example_complex.py for tasks to queue
[2025-02-12T00:15:12.424+0000] {logging_mixin.py:190} INFO - [2025-02-12T00:15:12.424+0000] {dagbag.py:588} INFO - Filling up the DagBag from /home/airflow/.local/lib/python3.12/site-packages/airflow/example_dags/example_complex.py
[2025-02-12T00:15:12.443+0000] {processor.py:925} INFO - DAG(s) 'example_complex' retrieved from /home/airflow/.local/lib/python3.12/site-packages/airflow/example_dags/example_complex.py
[2025-02-12T00:15:12.487+0000] {logging_mixin.py:190} INFO - [2025-02-12T00:15:12.486+0000] {dag.py:3239} INFO - Sync 1 DAGs
[2025-02-12T00:15:12.506+0000] {logging_mixin.py:190} INFO - [2025-02-12T00:15:12.506+0000] {dag.py:4180} INFO - Setting next_dagrun for example_complex to None, run_after=None
[2025-02-12T00:15:12.527+0000] {processor.py:208} INFO - Processing /home/airflow/.local/lib/python3.12/site-packages/airflow/example_dags/example_complex.py took 0.116 seconds
[2025-02-12T00:15:42.981+0000] {processor.py:186} INFO - Started process (PID=4351) to work on /home/airflow/.local/lib/python3.12/site-packages/airflow/example_dags/example_complex.py
[2025-02-12T00:15:42.983+0000] {processor.py:914} INFO - Processing file /home/airflow/.local/lib/python3.12/site-packages/airflow/example_dags/example_complex.py for tasks to queue
[2025-02-12T00:15:42.986+0000] {logging_mixin.py:190} INFO - [2025-02-12T00:15:42.986+0000] {dagbag.py:588} INFO - Filling up the DagBag from /home/airflow/.local/lib/python3.12/site-packages/airflow/example_dags/example_complex.py
[2025-02-12T00:15:43.003+0000] {processor.py:925} INFO - DAG(s) 'example_complex' retrieved from /home/airflow/.local/lib/python3.12/site-packages/airflow/example_dags/example_complex.py
[2025-02-12T00:15:43.044+0000] {logging_mixin.py:190} INFO - [2025-02-12T00:15:43.044+0000] {dag.py:3239} INFO - Sync 1 DAGs
[2025-02-12T00:15:43.075+0000] {logging_mixin.py:190} INFO - [2025-02-12T00:15:43.074+0000] {dag.py:4180} INFO - Setting next_dagrun for example_complex to None, run_after=None
[2025-02-12T00:15:43.097+0000] {processor.py:208} INFO - Processing /home/airflow/.local/lib/python3.12/site-packages/airflow/example_dags/example_complex.py took 0.124 seconds
[2025-02-12T00:16:13.516+0000] {processor.py:186} INFO - Started process (PID=4418) to work on /home/airflow/.local/lib/python3.12/site-packages/airflow/example_dags/example_complex.py
[2025-02-12T00:16:13.517+0000] {processor.py:914} INFO - Processing file /home/airflow/.local/lib/python3.12/site-packages/airflow/example_dags/example_complex.py for tasks to queue
[2025-02-12T00:16:13.521+0000] {logging_mixin.py:190} INFO - [2025-02-12T00:16:13.520+0000] {dagbag.py:588} INFO - Filling up the DagBag from /home/airflow/.local/lib/python3.12/site-packages/airflow/example_dags/example_complex.py
[2025-02-12T00:16:13.554+0000] {processor.py:925} INFO - DAG(s) 'example_complex' retrieved from /home/airflow/.local/lib/python3.12/site-packages/airflow/example_dags/example_complex.py
[2025-02-12T00:16:13.616+0000] {logging_mixin.py:190} INFO - [2025-02-12T00:16:13.615+0000] {dag.py:3239} INFO - Sync 1 DAGs
[2025-02-12T00:16:13.654+0000] {logging_mixin.py:190} INFO - [2025-02-12T00:16:13.653+0000] {dag.py:4180} INFO - Setting next_dagrun for example_complex to None, run_after=None
[2025-02-12T00:16:13.733+0000] {processor.py:208} INFO - Processing /home/airflow/.local/lib/python3.12/site-packages/airflow/example_dags/example_complex.py took 0.230 seconds
[2025-02-12T00:16:43.966+0000] {processor.py:186} INFO - Started process (PID=4484) to work on /home/airflow/.local/lib/python3.12/site-packages/airflow/example_dags/example_complex.py
[2025-02-12T00:16:43.968+0000] {processor.py:914} INFO - Processing file /home/airflow/.local/lib/python3.12/site-packages/airflow/example_dags/example_complex.py for tasks to queue
[2025-02-12T00:16:43.970+0000] {logging_mixin.py:190} INFO - [2025-02-12T00:16:43.970+0000] {dagbag.py:588} INFO - Filling up the DagBag from /home/airflow/.local/lib/python3.12/site-packages/airflow/example_dags/example_complex.py
[2025-02-12T00:16:43.990+0000] {processor.py:925} INFO - DAG(s) 'example_complex' retrieved from /home/airflow/.local/lib/python3.12/site-packages/airflow/example_dags/example_complex.py
[2025-02-12T00:16:44.048+0000] {logging_mixin.py:190} INFO - [2025-02-12T00:16:44.047+0000] {dag.py:3239} INFO - Sync 1 DAGs
[2025-02-12T00:16:44.093+0000] {logging_mixin.py:190} INFO - [2025-02-12T00:16:44.093+0000] {dag.py:4180} INFO - Setting next_dagrun for example_complex to None, run_after=None
[2025-02-12T00:16:44.136+0000] {processor.py:208} INFO - Processing /home/airflow/.local/lib/python3.12/site-packages/airflow/example_dags/example_complex.py took 0.178 seconds
[2025-02-12T00:17:14.749+0000] {processor.py:186} INFO - Started process (PID=4550) to work on /home/airflow/.local/lib/python3.12/site-packages/airflow/example_dags/example_complex.py
[2025-02-12T00:17:14.750+0000] {processor.py:914} INFO - Processing file /home/airflow/.local/lib/python3.12/site-packages/airflow/example_dags/example_complex.py for tasks to queue
[2025-02-12T00:17:14.753+0000] {logging_mixin.py:190} INFO - [2025-02-12T00:17:14.752+0000] {dagbag.py:588} INFO - Filling up the DagBag from /home/airflow/.local/lib/python3.12/site-packages/airflow/example_dags/example_complex.py
[2025-02-12T00:17:14.768+0000] {processor.py:925} INFO - DAG(s) 'example_complex' retrieved from /home/airflow/.local/lib/python3.12/site-packages/airflow/example_dags/example_complex.py
[2025-02-12T00:17:14.805+0000] {logging_mixin.py:190} INFO - [2025-02-12T00:17:14.805+0000] {dag.py:3239} INFO - Sync 1 DAGs
[2025-02-12T00:17:14.824+0000] {logging_mixin.py:190} INFO - [2025-02-12T00:17:14.823+0000] {dag.py:4180} INFO - Setting next_dagrun for example_complex to None, run_after=None
[2025-02-12T00:17:14.844+0000] {processor.py:208} INFO - Processing /home/airflow/.local/lib/python3.12/site-packages/airflow/example_dags/example_complex.py took 0.103 seconds
[2025-02-12T00:17:45.760+0000] {processor.py:186} INFO - Started process (PID=4615) to work on /home/airflow/.local/lib/python3.12/site-packages/airflow/example_dags/example_complex.py
[2025-02-12T00:17:45.761+0000] {processor.py:914} INFO - Processing file /home/airflow/.local/lib/python3.12/site-packages/airflow/example_dags/example_complex.py for tasks to queue
[2025-02-12T00:17:45.765+0000] {logging_mixin.py:190} INFO - [2025-02-12T00:17:45.764+0000] {dagbag.py:588} INFO - Filling up the DagBag from /home/airflow/.local/lib/python3.12/site-packages/airflow/example_dags/example_complex.py
[2025-02-12T00:17:45.783+0000] {processor.py:925} INFO - DAG(s) 'example_complex' retrieved from /home/airflow/.local/lib/python3.12/site-packages/airflow/example_dags/example_complex.py
[2025-02-12T00:17:45.816+0000] {logging_mixin.py:190} INFO - [2025-02-12T00:17:45.816+0000] {dag.py:3239} INFO - Sync 1 DAGs
[2025-02-12T00:17:45.835+0000] {logging_mixin.py:190} INFO - [2025-02-12T00:17:45.835+0000] {dag.py:4180} INFO - Setting next_dagrun for example_complex to None, run_after=None
[2025-02-12T00:17:45.865+0000] {processor.py:208} INFO - Processing /home/airflow/.local/lib/python3.12/site-packages/airflow/example_dags/example_complex.py took 0.112 seconds
[2025-02-12T00:18:16.111+0000] {processor.py:186} INFO - Started process (PID=4681) to work on /home/airflow/.local/lib/python3.12/site-packages/airflow/example_dags/example_complex.py
[2025-02-12T00:18:16.113+0000] {processor.py:914} INFO - Processing file /home/airflow/.local/lib/python3.12/site-packages/airflow/example_dags/example_complex.py for tasks to queue
[2025-02-12T00:18:16.116+0000] {logging_mixin.py:190} INFO - [2025-02-12T00:18:16.116+0000] {dagbag.py:588} INFO - Filling up the DagBag from /home/airflow/.local/lib/python3.12/site-packages/airflow/example_dags/example_complex.py
[2025-02-12T00:18:16.130+0000] {processor.py:925} INFO - DAG(s) 'example_complex' retrieved from /home/airflow/.local/lib/python3.12/site-packages/airflow/example_dags/example_complex.py
[2025-02-12T00:18:16.172+0000] {logging_mixin.py:190} INFO - [2025-02-12T00:18:16.172+0000] {dag.py:3239} INFO - Sync 1 DAGs
[2025-02-12T00:18:16.192+0000] {logging_mixin.py:190} INFO - [2025-02-12T00:18:16.192+0000] {dag.py:4180} INFO - Setting next_dagrun for example_complex to None, run_after=None
[2025-02-12T00:18:16.214+0000] {processor.py:208} INFO - Processing /home/airflow/.local/lib/python3.12/site-packages/airflow/example_dags/example_complex.py took 0.110 seconds
[2025-02-12T00:18:47.210+0000] {processor.py:186} INFO - Started process (PID=4747) to work on /home/airflow/.local/lib/python3.12/site-packages/airflow/example_dags/example_complex.py
[2025-02-12T00:18:47.211+0000] {processor.py:914} INFO - Processing file /home/airflow/.local/lib/python3.12/site-packages/airflow/example_dags/example_complex.py for tasks to queue
[2025-02-12T00:18:47.213+0000] {logging_mixin.py:190} INFO - [2025-02-12T00:18:47.213+0000] {dagbag.py:588} INFO - Filling up the DagBag from /home/airflow/.local/lib/python3.12/site-packages/airflow/example_dags/example_complex.py
[2025-02-12T00:18:47.228+0000] {processor.py:925} INFO - DAG(s) 'example_complex' retrieved from /home/airflow/.local/lib/python3.12/site-packages/airflow/example_dags/example_complex.py
[2025-02-12T00:18:47.260+0000] {logging_mixin.py:190} INFO - [2025-02-12T00:18:47.260+0000] {dag.py:3239} INFO - Sync 1 DAGs
[2025-02-12T00:18:47.277+0000] {logging_mixin.py:190} INFO - [2025-02-12T00:18:47.277+0000] {dag.py:4180} INFO - Setting next_dagrun for example_complex to None, run_after=None
[2025-02-12T00:18:47.301+0000] {processor.py:208} INFO - Processing /home/airflow/.local/lib/python3.12/site-packages/airflow/example_dags/example_complex.py took 0.098 seconds
[2025-02-12T00:19:17.538+0000] {processor.py:186} INFO - Started process (PID=4813) to work on /home/airflow/.local/lib/python3.12/site-packages/airflow/example_dags/example_complex.py
[2025-02-12T00:19:17.540+0000] {processor.py:914} INFO - Processing file /home/airflow/.local/lib/python3.12/site-packages/airflow/example_dags/example_complex.py for tasks to queue
[2025-02-12T00:19:17.543+0000] {logging_mixin.py:190} INFO - [2025-02-12T00:19:17.543+0000] {dagbag.py:588} INFO - Filling up the DagBag from /home/airflow/.local/lib/python3.12/site-packages/airflow/example_dags/example_complex.py
[2025-02-12T00:19:17.570+0000] {processor.py:925} INFO - DAG(s) 'example_complex' retrieved from /home/airflow/.local/lib/python3.12/site-packages/airflow/example_dags/example_complex.py
[2025-02-12T00:19:17.611+0000] {logging_mixin.py:190} INFO - [2025-02-12T00:19:17.611+0000] {dag.py:3239} INFO - Sync 1 DAGs
[2025-02-12T00:19:17.631+0000] {logging_mixin.py:190} INFO - [2025-02-12T00:19:17.631+0000] {dag.py:4180} INFO - Setting next_dagrun for example_complex to None, run_after=None
[2025-02-12T00:19:17.655+0000] {processor.py:208} INFO - Processing /home/airflow/.local/lib/python3.12/site-packages/airflow/example_dags/example_complex.py took 0.124 seconds
[2025-02-12T00:19:47.789+0000] {processor.py:186} INFO - Started process (PID=4879) to work on /home/airflow/.local/lib/python3.12/site-packages/airflow/example_dags/example_complex.py
[2025-02-12T00:19:47.790+0000] {processor.py:914} INFO - Processing file /home/airflow/.local/lib/python3.12/site-packages/airflow/example_dags/example_complex.py for tasks to queue
[2025-02-12T00:19:47.793+0000] {logging_mixin.py:190} INFO - [2025-02-12T00:19:47.793+0000] {dagbag.py:588} INFO - Filling up the DagBag from /home/airflow/.local/lib/python3.12/site-packages/airflow/example_dags/example_complex.py
[2025-02-12T00:19:47.807+0000] {processor.py:925} INFO - DAG(s) 'example_complex' retrieved from /home/airflow/.local/lib/python3.12/site-packages/airflow/example_dags/example_complex.py
[2025-02-12T00:19:47.853+0000] {logging_mixin.py:190} INFO - [2025-02-12T00:19:47.852+0000] {dag.py:3239} INFO - Sync 1 DAGs
[2025-02-12T00:19:47.874+0000] {logging_mixin.py:190} INFO - [2025-02-12T00:19:47.874+0000] {dag.py:4180} INFO - Setting next_dagrun for example_complex to None, run_after=None
[2025-02-12T00:19:47.902+0000] {processor.py:208} INFO - Processing /home/airflow/.local/lib/python3.12/site-packages/airflow/example_dags/example_complex.py took 0.119 seconds
[2025-02-12T00:20:18.268+0000] {processor.py:186} INFO - Started process (PID=4945) to work on /home/airflow/.local/lib/python3.12/site-packages/airflow/example_dags/example_complex.py
[2025-02-12T00:20:18.269+0000] {processor.py:914} INFO - Processing file /home/airflow/.local/lib/python3.12/site-packages/airflow/example_dags/example_complex.py for tasks to queue
[2025-02-12T00:20:18.273+0000] {logging_mixin.py:190} INFO - [2025-02-12T00:20:18.273+0000] {dagbag.py:588} INFO - Filling up the DagBag from /home/airflow/.local/lib/python3.12/site-packages/airflow/example_dags/example_complex.py
[2025-02-12T00:20:18.298+0000] {processor.py:925} INFO - DAG(s) 'example_complex' retrieved from /home/airflow/.local/lib/python3.12/site-packages/airflow/example_dags/example_complex.py
[2025-02-12T00:20:18.341+0000] {logging_mixin.py:190} INFO - [2025-02-12T00:20:18.341+0000] {dag.py:3239} INFO - Sync 1 DAGs
[2025-02-12T00:20:18.364+0000] {logging_mixin.py:190} INFO - [2025-02-12T00:20:18.363+0000] {dag.py:4180} INFO - Setting next_dagrun for example_complex to None, run_after=None
[2025-02-12T00:20:18.393+0000] {processor.py:208} INFO - Processing /home/airflow/.local/lib/python3.12/site-packages/airflow/example_dags/example_complex.py took 0.133 seconds
[2025-02-12T00:20:49.892+0000] {processor.py:186} INFO - Started process (PID=5011) to work on /home/airflow/.local/lib/python3.12/site-packages/airflow/example_dags/example_complex.py
[2025-02-12T00:20:49.909+0000] {processor.py:914} INFO - Processing file /home/airflow/.local/lib/python3.12/site-packages/airflow/example_dags/example_complex.py for tasks to queue
[2025-02-12T00:20:49.912+0000] {logging_mixin.py:190} INFO - [2025-02-12T00:20:49.911+0000] {dagbag.py:588} INFO - Filling up the DagBag from /home/airflow/.local/lib/python3.12/site-packages/airflow/example_dags/example_complex.py
[2025-02-12T00:20:49.973+0000] {processor.py:925} INFO - DAG(s) 'example_complex' retrieved from /home/airflow/.local/lib/python3.12/site-packages/airflow/example_dags/example_complex.py
[2025-02-12T00:20:50.141+0000] {logging_mixin.py:190} INFO - [2025-02-12T00:20:50.141+0000] {dag.py:3239} INFO - Sync 1 DAGs
[2025-02-12T00:20:50.221+0000] {logging_mixin.py:190} INFO - [2025-02-12T00:20:50.221+0000] {dag.py:4180} INFO - Setting next_dagrun for example_complex to None, run_after=None
[2025-02-12T00:20:50.315+0000] {processor.py:208} INFO - Processing /home/airflow/.local/lib/python3.12/site-packages/airflow/example_dags/example_complex.py took 0.437 seconds
[2025-02-12T00:21:20.561+0000] {processor.py:186} INFO - Started process (PID=5076) to work on /home/airflow/.local/lib/python3.12/site-packages/airflow/example_dags/example_complex.py
[2025-02-12T00:21:20.563+0000] {processor.py:914} INFO - Processing file /home/airflow/.local/lib/python3.12/site-packages/airflow/example_dags/example_complex.py for tasks to queue
[2025-02-12T00:21:20.575+0000] {logging_mixin.py:190} INFO - [2025-02-12T00:21:20.575+0000] {dagbag.py:588} INFO - Filling up the DagBag from /home/airflow/.local/lib/python3.12/site-packages/airflow/example_dags/example_complex.py
[2025-02-12T00:21:20.598+0000] {processor.py:925} INFO - DAG(s) 'example_complex' retrieved from /home/airflow/.local/lib/python3.12/site-packages/airflow/example_dags/example_complex.py
[2025-02-12T00:21:20.654+0000] {logging_mixin.py:190} INFO - [2025-02-12T00:21:20.654+0000] {dag.py:3239} INFO - Sync 1 DAGs
[2025-02-12T00:21:20.677+0000] {logging_mixin.py:190} INFO - [2025-02-12T00:21:20.677+0000] {dag.py:4180} INFO - Setting next_dagrun for example_complex to None, run_after=None
[2025-02-12T00:21:20.712+0000] {processor.py:208} INFO - Processing /home/airflow/.local/lib/python3.12/site-packages/airflow/example_dags/example_complex.py took 0.168 seconds
[2025-02-12T00:21:51.508+0000] {processor.py:186} INFO - Started process (PID=5142) to work on /home/airflow/.local/lib/python3.12/site-packages/airflow/example_dags/example_complex.py
[2025-02-12T00:21:51.510+0000] {processor.py:914} INFO - Processing file /home/airflow/.local/lib/python3.12/site-packages/airflow/example_dags/example_complex.py for tasks to queue
[2025-02-12T00:21:51.518+0000] {logging_mixin.py:190} INFO - [2025-02-12T00:21:51.518+0000] {dagbag.py:588} INFO - Filling up the DagBag from /home/airflow/.local/lib/python3.12/site-packages/airflow/example_dags/example_complex.py
[2025-02-12T00:21:51.536+0000] {processor.py:925} INFO - DAG(s) 'example_complex' retrieved from /home/airflow/.local/lib/python3.12/site-packages/airflow/example_dags/example_complex.py
[2025-02-12T00:21:51.596+0000] {logging_mixin.py:190} INFO - [2025-02-12T00:21:51.595+0000] {dag.py:3239} INFO - Sync 1 DAGs
[2025-02-12T00:21:51.612+0000] {logging_mixin.py:190} INFO - [2025-02-12T00:21:51.612+0000] {dag.py:4180} INFO - Setting next_dagrun for example_complex to None, run_after=None
[2025-02-12T00:21:51.647+0000] {processor.py:208} INFO - Processing /home/airflow/.local/lib/python3.12/site-packages/airflow/example_dags/example_complex.py took 0.154 seconds
[2025-02-12T00:22:22.323+0000] {processor.py:186} INFO - Started process (PID=5208) to work on /home/airflow/.local/lib/python3.12/site-packages/airflow/example_dags/example_complex.py
[2025-02-12T00:22:22.325+0000] {processor.py:914} INFO - Processing file /home/airflow/.local/lib/python3.12/site-packages/airflow/example_dags/example_complex.py for tasks to queue
[2025-02-12T00:22:22.328+0000] {logging_mixin.py:190} INFO - [2025-02-12T00:22:22.328+0000] {dagbag.py:588} INFO - Filling up the DagBag from /home/airflow/.local/lib/python3.12/site-packages/airflow/example_dags/example_complex.py
[2025-02-12T00:22:22.351+0000] {processor.py:925} INFO - DAG(s) 'example_complex' retrieved from /home/airflow/.local/lib/python3.12/site-packages/airflow/example_dags/example_complex.py
[2025-02-12T00:22:22.454+0000] {logging_mixin.py:190} INFO - [2025-02-12T00:22:22.454+0000] {dag.py:3239} INFO - Sync 1 DAGs
[2025-02-12T00:22:22.510+0000] {logging_mixin.py:190} INFO - [2025-02-12T00:22:22.509+0000] {dag.py:4180} INFO - Setting next_dagrun for example_complex to None, run_after=None
[2025-02-12T00:22:22.554+0000] {processor.py:208} INFO - Processing /home/airflow/.local/lib/python3.12/site-packages/airflow/example_dags/example_complex.py took 0.238 seconds
[2025-02-12T00:22:53.269+0000] {processor.py:186} INFO - Started process (PID=5274) to work on /home/airflow/.local/lib/python3.12/site-packages/airflow/example_dags/example_complex.py
[2025-02-12T00:22:53.270+0000] {processor.py:914} INFO - Processing file /home/airflow/.local/lib/python3.12/site-packages/airflow/example_dags/example_complex.py for tasks to queue
[2025-02-12T00:22:53.273+0000] {logging_mixin.py:190} INFO - [2025-02-12T00:22:53.273+0000] {dagbag.py:588} INFO - Filling up the DagBag from /home/airflow/.local/lib/python3.12/site-packages/airflow/example_dags/example_complex.py
[2025-02-12T00:22:53.293+0000] {processor.py:925} INFO - DAG(s) 'example_complex' retrieved from /home/airflow/.local/lib/python3.12/site-packages/airflow/example_dags/example_complex.py
[2025-02-12T00:22:53.340+0000] {logging_mixin.py:190} INFO - [2025-02-12T00:22:53.339+0000] {dag.py:3239} INFO - Sync 1 DAGs
[2025-02-12T00:22:53.361+0000] {logging_mixin.py:190} INFO - [2025-02-12T00:22:53.361+0000] {dag.py:4180} INFO - Setting next_dagrun for example_complex to None, run_after=None
[2025-02-12T00:22:53.392+0000] {processor.py:208} INFO - Processing /home/airflow/.local/lib/python3.12/site-packages/airflow/example_dags/example_complex.py took 0.136 seconds
[2025-02-12T00:23:23.650+0000] {processor.py:186} INFO - Started process (PID=5339) to work on /home/airflow/.local/lib/python3.12/site-packages/airflow/example_dags/example_complex.py
[2025-02-12T00:23:23.651+0000] {processor.py:914} INFO - Processing file /home/airflow/.local/lib/python3.12/site-packages/airflow/example_dags/example_complex.py for tasks to queue
[2025-02-12T00:23:23.655+0000] {logging_mixin.py:190} INFO - [2025-02-12T00:23:23.655+0000] {dagbag.py:588} INFO - Filling up the DagBag from /home/airflow/.local/lib/python3.12/site-packages/airflow/example_dags/example_complex.py
[2025-02-12T00:23:23.674+0000] {processor.py:925} INFO - DAG(s) 'example_complex' retrieved from /home/airflow/.local/lib/python3.12/site-packages/airflow/example_dags/example_complex.py
[2025-02-12T00:23:23.710+0000] {logging_mixin.py:190} INFO - [2025-02-12T00:23:23.710+0000] {dag.py:3239} INFO - Sync 1 DAGs
[2025-02-12T00:23:23.727+0000] {logging_mixin.py:190} INFO - [2025-02-12T00:23:23.727+0000] {dag.py:4180} INFO - Setting next_dagrun for example_complex to None, run_after=None
[2025-02-12T00:23:23.750+0000] {processor.py:208} INFO - Processing /home/airflow/.local/lib/python3.12/site-packages/airflow/example_dags/example_complex.py took 0.109 seconds
[2025-02-12T00:23:54.009+0000] {processor.py:186} INFO - Started process (PID=5405) to work on /home/airflow/.local/lib/python3.12/site-packages/airflow/example_dags/example_complex.py
[2025-02-12T00:23:54.011+0000] {processor.py:914} INFO - Processing file /home/airflow/.local/lib/python3.12/site-packages/airflow/example_dags/example_complex.py for tasks to queue
[2025-02-12T00:23:54.014+0000] {logging_mixin.py:190} INFO - [2025-02-12T00:23:54.013+0000] {dagbag.py:588} INFO - Filling up the DagBag from /home/airflow/.local/lib/python3.12/site-packages/airflow/example_dags/example_complex.py
[2025-02-12T00:23:54.026+0000] {processor.py:925} INFO - DAG(s) 'example_complex' retrieved from /home/airflow/.local/lib/python3.12/site-packages/airflow/example_dags/example_complex.py
[2025-02-12T00:23:54.064+0000] {logging_mixin.py:190} INFO - [2025-02-12T00:23:54.064+0000] {dag.py:3239} INFO - Sync 1 DAGs
[2025-02-12T00:23:54.086+0000] {logging_mixin.py:190} INFO - [2025-02-12T00:23:54.085+0000] {dag.py:4180} INFO - Setting next_dagrun for example_complex to None, run_after=None
[2025-02-12T00:23:54.110+0000] {processor.py:208} INFO - Processing /home/airflow/.local/lib/python3.12/site-packages/airflow/example_dags/example_complex.py took 0.107 seconds
[2025-02-12T00:24:24.360+0000] {processor.py:186} INFO - Started process (PID=5471) to work on /home/airflow/.local/lib/python3.12/site-packages/airflow/example_dags/example_complex.py
[2025-02-12T00:24:24.362+0000] {processor.py:914} INFO - Processing file /home/airflow/.local/lib/python3.12/site-packages/airflow/example_dags/example_complex.py for tasks to queue
[2025-02-12T00:24:24.366+0000] {logging_mixin.py:190} INFO - [2025-02-12T00:24:24.365+0000] {dagbag.py:588} INFO - Filling up the DagBag from /home/airflow/.local/lib/python3.12/site-packages/airflow/example_dags/example_complex.py
[2025-02-12T00:24:24.381+0000] {processor.py:925} INFO - DAG(s) 'example_complex' retrieved from /home/airflow/.local/lib/python3.12/site-packages/airflow/example_dags/example_complex.py
[2025-02-12T00:24:24.420+0000] {logging_mixin.py:190} INFO - [2025-02-12T00:24:24.420+0000] {dag.py:3239} INFO - Sync 1 DAGs
[2025-02-12T00:24:24.444+0000] {logging_mixin.py:190} INFO - [2025-02-12T00:24:24.444+0000] {dag.py:4180} INFO - Setting next_dagrun for example_complex to None, run_after=None
[2025-02-12T00:24:24.484+0000] {processor.py:208} INFO - Processing /home/airflow/.local/lib/python3.12/site-packages/airflow/example_dags/example_complex.py took 0.131 seconds
[2025-02-12T00:24:55.141+0000] {processor.py:186} INFO - Started process (PID=5542) to work on /home/airflow/.local/lib/python3.12/site-packages/airflow/example_dags/example_complex.py
[2025-02-12T00:24:55.142+0000] {processor.py:914} INFO - Processing file /home/airflow/.local/lib/python3.12/site-packages/airflow/example_dags/example_complex.py for tasks to queue
[2025-02-12T00:24:55.147+0000] {logging_mixin.py:190} INFO - [2025-02-12T00:24:55.147+0000] {dagbag.py:588} INFO - Filling up the DagBag from /home/airflow/.local/lib/python3.12/site-packages/airflow/example_dags/example_complex.py
[2025-02-12T00:24:55.163+0000] {processor.py:925} INFO - DAG(s) 'example_complex' retrieved from /home/airflow/.local/lib/python3.12/site-packages/airflow/example_dags/example_complex.py
[2025-02-12T00:24:55.212+0000] {logging_mixin.py:190} INFO - [2025-02-12T00:24:55.211+0000] {dag.py:3239} INFO - Sync 1 DAGs
[2025-02-12T00:24:55.235+0000] {logging_mixin.py:190} INFO - [2025-02-12T00:24:55.235+0000] {dag.py:4180} INFO - Setting next_dagrun for example_complex to None, run_after=None
[2025-02-12T00:24:55.263+0000] {processor.py:208} INFO - Processing /home/airflow/.local/lib/python3.12/site-packages/airflow/example_dags/example_complex.py took 0.130 seconds
[2025-02-12T00:25:25.888+0000] {processor.py:186} INFO - Started process (PID=5608) to work on /home/airflow/.local/lib/python3.12/site-packages/airflow/example_dags/example_complex.py
[2025-02-12T00:25:25.892+0000] {processor.py:914} INFO - Processing file /home/airflow/.local/lib/python3.12/site-packages/airflow/example_dags/example_complex.py for tasks to queue
[2025-02-12T00:25:25.897+0000] {logging_mixin.py:190} INFO - [2025-02-12T00:25:25.897+0000] {dagbag.py:588} INFO - Filling up the DagBag from /home/airflow/.local/lib/python3.12/site-packages/airflow/example_dags/example_complex.py
[2025-02-12T00:25:25.930+0000] {processor.py:925} INFO - DAG(s) 'example_complex' retrieved from /home/airflow/.local/lib/python3.12/site-packages/airflow/example_dags/example_complex.py
[2025-02-12T00:25:26.005+0000] {logging_mixin.py:190} INFO - [2025-02-12T00:25:26.005+0000] {dag.py:3239} INFO - Sync 1 DAGs
[2025-02-12T00:25:26.032+0000] {logging_mixin.py:190} INFO - [2025-02-12T00:25:26.031+0000] {dag.py:4180} INFO - Setting next_dagrun for example_complex to None, run_after=None
[2025-02-12T00:25:26.057+0000] {processor.py:208} INFO - Processing /home/airflow/.local/lib/python3.12/site-packages/airflow/example_dags/example_complex.py took 0.181 seconds
[2025-02-12T00:25:56.666+0000] {processor.py:186} INFO - Started process (PID=5673) to work on /home/airflow/.local/lib/python3.12/site-packages/airflow/example_dags/example_complex.py
[2025-02-12T00:25:56.668+0000] {processor.py:914} INFO - Processing file /home/airflow/.local/lib/python3.12/site-packages/airflow/example_dags/example_complex.py for tasks to queue
[2025-02-12T00:25:56.671+0000] {logging_mixin.py:190} INFO - [2025-02-12T00:25:56.671+0000] {dagbag.py:588} INFO - Filling up the DagBag from /home/airflow/.local/lib/python3.12/site-packages/airflow/example_dags/example_complex.py
[2025-02-12T00:25:56.700+0000] {processor.py:925} INFO - DAG(s) 'example_complex' retrieved from /home/airflow/.local/lib/python3.12/site-packages/airflow/example_dags/example_complex.py
[2025-02-12T00:25:56.749+0000] {logging_mixin.py:190} INFO - [2025-02-12T00:25:56.749+0000] {dag.py:3239} INFO - Sync 1 DAGs
[2025-02-12T00:25:56.767+0000] {logging_mixin.py:190} INFO - [2025-02-12T00:25:56.767+0000] {dag.py:4180} INFO - Setting next_dagrun for example_complex to None, run_after=None
[2025-02-12T00:25:56.791+0000] {processor.py:208} INFO - Processing /home/airflow/.local/lib/python3.12/site-packages/airflow/example_dags/example_complex.py took 0.136 seconds
[2025-02-12T00:26:27.377+0000] {processor.py:186} INFO - Started process (PID=5739) to work on /home/airflow/.local/lib/python3.12/site-packages/airflow/example_dags/example_complex.py
[2025-02-12T00:26:27.379+0000] {processor.py:914} INFO - Processing file /home/airflow/.local/lib/python3.12/site-packages/airflow/example_dags/example_complex.py for tasks to queue
[2025-02-12T00:26:27.384+0000] {logging_mixin.py:190} INFO - [2025-02-12T00:26:27.383+0000] {dagbag.py:588} INFO - Filling up the DagBag from /home/airflow/.local/lib/python3.12/site-packages/airflow/example_dags/example_complex.py
[2025-02-12T00:26:27.409+0000] {processor.py:925} INFO - DAG(s) 'example_complex' retrieved from /home/airflow/.local/lib/python3.12/site-packages/airflow/example_dags/example_complex.py
[2025-02-12T00:26:27.458+0000] {logging_mixin.py:190} INFO - [2025-02-12T00:26:27.457+0000] {dag.py:3239} INFO - Sync 1 DAGs
[2025-02-12T00:26:27.487+0000] {logging_mixin.py:190} INFO - [2025-02-12T00:26:27.487+0000] {dag.py:4180} INFO - Setting next_dagrun for example_complex to None, run_after=None
[2025-02-12T00:26:27.523+0000] {processor.py:208} INFO - Processing /home/airflow/.local/lib/python3.12/site-packages/airflow/example_dags/example_complex.py took 0.154 seconds
[2025-02-12T00:26:57.602+0000] {processor.py:186} INFO - Started process (PID=5805) to work on /home/airflow/.local/lib/python3.12/site-packages/airflow/example_dags/example_complex.py
[2025-02-12T00:26:57.603+0000] {processor.py:914} INFO - Processing file /home/airflow/.local/lib/python3.12/site-packages/airflow/example_dags/example_complex.py for tasks to queue
[2025-02-12T00:26:57.607+0000] {logging_mixin.py:190} INFO - [2025-02-12T00:26:57.606+0000] {dagbag.py:588} INFO - Filling up the DagBag from /home/airflow/.local/lib/python3.12/site-packages/airflow/example_dags/example_complex.py
[2025-02-12T00:26:57.622+0000] {processor.py:925} INFO - DAG(s) 'example_complex' retrieved from /home/airflow/.local/lib/python3.12/site-packages/airflow/example_dags/example_complex.py
[2025-02-12T00:26:57.658+0000] {logging_mixin.py:190} INFO - [2025-02-12T00:26:57.658+0000] {dag.py:3239} INFO - Sync 1 DAGs
[2025-02-12T00:26:57.676+0000] {logging_mixin.py:190} INFO - [2025-02-12T00:26:57.676+0000] {dag.py:4180} INFO - Setting next_dagrun for example_complex to None, run_after=None
[2025-02-12T00:26:57.696+0000] {processor.py:208} INFO - Processing /home/airflow/.local/lib/python3.12/site-packages/airflow/example_dags/example_complex.py took 0.101 seconds
[2025-02-12T00:27:28.090+0000] {processor.py:186} INFO - Started process (PID=5872) to work on /home/airflow/.local/lib/python3.12/site-packages/airflow/example_dags/example_complex.py
[2025-02-12T00:27:28.091+0000] {processor.py:914} INFO - Processing file /home/airflow/.local/lib/python3.12/site-packages/airflow/example_dags/example_complex.py for tasks to queue
[2025-02-12T00:27:28.095+0000] {logging_mixin.py:190} INFO - [2025-02-12T00:27:28.094+0000] {dagbag.py:588} INFO - Filling up the DagBag from /home/airflow/.local/lib/python3.12/site-packages/airflow/example_dags/example_complex.py
[2025-02-12T00:27:28.107+0000] {processor.py:925} INFO - DAG(s) 'example_complex' retrieved from /home/airflow/.local/lib/python3.12/site-packages/airflow/example_dags/example_complex.py
[2025-02-12T00:27:28.148+0000] {logging_mixin.py:190} INFO - [2025-02-12T00:27:28.148+0000] {dag.py:3239} INFO - Sync 1 DAGs
[2025-02-12T00:27:28.167+0000] {logging_mixin.py:190} INFO - [2025-02-12T00:27:28.166+0000] {dag.py:4180} INFO - Setting next_dagrun for example_complex to None, run_after=None
[2025-02-12T00:27:28.193+0000] {processor.py:208} INFO - Processing /home/airflow/.local/lib/python3.12/site-packages/airflow/example_dags/example_complex.py took 0.111 seconds
[2025-02-12T00:27:58.900+0000] {processor.py:186} INFO - Started process (PID=5938) to work on /home/airflow/.local/lib/python3.12/site-packages/airflow/example_dags/example_complex.py
[2025-02-12T00:27:58.901+0000] {processor.py:914} INFO - Processing file /home/airflow/.local/lib/python3.12/site-packages/airflow/example_dags/example_complex.py for tasks to queue
[2025-02-12T00:27:58.903+0000] {logging_mixin.py:190} INFO - [2025-02-12T00:27:58.903+0000] {dagbag.py:588} INFO - Filling up the DagBag from /home/airflow/.local/lib/python3.12/site-packages/airflow/example_dags/example_complex.py
[2025-02-12T00:27:58.918+0000] {processor.py:925} INFO - DAG(s) 'example_complex' retrieved from /home/airflow/.local/lib/python3.12/site-packages/airflow/example_dags/example_complex.py
[2025-02-12T00:27:58.950+0000] {logging_mixin.py:190} INFO - [2025-02-12T00:27:58.949+0000] {dag.py:3239} INFO - Sync 1 DAGs
[2025-02-12T00:27:58.966+0000] {logging_mixin.py:190} INFO - [2025-02-12T00:27:58.966+0000] {dag.py:4180} INFO - Setting next_dagrun for example_complex to None, run_after=None
[2025-02-12T00:27:58.989+0000] {processor.py:208} INFO - Processing /home/airflow/.local/lib/python3.12/site-packages/airflow/example_dags/example_complex.py took 0.097 seconds
[2025-02-12T00:28:29.896+0000] {processor.py:186} INFO - Started process (PID=5997) to work on /home/airflow/.local/lib/python3.12/site-packages/airflow/example_dags/example_complex.py
[2025-02-12T00:28:29.897+0000] {processor.py:914} INFO - Processing file /home/airflow/.local/lib/python3.12/site-packages/airflow/example_dags/example_complex.py for tasks to queue
[2025-02-12T00:28:29.899+0000] {logging_mixin.py:190} INFO - [2025-02-12T00:28:29.899+0000] {dagbag.py:588} INFO - Filling up the DagBag from /home/airflow/.local/lib/python3.12/site-packages/airflow/example_dags/example_complex.py
[2025-02-12T00:28:29.916+0000] {processor.py:925} INFO - DAG(s) 'example_complex' retrieved from /home/airflow/.local/lib/python3.12/site-packages/airflow/example_dags/example_complex.py
[2025-02-12T00:28:29.950+0000] {logging_mixin.py:190} INFO - [2025-02-12T00:28:29.950+0000] {dag.py:3239} INFO - Sync 1 DAGs
[2025-02-12T00:28:29.967+0000] {logging_mixin.py:190} INFO - [2025-02-12T00:28:29.966+0000] {dag.py:4180} INFO - Setting next_dagrun for example_complex to None, run_after=None
[2025-02-12T00:28:29.992+0000] {processor.py:208} INFO - Processing /home/airflow/.local/lib/python3.12/site-packages/airflow/example_dags/example_complex.py took 0.104 seconds
[2025-02-12T00:29:01.370+0000] {processor.py:186} INFO - Started process (PID=6063) to work on /home/airflow/.local/lib/python3.12/site-packages/airflow/example_dags/example_complex.py
[2025-02-12T00:29:01.371+0000] {processor.py:914} INFO - Processing file /home/airflow/.local/lib/python3.12/site-packages/airflow/example_dags/example_complex.py for tasks to queue
[2025-02-12T00:29:01.374+0000] {logging_mixin.py:190} INFO - [2025-02-12T00:29:01.373+0000] {dagbag.py:588} INFO - Filling up the DagBag from /home/airflow/.local/lib/python3.12/site-packages/airflow/example_dags/example_complex.py
[2025-02-12T00:29:01.387+0000] {processor.py:925} INFO - DAG(s) 'example_complex' retrieved from /home/airflow/.local/lib/python3.12/site-packages/airflow/example_dags/example_complex.py
[2025-02-12T00:29:01.419+0000] {logging_mixin.py:190} INFO - [2025-02-12T00:29:01.419+0000] {dag.py:3239} INFO - Sync 1 DAGs
[2025-02-12T00:29:01.436+0000] {logging_mixin.py:190} INFO - [2025-02-12T00:29:01.436+0000] {dag.py:4180} INFO - Setting next_dagrun for example_complex to None, run_after=None
[2025-02-12T00:29:01.459+0000] {processor.py:208} INFO - Processing /home/airflow/.local/lib/python3.12/site-packages/airflow/example_dags/example_complex.py took 0.095 seconds
[2025-02-12T00:29:32.458+0000] {processor.py:186} INFO - Started process (PID=6129) to work on /home/airflow/.local/lib/python3.12/site-packages/airflow/example_dags/example_complex.py
[2025-02-12T00:29:32.459+0000] {processor.py:914} INFO - Processing file /home/airflow/.local/lib/python3.12/site-packages/airflow/example_dags/example_complex.py for tasks to queue
[2025-02-12T00:29:32.461+0000] {logging_mixin.py:190} INFO - [2025-02-12T00:29:32.461+0000] {dagbag.py:588} INFO - Filling up the DagBag from /home/airflow/.local/lib/python3.12/site-packages/airflow/example_dags/example_complex.py
[2025-02-12T00:29:32.480+0000] {processor.py:925} INFO - DAG(s) 'example_complex' retrieved from /home/airflow/.local/lib/python3.12/site-packages/airflow/example_dags/example_complex.py
[2025-02-12T00:29:32.516+0000] {logging_mixin.py:190} INFO - [2025-02-12T00:29:32.515+0000] {dag.py:3239} INFO - Sync 1 DAGs
[2025-02-12T00:29:32.541+0000] {logging_mixin.py:190} INFO - [2025-02-12T00:29:32.541+0000] {dag.py:4180} INFO - Setting next_dagrun for example_complex to None, run_after=None
[2025-02-12T00:29:32.563+0000] {processor.py:208} INFO - Processing /home/airflow/.local/lib/python3.12/site-packages/airflow/example_dags/example_complex.py took 0.115 seconds
[2025-02-12T00:30:03.731+0000] {processor.py:186} INFO - Started process (PID=6195) to work on /home/airflow/.local/lib/python3.12/site-packages/airflow/example_dags/example_complex.py
[2025-02-12T00:30:03.735+0000] {processor.py:914} INFO - Processing file /home/airflow/.local/lib/python3.12/site-packages/airflow/example_dags/example_complex.py for tasks to queue
[2025-02-12T00:30:03.737+0000] {logging_mixin.py:190} INFO - [2025-02-12T00:30:03.737+0000] {dagbag.py:588} INFO - Filling up the DagBag from /home/airflow/.local/lib/python3.12/site-packages/airflow/example_dags/example_complex.py
[2025-02-12T00:30:03.753+0000] {processor.py:925} INFO - DAG(s) 'example_complex' retrieved from /home/airflow/.local/lib/python3.12/site-packages/airflow/example_dags/example_complex.py
[2025-02-12T00:30:03.786+0000] {logging_mixin.py:190} INFO - [2025-02-12T00:30:03.785+0000] {dag.py:3239} INFO - Sync 1 DAGs
[2025-02-12T00:30:03.806+0000] {logging_mixin.py:190} INFO - [2025-02-12T00:30:03.805+0000] {dag.py:4180} INFO - Setting next_dagrun for example_complex to None, run_after=None
[2025-02-12T00:30:03.827+0000] {processor.py:208} INFO - Processing /home/airflow/.local/lib/python3.12/site-packages/airflow/example_dags/example_complex.py took 0.103 seconds
[2025-02-12T00:30:36.382+0000] {processor.py:186} INFO - Started process (PID=6262) to work on /home/airflow/.local/lib/python3.12/site-packages/airflow/example_dags/example_complex.py
[2025-02-12T00:30:36.384+0000] {processor.py:914} INFO - Processing file /home/airflow/.local/lib/python3.12/site-packages/airflow/example_dags/example_complex.py for tasks to queue
[2025-02-12T00:30:36.386+0000] {logging_mixin.py:190} INFO - [2025-02-12T00:30:36.385+0000] {dagbag.py:588} INFO - Filling up the DagBag from /home/airflow/.local/lib/python3.12/site-packages/airflow/example_dags/example_complex.py
[2025-02-12T00:30:36.415+0000] {processor.py:925} INFO - DAG(s) 'example_complex' retrieved from /home/airflow/.local/lib/python3.12/site-packages/airflow/example_dags/example_complex.py
[2025-02-12T00:30:36.474+0000] {logging_mixin.py:190} INFO - [2025-02-12T00:30:36.474+0000] {dag.py:3239} INFO - Sync 1 DAGs
[2025-02-12T00:30:36.494+0000] {logging_mixin.py:190} INFO - [2025-02-12T00:30:36.494+0000] {dag.py:4180} INFO - Setting next_dagrun for example_complex to None, run_after=None
[2025-02-12T00:30:36.526+0000] {processor.py:208} INFO - Processing /home/airflow/.local/lib/python3.12/site-packages/airflow/example_dags/example_complex.py took 0.151 seconds
[2025-02-12T00:32:45.843+0000] {processor.py:186} INFO - Started process (PID=67) to work on /home/airflow/.local/lib/python3.12/site-packages/airflow/example_dags/example_complex.py
[2025-02-12T00:32:45.844+0000] {processor.py:914} INFO - Processing file /home/airflow/.local/lib/python3.12/site-packages/airflow/example_dags/example_complex.py for tasks to queue
[2025-02-12T00:32:45.847+0000] {logging_mixin.py:190} INFO - [2025-02-12T00:32:45.847+0000] {dagbag.py:588} INFO - Filling up the DagBag from /home/airflow/.local/lib/python3.12/site-packages/airflow/example_dags/example_complex.py
[2025-02-12T00:32:45.871+0000] {processor.py:925} INFO - DAG(s) 'example_complex' retrieved from /home/airflow/.local/lib/python3.12/site-packages/airflow/example_dags/example_complex.py
[2025-02-12T00:32:45.932+0000] {logging_mixin.py:190} INFO - [2025-02-12T00:32:45.931+0000] {dag.py:3239} INFO - Sync 1 DAGs
[2025-02-12T00:32:45.959+0000] {logging_mixin.py:190} INFO - [2025-02-12T00:32:45.959+0000] {dag.py:4180} INFO - Setting next_dagrun for example_complex to None, run_after=None
[2025-02-12T00:32:46.001+0000] {processor.py:208} INFO - Processing /home/airflow/.local/lib/python3.12/site-packages/airflow/example_dags/example_complex.py took 0.171 seconds
[2025-02-12T00:33:17.603+0000] {processor.py:186} INFO - Started process (PID=143) to work on /home/airflow/.local/lib/python3.12/site-packages/airflow/example_dags/example_complex.py
[2025-02-12T00:33:17.604+0000] {processor.py:914} INFO - Processing file /home/airflow/.local/lib/python3.12/site-packages/airflow/example_dags/example_complex.py for tasks to queue
[2025-02-12T00:33:17.608+0000] {logging_mixin.py:190} INFO - [2025-02-12T00:33:17.607+0000] {dagbag.py:588} INFO - Filling up the DagBag from /home/airflow/.local/lib/python3.12/site-packages/airflow/example_dags/example_complex.py
[2025-02-12T00:33:17.631+0000] {processor.py:925} INFO - DAG(s) 'example_complex' retrieved from /home/airflow/.local/lib/python3.12/site-packages/airflow/example_dags/example_complex.py
[2025-02-12T00:33:17.702+0000] {logging_mixin.py:190} INFO - [2025-02-12T00:33:17.701+0000] {dag.py:3239} INFO - Sync 1 DAGs
[2025-02-12T00:33:17.730+0000] {logging_mixin.py:190} INFO - [2025-02-12T00:33:17.729+0000] {dag.py:4180} INFO - Setting next_dagrun for example_complex to None, run_after=None
[2025-02-12T00:33:17.767+0000] {processor.py:208} INFO - Processing /home/airflow/.local/lib/python3.12/site-packages/airflow/example_dags/example_complex.py took 0.176 seconds
[2025-02-12T00:33:48.148+0000] {processor.py:186} INFO - Started process (PID=222) to work on /home/airflow/.local/lib/python3.12/site-packages/airflow/example_dags/example_complex.py
[2025-02-12T00:33:48.151+0000] {processor.py:914} INFO - Processing file /home/airflow/.local/lib/python3.12/site-packages/airflow/example_dags/example_complex.py for tasks to queue
[2025-02-12T00:33:48.154+0000] {logging_mixin.py:190} INFO - [2025-02-12T00:33:48.153+0000] {dagbag.py:588} INFO - Filling up the DagBag from /home/airflow/.local/lib/python3.12/site-packages/airflow/example_dags/example_complex.py
[2025-02-12T00:33:48.171+0000] {processor.py:925} INFO - DAG(s) 'example_complex' retrieved from /home/airflow/.local/lib/python3.12/site-packages/airflow/example_dags/example_complex.py
[2025-02-12T00:33:48.233+0000] {logging_mixin.py:190} INFO - [2025-02-12T00:33:48.233+0000] {dag.py:3239} INFO - Sync 1 DAGs
[2025-02-12T00:33:48.256+0000] {logging_mixin.py:190} INFO - [2025-02-12T00:33:48.256+0000] {dag.py:4180} INFO - Setting next_dagrun for example_complex to None, run_after=None
[2025-02-12T00:33:48.322+0000] {processor.py:208} INFO - Processing /home/airflow/.local/lib/python3.12/site-packages/airflow/example_dags/example_complex.py took 0.185 seconds
[2025-02-12T00:34:18.973+0000] {processor.py:186} INFO - Started process (PID=287) to work on /home/airflow/.local/lib/python3.12/site-packages/airflow/example_dags/example_complex.py
[2025-02-12T00:34:18.974+0000] {processor.py:914} INFO - Processing file /home/airflow/.local/lib/python3.12/site-packages/airflow/example_dags/example_complex.py for tasks to queue
[2025-02-12T00:34:18.976+0000] {logging_mixin.py:190} INFO - [2025-02-12T00:34:18.976+0000] {dagbag.py:588} INFO - Filling up the DagBag from /home/airflow/.local/lib/python3.12/site-packages/airflow/example_dags/example_complex.py
[2025-02-12T00:34:18.988+0000] {processor.py:925} INFO - DAG(s) 'example_complex' retrieved from /home/airflow/.local/lib/python3.12/site-packages/airflow/example_dags/example_complex.py
[2025-02-12T00:34:19.022+0000] {logging_mixin.py:190} INFO - [2025-02-12T00:34:19.022+0000] {dag.py:3239} INFO - Sync 1 DAGs
[2025-02-12T00:34:19.041+0000] {logging_mixin.py:190} INFO - [2025-02-12T00:34:19.041+0000] {dag.py:4180} INFO - Setting next_dagrun for example_complex to None, run_after=None
[2025-02-12T00:34:19.071+0000] {processor.py:208} INFO - Processing /home/airflow/.local/lib/python3.12/site-packages/airflow/example_dags/example_complex.py took 0.104 seconds
[2025-02-12T00:34:49.411+0000] {processor.py:186} INFO - Started process (PID=352) to work on /home/airflow/.local/lib/python3.12/site-packages/airflow/example_dags/example_complex.py
[2025-02-12T00:34:49.416+0000] {processor.py:914} INFO - Processing file /home/airflow/.local/lib/python3.12/site-packages/airflow/example_dags/example_complex.py for tasks to queue
[2025-02-12T00:34:49.420+0000] {logging_mixin.py:190} INFO - [2025-02-12T00:34:49.419+0000] {dagbag.py:588} INFO - Filling up the DagBag from /home/airflow/.local/lib/python3.12/site-packages/airflow/example_dags/example_complex.py
[2025-02-12T00:34:49.452+0000] {processor.py:925} INFO - DAG(s) 'example_complex' retrieved from /home/airflow/.local/lib/python3.12/site-packages/airflow/example_dags/example_complex.py
[2025-02-12T00:34:49.516+0000] {logging_mixin.py:190} INFO - [2025-02-12T00:34:49.515+0000] {dag.py:3239} INFO - Sync 1 DAGs
[2025-02-12T00:34:49.569+0000] {logging_mixin.py:190} INFO - [2025-02-12T00:34:49.568+0000] {dag.py:4180} INFO - Setting next_dagrun for example_complex to None, run_after=None
[2025-02-12T00:34:49.623+0000] {processor.py:208} INFO - Processing /home/airflow/.local/lib/python3.12/site-packages/airflow/example_dags/example_complex.py took 0.235 seconds
[2025-02-12T00:35:20.031+0000] {processor.py:186} INFO - Started process (PID=418) to work on /home/airflow/.local/lib/python3.12/site-packages/airflow/example_dags/example_complex.py
[2025-02-12T00:35:20.033+0000] {processor.py:914} INFO - Processing file /home/airflow/.local/lib/python3.12/site-packages/airflow/example_dags/example_complex.py for tasks to queue
[2025-02-12T00:35:20.040+0000] {logging_mixin.py:190} INFO - [2025-02-12T00:35:20.039+0000] {dagbag.py:588} INFO - Filling up the DagBag from /home/airflow/.local/lib/python3.12/site-packages/airflow/example_dags/example_complex.py
[2025-02-12T00:35:20.063+0000] {processor.py:925} INFO - DAG(s) 'example_complex' retrieved from /home/airflow/.local/lib/python3.12/site-packages/airflow/example_dags/example_complex.py
[2025-02-12T00:35:20.111+0000] {logging_mixin.py:190} INFO - [2025-02-12T00:35:20.110+0000] {dag.py:3239} INFO - Sync 1 DAGs
[2025-02-12T00:35:20.137+0000] {logging_mixin.py:190} INFO - [2025-02-12T00:35:20.137+0000] {dag.py:4180} INFO - Setting next_dagrun for example_complex to None, run_after=None
[2025-02-12T00:35:20.169+0000] {processor.py:208} INFO - Processing /home/airflow/.local/lib/python3.12/site-packages/airflow/example_dags/example_complex.py took 0.146 seconds
[2025-02-12T00:35:50.774+0000] {processor.py:186} INFO - Started process (PID=484) to work on /home/airflow/.local/lib/python3.12/site-packages/airflow/example_dags/example_complex.py
[2025-02-12T00:35:50.776+0000] {processor.py:914} INFO - Processing file /home/airflow/.local/lib/python3.12/site-packages/airflow/example_dags/example_complex.py for tasks to queue
[2025-02-12T00:35:50.779+0000] {logging_mixin.py:190} INFO - [2025-02-12T00:35:50.778+0000] {dagbag.py:588} INFO - Filling up the DagBag from /home/airflow/.local/lib/python3.12/site-packages/airflow/example_dags/example_complex.py
[2025-02-12T00:35:50.791+0000] {processor.py:925} INFO - DAG(s) 'example_complex' retrieved from /home/airflow/.local/lib/python3.12/site-packages/airflow/example_dags/example_complex.py
[2025-02-12T00:35:50.834+0000] {logging_mixin.py:190} INFO - [2025-02-12T00:35:50.834+0000] {dag.py:3239} INFO - Sync 1 DAGs
[2025-02-12T00:35:50.850+0000] {logging_mixin.py:190} INFO - [2025-02-12T00:35:50.850+0000] {dag.py:4180} INFO - Setting next_dagrun for example_complex to None, run_after=None
[2025-02-12T00:35:50.875+0000] {processor.py:208} INFO - Processing /home/airflow/.local/lib/python3.12/site-packages/airflow/example_dags/example_complex.py took 0.108 seconds
[2025-02-12T00:36:21.069+0000] {processor.py:186} INFO - Started process (PID=550) to work on /home/airflow/.local/lib/python3.12/site-packages/airflow/example_dags/example_complex.py
[2025-02-12T00:36:21.070+0000] {processor.py:914} INFO - Processing file /home/airflow/.local/lib/python3.12/site-packages/airflow/example_dags/example_complex.py for tasks to queue
[2025-02-12T00:36:21.075+0000] {logging_mixin.py:190} INFO - [2025-02-12T00:36:21.074+0000] {dagbag.py:588} INFO - Filling up the DagBag from /home/airflow/.local/lib/python3.12/site-packages/airflow/example_dags/example_complex.py
[2025-02-12T00:36:21.100+0000] {processor.py:925} INFO - DAG(s) 'example_complex' retrieved from /home/airflow/.local/lib/python3.12/site-packages/airflow/example_dags/example_complex.py
[2025-02-12T00:36:21.146+0000] {logging_mixin.py:190} INFO - [2025-02-12T00:36:21.146+0000] {dag.py:3239} INFO - Sync 1 DAGs
[2025-02-12T00:36:21.166+0000] {logging_mixin.py:190} INFO - [2025-02-12T00:36:21.166+0000] {dag.py:4180} INFO - Setting next_dagrun for example_complex to None, run_after=None
[2025-02-12T00:36:21.192+0000] {processor.py:208} INFO - Processing /home/airflow/.local/lib/python3.12/site-packages/airflow/example_dags/example_complex.py took 0.131 seconds
[2025-02-12T00:36:51.277+0000] {processor.py:186} INFO - Started process (PID=616) to work on /home/airflow/.local/lib/python3.12/site-packages/airflow/example_dags/example_complex.py
[2025-02-12T00:36:51.278+0000] {processor.py:914} INFO - Processing file /home/airflow/.local/lib/python3.12/site-packages/airflow/example_dags/example_complex.py for tasks to queue
[2025-02-12T00:36:51.281+0000] {logging_mixin.py:190} INFO - [2025-02-12T00:36:51.281+0000] {dagbag.py:588} INFO - Filling up the DagBag from /home/airflow/.local/lib/python3.12/site-packages/airflow/example_dags/example_complex.py
[2025-02-12T00:36:51.294+0000] {processor.py:925} INFO - DAG(s) 'example_complex' retrieved from /home/airflow/.local/lib/python3.12/site-packages/airflow/example_dags/example_complex.py
[2025-02-12T00:36:51.342+0000] {logging_mixin.py:190} INFO - [2025-02-12T00:36:51.342+0000] {dag.py:3239} INFO - Sync 1 DAGs
[2025-02-12T00:36:51.360+0000] {logging_mixin.py:190} INFO - [2025-02-12T00:36:51.359+0000] {dag.py:4180} INFO - Setting next_dagrun for example_complex to None, run_after=None
[2025-02-12T00:36:51.386+0000] {processor.py:208} INFO - Processing /home/airflow/.local/lib/python3.12/site-packages/airflow/example_dags/example_complex.py took 0.121 seconds
[2025-02-12T00:37:22.264+0000] {processor.py:186} INFO - Started process (PID=682) to work on /home/airflow/.local/lib/python3.12/site-packages/airflow/example_dags/example_complex.py
[2025-02-12T00:37:22.265+0000] {processor.py:914} INFO - Processing file /home/airflow/.local/lib/python3.12/site-packages/airflow/example_dags/example_complex.py for tasks to queue
[2025-02-12T00:37:22.268+0000] {logging_mixin.py:190} INFO - [2025-02-12T00:37:22.267+0000] {dagbag.py:588} INFO - Filling up the DagBag from /home/airflow/.local/lib/python3.12/site-packages/airflow/example_dags/example_complex.py
[2025-02-12T00:37:22.279+0000] {processor.py:925} INFO - DAG(s) 'example_complex' retrieved from /home/airflow/.local/lib/python3.12/site-packages/airflow/example_dags/example_complex.py
[2025-02-12T00:37:22.316+0000] {logging_mixin.py:190} INFO - [2025-02-12T00:37:22.315+0000] {dag.py:3239} INFO - Sync 1 DAGs
[2025-02-12T00:37:22.332+0000] {logging_mixin.py:190} INFO - [2025-02-12T00:37:22.332+0000] {dag.py:4180} INFO - Setting next_dagrun for example_complex to None, run_after=None
[2025-02-12T00:37:22.376+0000] {processor.py:208} INFO - Processing /home/airflow/.local/lib/python3.12/site-packages/airflow/example_dags/example_complex.py took 0.119 seconds
[2025-02-12T00:37:52.547+0000] {processor.py:186} INFO - Started process (PID=748) to work on /home/airflow/.local/lib/python3.12/site-packages/airflow/example_dags/example_complex.py
[2025-02-12T00:37:52.551+0000] {processor.py:914} INFO - Processing file /home/airflow/.local/lib/python3.12/site-packages/airflow/example_dags/example_complex.py for tasks to queue
[2025-02-12T00:37:52.555+0000] {logging_mixin.py:190} INFO - [2025-02-12T00:37:52.555+0000] {dagbag.py:588} INFO - Filling up the DagBag from /home/airflow/.local/lib/python3.12/site-packages/airflow/example_dags/example_complex.py
[2025-02-12T00:37:52.594+0000] {processor.py:925} INFO - DAG(s) 'example_complex' retrieved from /home/airflow/.local/lib/python3.12/site-packages/airflow/example_dags/example_complex.py
[2025-02-12T00:37:52.720+0000] {logging_mixin.py:190} INFO - [2025-02-12T00:37:52.719+0000] {dag.py:3239} INFO - Sync 1 DAGs
[2025-02-12T00:37:52.746+0000] {logging_mixin.py:190} INFO - [2025-02-12T00:37:52.746+0000] {dag.py:4180} INFO - Setting next_dagrun for example_complex to None, run_after=None
[2025-02-12T00:37:52.779+0000] {processor.py:208} INFO - Processing /home/airflow/.local/lib/python3.12/site-packages/airflow/example_dags/example_complex.py took 0.254 seconds
[2025-02-12T00:38:23.092+0000] {processor.py:186} INFO - Started process (PID=814) to work on /home/airflow/.local/lib/python3.12/site-packages/airflow/example_dags/example_complex.py
[2025-02-12T00:38:23.095+0000] {processor.py:914} INFO - Processing file /home/airflow/.local/lib/python3.12/site-packages/airflow/example_dags/example_complex.py for tasks to queue
[2025-02-12T00:38:23.102+0000] {logging_mixin.py:190} INFO - [2025-02-12T00:38:23.100+0000] {dagbag.py:588} INFO - Filling up the DagBag from /home/airflow/.local/lib/python3.12/site-packages/airflow/example_dags/example_complex.py
[2025-02-12T00:38:23.132+0000] {processor.py:925} INFO - DAG(s) 'example_complex' retrieved from /home/airflow/.local/lib/python3.12/site-packages/airflow/example_dags/example_complex.py
[2025-02-12T00:38:23.190+0000] {logging_mixin.py:190} INFO - [2025-02-12T00:38:23.190+0000] {dag.py:3239} INFO - Sync 1 DAGs
[2025-02-12T00:38:23.218+0000] {logging_mixin.py:190} INFO - [2025-02-12T00:38:23.218+0000] {dag.py:4180} INFO - Setting next_dagrun for example_complex to None, run_after=None
[2025-02-12T00:38:23.243+0000] {processor.py:208} INFO - Processing /home/airflow/.local/lib/python3.12/site-packages/airflow/example_dags/example_complex.py took 0.160 seconds
[2025-02-12T00:38:53.438+0000] {processor.py:186} INFO - Started process (PID=880) to work on /home/airflow/.local/lib/python3.12/site-packages/airflow/example_dags/example_complex.py
[2025-02-12T00:38:53.440+0000] {processor.py:914} INFO - Processing file /home/airflow/.local/lib/python3.12/site-packages/airflow/example_dags/example_complex.py for tasks to queue
[2025-02-12T00:38:53.444+0000] {logging_mixin.py:190} INFO - [2025-02-12T00:38:53.443+0000] {dagbag.py:588} INFO - Filling up the DagBag from /home/airflow/.local/lib/python3.12/site-packages/airflow/example_dags/example_complex.py
[2025-02-12T00:38:53.480+0000] {processor.py:925} INFO - DAG(s) 'example_complex' retrieved from /home/airflow/.local/lib/python3.12/site-packages/airflow/example_dags/example_complex.py
[2025-02-12T00:38:53.629+0000] {logging_mixin.py:190} INFO - [2025-02-12T00:38:53.628+0000] {dag.py:3239} INFO - Sync 1 DAGs
[2025-02-12T00:38:53.705+0000] {logging_mixin.py:190} INFO - [2025-02-12T00:38:53.705+0000] {dag.py:4180} INFO - Setting next_dagrun for example_complex to None, run_after=None
[2025-02-12T00:38:53.794+0000] {processor.py:208} INFO - Processing /home/airflow/.local/lib/python3.12/site-packages/airflow/example_dags/example_complex.py took 0.368 seconds
[2025-02-12T00:39:24.366+0000] {processor.py:186} INFO - Started process (PID=951) to work on /home/airflow/.local/lib/python3.12/site-packages/airflow/example_dags/example_complex.py
[2025-02-12T00:39:24.367+0000] {processor.py:914} INFO - Processing file /home/airflow/.local/lib/python3.12/site-packages/airflow/example_dags/example_complex.py for tasks to queue
[2025-02-12T00:39:24.371+0000] {logging_mixin.py:190} INFO - [2025-02-12T00:39:24.370+0000] {dagbag.py:588} INFO - Filling up the DagBag from /home/airflow/.local/lib/python3.12/site-packages/airflow/example_dags/example_complex.py
[2025-02-12T00:39:24.399+0000] {processor.py:925} INFO - DAG(s) 'example_complex' retrieved from /home/airflow/.local/lib/python3.12/site-packages/airflow/example_dags/example_complex.py
[2025-02-12T00:39:24.435+0000] {logging_mixin.py:190} INFO - [2025-02-12T00:39:24.435+0000] {dag.py:3239} INFO - Sync 1 DAGs
[2025-02-12T00:39:24.454+0000] {logging_mixin.py:190} INFO - [2025-02-12T00:39:24.454+0000] {dag.py:4180} INFO - Setting next_dagrun for example_complex to None, run_after=None
[2025-02-12T00:39:24.474+0000] {processor.py:208} INFO - Processing /home/airflow/.local/lib/python3.12/site-packages/airflow/example_dags/example_complex.py took 0.120 seconds
[2025-02-12T00:39:54.896+0000] {processor.py:186} INFO - Started process (PID=1017) to work on /home/airflow/.local/lib/python3.12/site-packages/airflow/example_dags/example_complex.py
[2025-02-12T00:39:54.898+0000] {processor.py:914} INFO - Processing file /home/airflow/.local/lib/python3.12/site-packages/airflow/example_dags/example_complex.py for tasks to queue
[2025-02-12T00:39:54.902+0000] {logging_mixin.py:190} INFO - [2025-02-12T00:39:54.902+0000] {dagbag.py:588} INFO - Filling up the DagBag from /home/airflow/.local/lib/python3.12/site-packages/airflow/example_dags/example_complex.py
[2025-02-12T00:39:54.923+0000] {processor.py:925} INFO - DAG(s) 'example_complex' retrieved from /home/airflow/.local/lib/python3.12/site-packages/airflow/example_dags/example_complex.py
[2025-02-12T00:39:54.970+0000] {logging_mixin.py:190} INFO - [2025-02-12T00:39:54.970+0000] {dag.py:3239} INFO - Sync 1 DAGs
[2025-02-12T00:39:54.985+0000] {logging_mixin.py:190} INFO - [2025-02-12T00:39:54.985+0000] {dag.py:4180} INFO - Setting next_dagrun for example_complex to None, run_after=None
[2025-02-12T00:39:55.006+0000] {processor.py:208} INFO - Processing /home/airflow/.local/lib/python3.12/site-packages/airflow/example_dags/example_complex.py took 0.118 seconds
[2025-02-12T00:40:25.859+0000] {processor.py:186} INFO - Started process (PID=1083) to work on /home/airflow/.local/lib/python3.12/site-packages/airflow/example_dags/example_complex.py
[2025-02-12T00:40:25.860+0000] {processor.py:914} INFO - Processing file /home/airflow/.local/lib/python3.12/site-packages/airflow/example_dags/example_complex.py for tasks to queue
[2025-02-12T00:40:25.867+0000] {logging_mixin.py:190} INFO - [2025-02-12T00:40:25.866+0000] {dagbag.py:588} INFO - Filling up the DagBag from /home/airflow/.local/lib/python3.12/site-packages/airflow/example_dags/example_complex.py
[2025-02-12T00:40:25.893+0000] {processor.py:925} INFO - DAG(s) 'example_complex' retrieved from /home/airflow/.local/lib/python3.12/site-packages/airflow/example_dags/example_complex.py
[2025-02-12T00:40:25.972+0000] {logging_mixin.py:190} INFO - [2025-02-12T00:40:25.972+0000] {dag.py:3239} INFO - Sync 1 DAGs
[2025-02-12T00:40:26.014+0000] {logging_mixin.py:190} INFO - [2025-02-12T00:40:26.013+0000] {dag.py:4180} INFO - Setting next_dagrun for example_complex to None, run_after=None
[2025-02-12T00:40:26.060+0000] {processor.py:208} INFO - Processing /home/airflow/.local/lib/python3.12/site-packages/airflow/example_dags/example_complex.py took 0.210 seconds
[2025-02-12T00:40:56.443+0000] {processor.py:186} INFO - Started process (PID=1149) to work on /home/airflow/.local/lib/python3.12/site-packages/airflow/example_dags/example_complex.py
[2025-02-12T00:40:56.444+0000] {processor.py:914} INFO - Processing file /home/airflow/.local/lib/python3.12/site-packages/airflow/example_dags/example_complex.py for tasks to queue
[2025-02-12T00:40:56.448+0000] {logging_mixin.py:190} INFO - [2025-02-12T00:40:56.448+0000] {dagbag.py:588} INFO - Filling up the DagBag from /home/airflow/.local/lib/python3.12/site-packages/airflow/example_dags/example_complex.py
[2025-02-12T00:40:56.470+0000] {processor.py:925} INFO - DAG(s) 'example_complex' retrieved from /home/airflow/.local/lib/python3.12/site-packages/airflow/example_dags/example_complex.py
[2025-02-12T00:40:56.529+0000] {logging_mixin.py:190} INFO - [2025-02-12T00:40:56.528+0000] {dag.py:3239} INFO - Sync 1 DAGs
[2025-02-12T00:40:56.555+0000] {logging_mixin.py:190} INFO - [2025-02-12T00:40:56.555+0000] {dag.py:4180} INFO - Setting next_dagrun for example_complex to None, run_after=None
[2025-02-12T00:40:56.610+0000] {processor.py:208} INFO - Processing /home/airflow/.local/lib/python3.12/site-packages/airflow/example_dags/example_complex.py took 0.175 seconds
[2025-02-12T00:41:26.724+0000] {processor.py:186} INFO - Started process (PID=1215) to work on /home/airflow/.local/lib/python3.12/site-packages/airflow/example_dags/example_complex.py
[2025-02-12T00:41:26.726+0000] {processor.py:914} INFO - Processing file /home/airflow/.local/lib/python3.12/site-packages/airflow/example_dags/example_complex.py for tasks to queue
[2025-02-12T00:41:26.728+0000] {logging_mixin.py:190} INFO - [2025-02-12T00:41:26.728+0000] {dagbag.py:588} INFO - Filling up the DagBag from /home/airflow/.local/lib/python3.12/site-packages/airflow/example_dags/example_complex.py
[2025-02-12T00:41:26.741+0000] {processor.py:925} INFO - DAG(s) 'example_complex' retrieved from /home/airflow/.local/lib/python3.12/site-packages/airflow/example_dags/example_complex.py
[2025-02-12T00:41:26.779+0000] {logging_mixin.py:190} INFO - [2025-02-12T00:41:26.778+0000] {dag.py:3239} INFO - Sync 1 DAGs
[2025-02-12T00:41:26.797+0000] {logging_mixin.py:190} INFO - [2025-02-12T00:41:26.797+0000] {dag.py:4180} INFO - Setting next_dagrun for example_complex to None, run_after=None
[2025-02-12T00:41:26.819+0000] {processor.py:208} INFO - Processing /home/airflow/.local/lib/python3.12/site-packages/airflow/example_dags/example_complex.py took 0.103 seconds
[2025-02-12T00:41:57.033+0000] {processor.py:186} INFO - Started process (PID=1281) to work on /home/airflow/.local/lib/python3.12/site-packages/airflow/example_dags/example_complex.py
[2025-02-12T00:41:57.034+0000] {processor.py:914} INFO - Processing file /home/airflow/.local/lib/python3.12/site-packages/airflow/example_dags/example_complex.py for tasks to queue
[2025-02-12T00:41:57.036+0000] {logging_mixin.py:190} INFO - [2025-02-12T00:41:57.036+0000] {dagbag.py:588} INFO - Filling up the DagBag from /home/airflow/.local/lib/python3.12/site-packages/airflow/example_dags/example_complex.py
[2025-02-12T00:41:57.052+0000] {processor.py:925} INFO - DAG(s) 'example_complex' retrieved from /home/airflow/.local/lib/python3.12/site-packages/airflow/example_dags/example_complex.py
[2025-02-12T00:41:57.091+0000] {logging_mixin.py:190} INFO - [2025-02-12T00:41:57.090+0000] {dag.py:3239} INFO - Sync 1 DAGs
[2025-02-12T00:41:57.113+0000] {logging_mixin.py:190} INFO - [2025-02-12T00:41:57.112+0000] {dag.py:4180} INFO - Setting next_dagrun for example_complex to None, run_after=None
[2025-02-12T00:41:57.137+0000] {processor.py:208} INFO - Processing /home/airflow/.local/lib/python3.12/site-packages/airflow/example_dags/example_complex.py took 0.114 seconds
[2025-02-12T00:42:27.918+0000] {processor.py:186} INFO - Started process (PID=1347) to work on /home/airflow/.local/lib/python3.12/site-packages/airflow/example_dags/example_complex.py
[2025-02-12T00:42:27.919+0000] {processor.py:914} INFO - Processing file /home/airflow/.local/lib/python3.12/site-packages/airflow/example_dags/example_complex.py for tasks to queue
[2025-02-12T00:42:27.922+0000] {logging_mixin.py:190} INFO - [2025-02-12T00:42:27.922+0000] {dagbag.py:588} INFO - Filling up the DagBag from /home/airflow/.local/lib/python3.12/site-packages/airflow/example_dags/example_complex.py
[2025-02-12T00:42:27.935+0000] {processor.py:925} INFO - DAG(s) 'example_complex' retrieved from /home/airflow/.local/lib/python3.12/site-packages/airflow/example_dags/example_complex.py
[2025-02-12T00:42:27.968+0000] {logging_mixin.py:190} INFO - [2025-02-12T00:42:27.967+0000] {dag.py:3239} INFO - Sync 1 DAGs
[2025-02-12T00:42:27.984+0000] {logging_mixin.py:190} INFO - [2025-02-12T00:42:27.984+0000] {dag.py:4180} INFO - Setting next_dagrun for example_complex to None, run_after=None
[2025-02-12T00:42:28.007+0000] {processor.py:208} INFO - Processing /home/airflow/.local/lib/python3.12/site-packages/airflow/example_dags/example_complex.py took 0.097 seconds
[2025-02-12T00:42:58.443+0000] {processor.py:186} INFO - Started process (PID=1414) to work on /home/airflow/.local/lib/python3.12/site-packages/airflow/example_dags/example_complex.py
[2025-02-12T00:42:58.445+0000] {processor.py:914} INFO - Processing file /home/airflow/.local/lib/python3.12/site-packages/airflow/example_dags/example_complex.py for tasks to queue
[2025-02-12T00:42:58.448+0000] {logging_mixin.py:190} INFO - [2025-02-12T00:42:58.448+0000] {dagbag.py:588} INFO - Filling up the DagBag from /home/airflow/.local/lib/python3.12/site-packages/airflow/example_dags/example_complex.py
[2025-02-12T00:42:58.465+0000] {processor.py:925} INFO - DAG(s) 'example_complex' retrieved from /home/airflow/.local/lib/python3.12/site-packages/airflow/example_dags/example_complex.py
[2025-02-12T00:42:58.519+0000] {logging_mixin.py:190} INFO - [2025-02-12T00:42:58.519+0000] {dag.py:3239} INFO - Sync 1 DAGs
[2025-02-12T00:42:58.541+0000] {logging_mixin.py:190} INFO - [2025-02-12T00:42:58.541+0000] {dag.py:4180} INFO - Setting next_dagrun for example_complex to None, run_after=None
[2025-02-12T00:42:58.572+0000] {processor.py:208} INFO - Processing /home/airflow/.local/lib/python3.12/site-packages/airflow/example_dags/example_complex.py took 0.135 seconds
[2025-02-12T00:43:28.750+0000] {processor.py:186} INFO - Started process (PID=1481) to work on /home/airflow/.local/lib/python3.12/site-packages/airflow/example_dags/example_complex.py
[2025-02-12T00:43:28.751+0000] {processor.py:914} INFO - Processing file /home/airflow/.local/lib/python3.12/site-packages/airflow/example_dags/example_complex.py for tasks to queue
[2025-02-12T00:43:28.755+0000] {logging_mixin.py:190} INFO - [2025-02-12T00:43:28.754+0000] {dagbag.py:588} INFO - Filling up the DagBag from /home/airflow/.local/lib/python3.12/site-packages/airflow/example_dags/example_complex.py
[2025-02-12T00:43:28.775+0000] {processor.py:925} INFO - DAG(s) 'example_complex' retrieved from /home/airflow/.local/lib/python3.12/site-packages/airflow/example_dags/example_complex.py
[2025-02-12T00:43:28.835+0000] {logging_mixin.py:190} INFO - [2025-02-12T00:43:28.835+0000] {dag.py:3239} INFO - Sync 1 DAGs
[2025-02-12T00:43:28.858+0000] {logging_mixin.py:190} INFO - [2025-02-12T00:43:28.858+0000] {dag.py:4180} INFO - Setting next_dagrun for example_complex to None, run_after=None
[2025-02-12T00:43:28.884+0000] {processor.py:208} INFO - Processing /home/airflow/.local/lib/python3.12/site-packages/airflow/example_dags/example_complex.py took 0.142 seconds
[2025-02-12T00:43:59.724+0000] {processor.py:186} INFO - Started process (PID=1546) to work on /home/airflow/.local/lib/python3.12/site-packages/airflow/example_dags/example_complex.py
[2025-02-12T00:43:59.725+0000] {processor.py:914} INFO - Processing file /home/airflow/.local/lib/python3.12/site-packages/airflow/example_dags/example_complex.py for tasks to queue
[2025-02-12T00:43:59.730+0000] {logging_mixin.py:190} INFO - [2025-02-12T00:43:59.729+0000] {dagbag.py:588} INFO - Filling up the DagBag from /home/airflow/.local/lib/python3.12/site-packages/airflow/example_dags/example_complex.py
[2025-02-12T00:43:59.750+0000] {processor.py:925} INFO - DAG(s) 'example_complex' retrieved from /home/airflow/.local/lib/python3.12/site-packages/airflow/example_dags/example_complex.py
[2025-02-12T00:43:59.785+0000] {logging_mixin.py:190} INFO - [2025-02-12T00:43:59.785+0000] {dag.py:3239} INFO - Sync 1 DAGs
[2025-02-12T00:43:59.806+0000] {logging_mixin.py:190} INFO - [2025-02-12T00:43:59.806+0000] {dag.py:4180} INFO - Setting next_dagrun for example_complex to None, run_after=None
[2025-02-12T00:43:59.831+0000] {processor.py:208} INFO - Processing /home/airflow/.local/lib/python3.12/site-packages/airflow/example_dags/example_complex.py took 0.115 seconds
[2025-02-12T00:44:30.356+0000] {processor.py:186} INFO - Started process (PID=1612) to work on /home/airflow/.local/lib/python3.12/site-packages/airflow/example_dags/example_complex.py
[2025-02-12T00:44:30.357+0000] {processor.py:914} INFO - Processing file /home/airflow/.local/lib/python3.12/site-packages/airflow/example_dags/example_complex.py for tasks to queue
[2025-02-12T00:44:30.365+0000] {logging_mixin.py:190} INFO - [2025-02-12T00:44:30.365+0000] {dagbag.py:588} INFO - Filling up the DagBag from /home/airflow/.local/lib/python3.12/site-packages/airflow/example_dags/example_complex.py
[2025-02-12T00:44:30.383+0000] {processor.py:925} INFO - DAG(s) 'example_complex' retrieved from /home/airflow/.local/lib/python3.12/site-packages/airflow/example_dags/example_complex.py
[2025-02-12T00:44:30.432+0000] {logging_mixin.py:190} INFO - [2025-02-12T00:44:30.432+0000] {dag.py:3239} INFO - Sync 1 DAGs
[2025-02-12T00:44:30.463+0000] {logging_mixin.py:190} INFO - [2025-02-12T00:44:30.462+0000] {dag.py:4180} INFO - Setting next_dagrun for example_complex to None, run_after=None
[2025-02-12T00:44:30.496+0000] {processor.py:208} INFO - Processing /home/airflow/.local/lib/python3.12/site-packages/airflow/example_dags/example_complex.py took 0.148 seconds
[2025-02-12T00:45:00.681+0000] {processor.py:186} INFO - Started process (PID=1678) to work on /home/airflow/.local/lib/python3.12/site-packages/airflow/example_dags/example_complex.py
[2025-02-12T00:45:00.682+0000] {processor.py:914} INFO - Processing file /home/airflow/.local/lib/python3.12/site-packages/airflow/example_dags/example_complex.py for tasks to queue
[2025-02-12T00:45:00.684+0000] {logging_mixin.py:190} INFO - [2025-02-12T00:45:00.684+0000] {dagbag.py:588} INFO - Filling up the DagBag from /home/airflow/.local/lib/python3.12/site-packages/airflow/example_dags/example_complex.py
[2025-02-12T00:45:00.697+0000] {processor.py:925} INFO - DAG(s) 'example_complex' retrieved from /home/airflow/.local/lib/python3.12/site-packages/airflow/example_dags/example_complex.py
[2025-02-12T00:45:00.740+0000] {logging_mixin.py:190} INFO - [2025-02-12T00:45:00.739+0000] {dag.py:3239} INFO - Sync 1 DAGs
[2025-02-12T00:45:00.758+0000] {logging_mixin.py:190} INFO - [2025-02-12T00:45:00.757+0000] {dag.py:4180} INFO - Setting next_dagrun for example_complex to None, run_after=None
[2025-02-12T00:45:00.780+0000] {processor.py:208} INFO - Processing /home/airflow/.local/lib/python3.12/site-packages/airflow/example_dags/example_complex.py took 0.105 seconds
[2025-02-12T00:45:31.590+0000] {processor.py:186} INFO - Started process (PID=1745) to work on /home/airflow/.local/lib/python3.12/site-packages/airflow/example_dags/example_complex.py
[2025-02-12T00:45:31.591+0000] {processor.py:914} INFO - Processing file /home/airflow/.local/lib/python3.12/site-packages/airflow/example_dags/example_complex.py for tasks to queue
[2025-02-12T00:45:31.595+0000] {logging_mixin.py:190} INFO - [2025-02-12T00:45:31.594+0000] {dagbag.py:588} INFO - Filling up the DagBag from /home/airflow/.local/lib/python3.12/site-packages/airflow/example_dags/example_complex.py
[2025-02-12T00:45:31.614+0000] {processor.py:925} INFO - DAG(s) 'example_complex' retrieved from /home/airflow/.local/lib/python3.12/site-packages/airflow/example_dags/example_complex.py
[2025-02-12T00:45:31.675+0000] {logging_mixin.py:190} INFO - [2025-02-12T00:45:31.674+0000] {dag.py:3239} INFO - Sync 1 DAGs
[2025-02-12T00:45:31.703+0000] {logging_mixin.py:190} INFO - [2025-02-12T00:45:31.703+0000] {dag.py:4180} INFO - Setting next_dagrun for example_complex to None, run_after=None
[2025-02-12T00:45:31.726+0000] {processor.py:208} INFO - Processing /home/airflow/.local/lib/python3.12/site-packages/airflow/example_dags/example_complex.py took 0.145 seconds
[2025-02-12T00:46:02.284+0000] {processor.py:186} INFO - Started process (PID=1811) to work on /home/airflow/.local/lib/python3.12/site-packages/airflow/example_dags/example_complex.py
[2025-02-12T00:46:02.286+0000] {processor.py:914} INFO - Processing file /home/airflow/.local/lib/python3.12/site-packages/airflow/example_dags/example_complex.py for tasks to queue
[2025-02-12T00:46:02.288+0000] {logging_mixin.py:190} INFO - [2025-02-12T00:46:02.288+0000] {dagbag.py:588} INFO - Filling up the DagBag from /home/airflow/.local/lib/python3.12/site-packages/airflow/example_dags/example_complex.py
[2025-02-12T00:46:02.301+0000] {processor.py:925} INFO - DAG(s) 'example_complex' retrieved from /home/airflow/.local/lib/python3.12/site-packages/airflow/example_dags/example_complex.py
[2025-02-12T00:46:02.341+0000] {logging_mixin.py:190} INFO - [2025-02-12T00:46:02.341+0000] {dag.py:3239} INFO - Sync 1 DAGs
[2025-02-12T00:46:02.365+0000] {logging_mixin.py:190} INFO - [2025-02-12T00:46:02.364+0000] {dag.py:4180} INFO - Setting next_dagrun for example_complex to None, run_after=None
[2025-02-12T00:46:02.394+0000] {processor.py:208} INFO - Processing /home/airflow/.local/lib/python3.12/site-packages/airflow/example_dags/example_complex.py took 0.117 seconds
[2025-02-12T00:46:32.890+0000] {processor.py:186} INFO - Started process (PID=1877) to work on /home/airflow/.local/lib/python3.12/site-packages/airflow/example_dags/example_complex.py
[2025-02-12T00:46:32.893+0000] {processor.py:914} INFO - Processing file /home/airflow/.local/lib/python3.12/site-packages/airflow/example_dags/example_complex.py for tasks to queue
[2025-02-12T00:46:32.897+0000] {logging_mixin.py:190} INFO - [2025-02-12T00:46:32.896+0000] {dagbag.py:588} INFO - Filling up the DagBag from /home/airflow/.local/lib/python3.12/site-packages/airflow/example_dags/example_complex.py
[2025-02-12T00:46:32.916+0000] {processor.py:925} INFO - DAG(s) 'example_complex' retrieved from /home/airflow/.local/lib/python3.12/site-packages/airflow/example_dags/example_complex.py
[2025-02-12T00:46:32.958+0000] {logging_mixin.py:190} INFO - [2025-02-12T00:46:32.958+0000] {dag.py:3239} INFO - Sync 1 DAGs
[2025-02-12T00:46:32.981+0000] {logging_mixin.py:190} INFO - [2025-02-12T00:46:32.981+0000] {dag.py:4180} INFO - Setting next_dagrun for example_complex to None, run_after=None
[2025-02-12T00:46:33.017+0000] {processor.py:208} INFO - Processing /home/airflow/.local/lib/python3.12/site-packages/airflow/example_dags/example_complex.py took 0.137 seconds
[2025-02-12T00:47:03.380+0000] {processor.py:186} INFO - Started process (PID=1943) to work on /home/airflow/.local/lib/python3.12/site-packages/airflow/example_dags/example_complex.py
[2025-02-12T00:47:03.381+0000] {processor.py:914} INFO - Processing file /home/airflow/.local/lib/python3.12/site-packages/airflow/example_dags/example_complex.py for tasks to queue
[2025-02-12T00:47:03.385+0000] {logging_mixin.py:190} INFO - [2025-02-12T00:47:03.384+0000] {dagbag.py:588} INFO - Filling up the DagBag from /home/airflow/.local/lib/python3.12/site-packages/airflow/example_dags/example_complex.py
[2025-02-12T00:47:03.408+0000] {processor.py:925} INFO - DAG(s) 'example_complex' retrieved from /home/airflow/.local/lib/python3.12/site-packages/airflow/example_dags/example_complex.py
[2025-02-12T00:47:03.456+0000] {logging_mixin.py:190} INFO - [2025-02-12T00:47:03.456+0000] {dag.py:3239} INFO - Sync 1 DAGs
[2025-02-12T00:47:03.482+0000] {logging_mixin.py:190} INFO - [2025-02-12T00:47:03.482+0000] {dag.py:4180} INFO - Setting next_dagrun for example_complex to None, run_after=None
[2025-02-12T00:47:03.518+0000] {processor.py:208} INFO - Processing /home/airflow/.local/lib/python3.12/site-packages/airflow/example_dags/example_complex.py took 0.146 seconds
[2025-02-12T00:49:25.909+0000] {processor.py:186} INFO - Started process (PID=56) to work on /home/airflow/.local/lib/python3.12/site-packages/airflow/example_dags/example_complex.py
[2025-02-12T00:49:25.913+0000] {processor.py:914} INFO - Processing file /home/airflow/.local/lib/python3.12/site-packages/airflow/example_dags/example_complex.py for tasks to queue
[2025-02-12T00:49:25.930+0000] {logging_mixin.py:190} INFO - [2025-02-12T00:49:25.929+0000] {dagbag.py:588} INFO - Filling up the DagBag from /home/airflow/.local/lib/python3.12/site-packages/airflow/example_dags/example_complex.py
[2025-02-12T00:49:25.986+0000] {processor.py:925} INFO - DAG(s) 'example_complex' retrieved from /home/airflow/.local/lib/python3.12/site-packages/airflow/example_dags/example_complex.py
[2025-02-12T00:49:26.177+0000] {logging_mixin.py:190} INFO - [2025-02-12T00:49:26.177+0000] {dag.py:3239} INFO - Sync 1 DAGs
[2025-02-12T00:49:26.273+0000] {logging_mixin.py:190} INFO - [2025-02-12T00:49:26.272+0000] {dag.py:4180} INFO - Setting next_dagrun for example_complex to None, run_after=None
[2025-02-12T00:49:26.346+0000] {processor.py:208} INFO - Processing /home/airflow/.local/lib/python3.12/site-packages/airflow/example_dags/example_complex.py took 0.455 seconds
[2025-02-12T00:49:56.972+0000] {processor.py:186} INFO - Started process (PID=122) to work on /home/airflow/.local/lib/python3.12/site-packages/airflow/example_dags/example_complex.py
[2025-02-12T00:49:56.973+0000] {processor.py:914} INFO - Processing file /home/airflow/.local/lib/python3.12/site-packages/airflow/example_dags/example_complex.py for tasks to queue
[2025-02-12T00:49:56.978+0000] {logging_mixin.py:190} INFO - [2025-02-12T00:49:56.978+0000] {dagbag.py:588} INFO - Filling up the DagBag from /home/airflow/.local/lib/python3.12/site-packages/airflow/example_dags/example_complex.py
[2025-02-12T00:49:57.005+0000] {processor.py:925} INFO - DAG(s) 'example_complex' retrieved from /home/airflow/.local/lib/python3.12/site-packages/airflow/example_dags/example_complex.py
[2025-02-12T00:49:57.069+0000] {logging_mixin.py:190} INFO - [2025-02-12T00:49:57.069+0000] {dag.py:3239} INFO - Sync 1 DAGs
[2025-02-12T00:49:57.104+0000] {logging_mixin.py:190} INFO - [2025-02-12T00:49:57.103+0000] {dag.py:4180} INFO - Setting next_dagrun for example_complex to None, run_after=None
[2025-02-12T00:49:57.163+0000] {processor.py:208} INFO - Processing /home/airflow/.local/lib/python3.12/site-packages/airflow/example_dags/example_complex.py took 0.206 seconds
[2025-02-12T00:50:28.684+0000] {processor.py:186} INFO - Started process (PID=188) to work on /home/airflow/.local/lib/python3.12/site-packages/airflow/example_dags/example_complex.py
[2025-02-12T00:50:28.685+0000] {processor.py:914} INFO - Processing file /home/airflow/.local/lib/python3.12/site-packages/airflow/example_dags/example_complex.py for tasks to queue
[2025-02-12T00:50:28.690+0000] {logging_mixin.py:190} INFO - [2025-02-12T00:50:28.689+0000] {dagbag.py:588} INFO - Filling up the DagBag from /home/airflow/.local/lib/python3.12/site-packages/airflow/example_dags/example_complex.py
[2025-02-12T00:50:28.712+0000] {processor.py:925} INFO - DAG(s) 'example_complex' retrieved from /home/airflow/.local/lib/python3.12/site-packages/airflow/example_dags/example_complex.py
[2025-02-12T00:50:28.793+0000] {logging_mixin.py:190} INFO - [2025-02-12T00:50:28.792+0000] {dag.py:3239} INFO - Sync 1 DAGs
[2025-02-12T00:50:28.823+0000] {logging_mixin.py:190} INFO - [2025-02-12T00:50:28.821+0000] {dag.py:4180} INFO - Setting next_dagrun for example_complex to None, run_after=None
[2025-02-12T00:50:28.855+0000] {processor.py:208} INFO - Processing /home/airflow/.local/lib/python3.12/site-packages/airflow/example_dags/example_complex.py took 0.184 seconds
[2025-02-12T00:50:59.775+0000] {processor.py:186} INFO - Started process (PID=254) to work on /home/airflow/.local/lib/python3.12/site-packages/airflow/example_dags/example_complex.py
[2025-02-12T00:50:59.776+0000] {processor.py:914} INFO - Processing file /home/airflow/.local/lib/python3.12/site-packages/airflow/example_dags/example_complex.py for tasks to queue
[2025-02-12T00:50:59.779+0000] {logging_mixin.py:190} INFO - [2025-02-12T00:50:59.779+0000] {dagbag.py:588} INFO - Filling up the DagBag from /home/airflow/.local/lib/python3.12/site-packages/airflow/example_dags/example_complex.py
[2025-02-12T00:50:59.796+0000] {processor.py:925} INFO - DAG(s) 'example_complex' retrieved from /home/airflow/.local/lib/python3.12/site-packages/airflow/example_dags/example_complex.py
[2025-02-12T00:50:59.842+0000] {logging_mixin.py:190} INFO - [2025-02-12T00:50:59.842+0000] {dag.py:3239} INFO - Sync 1 DAGs
[2025-02-12T00:50:59.862+0000] {logging_mixin.py:190} INFO - [2025-02-12T00:50:59.862+0000] {dag.py:4180} INFO - Setting next_dagrun for example_complex to None, run_after=None
[2025-02-12T00:50:59.889+0000] {processor.py:208} INFO - Processing /home/airflow/.local/lib/python3.12/site-packages/airflow/example_dags/example_complex.py took 0.122 seconds
[2025-02-12T00:51:30.955+0000] {processor.py:186} INFO - Started process (PID=320) to work on /home/airflow/.local/lib/python3.12/site-packages/airflow/example_dags/example_complex.py
[2025-02-12T00:51:30.956+0000] {processor.py:914} INFO - Processing file /home/airflow/.local/lib/python3.12/site-packages/airflow/example_dags/example_complex.py for tasks to queue
[2025-02-12T00:51:30.959+0000] {logging_mixin.py:190} INFO - [2025-02-12T00:51:30.958+0000] {dagbag.py:588} INFO - Filling up the DagBag from /home/airflow/.local/lib/python3.12/site-packages/airflow/example_dags/example_complex.py
[2025-02-12T00:51:30.971+0000] {processor.py:925} INFO - DAG(s) 'example_complex' retrieved from /home/airflow/.local/lib/python3.12/site-packages/airflow/example_dags/example_complex.py
[2025-02-12T00:51:31.004+0000] {logging_mixin.py:190} INFO - [2025-02-12T00:51:31.003+0000] {dag.py:3239} INFO - Sync 1 DAGs
[2025-02-12T00:51:31.019+0000] {logging_mixin.py:190} INFO - [2025-02-12T00:51:31.019+0000] {dag.py:4180} INFO - Setting next_dagrun for example_complex to None, run_after=None
[2025-02-12T00:51:31.044+0000] {processor.py:208} INFO - Processing /home/airflow/.local/lib/python3.12/site-packages/airflow/example_dags/example_complex.py took 0.095 seconds
[2025-02-12T00:52:02.032+0000] {processor.py:186} INFO - Started process (PID=386) to work on /home/airflow/.local/lib/python3.12/site-packages/airflow/example_dags/example_complex.py
[2025-02-12T00:52:02.033+0000] {processor.py:914} INFO - Processing file /home/airflow/.local/lib/python3.12/site-packages/airflow/example_dags/example_complex.py for tasks to queue
[2025-02-12T00:52:02.035+0000] {logging_mixin.py:190} INFO - [2025-02-12T00:52:02.035+0000] {dagbag.py:588} INFO - Filling up the DagBag from /home/airflow/.local/lib/python3.12/site-packages/airflow/example_dags/example_complex.py
[2025-02-12T00:52:02.048+0000] {processor.py:925} INFO - DAG(s) 'example_complex' retrieved from /home/airflow/.local/lib/python3.12/site-packages/airflow/example_dags/example_complex.py
[2025-02-12T00:52:02.084+0000] {logging_mixin.py:190} INFO - [2025-02-12T00:52:02.083+0000] {dag.py:3239} INFO - Sync 1 DAGs
[2025-02-12T00:52:02.099+0000] {logging_mixin.py:190} INFO - [2025-02-12T00:52:02.099+0000] {dag.py:4180} INFO - Setting next_dagrun for example_complex to None, run_after=None
[2025-02-12T00:52:02.119+0000] {processor.py:208} INFO - Processing /home/airflow/.local/lib/python3.12/site-packages/airflow/example_dags/example_complex.py took 0.092 seconds
[2025-02-12T00:52:33.470+0000] {processor.py:186} INFO - Started process (PID=452) to work on /home/airflow/.local/lib/python3.12/site-packages/airflow/example_dags/example_complex.py
[2025-02-12T00:52:33.471+0000] {processor.py:914} INFO - Processing file /home/airflow/.local/lib/python3.12/site-packages/airflow/example_dags/example_complex.py for tasks to queue
[2025-02-12T00:52:33.474+0000] {logging_mixin.py:190} INFO - [2025-02-12T00:52:33.473+0000] {dagbag.py:588} INFO - Filling up the DagBag from /home/airflow/.local/lib/python3.12/site-packages/airflow/example_dags/example_complex.py
[2025-02-12T00:52:33.488+0000] {processor.py:925} INFO - DAG(s) 'example_complex' retrieved from /home/airflow/.local/lib/python3.12/site-packages/airflow/example_dags/example_complex.py
[2025-02-12T00:52:33.520+0000] {logging_mixin.py:190} INFO - [2025-02-12T00:52:33.519+0000] {dag.py:3239} INFO - Sync 1 DAGs
[2025-02-12T00:52:33.536+0000] {logging_mixin.py:190} INFO - [2025-02-12T00:52:33.536+0000] {dag.py:4180} INFO - Setting next_dagrun for example_complex to None, run_after=None
[2025-02-12T00:52:33.563+0000] {processor.py:208} INFO - Processing /home/airflow/.local/lib/python3.12/site-packages/airflow/example_dags/example_complex.py took 0.098 seconds
[2025-02-12T00:53:04.849+0000] {processor.py:186} INFO - Started process (PID=518) to work on /home/airflow/.local/lib/python3.12/site-packages/airflow/example_dags/example_complex.py
[2025-02-12T00:53:04.850+0000] {processor.py:914} INFO - Processing file /home/airflow/.local/lib/python3.12/site-packages/airflow/example_dags/example_complex.py for tasks to queue
[2025-02-12T00:53:04.853+0000] {logging_mixin.py:190} INFO - [2025-02-12T00:53:04.852+0000] {dagbag.py:588} INFO - Filling up the DagBag from /home/airflow/.local/lib/python3.12/site-packages/airflow/example_dags/example_complex.py
[2025-02-12T00:53:04.867+0000] {processor.py:925} INFO - DAG(s) 'example_complex' retrieved from /home/airflow/.local/lib/python3.12/site-packages/airflow/example_dags/example_complex.py
[2025-02-12T00:53:04.902+0000] {logging_mixin.py:190} INFO - [2025-02-12T00:53:04.902+0000] {dag.py:3239} INFO - Sync 1 DAGs
[2025-02-12T00:53:04.920+0000] {logging_mixin.py:190} INFO - [2025-02-12T00:53:04.919+0000] {dag.py:4180} INFO - Setting next_dagrun for example_complex to None, run_after=None
[2025-02-12T00:53:04.940+0000] {processor.py:208} INFO - Processing /home/airflow/.local/lib/python3.12/site-packages/airflow/example_dags/example_complex.py took 0.097 seconds
[2025-02-12T00:53:35.723+0000] {processor.py:186} INFO - Started process (PID=585) to work on /home/airflow/.local/lib/python3.12/site-packages/airflow/example_dags/example_complex.py
[2025-02-12T00:53:35.724+0000] {processor.py:914} INFO - Processing file /home/airflow/.local/lib/python3.12/site-packages/airflow/example_dags/example_complex.py for tasks to queue
[2025-02-12T00:53:35.726+0000] {logging_mixin.py:190} INFO - [2025-02-12T00:53:35.726+0000] {dagbag.py:588} INFO - Filling up the DagBag from /home/airflow/.local/lib/python3.12/site-packages/airflow/example_dags/example_complex.py
[2025-02-12T00:53:35.739+0000] {processor.py:925} INFO - DAG(s) 'example_complex' retrieved from /home/airflow/.local/lib/python3.12/site-packages/airflow/example_dags/example_complex.py
[2025-02-12T00:53:35.774+0000] {logging_mixin.py:190} INFO - [2025-02-12T00:53:35.774+0000] {dag.py:3239} INFO - Sync 1 DAGs
[2025-02-12T00:53:35.789+0000] {logging_mixin.py:190} INFO - [2025-02-12T00:53:35.789+0000] {dag.py:4180} INFO - Setting next_dagrun for example_complex to None, run_after=None
[2025-02-12T00:53:35.808+0000] {processor.py:208} INFO - Processing /home/airflow/.local/lib/python3.12/site-packages/airflow/example_dags/example_complex.py took 0.091 seconds
[2025-02-12T00:54:06.360+0000] {processor.py:186} INFO - Started process (PID=650) to work on /home/airflow/.local/lib/python3.12/site-packages/airflow/example_dags/example_complex.py
[2025-02-12T00:54:06.362+0000] {processor.py:914} INFO - Processing file /home/airflow/.local/lib/python3.12/site-packages/airflow/example_dags/example_complex.py for tasks to queue
[2025-02-12T00:54:06.365+0000] {logging_mixin.py:190} INFO - [2025-02-12T00:54:06.365+0000] {dagbag.py:588} INFO - Filling up the DagBag from /home/airflow/.local/lib/python3.12/site-packages/airflow/example_dags/example_complex.py
[2025-02-12T00:54:06.383+0000] {processor.py:925} INFO - DAG(s) 'example_complex' retrieved from /home/airflow/.local/lib/python3.12/site-packages/airflow/example_dags/example_complex.py
[2025-02-12T00:54:06.426+0000] {logging_mixin.py:190} INFO - [2025-02-12T00:54:06.426+0000] {dag.py:3239} INFO - Sync 1 DAGs
[2025-02-12T00:54:06.444+0000] {logging_mixin.py:190} INFO - [2025-02-12T00:54:06.444+0000] {dag.py:4180} INFO - Setting next_dagrun for example_complex to None, run_after=None
[2025-02-12T00:54:06.467+0000] {processor.py:208} INFO - Processing /home/airflow/.local/lib/python3.12/site-packages/airflow/example_dags/example_complex.py took 0.115 seconds
[2025-02-12T00:54:36.862+0000] {processor.py:186} INFO - Started process (PID=715) to work on /home/airflow/.local/lib/python3.12/site-packages/airflow/example_dags/example_complex.py
[2025-02-12T00:54:36.863+0000] {processor.py:914} INFO - Processing file /home/airflow/.local/lib/python3.12/site-packages/airflow/example_dags/example_complex.py for tasks to queue
[2025-02-12T00:54:36.865+0000] {logging_mixin.py:190} INFO - [2025-02-12T00:54:36.865+0000] {dagbag.py:588} INFO - Filling up the DagBag from /home/airflow/.local/lib/python3.12/site-packages/airflow/example_dags/example_complex.py
[2025-02-12T00:54:36.881+0000] {processor.py:925} INFO - DAG(s) 'example_complex' retrieved from /home/airflow/.local/lib/python3.12/site-packages/airflow/example_dags/example_complex.py
[2025-02-12T00:54:36.911+0000] {logging_mixin.py:190} INFO - [2025-02-12T00:54:36.911+0000] {dag.py:3239} INFO - Sync 1 DAGs
[2025-02-12T00:54:36.936+0000] {logging_mixin.py:190} INFO - [2025-02-12T00:54:36.935+0000] {dag.py:4180} INFO - Setting next_dagrun for example_complex to None, run_after=None
[2025-02-12T00:54:36.961+0000] {processor.py:208} INFO - Processing /home/airflow/.local/lib/python3.12/site-packages/airflow/example_dags/example_complex.py took 0.105 seconds
[2025-02-12T00:55:07.113+0000] {processor.py:186} INFO - Started process (PID=781) to work on /home/airflow/.local/lib/python3.12/site-packages/airflow/example_dags/example_complex.py
[2025-02-12T00:55:07.114+0000] {processor.py:914} INFO - Processing file /home/airflow/.local/lib/python3.12/site-packages/airflow/example_dags/example_complex.py for tasks to queue
[2025-02-12T00:55:07.118+0000] {logging_mixin.py:190} INFO - [2025-02-12T00:55:07.117+0000] {dagbag.py:588} INFO - Filling up the DagBag from /home/airflow/.local/lib/python3.12/site-packages/airflow/example_dags/example_complex.py
[2025-02-12T00:55:07.135+0000] {processor.py:925} INFO - DAG(s) 'example_complex' retrieved from /home/airflow/.local/lib/python3.12/site-packages/airflow/example_dags/example_complex.py
[2025-02-12T00:55:07.177+0000] {logging_mixin.py:190} INFO - [2025-02-12T00:55:07.177+0000] {dag.py:3239} INFO - Sync 1 DAGs
[2025-02-12T00:55:07.194+0000] {logging_mixin.py:190} INFO - [2025-02-12T00:55:07.194+0000] {dag.py:4180} INFO - Setting next_dagrun for example_complex to None, run_after=None
[2025-02-12T00:55:07.226+0000] {processor.py:208} INFO - Processing /home/airflow/.local/lib/python3.12/site-packages/airflow/example_dags/example_complex.py took 0.121 seconds
[2025-02-12T00:55:37.548+0000] {processor.py:186} INFO - Started process (PID=848) to work on /home/airflow/.local/lib/python3.12/site-packages/airflow/example_dags/example_complex.py
[2025-02-12T00:55:37.549+0000] {processor.py:914} INFO - Processing file /home/airflow/.local/lib/python3.12/site-packages/airflow/example_dags/example_complex.py for tasks to queue
[2025-02-12T00:55:37.552+0000] {logging_mixin.py:190} INFO - [2025-02-12T00:55:37.552+0000] {dagbag.py:588} INFO - Filling up the DagBag from /home/airflow/.local/lib/python3.12/site-packages/airflow/example_dags/example_complex.py
[2025-02-12T00:55:37.567+0000] {processor.py:925} INFO - DAG(s) 'example_complex' retrieved from /home/airflow/.local/lib/python3.12/site-packages/airflow/example_dags/example_complex.py
[2025-02-12T00:55:37.601+0000] {logging_mixin.py:190} INFO - [2025-02-12T00:55:37.601+0000] {dag.py:3239} INFO - Sync 1 DAGs
[2025-02-12T00:55:37.621+0000] {logging_mixin.py:190} INFO - [2025-02-12T00:55:37.621+0000] {dag.py:4180} INFO - Setting next_dagrun for example_complex to None, run_after=None
[2025-02-12T00:55:37.648+0000] {processor.py:208} INFO - Processing /home/airflow/.local/lib/python3.12/site-packages/airflow/example_dags/example_complex.py took 0.107 seconds
[2025-02-12T00:57:35.820+0000] {processor.py:186} INFO - Started process (PID=57) to work on /home/airflow/.local/lib/python3.12/site-packages/airflow/example_dags/example_complex.py
[2025-02-12T00:57:35.838+0000] {processor.py:914} INFO - Processing file /home/airflow/.local/lib/python3.12/site-packages/airflow/example_dags/example_complex.py for tasks to queue
[2025-02-12T00:57:35.849+0000] {logging_mixin.py:190} INFO - [2025-02-12T00:57:35.848+0000] {dagbag.py:588} INFO - Filling up the DagBag from /home/airflow/.local/lib/python3.12/site-packages/airflow/example_dags/example_complex.py
[2025-02-12T00:57:35.893+0000] {processor.py:925} INFO - DAG(s) 'example_complex' retrieved from /home/airflow/.local/lib/python3.12/site-packages/airflow/example_dags/example_complex.py
[2025-02-12T00:57:36.008+0000] {logging_mixin.py:190} INFO - [2025-02-12T00:57:36.008+0000] {dag.py:3239} INFO - Sync 1 DAGs
[2025-02-12T00:57:36.045+0000] {logging_mixin.py:190} INFO - [2025-02-12T00:57:36.045+0000] {dag.py:4180} INFO - Setting next_dagrun for example_complex to None, run_after=None
[2025-02-12T00:57:36.081+0000] {processor.py:208} INFO - Processing /home/airflow/.local/lib/python3.12/site-packages/airflow/example_dags/example_complex.py took 0.274 seconds
[2025-02-12T00:58:06.800+0000] {processor.py:186} INFO - Started process (PID=123) to work on /home/airflow/.local/lib/python3.12/site-packages/airflow/example_dags/example_complex.py
[2025-02-12T00:58:06.801+0000] {processor.py:914} INFO - Processing file /home/airflow/.local/lib/python3.12/site-packages/airflow/example_dags/example_complex.py for tasks to queue
[2025-02-12T00:58:06.805+0000] {logging_mixin.py:190} INFO - [2025-02-12T00:58:06.804+0000] {dagbag.py:588} INFO - Filling up the DagBag from /home/airflow/.local/lib/python3.12/site-packages/airflow/example_dags/example_complex.py
[2025-02-12T00:58:06.823+0000] {processor.py:925} INFO - DAG(s) 'example_complex' retrieved from /home/airflow/.local/lib/python3.12/site-packages/airflow/example_dags/example_complex.py
[2025-02-12T00:58:06.864+0000] {logging_mixin.py:190} INFO - [2025-02-12T00:58:06.864+0000] {dag.py:3239} INFO - Sync 1 DAGs
[2025-02-12T00:58:06.884+0000] {logging_mixin.py:190} INFO - [2025-02-12T00:58:06.884+0000] {dag.py:4180} INFO - Setting next_dagrun for example_complex to None, run_after=None
[2025-02-12T00:58:06.911+0000] {processor.py:208} INFO - Processing /home/airflow/.local/lib/python3.12/site-packages/airflow/example_dags/example_complex.py took 0.117 seconds
[2025-02-12T00:58:37.195+0000] {processor.py:186} INFO - Started process (PID=187) to work on /home/airflow/.local/lib/python3.12/site-packages/airflow/example_dags/example_complex.py
[2025-02-12T00:58:37.197+0000] {processor.py:914} INFO - Processing file /home/airflow/.local/lib/python3.12/site-packages/airflow/example_dags/example_complex.py for tasks to queue
[2025-02-12T00:58:37.201+0000] {logging_mixin.py:190} INFO - [2025-02-12T00:58:37.201+0000] {dagbag.py:588} INFO - Filling up the DagBag from /home/airflow/.local/lib/python3.12/site-packages/airflow/example_dags/example_complex.py
[2025-02-12T00:58:37.219+0000] {processor.py:925} INFO - DAG(s) 'example_complex' retrieved from /home/airflow/.local/lib/python3.12/site-packages/airflow/example_dags/example_complex.py
[2025-02-12T00:58:37.270+0000] {logging_mixin.py:190} INFO - [2025-02-12T00:58:37.270+0000] {dag.py:3239} INFO - Sync 1 DAGs
[2025-02-12T00:58:37.294+0000] {logging_mixin.py:190} INFO - [2025-02-12T00:58:37.294+0000] {dag.py:4180} INFO - Setting next_dagrun for example_complex to None, run_after=None
[2025-02-12T00:58:37.322+0000] {processor.py:208} INFO - Processing /home/airflow/.local/lib/python3.12/site-packages/airflow/example_dags/example_complex.py took 0.135 seconds
[2025-02-12T00:59:07.572+0000] {processor.py:186} INFO - Started process (PID=252) to work on /home/airflow/.local/lib/python3.12/site-packages/airflow/example_dags/example_complex.py
[2025-02-12T00:59:07.573+0000] {processor.py:914} INFO - Processing file /home/airflow/.local/lib/python3.12/site-packages/airflow/example_dags/example_complex.py for tasks to queue
[2025-02-12T00:59:07.576+0000] {logging_mixin.py:190} INFO - [2025-02-12T00:59:07.575+0000] {dagbag.py:588} INFO - Filling up the DagBag from /home/airflow/.local/lib/python3.12/site-packages/airflow/example_dags/example_complex.py
[2025-02-12T00:59:07.592+0000] {processor.py:925} INFO - DAG(s) 'example_complex' retrieved from /home/airflow/.local/lib/python3.12/site-packages/airflow/example_dags/example_complex.py
[2025-02-12T00:59:07.630+0000] {logging_mixin.py:190} INFO - [2025-02-12T00:59:07.629+0000] {dag.py:3239} INFO - Sync 1 DAGs
[2025-02-12T00:59:07.650+0000] {logging_mixin.py:190} INFO - [2025-02-12T00:59:07.650+0000] {dag.py:4180} INFO - Setting next_dagrun for example_complex to None, run_after=None
[2025-02-12T00:59:07.673+0000] {processor.py:208} INFO - Processing /home/airflow/.local/lib/python3.12/site-packages/airflow/example_dags/example_complex.py took 0.111 seconds
[2025-02-12T00:59:37.817+0000] {processor.py:186} INFO - Started process (PID=318) to work on /home/airflow/.local/lib/python3.12/site-packages/airflow/example_dags/example_complex.py
[2025-02-12T00:59:37.819+0000] {processor.py:914} INFO - Processing file /home/airflow/.local/lib/python3.12/site-packages/airflow/example_dags/example_complex.py for tasks to queue
[2025-02-12T00:59:37.822+0000] {logging_mixin.py:190} INFO - [2025-02-12T00:59:37.821+0000] {dagbag.py:588} INFO - Filling up the DagBag from /home/airflow/.local/lib/python3.12/site-packages/airflow/example_dags/example_complex.py
[2025-02-12T00:59:37.839+0000] {processor.py:925} INFO - DAG(s) 'example_complex' retrieved from /home/airflow/.local/lib/python3.12/site-packages/airflow/example_dags/example_complex.py
[2025-02-12T00:59:37.875+0000] {logging_mixin.py:190} INFO - [2025-02-12T00:59:37.875+0000] {dag.py:3239} INFO - Sync 1 DAGs
[2025-02-12T00:59:37.893+0000] {logging_mixin.py:190} INFO - [2025-02-12T00:59:37.893+0000] {dag.py:4180} INFO - Setting next_dagrun for example_complex to None, run_after=None
[2025-02-12T00:59:37.917+0000] {processor.py:208} INFO - Processing /home/airflow/.local/lib/python3.12/site-packages/airflow/example_dags/example_complex.py took 0.107 seconds
[2025-02-12T01:00:08.084+0000] {processor.py:186} INFO - Started process (PID=384) to work on /home/airflow/.local/lib/python3.12/site-packages/airflow/example_dags/example_complex.py
[2025-02-12T01:00:08.085+0000] {processor.py:914} INFO - Processing file /home/airflow/.local/lib/python3.12/site-packages/airflow/example_dags/example_complex.py for tasks to queue
[2025-02-12T01:00:08.090+0000] {logging_mixin.py:190} INFO - [2025-02-12T01:00:08.089+0000] {dagbag.py:588} INFO - Filling up the DagBag from /home/airflow/.local/lib/python3.12/site-packages/airflow/example_dags/example_complex.py
[2025-02-12T01:00:08.109+0000] {processor.py:925} INFO - DAG(s) 'example_complex' retrieved from /home/airflow/.local/lib/python3.12/site-packages/airflow/example_dags/example_complex.py
[2025-02-12T01:00:08.147+0000] {logging_mixin.py:190} INFO - [2025-02-12T01:00:08.147+0000] {dag.py:3239} INFO - Sync 1 DAGs
[2025-02-12T01:00:08.172+0000] {logging_mixin.py:190} INFO - [2025-02-12T01:00:08.171+0000] {dag.py:4180} INFO - Setting next_dagrun for example_complex to None, run_after=None
[2025-02-12T01:00:08.200+0000] {processor.py:208} INFO - Processing /home/airflow/.local/lib/python3.12/site-packages/airflow/example_dags/example_complex.py took 0.124 seconds
[2025-02-12T01:03:54.538+0000] {processor.py:186} INFO - Started process (PID=51) to work on /home/airflow/.local/lib/python3.12/site-packages/airflow/example_dags/example_complex.py
[2025-02-12T01:03:54.539+0000] {processor.py:914} INFO - Processing file /home/airflow/.local/lib/python3.12/site-packages/airflow/example_dags/example_complex.py for tasks to queue
[2025-02-12T01:03:54.542+0000] {logging_mixin.py:190} INFO - [2025-02-12T01:03:54.542+0000] {dagbag.py:588} INFO - Filling up the DagBag from /home/airflow/.local/lib/python3.12/site-packages/airflow/example_dags/example_complex.py
[2025-02-12T01:03:54.557+0000] {processor.py:925} INFO - DAG(s) 'example_complex' retrieved from /home/airflow/.local/lib/python3.12/site-packages/airflow/example_dags/example_complex.py
[2025-02-12T01:03:54.597+0000] {logging_mixin.py:190} INFO - [2025-02-12T01:03:54.596+0000] {dag.py:3239} INFO - Sync 1 DAGs
[2025-02-12T01:03:54.615+0000] {logging_mixin.py:190} INFO - [2025-02-12T01:03:54.615+0000] {dag.py:4180} INFO - Setting next_dagrun for example_complex to None, run_after=None
[2025-02-12T01:03:54.643+0000] {processor.py:208} INFO - Processing /home/airflow/.local/lib/python3.12/site-packages/airflow/example_dags/example_complex.py took 0.112 seconds
[2025-02-12T01:04:27.433+0000] {processor.py:186} INFO - Started process (PID=116) to work on /home/airflow/.local/lib/python3.12/site-packages/airflow/example_dags/example_complex.py
[2025-02-12T01:04:27.435+0000] {processor.py:914} INFO - Processing file /home/airflow/.local/lib/python3.12/site-packages/airflow/example_dags/example_complex.py for tasks to queue
[2025-02-12T01:04:27.439+0000] {logging_mixin.py:190} INFO - [2025-02-12T01:04:27.439+0000] {dagbag.py:588} INFO - Filling up the DagBag from /home/airflow/.local/lib/python3.12/site-packages/airflow/example_dags/example_complex.py
[2025-02-12T01:04:27.473+0000] {processor.py:925} INFO - DAG(s) 'example_complex' retrieved from /home/airflow/.local/lib/python3.12/site-packages/airflow/example_dags/example_complex.py
[2025-02-12T01:04:27.569+0000] {logging_mixin.py:190} INFO - [2025-02-12T01:04:27.568+0000] {dag.py:3239} INFO - Sync 1 DAGs
[2025-02-12T01:04:27.594+0000] {logging_mixin.py:190} INFO - [2025-02-12T01:04:27.594+0000] {dag.py:4180} INFO - Setting next_dagrun for example_complex to None, run_after=None
[2025-02-12T01:04:27.624+0000] {processor.py:208} INFO - Processing /home/airflow/.local/lib/python3.12/site-packages/airflow/example_dags/example_complex.py took 0.200 seconds
[2025-02-12T01:04:59.039+0000] {processor.py:186} INFO - Started process (PID=183) to work on /home/airflow/.local/lib/python3.12/site-packages/airflow/example_dags/example_complex.py
[2025-02-12T01:04:59.046+0000] {processor.py:914} INFO - Processing file /home/airflow/.local/lib/python3.12/site-packages/airflow/example_dags/example_complex.py for tasks to queue
[2025-02-12T01:04:59.049+0000] {logging_mixin.py:190} INFO - [2025-02-12T01:04:59.048+0000] {dagbag.py:588} INFO - Filling up the DagBag from /home/airflow/.local/lib/python3.12/site-packages/airflow/example_dags/example_complex.py
[2025-02-12T01:04:59.091+0000] {processor.py:925} INFO - DAG(s) 'example_complex' retrieved from /home/airflow/.local/lib/python3.12/site-packages/airflow/example_dags/example_complex.py
[2025-02-12T01:04:59.178+0000] {logging_mixin.py:190} INFO - [2025-02-12T01:04:59.178+0000] {dag.py:3239} INFO - Sync 1 DAGs
[2025-02-12T01:04:59.218+0000] {logging_mixin.py:190} INFO - [2025-02-12T01:04:59.218+0000] {dag.py:4180} INFO - Setting next_dagrun for example_complex to None, run_after=None
[2025-02-12T01:04:59.313+0000] {processor.py:208} INFO - Processing /home/airflow/.local/lib/python3.12/site-packages/airflow/example_dags/example_complex.py took 0.288 seconds
[2025-02-12T01:05:30.054+0000] {processor.py:186} INFO - Started process (PID=250) to work on /home/airflow/.local/lib/python3.12/site-packages/airflow/example_dags/example_complex.py
[2025-02-12T01:05:30.055+0000] {processor.py:914} INFO - Processing file /home/airflow/.local/lib/python3.12/site-packages/airflow/example_dags/example_complex.py for tasks to queue
[2025-02-12T01:05:30.058+0000] {logging_mixin.py:190} INFO - [2025-02-12T01:05:30.058+0000] {dagbag.py:588} INFO - Filling up the DagBag from /home/airflow/.local/lib/python3.12/site-packages/airflow/example_dags/example_complex.py
[2025-02-12T01:05:30.077+0000] {processor.py:925} INFO - DAG(s) 'example_complex' retrieved from /home/airflow/.local/lib/python3.12/site-packages/airflow/example_dags/example_complex.py
[2025-02-12T01:05:30.115+0000] {logging_mixin.py:190} INFO - [2025-02-12T01:05:30.115+0000] {dag.py:3239} INFO - Sync 1 DAGs
[2025-02-12T01:05:30.133+0000] {logging_mixin.py:190} INFO - [2025-02-12T01:05:30.132+0000] {dag.py:4180} INFO - Setting next_dagrun for example_complex to None, run_after=None
[2025-02-12T01:05:30.156+0000] {processor.py:208} INFO - Processing /home/airflow/.local/lib/python3.12/site-packages/airflow/example_dags/example_complex.py took 0.109 seconds
[2025-02-12T01:06:01.865+0000] {processor.py:186} INFO - Started process (PID=324) to work on /home/airflow/.local/lib/python3.12/site-packages/airflow/example_dags/example_complex.py
[2025-02-12T01:06:01.865+0000] {processor.py:914} INFO - Processing file /home/airflow/.local/lib/python3.12/site-packages/airflow/example_dags/example_complex.py for tasks to queue
[2025-02-12T01:06:01.868+0000] {logging_mixin.py:190} INFO - [2025-02-12T01:06:01.868+0000] {dagbag.py:588} INFO - Filling up the DagBag from /home/airflow/.local/lib/python3.12/site-packages/airflow/example_dags/example_complex.py
[2025-02-12T01:06:01.887+0000] {processor.py:925} INFO - DAG(s) 'example_complex' retrieved from /home/airflow/.local/lib/python3.12/site-packages/airflow/example_dags/example_complex.py
[2025-02-12T01:06:01.941+0000] {logging_mixin.py:190} INFO - [2025-02-12T01:06:01.941+0000] {dag.py:3239} INFO - Sync 1 DAGs
[2025-02-12T01:06:01.965+0000] {logging_mixin.py:190} INFO - [2025-02-12T01:06:01.965+0000] {dag.py:4180} INFO - Setting next_dagrun for example_complex to None, run_after=None
[2025-02-12T01:06:01.992+0000] {processor.py:208} INFO - Processing /home/airflow/.local/lib/python3.12/site-packages/airflow/example_dags/example_complex.py took 0.134 seconds
[2025-02-12T01:06:33.231+0000] {processor.py:186} INFO - Started process (PID=391) to work on /home/airflow/.local/lib/python3.12/site-packages/airflow/example_dags/example_complex.py
[2025-02-12T01:06:33.232+0000] {processor.py:914} INFO - Processing file /home/airflow/.local/lib/python3.12/site-packages/airflow/example_dags/example_complex.py for tasks to queue
[2025-02-12T01:06:33.234+0000] {logging_mixin.py:190} INFO - [2025-02-12T01:06:33.234+0000] {dagbag.py:588} INFO - Filling up the DagBag from /home/airflow/.local/lib/python3.12/site-packages/airflow/example_dags/example_complex.py
[2025-02-12T01:06:33.247+0000] {processor.py:925} INFO - DAG(s) 'example_complex' retrieved from /home/airflow/.local/lib/python3.12/site-packages/airflow/example_dags/example_complex.py
[2025-02-12T01:06:33.279+0000] {logging_mixin.py:190} INFO - [2025-02-12T01:06:33.279+0000] {dag.py:3239} INFO - Sync 1 DAGs
[2025-02-12T01:06:33.294+0000] {logging_mixin.py:190} INFO - [2025-02-12T01:06:33.294+0000] {dag.py:4180} INFO - Setting next_dagrun for example_complex to None, run_after=None
[2025-02-12T01:06:33.312+0000] {processor.py:208} INFO - Processing /home/airflow/.local/lib/python3.12/site-packages/airflow/example_dags/example_complex.py took 0.087 seconds
[2025-02-12T23:15:00.734+0000] {processor.py:186} INFO - Started process (PID=56) to work on /home/airflow/.local/lib/python3.12/site-packages/airflow/example_dags/example_complex.py
[2025-02-12T23:15:00.736+0000] {processor.py:914} INFO - Processing file /home/airflow/.local/lib/python3.12/site-packages/airflow/example_dags/example_complex.py for tasks to queue
[2025-02-12T23:15:00.738+0000] {logging_mixin.py:190} INFO - [2025-02-12T23:15:00.738+0000] {dagbag.py:588} INFO - Filling up the DagBag from /home/airflow/.local/lib/python3.12/site-packages/airflow/example_dags/example_complex.py
[2025-02-12T23:15:00.756+0000] {processor.py:925} INFO - DAG(s) 'example_complex' retrieved from /home/airflow/.local/lib/python3.12/site-packages/airflow/example_dags/example_complex.py
[2025-02-12T23:15:00.802+0000] {logging_mixin.py:190} INFO - [2025-02-12T23:15:00.801+0000] {dag.py:3239} INFO - Sync 1 DAGs
[2025-02-12T23:15:00.826+0000] {logging_mixin.py:190} INFO - [2025-02-12T23:15:00.826+0000] {dag.py:4180} INFO - Setting next_dagrun for example_complex to None, run_after=None
[2025-02-12T23:15:00.856+0000] {processor.py:208} INFO - Processing /home/airflow/.local/lib/python3.12/site-packages/airflow/example_dags/example_complex.py took 0.129 seconds
[2025-02-12T23:15:31.787+0000] {processor.py:186} INFO - Started process (PID=122) to work on /home/airflow/.local/lib/python3.12/site-packages/airflow/example_dags/example_complex.py
[2025-02-12T23:15:31.788+0000] {processor.py:914} INFO - Processing file /home/airflow/.local/lib/python3.12/site-packages/airflow/example_dags/example_complex.py for tasks to queue
[2025-02-12T23:15:31.791+0000] {logging_mixin.py:190} INFO - [2025-02-12T23:15:31.791+0000] {dagbag.py:588} INFO - Filling up the DagBag from /home/airflow/.local/lib/python3.12/site-packages/airflow/example_dags/example_complex.py
[2025-02-12T23:15:31.807+0000] {processor.py:925} INFO - DAG(s) 'example_complex' retrieved from /home/airflow/.local/lib/python3.12/site-packages/airflow/example_dags/example_complex.py
[2025-02-12T23:15:31.845+0000] {logging_mixin.py:190} INFO - [2025-02-12T23:15:31.845+0000] {dag.py:3239} INFO - Sync 1 DAGs
[2025-02-12T23:15:31.860+0000] {logging_mixin.py:190} INFO - [2025-02-12T23:15:31.860+0000] {dag.py:4180} INFO - Setting next_dagrun for example_complex to None, run_after=None
[2025-02-12T23:15:31.880+0000] {processor.py:208} INFO - Processing /home/airflow/.local/lib/python3.12/site-packages/airflow/example_dags/example_complex.py took 0.100 seconds
[2025-02-12T23:16:02.538+0000] {processor.py:186} INFO - Started process (PID=187) to work on /home/airflow/.local/lib/python3.12/site-packages/airflow/example_dags/example_complex.py
[2025-02-12T23:16:02.539+0000] {processor.py:914} INFO - Processing file /home/airflow/.local/lib/python3.12/site-packages/airflow/example_dags/example_complex.py for tasks to queue
[2025-02-12T23:16:02.542+0000] {logging_mixin.py:190} INFO - [2025-02-12T23:16:02.541+0000] {dagbag.py:588} INFO - Filling up the DagBag from /home/airflow/.local/lib/python3.12/site-packages/airflow/example_dags/example_complex.py
[2025-02-12T23:16:02.553+0000] {processor.py:925} INFO - DAG(s) 'example_complex' retrieved from /home/airflow/.local/lib/python3.12/site-packages/airflow/example_dags/example_complex.py
[2025-02-12T23:16:02.581+0000] {logging_mixin.py:190} INFO - [2025-02-12T23:16:02.580+0000] {dag.py:3239} INFO - Sync 1 DAGs
[2025-02-12T23:16:02.597+0000] {logging_mixin.py:190} INFO - [2025-02-12T23:16:02.597+0000] {dag.py:4180} INFO - Setting next_dagrun for example_complex to None, run_after=None
[2025-02-12T23:16:02.618+0000] {processor.py:208} INFO - Processing /home/airflow/.local/lib/python3.12/site-packages/airflow/example_dags/example_complex.py took 0.085 seconds
[2025-02-12T23:16:44.235+0000] {processor.py:186} INFO - Started process (PID=253) to work on /home/airflow/.local/lib/python3.12/site-packages/airflow/example_dags/example_complex.py
[2025-02-12T23:16:44.238+0000] {processor.py:914} INFO - Processing file /home/airflow/.local/lib/python3.12/site-packages/airflow/example_dags/example_complex.py for tasks to queue
[2025-02-12T23:16:44.252+0000] {logging_mixin.py:190} INFO - [2025-02-12T23:16:44.252+0000] {dagbag.py:588} INFO - Filling up the DagBag from /home/airflow/.local/lib/python3.12/site-packages/airflow/example_dags/example_complex.py
[2025-02-12T23:16:44.297+0000] {processor.py:925} INFO - DAG(s) 'example_complex' retrieved from /home/airflow/.local/lib/python3.12/site-packages/airflow/example_dags/example_complex.py
[2025-02-12T23:16:44.392+0000] {logging_mixin.py:190} INFO - [2025-02-12T23:16:44.392+0000] {dag.py:3239} INFO - Sync 1 DAGs
[2025-02-12T23:16:44.444+0000] {logging_mixin.py:190} INFO - [2025-02-12T23:16:44.443+0000] {dag.py:4180} INFO - Setting next_dagrun for example_complex to None, run_after=None
[2025-02-12T23:16:44.501+0000] {processor.py:208} INFO - Processing /home/airflow/.local/lib/python3.12/site-packages/airflow/example_dags/example_complex.py took 0.274 seconds
[2025-02-12T23:17:15.016+0000] {processor.py:186} INFO - Started process (PID=321) to work on /home/airflow/.local/lib/python3.12/site-packages/airflow/example_dags/example_complex.py
[2025-02-12T23:17:15.019+0000] {processor.py:914} INFO - Processing file /home/airflow/.local/lib/python3.12/site-packages/airflow/example_dags/example_complex.py for tasks to queue
[2025-02-12T23:17:15.022+0000] {logging_mixin.py:190} INFO - [2025-02-12T23:17:15.022+0000] {dagbag.py:588} INFO - Filling up the DagBag from /home/airflow/.local/lib/python3.12/site-packages/airflow/example_dags/example_complex.py
[2025-02-12T23:17:15.043+0000] {processor.py:925} INFO - DAG(s) 'example_complex' retrieved from /home/airflow/.local/lib/python3.12/site-packages/airflow/example_dags/example_complex.py
[2025-02-12T23:17:15.112+0000] {logging_mixin.py:190} INFO - [2025-02-12T23:17:15.111+0000] {dag.py:3239} INFO - Sync 1 DAGs
[2025-02-12T23:17:15.135+0000] {logging_mixin.py:190} INFO - [2025-02-12T23:17:15.135+0000] {dag.py:4180} INFO - Setting next_dagrun for example_complex to None, run_after=None
[2025-02-12T23:17:15.169+0000] {processor.py:208} INFO - Processing /home/airflow/.local/lib/python3.12/site-packages/airflow/example_dags/example_complex.py took 0.160 seconds
[2025-02-12T23:17:45.359+0000] {processor.py:186} INFO - Started process (PID=386) to work on /home/airflow/.local/lib/python3.12/site-packages/airflow/example_dags/example_complex.py
[2025-02-12T23:17:45.360+0000] {processor.py:914} INFO - Processing file /home/airflow/.local/lib/python3.12/site-packages/airflow/example_dags/example_complex.py for tasks to queue
[2025-02-12T23:17:45.363+0000] {logging_mixin.py:190} INFO - [2025-02-12T23:17:45.362+0000] {dagbag.py:588} INFO - Filling up the DagBag from /home/airflow/.local/lib/python3.12/site-packages/airflow/example_dags/example_complex.py
[2025-02-12T23:17:45.376+0000] {processor.py:925} INFO - DAG(s) 'example_complex' retrieved from /home/airflow/.local/lib/python3.12/site-packages/airflow/example_dags/example_complex.py
[2025-02-12T23:17:45.409+0000] {logging_mixin.py:190} INFO - [2025-02-12T23:17:45.409+0000] {dag.py:3239} INFO - Sync 1 DAGs
[2025-02-12T23:17:45.424+0000] {logging_mixin.py:190} INFO - [2025-02-12T23:17:45.424+0000] {dag.py:4180} INFO - Setting next_dagrun for example_complex to None, run_after=None
[2025-02-12T23:17:45.444+0000] {processor.py:208} INFO - Processing /home/airflow/.local/lib/python3.12/site-packages/airflow/example_dags/example_complex.py took 0.092 seconds
[2025-02-12T23:21:51.646+0000] {processor.py:186} INFO - Started process (PID=62) to work on /home/airflow/.local/lib/python3.12/site-packages/airflow/example_dags/example_complex.py
[2025-02-12T23:21:51.665+0000] {processor.py:914} INFO - Processing file /home/airflow/.local/lib/python3.12/site-packages/airflow/example_dags/example_complex.py for tasks to queue
[2025-02-12T23:21:51.788+0000] {logging_mixin.py:190} INFO - [2025-02-12T23:21:51.787+0000] {dagbag.py:588} INFO - Filling up the DagBag from /home/airflow/.local/lib/python3.12/site-packages/airflow/example_dags/example_complex.py
[2025-02-12T23:21:51.838+0000] {processor.py:925} INFO - DAG(s) 'example_complex' retrieved from /home/airflow/.local/lib/python3.12/site-packages/airflow/example_dags/example_complex.py
[2025-02-12T23:21:51.980+0000] {logging_mixin.py:190} INFO - [2025-02-12T23:21:51.979+0000] {dag.py:3239} INFO - Sync 1 DAGs
[2025-02-12T23:21:52.159+0000] {logging_mixin.py:190} INFO - [2025-02-12T23:21:52.158+0000] {dag.py:4180} INFO - Setting next_dagrun for example_complex to None, run_after=None
[2025-02-12T23:21:52.317+0000] {processor.py:208} INFO - Processing /home/airflow/.local/lib/python3.12/site-packages/airflow/example_dags/example_complex.py took 0.691 seconds
[2025-02-12T23:22:25.850+0000] {processor.py:186} INFO - Started process (PID=127) to work on /home/airflow/.local/lib/python3.12/site-packages/airflow/example_dags/example_complex.py
[2025-02-12T23:22:25.865+0000] {processor.py:914} INFO - Processing file /home/airflow/.local/lib/python3.12/site-packages/airflow/example_dags/example_complex.py for tasks to queue
[2025-02-12T23:22:25.869+0000] {logging_mixin.py:190} INFO - [2025-02-12T23:22:25.868+0000] {dagbag.py:588} INFO - Filling up the DagBag from /home/airflow/.local/lib/python3.12/site-packages/airflow/example_dags/example_complex.py
[2025-02-12T23:22:25.920+0000] {processor.py:925} INFO - DAG(s) 'example_complex' retrieved from /home/airflow/.local/lib/python3.12/site-packages/airflow/example_dags/example_complex.py
[2025-02-12T23:22:26.041+0000] {logging_mixin.py:190} INFO - [2025-02-12T23:22:26.041+0000] {dag.py:3239} INFO - Sync 1 DAGs
[2025-02-12T23:22:26.092+0000] {logging_mixin.py:190} INFO - [2025-02-12T23:22:26.092+0000] {dag.py:4180} INFO - Setting next_dagrun for example_complex to None, run_after=None
[2025-02-12T23:22:26.172+0000] {processor.py:208} INFO - Processing /home/airflow/.local/lib/python3.12/site-packages/airflow/example_dags/example_complex.py took 0.341 seconds
[2025-02-12T23:22:58.647+0000] {processor.py:186} INFO - Started process (PID=195) to work on /home/airflow/.local/lib/python3.12/site-packages/airflow/example_dags/example_complex.py
[2025-02-12T23:22:58.649+0000] {processor.py:914} INFO - Processing file /home/airflow/.local/lib/python3.12/site-packages/airflow/example_dags/example_complex.py for tasks to queue
[2025-02-12T23:22:58.662+0000] {logging_mixin.py:190} INFO - [2025-02-12T23:22:58.662+0000] {dagbag.py:588} INFO - Filling up the DagBag from /home/airflow/.local/lib/python3.12/site-packages/airflow/example_dags/example_complex.py
[2025-02-12T23:22:58.711+0000] {processor.py:925} INFO - DAG(s) 'example_complex' retrieved from /home/airflow/.local/lib/python3.12/site-packages/airflow/example_dags/example_complex.py
[2025-02-12T23:22:58.828+0000] {logging_mixin.py:190} INFO - [2025-02-12T23:22:58.828+0000] {dag.py:3239} INFO - Sync 1 DAGs
[2025-02-12T23:22:58.880+0000] {logging_mixin.py:190} INFO - [2025-02-12T23:22:58.879+0000] {dag.py:4180} INFO - Setting next_dagrun for example_complex to None, run_after=None
[2025-02-12T23:22:59.013+0000] {processor.py:208} INFO - Processing /home/airflow/.local/lib/python3.12/site-packages/airflow/example_dags/example_complex.py took 0.385 seconds
[2025-02-12T23:23:30.084+0000] {processor.py:186} INFO - Started process (PID=261) to work on /home/airflow/.local/lib/python3.12/site-packages/airflow/example_dags/example_complex.py
[2025-02-12T23:23:30.086+0000] {processor.py:914} INFO - Processing file /home/airflow/.local/lib/python3.12/site-packages/airflow/example_dags/example_complex.py for tasks to queue
[2025-02-12T23:23:30.089+0000] {logging_mixin.py:190} INFO - [2025-02-12T23:23:30.088+0000] {dagbag.py:588} INFO - Filling up the DagBag from /home/airflow/.local/lib/python3.12/site-packages/airflow/example_dags/example_complex.py
[2025-02-12T23:23:30.107+0000] {processor.py:925} INFO - DAG(s) 'example_complex' retrieved from /home/airflow/.local/lib/python3.12/site-packages/airflow/example_dags/example_complex.py
[2025-02-12T23:23:30.161+0000] {logging_mixin.py:190} INFO - [2025-02-12T23:23:30.161+0000] {dag.py:3239} INFO - Sync 1 DAGs
[2025-02-12T23:23:30.211+0000] {logging_mixin.py:190} INFO - [2025-02-12T23:23:30.201+0000] {dag.py:4180} INFO - Setting next_dagrun for example_complex to None, run_after=None
[2025-02-12T23:23:30.262+0000] {processor.py:208} INFO - Processing /home/airflow/.local/lib/python3.12/site-packages/airflow/example_dags/example_complex.py took 0.187 seconds
[2025-02-12T23:24:03.705+0000] {processor.py:186} INFO - Started process (PID=327) to work on /home/airflow/.local/lib/python3.12/site-packages/airflow/example_dags/example_complex.py
[2025-02-12T23:24:03.706+0000] {processor.py:914} INFO - Processing file /home/airflow/.local/lib/python3.12/site-packages/airflow/example_dags/example_complex.py for tasks to queue
[2025-02-12T23:24:03.711+0000] {logging_mixin.py:190} INFO - [2025-02-12T23:24:03.711+0000] {dagbag.py:588} INFO - Filling up the DagBag from /home/airflow/.local/lib/python3.12/site-packages/airflow/example_dags/example_complex.py
[2025-02-12T23:24:03.732+0000] {processor.py:925} INFO - DAG(s) 'example_complex' retrieved from /home/airflow/.local/lib/python3.12/site-packages/airflow/example_dags/example_complex.py
[2025-02-12T23:24:03.787+0000] {logging_mixin.py:190} INFO - [2025-02-12T23:24:03.787+0000] {dag.py:3239} INFO - Sync 1 DAGs
[2025-02-12T23:24:03.822+0000] {logging_mixin.py:190} INFO - [2025-02-12T23:24:03.822+0000] {dag.py:4180} INFO - Setting next_dagrun for example_complex to None, run_after=None
[2025-02-12T23:24:03.869+0000] {processor.py:208} INFO - Processing /home/airflow/.local/lib/python3.12/site-packages/airflow/example_dags/example_complex.py took 0.174 seconds
[2025-02-12T23:24:35.206+0000] {processor.py:186} INFO - Started process (PID=393) to work on /home/airflow/.local/lib/python3.12/site-packages/airflow/example_dags/example_complex.py
[2025-02-12T23:24:35.208+0000] {processor.py:914} INFO - Processing file /home/airflow/.local/lib/python3.12/site-packages/airflow/example_dags/example_complex.py for tasks to queue
[2025-02-12T23:24:35.214+0000] {logging_mixin.py:190} INFO - [2025-02-12T23:24:35.214+0000] {dagbag.py:588} INFO - Filling up the DagBag from /home/airflow/.local/lib/python3.12/site-packages/airflow/example_dags/example_complex.py
[2025-02-12T23:24:35.250+0000] {processor.py:925} INFO - DAG(s) 'example_complex' retrieved from /home/airflow/.local/lib/python3.12/site-packages/airflow/example_dags/example_complex.py
[2025-02-12T23:24:35.317+0000] {logging_mixin.py:190} INFO - [2025-02-12T23:24:35.316+0000] {dag.py:3239} INFO - Sync 1 DAGs
[2025-02-12T23:24:35.340+0000] {logging_mixin.py:190} INFO - [2025-02-12T23:24:35.339+0000] {dag.py:4180} INFO - Setting next_dagrun for example_complex to None, run_after=None
[2025-02-12T23:24:35.372+0000] {processor.py:208} INFO - Processing /home/airflow/.local/lib/python3.12/site-packages/airflow/example_dags/example_complex.py took 0.180 seconds
[2025-02-12T23:25:05.771+0000] {processor.py:186} INFO - Started process (PID=458) to work on /home/airflow/.local/lib/python3.12/site-packages/airflow/example_dags/example_complex.py
[2025-02-12T23:25:05.773+0000] {processor.py:914} INFO - Processing file /home/airflow/.local/lib/python3.12/site-packages/airflow/example_dags/example_complex.py for tasks to queue
[2025-02-12T23:25:05.775+0000] {logging_mixin.py:190} INFO - [2025-02-12T23:25:05.775+0000] {dagbag.py:588} INFO - Filling up the DagBag from /home/airflow/.local/lib/python3.12/site-packages/airflow/example_dags/example_complex.py
[2025-02-12T23:25:05.791+0000] {processor.py:925} INFO - DAG(s) 'example_complex' retrieved from /home/airflow/.local/lib/python3.12/site-packages/airflow/example_dags/example_complex.py
[2025-02-12T23:25:05.830+0000] {logging_mixin.py:190} INFO - [2025-02-12T23:25:05.830+0000] {dag.py:3239} INFO - Sync 1 DAGs
[2025-02-12T23:25:05.847+0000] {logging_mixin.py:190} INFO - [2025-02-12T23:25:05.847+0000] {dag.py:4180} INFO - Setting next_dagrun for example_complex to None, run_after=None
[2025-02-12T23:25:05.867+0000] {processor.py:208} INFO - Processing /home/airflow/.local/lib/python3.12/site-packages/airflow/example_dags/example_complex.py took 0.103 seconds
[2025-02-12T23:25:36.295+0000] {processor.py:186} INFO - Started process (PID=524) to work on /home/airflow/.local/lib/python3.12/site-packages/airflow/example_dags/example_complex.py
[2025-02-12T23:25:36.296+0000] {processor.py:914} INFO - Processing file /home/airflow/.local/lib/python3.12/site-packages/airflow/example_dags/example_complex.py for tasks to queue
[2025-02-12T23:25:36.299+0000] {logging_mixin.py:190} INFO - [2025-02-12T23:25:36.299+0000] {dagbag.py:588} INFO - Filling up the DagBag from /home/airflow/.local/lib/python3.12/site-packages/airflow/example_dags/example_complex.py
[2025-02-12T23:25:36.316+0000] {processor.py:925} INFO - DAG(s) 'example_complex' retrieved from /home/airflow/.local/lib/python3.12/site-packages/airflow/example_dags/example_complex.py
[2025-02-12T23:25:36.359+0000] {logging_mixin.py:190} INFO - [2025-02-12T23:25:36.359+0000] {dag.py:3239} INFO - Sync 1 DAGs
[2025-02-12T23:25:36.378+0000] {logging_mixin.py:190} INFO - [2025-02-12T23:25:36.377+0000] {dag.py:4180} INFO - Setting next_dagrun for example_complex to None, run_after=None
[2025-02-12T23:25:36.411+0000] {processor.py:208} INFO - Processing /home/airflow/.local/lib/python3.12/site-packages/airflow/example_dags/example_complex.py took 0.123 seconds
[2025-02-12T23:26:06.780+0000] {processor.py:186} INFO - Started process (PID=589) to work on /home/airflow/.local/lib/python3.12/site-packages/airflow/example_dags/example_complex.py
[2025-02-12T23:26:06.781+0000] {processor.py:914} INFO - Processing file /home/airflow/.local/lib/python3.12/site-packages/airflow/example_dags/example_complex.py for tasks to queue
[2025-02-12T23:26:06.784+0000] {logging_mixin.py:190} INFO - [2025-02-12T23:26:06.783+0000] {dagbag.py:588} INFO - Filling up the DagBag from /home/airflow/.local/lib/python3.12/site-packages/airflow/example_dags/example_complex.py
[2025-02-12T23:26:06.797+0000] {processor.py:925} INFO - DAG(s) 'example_complex' retrieved from /home/airflow/.local/lib/python3.12/site-packages/airflow/example_dags/example_complex.py
[2025-02-12T23:26:06.831+0000] {logging_mixin.py:190} INFO - [2025-02-12T23:26:06.831+0000] {dag.py:3239} INFO - Sync 1 DAGs
[2025-02-12T23:26:06.848+0000] {logging_mixin.py:190} INFO - [2025-02-12T23:26:06.848+0000] {dag.py:4180} INFO - Setting next_dagrun for example_complex to None, run_after=None
[2025-02-12T23:26:06.873+0000] {processor.py:208} INFO - Processing /home/airflow/.local/lib/python3.12/site-packages/airflow/example_dags/example_complex.py took 0.100 seconds
[2025-02-12T23:26:37.793+0000] {processor.py:186} INFO - Started process (PID=655) to work on /home/airflow/.local/lib/python3.12/site-packages/airflow/example_dags/example_complex.py
[2025-02-12T23:26:37.795+0000] {processor.py:914} INFO - Processing file /home/airflow/.local/lib/python3.12/site-packages/airflow/example_dags/example_complex.py for tasks to queue
[2025-02-12T23:26:37.797+0000] {logging_mixin.py:190} INFO - [2025-02-12T23:26:37.797+0000] {dagbag.py:588} INFO - Filling up the DagBag from /home/airflow/.local/lib/python3.12/site-packages/airflow/example_dags/example_complex.py
[2025-02-12T23:26:37.812+0000] {processor.py:925} INFO - DAG(s) 'example_complex' retrieved from /home/airflow/.local/lib/python3.12/site-packages/airflow/example_dags/example_complex.py
[2025-02-12T23:26:37.858+0000] {logging_mixin.py:190} INFO - [2025-02-12T23:26:37.858+0000] {dag.py:3239} INFO - Sync 1 DAGs
[2025-02-12T23:26:37.882+0000] {logging_mixin.py:190} INFO - [2025-02-12T23:26:37.881+0000] {dag.py:4180} INFO - Setting next_dagrun for example_complex to None, run_after=None
[2025-02-12T23:26:37.910+0000] {processor.py:208} INFO - Processing /home/airflow/.local/lib/python3.12/site-packages/airflow/example_dags/example_complex.py took 0.124 seconds
[2025-02-12T23:27:08.558+0000] {processor.py:186} INFO - Started process (PID=721) to work on /home/airflow/.local/lib/python3.12/site-packages/airflow/example_dags/example_complex.py
[2025-02-12T23:27:08.559+0000] {processor.py:914} INFO - Processing file /home/airflow/.local/lib/python3.12/site-packages/airflow/example_dags/example_complex.py for tasks to queue
[2025-02-12T23:27:08.561+0000] {logging_mixin.py:190} INFO - [2025-02-12T23:27:08.561+0000] {dagbag.py:588} INFO - Filling up the DagBag from /home/airflow/.local/lib/python3.12/site-packages/airflow/example_dags/example_complex.py
[2025-02-12T23:27:08.573+0000] {processor.py:925} INFO - DAG(s) 'example_complex' retrieved from /home/airflow/.local/lib/python3.12/site-packages/airflow/example_dags/example_complex.py
[2025-02-12T23:27:08.610+0000] {logging_mixin.py:190} INFO - [2025-02-12T23:27:08.610+0000] {dag.py:3239} INFO - Sync 1 DAGs
[2025-02-12T23:27:08.630+0000] {logging_mixin.py:190} INFO - [2025-02-12T23:27:08.630+0000] {dag.py:4180} INFO - Setting next_dagrun for example_complex to None, run_after=None
[2025-02-12T23:27:08.653+0000] {processor.py:208} INFO - Processing /home/airflow/.local/lib/python3.12/site-packages/airflow/example_dags/example_complex.py took 0.100 seconds
[2025-02-12T23:27:39.287+0000] {processor.py:186} INFO - Started process (PID=787) to work on /home/airflow/.local/lib/python3.12/site-packages/airflow/example_dags/example_complex.py
[2025-02-12T23:27:39.288+0000] {processor.py:914} INFO - Processing file /home/airflow/.local/lib/python3.12/site-packages/airflow/example_dags/example_complex.py for tasks to queue
[2025-02-12T23:27:39.291+0000] {logging_mixin.py:190} INFO - [2025-02-12T23:27:39.291+0000] {dagbag.py:588} INFO - Filling up the DagBag from /home/airflow/.local/lib/python3.12/site-packages/airflow/example_dags/example_complex.py
[2025-02-12T23:27:39.311+0000] {processor.py:925} INFO - DAG(s) 'example_complex' retrieved from /home/airflow/.local/lib/python3.12/site-packages/airflow/example_dags/example_complex.py
[2025-02-12T23:27:39.454+0000] {logging_mixin.py:190} INFO - [2025-02-12T23:27:39.453+0000] {dag.py:3239} INFO - Sync 1 DAGs
[2025-02-12T23:27:39.497+0000] {logging_mixin.py:190} INFO - [2025-02-12T23:27:39.497+0000] {dag.py:4180} INFO - Setting next_dagrun for example_complex to None, run_after=None
[2025-02-12T23:27:39.546+0000] {processor.py:208} INFO - Processing /home/airflow/.local/lib/python3.12/site-packages/airflow/example_dags/example_complex.py took 0.270 seconds
[2025-02-12T23:28:09.915+0000] {processor.py:186} INFO - Started process (PID=852) to work on /home/airflow/.local/lib/python3.12/site-packages/airflow/example_dags/example_complex.py
[2025-02-12T23:28:09.916+0000] {processor.py:914} INFO - Processing file /home/airflow/.local/lib/python3.12/site-packages/airflow/example_dags/example_complex.py for tasks to queue
[2025-02-12T23:28:09.919+0000] {logging_mixin.py:190} INFO - [2025-02-12T23:28:09.918+0000] {dagbag.py:588} INFO - Filling up the DagBag from /home/airflow/.local/lib/python3.12/site-packages/airflow/example_dags/example_complex.py
[2025-02-12T23:28:09.950+0000] {processor.py:925} INFO - DAG(s) 'example_complex' retrieved from /home/airflow/.local/lib/python3.12/site-packages/airflow/example_dags/example_complex.py
[2025-02-12T23:28:09.987+0000] {logging_mixin.py:190} INFO - [2025-02-12T23:28:09.987+0000] {dag.py:3239} INFO - Sync 1 DAGs
[2025-02-12T23:28:10.005+0000] {logging_mixin.py:190} INFO - [2025-02-12T23:28:10.005+0000] {dag.py:4180} INFO - Setting next_dagrun for example_complex to None, run_after=None
[2025-02-12T23:28:10.026+0000] {processor.py:208} INFO - Processing /home/airflow/.local/lib/python3.12/site-packages/airflow/example_dags/example_complex.py took 0.119 seconds
[2025-02-12T23:28:40.405+0000] {processor.py:186} INFO - Started process (PID=919) to work on /home/airflow/.local/lib/python3.12/site-packages/airflow/example_dags/example_complex.py
[2025-02-12T23:28:40.406+0000] {processor.py:914} INFO - Processing file /home/airflow/.local/lib/python3.12/site-packages/airflow/example_dags/example_complex.py for tasks to queue
[2025-02-12T23:28:40.409+0000] {logging_mixin.py:190} INFO - [2025-02-12T23:28:40.409+0000] {dagbag.py:588} INFO - Filling up the DagBag from /home/airflow/.local/lib/python3.12/site-packages/airflow/example_dags/example_complex.py
[2025-02-12T23:28:40.422+0000] {processor.py:925} INFO - DAG(s) 'example_complex' retrieved from /home/airflow/.local/lib/python3.12/site-packages/airflow/example_dags/example_complex.py
[2025-02-12T23:28:40.458+0000] {logging_mixin.py:190} INFO - [2025-02-12T23:28:40.458+0000] {dag.py:3239} INFO - Sync 1 DAGs
[2025-02-12T23:28:40.473+0000] {logging_mixin.py:190} INFO - [2025-02-12T23:28:40.473+0000] {dag.py:4180} INFO - Setting next_dagrun for example_complex to None, run_after=None
[2025-02-12T23:28:40.494+0000] {processor.py:208} INFO - Processing /home/airflow/.local/lib/python3.12/site-packages/airflow/example_dags/example_complex.py took 0.096 seconds
[2025-02-12T23:29:11.038+0000] {processor.py:186} INFO - Started process (PID=985) to work on /home/airflow/.local/lib/python3.12/site-packages/airflow/example_dags/example_complex.py
[2025-02-12T23:29:11.043+0000] {processor.py:914} INFO - Processing file /home/airflow/.local/lib/python3.12/site-packages/airflow/example_dags/example_complex.py for tasks to queue
[2025-02-12T23:29:11.046+0000] {logging_mixin.py:190} INFO - [2025-02-12T23:29:11.046+0000] {dagbag.py:588} INFO - Filling up the DagBag from /home/airflow/.local/lib/python3.12/site-packages/airflow/example_dags/example_complex.py
[2025-02-12T23:29:11.066+0000] {processor.py:925} INFO - DAG(s) 'example_complex' retrieved from /home/airflow/.local/lib/python3.12/site-packages/airflow/example_dags/example_complex.py
[2025-02-12T23:29:11.120+0000] {logging_mixin.py:190} INFO - [2025-02-12T23:29:11.120+0000] {dag.py:3239} INFO - Sync 1 DAGs
[2025-02-12T23:29:11.144+0000] {logging_mixin.py:190} INFO - [2025-02-12T23:29:11.144+0000] {dag.py:4180} INFO - Setting next_dagrun for example_complex to None, run_after=None
[2025-02-12T23:29:11.181+0000] {processor.py:208} INFO - Processing /home/airflow/.local/lib/python3.12/site-packages/airflow/example_dags/example_complex.py took 0.151 seconds
[2025-02-12T23:29:42.001+0000] {processor.py:186} INFO - Started process (PID=1051) to work on /home/airflow/.local/lib/python3.12/site-packages/airflow/example_dags/example_complex.py
[2025-02-12T23:29:42.002+0000] {processor.py:914} INFO - Processing file /home/airflow/.local/lib/python3.12/site-packages/airflow/example_dags/example_complex.py for tasks to queue
[2025-02-12T23:29:42.004+0000] {logging_mixin.py:190} INFO - [2025-02-12T23:29:42.004+0000] {dagbag.py:588} INFO - Filling up the DagBag from /home/airflow/.local/lib/python3.12/site-packages/airflow/example_dags/example_complex.py
[2025-02-12T23:29:42.017+0000] {processor.py:925} INFO - DAG(s) 'example_complex' retrieved from /home/airflow/.local/lib/python3.12/site-packages/airflow/example_dags/example_complex.py
[2025-02-12T23:29:42.050+0000] {logging_mixin.py:190} INFO - [2025-02-12T23:29:42.050+0000] {dag.py:3239} INFO - Sync 1 DAGs
[2025-02-12T23:29:42.068+0000] {logging_mixin.py:190} INFO - [2025-02-12T23:29:42.068+0000] {dag.py:4180} INFO - Setting next_dagrun for example_complex to None, run_after=None
[2025-02-12T23:29:42.094+0000] {processor.py:208} INFO - Processing /home/airflow/.local/lib/python3.12/site-packages/airflow/example_dags/example_complex.py took 0.101 seconds
[2025-02-12T23:30:12.966+0000] {processor.py:186} INFO - Started process (PID=1117) to work on /home/airflow/.local/lib/python3.12/site-packages/airflow/example_dags/example_complex.py
[2025-02-12T23:30:12.968+0000] {processor.py:914} INFO - Processing file /home/airflow/.local/lib/python3.12/site-packages/airflow/example_dags/example_complex.py for tasks to queue
[2025-02-12T23:30:12.971+0000] {logging_mixin.py:190} INFO - [2025-02-12T23:30:12.970+0000] {dagbag.py:588} INFO - Filling up the DagBag from /home/airflow/.local/lib/python3.12/site-packages/airflow/example_dags/example_complex.py
[2025-02-12T23:30:13.005+0000] {processor.py:925} INFO - DAG(s) 'example_complex' retrieved from /home/airflow/.local/lib/python3.12/site-packages/airflow/example_dags/example_complex.py
[2025-02-12T23:30:13.050+0000] {logging_mixin.py:190} INFO - [2025-02-12T23:30:13.049+0000] {dag.py:3239} INFO - Sync 1 DAGs
[2025-02-12T23:30:13.070+0000] {logging_mixin.py:190} INFO - [2025-02-12T23:30:13.070+0000] {dag.py:4180} INFO - Setting next_dagrun for example_complex to None, run_after=None
[2025-02-12T23:30:13.106+0000] {processor.py:208} INFO - Processing /home/airflow/.local/lib/python3.12/site-packages/airflow/example_dags/example_complex.py took 0.151 seconds
[2025-02-12T23:30:44.064+0000] {processor.py:186} INFO - Started process (PID=1183) to work on /home/airflow/.local/lib/python3.12/site-packages/airflow/example_dags/example_complex.py
[2025-02-12T23:30:44.065+0000] {processor.py:914} INFO - Processing file /home/airflow/.local/lib/python3.12/site-packages/airflow/example_dags/example_complex.py for tasks to queue
[2025-02-12T23:30:44.068+0000] {logging_mixin.py:190} INFO - [2025-02-12T23:30:44.067+0000] {dagbag.py:588} INFO - Filling up the DagBag from /home/airflow/.local/lib/python3.12/site-packages/airflow/example_dags/example_complex.py
[2025-02-12T23:30:44.088+0000] {processor.py:925} INFO - DAG(s) 'example_complex' retrieved from /home/airflow/.local/lib/python3.12/site-packages/airflow/example_dags/example_complex.py
[2025-02-12T23:30:44.126+0000] {logging_mixin.py:190} INFO - [2025-02-12T23:30:44.125+0000] {dag.py:3239} INFO - Sync 1 DAGs
[2025-02-12T23:30:44.144+0000] {logging_mixin.py:190} INFO - [2025-02-12T23:30:44.144+0000] {dag.py:4180} INFO - Setting next_dagrun for example_complex to None, run_after=None
[2025-02-12T23:30:44.167+0000] {processor.py:208} INFO - Processing /home/airflow/.local/lib/python3.12/site-packages/airflow/example_dags/example_complex.py took 0.112 seconds
[2025-02-12T23:31:14.573+0000] {processor.py:186} INFO - Started process (PID=1249) to work on /home/airflow/.local/lib/python3.12/site-packages/airflow/example_dags/example_complex.py
[2025-02-12T23:31:14.574+0000] {processor.py:914} INFO - Processing file /home/airflow/.local/lib/python3.12/site-packages/airflow/example_dags/example_complex.py for tasks to queue
[2025-02-12T23:31:14.577+0000] {logging_mixin.py:190} INFO - [2025-02-12T23:31:14.577+0000] {dagbag.py:588} INFO - Filling up the DagBag from /home/airflow/.local/lib/python3.12/site-packages/airflow/example_dags/example_complex.py
[2025-02-12T23:31:14.600+0000] {processor.py:925} INFO - DAG(s) 'example_complex' retrieved from /home/airflow/.local/lib/python3.12/site-packages/airflow/example_dags/example_complex.py
[2025-02-12T23:31:14.648+0000] {logging_mixin.py:190} INFO - [2025-02-12T23:31:14.644+0000] {dag.py:3239} INFO - Sync 1 DAGs
[2025-02-12T23:31:14.690+0000] {logging_mixin.py:190} INFO - [2025-02-12T23:31:14.690+0000] {dag.py:4180} INFO - Setting next_dagrun for example_complex to None, run_after=None
[2025-02-12T23:31:14.722+0000] {processor.py:208} INFO - Processing /home/airflow/.local/lib/python3.12/site-packages/airflow/example_dags/example_complex.py took 0.154 seconds
[2025-02-12T23:31:45.009+0000] {processor.py:186} INFO - Started process (PID=1315) to work on /home/airflow/.local/lib/python3.12/site-packages/airflow/example_dags/example_complex.py
[2025-02-12T23:31:45.011+0000] {processor.py:914} INFO - Processing file /home/airflow/.local/lib/python3.12/site-packages/airflow/example_dags/example_complex.py for tasks to queue
[2025-02-12T23:31:45.014+0000] {logging_mixin.py:190} INFO - [2025-02-12T23:31:45.014+0000] {dagbag.py:588} INFO - Filling up the DagBag from /home/airflow/.local/lib/python3.12/site-packages/airflow/example_dags/example_complex.py
[2025-02-12T23:31:45.026+0000] {processor.py:925} INFO - DAG(s) 'example_complex' retrieved from /home/airflow/.local/lib/python3.12/site-packages/airflow/example_dags/example_complex.py
[2025-02-12T23:31:45.059+0000] {logging_mixin.py:190} INFO - [2025-02-12T23:31:45.059+0000] {dag.py:3239} INFO - Sync 1 DAGs
[2025-02-12T23:31:45.078+0000] {logging_mixin.py:190} INFO - [2025-02-12T23:31:45.078+0000] {dag.py:4180} INFO - Setting next_dagrun for example_complex to None, run_after=None
[2025-02-12T23:31:45.101+0000] {processor.py:208} INFO - Processing /home/airflow/.local/lib/python3.12/site-packages/airflow/example_dags/example_complex.py took 0.097 seconds
[2025-02-12T23:32:15.443+0000] {processor.py:186} INFO - Started process (PID=1381) to work on /home/airflow/.local/lib/python3.12/site-packages/airflow/example_dags/example_complex.py
[2025-02-12T23:32:15.446+0000] {processor.py:914} INFO - Processing file /home/airflow/.local/lib/python3.12/site-packages/airflow/example_dags/example_complex.py for tasks to queue
[2025-02-12T23:32:15.449+0000] {logging_mixin.py:190} INFO - [2025-02-12T23:32:15.448+0000] {dagbag.py:588} INFO - Filling up the DagBag from /home/airflow/.local/lib/python3.12/site-packages/airflow/example_dags/example_complex.py
[2025-02-12T23:32:15.460+0000] {processor.py:925} INFO - DAG(s) 'example_complex' retrieved from /home/airflow/.local/lib/python3.12/site-packages/airflow/example_dags/example_complex.py
[2025-02-12T23:32:15.505+0000] {logging_mixin.py:190} INFO - [2025-02-12T23:32:15.505+0000] {dag.py:3239} INFO - Sync 1 DAGs
[2025-02-12T23:32:15.524+0000] {logging_mixin.py:190} INFO - [2025-02-12T23:32:15.524+0000] {dag.py:4180} INFO - Setting next_dagrun for example_complex to None, run_after=None
[2025-02-12T23:32:15.551+0000] {processor.py:208} INFO - Processing /home/airflow/.local/lib/python3.12/site-packages/airflow/example_dags/example_complex.py took 0.115 seconds
[2025-02-12T23:32:45.623+0000] {processor.py:186} INFO - Started process (PID=1447) to work on /home/airflow/.local/lib/python3.12/site-packages/airflow/example_dags/example_complex.py
[2025-02-12T23:32:45.624+0000] {processor.py:914} INFO - Processing file /home/airflow/.local/lib/python3.12/site-packages/airflow/example_dags/example_complex.py for tasks to queue
[2025-02-12T23:32:45.626+0000] {logging_mixin.py:190} INFO - [2025-02-12T23:32:45.626+0000] {dagbag.py:588} INFO - Filling up the DagBag from /home/airflow/.local/lib/python3.12/site-packages/airflow/example_dags/example_complex.py
[2025-02-12T23:32:45.643+0000] {processor.py:925} INFO - DAG(s) 'example_complex' retrieved from /home/airflow/.local/lib/python3.12/site-packages/airflow/example_dags/example_complex.py
[2025-02-12T23:32:45.682+0000] {logging_mixin.py:190} INFO - [2025-02-12T23:32:45.681+0000] {dag.py:3239} INFO - Sync 1 DAGs
[2025-02-12T23:32:45.701+0000] {logging_mixin.py:190} INFO - [2025-02-12T23:32:45.700+0000] {dag.py:4180} INFO - Setting next_dagrun for example_complex to None, run_after=None
[2025-02-12T23:32:45.727+0000] {processor.py:208} INFO - Processing /home/airflow/.local/lib/python3.12/site-packages/airflow/example_dags/example_complex.py took 0.112 seconds
[2025-02-12T23:33:15.889+0000] {processor.py:186} INFO - Started process (PID=1513) to work on /home/airflow/.local/lib/python3.12/site-packages/airflow/example_dags/example_complex.py
[2025-02-12T23:33:15.890+0000] {processor.py:914} INFO - Processing file /home/airflow/.local/lib/python3.12/site-packages/airflow/example_dags/example_complex.py for tasks to queue
[2025-02-12T23:33:15.894+0000] {logging_mixin.py:190} INFO - [2025-02-12T23:33:15.893+0000] {dagbag.py:588} INFO - Filling up the DagBag from /home/airflow/.local/lib/python3.12/site-packages/airflow/example_dags/example_complex.py
[2025-02-12T23:33:15.914+0000] {processor.py:925} INFO - DAG(s) 'example_complex' retrieved from /home/airflow/.local/lib/python3.12/site-packages/airflow/example_dags/example_complex.py
[2025-02-12T23:33:15.984+0000] {logging_mixin.py:190} INFO - [2025-02-12T23:33:15.984+0000] {dag.py:3239} INFO - Sync 1 DAGs
[2025-02-12T23:33:16.007+0000] {logging_mixin.py:190} INFO - [2025-02-12T23:33:16.007+0000] {dag.py:4180} INFO - Setting next_dagrun for example_complex to None, run_after=None
[2025-02-12T23:33:16.038+0000] {processor.py:208} INFO - Processing /home/airflow/.local/lib/python3.12/site-packages/airflow/example_dags/example_complex.py took 0.157 seconds
[2025-02-12T23:33:46.828+0000] {processor.py:186} INFO - Started process (PID=1579) to work on /home/airflow/.local/lib/python3.12/site-packages/airflow/example_dags/example_complex.py
[2025-02-12T23:33:46.831+0000] {processor.py:914} INFO - Processing file /home/airflow/.local/lib/python3.12/site-packages/airflow/example_dags/example_complex.py for tasks to queue
[2025-02-12T23:33:46.834+0000] {logging_mixin.py:190} INFO - [2025-02-12T23:33:46.834+0000] {dagbag.py:588} INFO - Filling up the DagBag from /home/airflow/.local/lib/python3.12/site-packages/airflow/example_dags/example_complex.py
[2025-02-12T23:33:46.851+0000] {processor.py:925} INFO - DAG(s) 'example_complex' retrieved from /home/airflow/.local/lib/python3.12/site-packages/airflow/example_dags/example_complex.py
[2025-02-12T23:33:46.889+0000] {logging_mixin.py:190} INFO - [2025-02-12T23:33:46.889+0000] {dag.py:3239} INFO - Sync 1 DAGs
[2025-02-12T23:33:46.909+0000] {logging_mixin.py:190} INFO - [2025-02-12T23:33:46.909+0000] {dag.py:4180} INFO - Setting next_dagrun for example_complex to None, run_after=None
[2025-02-12T23:33:46.949+0000] {processor.py:208} INFO - Processing /home/airflow/.local/lib/python3.12/site-packages/airflow/example_dags/example_complex.py took 0.127 seconds
[2025-02-12T23:34:17.199+0000] {processor.py:186} INFO - Started process (PID=1645) to work on /home/airflow/.local/lib/python3.12/site-packages/airflow/example_dags/example_complex.py
[2025-02-12T23:34:17.201+0000] {processor.py:914} INFO - Processing file /home/airflow/.local/lib/python3.12/site-packages/airflow/example_dags/example_complex.py for tasks to queue
[2025-02-12T23:34:17.205+0000] {logging_mixin.py:190} INFO - [2025-02-12T23:34:17.205+0000] {dagbag.py:588} INFO - Filling up the DagBag from /home/airflow/.local/lib/python3.12/site-packages/airflow/example_dags/example_complex.py
[2025-02-12T23:34:17.229+0000] {processor.py:925} INFO - DAG(s) 'example_complex' retrieved from /home/airflow/.local/lib/python3.12/site-packages/airflow/example_dags/example_complex.py
[2025-02-12T23:34:17.305+0000] {logging_mixin.py:190} INFO - [2025-02-12T23:34:17.304+0000] {dag.py:3239} INFO - Sync 1 DAGs
[2025-02-12T23:34:17.341+0000] {logging_mixin.py:190} INFO - [2025-02-12T23:34:17.340+0000] {dag.py:4180} INFO - Setting next_dagrun for example_complex to None, run_after=None
[2025-02-12T23:34:17.378+0000] {processor.py:208} INFO - Processing /home/airflow/.local/lib/python3.12/site-packages/airflow/example_dags/example_complex.py took 0.188 seconds
[2025-02-12T23:34:47.541+0000] {processor.py:186} INFO - Started process (PID=1711) to work on /home/airflow/.local/lib/python3.12/site-packages/airflow/example_dags/example_complex.py
[2025-02-12T23:34:47.546+0000] {processor.py:914} INFO - Processing file /home/airflow/.local/lib/python3.12/site-packages/airflow/example_dags/example_complex.py for tasks to queue
[2025-02-12T23:34:47.549+0000] {logging_mixin.py:190} INFO - [2025-02-12T23:34:47.549+0000] {dagbag.py:588} INFO - Filling up the DagBag from /home/airflow/.local/lib/python3.12/site-packages/airflow/example_dags/example_complex.py
[2025-02-12T23:34:47.570+0000] {processor.py:925} INFO - DAG(s) 'example_complex' retrieved from /home/airflow/.local/lib/python3.12/site-packages/airflow/example_dags/example_complex.py
[2025-02-12T23:34:47.621+0000] {logging_mixin.py:190} INFO - [2025-02-12T23:34:47.620+0000] {dag.py:3239} INFO - Sync 1 DAGs
[2025-02-12T23:34:47.640+0000] {logging_mixin.py:190} INFO - [2025-02-12T23:34:47.640+0000] {dag.py:4180} INFO - Setting next_dagrun for example_complex to None, run_after=None
[2025-02-12T23:34:47.682+0000] {processor.py:208} INFO - Processing /home/airflow/.local/lib/python3.12/site-packages/airflow/example_dags/example_complex.py took 0.148 seconds
[2025-02-12T23:35:18.100+0000] {processor.py:186} INFO - Started process (PID=1777) to work on /home/airflow/.local/lib/python3.12/site-packages/airflow/example_dags/example_complex.py
[2025-02-12T23:35:18.101+0000] {processor.py:914} INFO - Processing file /home/airflow/.local/lib/python3.12/site-packages/airflow/example_dags/example_complex.py for tasks to queue
[2025-02-12T23:35:18.105+0000] {logging_mixin.py:190} INFO - [2025-02-12T23:35:18.104+0000] {dagbag.py:588} INFO - Filling up the DagBag from /home/airflow/.local/lib/python3.12/site-packages/airflow/example_dags/example_complex.py
[2025-02-12T23:35:18.127+0000] {processor.py:925} INFO - DAG(s) 'example_complex' retrieved from /home/airflow/.local/lib/python3.12/site-packages/airflow/example_dags/example_complex.py
[2025-02-12T23:35:18.175+0000] {logging_mixin.py:190} INFO - [2025-02-12T23:35:18.175+0000] {dag.py:3239} INFO - Sync 1 DAGs
[2025-02-12T23:35:18.200+0000] {logging_mixin.py:190} INFO - [2025-02-12T23:35:18.200+0000] {dag.py:4180} INFO - Setting next_dagrun for example_complex to None, run_after=None
[2025-02-12T23:35:18.229+0000] {processor.py:208} INFO - Processing /home/airflow/.local/lib/python3.12/site-packages/airflow/example_dags/example_complex.py took 0.143 seconds
[2025-02-12T23:35:49.573+0000] {processor.py:186} INFO - Started process (PID=1844) to work on /home/airflow/.local/lib/python3.12/site-packages/airflow/example_dags/example_complex.py
[2025-02-12T23:35:49.579+0000] {processor.py:914} INFO - Processing file /home/airflow/.local/lib/python3.12/site-packages/airflow/example_dags/example_complex.py for tasks to queue
[2025-02-12T23:35:49.592+0000] {logging_mixin.py:190} INFO - [2025-02-12T23:35:49.591+0000] {dagbag.py:588} INFO - Filling up the DagBag from /home/airflow/.local/lib/python3.12/site-packages/airflow/example_dags/example_complex.py
[2025-02-12T23:35:49.621+0000] {processor.py:925} INFO - DAG(s) 'example_complex' retrieved from /home/airflow/.local/lib/python3.12/site-packages/airflow/example_dags/example_complex.py
[2025-02-12T23:35:49.728+0000] {logging_mixin.py:190} INFO - [2025-02-12T23:35:49.727+0000] {dag.py:3239} INFO - Sync 1 DAGs
[2025-02-12T23:35:49.763+0000] {logging_mixin.py:190} INFO - [2025-02-12T23:35:49.763+0000] {dag.py:4180} INFO - Setting next_dagrun for example_complex to None, run_after=None
[2025-02-12T23:35:49.801+0000] {processor.py:208} INFO - Processing /home/airflow/.local/lib/python3.12/site-packages/airflow/example_dags/example_complex.py took 0.240 seconds
[2025-02-12T23:36:21.193+0000] {processor.py:186} INFO - Started process (PID=1910) to work on /home/airflow/.local/lib/python3.12/site-packages/airflow/example_dags/example_complex.py
[2025-02-12T23:36:21.203+0000] {processor.py:914} INFO - Processing file /home/airflow/.local/lib/python3.12/site-packages/airflow/example_dags/example_complex.py for tasks to queue
[2025-02-12T23:36:21.226+0000] {logging_mixin.py:190} INFO - [2025-02-12T23:36:21.225+0000] {dagbag.py:588} INFO - Filling up the DagBag from /home/airflow/.local/lib/python3.12/site-packages/airflow/example_dags/example_complex.py
[2025-02-12T23:36:21.276+0000] {processor.py:925} INFO - DAG(s) 'example_complex' retrieved from /home/airflow/.local/lib/python3.12/site-packages/airflow/example_dags/example_complex.py
[2025-02-12T23:36:21.383+0000] {logging_mixin.py:190} INFO - [2025-02-12T23:36:21.383+0000] {dag.py:3239} INFO - Sync 1 DAGs
[2025-02-12T23:36:21.446+0000] {logging_mixin.py:190} INFO - [2025-02-12T23:36:21.446+0000] {dag.py:4180} INFO - Setting next_dagrun for example_complex to None, run_after=None
[2025-02-12T23:36:21.531+0000] {processor.py:208} INFO - Processing /home/airflow/.local/lib/python3.12/site-packages/airflow/example_dags/example_complex.py took 0.362 seconds
[2025-02-12T23:36:51.886+0000] {processor.py:186} INFO - Started process (PID=1974) to work on /home/airflow/.local/lib/python3.12/site-packages/airflow/example_dags/example_complex.py
[2025-02-12T23:36:51.887+0000] {processor.py:914} INFO - Processing file /home/airflow/.local/lib/python3.12/site-packages/airflow/example_dags/example_complex.py for tasks to queue
[2025-02-12T23:36:51.890+0000] {logging_mixin.py:190} INFO - [2025-02-12T23:36:51.890+0000] {dagbag.py:588} INFO - Filling up the DagBag from /home/airflow/.local/lib/python3.12/site-packages/airflow/example_dags/example_complex.py
[2025-02-12T23:36:51.903+0000] {processor.py:925} INFO - DAG(s) 'example_complex' retrieved from /home/airflow/.local/lib/python3.12/site-packages/airflow/example_dags/example_complex.py
[2025-02-12T23:36:51.934+0000] {logging_mixin.py:190} INFO - [2025-02-12T23:36:51.934+0000] {dag.py:3239} INFO - Sync 1 DAGs
[2025-02-12T23:36:51.950+0000] {logging_mixin.py:190} INFO - [2025-02-12T23:36:51.950+0000] {dag.py:4180} INFO - Setting next_dagrun for example_complex to None, run_after=None
[2025-02-12T23:36:51.971+0000] {processor.py:208} INFO - Processing /home/airflow/.local/lib/python3.12/site-packages/airflow/example_dags/example_complex.py took 0.090 seconds
[2025-02-12T23:37:22.052+0000] {processor.py:186} INFO - Started process (PID=2040) to work on /home/airflow/.local/lib/python3.12/site-packages/airflow/example_dags/example_complex.py
[2025-02-12T23:37:22.053+0000] {processor.py:914} INFO - Processing file /home/airflow/.local/lib/python3.12/site-packages/airflow/example_dags/example_complex.py for tasks to queue
[2025-02-12T23:37:22.056+0000] {logging_mixin.py:190} INFO - [2025-02-12T23:37:22.055+0000] {dagbag.py:588} INFO - Filling up the DagBag from /home/airflow/.local/lib/python3.12/site-packages/airflow/example_dags/example_complex.py
[2025-02-12T23:37:22.075+0000] {processor.py:925} INFO - DAG(s) 'example_complex' retrieved from /home/airflow/.local/lib/python3.12/site-packages/airflow/example_dags/example_complex.py
[2025-02-12T23:37:22.119+0000] {logging_mixin.py:190} INFO - [2025-02-12T23:37:22.119+0000] {dag.py:3239} INFO - Sync 1 DAGs
[2025-02-12T23:37:22.172+0000] {logging_mixin.py:190} INFO - [2025-02-12T23:37:22.171+0000] {dag.py:4180} INFO - Setting next_dagrun for example_complex to None, run_after=None
[2025-02-12T23:37:22.254+0000] {processor.py:208} INFO - Processing /home/airflow/.local/lib/python3.12/site-packages/airflow/example_dags/example_complex.py took 0.209 seconds
[2025-02-12T23:37:52.403+0000] {processor.py:186} INFO - Started process (PID=2107) to work on /home/airflow/.local/lib/python3.12/site-packages/airflow/example_dags/example_complex.py
[2025-02-12T23:37:52.404+0000] {processor.py:914} INFO - Processing file /home/airflow/.local/lib/python3.12/site-packages/airflow/example_dags/example_complex.py for tasks to queue
[2025-02-12T23:37:52.408+0000] {logging_mixin.py:190} INFO - [2025-02-12T23:37:52.407+0000] {dagbag.py:588} INFO - Filling up the DagBag from /home/airflow/.local/lib/python3.12/site-packages/airflow/example_dags/example_complex.py
[2025-02-12T23:37:52.421+0000] {processor.py:925} INFO - DAG(s) 'example_complex' retrieved from /home/airflow/.local/lib/python3.12/site-packages/airflow/example_dags/example_complex.py
[2025-02-12T23:37:52.460+0000] {logging_mixin.py:190} INFO - [2025-02-12T23:37:52.459+0000] {dag.py:3239} INFO - Sync 1 DAGs
[2025-02-12T23:37:52.476+0000] {logging_mixin.py:190} INFO - [2025-02-12T23:37:52.476+0000] {dag.py:4180} INFO - Setting next_dagrun for example_complex to None, run_after=None
[2025-02-12T23:37:52.497+0000] {processor.py:208} INFO - Processing /home/airflow/.local/lib/python3.12/site-packages/airflow/example_dags/example_complex.py took 0.100 seconds
[2025-02-12T23:38:23.369+0000] {processor.py:186} INFO - Started process (PID=2172) to work on /home/airflow/.local/lib/python3.12/site-packages/airflow/example_dags/example_complex.py
[2025-02-12T23:38:23.371+0000] {processor.py:914} INFO - Processing file /home/airflow/.local/lib/python3.12/site-packages/airflow/example_dags/example_complex.py for tasks to queue
[2025-02-12T23:38:23.375+0000] {logging_mixin.py:190} INFO - [2025-02-12T23:38:23.374+0000] {dagbag.py:588} INFO - Filling up the DagBag from /home/airflow/.local/lib/python3.12/site-packages/airflow/example_dags/example_complex.py
[2025-02-12T23:38:23.390+0000] {processor.py:925} INFO - DAG(s) 'example_complex' retrieved from /home/airflow/.local/lib/python3.12/site-packages/airflow/example_dags/example_complex.py
[2025-02-12T23:38:23.421+0000] {logging_mixin.py:190} INFO - [2025-02-12T23:38:23.420+0000] {dag.py:3239} INFO - Sync 1 DAGs
[2025-02-12T23:38:23.438+0000] {logging_mixin.py:190} INFO - [2025-02-12T23:38:23.438+0000] {dag.py:4180} INFO - Setting next_dagrun for example_complex to None, run_after=None
[2025-02-12T23:38:23.461+0000] {processor.py:208} INFO - Processing /home/airflow/.local/lib/python3.12/site-packages/airflow/example_dags/example_complex.py took 0.101 seconds
[2025-02-12T23:38:53.530+0000] {processor.py:186} INFO - Started process (PID=2238) to work on /home/airflow/.local/lib/python3.12/site-packages/airflow/example_dags/example_complex.py
[2025-02-12T23:38:53.534+0000] {processor.py:914} INFO - Processing file /home/airflow/.local/lib/python3.12/site-packages/airflow/example_dags/example_complex.py for tasks to queue
[2025-02-12T23:38:53.537+0000] {logging_mixin.py:190} INFO - [2025-02-12T23:38:53.537+0000] {dagbag.py:588} INFO - Filling up the DagBag from /home/airflow/.local/lib/python3.12/site-packages/airflow/example_dags/example_complex.py
[2025-02-12T23:38:53.568+0000] {processor.py:925} INFO - DAG(s) 'example_complex' retrieved from /home/airflow/.local/lib/python3.12/site-packages/airflow/example_dags/example_complex.py
[2025-02-12T23:38:53.619+0000] {logging_mixin.py:190} INFO - [2025-02-12T23:38:53.618+0000] {dag.py:3239} INFO - Sync 1 DAGs
[2025-02-12T23:38:53.644+0000] {logging_mixin.py:190} INFO - [2025-02-12T23:38:53.643+0000] {dag.py:4180} INFO - Setting next_dagrun for example_complex to None, run_after=None
[2025-02-12T23:38:53.692+0000] {processor.py:208} INFO - Processing /home/airflow/.local/lib/python3.12/site-packages/airflow/example_dags/example_complex.py took 0.171 seconds
[2025-02-12T23:39:24.191+0000] {processor.py:186} INFO - Started process (PID=2304) to work on /home/airflow/.local/lib/python3.12/site-packages/airflow/example_dags/example_complex.py
[2025-02-12T23:39:24.193+0000] {processor.py:914} INFO - Processing file /home/airflow/.local/lib/python3.12/site-packages/airflow/example_dags/example_complex.py for tasks to queue
[2025-02-12T23:39:24.195+0000] {logging_mixin.py:190} INFO - [2025-02-12T23:39:24.195+0000] {dagbag.py:588} INFO - Filling up the DagBag from /home/airflow/.local/lib/python3.12/site-packages/airflow/example_dags/example_complex.py
[2025-02-12T23:39:24.212+0000] {processor.py:925} INFO - DAG(s) 'example_complex' retrieved from /home/airflow/.local/lib/python3.12/site-packages/airflow/example_dags/example_complex.py
[2025-02-12T23:39:24.254+0000] {logging_mixin.py:190} INFO - [2025-02-12T23:39:24.254+0000] {dag.py:3239} INFO - Sync 1 DAGs
[2025-02-12T23:39:24.272+0000] {logging_mixin.py:190} INFO - [2025-02-12T23:39:24.271+0000] {dag.py:4180} INFO - Setting next_dagrun for example_complex to None, run_after=None
[2025-02-12T23:39:24.296+0000] {processor.py:208} INFO - Processing /home/airflow/.local/lib/python3.12/site-packages/airflow/example_dags/example_complex.py took 0.113 seconds
[2025-02-12T23:39:54.508+0000] {processor.py:186} INFO - Started process (PID=2370) to work on /home/airflow/.local/lib/python3.12/site-packages/airflow/example_dags/example_complex.py
[2025-02-12T23:39:54.509+0000] {processor.py:914} INFO - Processing file /home/airflow/.local/lib/python3.12/site-packages/airflow/example_dags/example_complex.py for tasks to queue
[2025-02-12T23:39:54.512+0000] {logging_mixin.py:190} INFO - [2025-02-12T23:39:54.512+0000] {dagbag.py:588} INFO - Filling up the DagBag from /home/airflow/.local/lib/python3.12/site-packages/airflow/example_dags/example_complex.py
[2025-02-12T23:39:54.533+0000] {processor.py:925} INFO - DAG(s) 'example_complex' retrieved from /home/airflow/.local/lib/python3.12/site-packages/airflow/example_dags/example_complex.py
[2025-02-12T23:39:54.575+0000] {logging_mixin.py:190} INFO - [2025-02-12T23:39:54.575+0000] {dag.py:3239} INFO - Sync 1 DAGs
[2025-02-12T23:39:54.591+0000] {logging_mixin.py:190} INFO - [2025-02-12T23:39:54.591+0000] {dag.py:4180} INFO - Setting next_dagrun for example_complex to None, run_after=None
[2025-02-12T23:39:54.613+0000] {processor.py:208} INFO - Processing /home/airflow/.local/lib/python3.12/site-packages/airflow/example_dags/example_complex.py took 0.113 seconds
[2025-02-12T23:40:24.831+0000] {processor.py:186} INFO - Started process (PID=2436) to work on /home/airflow/.local/lib/python3.12/site-packages/airflow/example_dags/example_complex.py
[2025-02-12T23:40:24.832+0000] {processor.py:914} INFO - Processing file /home/airflow/.local/lib/python3.12/site-packages/airflow/example_dags/example_complex.py for tasks to queue
[2025-02-12T23:40:24.835+0000] {logging_mixin.py:190} INFO - [2025-02-12T23:40:24.835+0000] {dagbag.py:588} INFO - Filling up the DagBag from /home/airflow/.local/lib/python3.12/site-packages/airflow/example_dags/example_complex.py
[2025-02-12T23:40:24.850+0000] {processor.py:925} INFO - DAG(s) 'example_complex' retrieved from /home/airflow/.local/lib/python3.12/site-packages/airflow/example_dags/example_complex.py
[2025-02-12T23:40:24.887+0000] {logging_mixin.py:190} INFO - [2025-02-12T23:40:24.887+0000] {dag.py:3239} INFO - Sync 1 DAGs
[2025-02-12T23:40:24.904+0000] {logging_mixin.py:190} INFO - [2025-02-12T23:40:24.904+0000] {dag.py:4180} INFO - Setting next_dagrun for example_complex to None, run_after=None
[2025-02-12T23:40:24.934+0000] {processor.py:208} INFO - Processing /home/airflow/.local/lib/python3.12/site-packages/airflow/example_dags/example_complex.py took 0.108 seconds
[2025-02-12T23:40:55.214+0000] {processor.py:186} INFO - Started process (PID=2481) to work on /home/airflow/.local/lib/python3.12/site-packages/airflow/example_dags/example_complex.py
[2025-02-12T23:40:55.215+0000] {processor.py:914} INFO - Processing file /home/airflow/.local/lib/python3.12/site-packages/airflow/example_dags/example_complex.py for tasks to queue
[2025-02-12T23:40:55.219+0000] {logging_mixin.py:190} INFO - [2025-02-12T23:40:55.218+0000] {dagbag.py:588} INFO - Filling up the DagBag from /home/airflow/.local/lib/python3.12/site-packages/airflow/example_dags/example_complex.py
[2025-02-12T23:40:55.237+0000] {processor.py:925} INFO - DAG(s) 'example_complex' retrieved from /home/airflow/.local/lib/python3.12/site-packages/airflow/example_dags/example_complex.py
[2025-02-12T23:40:55.277+0000] {logging_mixin.py:190} INFO - [2025-02-12T23:40:55.277+0000] {dag.py:3239} INFO - Sync 1 DAGs
[2025-02-12T23:40:55.298+0000] {logging_mixin.py:190} INFO - [2025-02-12T23:40:55.297+0000] {dag.py:4180} INFO - Setting next_dagrun for example_complex to None, run_after=None
[2025-02-12T23:40:55.322+0000] {processor.py:208} INFO - Processing /home/airflow/.local/lib/python3.12/site-packages/airflow/example_dags/example_complex.py took 0.116 seconds
[2025-02-12T23:41:26.924+0000] {processor.py:186} INFO - Started process (PID=2547) to work on /home/airflow/.local/lib/python3.12/site-packages/airflow/example_dags/example_complex.py
[2025-02-12T23:41:26.926+0000] {processor.py:914} INFO - Processing file /home/airflow/.local/lib/python3.12/site-packages/airflow/example_dags/example_complex.py for tasks to queue
[2025-02-12T23:41:26.929+0000] {logging_mixin.py:190} INFO - [2025-02-12T23:41:26.928+0000] {dagbag.py:588} INFO - Filling up the DagBag from /home/airflow/.local/lib/python3.12/site-packages/airflow/example_dags/example_complex.py
[2025-02-12T23:41:26.953+0000] {processor.py:925} INFO - DAG(s) 'example_complex' retrieved from /home/airflow/.local/lib/python3.12/site-packages/airflow/example_dags/example_complex.py
[2025-02-12T23:41:27.067+0000] {logging_mixin.py:190} INFO - [2025-02-12T23:41:27.067+0000] {dag.py:3239} INFO - Sync 1 DAGs
[2025-02-12T23:41:27.111+0000] {logging_mixin.py:190} INFO - [2025-02-12T23:41:27.111+0000] {dag.py:4180} INFO - Setting next_dagrun for example_complex to None, run_after=None
[2025-02-12T23:41:27.155+0000] {processor.py:208} INFO - Processing /home/airflow/.local/lib/python3.12/site-packages/airflow/example_dags/example_complex.py took 0.238 seconds
[2025-02-12T23:41:58.058+0000] {processor.py:186} INFO - Started process (PID=2615) to work on /home/airflow/.local/lib/python3.12/site-packages/airflow/example_dags/example_complex.py
[2025-02-12T23:41:58.059+0000] {processor.py:914} INFO - Processing file /home/airflow/.local/lib/python3.12/site-packages/airflow/example_dags/example_complex.py for tasks to queue
[2025-02-12T23:41:58.062+0000] {logging_mixin.py:190} INFO - [2025-02-12T23:41:58.062+0000] {dagbag.py:588} INFO - Filling up the DagBag from /home/airflow/.local/lib/python3.12/site-packages/airflow/example_dags/example_complex.py
[2025-02-12T23:41:58.079+0000] {processor.py:925} INFO - DAG(s) 'example_complex' retrieved from /home/airflow/.local/lib/python3.12/site-packages/airflow/example_dags/example_complex.py
[2025-02-12T23:41:58.117+0000] {logging_mixin.py:190} INFO - [2025-02-12T23:41:58.117+0000] {dag.py:3239} INFO - Sync 1 DAGs
[2025-02-12T23:41:58.138+0000] {logging_mixin.py:190} INFO - [2025-02-12T23:41:58.136+0000] {dag.py:4180} INFO - Setting next_dagrun for example_complex to None, run_after=None
[2025-02-12T23:41:58.163+0000] {processor.py:208} INFO - Processing /home/airflow/.local/lib/python3.12/site-packages/airflow/example_dags/example_complex.py took 0.112 seconds
[2025-02-12T23:42:29.514+0000] {processor.py:186} INFO - Started process (PID=2678) to work on /home/airflow/.local/lib/python3.12/site-packages/airflow/example_dags/example_complex.py
[2025-02-12T23:42:29.515+0000] {processor.py:914} INFO - Processing file /home/airflow/.local/lib/python3.12/site-packages/airflow/example_dags/example_complex.py for tasks to queue
[2025-02-12T23:42:29.518+0000] {logging_mixin.py:190} INFO - [2025-02-12T23:42:29.517+0000] {dagbag.py:588} INFO - Filling up the DagBag from /home/airflow/.local/lib/python3.12/site-packages/airflow/example_dags/example_complex.py
[2025-02-12T23:42:29.533+0000] {processor.py:925} INFO - DAG(s) 'example_complex' retrieved from /home/airflow/.local/lib/python3.12/site-packages/airflow/example_dags/example_complex.py
[2025-02-12T23:42:29.576+0000] {logging_mixin.py:190} INFO - [2025-02-12T23:42:29.576+0000] {dag.py:3239} INFO - Sync 1 DAGs
[2025-02-12T23:42:29.594+0000] {logging_mixin.py:190} INFO - [2025-02-12T23:42:29.594+0000] {dag.py:4180} INFO - Setting next_dagrun for example_complex to None, run_after=None
[2025-02-12T23:42:29.614+0000] {processor.py:208} INFO - Processing /home/airflow/.local/lib/python3.12/site-packages/airflow/example_dags/example_complex.py took 0.105 seconds
[2025-02-12T23:43:02.516+0000] {processor.py:186} INFO - Started process (PID=2744) to work on /home/airflow/.local/lib/python3.12/site-packages/airflow/example_dags/example_complex.py
[2025-02-12T23:43:02.523+0000] {processor.py:914} INFO - Processing file /home/airflow/.local/lib/python3.12/site-packages/airflow/example_dags/example_complex.py for tasks to queue
[2025-02-12T23:43:02.530+0000] {logging_mixin.py:190} INFO - [2025-02-12T23:43:02.530+0000] {dagbag.py:588} INFO - Filling up the DagBag from /home/airflow/.local/lib/python3.12/site-packages/airflow/example_dags/example_complex.py
[2025-02-12T23:43:02.571+0000] {processor.py:925} INFO - DAG(s) 'example_complex' retrieved from /home/airflow/.local/lib/python3.12/site-packages/airflow/example_dags/example_complex.py
[2025-02-12T23:43:02.654+0000] {logging_mixin.py:190} INFO - [2025-02-12T23:43:02.653+0000] {dag.py:3239} INFO - Sync 1 DAGs
[2025-02-12T23:43:02.678+0000] {logging_mixin.py:190} INFO - [2025-02-12T23:43:02.677+0000] {dag.py:4180} INFO - Setting next_dagrun for example_complex to None, run_after=None
[2025-02-12T23:43:02.729+0000] {processor.py:208} INFO - Processing /home/airflow/.local/lib/python3.12/site-packages/airflow/example_dags/example_complex.py took 0.221 seconds
[2025-02-12T23:43:34.231+0000] {processor.py:186} INFO - Started process (PID=2810) to work on /home/airflow/.local/lib/python3.12/site-packages/airflow/example_dags/example_complex.py
[2025-02-12T23:43:34.234+0000] {processor.py:914} INFO - Processing file /home/airflow/.local/lib/python3.12/site-packages/airflow/example_dags/example_complex.py for tasks to queue
[2025-02-12T23:43:34.237+0000] {logging_mixin.py:190} INFO - [2025-02-12T23:43:34.236+0000] {dagbag.py:588} INFO - Filling up the DagBag from /home/airflow/.local/lib/python3.12/site-packages/airflow/example_dags/example_complex.py
[2025-02-12T23:43:34.269+0000] {processor.py:925} INFO - DAG(s) 'example_complex' retrieved from /home/airflow/.local/lib/python3.12/site-packages/airflow/example_dags/example_complex.py
[2025-02-12T23:43:34.339+0000] {logging_mixin.py:190} INFO - [2025-02-12T23:43:34.338+0000] {dag.py:3239} INFO - Sync 1 DAGs
[2025-02-12T23:43:34.360+0000] {logging_mixin.py:190} INFO - [2025-02-12T23:43:34.360+0000] {dag.py:4180} INFO - Setting next_dagrun for example_complex to None, run_after=None
[2025-02-12T23:43:34.384+0000] {processor.py:208} INFO - Processing /home/airflow/.local/lib/python3.12/site-packages/airflow/example_dags/example_complex.py took 0.162 seconds
[2025-02-12T23:44:05.815+0000] {processor.py:186} INFO - Started process (PID=2876) to work on /home/airflow/.local/lib/python3.12/site-packages/airflow/example_dags/example_complex.py
[2025-02-12T23:44:05.816+0000] {processor.py:914} INFO - Processing file /home/airflow/.local/lib/python3.12/site-packages/airflow/example_dags/example_complex.py for tasks to queue
[2025-02-12T23:44:05.821+0000] {logging_mixin.py:190} INFO - [2025-02-12T23:44:05.820+0000] {dagbag.py:588} INFO - Filling up the DagBag from /home/airflow/.local/lib/python3.12/site-packages/airflow/example_dags/example_complex.py
[2025-02-12T23:44:05.842+0000] {processor.py:925} INFO - DAG(s) 'example_complex' retrieved from /home/airflow/.local/lib/python3.12/site-packages/airflow/example_dags/example_complex.py
[2025-02-12T23:44:05.888+0000] {logging_mixin.py:190} INFO - [2025-02-12T23:44:05.887+0000] {dag.py:3239} INFO - Sync 1 DAGs
[2025-02-12T23:44:05.908+0000] {logging_mixin.py:190} INFO - [2025-02-12T23:44:05.907+0000] {dag.py:4180} INFO - Setting next_dagrun for example_complex to None, run_after=None
[2025-02-12T23:44:05.933+0000] {processor.py:208} INFO - Processing /home/airflow/.local/lib/python3.12/site-packages/airflow/example_dags/example_complex.py took 0.123 seconds
[2025-02-12T23:44:36.862+0000] {processor.py:186} INFO - Started process (PID=2942) to work on /home/airflow/.local/lib/python3.12/site-packages/airflow/example_dags/example_complex.py
[2025-02-12T23:44:36.863+0000] {processor.py:914} INFO - Processing file /home/airflow/.local/lib/python3.12/site-packages/airflow/example_dags/example_complex.py for tasks to queue
[2025-02-12T23:44:36.867+0000] {logging_mixin.py:190} INFO - [2025-02-12T23:44:36.866+0000] {dagbag.py:588} INFO - Filling up the DagBag from /home/airflow/.local/lib/python3.12/site-packages/airflow/example_dags/example_complex.py
[2025-02-12T23:44:36.888+0000] {processor.py:925} INFO - DAG(s) 'example_complex' retrieved from /home/airflow/.local/lib/python3.12/site-packages/airflow/example_dags/example_complex.py
[2025-02-12T23:44:36.923+0000] {logging_mixin.py:190} INFO - [2025-02-12T23:44:36.923+0000] {dag.py:3239} INFO - Sync 1 DAGs
[2025-02-12T23:44:36.943+0000] {logging_mixin.py:190} INFO - [2025-02-12T23:44:36.943+0000] {dag.py:4180} INFO - Setting next_dagrun for example_complex to None, run_after=None
[2025-02-12T23:44:36.971+0000] {processor.py:208} INFO - Processing /home/airflow/.local/lib/python3.12/site-packages/airflow/example_dags/example_complex.py took 0.116 seconds
[2025-02-12T23:45:08.265+0000] {processor.py:186} INFO - Started process (PID=3008) to work on /home/airflow/.local/lib/python3.12/site-packages/airflow/example_dags/example_complex.py
[2025-02-12T23:45:08.266+0000] {processor.py:914} INFO - Processing file /home/airflow/.local/lib/python3.12/site-packages/airflow/example_dags/example_complex.py for tasks to queue
[2025-02-12T23:45:08.270+0000] {logging_mixin.py:190} INFO - [2025-02-12T23:45:08.269+0000] {dagbag.py:588} INFO - Filling up the DagBag from /home/airflow/.local/lib/python3.12/site-packages/airflow/example_dags/example_complex.py
[2025-02-12T23:45:08.282+0000] {processor.py:925} INFO - DAG(s) 'example_complex' retrieved from /home/airflow/.local/lib/python3.12/site-packages/airflow/example_dags/example_complex.py
[2025-02-12T23:45:08.314+0000] {logging_mixin.py:190} INFO - [2025-02-12T23:45:08.314+0000] {dag.py:3239} INFO - Sync 1 DAGs
[2025-02-12T23:45:08.331+0000] {logging_mixin.py:190} INFO - [2025-02-12T23:45:08.331+0000] {dag.py:4180} INFO - Setting next_dagrun for example_complex to None, run_after=None
[2025-02-12T23:45:08.506+0000] {processor.py:208} INFO - Processing /home/airflow/.local/lib/python3.12/site-packages/airflow/example_dags/example_complex.py took 0.248 seconds
[2025-02-12T23:45:39.024+0000] {processor.py:186} INFO - Started process (PID=3075) to work on /home/airflow/.local/lib/python3.12/site-packages/airflow/example_dags/example_complex.py
[2025-02-12T23:45:39.025+0000] {processor.py:914} INFO - Processing file /home/airflow/.local/lib/python3.12/site-packages/airflow/example_dags/example_complex.py for tasks to queue
[2025-02-12T23:45:39.028+0000] {logging_mixin.py:190} INFO - [2025-02-12T23:45:39.028+0000] {dagbag.py:588} INFO - Filling up the DagBag from /home/airflow/.local/lib/python3.12/site-packages/airflow/example_dags/example_complex.py
[2025-02-12T23:45:39.045+0000] {processor.py:925} INFO - DAG(s) 'example_complex' retrieved from /home/airflow/.local/lib/python3.12/site-packages/airflow/example_dags/example_complex.py
[2025-02-12T23:45:39.089+0000] {logging_mixin.py:190} INFO - [2025-02-12T23:45:39.089+0000] {dag.py:3239} INFO - Sync 1 DAGs
[2025-02-12T23:45:39.106+0000] {logging_mixin.py:190} INFO - [2025-02-12T23:45:39.106+0000] {dag.py:4180} INFO - Setting next_dagrun for example_complex to None, run_after=None
[2025-02-12T23:45:39.285+0000] {processor.py:208} INFO - Processing /home/airflow/.local/lib/python3.12/site-packages/airflow/example_dags/example_complex.py took 0.270 seconds
[2025-02-12T23:46:09.646+0000] {processor.py:186} INFO - Started process (PID=3140) to work on /home/airflow/.local/lib/python3.12/site-packages/airflow/example_dags/example_complex.py
[2025-02-12T23:46:09.647+0000] {processor.py:914} INFO - Processing file /home/airflow/.local/lib/python3.12/site-packages/airflow/example_dags/example_complex.py for tasks to queue
[2025-02-12T23:46:09.650+0000] {logging_mixin.py:190} INFO - [2025-02-12T23:46:09.649+0000] {dagbag.py:588} INFO - Filling up the DagBag from /home/airflow/.local/lib/python3.12/site-packages/airflow/example_dags/example_complex.py
[2025-02-12T23:46:09.674+0000] {processor.py:925} INFO - DAG(s) 'example_complex' retrieved from /home/airflow/.local/lib/python3.12/site-packages/airflow/example_dags/example_complex.py
[2025-02-12T23:46:09.723+0000] {logging_mixin.py:190} INFO - [2025-02-12T23:46:09.723+0000] {dag.py:3239} INFO - Sync 1 DAGs
[2025-02-12T23:46:09.745+0000] {logging_mixin.py:190} INFO - [2025-02-12T23:46:09.744+0000] {dag.py:4180} INFO - Setting next_dagrun for example_complex to None, run_after=None
[2025-02-12T23:46:09.797+0000] {processor.py:208} INFO - Processing /home/airflow/.local/lib/python3.12/site-packages/airflow/example_dags/example_complex.py took 0.158 seconds
[2025-02-12T23:46:40.622+0000] {processor.py:186} INFO - Started process (PID=3206) to work on /home/airflow/.local/lib/python3.12/site-packages/airflow/example_dags/example_complex.py
[2025-02-12T23:46:40.623+0000] {processor.py:914} INFO - Processing file /home/airflow/.local/lib/python3.12/site-packages/airflow/example_dags/example_complex.py for tasks to queue
[2025-02-12T23:46:40.625+0000] {logging_mixin.py:190} INFO - [2025-02-12T23:46:40.625+0000] {dagbag.py:588} INFO - Filling up the DagBag from /home/airflow/.local/lib/python3.12/site-packages/airflow/example_dags/example_complex.py
[2025-02-12T23:46:40.643+0000] {processor.py:925} INFO - DAG(s) 'example_complex' retrieved from /home/airflow/.local/lib/python3.12/site-packages/airflow/example_dags/example_complex.py
[2025-02-12T23:46:40.688+0000] {logging_mixin.py:190} INFO - [2025-02-12T23:46:40.687+0000] {dag.py:3239} INFO - Sync 1 DAGs
[2025-02-12T23:46:40.708+0000] {logging_mixin.py:190} INFO - [2025-02-12T23:46:40.708+0000] {dag.py:4180} INFO - Setting next_dagrun for example_complex to None, run_after=None
[2025-02-12T23:46:40.728+0000] {processor.py:208} INFO - Processing /home/airflow/.local/lib/python3.12/site-packages/airflow/example_dags/example_complex.py took 0.113 seconds
[2025-02-12T23:47:10.950+0000] {processor.py:186} INFO - Started process (PID=3272) to work on /home/airflow/.local/lib/python3.12/site-packages/airflow/example_dags/example_complex.py
[2025-02-12T23:47:10.954+0000] {processor.py:914} INFO - Processing file /home/airflow/.local/lib/python3.12/site-packages/airflow/example_dags/example_complex.py for tasks to queue
[2025-02-12T23:47:10.959+0000] {logging_mixin.py:190} INFO - [2025-02-12T23:47:10.958+0000] {dagbag.py:588} INFO - Filling up the DagBag from /home/airflow/.local/lib/python3.12/site-packages/airflow/example_dags/example_complex.py
[2025-02-12T23:47:11.002+0000] {processor.py:925} INFO - DAG(s) 'example_complex' retrieved from /home/airflow/.local/lib/python3.12/site-packages/airflow/example_dags/example_complex.py
[2025-02-12T23:47:11.167+0000] {logging_mixin.py:190} INFO - [2025-02-12T23:47:11.167+0000] {dag.py:3239} INFO - Sync 1 DAGs
[2025-02-12T23:47:11.239+0000] {logging_mixin.py:190} INFO - [2025-02-12T23:47:11.239+0000] {dag.py:4180} INFO - Setting next_dagrun for example_complex to None, run_after=None
[2025-02-12T23:47:11.327+0000] {processor.py:208} INFO - Processing /home/airflow/.local/lib/python3.12/site-packages/airflow/example_dags/example_complex.py took 0.396 seconds
[2025-02-12T23:47:41.552+0000] {processor.py:186} INFO - Started process (PID=3338) to work on /home/airflow/.local/lib/python3.12/site-packages/airflow/example_dags/example_complex.py
[2025-02-12T23:47:41.553+0000] {processor.py:914} INFO - Processing file /home/airflow/.local/lib/python3.12/site-packages/airflow/example_dags/example_complex.py for tasks to queue
[2025-02-12T23:47:41.557+0000] {logging_mixin.py:190} INFO - [2025-02-12T23:47:41.557+0000] {dagbag.py:588} INFO - Filling up the DagBag from /home/airflow/.local/lib/python3.12/site-packages/airflow/example_dags/example_complex.py
[2025-02-12T23:47:41.590+0000] {processor.py:925} INFO - DAG(s) 'example_complex' retrieved from /home/airflow/.local/lib/python3.12/site-packages/airflow/example_dags/example_complex.py
[2025-02-12T23:47:41.699+0000] {logging_mixin.py:190} INFO - [2025-02-12T23:47:41.699+0000] {dag.py:3239} INFO - Sync 1 DAGs
[2025-02-12T23:47:41.738+0000] {logging_mixin.py:190} INFO - [2025-02-12T23:47:41.737+0000] {dag.py:4180} INFO - Setting next_dagrun for example_complex to None, run_after=None
[2025-02-12T23:47:41.787+0000] {processor.py:208} INFO - Processing /home/airflow/.local/lib/python3.12/site-packages/airflow/example_dags/example_complex.py took 0.248 seconds
[2025-02-12T23:48:11.935+0000] {processor.py:186} INFO - Started process (PID=3403) to work on /home/airflow/.local/lib/python3.12/site-packages/airflow/example_dags/example_complex.py
[2025-02-12T23:48:11.936+0000] {processor.py:914} INFO - Processing file /home/airflow/.local/lib/python3.12/site-packages/airflow/example_dags/example_complex.py for tasks to queue
[2025-02-12T23:48:11.939+0000] {logging_mixin.py:190} INFO - [2025-02-12T23:48:11.939+0000] {dagbag.py:588} INFO - Filling up the DagBag from /home/airflow/.local/lib/python3.12/site-packages/airflow/example_dags/example_complex.py
[2025-02-12T23:48:11.952+0000] {processor.py:925} INFO - DAG(s) 'example_complex' retrieved from /home/airflow/.local/lib/python3.12/site-packages/airflow/example_dags/example_complex.py
[2025-02-12T23:48:11.986+0000] {logging_mixin.py:190} INFO - [2025-02-12T23:48:11.986+0000] {dag.py:3239} INFO - Sync 1 DAGs
[2025-02-12T23:48:12.003+0000] {logging_mixin.py:190} INFO - [2025-02-12T23:48:12.003+0000] {dag.py:4180} INFO - Setting next_dagrun for example_complex to None, run_after=None
[2025-02-12T23:48:12.027+0000] {processor.py:208} INFO - Processing /home/airflow/.local/lib/python3.12/site-packages/airflow/example_dags/example_complex.py took 0.100 seconds
[2025-02-12T23:48:42.559+0000] {processor.py:186} INFO - Started process (PID=3469) to work on /home/airflow/.local/lib/python3.12/site-packages/airflow/example_dags/example_complex.py
[2025-02-12T23:48:42.561+0000] {processor.py:914} INFO - Processing file /home/airflow/.local/lib/python3.12/site-packages/airflow/example_dags/example_complex.py for tasks to queue
[2025-02-12T23:48:42.565+0000] {logging_mixin.py:190} INFO - [2025-02-12T23:48:42.563+0000] {dagbag.py:588} INFO - Filling up the DagBag from /home/airflow/.local/lib/python3.12/site-packages/airflow/example_dags/example_complex.py
[2025-02-12T23:48:42.586+0000] {processor.py:925} INFO - DAG(s) 'example_complex' retrieved from /home/airflow/.local/lib/python3.12/site-packages/airflow/example_dags/example_complex.py
[2025-02-12T23:48:42.625+0000] {logging_mixin.py:190} INFO - [2025-02-12T23:48:42.625+0000] {dag.py:3239} INFO - Sync 1 DAGs
[2025-02-12T23:48:42.643+0000] {logging_mixin.py:190} INFO - [2025-02-12T23:48:42.643+0000] {dag.py:4180} INFO - Setting next_dagrun for example_complex to None, run_after=None
[2025-02-12T23:48:42.669+0000] {processor.py:208} INFO - Processing /home/airflow/.local/lib/python3.12/site-packages/airflow/example_dags/example_complex.py took 0.117 seconds
[2025-02-12T23:49:13.571+0000] {processor.py:186} INFO - Started process (PID=3535) to work on /home/airflow/.local/lib/python3.12/site-packages/airflow/example_dags/example_complex.py
[2025-02-12T23:49:13.572+0000] {processor.py:914} INFO - Processing file /home/airflow/.local/lib/python3.12/site-packages/airflow/example_dags/example_complex.py for tasks to queue
[2025-02-12T23:49:13.577+0000] {logging_mixin.py:190} INFO - [2025-02-12T23:49:13.576+0000] {dagbag.py:588} INFO - Filling up the DagBag from /home/airflow/.local/lib/python3.12/site-packages/airflow/example_dags/example_complex.py
[2025-02-12T23:49:13.608+0000] {processor.py:925} INFO - DAG(s) 'example_complex' retrieved from /home/airflow/.local/lib/python3.12/site-packages/airflow/example_dags/example_complex.py
[2025-02-12T23:49:13.671+0000] {logging_mixin.py:190} INFO - [2025-02-12T23:49:13.670+0000] {dag.py:3239} INFO - Sync 1 DAGs
[2025-02-12T23:49:13.702+0000] {logging_mixin.py:190} INFO - [2025-02-12T23:49:13.701+0000] {dag.py:4180} INFO - Setting next_dagrun for example_complex to None, run_after=None
[2025-02-12T23:49:13.741+0000] {processor.py:208} INFO - Processing /home/airflow/.local/lib/python3.12/site-packages/airflow/example_dags/example_complex.py took 0.189 seconds
[2025-02-12T23:49:43.901+0000] {processor.py:186} INFO - Started process (PID=3601) to work on /home/airflow/.local/lib/python3.12/site-packages/airflow/example_dags/example_complex.py
[2025-02-12T23:49:43.902+0000] {processor.py:914} INFO - Processing file /home/airflow/.local/lib/python3.12/site-packages/airflow/example_dags/example_complex.py for tasks to queue
[2025-02-12T23:49:43.905+0000] {logging_mixin.py:190} INFO - [2025-02-12T23:49:43.905+0000] {dagbag.py:588} INFO - Filling up the DagBag from /home/airflow/.local/lib/python3.12/site-packages/airflow/example_dags/example_complex.py
[2025-02-12T23:49:43.922+0000] {processor.py:925} INFO - DAG(s) 'example_complex' retrieved from /home/airflow/.local/lib/python3.12/site-packages/airflow/example_dags/example_complex.py
[2025-02-12T23:49:43.963+0000] {logging_mixin.py:190} INFO - [2025-02-12T23:49:43.963+0000] {dag.py:3239} INFO - Sync 1 DAGs
[2025-02-12T23:49:43.983+0000] {logging_mixin.py:190} INFO - [2025-02-12T23:49:43.983+0000] {dag.py:4180} INFO - Setting next_dagrun for example_complex to None, run_after=None
[2025-02-12T23:49:44.006+0000] {processor.py:208} INFO - Processing /home/airflow/.local/lib/python3.12/site-packages/airflow/example_dags/example_complex.py took 0.113 seconds
[2025-02-12T23:50:14.347+0000] {processor.py:186} INFO - Started process (PID=3668) to work on /home/airflow/.local/lib/python3.12/site-packages/airflow/example_dags/example_complex.py
[2025-02-12T23:50:14.349+0000] {processor.py:914} INFO - Processing file /home/airflow/.local/lib/python3.12/site-packages/airflow/example_dags/example_complex.py for tasks to queue
[2025-02-12T23:50:14.352+0000] {logging_mixin.py:190} INFO - [2025-02-12T23:50:14.352+0000] {dagbag.py:588} INFO - Filling up the DagBag from /home/airflow/.local/lib/python3.12/site-packages/airflow/example_dags/example_complex.py
[2025-02-12T23:50:14.364+0000] {processor.py:925} INFO - DAG(s) 'example_complex' retrieved from /home/airflow/.local/lib/python3.12/site-packages/airflow/example_dags/example_complex.py
[2025-02-12T23:50:14.403+0000] {logging_mixin.py:190} INFO - [2025-02-12T23:50:14.403+0000] {dag.py:3239} INFO - Sync 1 DAGs
[2025-02-12T23:50:14.424+0000] {logging_mixin.py:190} INFO - [2025-02-12T23:50:14.424+0000] {dag.py:4180} INFO - Setting next_dagrun for example_complex to None, run_after=None
[2025-02-12T23:50:14.447+0000] {processor.py:208} INFO - Processing /home/airflow/.local/lib/python3.12/site-packages/airflow/example_dags/example_complex.py took 0.106 seconds
[2025-02-12T23:50:44.706+0000] {processor.py:186} INFO - Started process (PID=3734) to work on /home/airflow/.local/lib/python3.12/site-packages/airflow/example_dags/example_complex.py
[2025-02-12T23:50:44.707+0000] {processor.py:914} INFO - Processing file /home/airflow/.local/lib/python3.12/site-packages/airflow/example_dags/example_complex.py for tasks to queue
[2025-02-12T23:50:44.710+0000] {logging_mixin.py:190} INFO - [2025-02-12T23:50:44.709+0000] {dagbag.py:588} INFO - Filling up the DagBag from /home/airflow/.local/lib/python3.12/site-packages/airflow/example_dags/example_complex.py
[2025-02-12T23:50:44.724+0000] {processor.py:925} INFO - DAG(s) 'example_complex' retrieved from /home/airflow/.local/lib/python3.12/site-packages/airflow/example_dags/example_complex.py
[2025-02-12T23:50:44.765+0000] {logging_mixin.py:190} INFO - [2025-02-12T23:50:44.764+0000] {dag.py:3239} INFO - Sync 1 DAGs
[2025-02-12T23:50:44.785+0000] {logging_mixin.py:190} INFO - [2025-02-12T23:50:44.784+0000] {dag.py:4180} INFO - Setting next_dagrun for example_complex to None, run_after=None
[2025-02-12T23:50:44.840+0000] {processor.py:208} INFO - Processing /home/airflow/.local/lib/python3.12/site-packages/airflow/example_dags/example_complex.py took 0.140 seconds
[2025-02-12T23:51:14.936+0000] {processor.py:186} INFO - Started process (PID=3800) to work on /home/airflow/.local/lib/python3.12/site-packages/airflow/example_dags/example_complex.py
[2025-02-12T23:51:14.937+0000] {processor.py:914} INFO - Processing file /home/airflow/.local/lib/python3.12/site-packages/airflow/example_dags/example_complex.py for tasks to queue
[2025-02-12T23:51:14.940+0000] {logging_mixin.py:190} INFO - [2025-02-12T23:51:14.940+0000] {dagbag.py:588} INFO - Filling up the DagBag from /home/airflow/.local/lib/python3.12/site-packages/airflow/example_dags/example_complex.py
[2025-02-12T23:51:14.959+0000] {processor.py:925} INFO - DAG(s) 'example_complex' retrieved from /home/airflow/.local/lib/python3.12/site-packages/airflow/example_dags/example_complex.py
[2025-02-12T23:51:15.004+0000] {logging_mixin.py:190} INFO - [2025-02-12T23:51:15.003+0000] {dag.py:3239} INFO - Sync 1 DAGs
[2025-02-12T23:51:15.023+0000] {logging_mixin.py:190} INFO - [2025-02-12T23:51:15.023+0000] {dag.py:4180} INFO - Setting next_dagrun for example_complex to None, run_after=None
[2025-02-12T23:51:15.051+0000] {processor.py:208} INFO - Processing /home/airflow/.local/lib/python3.12/site-packages/airflow/example_dags/example_complex.py took 0.124 seconds
[2025-02-12T23:51:45.113+0000] {processor.py:186} INFO - Started process (PID=3866) to work on /home/airflow/.local/lib/python3.12/site-packages/airflow/example_dags/example_complex.py
[2025-02-12T23:51:45.114+0000] {processor.py:914} INFO - Processing file /home/airflow/.local/lib/python3.12/site-packages/airflow/example_dags/example_complex.py for tasks to queue
[2025-02-12T23:51:45.117+0000] {logging_mixin.py:190} INFO - [2025-02-12T23:51:45.116+0000] {dagbag.py:588} INFO - Filling up the DagBag from /home/airflow/.local/lib/python3.12/site-packages/airflow/example_dags/example_complex.py
[2025-02-12T23:51:45.133+0000] {processor.py:925} INFO - DAG(s) 'example_complex' retrieved from /home/airflow/.local/lib/python3.12/site-packages/airflow/example_dags/example_complex.py
[2025-02-12T23:51:45.176+0000] {logging_mixin.py:190} INFO - [2025-02-12T23:51:45.175+0000] {dag.py:3239} INFO - Sync 1 DAGs
[2025-02-12T23:51:45.197+0000] {logging_mixin.py:190} INFO - [2025-02-12T23:51:45.197+0000] {dag.py:4180} INFO - Setting next_dagrun for example_complex to None, run_after=None
[2025-02-12T23:51:45.222+0000] {processor.py:208} INFO - Processing /home/airflow/.local/lib/python3.12/site-packages/airflow/example_dags/example_complex.py took 0.118 seconds
[2025-02-12T23:52:15.625+0000] {processor.py:186} INFO - Started process (PID=3931) to work on /home/airflow/.local/lib/python3.12/site-packages/airflow/example_dags/example_complex.py
[2025-02-12T23:52:15.626+0000] {processor.py:914} INFO - Processing file /home/airflow/.local/lib/python3.12/site-packages/airflow/example_dags/example_complex.py for tasks to queue
[2025-02-12T23:52:15.629+0000] {logging_mixin.py:190} INFO - [2025-02-12T23:52:15.629+0000] {dagbag.py:588} INFO - Filling up the DagBag from /home/airflow/.local/lib/python3.12/site-packages/airflow/example_dags/example_complex.py
[2025-02-12T23:52:15.643+0000] {processor.py:925} INFO - DAG(s) 'example_complex' retrieved from /home/airflow/.local/lib/python3.12/site-packages/airflow/example_dags/example_complex.py
[2025-02-12T23:52:15.693+0000] {logging_mixin.py:190} INFO - [2025-02-12T23:52:15.692+0000] {dag.py:3239} INFO - Sync 1 DAGs
[2025-02-12T23:52:15.714+0000] {logging_mixin.py:190} INFO - [2025-02-12T23:52:15.714+0000] {dag.py:4180} INFO - Setting next_dagrun for example_complex to None, run_after=None
[2025-02-12T23:52:15.737+0000] {processor.py:208} INFO - Processing /home/airflow/.local/lib/python3.12/site-packages/airflow/example_dags/example_complex.py took 0.120 seconds
[2025-02-12T23:52:46.448+0000] {processor.py:186} INFO - Started process (PID=3997) to work on /home/airflow/.local/lib/python3.12/site-packages/airflow/example_dags/example_complex.py
[2025-02-12T23:52:46.449+0000] {processor.py:914} INFO - Processing file /home/airflow/.local/lib/python3.12/site-packages/airflow/example_dags/example_complex.py for tasks to queue
[2025-02-12T23:52:46.451+0000] {logging_mixin.py:190} INFO - [2025-02-12T23:52:46.451+0000] {dagbag.py:588} INFO - Filling up the DagBag from /home/airflow/.local/lib/python3.12/site-packages/airflow/example_dags/example_complex.py
[2025-02-12T23:52:46.466+0000] {processor.py:925} INFO - DAG(s) 'example_complex' retrieved from /home/airflow/.local/lib/python3.12/site-packages/airflow/example_dags/example_complex.py
[2025-02-12T23:52:46.502+0000] {logging_mixin.py:190} INFO - [2025-02-12T23:52:46.502+0000] {dag.py:3239} INFO - Sync 1 DAGs
[2025-02-12T23:52:46.519+0000] {logging_mixin.py:190} INFO - [2025-02-12T23:52:46.519+0000] {dag.py:4180} INFO - Setting next_dagrun for example_complex to None, run_after=None
[2025-02-12T23:52:46.540+0000] {processor.py:208} INFO - Processing /home/airflow/.local/lib/python3.12/site-packages/airflow/example_dags/example_complex.py took 0.101 seconds
[2025-02-12T23:53:17.484+0000] {processor.py:186} INFO - Started process (PID=4063) to work on /home/airflow/.local/lib/python3.12/site-packages/airflow/example_dags/example_complex.py
[2025-02-12T23:53:17.485+0000] {processor.py:914} INFO - Processing file /home/airflow/.local/lib/python3.12/site-packages/airflow/example_dags/example_complex.py for tasks to queue
[2025-02-12T23:53:17.488+0000] {logging_mixin.py:190} INFO - [2025-02-12T23:53:17.488+0000] {dagbag.py:588} INFO - Filling up the DagBag from /home/airflow/.local/lib/python3.12/site-packages/airflow/example_dags/example_complex.py
[2025-02-12T23:53:17.504+0000] {processor.py:925} INFO - DAG(s) 'example_complex' retrieved from /home/airflow/.local/lib/python3.12/site-packages/airflow/example_dags/example_complex.py
[2025-02-12T23:53:17.544+0000] {logging_mixin.py:190} INFO - [2025-02-12T23:53:17.544+0000] {dag.py:3239} INFO - Sync 1 DAGs
[2025-02-12T23:53:17.560+0000] {logging_mixin.py:190} INFO - [2025-02-12T23:53:17.560+0000] {dag.py:4180} INFO - Setting next_dagrun for example_complex to None, run_after=None
[2025-02-12T23:53:17.588+0000] {processor.py:208} INFO - Processing /home/airflow/.local/lib/python3.12/site-packages/airflow/example_dags/example_complex.py took 0.113 seconds
[2025-02-12T23:53:48.153+0000] {processor.py:186} INFO - Started process (PID=4129) to work on /home/airflow/.local/lib/python3.12/site-packages/airflow/example_dags/example_complex.py
[2025-02-12T23:53:48.154+0000] {processor.py:914} INFO - Processing file /home/airflow/.local/lib/python3.12/site-packages/airflow/example_dags/example_complex.py for tasks to queue
[2025-02-12T23:53:48.156+0000] {logging_mixin.py:190} INFO - [2025-02-12T23:53:48.156+0000] {dagbag.py:588} INFO - Filling up the DagBag from /home/airflow/.local/lib/python3.12/site-packages/airflow/example_dags/example_complex.py
[2025-02-12T23:53:48.168+0000] {processor.py:925} INFO - DAG(s) 'example_complex' retrieved from /home/airflow/.local/lib/python3.12/site-packages/airflow/example_dags/example_complex.py
[2025-02-12T23:53:48.221+0000] {logging_mixin.py:190} INFO - [2025-02-12T23:53:48.221+0000] {dag.py:3239} INFO - Sync 1 DAGs
[2025-02-12T23:53:48.238+0000] {logging_mixin.py:190} INFO - [2025-02-12T23:53:48.237+0000] {dag.py:4180} INFO - Setting next_dagrun for example_complex to None, run_after=None
[2025-02-12T23:53:48.260+0000] {processor.py:208} INFO - Processing /home/airflow/.local/lib/python3.12/site-packages/airflow/example_dags/example_complex.py took 0.113 seconds
[2025-02-12T23:54:18.480+0000] {processor.py:186} INFO - Started process (PID=4195) to work on /home/airflow/.local/lib/python3.12/site-packages/airflow/example_dags/example_complex.py
[2025-02-12T23:54:18.481+0000] {processor.py:914} INFO - Processing file /home/airflow/.local/lib/python3.12/site-packages/airflow/example_dags/example_complex.py for tasks to queue
[2025-02-12T23:54:18.484+0000] {logging_mixin.py:190} INFO - [2025-02-12T23:54:18.484+0000] {dagbag.py:588} INFO - Filling up the DagBag from /home/airflow/.local/lib/python3.12/site-packages/airflow/example_dags/example_complex.py
[2025-02-12T23:54:18.500+0000] {processor.py:925} INFO - DAG(s) 'example_complex' retrieved from /home/airflow/.local/lib/python3.12/site-packages/airflow/example_dags/example_complex.py
[2025-02-12T23:54:18.568+0000] {logging_mixin.py:190} INFO - [2025-02-12T23:54:18.568+0000] {dag.py:3239} INFO - Sync 1 DAGs
[2025-02-12T23:54:18.630+0000] {logging_mixin.py:190} INFO - [2025-02-12T23:54:18.630+0000] {dag.py:4180} INFO - Setting next_dagrun for example_complex to None, run_after=None
[2025-02-12T23:54:18.670+0000] {processor.py:208} INFO - Processing /home/airflow/.local/lib/python3.12/site-packages/airflow/example_dags/example_complex.py took 0.197 seconds
[2025-02-12T23:54:48.756+0000] {processor.py:186} INFO - Started process (PID=4261) to work on /home/airflow/.local/lib/python3.12/site-packages/airflow/example_dags/example_complex.py
[2025-02-12T23:54:48.758+0000] {processor.py:914} INFO - Processing file /home/airflow/.local/lib/python3.12/site-packages/airflow/example_dags/example_complex.py for tasks to queue
[2025-02-12T23:54:48.761+0000] {logging_mixin.py:190} INFO - [2025-02-12T23:54:48.761+0000] {dagbag.py:588} INFO - Filling up the DagBag from /home/airflow/.local/lib/python3.12/site-packages/airflow/example_dags/example_complex.py
[2025-02-12T23:54:48.779+0000] {processor.py:925} INFO - DAG(s) 'example_complex' retrieved from /home/airflow/.local/lib/python3.12/site-packages/airflow/example_dags/example_complex.py
[2025-02-12T23:54:48.816+0000] {logging_mixin.py:190} INFO - [2025-02-12T23:54:48.815+0000] {dag.py:3239} INFO - Sync 1 DAGs
[2025-02-12T23:54:48.838+0000] {logging_mixin.py:190} INFO - [2025-02-12T23:54:48.837+0000] {dag.py:4180} INFO - Setting next_dagrun for example_complex to None, run_after=None
[2025-02-12T23:54:48.866+0000] {processor.py:208} INFO - Processing /home/airflow/.local/lib/python3.12/site-packages/airflow/example_dags/example_complex.py took 0.117 seconds
[2025-02-12T23:55:19.012+0000] {processor.py:186} INFO - Started process (PID=4327) to work on /home/airflow/.local/lib/python3.12/site-packages/airflow/example_dags/example_complex.py
[2025-02-12T23:55:19.013+0000] {processor.py:914} INFO - Processing file /home/airflow/.local/lib/python3.12/site-packages/airflow/example_dags/example_complex.py for tasks to queue
[2025-02-12T23:55:19.016+0000] {logging_mixin.py:190} INFO - [2025-02-12T23:55:19.015+0000] {dagbag.py:588} INFO - Filling up the DagBag from /home/airflow/.local/lib/python3.12/site-packages/airflow/example_dags/example_complex.py
[2025-02-12T23:55:19.030+0000] {processor.py:925} INFO - DAG(s) 'example_complex' retrieved from /home/airflow/.local/lib/python3.12/site-packages/airflow/example_dags/example_complex.py
[2025-02-12T23:55:19.063+0000] {logging_mixin.py:190} INFO - [2025-02-12T23:55:19.063+0000] {dag.py:3239} INFO - Sync 1 DAGs
[2025-02-12T23:55:19.079+0000] {logging_mixin.py:190} INFO - [2025-02-12T23:55:19.079+0000] {dag.py:4180} INFO - Setting next_dagrun for example_complex to None, run_after=None
[2025-02-12T23:55:19.100+0000] {processor.py:208} INFO - Processing /home/airflow/.local/lib/python3.12/site-packages/airflow/example_dags/example_complex.py took 0.096 seconds
[2025-02-12T23:55:49.137+0000] {processor.py:186} INFO - Started process (PID=4392) to work on /home/airflow/.local/lib/python3.12/site-packages/airflow/example_dags/example_complex.py
[2025-02-12T23:55:49.138+0000] {processor.py:914} INFO - Processing file /home/airflow/.local/lib/python3.12/site-packages/airflow/example_dags/example_complex.py for tasks to queue
[2025-02-12T23:55:49.142+0000] {logging_mixin.py:190} INFO - [2025-02-12T23:55:49.141+0000] {dagbag.py:588} INFO - Filling up the DagBag from /home/airflow/.local/lib/python3.12/site-packages/airflow/example_dags/example_complex.py
[2025-02-12T23:55:49.155+0000] {processor.py:925} INFO - DAG(s) 'example_complex' retrieved from /home/airflow/.local/lib/python3.12/site-packages/airflow/example_dags/example_complex.py
[2025-02-12T23:55:49.199+0000] {logging_mixin.py:190} INFO - [2025-02-12T23:55:49.199+0000] {dag.py:3239} INFO - Sync 1 DAGs
[2025-02-12T23:55:49.213+0000] {logging_mixin.py:190} INFO - [2025-02-12T23:55:49.213+0000] {dag.py:4180} INFO - Setting next_dagrun for example_complex to None, run_after=None
[2025-02-12T23:55:49.231+0000] {processor.py:208} INFO - Processing /home/airflow/.local/lib/python3.12/site-packages/airflow/example_dags/example_complex.py took 0.102 seconds
[2025-02-12T23:56:19.570+0000] {processor.py:186} INFO - Started process (PID=4457) to work on /home/airflow/.local/lib/python3.12/site-packages/airflow/example_dags/example_complex.py
[2025-02-12T23:56:19.571+0000] {processor.py:914} INFO - Processing file /home/airflow/.local/lib/python3.12/site-packages/airflow/example_dags/example_complex.py for tasks to queue
[2025-02-12T23:56:19.575+0000] {logging_mixin.py:190} INFO - [2025-02-12T23:56:19.573+0000] {dagbag.py:588} INFO - Filling up the DagBag from /home/airflow/.local/lib/python3.12/site-packages/airflow/example_dags/example_complex.py
[2025-02-12T23:56:19.592+0000] {processor.py:925} INFO - DAG(s) 'example_complex' retrieved from /home/airflow/.local/lib/python3.12/site-packages/airflow/example_dags/example_complex.py
[2025-02-12T23:56:19.642+0000] {logging_mixin.py:190} INFO - [2025-02-12T23:56:19.641+0000] {dag.py:3239} INFO - Sync 1 DAGs
[2025-02-12T23:56:19.663+0000] {logging_mixin.py:190} INFO - [2025-02-12T23:56:19.663+0000] {dag.py:4180} INFO - Setting next_dagrun for example_complex to None, run_after=None
[2025-02-12T23:56:19.694+0000] {processor.py:208} INFO - Processing /home/airflow/.local/lib/python3.12/site-packages/airflow/example_dags/example_complex.py took 0.132 seconds
[2025-02-12T23:56:49.798+0000] {processor.py:186} INFO - Started process (PID=4524) to work on /home/airflow/.local/lib/python3.12/site-packages/airflow/example_dags/example_complex.py
[2025-02-12T23:56:49.801+0000] {processor.py:914} INFO - Processing file /home/airflow/.local/lib/python3.12/site-packages/airflow/example_dags/example_complex.py for tasks to queue
[2025-02-12T23:56:49.804+0000] {logging_mixin.py:190} INFO - [2025-02-12T23:56:49.803+0000] {dagbag.py:588} INFO - Filling up the DagBag from /home/airflow/.local/lib/python3.12/site-packages/airflow/example_dags/example_complex.py
[2025-02-12T23:56:49.825+0000] {processor.py:925} INFO - DAG(s) 'example_complex' retrieved from /home/airflow/.local/lib/python3.12/site-packages/airflow/example_dags/example_complex.py
[2025-02-12T23:56:49.863+0000] {logging_mixin.py:190} INFO - [2025-02-12T23:56:49.863+0000] {dag.py:3239} INFO - Sync 1 DAGs
[2025-02-12T23:56:49.880+0000] {logging_mixin.py:190} INFO - [2025-02-12T23:56:49.880+0000] {dag.py:4180} INFO - Setting next_dagrun for example_complex to None, run_after=None
[2025-02-12T23:56:49.902+0000] {processor.py:208} INFO - Processing /home/airflow/.local/lib/python3.12/site-packages/airflow/example_dags/example_complex.py took 0.113 seconds
[2025-02-12T23:57:20.034+0000] {processor.py:186} INFO - Started process (PID=4590) to work on /home/airflow/.local/lib/python3.12/site-packages/airflow/example_dags/example_complex.py
[2025-02-12T23:57:20.035+0000] {processor.py:914} INFO - Processing file /home/airflow/.local/lib/python3.12/site-packages/airflow/example_dags/example_complex.py for tasks to queue
[2025-02-12T23:57:20.038+0000] {logging_mixin.py:190} INFO - [2025-02-12T23:57:20.038+0000] {dagbag.py:588} INFO - Filling up the DagBag from /home/airflow/.local/lib/python3.12/site-packages/airflow/example_dags/example_complex.py
[2025-02-12T23:57:20.057+0000] {processor.py:925} INFO - DAG(s) 'example_complex' retrieved from /home/airflow/.local/lib/python3.12/site-packages/airflow/example_dags/example_complex.py
[2025-02-12T23:57:20.102+0000] {logging_mixin.py:190} INFO - [2025-02-12T23:57:20.102+0000] {dag.py:3239} INFO - Sync 1 DAGs
[2025-02-12T23:57:20.125+0000] {logging_mixin.py:190} INFO - [2025-02-12T23:57:20.125+0000] {dag.py:4180} INFO - Setting next_dagrun for example_complex to None, run_after=None
[2025-02-12T23:57:20.155+0000] {processor.py:208} INFO - Processing /home/airflow/.local/lib/python3.12/site-packages/airflow/example_dags/example_complex.py took 0.131 seconds
[2025-02-12T23:57:50.260+0000] {processor.py:186} INFO - Started process (PID=4656) to work on /home/airflow/.local/lib/python3.12/site-packages/airflow/example_dags/example_complex.py
[2025-02-12T23:57:50.261+0000] {processor.py:914} INFO - Processing file /home/airflow/.local/lib/python3.12/site-packages/airflow/example_dags/example_complex.py for tasks to queue
[2025-02-12T23:57:50.263+0000] {logging_mixin.py:190} INFO - [2025-02-12T23:57:50.263+0000] {dagbag.py:588} INFO - Filling up the DagBag from /home/airflow/.local/lib/python3.12/site-packages/airflow/example_dags/example_complex.py
[2025-02-12T23:57:50.279+0000] {processor.py:925} INFO - DAG(s) 'example_complex' retrieved from /home/airflow/.local/lib/python3.12/site-packages/airflow/example_dags/example_complex.py
[2025-02-12T23:57:50.321+0000] {logging_mixin.py:190} INFO - [2025-02-12T23:57:50.320+0000] {dag.py:3239} INFO - Sync 1 DAGs
[2025-02-12T23:57:50.342+0000] {logging_mixin.py:190} INFO - [2025-02-12T23:57:50.342+0000] {dag.py:4180} INFO - Setting next_dagrun for example_complex to None, run_after=None
[2025-02-12T23:57:50.369+0000] {processor.py:208} INFO - Processing /home/airflow/.local/lib/python3.12/site-packages/airflow/example_dags/example_complex.py took 0.116 seconds
[2025-02-12T23:58:20.488+0000] {processor.py:186} INFO - Started process (PID=4722) to work on /home/airflow/.local/lib/python3.12/site-packages/airflow/example_dags/example_complex.py
[2025-02-12T23:58:20.489+0000] {processor.py:914} INFO - Processing file /home/airflow/.local/lib/python3.12/site-packages/airflow/example_dags/example_complex.py for tasks to queue
[2025-02-12T23:58:20.493+0000] {logging_mixin.py:190} INFO - [2025-02-12T23:58:20.493+0000] {dagbag.py:588} INFO - Filling up the DagBag from /home/airflow/.local/lib/python3.12/site-packages/airflow/example_dags/example_complex.py
[2025-02-12T23:58:20.512+0000] {processor.py:925} INFO - DAG(s) 'example_complex' retrieved from /home/airflow/.local/lib/python3.12/site-packages/airflow/example_dags/example_complex.py
[2025-02-12T23:58:20.550+0000] {logging_mixin.py:190} INFO - [2025-02-12T23:58:20.550+0000] {dag.py:3239} INFO - Sync 1 DAGs
[2025-02-12T23:58:20.569+0000] {logging_mixin.py:190} INFO - [2025-02-12T23:58:20.569+0000] {dag.py:4180} INFO - Setting next_dagrun for example_complex to None, run_after=None
[2025-02-12T23:58:20.601+0000] {processor.py:208} INFO - Processing /home/airflow/.local/lib/python3.12/site-packages/airflow/example_dags/example_complex.py took 0.118 seconds
[2025-02-12T23:58:51.504+0000] {processor.py:186} INFO - Started process (PID=4788) to work on /home/airflow/.local/lib/python3.12/site-packages/airflow/example_dags/example_complex.py
[2025-02-12T23:58:51.507+0000] {processor.py:914} INFO - Processing file /home/airflow/.local/lib/python3.12/site-packages/airflow/example_dags/example_complex.py for tasks to queue
[2025-02-12T23:58:51.510+0000] {logging_mixin.py:190} INFO - [2025-02-12T23:58:51.510+0000] {dagbag.py:588} INFO - Filling up the DagBag from /home/airflow/.local/lib/python3.12/site-packages/airflow/example_dags/example_complex.py
[2025-02-12T23:58:51.529+0000] {processor.py:925} INFO - DAG(s) 'example_complex' retrieved from /home/airflow/.local/lib/python3.12/site-packages/airflow/example_dags/example_complex.py
[2025-02-12T23:58:51.564+0000] {logging_mixin.py:190} INFO - [2025-02-12T23:58:51.564+0000] {dag.py:3239} INFO - Sync 1 DAGs
[2025-02-12T23:58:51.581+0000] {logging_mixin.py:190} INFO - [2025-02-12T23:58:51.580+0000] {dag.py:4180} INFO - Setting next_dagrun for example_complex to None, run_after=None
[2025-02-12T23:58:51.600+0000] {processor.py:208} INFO - Processing /home/airflow/.local/lib/python3.12/site-packages/airflow/example_dags/example_complex.py took 0.102 seconds
[2025-02-12T23:59:21.967+0000] {processor.py:186} INFO - Started process (PID=4853) to work on /home/airflow/.local/lib/python3.12/site-packages/airflow/example_dags/example_complex.py
[2025-02-12T23:59:21.968+0000] {processor.py:914} INFO - Processing file /home/airflow/.local/lib/python3.12/site-packages/airflow/example_dags/example_complex.py for tasks to queue
[2025-02-12T23:59:21.972+0000] {logging_mixin.py:190} INFO - [2025-02-12T23:59:21.971+0000] {dagbag.py:588} INFO - Filling up the DagBag from /home/airflow/.local/lib/python3.12/site-packages/airflow/example_dags/example_complex.py
[2025-02-12T23:59:22.001+0000] {processor.py:925} INFO - DAG(s) 'example_complex' retrieved from /home/airflow/.local/lib/python3.12/site-packages/airflow/example_dags/example_complex.py
[2025-02-12T23:59:22.056+0000] {logging_mixin.py:190} INFO - [2025-02-12T23:59:22.056+0000] {dag.py:3239} INFO - Sync 1 DAGs
[2025-02-12T23:59:22.081+0000] {logging_mixin.py:190} INFO - [2025-02-12T23:59:22.081+0000] {dag.py:4180} INFO - Setting next_dagrun for example_complex to None, run_after=None
[2025-02-12T23:59:22.125+0000] {processor.py:208} INFO - Processing /home/airflow/.local/lib/python3.12/site-packages/airflow/example_dags/example_complex.py took 0.165 seconds
[2025-02-12T23:59:53.057+0000] {processor.py:186} INFO - Started process (PID=4919) to work on /home/airflow/.local/lib/python3.12/site-packages/airflow/example_dags/example_complex.py
[2025-02-12T23:59:53.059+0000] {processor.py:914} INFO - Processing file /home/airflow/.local/lib/python3.12/site-packages/airflow/example_dags/example_complex.py for tasks to queue
[2025-02-12T23:59:53.062+0000] {logging_mixin.py:190} INFO - [2025-02-12T23:59:53.062+0000] {dagbag.py:588} INFO - Filling up the DagBag from /home/airflow/.local/lib/python3.12/site-packages/airflow/example_dags/example_complex.py
[2025-02-12T23:59:53.091+0000] {processor.py:925} INFO - DAG(s) 'example_complex' retrieved from /home/airflow/.local/lib/python3.12/site-packages/airflow/example_dags/example_complex.py
[2025-02-12T23:59:53.148+0000] {logging_mixin.py:190} INFO - [2025-02-12T23:59:53.148+0000] {dag.py:3239} INFO - Sync 1 DAGs
[2025-02-12T23:59:53.171+0000] {logging_mixin.py:190} INFO - [2025-02-12T23:59:53.170+0000] {dag.py:4180} INFO - Setting next_dagrun for example_complex to None, run_after=None
[2025-02-12T23:59:53.219+0000] {processor.py:208} INFO - Processing /home/airflow/.local/lib/python3.12/site-packages/airflow/example_dags/example_complex.py took 0.171 seconds
