[2025-02-12T00:00:08.500+0000] {processor.py:186} INFO - Started process (PID=2337) to work on /home/airflow/.local/lib/python3.12/site-packages/airflow/example_dags/tutorial_taskflow_templates.py
[2025-02-12T00:00:08.502+0000] {processor.py:914} INFO - Processing file /home/airflow/.local/lib/python3.12/site-packages/airflow/example_dags/tutorial_taskflow_templates.py for tasks to queue
[2025-02-12T00:00:08.507+0000] {logging_mixin.py:190} INFO - [2025-02-12T00:00:08.506+0000] {dagbag.py:588} INFO - Filling up the DagBag from /home/airflow/.local/lib/python3.12/site-packages/airflow/example_dags/tutorial_taskflow_templates.py
[2025-02-12T00:00:08.530+0000] {processor.py:925} INFO - DAG(s) 'tutorial_taskflow_templates' retrieved from /home/airflow/.local/lib/python3.12/site-packages/airflow/example_dags/tutorial_taskflow_templates.py
[2025-02-12T00:00:08.569+0000] {logging_mixin.py:190} INFO - [2025-02-12T00:00:08.568+0000] {dag.py:3239} INFO - Sync 1 DAGs
[2025-02-12T00:00:08.614+0000] {logging_mixin.py:190} INFO - [2025-02-12T00:00:08.614+0000] {dag.py:4180} INFO - Setting next_dagrun for tutorial_taskflow_templates to 2025-02-11 00:00:00+00:00, run_after=2025-02-12 00:00:00+00:00
[2025-02-12T00:00:08.643+0000] {processor.py:208} INFO - Processing /home/airflow/.local/lib/python3.12/site-packages/airflow/example_dags/tutorial_taskflow_templates.py took 0.151 seconds
[2025-02-12T00:00:38.763+0000] {processor.py:186} INFO - Started process (PID=2402) to work on /home/airflow/.local/lib/python3.12/site-packages/airflow/example_dags/tutorial_taskflow_templates.py
[2025-02-12T00:00:38.765+0000] {processor.py:914} INFO - Processing file /home/airflow/.local/lib/python3.12/site-packages/airflow/example_dags/tutorial_taskflow_templates.py for tasks to queue
[2025-02-12T00:00:38.768+0000] {logging_mixin.py:190} INFO - [2025-02-12T00:00:38.767+0000] {dagbag.py:588} INFO - Filling up the DagBag from /home/airflow/.local/lib/python3.12/site-packages/airflow/example_dags/tutorial_taskflow_templates.py
[2025-02-12T00:00:38.809+0000] {processor.py:925} INFO - DAG(s) 'tutorial_taskflow_templates' retrieved from /home/airflow/.local/lib/python3.12/site-packages/airflow/example_dags/tutorial_taskflow_templates.py
[2025-02-12T00:00:38.845+0000] {logging_mixin.py:190} INFO - [2025-02-12T00:00:38.845+0000] {dag.py:3239} INFO - Sync 1 DAGs
[2025-02-12T00:00:38.927+0000] {logging_mixin.py:190} INFO - [2025-02-12T00:00:38.927+0000] {dag.py:4180} INFO - Setting next_dagrun for tutorial_taskflow_templates to 2025-02-11 00:00:00+00:00, run_after=2025-02-12 00:00:00+00:00
[2025-02-12T00:00:38.954+0000] {processor.py:208} INFO - Processing /home/airflow/.local/lib/python3.12/site-packages/airflow/example_dags/tutorial_taskflow_templates.py took 0.197 seconds
[2025-02-12T00:01:09.071+0000] {processor.py:186} INFO - Started process (PID=2468) to work on /home/airflow/.local/lib/python3.12/site-packages/airflow/example_dags/tutorial_taskflow_templates.py
[2025-02-12T00:01:09.072+0000] {processor.py:914} INFO - Processing file /home/airflow/.local/lib/python3.12/site-packages/airflow/example_dags/tutorial_taskflow_templates.py for tasks to queue
[2025-02-12T00:01:09.074+0000] {logging_mixin.py:190} INFO - [2025-02-12T00:01:09.074+0000] {dagbag.py:588} INFO - Filling up the DagBag from /home/airflow/.local/lib/python3.12/site-packages/airflow/example_dags/tutorial_taskflow_templates.py
[2025-02-12T00:01:09.090+0000] {processor.py:925} INFO - DAG(s) 'tutorial_taskflow_templates' retrieved from /home/airflow/.local/lib/python3.12/site-packages/airflow/example_dags/tutorial_taskflow_templates.py
[2025-02-12T00:01:09.112+0000] {logging_mixin.py:190} INFO - [2025-02-12T00:01:09.112+0000] {dag.py:3239} INFO - Sync 1 DAGs
[2025-02-12T00:01:09.140+0000] {logging_mixin.py:190} INFO - [2025-02-12T00:01:09.140+0000] {dag.py:4180} INFO - Setting next_dagrun for tutorial_taskflow_templates to 2025-02-11 00:00:00+00:00, run_after=2025-02-12 00:00:00+00:00
[2025-02-12T00:01:09.162+0000] {processor.py:208} INFO - Processing /home/airflow/.local/lib/python3.12/site-packages/airflow/example_dags/tutorial_taskflow_templates.py took 0.097 seconds
[2025-02-12T00:01:39.446+0000] {processor.py:186} INFO - Started process (PID=2535) to work on /home/airflow/.local/lib/python3.12/site-packages/airflow/example_dags/tutorial_taskflow_templates.py
[2025-02-12T00:01:39.448+0000] {processor.py:914} INFO - Processing file /home/airflow/.local/lib/python3.12/site-packages/airflow/example_dags/tutorial_taskflow_templates.py for tasks to queue
[2025-02-12T00:01:39.450+0000] {logging_mixin.py:190} INFO - [2025-02-12T00:01:39.450+0000] {dagbag.py:588} INFO - Filling up the DagBag from /home/airflow/.local/lib/python3.12/site-packages/airflow/example_dags/tutorial_taskflow_templates.py
[2025-02-12T00:01:39.465+0000] {processor.py:925} INFO - DAG(s) 'tutorial_taskflow_templates' retrieved from /home/airflow/.local/lib/python3.12/site-packages/airflow/example_dags/tutorial_taskflow_templates.py
[2025-02-12T00:01:39.491+0000] {logging_mixin.py:190} INFO - [2025-02-12T00:01:39.491+0000] {dag.py:3239} INFO - Sync 1 DAGs
[2025-02-12T00:01:39.522+0000] {logging_mixin.py:190} INFO - [2025-02-12T00:01:39.521+0000] {dag.py:4180} INFO - Setting next_dagrun for tutorial_taskflow_templates to 2025-02-11 00:00:00+00:00, run_after=2025-02-12 00:00:00+00:00
[2025-02-12T00:01:39.542+0000] {processor.py:208} INFO - Processing /home/airflow/.local/lib/python3.12/site-packages/airflow/example_dags/tutorial_taskflow_templates.py took 0.102 seconds
[2025-02-12T00:02:09.920+0000] {processor.py:186} INFO - Started process (PID=2601) to work on /home/airflow/.local/lib/python3.12/site-packages/airflow/example_dags/tutorial_taskflow_templates.py
[2025-02-12T00:02:09.921+0000] {processor.py:914} INFO - Processing file /home/airflow/.local/lib/python3.12/site-packages/airflow/example_dags/tutorial_taskflow_templates.py for tasks to queue
[2025-02-12T00:02:09.925+0000] {logging_mixin.py:190} INFO - [2025-02-12T00:02:09.924+0000] {dagbag.py:588} INFO - Filling up the DagBag from /home/airflow/.local/lib/python3.12/site-packages/airflow/example_dags/tutorial_taskflow_templates.py
[2025-02-12T00:02:09.939+0000] {processor.py:925} INFO - DAG(s) 'tutorial_taskflow_templates' retrieved from /home/airflow/.local/lib/python3.12/site-packages/airflow/example_dags/tutorial_taskflow_templates.py
[2025-02-12T00:02:09.966+0000] {logging_mixin.py:190} INFO - [2025-02-12T00:02:09.965+0000] {dag.py:3239} INFO - Sync 1 DAGs
[2025-02-12T00:02:09.991+0000] {logging_mixin.py:190} INFO - [2025-02-12T00:02:09.991+0000] {dag.py:4180} INFO - Setting next_dagrun for tutorial_taskflow_templates to 2025-02-11 00:00:00+00:00, run_after=2025-02-12 00:00:00+00:00
[2025-02-12T00:02:10.015+0000] {processor.py:208} INFO - Processing /home/airflow/.local/lib/python3.12/site-packages/airflow/example_dags/tutorial_taskflow_templates.py took 0.103 seconds
[2025-02-12T00:02:40.718+0000] {processor.py:186} INFO - Started process (PID=2667) to work on /home/airflow/.local/lib/python3.12/site-packages/airflow/example_dags/tutorial_taskflow_templates.py
[2025-02-12T00:02:40.720+0000] {processor.py:914} INFO - Processing file /home/airflow/.local/lib/python3.12/site-packages/airflow/example_dags/tutorial_taskflow_templates.py for tasks to queue
[2025-02-12T00:02:40.725+0000] {logging_mixin.py:190} INFO - [2025-02-12T00:02:40.724+0000] {dagbag.py:588} INFO - Filling up the DagBag from /home/airflow/.local/lib/python3.12/site-packages/airflow/example_dags/tutorial_taskflow_templates.py
[2025-02-12T00:02:40.745+0000] {processor.py:925} INFO - DAG(s) 'tutorial_taskflow_templates' retrieved from /home/airflow/.local/lib/python3.12/site-packages/airflow/example_dags/tutorial_taskflow_templates.py
[2025-02-12T00:02:40.784+0000] {logging_mixin.py:190} INFO - [2025-02-12T00:02:40.783+0000] {dag.py:3239} INFO - Sync 1 DAGs
[2025-02-12T00:02:40.862+0000] {logging_mixin.py:190} INFO - [2025-02-12T00:02:40.861+0000] {dag.py:4180} INFO - Setting next_dagrun for tutorial_taskflow_templates to 2025-02-11 00:00:00+00:00, run_after=2025-02-12 00:00:00+00:00
[2025-02-12T00:02:40.933+0000] {processor.py:208} INFO - Processing /home/airflow/.local/lib/python3.12/site-packages/airflow/example_dags/tutorial_taskflow_templates.py took 0.223 seconds
[2025-02-12T00:03:11.174+0000] {processor.py:186} INFO - Started process (PID=2733) to work on /home/airflow/.local/lib/python3.12/site-packages/airflow/example_dags/tutorial_taskflow_templates.py
[2025-02-12T00:03:11.175+0000] {processor.py:914} INFO - Processing file /home/airflow/.local/lib/python3.12/site-packages/airflow/example_dags/tutorial_taskflow_templates.py for tasks to queue
[2025-02-12T00:03:11.179+0000] {logging_mixin.py:190} INFO - [2025-02-12T00:03:11.178+0000] {dagbag.py:588} INFO - Filling up the DagBag from /home/airflow/.local/lib/python3.12/site-packages/airflow/example_dags/tutorial_taskflow_templates.py
[2025-02-12T00:03:11.197+0000] {processor.py:925} INFO - DAG(s) 'tutorial_taskflow_templates' retrieved from /home/airflow/.local/lib/python3.12/site-packages/airflow/example_dags/tutorial_taskflow_templates.py
[2025-02-12T00:03:11.223+0000] {logging_mixin.py:190} INFO - [2025-02-12T00:03:11.222+0000] {dag.py:3239} INFO - Sync 1 DAGs
[2025-02-12T00:03:11.253+0000] {logging_mixin.py:190} INFO - [2025-02-12T00:03:11.253+0000] {dag.py:4180} INFO - Setting next_dagrun for tutorial_taskflow_templates to 2025-02-11 00:00:00+00:00, run_after=2025-02-12 00:00:00+00:00
[2025-02-12T00:03:11.277+0000] {processor.py:208} INFO - Processing /home/airflow/.local/lib/python3.12/site-packages/airflow/example_dags/tutorial_taskflow_templates.py took 0.111 seconds
[2025-02-12T00:03:41.570+0000] {processor.py:186} INFO - Started process (PID=2799) to work on /home/airflow/.local/lib/python3.12/site-packages/airflow/example_dags/tutorial_taskflow_templates.py
[2025-02-12T00:03:41.571+0000] {processor.py:914} INFO - Processing file /home/airflow/.local/lib/python3.12/site-packages/airflow/example_dags/tutorial_taskflow_templates.py for tasks to queue
[2025-02-12T00:03:41.574+0000] {logging_mixin.py:190} INFO - [2025-02-12T00:03:41.573+0000] {dagbag.py:588} INFO - Filling up the DagBag from /home/airflow/.local/lib/python3.12/site-packages/airflow/example_dags/tutorial_taskflow_templates.py
[2025-02-12T00:03:41.587+0000] {processor.py:925} INFO - DAG(s) 'tutorial_taskflow_templates' retrieved from /home/airflow/.local/lib/python3.12/site-packages/airflow/example_dags/tutorial_taskflow_templates.py
[2025-02-12T00:03:41.608+0000] {logging_mixin.py:190} INFO - [2025-02-12T00:03:41.608+0000] {dag.py:3239} INFO - Sync 1 DAGs
[2025-02-12T00:03:41.638+0000] {logging_mixin.py:190} INFO - [2025-02-12T00:03:41.637+0000] {dag.py:4180} INFO - Setting next_dagrun for tutorial_taskflow_templates to 2025-02-11 00:00:00+00:00, run_after=2025-02-12 00:00:00+00:00
[2025-02-12T00:03:41.662+0000] {processor.py:208} INFO - Processing /home/airflow/.local/lib/python3.12/site-packages/airflow/example_dags/tutorial_taskflow_templates.py took 0.098 seconds
[2025-02-12T00:04:12.180+0000] {processor.py:186} INFO - Started process (PID=2865) to work on /home/airflow/.local/lib/python3.12/site-packages/airflow/example_dags/tutorial_taskflow_templates.py
[2025-02-12T00:04:12.182+0000] {processor.py:914} INFO - Processing file /home/airflow/.local/lib/python3.12/site-packages/airflow/example_dags/tutorial_taskflow_templates.py for tasks to queue
[2025-02-12T00:04:12.185+0000] {logging_mixin.py:190} INFO - [2025-02-12T00:04:12.184+0000] {dagbag.py:588} INFO - Filling up the DagBag from /home/airflow/.local/lib/python3.12/site-packages/airflow/example_dags/tutorial_taskflow_templates.py
[2025-02-12T00:04:12.205+0000] {processor.py:925} INFO - DAG(s) 'tutorial_taskflow_templates' retrieved from /home/airflow/.local/lib/python3.12/site-packages/airflow/example_dags/tutorial_taskflow_templates.py
[2025-02-12T00:04:12.237+0000] {logging_mixin.py:190} INFO - [2025-02-12T00:04:12.237+0000] {dag.py:3239} INFO - Sync 1 DAGs
[2025-02-12T00:04:12.283+0000] {logging_mixin.py:190} INFO - [2025-02-12T00:04:12.282+0000] {dag.py:4180} INFO - Setting next_dagrun for tutorial_taskflow_templates to 2025-02-11 00:00:00+00:00, run_after=2025-02-12 00:00:00+00:00
[2025-02-12T00:04:12.327+0000] {processor.py:208} INFO - Processing /home/airflow/.local/lib/python3.12/site-packages/airflow/example_dags/tutorial_taskflow_templates.py took 0.154 seconds
[2025-02-12T00:04:43.032+0000] {processor.py:186} INFO - Started process (PID=2930) to work on /home/airflow/.local/lib/python3.12/site-packages/airflow/example_dags/tutorial_taskflow_templates.py
[2025-02-12T00:04:43.037+0000] {processor.py:914} INFO - Processing file /home/airflow/.local/lib/python3.12/site-packages/airflow/example_dags/tutorial_taskflow_templates.py for tasks to queue
[2025-02-12T00:04:43.047+0000] {logging_mixin.py:190} INFO - [2025-02-12T00:04:43.046+0000] {dagbag.py:588} INFO - Filling up the DagBag from /home/airflow/.local/lib/python3.12/site-packages/airflow/example_dags/tutorial_taskflow_templates.py
[2025-02-12T00:04:43.073+0000] {processor.py:925} INFO - DAG(s) 'tutorial_taskflow_templates' retrieved from /home/airflow/.local/lib/python3.12/site-packages/airflow/example_dags/tutorial_taskflow_templates.py
[2025-02-12T00:04:43.096+0000] {logging_mixin.py:190} INFO - [2025-02-12T00:04:43.095+0000] {dag.py:3239} INFO - Sync 1 DAGs
[2025-02-12T00:04:43.125+0000] {logging_mixin.py:190} INFO - [2025-02-12T00:04:43.125+0000] {dag.py:4180} INFO - Setting next_dagrun for tutorial_taskflow_templates to 2025-02-11 00:00:00+00:00, run_after=2025-02-12 00:00:00+00:00
[2025-02-12T00:04:43.152+0000] {processor.py:208} INFO - Processing /home/airflow/.local/lib/python3.12/site-packages/airflow/example_dags/tutorial_taskflow_templates.py took 0.127 seconds
[2025-02-12T00:05:13.824+0000] {processor.py:186} INFO - Started process (PID=2996) to work on /home/airflow/.local/lib/python3.12/site-packages/airflow/example_dags/tutorial_taskflow_templates.py
[2025-02-12T00:05:13.830+0000] {processor.py:914} INFO - Processing file /home/airflow/.local/lib/python3.12/site-packages/airflow/example_dags/tutorial_taskflow_templates.py for tasks to queue
[2025-02-12T00:05:13.833+0000] {logging_mixin.py:190} INFO - [2025-02-12T00:05:13.832+0000] {dagbag.py:588} INFO - Filling up the DagBag from /home/airflow/.local/lib/python3.12/site-packages/airflow/example_dags/tutorial_taskflow_templates.py
[2025-02-12T00:05:13.855+0000] {processor.py:925} INFO - DAG(s) 'tutorial_taskflow_templates' retrieved from /home/airflow/.local/lib/python3.12/site-packages/airflow/example_dags/tutorial_taskflow_templates.py
[2025-02-12T00:05:13.928+0000] {logging_mixin.py:190} INFO - [2025-02-12T00:05:13.928+0000] {dag.py:3239} INFO - Sync 1 DAGs
[2025-02-12T00:05:13.989+0000] {logging_mixin.py:190} INFO - [2025-02-12T00:05:13.989+0000] {dag.py:4180} INFO - Setting next_dagrun for tutorial_taskflow_templates to 2025-02-11 00:00:00+00:00, run_after=2025-02-12 00:00:00+00:00
[2025-02-12T00:05:14.025+0000] {processor.py:208} INFO - Processing /home/airflow/.local/lib/python3.12/site-packages/airflow/example_dags/tutorial_taskflow_templates.py took 0.208 seconds
[2025-02-12T00:05:44.364+0000] {processor.py:186} INFO - Started process (PID=3062) to work on /home/airflow/.local/lib/python3.12/site-packages/airflow/example_dags/tutorial_taskflow_templates.py
[2025-02-12T00:05:44.365+0000] {processor.py:914} INFO - Processing file /home/airflow/.local/lib/python3.12/site-packages/airflow/example_dags/tutorial_taskflow_templates.py for tasks to queue
[2025-02-12T00:05:44.368+0000] {logging_mixin.py:190} INFO - [2025-02-12T00:05:44.367+0000] {dagbag.py:588} INFO - Filling up the DagBag from /home/airflow/.local/lib/python3.12/site-packages/airflow/example_dags/tutorial_taskflow_templates.py
[2025-02-12T00:05:44.383+0000] {processor.py:925} INFO - DAG(s) 'tutorial_taskflow_templates' retrieved from /home/airflow/.local/lib/python3.12/site-packages/airflow/example_dags/tutorial_taskflow_templates.py
[2025-02-12T00:05:44.407+0000] {logging_mixin.py:190} INFO - [2025-02-12T00:05:44.406+0000] {dag.py:3239} INFO - Sync 1 DAGs
[2025-02-12T00:05:44.440+0000] {logging_mixin.py:190} INFO - [2025-02-12T00:05:44.440+0000] {dag.py:4180} INFO - Setting next_dagrun for tutorial_taskflow_templates to 2025-02-11 00:00:00+00:00, run_after=2025-02-12 00:00:00+00:00
[2025-02-12T00:05:44.461+0000] {processor.py:208} INFO - Processing /home/airflow/.local/lib/python3.12/site-packages/airflow/example_dags/tutorial_taskflow_templates.py took 0.105 seconds
[2025-02-12T00:06:14.852+0000] {processor.py:186} INFO - Started process (PID=3127) to work on /home/airflow/.local/lib/python3.12/site-packages/airflow/example_dags/tutorial_taskflow_templates.py
[2025-02-12T00:06:14.853+0000] {processor.py:914} INFO - Processing file /home/airflow/.local/lib/python3.12/site-packages/airflow/example_dags/tutorial_taskflow_templates.py for tasks to queue
[2025-02-12T00:06:14.856+0000] {logging_mixin.py:190} INFO - [2025-02-12T00:06:14.855+0000] {dagbag.py:588} INFO - Filling up the DagBag from /home/airflow/.local/lib/python3.12/site-packages/airflow/example_dags/tutorial_taskflow_templates.py
[2025-02-12T00:06:14.882+0000] {processor.py:925} INFO - DAG(s) 'tutorial_taskflow_templates' retrieved from /home/airflow/.local/lib/python3.12/site-packages/airflow/example_dags/tutorial_taskflow_templates.py
[2025-02-12T00:06:14.908+0000] {logging_mixin.py:190} INFO - [2025-02-12T00:06:14.908+0000] {dag.py:3239} INFO - Sync 1 DAGs
[2025-02-12T00:06:14.946+0000] {logging_mixin.py:190} INFO - [2025-02-12T00:06:14.946+0000] {dag.py:4180} INFO - Setting next_dagrun for tutorial_taskflow_templates to 2025-02-11 00:00:00+00:00, run_after=2025-02-12 00:00:00+00:00
[2025-02-12T00:06:14.976+0000] {processor.py:208} INFO - Processing /home/airflow/.local/lib/python3.12/site-packages/airflow/example_dags/tutorial_taskflow_templates.py took 0.135 seconds
[2025-02-12T00:06:45.309+0000] {processor.py:186} INFO - Started process (PID=3193) to work on /home/airflow/.local/lib/python3.12/site-packages/airflow/example_dags/tutorial_taskflow_templates.py
[2025-02-12T00:06:45.311+0000] {processor.py:914} INFO - Processing file /home/airflow/.local/lib/python3.12/site-packages/airflow/example_dags/tutorial_taskflow_templates.py for tasks to queue
[2025-02-12T00:06:45.314+0000] {logging_mixin.py:190} INFO - [2025-02-12T00:06:45.313+0000] {dagbag.py:588} INFO - Filling up the DagBag from /home/airflow/.local/lib/python3.12/site-packages/airflow/example_dags/tutorial_taskflow_templates.py
[2025-02-12T00:06:45.327+0000] {processor.py:925} INFO - DAG(s) 'tutorial_taskflow_templates' retrieved from /home/airflow/.local/lib/python3.12/site-packages/airflow/example_dags/tutorial_taskflow_templates.py
[2025-02-12T00:06:45.350+0000] {logging_mixin.py:190} INFO - [2025-02-12T00:06:45.350+0000] {dag.py:3239} INFO - Sync 1 DAGs
[2025-02-12T00:06:45.383+0000] {logging_mixin.py:190} INFO - [2025-02-12T00:06:45.382+0000] {dag.py:4180} INFO - Setting next_dagrun for tutorial_taskflow_templates to 2025-02-11 00:00:00+00:00, run_after=2025-02-12 00:00:00+00:00
[2025-02-12T00:06:45.416+0000] {processor.py:208} INFO - Processing /home/airflow/.local/lib/python3.12/site-packages/airflow/example_dags/tutorial_taskflow_templates.py took 0.114 seconds
[2025-02-12T00:07:16.104+0000] {processor.py:186} INFO - Started process (PID=3259) to work on /home/airflow/.local/lib/python3.12/site-packages/airflow/example_dags/tutorial_taskflow_templates.py
[2025-02-12T00:07:16.105+0000] {processor.py:914} INFO - Processing file /home/airflow/.local/lib/python3.12/site-packages/airflow/example_dags/tutorial_taskflow_templates.py for tasks to queue
[2025-02-12T00:07:16.108+0000] {logging_mixin.py:190} INFO - [2025-02-12T00:07:16.107+0000] {dagbag.py:588} INFO - Filling up the DagBag from /home/airflow/.local/lib/python3.12/site-packages/airflow/example_dags/tutorial_taskflow_templates.py
[2025-02-12T00:07:16.128+0000] {processor.py:925} INFO - DAG(s) 'tutorial_taskflow_templates' retrieved from /home/airflow/.local/lib/python3.12/site-packages/airflow/example_dags/tutorial_taskflow_templates.py
[2025-02-12T00:07:16.155+0000] {logging_mixin.py:190} INFO - [2025-02-12T00:07:16.155+0000] {dag.py:3239} INFO - Sync 1 DAGs
[2025-02-12T00:07:16.194+0000] {logging_mixin.py:190} INFO - [2025-02-12T00:07:16.193+0000] {dag.py:4180} INFO - Setting next_dagrun for tutorial_taskflow_templates to 2025-02-11 00:00:00+00:00, run_after=2025-02-12 00:00:00+00:00
[2025-02-12T00:07:16.222+0000] {processor.py:208} INFO - Processing /home/airflow/.local/lib/python3.12/site-packages/airflow/example_dags/tutorial_taskflow_templates.py took 0.128 seconds
[2025-02-12T00:07:46.586+0000] {processor.py:186} INFO - Started process (PID=3324) to work on /home/airflow/.local/lib/python3.12/site-packages/airflow/example_dags/tutorial_taskflow_templates.py
[2025-02-12T00:07:46.587+0000] {processor.py:914} INFO - Processing file /home/airflow/.local/lib/python3.12/site-packages/airflow/example_dags/tutorial_taskflow_templates.py for tasks to queue
[2025-02-12T00:07:46.590+0000] {logging_mixin.py:190} INFO - [2025-02-12T00:07:46.589+0000] {dagbag.py:588} INFO - Filling up the DagBag from /home/airflow/.local/lib/python3.12/site-packages/airflow/example_dags/tutorial_taskflow_templates.py
[2025-02-12T00:07:46.607+0000] {processor.py:925} INFO - DAG(s) 'tutorial_taskflow_templates' retrieved from /home/airflow/.local/lib/python3.12/site-packages/airflow/example_dags/tutorial_taskflow_templates.py
[2025-02-12T00:07:46.635+0000] {logging_mixin.py:190} INFO - [2025-02-12T00:07:46.635+0000] {dag.py:3239} INFO - Sync 1 DAGs
[2025-02-12T00:07:46.670+0000] {logging_mixin.py:190} INFO - [2025-02-12T00:07:46.670+0000] {dag.py:4180} INFO - Setting next_dagrun for tutorial_taskflow_templates to 2025-02-11 00:00:00+00:00, run_after=2025-02-12 00:00:00+00:00
[2025-02-12T00:07:46.697+0000] {processor.py:208} INFO - Processing /home/airflow/.local/lib/python3.12/site-packages/airflow/example_dags/tutorial_taskflow_templates.py took 0.120 seconds
[2025-02-12T00:08:17.144+0000] {processor.py:186} INFO - Started process (PID=3390) to work on /home/airflow/.local/lib/python3.12/site-packages/airflow/example_dags/tutorial_taskflow_templates.py
[2025-02-12T00:08:17.147+0000] {processor.py:914} INFO - Processing file /home/airflow/.local/lib/python3.12/site-packages/airflow/example_dags/tutorial_taskflow_templates.py for tasks to queue
[2025-02-12T00:08:17.150+0000] {logging_mixin.py:190} INFO - [2025-02-12T00:08:17.149+0000] {dagbag.py:588} INFO - Filling up the DagBag from /home/airflow/.local/lib/python3.12/site-packages/airflow/example_dags/tutorial_taskflow_templates.py
[2025-02-12T00:08:17.167+0000] {processor.py:925} INFO - DAG(s) 'tutorial_taskflow_templates' retrieved from /home/airflow/.local/lib/python3.12/site-packages/airflow/example_dags/tutorial_taskflow_templates.py
[2025-02-12T00:08:17.201+0000] {logging_mixin.py:190} INFO - [2025-02-12T00:08:17.201+0000] {dag.py:3239} INFO - Sync 1 DAGs
[2025-02-12T00:08:17.238+0000] {logging_mixin.py:190} INFO - [2025-02-12T00:08:17.237+0000] {dag.py:4180} INFO - Setting next_dagrun for tutorial_taskflow_templates to 2025-02-11 00:00:00+00:00, run_after=2025-02-12 00:00:00+00:00
[2025-02-12T00:08:17.272+0000] {processor.py:208} INFO - Processing /home/airflow/.local/lib/python3.12/site-packages/airflow/example_dags/tutorial_taskflow_templates.py took 0.144 seconds
[2025-02-12T00:08:47.698+0000] {processor.py:186} INFO - Started process (PID=3456) to work on /home/airflow/.local/lib/python3.12/site-packages/airflow/example_dags/tutorial_taskflow_templates.py
[2025-02-12T00:08:47.699+0000] {processor.py:914} INFO - Processing file /home/airflow/.local/lib/python3.12/site-packages/airflow/example_dags/tutorial_taskflow_templates.py for tasks to queue
[2025-02-12T00:08:47.702+0000] {logging_mixin.py:190} INFO - [2025-02-12T00:08:47.701+0000] {dagbag.py:588} INFO - Filling up the DagBag from /home/airflow/.local/lib/python3.12/site-packages/airflow/example_dags/tutorial_taskflow_templates.py
[2025-02-12T00:08:47.722+0000] {processor.py:925} INFO - DAG(s) 'tutorial_taskflow_templates' retrieved from /home/airflow/.local/lib/python3.12/site-packages/airflow/example_dags/tutorial_taskflow_templates.py
[2025-02-12T00:08:47.751+0000] {logging_mixin.py:190} INFO - [2025-02-12T00:08:47.750+0000] {dag.py:3239} INFO - Sync 1 DAGs
[2025-02-12T00:08:47.782+0000] {logging_mixin.py:190} INFO - [2025-02-12T00:08:47.781+0000] {dag.py:4180} INFO - Setting next_dagrun for tutorial_taskflow_templates to 2025-02-11 00:00:00+00:00, run_after=2025-02-12 00:00:00+00:00
[2025-02-12T00:08:47.804+0000] {processor.py:208} INFO - Processing /home/airflow/.local/lib/python3.12/site-packages/airflow/example_dags/tutorial_taskflow_templates.py took 0.115 seconds
[2025-02-12T00:09:18.315+0000] {processor.py:186} INFO - Started process (PID=3522) to work on /home/airflow/.local/lib/python3.12/site-packages/airflow/example_dags/tutorial_taskflow_templates.py
[2025-02-12T00:09:18.316+0000] {processor.py:914} INFO - Processing file /home/airflow/.local/lib/python3.12/site-packages/airflow/example_dags/tutorial_taskflow_templates.py for tasks to queue
[2025-02-12T00:09:18.319+0000] {logging_mixin.py:190} INFO - [2025-02-12T00:09:18.318+0000] {dagbag.py:588} INFO - Filling up the DagBag from /home/airflow/.local/lib/python3.12/site-packages/airflow/example_dags/tutorial_taskflow_templates.py
[2025-02-12T00:09:18.338+0000] {processor.py:925} INFO - DAG(s) 'tutorial_taskflow_templates' retrieved from /home/airflow/.local/lib/python3.12/site-packages/airflow/example_dags/tutorial_taskflow_templates.py
[2025-02-12T00:09:18.370+0000] {logging_mixin.py:190} INFO - [2025-02-12T00:09:18.369+0000] {dag.py:3239} INFO - Sync 1 DAGs
[2025-02-12T00:09:18.401+0000] {logging_mixin.py:190} INFO - [2025-02-12T00:09:18.401+0000] {dag.py:4180} INFO - Setting next_dagrun for tutorial_taskflow_templates to 2025-02-11 00:00:00+00:00, run_after=2025-02-12 00:00:00+00:00
[2025-02-12T00:09:18.428+0000] {processor.py:208} INFO - Processing /home/airflow/.local/lib/python3.12/site-packages/airflow/example_dags/tutorial_taskflow_templates.py took 0.119 seconds
[2025-02-12T00:09:48.850+0000] {processor.py:186} INFO - Started process (PID=3588) to work on /home/airflow/.local/lib/python3.12/site-packages/airflow/example_dags/tutorial_taskflow_templates.py
[2025-02-12T00:09:48.851+0000] {processor.py:914} INFO - Processing file /home/airflow/.local/lib/python3.12/site-packages/airflow/example_dags/tutorial_taskflow_templates.py for tasks to queue
[2025-02-12T00:09:48.854+0000] {logging_mixin.py:190} INFO - [2025-02-12T00:09:48.853+0000] {dagbag.py:588} INFO - Filling up the DagBag from /home/airflow/.local/lib/python3.12/site-packages/airflow/example_dags/tutorial_taskflow_templates.py
[2025-02-12T00:09:48.870+0000] {processor.py:925} INFO - DAG(s) 'tutorial_taskflow_templates' retrieved from /home/airflow/.local/lib/python3.12/site-packages/airflow/example_dags/tutorial_taskflow_templates.py
[2025-02-12T00:09:48.897+0000] {logging_mixin.py:190} INFO - [2025-02-12T00:09:48.897+0000] {dag.py:3239} INFO - Sync 1 DAGs
[2025-02-12T00:09:48.934+0000] {logging_mixin.py:190} INFO - [2025-02-12T00:09:48.934+0000] {dag.py:4180} INFO - Setting next_dagrun for tutorial_taskflow_templates to 2025-02-11 00:00:00+00:00, run_after=2025-02-12 00:00:00+00:00
[2025-02-12T00:09:48.961+0000] {processor.py:208} INFO - Processing /home/airflow/.local/lib/python3.12/site-packages/airflow/example_dags/tutorial_taskflow_templates.py took 0.123 seconds
[2025-02-12T00:10:19.136+0000] {processor.py:186} INFO - Started process (PID=3654) to work on /home/airflow/.local/lib/python3.12/site-packages/airflow/example_dags/tutorial_taskflow_templates.py
[2025-02-12T00:10:19.138+0000] {processor.py:914} INFO - Processing file /home/airflow/.local/lib/python3.12/site-packages/airflow/example_dags/tutorial_taskflow_templates.py for tasks to queue
[2025-02-12T00:10:19.142+0000] {logging_mixin.py:190} INFO - [2025-02-12T00:10:19.142+0000] {dagbag.py:588} INFO - Filling up the DagBag from /home/airflow/.local/lib/python3.12/site-packages/airflow/example_dags/tutorial_taskflow_templates.py
[2025-02-12T00:10:19.159+0000] {processor.py:925} INFO - DAG(s) 'tutorial_taskflow_templates' retrieved from /home/airflow/.local/lib/python3.12/site-packages/airflow/example_dags/tutorial_taskflow_templates.py
[2025-02-12T00:10:19.184+0000] {logging_mixin.py:190} INFO - [2025-02-12T00:10:19.184+0000] {dag.py:3239} INFO - Sync 1 DAGs
[2025-02-12T00:10:19.213+0000] {logging_mixin.py:190} INFO - [2025-02-12T00:10:19.213+0000] {dag.py:4180} INFO - Setting next_dagrun for tutorial_taskflow_templates to 2025-02-11 00:00:00+00:00, run_after=2025-02-12 00:00:00+00:00
[2025-02-12T00:10:19.235+0000] {processor.py:208} INFO - Processing /home/airflow/.local/lib/python3.12/site-packages/airflow/example_dags/tutorial_taskflow_templates.py took 0.106 seconds
[2025-02-12T00:10:49.987+0000] {processor.py:186} INFO - Started process (PID=3720) to work on /home/airflow/.local/lib/python3.12/site-packages/airflow/example_dags/tutorial_taskflow_templates.py
[2025-02-12T00:10:49.988+0000] {processor.py:914} INFO - Processing file /home/airflow/.local/lib/python3.12/site-packages/airflow/example_dags/tutorial_taskflow_templates.py for tasks to queue
[2025-02-12T00:10:49.991+0000] {logging_mixin.py:190} INFO - [2025-02-12T00:10:49.991+0000] {dagbag.py:588} INFO - Filling up the DagBag from /home/airflow/.local/lib/python3.12/site-packages/airflow/example_dags/tutorial_taskflow_templates.py
[2025-02-12T00:10:50.005+0000] {processor.py:925} INFO - DAG(s) 'tutorial_taskflow_templates' retrieved from /home/airflow/.local/lib/python3.12/site-packages/airflow/example_dags/tutorial_taskflow_templates.py
[2025-02-12T00:10:50.027+0000] {logging_mixin.py:190} INFO - [2025-02-12T00:10:50.027+0000] {dag.py:3239} INFO - Sync 1 DAGs
[2025-02-12T00:10:50.055+0000] {logging_mixin.py:190} INFO - [2025-02-12T00:10:50.055+0000] {dag.py:4180} INFO - Setting next_dagrun for tutorial_taskflow_templates to 2025-02-11 00:00:00+00:00, run_after=2025-02-12 00:00:00+00:00
[2025-02-12T00:10:50.076+0000] {processor.py:208} INFO - Processing /home/airflow/.local/lib/python3.12/site-packages/airflow/example_dags/tutorial_taskflow_templates.py took 0.095 seconds
[2025-02-12T00:11:20.467+0000] {processor.py:186} INFO - Started process (PID=3786) to work on /home/airflow/.local/lib/python3.12/site-packages/airflow/example_dags/tutorial_taskflow_templates.py
[2025-02-12T00:11:20.469+0000] {processor.py:914} INFO - Processing file /home/airflow/.local/lib/python3.12/site-packages/airflow/example_dags/tutorial_taskflow_templates.py for tasks to queue
[2025-02-12T00:11:20.475+0000] {logging_mixin.py:190} INFO - [2025-02-12T00:11:20.474+0000] {dagbag.py:588} INFO - Filling up the DagBag from /home/airflow/.local/lib/python3.12/site-packages/airflow/example_dags/tutorial_taskflow_templates.py
[2025-02-12T00:11:20.498+0000] {processor.py:925} INFO - DAG(s) 'tutorial_taskflow_templates' retrieved from /home/airflow/.local/lib/python3.12/site-packages/airflow/example_dags/tutorial_taskflow_templates.py
[2025-02-12T00:11:20.562+0000] {logging_mixin.py:190} INFO - [2025-02-12T00:11:20.562+0000] {dag.py:3239} INFO - Sync 1 DAGs
[2025-02-12T00:11:20.594+0000] {logging_mixin.py:190} INFO - [2025-02-12T00:11:20.594+0000] {dag.py:4180} INFO - Setting next_dagrun for tutorial_taskflow_templates to 2025-02-11 00:00:00+00:00, run_after=2025-02-12 00:00:00+00:00
[2025-02-12T00:11:20.615+0000] {processor.py:208} INFO - Processing /home/airflow/.local/lib/python3.12/site-packages/airflow/example_dags/tutorial_taskflow_templates.py took 0.157 seconds
[2025-02-12T00:11:50.792+0000] {processor.py:186} INFO - Started process (PID=3852) to work on /home/airflow/.local/lib/python3.12/site-packages/airflow/example_dags/tutorial_taskflow_templates.py
[2025-02-12T00:11:50.793+0000] {processor.py:914} INFO - Processing file /home/airflow/.local/lib/python3.12/site-packages/airflow/example_dags/tutorial_taskflow_templates.py for tasks to queue
[2025-02-12T00:11:50.796+0000] {logging_mixin.py:190} INFO - [2025-02-12T00:11:50.795+0000] {dagbag.py:588} INFO - Filling up the DagBag from /home/airflow/.local/lib/python3.12/site-packages/airflow/example_dags/tutorial_taskflow_templates.py
[2025-02-12T00:11:50.808+0000] {processor.py:925} INFO - DAG(s) 'tutorial_taskflow_templates' retrieved from /home/airflow/.local/lib/python3.12/site-packages/airflow/example_dags/tutorial_taskflow_templates.py
[2025-02-12T00:11:50.832+0000] {logging_mixin.py:190} INFO - [2025-02-12T00:11:50.832+0000] {dag.py:3239} INFO - Sync 1 DAGs
[2025-02-12T00:11:50.858+0000] {logging_mixin.py:190} INFO - [2025-02-12T00:11:50.858+0000] {dag.py:4180} INFO - Setting next_dagrun for tutorial_taskflow_templates to 2025-02-11 00:00:00+00:00, run_after=2025-02-12 00:00:00+00:00
[2025-02-12T00:11:50.881+0000] {processor.py:208} INFO - Processing /home/airflow/.local/lib/python3.12/site-packages/airflow/example_dags/tutorial_taskflow_templates.py took 0.096 seconds
[2025-02-12T00:12:21.006+0000] {processor.py:186} INFO - Started process (PID=3919) to work on /home/airflow/.local/lib/python3.12/site-packages/airflow/example_dags/tutorial_taskflow_templates.py
[2025-02-12T00:12:21.008+0000] {processor.py:914} INFO - Processing file /home/airflow/.local/lib/python3.12/site-packages/airflow/example_dags/tutorial_taskflow_templates.py for tasks to queue
[2025-02-12T00:12:21.012+0000] {logging_mixin.py:190} INFO - [2025-02-12T00:12:21.011+0000] {dagbag.py:588} INFO - Filling up the DagBag from /home/airflow/.local/lib/python3.12/site-packages/airflow/example_dags/tutorial_taskflow_templates.py
[2025-02-12T00:12:21.030+0000] {processor.py:925} INFO - DAG(s) 'tutorial_taskflow_templates' retrieved from /home/airflow/.local/lib/python3.12/site-packages/airflow/example_dags/tutorial_taskflow_templates.py
[2025-02-12T00:12:21.055+0000] {logging_mixin.py:190} INFO - [2025-02-12T00:12:21.055+0000] {dag.py:3239} INFO - Sync 1 DAGs
[2025-02-12T00:12:21.084+0000] {logging_mixin.py:190} INFO - [2025-02-12T00:12:21.084+0000] {dag.py:4180} INFO - Setting next_dagrun for tutorial_taskflow_templates to 2025-02-11 00:00:00+00:00, run_after=2025-02-12 00:00:00+00:00
[2025-02-12T00:12:21.108+0000] {processor.py:208} INFO - Processing /home/airflow/.local/lib/python3.12/site-packages/airflow/example_dags/tutorial_taskflow_templates.py took 0.110 seconds
[2025-02-12T00:12:52.713+0000] {processor.py:186} INFO - Started process (PID=3990) to work on /home/airflow/.local/lib/python3.12/site-packages/airflow/example_dags/tutorial_taskflow_templates.py
[2025-02-12T00:12:52.714+0000] {processor.py:914} INFO - Processing file /home/airflow/.local/lib/python3.12/site-packages/airflow/example_dags/tutorial_taskflow_templates.py for tasks to queue
[2025-02-12T00:12:52.717+0000] {logging_mixin.py:190} INFO - [2025-02-12T00:12:52.716+0000] {dagbag.py:588} INFO - Filling up the DagBag from /home/airflow/.local/lib/python3.12/site-packages/airflow/example_dags/tutorial_taskflow_templates.py
[2025-02-12T00:12:52.735+0000] {processor.py:925} INFO - DAG(s) 'tutorial_taskflow_templates' retrieved from /home/airflow/.local/lib/python3.12/site-packages/airflow/example_dags/tutorial_taskflow_templates.py
[2025-02-12T00:12:52.780+0000] {logging_mixin.py:190} INFO - [2025-02-12T00:12:52.780+0000] {dag.py:3239} INFO - Sync 1 DAGs
[2025-02-12T00:12:52.827+0000] {logging_mixin.py:190} INFO - [2025-02-12T00:12:52.827+0000] {dag.py:4180} INFO - Setting next_dagrun for tutorial_taskflow_templates to 2025-02-11 00:00:00+00:00, run_after=2025-02-12 00:00:00+00:00
[2025-02-12T00:12:52.851+0000] {processor.py:208} INFO - Processing /home/airflow/.local/lib/python3.12/site-packages/airflow/example_dags/tutorial_taskflow_templates.py took 0.144 seconds
[2025-02-12T00:13:23.741+0000] {processor.py:186} INFO - Started process (PID=4055) to work on /home/airflow/.local/lib/python3.12/site-packages/airflow/example_dags/tutorial_taskflow_templates.py
[2025-02-12T00:13:23.743+0000] {processor.py:914} INFO - Processing file /home/airflow/.local/lib/python3.12/site-packages/airflow/example_dags/tutorial_taskflow_templates.py for tasks to queue
[2025-02-12T00:13:23.746+0000] {logging_mixin.py:190} INFO - [2025-02-12T00:13:23.746+0000] {dagbag.py:588} INFO - Filling up the DagBag from /home/airflow/.local/lib/python3.12/site-packages/airflow/example_dags/tutorial_taskflow_templates.py
[2025-02-12T00:13:23.771+0000] {processor.py:925} INFO - DAG(s) 'tutorial_taskflow_templates' retrieved from /home/airflow/.local/lib/python3.12/site-packages/airflow/example_dags/tutorial_taskflow_templates.py
[2025-02-12T00:13:23.831+0000] {logging_mixin.py:190} INFO - [2025-02-12T00:13:23.831+0000] {dag.py:3239} INFO - Sync 1 DAGs
[2025-02-12T00:13:23.871+0000] {logging_mixin.py:190} INFO - [2025-02-12T00:13:23.869+0000] {dag.py:4180} INFO - Setting next_dagrun for tutorial_taskflow_templates to 2025-02-11 00:00:00+00:00, run_after=2025-02-12 00:00:00+00:00
[2025-02-12T00:13:23.900+0000] {processor.py:208} INFO - Processing /home/airflow/.local/lib/python3.12/site-packages/airflow/example_dags/tutorial_taskflow_templates.py took 0.174 seconds
[2025-02-12T00:13:54.426+0000] {processor.py:186} INFO - Started process (PID=4122) to work on /home/airflow/.local/lib/python3.12/site-packages/airflow/example_dags/tutorial_taskflow_templates.py
[2025-02-12T00:13:54.427+0000] {processor.py:914} INFO - Processing file /home/airflow/.local/lib/python3.12/site-packages/airflow/example_dags/tutorial_taskflow_templates.py for tasks to queue
[2025-02-12T00:13:54.431+0000] {logging_mixin.py:190} INFO - [2025-02-12T00:13:54.430+0000] {dagbag.py:588} INFO - Filling up the DagBag from /home/airflow/.local/lib/python3.12/site-packages/airflow/example_dags/tutorial_taskflow_templates.py
[2025-02-12T00:13:54.455+0000] {processor.py:925} INFO - DAG(s) 'tutorial_taskflow_templates' retrieved from /home/airflow/.local/lib/python3.12/site-packages/airflow/example_dags/tutorial_taskflow_templates.py
[2025-02-12T00:13:54.502+0000] {logging_mixin.py:190} INFO - [2025-02-12T00:13:54.501+0000] {dag.py:3239} INFO - Sync 1 DAGs
[2025-02-12T00:13:54.535+0000] {logging_mixin.py:190} INFO - [2025-02-12T00:13:54.535+0000] {dag.py:4180} INFO - Setting next_dagrun for tutorial_taskflow_templates to 2025-02-11 00:00:00+00:00, run_after=2025-02-12 00:00:00+00:00
[2025-02-12T00:13:54.562+0000] {processor.py:208} INFO - Processing /home/airflow/.local/lib/python3.12/site-packages/airflow/example_dags/tutorial_taskflow_templates.py took 0.147 seconds
[2025-02-12T00:14:24.902+0000] {processor.py:186} INFO - Started process (PID=4187) to work on /home/airflow/.local/lib/python3.12/site-packages/airflow/example_dags/tutorial_taskflow_templates.py
[2025-02-12T00:14:24.903+0000] {processor.py:914} INFO - Processing file /home/airflow/.local/lib/python3.12/site-packages/airflow/example_dags/tutorial_taskflow_templates.py for tasks to queue
[2025-02-12T00:14:24.907+0000] {logging_mixin.py:190} INFO - [2025-02-12T00:14:24.907+0000] {dagbag.py:588} INFO - Filling up the DagBag from /home/airflow/.local/lib/python3.12/site-packages/airflow/example_dags/tutorial_taskflow_templates.py
[2025-02-12T00:14:24.922+0000] {processor.py:925} INFO - DAG(s) 'tutorial_taskflow_templates' retrieved from /home/airflow/.local/lib/python3.12/site-packages/airflow/example_dags/tutorial_taskflow_templates.py
[2025-02-12T00:14:24.947+0000] {logging_mixin.py:190} INFO - [2025-02-12T00:14:24.947+0000] {dag.py:3239} INFO - Sync 1 DAGs
[2025-02-12T00:14:24.982+0000] {logging_mixin.py:190} INFO - [2025-02-12T00:14:24.982+0000] {dag.py:4180} INFO - Setting next_dagrun for tutorial_taskflow_templates to 2025-02-11 00:00:00+00:00, run_after=2025-02-12 00:00:00+00:00
[2025-02-12T00:14:25.010+0000] {processor.py:208} INFO - Processing /home/airflow/.local/lib/python3.12/site-packages/airflow/example_dags/tutorial_taskflow_templates.py took 0.128 seconds
[2025-02-12T00:14:55.455+0000] {processor.py:186} INFO - Started process (PID=4253) to work on /home/airflow/.local/lib/python3.12/site-packages/airflow/example_dags/tutorial_taskflow_templates.py
[2025-02-12T00:14:55.456+0000] {processor.py:914} INFO - Processing file /home/airflow/.local/lib/python3.12/site-packages/airflow/example_dags/tutorial_taskflow_templates.py for tasks to queue
[2025-02-12T00:14:55.461+0000] {logging_mixin.py:190} INFO - [2025-02-12T00:14:55.460+0000] {dagbag.py:588} INFO - Filling up the DagBag from /home/airflow/.local/lib/python3.12/site-packages/airflow/example_dags/tutorial_taskflow_templates.py
[2025-02-12T00:14:55.483+0000] {processor.py:925} INFO - DAG(s) 'tutorial_taskflow_templates' retrieved from /home/airflow/.local/lib/python3.12/site-packages/airflow/example_dags/tutorial_taskflow_templates.py
[2025-02-12T00:14:55.518+0000] {logging_mixin.py:190} INFO - [2025-02-12T00:14:55.518+0000] {dag.py:3239} INFO - Sync 1 DAGs
[2025-02-12T00:14:55.588+0000] {logging_mixin.py:190} INFO - [2025-02-12T00:14:55.588+0000] {dag.py:4180} INFO - Setting next_dagrun for tutorial_taskflow_templates to 2025-02-11 00:00:00+00:00, run_after=2025-02-12 00:00:00+00:00
[2025-02-12T00:14:55.640+0000] {processor.py:208} INFO - Processing /home/airflow/.local/lib/python3.12/site-packages/airflow/example_dags/tutorial_taskflow_templates.py took 0.192 seconds
[2025-02-12T00:15:25.842+0000] {processor.py:186} INFO - Started process (PID=4319) to work on /home/airflow/.local/lib/python3.12/site-packages/airflow/example_dags/tutorial_taskflow_templates.py
[2025-02-12T00:15:25.843+0000] {processor.py:914} INFO - Processing file /home/airflow/.local/lib/python3.12/site-packages/airflow/example_dags/tutorial_taskflow_templates.py for tasks to queue
[2025-02-12T00:15:25.846+0000] {logging_mixin.py:190} INFO - [2025-02-12T00:15:25.845+0000] {dagbag.py:588} INFO - Filling up the DagBag from /home/airflow/.local/lib/python3.12/site-packages/airflow/example_dags/tutorial_taskflow_templates.py
[2025-02-12T00:15:25.864+0000] {processor.py:925} INFO - DAG(s) 'tutorial_taskflow_templates' retrieved from /home/airflow/.local/lib/python3.12/site-packages/airflow/example_dags/tutorial_taskflow_templates.py
[2025-02-12T00:15:25.899+0000] {logging_mixin.py:190} INFO - [2025-02-12T00:15:25.898+0000] {dag.py:3239} INFO - Sync 1 DAGs
[2025-02-12T00:15:25.941+0000] {logging_mixin.py:190} INFO - [2025-02-12T00:15:25.941+0000] {dag.py:4180} INFO - Setting next_dagrun for tutorial_taskflow_templates to 2025-02-11 00:00:00+00:00, run_after=2025-02-12 00:00:00+00:00
[2025-02-12T00:15:25.981+0000] {processor.py:208} INFO - Processing /home/airflow/.local/lib/python3.12/site-packages/airflow/example_dags/tutorial_taskflow_templates.py took 0.146 seconds
[2025-02-12T00:15:56.998+0000] {processor.py:186} INFO - Started process (PID=4386) to work on /home/airflow/.local/lib/python3.12/site-packages/airflow/example_dags/tutorial_taskflow_templates.py
[2025-02-12T00:15:56.999+0000] {processor.py:914} INFO - Processing file /home/airflow/.local/lib/python3.12/site-packages/airflow/example_dags/tutorial_taskflow_templates.py for tasks to queue
[2025-02-12T00:15:57.002+0000] {logging_mixin.py:190} INFO - [2025-02-12T00:15:57.002+0000] {dagbag.py:588} INFO - Filling up the DagBag from /home/airflow/.local/lib/python3.12/site-packages/airflow/example_dags/tutorial_taskflow_templates.py
[2025-02-12T00:15:57.020+0000] {processor.py:925} INFO - DAG(s) 'tutorial_taskflow_templates' retrieved from /home/airflow/.local/lib/python3.12/site-packages/airflow/example_dags/tutorial_taskflow_templates.py
[2025-02-12T00:15:57.043+0000] {logging_mixin.py:190} INFO - [2025-02-12T00:15:57.043+0000] {dag.py:3239} INFO - Sync 1 DAGs
[2025-02-12T00:15:57.077+0000] {logging_mixin.py:190} INFO - [2025-02-12T00:15:57.076+0000] {dag.py:4180} INFO - Setting next_dagrun for tutorial_taskflow_templates to 2025-02-11 00:00:00+00:00, run_after=2025-02-12 00:00:00+00:00
[2025-02-12T00:15:57.104+0000] {processor.py:208} INFO - Processing /home/airflow/.local/lib/python3.12/site-packages/airflow/example_dags/tutorial_taskflow_templates.py took 0.115 seconds
[2025-02-12T00:16:27.848+0000] {processor.py:186} INFO - Started process (PID=4453) to work on /home/airflow/.local/lib/python3.12/site-packages/airflow/example_dags/tutorial_taskflow_templates.py
[2025-02-12T00:16:27.849+0000] {processor.py:914} INFO - Processing file /home/airflow/.local/lib/python3.12/site-packages/airflow/example_dags/tutorial_taskflow_templates.py for tasks to queue
[2025-02-12T00:16:27.854+0000] {logging_mixin.py:190} INFO - [2025-02-12T00:16:27.853+0000] {dagbag.py:588} INFO - Filling up the DagBag from /home/airflow/.local/lib/python3.12/site-packages/airflow/example_dags/tutorial_taskflow_templates.py
[2025-02-12T00:16:27.886+0000] {processor.py:925} INFO - DAG(s) 'tutorial_taskflow_templates' retrieved from /home/airflow/.local/lib/python3.12/site-packages/airflow/example_dags/tutorial_taskflow_templates.py
[2025-02-12T00:16:27.922+0000] {logging_mixin.py:190} INFO - [2025-02-12T00:16:27.921+0000] {dag.py:3239} INFO - Sync 1 DAGs
[2025-02-12T00:16:27.959+0000] {logging_mixin.py:190} INFO - [2025-02-12T00:16:27.959+0000] {dag.py:4180} INFO - Setting next_dagrun for tutorial_taskflow_templates to 2025-02-11 00:00:00+00:00, run_after=2025-02-12 00:00:00+00:00
[2025-02-12T00:16:27.980+0000] {processor.py:208} INFO - Processing /home/airflow/.local/lib/python3.12/site-packages/airflow/example_dags/tutorial_taskflow_templates.py took 0.142 seconds
[2025-02-12T00:16:58.119+0000] {processor.py:186} INFO - Started process (PID=4519) to work on /home/airflow/.local/lib/python3.12/site-packages/airflow/example_dags/tutorial_taskflow_templates.py
[2025-02-12T00:16:58.121+0000] {processor.py:914} INFO - Processing file /home/airflow/.local/lib/python3.12/site-packages/airflow/example_dags/tutorial_taskflow_templates.py for tasks to queue
[2025-02-12T00:16:58.124+0000] {logging_mixin.py:190} INFO - [2025-02-12T00:16:58.124+0000] {dagbag.py:588} INFO - Filling up the DagBag from /home/airflow/.local/lib/python3.12/site-packages/airflow/example_dags/tutorial_taskflow_templates.py
[2025-02-12T00:16:58.139+0000] {processor.py:925} INFO - DAG(s) 'tutorial_taskflow_templates' retrieved from /home/airflow/.local/lib/python3.12/site-packages/airflow/example_dags/tutorial_taskflow_templates.py
[2025-02-12T00:16:58.163+0000] {logging_mixin.py:190} INFO - [2025-02-12T00:16:58.163+0000] {dag.py:3239} INFO - Sync 1 DAGs
[2025-02-12T00:16:58.190+0000] {logging_mixin.py:190} INFO - [2025-02-12T00:16:58.190+0000] {dag.py:4180} INFO - Setting next_dagrun for tutorial_taskflow_templates to 2025-02-11 00:00:00+00:00, run_after=2025-02-12 00:00:00+00:00
[2025-02-12T00:16:58.212+0000] {processor.py:208} INFO - Processing /home/airflow/.local/lib/python3.12/site-packages/airflow/example_dags/tutorial_taskflow_templates.py took 0.100 seconds
[2025-02-12T00:17:28.590+0000] {processor.py:186} INFO - Started process (PID=4584) to work on /home/airflow/.local/lib/python3.12/site-packages/airflow/example_dags/tutorial_taskflow_templates.py
[2025-02-12T00:17:28.591+0000] {processor.py:914} INFO - Processing file /home/airflow/.local/lib/python3.12/site-packages/airflow/example_dags/tutorial_taskflow_templates.py for tasks to queue
[2025-02-12T00:17:28.594+0000] {logging_mixin.py:190} INFO - [2025-02-12T00:17:28.594+0000] {dagbag.py:588} INFO - Filling up the DagBag from /home/airflow/.local/lib/python3.12/site-packages/airflow/example_dags/tutorial_taskflow_templates.py
[2025-02-12T00:17:28.613+0000] {processor.py:925} INFO - DAG(s) 'tutorial_taskflow_templates' retrieved from /home/airflow/.local/lib/python3.12/site-packages/airflow/example_dags/tutorial_taskflow_templates.py
[2025-02-12T00:17:28.637+0000] {logging_mixin.py:190} INFO - [2025-02-12T00:17:28.637+0000] {dag.py:3239} INFO - Sync 1 DAGs
[2025-02-12T00:17:28.663+0000] {logging_mixin.py:190} INFO - [2025-02-12T00:17:28.662+0000] {dag.py:4180} INFO - Setting next_dagrun for tutorial_taskflow_templates to 2025-02-11 00:00:00+00:00, run_after=2025-02-12 00:00:00+00:00
[2025-02-12T00:17:28.685+0000] {processor.py:208} INFO - Processing /home/airflow/.local/lib/python3.12/site-packages/airflow/example_dags/tutorial_taskflow_templates.py took 0.103 seconds
[2025-02-12T00:17:59.002+0000] {processor.py:186} INFO - Started process (PID=4650) to work on /home/airflow/.local/lib/python3.12/site-packages/airflow/example_dags/tutorial_taskflow_templates.py
[2025-02-12T00:17:59.003+0000] {processor.py:914} INFO - Processing file /home/airflow/.local/lib/python3.12/site-packages/airflow/example_dags/tutorial_taskflow_templates.py for tasks to queue
[2025-02-12T00:17:59.006+0000] {logging_mixin.py:190} INFO - [2025-02-12T00:17:59.005+0000] {dagbag.py:588} INFO - Filling up the DagBag from /home/airflow/.local/lib/python3.12/site-packages/airflow/example_dags/tutorial_taskflow_templates.py
[2025-02-12T00:17:59.019+0000] {processor.py:925} INFO - DAG(s) 'tutorial_taskflow_templates' retrieved from /home/airflow/.local/lib/python3.12/site-packages/airflow/example_dags/tutorial_taskflow_templates.py
[2025-02-12T00:17:59.039+0000] {logging_mixin.py:190} INFO - [2025-02-12T00:17:59.039+0000] {dag.py:3239} INFO - Sync 1 DAGs
[2025-02-12T00:17:59.066+0000] {logging_mixin.py:190} INFO - [2025-02-12T00:17:59.065+0000] {dag.py:4180} INFO - Setting next_dagrun for tutorial_taskflow_templates to 2025-02-11 00:00:00+00:00, run_after=2025-02-12 00:00:00+00:00
[2025-02-12T00:17:59.084+0000] {processor.py:208} INFO - Processing /home/airflow/.local/lib/python3.12/site-packages/airflow/example_dags/tutorial_taskflow_templates.py took 0.090 seconds
[2025-02-12T00:18:30.170+0000] {processor.py:186} INFO - Started process (PID=4716) to work on /home/airflow/.local/lib/python3.12/site-packages/airflow/example_dags/tutorial_taskflow_templates.py
[2025-02-12T00:18:30.172+0000] {processor.py:914} INFO - Processing file /home/airflow/.local/lib/python3.12/site-packages/airflow/example_dags/tutorial_taskflow_templates.py for tasks to queue
[2025-02-12T00:18:30.189+0000] {logging_mixin.py:190} INFO - [2025-02-12T00:18:30.188+0000] {dagbag.py:588} INFO - Filling up the DagBag from /home/airflow/.local/lib/python3.12/site-packages/airflow/example_dags/tutorial_taskflow_templates.py
[2025-02-12T00:18:30.232+0000] {processor.py:925} INFO - DAG(s) 'tutorial_taskflow_templates' retrieved from /home/airflow/.local/lib/python3.12/site-packages/airflow/example_dags/tutorial_taskflow_templates.py
[2025-02-12T00:18:30.323+0000] {logging_mixin.py:190} INFO - [2025-02-12T00:18:30.323+0000] {dag.py:3239} INFO - Sync 1 DAGs
[2025-02-12T00:18:30.432+0000] {logging_mixin.py:190} INFO - [2025-02-12T00:18:30.432+0000] {dag.py:4180} INFO - Setting next_dagrun for tutorial_taskflow_templates to 2025-02-11 00:00:00+00:00, run_after=2025-02-12 00:00:00+00:00
[2025-02-12T00:18:30.535+0000] {processor.py:208} INFO - Processing /home/airflow/.local/lib/python3.12/site-packages/airflow/example_dags/tutorial_taskflow_templates.py took 0.389 seconds
[2025-02-12T00:19:01.212+0000] {processor.py:186} INFO - Started process (PID=4781) to work on /home/airflow/.local/lib/python3.12/site-packages/airflow/example_dags/tutorial_taskflow_templates.py
[2025-02-12T00:19:01.214+0000] {processor.py:914} INFO - Processing file /home/airflow/.local/lib/python3.12/site-packages/airflow/example_dags/tutorial_taskflow_templates.py for tasks to queue
[2025-02-12T00:19:01.221+0000] {logging_mixin.py:190} INFO - [2025-02-12T00:19:01.220+0000] {dagbag.py:588} INFO - Filling up the DagBag from /home/airflow/.local/lib/python3.12/site-packages/airflow/example_dags/tutorial_taskflow_templates.py
[2025-02-12T00:19:01.242+0000] {processor.py:925} INFO - DAG(s) 'tutorial_taskflow_templates' retrieved from /home/airflow/.local/lib/python3.12/site-packages/airflow/example_dags/tutorial_taskflow_templates.py
[2025-02-12T00:19:01.289+0000] {logging_mixin.py:190} INFO - [2025-02-12T00:19:01.288+0000] {dag.py:3239} INFO - Sync 1 DAGs
[2025-02-12T00:19:01.323+0000] {logging_mixin.py:190} INFO - [2025-02-12T00:19:01.323+0000] {dag.py:4180} INFO - Setting next_dagrun for tutorial_taskflow_templates to 2025-02-11 00:00:00+00:00, run_after=2025-02-12 00:00:00+00:00
[2025-02-12T00:19:01.343+0000] {processor.py:208} INFO - Processing /home/airflow/.local/lib/python3.12/site-packages/airflow/example_dags/tutorial_taskflow_templates.py took 0.141 seconds
[2025-02-12T00:19:31.437+0000] {processor.py:186} INFO - Started process (PID=4846) to work on /home/airflow/.local/lib/python3.12/site-packages/airflow/example_dags/tutorial_taskflow_templates.py
[2025-02-12T00:19:31.439+0000] {processor.py:914} INFO - Processing file /home/airflow/.local/lib/python3.12/site-packages/airflow/example_dags/tutorial_taskflow_templates.py for tasks to queue
[2025-02-12T00:19:31.442+0000] {logging_mixin.py:190} INFO - [2025-02-12T00:19:31.441+0000] {dagbag.py:588} INFO - Filling up the DagBag from /home/airflow/.local/lib/python3.12/site-packages/airflow/example_dags/tutorial_taskflow_templates.py
[2025-02-12T00:19:31.457+0000] {processor.py:925} INFO - DAG(s) 'tutorial_taskflow_templates' retrieved from /home/airflow/.local/lib/python3.12/site-packages/airflow/example_dags/tutorial_taskflow_templates.py
[2025-02-12T00:19:31.482+0000] {logging_mixin.py:190} INFO - [2025-02-12T00:19:31.482+0000] {dag.py:3239} INFO - Sync 1 DAGs
[2025-02-12T00:19:31.506+0000] {logging_mixin.py:190} INFO - [2025-02-12T00:19:31.506+0000] {dag.py:4180} INFO - Setting next_dagrun for tutorial_taskflow_templates to 2025-02-11 00:00:00+00:00, run_after=2025-02-12 00:00:00+00:00
[2025-02-12T00:19:31.525+0000] {processor.py:208} INFO - Processing /home/airflow/.local/lib/python3.12/site-packages/airflow/example_dags/tutorial_taskflow_templates.py took 0.095 seconds
[2025-02-12T00:20:01.839+0000] {processor.py:186} INFO - Started process (PID=4912) to work on /home/airflow/.local/lib/python3.12/site-packages/airflow/example_dags/tutorial_taskflow_templates.py
[2025-02-12T00:20:01.840+0000] {processor.py:914} INFO - Processing file /home/airflow/.local/lib/python3.12/site-packages/airflow/example_dags/tutorial_taskflow_templates.py for tasks to queue
[2025-02-12T00:20:01.842+0000] {logging_mixin.py:190} INFO - [2025-02-12T00:20:01.842+0000] {dagbag.py:588} INFO - Filling up the DagBag from /home/airflow/.local/lib/python3.12/site-packages/airflow/example_dags/tutorial_taskflow_templates.py
[2025-02-12T00:20:01.856+0000] {processor.py:925} INFO - DAG(s) 'tutorial_taskflow_templates' retrieved from /home/airflow/.local/lib/python3.12/site-packages/airflow/example_dags/tutorial_taskflow_templates.py
[2025-02-12T00:20:01.881+0000] {logging_mixin.py:190} INFO - [2025-02-12T00:20:01.881+0000] {dag.py:3239} INFO - Sync 1 DAGs
[2025-02-12T00:20:01.908+0000] {logging_mixin.py:190} INFO - [2025-02-12T00:20:01.908+0000] {dag.py:4180} INFO - Setting next_dagrun for tutorial_taskflow_templates to 2025-02-11 00:00:00+00:00, run_after=2025-02-12 00:00:00+00:00
[2025-02-12T00:20:01.930+0000] {processor.py:208} INFO - Processing /home/airflow/.local/lib/python3.12/site-packages/airflow/example_dags/tutorial_taskflow_templates.py took 0.098 seconds
[2025-02-12T00:20:32.620+0000] {processor.py:186} INFO - Started process (PID=4978) to work on /home/airflow/.local/lib/python3.12/site-packages/airflow/example_dags/tutorial_taskflow_templates.py
[2025-02-12T00:20:32.622+0000] {processor.py:914} INFO - Processing file /home/airflow/.local/lib/python3.12/site-packages/airflow/example_dags/tutorial_taskflow_templates.py for tasks to queue
[2025-02-12T00:20:32.628+0000] {logging_mixin.py:190} INFO - [2025-02-12T00:20:32.628+0000] {dagbag.py:588} INFO - Filling up the DagBag from /home/airflow/.local/lib/python3.12/site-packages/airflow/example_dags/tutorial_taskflow_templates.py
[2025-02-12T00:20:32.655+0000] {processor.py:925} INFO - DAG(s) 'tutorial_taskflow_templates' retrieved from /home/airflow/.local/lib/python3.12/site-packages/airflow/example_dags/tutorial_taskflow_templates.py
[2025-02-12T00:20:32.687+0000] {logging_mixin.py:190} INFO - [2025-02-12T00:20:32.687+0000] {dag.py:3239} INFO - Sync 1 DAGs
[2025-02-12T00:20:32.727+0000] {logging_mixin.py:190} INFO - [2025-02-12T00:20:32.727+0000] {dag.py:4180} INFO - Setting next_dagrun for tutorial_taskflow_templates to 2025-02-11 00:00:00+00:00, run_after=2025-02-12 00:00:00+00:00
[2025-02-12T00:20:32.762+0000] {processor.py:208} INFO - Processing /home/airflow/.local/lib/python3.12/site-packages/airflow/example_dags/tutorial_taskflow_templates.py took 0.149 seconds
[2025-02-12T00:21:03.027+0000] {processor.py:186} INFO - Started process (PID=5044) to work on /home/airflow/.local/lib/python3.12/site-packages/airflow/example_dags/tutorial_taskflow_templates.py
[2025-02-12T00:21:03.028+0000] {processor.py:914} INFO - Processing file /home/airflow/.local/lib/python3.12/site-packages/airflow/example_dags/tutorial_taskflow_templates.py for tasks to queue
[2025-02-12T00:21:03.044+0000] {logging_mixin.py:190} INFO - [2025-02-12T00:21:03.043+0000] {dagbag.py:588} INFO - Filling up the DagBag from /home/airflow/.local/lib/python3.12/site-packages/airflow/example_dags/tutorial_taskflow_templates.py
[2025-02-12T00:21:03.066+0000] {processor.py:925} INFO - DAG(s) 'tutorial_taskflow_templates' retrieved from /home/airflow/.local/lib/python3.12/site-packages/airflow/example_dags/tutorial_taskflow_templates.py
[2025-02-12T00:21:03.116+0000] {logging_mixin.py:190} INFO - [2025-02-12T00:21:03.110+0000] {dag.py:3239} INFO - Sync 1 DAGs
[2025-02-12T00:21:03.175+0000] {logging_mixin.py:190} INFO - [2025-02-12T00:21:03.175+0000] {dag.py:4180} INFO - Setting next_dagrun for tutorial_taskflow_templates to 2025-02-11 00:00:00+00:00, run_after=2025-02-12 00:00:00+00:00
[2025-02-12T00:21:03.221+0000] {processor.py:208} INFO - Processing /home/airflow/.local/lib/python3.12/site-packages/airflow/example_dags/tutorial_taskflow_templates.py took 0.208 seconds
[2025-02-12T00:21:33.639+0000] {processor.py:186} INFO - Started process (PID=5110) to work on /home/airflow/.local/lib/python3.12/site-packages/airflow/example_dags/tutorial_taskflow_templates.py
[2025-02-12T00:21:33.641+0000] {processor.py:914} INFO - Processing file /home/airflow/.local/lib/python3.12/site-packages/airflow/example_dags/tutorial_taskflow_templates.py for tasks to queue
[2025-02-12T00:21:33.653+0000] {logging_mixin.py:190} INFO - [2025-02-12T00:21:33.651+0000] {dagbag.py:588} INFO - Filling up the DagBag from /home/airflow/.local/lib/python3.12/site-packages/airflow/example_dags/tutorial_taskflow_templates.py
[2025-02-12T00:21:33.686+0000] {processor.py:925} INFO - DAG(s) 'tutorial_taskflow_templates' retrieved from /home/airflow/.local/lib/python3.12/site-packages/airflow/example_dags/tutorial_taskflow_templates.py
[2025-02-12T00:21:33.727+0000] {logging_mixin.py:190} INFO - [2025-02-12T00:21:33.727+0000] {dag.py:3239} INFO - Sync 1 DAGs
[2025-02-12T00:21:33.759+0000] {logging_mixin.py:190} INFO - [2025-02-12T00:21:33.759+0000] {dag.py:4180} INFO - Setting next_dagrun for tutorial_taskflow_templates to 2025-02-11 00:00:00+00:00, run_after=2025-02-12 00:00:00+00:00
[2025-02-12T00:21:33.803+0000] {processor.py:208} INFO - Processing /home/airflow/.local/lib/python3.12/site-packages/airflow/example_dags/tutorial_taskflow_templates.py took 0.179 seconds
[2025-02-12T00:22:03.927+0000] {processor.py:186} INFO - Started process (PID=5176) to work on /home/airflow/.local/lib/python3.12/site-packages/airflow/example_dags/tutorial_taskflow_templates.py
[2025-02-12T00:22:03.928+0000] {processor.py:914} INFO - Processing file /home/airflow/.local/lib/python3.12/site-packages/airflow/example_dags/tutorial_taskflow_templates.py for tasks to queue
[2025-02-12T00:22:03.930+0000] {logging_mixin.py:190} INFO - [2025-02-12T00:22:03.930+0000] {dagbag.py:588} INFO - Filling up the DagBag from /home/airflow/.local/lib/python3.12/site-packages/airflow/example_dags/tutorial_taskflow_templates.py
[2025-02-12T00:22:03.942+0000] {processor.py:925} INFO - DAG(s) 'tutorial_taskflow_templates' retrieved from /home/airflow/.local/lib/python3.12/site-packages/airflow/example_dags/tutorial_taskflow_templates.py
[2025-02-12T00:22:03.962+0000] {logging_mixin.py:190} INFO - [2025-02-12T00:22:03.962+0000] {dag.py:3239} INFO - Sync 1 DAGs
[2025-02-12T00:22:03.984+0000] {logging_mixin.py:190} INFO - [2025-02-12T00:22:03.984+0000] {dag.py:4180} INFO - Setting next_dagrun for tutorial_taskflow_templates to 2025-02-11 00:00:00+00:00, run_after=2025-02-12 00:00:00+00:00
[2025-02-12T00:22:04.002+0000] {processor.py:208} INFO - Processing /home/airflow/.local/lib/python3.12/site-packages/airflow/example_dags/tutorial_taskflow_templates.py took 0.081 seconds
[2025-02-12T00:22:34.402+0000] {processor.py:186} INFO - Started process (PID=5242) to work on /home/airflow/.local/lib/python3.12/site-packages/airflow/example_dags/tutorial_taskflow_templates.py
[2025-02-12T00:22:34.403+0000] {processor.py:914} INFO - Processing file /home/airflow/.local/lib/python3.12/site-packages/airflow/example_dags/tutorial_taskflow_templates.py for tasks to queue
[2025-02-12T00:22:34.405+0000] {logging_mixin.py:190} INFO - [2025-02-12T00:22:34.405+0000] {dagbag.py:588} INFO - Filling up the DagBag from /home/airflow/.local/lib/python3.12/site-packages/airflow/example_dags/tutorial_taskflow_templates.py
[2025-02-12T00:22:34.423+0000] {processor.py:925} INFO - DAG(s) 'tutorial_taskflow_templates' retrieved from /home/airflow/.local/lib/python3.12/site-packages/airflow/example_dags/tutorial_taskflow_templates.py
[2025-02-12T00:22:34.450+0000] {logging_mixin.py:190} INFO - [2025-02-12T00:22:34.450+0000] {dag.py:3239} INFO - Sync 1 DAGs
[2025-02-12T00:22:34.487+0000] {logging_mixin.py:190} INFO - [2025-02-12T00:22:34.486+0000] {dag.py:4180} INFO - Setting next_dagrun for tutorial_taskflow_templates to 2025-02-11 00:00:00+00:00, run_after=2025-02-12 00:00:00+00:00
[2025-02-12T00:22:34.510+0000] {processor.py:208} INFO - Processing /home/airflow/.local/lib/python3.12/site-packages/airflow/example_dags/tutorial_taskflow_templates.py took 0.117 seconds
[2025-02-12T00:23:05.398+0000] {processor.py:186} INFO - Started process (PID=5308) to work on /home/airflow/.local/lib/python3.12/site-packages/airflow/example_dags/tutorial_taskflow_templates.py
[2025-02-12T00:23:05.399+0000] {processor.py:914} INFO - Processing file /home/airflow/.local/lib/python3.12/site-packages/airflow/example_dags/tutorial_taskflow_templates.py for tasks to queue
[2025-02-12T00:23:05.402+0000] {logging_mixin.py:190} INFO - [2025-02-12T00:23:05.401+0000] {dagbag.py:588} INFO - Filling up the DagBag from /home/airflow/.local/lib/python3.12/site-packages/airflow/example_dags/tutorial_taskflow_templates.py
[2025-02-12T00:23:05.415+0000] {processor.py:925} INFO - DAG(s) 'tutorial_taskflow_templates' retrieved from /home/airflow/.local/lib/python3.12/site-packages/airflow/example_dags/tutorial_taskflow_templates.py
[2025-02-12T00:23:05.438+0000] {logging_mixin.py:190} INFO - [2025-02-12T00:23:05.437+0000] {dag.py:3239} INFO - Sync 1 DAGs
[2025-02-12T00:23:05.466+0000] {logging_mixin.py:190} INFO - [2025-02-12T00:23:05.466+0000] {dag.py:4180} INFO - Setting next_dagrun for tutorial_taskflow_templates to 2025-02-11 00:00:00+00:00, run_after=2025-02-12 00:00:00+00:00
[2025-02-12T00:23:05.490+0000] {processor.py:208} INFO - Processing /home/airflow/.local/lib/python3.12/site-packages/airflow/example_dags/tutorial_taskflow_templates.py took 0.098 seconds
[2025-02-12T00:23:35.610+0000] {processor.py:186} INFO - Started process (PID=5374) to work on /home/airflow/.local/lib/python3.12/site-packages/airflow/example_dags/tutorial_taskflow_templates.py
[2025-02-12T00:23:35.611+0000] {processor.py:914} INFO - Processing file /home/airflow/.local/lib/python3.12/site-packages/airflow/example_dags/tutorial_taskflow_templates.py for tasks to queue
[2025-02-12T00:23:35.614+0000] {logging_mixin.py:190} INFO - [2025-02-12T00:23:35.614+0000] {dagbag.py:588} INFO - Filling up the DagBag from /home/airflow/.local/lib/python3.12/site-packages/airflow/example_dags/tutorial_taskflow_templates.py
[2025-02-12T00:23:35.628+0000] {processor.py:925} INFO - DAG(s) 'tutorial_taskflow_templates' retrieved from /home/airflow/.local/lib/python3.12/site-packages/airflow/example_dags/tutorial_taskflow_templates.py
[2025-02-12T00:23:35.652+0000] {logging_mixin.py:190} INFO - [2025-02-12T00:23:35.652+0000] {dag.py:3239} INFO - Sync 1 DAGs
[2025-02-12T00:23:35.682+0000] {logging_mixin.py:190} INFO - [2025-02-12T00:23:35.682+0000] {dag.py:4180} INFO - Setting next_dagrun for tutorial_taskflow_templates to 2025-02-11 00:00:00+00:00, run_after=2025-02-12 00:00:00+00:00
[2025-02-12T00:23:35.704+0000] {processor.py:208} INFO - Processing /home/airflow/.local/lib/python3.12/site-packages/airflow/example_dags/tutorial_taskflow_templates.py took 0.101 seconds
[2025-02-12T00:24:06.485+0000] {processor.py:186} INFO - Started process (PID=5440) to work on /home/airflow/.local/lib/python3.12/site-packages/airflow/example_dags/tutorial_taskflow_templates.py
[2025-02-12T00:24:06.486+0000] {processor.py:914} INFO - Processing file /home/airflow/.local/lib/python3.12/site-packages/airflow/example_dags/tutorial_taskflow_templates.py for tasks to queue
[2025-02-12T00:24:06.489+0000] {logging_mixin.py:190} INFO - [2025-02-12T00:24:06.489+0000] {dagbag.py:588} INFO - Filling up the DagBag from /home/airflow/.local/lib/python3.12/site-packages/airflow/example_dags/tutorial_taskflow_templates.py
[2025-02-12T00:24:06.505+0000] {processor.py:925} INFO - DAG(s) 'tutorial_taskflow_templates' retrieved from /home/airflow/.local/lib/python3.12/site-packages/airflow/example_dags/tutorial_taskflow_templates.py
[2025-02-12T00:24:06.538+0000] {logging_mixin.py:190} INFO - [2025-02-12T00:24:06.537+0000] {dag.py:3239} INFO - Sync 1 DAGs
[2025-02-12T00:24:06.602+0000] {logging_mixin.py:190} INFO - [2025-02-12T00:24:06.601+0000] {dag.py:4180} INFO - Setting next_dagrun for tutorial_taskflow_templates to 2025-02-11 00:00:00+00:00, run_after=2025-02-12 00:00:00+00:00
[2025-02-12T00:24:06.677+0000] {processor.py:208} INFO - Processing /home/airflow/.local/lib/python3.12/site-packages/airflow/example_dags/tutorial_taskflow_templates.py took 0.198 seconds
[2025-02-12T00:24:36.776+0000] {processor.py:186} INFO - Started process (PID=5506) to work on /home/airflow/.local/lib/python3.12/site-packages/airflow/example_dags/tutorial_taskflow_templates.py
[2025-02-12T00:24:36.778+0000] {processor.py:914} INFO - Processing file /home/airflow/.local/lib/python3.12/site-packages/airflow/example_dags/tutorial_taskflow_templates.py for tasks to queue
[2025-02-12T00:24:36.781+0000] {logging_mixin.py:190} INFO - [2025-02-12T00:24:36.781+0000] {dagbag.py:588} INFO - Filling up the DagBag from /home/airflow/.local/lib/python3.12/site-packages/airflow/example_dags/tutorial_taskflow_templates.py
[2025-02-12T00:24:36.801+0000] {processor.py:925} INFO - DAG(s) 'tutorial_taskflow_templates' retrieved from /home/airflow/.local/lib/python3.12/site-packages/airflow/example_dags/tutorial_taskflow_templates.py
[2025-02-12T00:24:36.830+0000] {logging_mixin.py:190} INFO - [2025-02-12T00:24:36.829+0000] {dag.py:3239} INFO - Sync 1 DAGs
[2025-02-12T00:24:36.865+0000] {logging_mixin.py:190} INFO - [2025-02-12T00:24:36.865+0000] {dag.py:4180} INFO - Setting next_dagrun for tutorial_taskflow_templates to 2025-02-11 00:00:00+00:00, run_after=2025-02-12 00:00:00+00:00
[2025-02-12T00:24:36.884+0000] {processor.py:208} INFO - Processing /home/airflow/.local/lib/python3.12/site-packages/airflow/example_dags/tutorial_taskflow_templates.py took 0.116 seconds
[2025-02-12T00:25:07.261+0000] {processor.py:186} INFO - Started process (PID=5570) to work on /home/airflow/.local/lib/python3.12/site-packages/airflow/example_dags/tutorial_taskflow_templates.py
[2025-02-12T00:25:07.263+0000] {processor.py:914} INFO - Processing file /home/airflow/.local/lib/python3.12/site-packages/airflow/example_dags/tutorial_taskflow_templates.py for tasks to queue
[2025-02-12T00:25:07.266+0000] {logging_mixin.py:190} INFO - [2025-02-12T00:25:07.266+0000] {dagbag.py:588} INFO - Filling up the DagBag from /home/airflow/.local/lib/python3.12/site-packages/airflow/example_dags/tutorial_taskflow_templates.py
[2025-02-12T00:25:07.281+0000] {processor.py:925} INFO - DAG(s) 'tutorial_taskflow_templates' retrieved from /home/airflow/.local/lib/python3.12/site-packages/airflow/example_dags/tutorial_taskflow_templates.py
[2025-02-12T00:25:07.302+0000] {logging_mixin.py:190} INFO - [2025-02-12T00:25:07.301+0000] {dag.py:3239} INFO - Sync 1 DAGs
[2025-02-12T00:25:07.325+0000] {logging_mixin.py:190} INFO - [2025-02-12T00:25:07.325+0000] {dag.py:4180} INFO - Setting next_dagrun for tutorial_taskflow_templates to 2025-02-11 00:00:00+00:00, run_after=2025-02-12 00:00:00+00:00
[2025-02-12T00:25:07.348+0000] {processor.py:208} INFO - Processing /home/airflow/.local/lib/python3.12/site-packages/airflow/example_dags/tutorial_taskflow_templates.py took 0.093 seconds
[2025-02-12T00:25:38.057+0000] {processor.py:186} INFO - Started process (PID=5637) to work on /home/airflow/.local/lib/python3.12/site-packages/airflow/example_dags/tutorial_taskflow_templates.py
[2025-02-12T00:25:38.058+0000] {processor.py:914} INFO - Processing file /home/airflow/.local/lib/python3.12/site-packages/airflow/example_dags/tutorial_taskflow_templates.py for tasks to queue
[2025-02-12T00:25:38.062+0000] {logging_mixin.py:190} INFO - [2025-02-12T00:25:38.062+0000] {dagbag.py:588} INFO - Filling up the DagBag from /home/airflow/.local/lib/python3.12/site-packages/airflow/example_dags/tutorial_taskflow_templates.py
[2025-02-12T00:25:38.079+0000] {processor.py:925} INFO - DAG(s) 'tutorial_taskflow_templates' retrieved from /home/airflow/.local/lib/python3.12/site-packages/airflow/example_dags/tutorial_taskflow_templates.py
[2025-02-12T00:25:38.099+0000] {logging_mixin.py:190} INFO - [2025-02-12T00:25:38.099+0000] {dag.py:3239} INFO - Sync 1 DAGs
[2025-02-12T00:25:38.127+0000] {logging_mixin.py:190} INFO - [2025-02-12T00:25:38.127+0000] {dag.py:4180} INFO - Setting next_dagrun for tutorial_taskflow_templates to 2025-02-11 00:00:00+00:00, run_after=2025-02-12 00:00:00+00:00
[2025-02-12T00:25:38.148+0000] {processor.py:208} INFO - Processing /home/airflow/.local/lib/python3.12/site-packages/airflow/example_dags/tutorial_taskflow_templates.py took 0.099 seconds
[2025-02-12T00:26:08.774+0000] {processor.py:186} INFO - Started process (PID=5703) to work on /home/airflow/.local/lib/python3.12/site-packages/airflow/example_dags/tutorial_taskflow_templates.py
[2025-02-12T00:26:08.775+0000] {processor.py:914} INFO - Processing file /home/airflow/.local/lib/python3.12/site-packages/airflow/example_dags/tutorial_taskflow_templates.py for tasks to queue
[2025-02-12T00:26:08.779+0000] {logging_mixin.py:190} INFO - [2025-02-12T00:26:08.778+0000] {dagbag.py:588} INFO - Filling up the DagBag from /home/airflow/.local/lib/python3.12/site-packages/airflow/example_dags/tutorial_taskflow_templates.py
[2025-02-12T00:26:08.800+0000] {processor.py:925} INFO - DAG(s) 'tutorial_taskflow_templates' retrieved from /home/airflow/.local/lib/python3.12/site-packages/airflow/example_dags/tutorial_taskflow_templates.py
[2025-02-12T00:26:08.837+0000] {logging_mixin.py:190} INFO - [2025-02-12T00:26:08.837+0000] {dag.py:3239} INFO - Sync 1 DAGs
[2025-02-12T00:26:08.869+0000] {logging_mixin.py:190} INFO - [2025-02-12T00:26:08.868+0000] {dag.py:4180} INFO - Setting next_dagrun for tutorial_taskflow_templates to 2025-02-11 00:00:00+00:00, run_after=2025-02-12 00:00:00+00:00
[2025-02-12T00:26:08.901+0000] {processor.py:208} INFO - Processing /home/airflow/.local/lib/python3.12/site-packages/airflow/example_dags/tutorial_taskflow_templates.py took 0.135 seconds
[2025-02-12T00:26:39.134+0000] {processor.py:186} INFO - Started process (PID=5769) to work on /home/airflow/.local/lib/python3.12/site-packages/airflow/example_dags/tutorial_taskflow_templates.py
[2025-02-12T00:26:39.136+0000] {processor.py:914} INFO - Processing file /home/airflow/.local/lib/python3.12/site-packages/airflow/example_dags/tutorial_taskflow_templates.py for tasks to queue
[2025-02-12T00:26:39.140+0000] {logging_mixin.py:190} INFO - [2025-02-12T00:26:39.139+0000] {dagbag.py:588} INFO - Filling up the DagBag from /home/airflow/.local/lib/python3.12/site-packages/airflow/example_dags/tutorial_taskflow_templates.py
[2025-02-12T00:26:39.160+0000] {processor.py:925} INFO - DAG(s) 'tutorial_taskflow_templates' retrieved from /home/airflow/.local/lib/python3.12/site-packages/airflow/example_dags/tutorial_taskflow_templates.py
[2025-02-12T00:26:39.189+0000] {logging_mixin.py:190} INFO - [2025-02-12T00:26:39.188+0000] {dag.py:3239} INFO - Sync 1 DAGs
[2025-02-12T00:26:39.219+0000] {logging_mixin.py:190} INFO - [2025-02-12T00:26:39.219+0000] {dag.py:4180} INFO - Setting next_dagrun for tutorial_taskflow_templates to 2025-02-11 00:00:00+00:00, run_after=2025-02-12 00:00:00+00:00
[2025-02-12T00:26:39.247+0000] {processor.py:208} INFO - Processing /home/airflow/.local/lib/python3.12/site-packages/airflow/example_dags/tutorial_taskflow_templates.py took 0.123 seconds
[2025-02-12T00:27:09.822+0000] {processor.py:186} INFO - Started process (PID=5836) to work on /home/airflow/.local/lib/python3.12/site-packages/airflow/example_dags/tutorial_taskflow_templates.py
[2025-02-12T00:27:09.826+0000] {processor.py:914} INFO - Processing file /home/airflow/.local/lib/python3.12/site-packages/airflow/example_dags/tutorial_taskflow_templates.py for tasks to queue
[2025-02-12T00:27:09.829+0000] {logging_mixin.py:190} INFO - [2025-02-12T00:27:09.829+0000] {dagbag.py:588} INFO - Filling up the DagBag from /home/airflow/.local/lib/python3.12/site-packages/airflow/example_dags/tutorial_taskflow_templates.py
[2025-02-12T00:27:09.854+0000] {processor.py:925} INFO - DAG(s) 'tutorial_taskflow_templates' retrieved from /home/airflow/.local/lib/python3.12/site-packages/airflow/example_dags/tutorial_taskflow_templates.py
[2025-02-12T00:27:09.885+0000] {logging_mixin.py:190} INFO - [2025-02-12T00:27:09.885+0000] {dag.py:3239} INFO - Sync 1 DAGs
[2025-02-12T00:27:09.934+0000] {logging_mixin.py:190} INFO - [2025-02-12T00:27:09.934+0000] {dag.py:4180} INFO - Setting next_dagrun for tutorial_taskflow_templates to 2025-02-11 00:00:00+00:00, run_after=2025-02-12 00:00:00+00:00
[2025-02-12T00:27:09.965+0000] {processor.py:208} INFO - Processing /home/airflow/.local/lib/python3.12/site-packages/airflow/example_dags/tutorial_taskflow_templates.py took 0.152 seconds
[2025-02-12T00:27:40.566+0000] {processor.py:186} INFO - Started process (PID=5903) to work on /home/airflow/.local/lib/python3.12/site-packages/airflow/example_dags/tutorial_taskflow_templates.py
[2025-02-12T00:27:40.567+0000] {processor.py:914} INFO - Processing file /home/airflow/.local/lib/python3.12/site-packages/airflow/example_dags/tutorial_taskflow_templates.py for tasks to queue
[2025-02-12T00:27:40.570+0000] {logging_mixin.py:190} INFO - [2025-02-12T00:27:40.569+0000] {dagbag.py:588} INFO - Filling up the DagBag from /home/airflow/.local/lib/python3.12/site-packages/airflow/example_dags/tutorial_taskflow_templates.py
[2025-02-12T00:27:40.584+0000] {processor.py:925} INFO - DAG(s) 'tutorial_taskflow_templates' retrieved from /home/airflow/.local/lib/python3.12/site-packages/airflow/example_dags/tutorial_taskflow_templates.py
[2025-02-12T00:27:40.614+0000] {logging_mixin.py:190} INFO - [2025-02-12T00:27:40.614+0000] {dag.py:3239} INFO - Sync 1 DAGs
[2025-02-12T00:27:40.653+0000] {logging_mixin.py:190} INFO - [2025-02-12T00:27:40.653+0000] {dag.py:4180} INFO - Setting next_dagrun for tutorial_taskflow_templates to 2025-02-11 00:00:00+00:00, run_after=2025-02-12 00:00:00+00:00
[2025-02-12T00:27:40.683+0000] {processor.py:208} INFO - Processing /home/airflow/.local/lib/python3.12/site-packages/airflow/example_dags/tutorial_taskflow_templates.py took 0.132 seconds
[2025-02-12T00:28:11.059+0000] {processor.py:186} INFO - Started process (PID=5969) to work on /home/airflow/.local/lib/python3.12/site-packages/airflow/example_dags/tutorial_taskflow_templates.py
[2025-02-12T00:28:11.060+0000] {processor.py:914} INFO - Processing file /home/airflow/.local/lib/python3.12/site-packages/airflow/example_dags/tutorial_taskflow_templates.py for tasks to queue
[2025-02-12T00:28:11.063+0000] {logging_mixin.py:190} INFO - [2025-02-12T00:28:11.063+0000] {dagbag.py:588} INFO - Filling up the DagBag from /home/airflow/.local/lib/python3.12/site-packages/airflow/example_dags/tutorial_taskflow_templates.py
[2025-02-12T00:28:11.087+0000] {processor.py:925} INFO - DAG(s) 'tutorial_taskflow_templates' retrieved from /home/airflow/.local/lib/python3.12/site-packages/airflow/example_dags/tutorial_taskflow_templates.py
[2025-02-12T00:28:11.123+0000] {logging_mixin.py:190} INFO - [2025-02-12T00:28:11.123+0000] {dag.py:3239} INFO - Sync 1 DAGs
[2025-02-12T00:28:11.161+0000] {logging_mixin.py:190} INFO - [2025-02-12T00:28:11.160+0000] {dag.py:4180} INFO - Setting next_dagrun for tutorial_taskflow_templates to 2025-02-11 00:00:00+00:00, run_after=2025-02-12 00:00:00+00:00
[2025-02-12T00:28:11.199+0000] {processor.py:208} INFO - Processing /home/airflow/.local/lib/python3.12/site-packages/airflow/example_dags/tutorial_taskflow_templates.py took 0.146 seconds
[2025-02-12T00:28:41.774+0000] {processor.py:186} INFO - Started process (PID=6035) to work on /home/airflow/.local/lib/python3.12/site-packages/airflow/example_dags/tutorial_taskflow_templates.py
[2025-02-12T00:28:41.775+0000] {processor.py:914} INFO - Processing file /home/airflow/.local/lib/python3.12/site-packages/airflow/example_dags/tutorial_taskflow_templates.py for tasks to queue
[2025-02-12T00:28:41.778+0000] {logging_mixin.py:190} INFO - [2025-02-12T00:28:41.778+0000] {dagbag.py:588} INFO - Filling up the DagBag from /home/airflow/.local/lib/python3.12/site-packages/airflow/example_dags/tutorial_taskflow_templates.py
[2025-02-12T00:28:41.796+0000] {processor.py:925} INFO - DAG(s) 'tutorial_taskflow_templates' retrieved from /home/airflow/.local/lib/python3.12/site-packages/airflow/example_dags/tutorial_taskflow_templates.py
[2025-02-12T00:28:41.822+0000] {logging_mixin.py:190} INFO - [2025-02-12T00:28:41.821+0000] {dag.py:3239} INFO - Sync 1 DAGs
[2025-02-12T00:28:41.853+0000] {logging_mixin.py:190} INFO - [2025-02-12T00:28:41.853+0000] {dag.py:4180} INFO - Setting next_dagrun for tutorial_taskflow_templates to 2025-02-11 00:00:00+00:00, run_after=2025-02-12 00:00:00+00:00
[2025-02-12T00:28:41.878+0000] {processor.py:208} INFO - Processing /home/airflow/.local/lib/python3.12/site-packages/airflow/example_dags/tutorial_taskflow_templates.py took 0.112 seconds
[2025-02-12T00:29:12.780+0000] {processor.py:186} INFO - Started process (PID=6102) to work on /home/airflow/.local/lib/python3.12/site-packages/airflow/example_dags/tutorial_taskflow_templates.py
[2025-02-12T00:29:12.781+0000] {processor.py:914} INFO - Processing file /home/airflow/.local/lib/python3.12/site-packages/airflow/example_dags/tutorial_taskflow_templates.py for tasks to queue
[2025-02-12T00:29:12.783+0000] {logging_mixin.py:190} INFO - [2025-02-12T00:29:12.783+0000] {dagbag.py:588} INFO - Filling up the DagBag from /home/airflow/.local/lib/python3.12/site-packages/airflow/example_dags/tutorial_taskflow_templates.py
[2025-02-12T00:29:12.811+0000] {processor.py:925} INFO - DAG(s) 'tutorial_taskflow_templates' retrieved from /home/airflow/.local/lib/python3.12/site-packages/airflow/example_dags/tutorial_taskflow_templates.py
[2025-02-12T00:29:12.834+0000] {logging_mixin.py:190} INFO - [2025-02-12T00:29:12.834+0000] {dag.py:3239} INFO - Sync 1 DAGs
[2025-02-12T00:29:12.867+0000] {logging_mixin.py:190} INFO - [2025-02-12T00:29:12.867+0000] {dag.py:4180} INFO - Setting next_dagrun for tutorial_taskflow_templates to 2025-02-11 00:00:00+00:00, run_after=2025-02-12 00:00:00+00:00
[2025-02-12T00:29:12.891+0000] {processor.py:208} INFO - Processing /home/airflow/.local/lib/python3.12/site-packages/airflow/example_dags/tutorial_taskflow_templates.py took 0.118 seconds
[2025-02-12T00:29:43.320+0000] {processor.py:186} INFO - Started process (PID=6169) to work on /home/airflow/.local/lib/python3.12/site-packages/airflow/example_dags/tutorial_taskflow_templates.py
[2025-02-12T00:29:43.321+0000] {processor.py:914} INFO - Processing file /home/airflow/.local/lib/python3.12/site-packages/airflow/example_dags/tutorial_taskflow_templates.py for tasks to queue
[2025-02-12T00:29:43.323+0000] {logging_mixin.py:190} INFO - [2025-02-12T00:29:43.322+0000] {dagbag.py:588} INFO - Filling up the DagBag from /home/airflow/.local/lib/python3.12/site-packages/airflow/example_dags/tutorial_taskflow_templates.py
[2025-02-12T00:29:43.342+0000] {processor.py:925} INFO - DAG(s) 'tutorial_taskflow_templates' retrieved from /home/airflow/.local/lib/python3.12/site-packages/airflow/example_dags/tutorial_taskflow_templates.py
[2025-02-12T00:29:43.370+0000] {logging_mixin.py:190} INFO - [2025-02-12T00:29:43.370+0000] {dag.py:3239} INFO - Sync 1 DAGs
[2025-02-12T00:29:43.402+0000] {logging_mixin.py:190} INFO - [2025-02-12T00:29:43.402+0000] {dag.py:4180} INFO - Setting next_dagrun for tutorial_taskflow_templates to 2025-02-11 00:00:00+00:00, run_after=2025-02-12 00:00:00+00:00
[2025-02-12T00:29:43.422+0000] {processor.py:208} INFO - Processing /home/airflow/.local/lib/python3.12/site-packages/airflow/example_dags/tutorial_taskflow_templates.py took 0.109 seconds
[2025-02-12T00:30:15.278+0000] {processor.py:186} INFO - Started process (PID=6237) to work on /home/airflow/.local/lib/python3.12/site-packages/airflow/example_dags/tutorial_taskflow_templates.py
[2025-02-12T00:30:15.280+0000] {processor.py:914} INFO - Processing file /home/airflow/.local/lib/python3.12/site-packages/airflow/example_dags/tutorial_taskflow_templates.py for tasks to queue
[2025-02-12T00:30:15.282+0000] {logging_mixin.py:190} INFO - [2025-02-12T00:30:15.281+0000] {dagbag.py:588} INFO - Filling up the DagBag from /home/airflow/.local/lib/python3.12/site-packages/airflow/example_dags/tutorial_taskflow_templates.py
[2025-02-12T00:30:15.312+0000] {processor.py:925} INFO - DAG(s) 'tutorial_taskflow_templates' retrieved from /home/airflow/.local/lib/python3.12/site-packages/airflow/example_dags/tutorial_taskflow_templates.py
[2025-02-12T00:30:15.341+0000] {logging_mixin.py:190} INFO - [2025-02-12T00:30:15.341+0000] {dag.py:3239} INFO - Sync 1 DAGs
[2025-02-12T00:30:15.378+0000] {logging_mixin.py:190} INFO - [2025-02-12T00:30:15.378+0000] {dag.py:4180} INFO - Setting next_dagrun for tutorial_taskflow_templates to 2025-02-11 00:00:00+00:00, run_after=2025-02-12 00:00:00+00:00
[2025-02-12T00:30:15.403+0000] {processor.py:208} INFO - Processing /home/airflow/.local/lib/python3.12/site-packages/airflow/example_dags/tutorial_taskflow_templates.py took 0.134 seconds
[2025-02-12T00:32:51.016+0000] {processor.py:186} INFO - Started process (PID=92) to work on /home/airflow/.local/lib/python3.12/site-packages/airflow/example_dags/tutorial_taskflow_templates.py
[2025-02-12T00:32:51.018+0000] {processor.py:914} INFO - Processing file /home/airflow/.local/lib/python3.12/site-packages/airflow/example_dags/tutorial_taskflow_templates.py for tasks to queue
[2025-02-12T00:32:51.022+0000] {logging_mixin.py:190} INFO - [2025-02-12T00:32:51.021+0000] {dagbag.py:588} INFO - Filling up the DagBag from /home/airflow/.local/lib/python3.12/site-packages/airflow/example_dags/tutorial_taskflow_templates.py
[2025-02-12T00:32:51.043+0000] {processor.py:925} INFO - DAG(s) 'tutorial_taskflow_templates' retrieved from /home/airflow/.local/lib/python3.12/site-packages/airflow/example_dags/tutorial_taskflow_templates.py
[2025-02-12T00:32:51.115+0000] {logging_mixin.py:190} INFO - [2025-02-12T00:32:51.115+0000] {dag.py:3239} INFO - Sync 1 DAGs
[2025-02-12T00:32:51.175+0000] {logging_mixin.py:190} INFO - [2025-02-12T00:32:51.174+0000] {dag.py:4180} INFO - Setting next_dagrun for tutorial_taskflow_templates to 2025-02-11 00:00:00+00:00, run_after=2025-02-12 00:00:00+00:00
[2025-02-12T00:32:51.272+0000] {processor.py:208} INFO - Processing /home/airflow/.local/lib/python3.12/site-packages/airflow/example_dags/tutorial_taskflow_templates.py took 0.285 seconds
[2025-02-12T00:33:22.214+0000] {processor.py:186} INFO - Started process (PID=173) to work on /home/airflow/.local/lib/python3.12/site-packages/airflow/example_dags/tutorial_taskflow_templates.py
[2025-02-12T00:33:22.222+0000] {processor.py:914} INFO - Processing file /home/airflow/.local/lib/python3.12/site-packages/airflow/example_dags/tutorial_taskflow_templates.py for tasks to queue
[2025-02-12T00:33:22.238+0000] {logging_mixin.py:190} INFO - [2025-02-12T00:33:22.238+0000] {dagbag.py:588} INFO - Filling up the DagBag from /home/airflow/.local/lib/python3.12/site-packages/airflow/example_dags/tutorial_taskflow_templates.py
[2025-02-12T00:33:22.277+0000] {processor.py:925} INFO - DAG(s) 'tutorial_taskflow_templates' retrieved from /home/airflow/.local/lib/python3.12/site-packages/airflow/example_dags/tutorial_taskflow_templates.py
[2025-02-12T00:33:22.366+0000] {logging_mixin.py:190} INFO - [2025-02-12T00:33:22.366+0000] {dag.py:3239} INFO - Sync 1 DAGs
[2025-02-12T00:33:22.526+0000] {logging_mixin.py:190} INFO - [2025-02-12T00:33:22.525+0000] {dag.py:4180} INFO - Setting next_dagrun for tutorial_taskflow_templates to 2025-02-11 00:00:00+00:00, run_after=2025-02-12 00:00:00+00:00
[2025-02-12T00:33:22.644+0000] {processor.py:208} INFO - Processing /home/airflow/.local/lib/python3.12/site-packages/airflow/example_dags/tutorial_taskflow_templates.py took 0.441 seconds
[2025-02-12T00:33:52.955+0000] {processor.py:186} INFO - Started process (PID=254) to work on /home/airflow/.local/lib/python3.12/site-packages/airflow/example_dags/tutorial_taskflow_templates.py
[2025-02-12T00:33:52.959+0000] {processor.py:914} INFO - Processing file /home/airflow/.local/lib/python3.12/site-packages/airflow/example_dags/tutorial_taskflow_templates.py for tasks to queue
[2025-02-12T00:33:52.967+0000] {logging_mixin.py:190} INFO - [2025-02-12T00:33:52.965+0000] {dagbag.py:588} INFO - Filling up the DagBag from /home/airflow/.local/lib/python3.12/site-packages/airflow/example_dags/tutorial_taskflow_templates.py
[2025-02-12T00:33:53.003+0000] {processor.py:925} INFO - DAG(s) 'tutorial_taskflow_templates' retrieved from /home/airflow/.local/lib/python3.12/site-packages/airflow/example_dags/tutorial_taskflow_templates.py
[2025-02-12T00:33:53.070+0000] {logging_mixin.py:190} INFO - [2025-02-12T00:33:53.070+0000] {dag.py:3239} INFO - Sync 1 DAGs
[2025-02-12T00:33:53.121+0000] {logging_mixin.py:190} INFO - [2025-02-12T00:33:53.120+0000] {dag.py:4180} INFO - Setting next_dagrun for tutorial_taskflow_templates to 2025-02-11 00:00:00+00:00, run_after=2025-02-12 00:00:00+00:00
[2025-02-12T00:33:53.161+0000] {processor.py:208} INFO - Processing /home/airflow/.local/lib/python3.12/site-packages/airflow/example_dags/tutorial_taskflow_templates.py took 0.217 seconds
[2025-02-12T00:34:23.432+0000] {processor.py:186} INFO - Started process (PID=320) to work on /home/airflow/.local/lib/python3.12/site-packages/airflow/example_dags/tutorial_taskflow_templates.py
[2025-02-12T00:34:23.433+0000] {processor.py:914} INFO - Processing file /home/airflow/.local/lib/python3.12/site-packages/airflow/example_dags/tutorial_taskflow_templates.py for tasks to queue
[2025-02-12T00:34:23.436+0000] {logging_mixin.py:190} INFO - [2025-02-12T00:34:23.436+0000] {dagbag.py:588} INFO - Filling up the DagBag from /home/airflow/.local/lib/python3.12/site-packages/airflow/example_dags/tutorial_taskflow_templates.py
[2025-02-12T00:34:23.453+0000] {processor.py:925} INFO - DAG(s) 'tutorial_taskflow_templates' retrieved from /home/airflow/.local/lib/python3.12/site-packages/airflow/example_dags/tutorial_taskflow_templates.py
[2025-02-12T00:34:23.476+0000] {logging_mixin.py:190} INFO - [2025-02-12T00:34:23.476+0000] {dag.py:3239} INFO - Sync 1 DAGs
[2025-02-12T00:34:23.507+0000] {logging_mixin.py:190} INFO - [2025-02-12T00:34:23.506+0000] {dag.py:4180} INFO - Setting next_dagrun for tutorial_taskflow_templates to 2025-02-11 00:00:00+00:00, run_after=2025-02-12 00:00:00+00:00
[2025-02-12T00:34:23.537+0000] {processor.py:208} INFO - Processing /home/airflow/.local/lib/python3.12/site-packages/airflow/example_dags/tutorial_taskflow_templates.py took 0.112 seconds
[2025-02-12T00:34:54.575+0000] {processor.py:186} INFO - Started process (PID=386) to work on /home/airflow/.local/lib/python3.12/site-packages/airflow/example_dags/tutorial_taskflow_templates.py
[2025-02-12T00:34:54.576+0000] {processor.py:914} INFO - Processing file /home/airflow/.local/lib/python3.12/site-packages/airflow/example_dags/tutorial_taskflow_templates.py for tasks to queue
[2025-02-12T00:34:54.578+0000] {logging_mixin.py:190} INFO - [2025-02-12T00:34:54.578+0000] {dagbag.py:588} INFO - Filling up the DagBag from /home/airflow/.local/lib/python3.12/site-packages/airflow/example_dags/tutorial_taskflow_templates.py
[2025-02-12T00:34:54.597+0000] {processor.py:925} INFO - DAG(s) 'tutorial_taskflow_templates' retrieved from /home/airflow/.local/lib/python3.12/site-packages/airflow/example_dags/tutorial_taskflow_templates.py
[2025-02-12T00:34:54.619+0000] {logging_mixin.py:190} INFO - [2025-02-12T00:34:54.619+0000] {dag.py:3239} INFO - Sync 1 DAGs
[2025-02-12T00:34:54.650+0000] {logging_mixin.py:190} INFO - [2025-02-12T00:34:54.650+0000] {dag.py:4180} INFO - Setting next_dagrun for tutorial_taskflow_templates to 2025-02-11 00:00:00+00:00, run_after=2025-02-12 00:00:00+00:00
[2025-02-12T00:34:54.669+0000] {processor.py:208} INFO - Processing /home/airflow/.local/lib/python3.12/site-packages/airflow/example_dags/tutorial_taskflow_templates.py took 0.106 seconds
[2025-02-12T00:35:28.412+0000] {processor.py:186} INFO - Started process (PID=452) to work on /home/airflow/.local/lib/python3.12/site-packages/airflow/example_dags/tutorial_taskflow_templates.py
[2025-02-12T00:35:28.414+0000] {processor.py:914} INFO - Processing file /home/airflow/.local/lib/python3.12/site-packages/airflow/example_dags/tutorial_taskflow_templates.py for tasks to queue
[2025-02-12T00:35:28.418+0000] {logging_mixin.py:190} INFO - [2025-02-12T00:35:28.417+0000] {dagbag.py:588} INFO - Filling up the DagBag from /home/airflow/.local/lib/python3.12/site-packages/airflow/example_dags/tutorial_taskflow_templates.py
[2025-02-12T00:35:28.438+0000] {processor.py:925} INFO - DAG(s) 'tutorial_taskflow_templates' retrieved from /home/airflow/.local/lib/python3.12/site-packages/airflow/example_dags/tutorial_taskflow_templates.py
[2025-02-12T00:35:28.466+0000] {logging_mixin.py:190} INFO - [2025-02-12T00:35:28.465+0000] {dag.py:3239} INFO - Sync 1 DAGs
[2025-02-12T00:35:28.500+0000] {logging_mixin.py:190} INFO - [2025-02-12T00:35:28.500+0000] {dag.py:4180} INFO - Setting next_dagrun for tutorial_taskflow_templates to 2025-02-11 00:00:00+00:00, run_after=2025-02-12 00:00:00+00:00
[2025-02-12T00:35:28.526+0000] {processor.py:208} INFO - Processing /home/airflow/.local/lib/python3.12/site-packages/airflow/example_dags/tutorial_taskflow_templates.py took 0.128 seconds
[2025-02-12T00:35:59.321+0000] {processor.py:186} INFO - Started process (PID=518) to work on /home/airflow/.local/lib/python3.12/site-packages/airflow/example_dags/tutorial_taskflow_templates.py
[2025-02-12T00:35:59.322+0000] {processor.py:914} INFO - Processing file /home/airflow/.local/lib/python3.12/site-packages/airflow/example_dags/tutorial_taskflow_templates.py for tasks to queue
[2025-02-12T00:35:59.325+0000] {logging_mixin.py:190} INFO - [2025-02-12T00:35:59.325+0000] {dagbag.py:588} INFO - Filling up the DagBag from /home/airflow/.local/lib/python3.12/site-packages/airflow/example_dags/tutorial_taskflow_templates.py
[2025-02-12T00:35:59.339+0000] {processor.py:925} INFO - DAG(s) 'tutorial_taskflow_templates' retrieved from /home/airflow/.local/lib/python3.12/site-packages/airflow/example_dags/tutorial_taskflow_templates.py
[2025-02-12T00:35:59.368+0000] {logging_mixin.py:190} INFO - [2025-02-12T00:35:59.368+0000] {dag.py:3239} INFO - Sync 1 DAGs
[2025-02-12T00:35:59.406+0000] {logging_mixin.py:190} INFO - [2025-02-12T00:35:59.406+0000] {dag.py:4180} INFO - Setting next_dagrun for tutorial_taskflow_templates to 2025-02-11 00:00:00+00:00, run_after=2025-02-12 00:00:00+00:00
[2025-02-12T00:35:59.429+0000] {processor.py:208} INFO - Processing /home/airflow/.local/lib/python3.12/site-packages/airflow/example_dags/tutorial_taskflow_templates.py took 0.122 seconds
[2025-02-12T00:36:30.449+0000] {processor.py:186} INFO - Started process (PID=584) to work on /home/airflow/.local/lib/python3.12/site-packages/airflow/example_dags/tutorial_taskflow_templates.py
[2025-02-12T00:36:30.454+0000] {processor.py:914} INFO - Processing file /home/airflow/.local/lib/python3.12/site-packages/airflow/example_dags/tutorial_taskflow_templates.py for tasks to queue
[2025-02-12T00:36:30.460+0000] {logging_mixin.py:190} INFO - [2025-02-12T00:36:30.459+0000] {dagbag.py:588} INFO - Filling up the DagBag from /home/airflow/.local/lib/python3.12/site-packages/airflow/example_dags/tutorial_taskflow_templates.py
[2025-02-12T00:36:30.485+0000] {processor.py:925} INFO - DAG(s) 'tutorial_taskflow_templates' retrieved from /home/airflow/.local/lib/python3.12/site-packages/airflow/example_dags/tutorial_taskflow_templates.py
[2025-02-12T00:36:30.568+0000] {logging_mixin.py:190} INFO - [2025-02-12T00:36:30.568+0000] {dag.py:3239} INFO - Sync 1 DAGs
[2025-02-12T00:36:30.642+0000] {logging_mixin.py:190} INFO - [2025-02-12T00:36:30.642+0000] {dag.py:4180} INFO - Setting next_dagrun for tutorial_taskflow_templates to 2025-02-11 00:00:00+00:00, run_after=2025-02-12 00:00:00+00:00
[2025-02-12T00:36:30.663+0000] {processor.py:208} INFO - Processing /home/airflow/.local/lib/python3.12/site-packages/airflow/example_dags/tutorial_taskflow_templates.py took 0.223 seconds
[2025-02-12T00:37:01.579+0000] {processor.py:186} INFO - Started process (PID=650) to work on /home/airflow/.local/lib/python3.12/site-packages/airflow/example_dags/tutorial_taskflow_templates.py
[2025-02-12T00:37:01.580+0000] {processor.py:914} INFO - Processing file /home/airflow/.local/lib/python3.12/site-packages/airflow/example_dags/tutorial_taskflow_templates.py for tasks to queue
[2025-02-12T00:37:01.583+0000] {logging_mixin.py:190} INFO - [2025-02-12T00:37:01.582+0000] {dagbag.py:588} INFO - Filling up the DagBag from /home/airflow/.local/lib/python3.12/site-packages/airflow/example_dags/tutorial_taskflow_templates.py
[2025-02-12T00:37:01.600+0000] {processor.py:925} INFO - DAG(s) 'tutorial_taskflow_templates' retrieved from /home/airflow/.local/lib/python3.12/site-packages/airflow/example_dags/tutorial_taskflow_templates.py
[2025-02-12T00:37:01.622+0000] {logging_mixin.py:190} INFO - [2025-02-12T00:37:01.622+0000] {dag.py:3239} INFO - Sync 1 DAGs
[2025-02-12T00:37:01.649+0000] {logging_mixin.py:190} INFO - [2025-02-12T00:37:01.649+0000] {dag.py:4180} INFO - Setting next_dagrun for tutorial_taskflow_templates to 2025-02-11 00:00:00+00:00, run_after=2025-02-12 00:00:00+00:00
[2025-02-12T00:37:01.668+0000] {processor.py:208} INFO - Processing /home/airflow/.local/lib/python3.12/site-packages/airflow/example_dags/tutorial_taskflow_templates.py took 0.097 seconds
[2025-02-12T00:37:32.996+0000] {processor.py:186} INFO - Started process (PID=716) to work on /home/airflow/.local/lib/python3.12/site-packages/airflow/example_dags/tutorial_taskflow_templates.py
[2025-02-12T00:37:32.997+0000] {processor.py:914} INFO - Processing file /home/airflow/.local/lib/python3.12/site-packages/airflow/example_dags/tutorial_taskflow_templates.py for tasks to queue
[2025-02-12T00:37:33.002+0000] {logging_mixin.py:190} INFO - [2025-02-12T00:37:33.002+0000] {dagbag.py:588} INFO - Filling up the DagBag from /home/airflow/.local/lib/python3.12/site-packages/airflow/example_dags/tutorial_taskflow_templates.py
[2025-02-12T00:37:33.049+0000] {processor.py:925} INFO - DAG(s) 'tutorial_taskflow_templates' retrieved from /home/airflow/.local/lib/python3.12/site-packages/airflow/example_dags/tutorial_taskflow_templates.py
[2025-02-12T00:37:33.090+0000] {logging_mixin.py:190} INFO - [2025-02-12T00:37:33.090+0000] {dag.py:3239} INFO - Sync 1 DAGs
[2025-02-12T00:37:33.141+0000] {logging_mixin.py:190} INFO - [2025-02-12T00:37:33.141+0000] {dag.py:4180} INFO - Setting next_dagrun for tutorial_taskflow_templates to 2025-02-11 00:00:00+00:00, run_after=2025-02-12 00:00:00+00:00
[2025-02-12T00:37:33.186+0000] {processor.py:208} INFO - Processing /home/airflow/.local/lib/python3.12/site-packages/airflow/example_dags/tutorial_taskflow_templates.py took 0.210 seconds
[2025-02-12T00:38:03.940+0000] {processor.py:186} INFO - Started process (PID=782) to work on /home/airflow/.local/lib/python3.12/site-packages/airflow/example_dags/tutorial_taskflow_templates.py
[2025-02-12T00:38:03.942+0000] {processor.py:914} INFO - Processing file /home/airflow/.local/lib/python3.12/site-packages/airflow/example_dags/tutorial_taskflow_templates.py for tasks to queue
[2025-02-12T00:38:03.945+0000] {logging_mixin.py:190} INFO - [2025-02-12T00:38:03.944+0000] {dagbag.py:588} INFO - Filling up the DagBag from /home/airflow/.local/lib/python3.12/site-packages/airflow/example_dags/tutorial_taskflow_templates.py
[2025-02-12T00:38:03.961+0000] {processor.py:925} INFO - DAG(s) 'tutorial_taskflow_templates' retrieved from /home/airflow/.local/lib/python3.12/site-packages/airflow/example_dags/tutorial_taskflow_templates.py
[2025-02-12T00:38:03.986+0000] {logging_mixin.py:190} INFO - [2025-02-12T00:38:03.985+0000] {dag.py:3239} INFO - Sync 1 DAGs
[2025-02-12T00:38:04.018+0000] {logging_mixin.py:190} INFO - [2025-02-12T00:38:04.017+0000] {dag.py:4180} INFO - Setting next_dagrun for tutorial_taskflow_templates to 2025-02-11 00:00:00+00:00, run_after=2025-02-12 00:00:00+00:00
[2025-02-12T00:38:04.044+0000] {processor.py:208} INFO - Processing /home/airflow/.local/lib/python3.12/site-packages/airflow/example_dags/tutorial_taskflow_templates.py took 0.110 seconds
[2025-02-12T00:38:34.603+0000] {processor.py:186} INFO - Started process (PID=847) to work on /home/airflow/.local/lib/python3.12/site-packages/airflow/example_dags/tutorial_taskflow_templates.py
[2025-02-12T00:38:34.604+0000] {processor.py:914} INFO - Processing file /home/airflow/.local/lib/python3.12/site-packages/airflow/example_dags/tutorial_taskflow_templates.py for tasks to queue
[2025-02-12T00:38:34.606+0000] {logging_mixin.py:190} INFO - [2025-02-12T00:38:34.606+0000] {dagbag.py:588} INFO - Filling up the DagBag from /home/airflow/.local/lib/python3.12/site-packages/airflow/example_dags/tutorial_taskflow_templates.py
[2025-02-12T00:38:34.627+0000] {processor.py:925} INFO - DAG(s) 'tutorial_taskflow_templates' retrieved from /home/airflow/.local/lib/python3.12/site-packages/airflow/example_dags/tutorial_taskflow_templates.py
[2025-02-12T00:38:34.664+0000] {logging_mixin.py:190} INFO - [2025-02-12T00:38:34.664+0000] {dag.py:3239} INFO - Sync 1 DAGs
[2025-02-12T00:38:34.706+0000] {logging_mixin.py:190} INFO - [2025-02-12T00:38:34.706+0000] {dag.py:4180} INFO - Setting next_dagrun for tutorial_taskflow_templates to 2025-02-11 00:00:00+00:00, run_after=2025-02-12 00:00:00+00:00
[2025-02-12T00:38:34.732+0000] {processor.py:208} INFO - Processing /home/airflow/.local/lib/python3.12/site-packages/airflow/example_dags/tutorial_taskflow_templates.py took 0.136 seconds
[2025-02-12T00:39:05.733+0000] {processor.py:186} INFO - Started process (PID=912) to work on /home/airflow/.local/lib/python3.12/site-packages/airflow/example_dags/tutorial_taskflow_templates.py
[2025-02-12T00:39:05.735+0000] {processor.py:914} INFO - Processing file /home/airflow/.local/lib/python3.12/site-packages/airflow/example_dags/tutorial_taskflow_templates.py for tasks to queue
[2025-02-12T00:39:05.737+0000] {logging_mixin.py:190} INFO - [2025-02-12T00:39:05.737+0000] {dagbag.py:588} INFO - Filling up the DagBag from /home/airflow/.local/lib/python3.12/site-packages/airflow/example_dags/tutorial_taskflow_templates.py
[2025-02-12T00:39:05.756+0000] {processor.py:925} INFO - DAG(s) 'tutorial_taskflow_templates' retrieved from /home/airflow/.local/lib/python3.12/site-packages/airflow/example_dags/tutorial_taskflow_templates.py
[2025-02-12T00:39:05.789+0000] {logging_mixin.py:190} INFO - [2025-02-12T00:39:05.789+0000] {dag.py:3239} INFO - Sync 1 DAGs
[2025-02-12T00:39:05.830+0000] {logging_mixin.py:190} INFO - [2025-02-12T00:39:05.830+0000] {dag.py:4180} INFO - Setting next_dagrun for tutorial_taskflow_templates to 2025-02-11 00:00:00+00:00, run_after=2025-02-12 00:00:00+00:00
[2025-02-12T00:39:05.864+0000] {processor.py:208} INFO - Processing /home/airflow/.local/lib/python3.12/site-packages/airflow/example_dags/tutorial_taskflow_templates.py took 0.138 seconds
[2025-02-12T00:39:38.341+0000] {processor.py:186} INFO - Started process (PID=979) to work on /home/airflow/.local/lib/python3.12/site-packages/airflow/example_dags/tutorial_taskflow_templates.py
[2025-02-12T00:39:38.342+0000] {processor.py:914} INFO - Processing file /home/airflow/.local/lib/python3.12/site-packages/airflow/example_dags/tutorial_taskflow_templates.py for tasks to queue
[2025-02-12T00:39:38.345+0000] {logging_mixin.py:190} INFO - [2025-02-12T00:39:38.344+0000] {dagbag.py:588} INFO - Filling up the DagBag from /home/airflow/.local/lib/python3.12/site-packages/airflow/example_dags/tutorial_taskflow_templates.py
[2025-02-12T00:39:38.362+0000] {processor.py:925} INFO - DAG(s) 'tutorial_taskflow_templates' retrieved from /home/airflow/.local/lib/python3.12/site-packages/airflow/example_dags/tutorial_taskflow_templates.py
[2025-02-12T00:39:38.383+0000] {logging_mixin.py:190} INFO - [2025-02-12T00:39:38.382+0000] {dag.py:3239} INFO - Sync 1 DAGs
[2025-02-12T00:39:38.421+0000] {logging_mixin.py:190} INFO - [2025-02-12T00:39:38.420+0000] {dag.py:4180} INFO - Setting next_dagrun for tutorial_taskflow_templates to 2025-02-11 00:00:00+00:00, run_after=2025-02-12 00:00:00+00:00
[2025-02-12T00:39:38.441+0000] {processor.py:208} INFO - Processing /home/airflow/.local/lib/python3.12/site-packages/airflow/example_dags/tutorial_taskflow_templates.py took 0.107 seconds
[2025-02-12T00:40:09.179+0000] {processor.py:186} INFO - Started process (PID=1045) to work on /home/airflow/.local/lib/python3.12/site-packages/airflow/example_dags/tutorial_taskflow_templates.py
[2025-02-12T00:40:09.184+0000] {processor.py:914} INFO - Processing file /home/airflow/.local/lib/python3.12/site-packages/airflow/example_dags/tutorial_taskflow_templates.py for tasks to queue
[2025-02-12T00:40:09.191+0000] {logging_mixin.py:190} INFO - [2025-02-12T00:40:09.190+0000] {dagbag.py:588} INFO - Filling up the DagBag from /home/airflow/.local/lib/python3.12/site-packages/airflow/example_dags/tutorial_taskflow_templates.py
[2025-02-12T00:40:09.215+0000] {processor.py:925} INFO - DAG(s) 'tutorial_taskflow_templates' retrieved from /home/airflow/.local/lib/python3.12/site-packages/airflow/example_dags/tutorial_taskflow_templates.py
[2025-02-12T00:40:09.244+0000] {logging_mixin.py:190} INFO - [2025-02-12T00:40:09.244+0000] {dag.py:3239} INFO - Sync 1 DAGs
[2025-02-12T00:40:09.283+0000] {logging_mixin.py:190} INFO - [2025-02-12T00:40:09.283+0000] {dag.py:4180} INFO - Setting next_dagrun for tutorial_taskflow_templates to 2025-02-11 00:00:00+00:00, run_after=2025-02-12 00:00:00+00:00
[2025-02-12T00:40:09.309+0000] {processor.py:208} INFO - Processing /home/airflow/.local/lib/python3.12/site-packages/airflow/example_dags/tutorial_taskflow_templates.py took 0.139 seconds
[2025-02-12T00:40:41.323+0000] {processor.py:186} INFO - Started process (PID=1111) to work on /home/airflow/.local/lib/python3.12/site-packages/airflow/example_dags/tutorial_taskflow_templates.py
[2025-02-12T00:40:41.324+0000] {processor.py:914} INFO - Processing file /home/airflow/.local/lib/python3.12/site-packages/airflow/example_dags/tutorial_taskflow_templates.py for tasks to queue
[2025-02-12T00:40:41.327+0000] {logging_mixin.py:190} INFO - [2025-02-12T00:40:41.327+0000] {dagbag.py:588} INFO - Filling up the DagBag from /home/airflow/.local/lib/python3.12/site-packages/airflow/example_dags/tutorial_taskflow_templates.py
[2025-02-12T00:40:41.342+0000] {processor.py:925} INFO - DAG(s) 'tutorial_taskflow_templates' retrieved from /home/airflow/.local/lib/python3.12/site-packages/airflow/example_dags/tutorial_taskflow_templates.py
[2025-02-12T00:40:41.374+0000] {logging_mixin.py:190} INFO - [2025-02-12T00:40:41.374+0000] {dag.py:3239} INFO - Sync 1 DAGs
[2025-02-12T00:40:41.408+0000] {logging_mixin.py:190} INFO - [2025-02-12T00:40:41.407+0000] {dag.py:4180} INFO - Setting next_dagrun for tutorial_taskflow_templates to 2025-02-11 00:00:00+00:00, run_after=2025-02-12 00:00:00+00:00
[2025-02-12T00:40:41.429+0000] {processor.py:208} INFO - Processing /home/airflow/.local/lib/python3.12/site-packages/airflow/example_dags/tutorial_taskflow_templates.py took 0.112 seconds
[2025-02-12T00:41:13.751+0000] {processor.py:186} INFO - Started process (PID=1177) to work on /home/airflow/.local/lib/python3.12/site-packages/airflow/example_dags/tutorial_taskflow_templates.py
[2025-02-12T00:41:13.753+0000] {processor.py:914} INFO - Processing file /home/airflow/.local/lib/python3.12/site-packages/airflow/example_dags/tutorial_taskflow_templates.py for tasks to queue
[2025-02-12T00:41:13.756+0000] {logging_mixin.py:190} INFO - [2025-02-12T00:41:13.755+0000] {dagbag.py:588} INFO - Filling up the DagBag from /home/airflow/.local/lib/python3.12/site-packages/airflow/example_dags/tutorial_taskflow_templates.py
[2025-02-12T00:41:13.783+0000] {processor.py:925} INFO - DAG(s) 'tutorial_taskflow_templates' retrieved from /home/airflow/.local/lib/python3.12/site-packages/airflow/example_dags/tutorial_taskflow_templates.py
[2025-02-12T00:41:13.834+0000] {logging_mixin.py:190} INFO - [2025-02-12T00:41:13.834+0000] {dag.py:3239} INFO - Sync 1 DAGs
[2025-02-12T00:41:13.871+0000] {logging_mixin.py:190} INFO - [2025-02-12T00:41:13.871+0000] {dag.py:4180} INFO - Setting next_dagrun for tutorial_taskflow_templates to 2025-02-11 00:00:00+00:00, run_after=2025-02-12 00:00:00+00:00
[2025-02-12T00:41:13.900+0000] {processor.py:208} INFO - Processing /home/airflow/.local/lib/python3.12/site-packages/airflow/example_dags/tutorial_taskflow_templates.py took 0.161 seconds
[2025-02-12T00:41:44.819+0000] {processor.py:186} INFO - Started process (PID=1243) to work on /home/airflow/.local/lib/python3.12/site-packages/airflow/example_dags/tutorial_taskflow_templates.py
[2025-02-12T00:41:44.820+0000] {processor.py:914} INFO - Processing file /home/airflow/.local/lib/python3.12/site-packages/airflow/example_dags/tutorial_taskflow_templates.py for tasks to queue
[2025-02-12T00:41:44.823+0000] {logging_mixin.py:190} INFO - [2025-02-12T00:41:44.823+0000] {dagbag.py:588} INFO - Filling up the DagBag from /home/airflow/.local/lib/python3.12/site-packages/airflow/example_dags/tutorial_taskflow_templates.py
[2025-02-12T00:41:44.852+0000] {processor.py:925} INFO - DAG(s) 'tutorial_taskflow_templates' retrieved from /home/airflow/.local/lib/python3.12/site-packages/airflow/example_dags/tutorial_taskflow_templates.py
[2025-02-12T00:41:44.880+0000] {logging_mixin.py:190} INFO - [2025-02-12T00:41:44.880+0000] {dag.py:3239} INFO - Sync 1 DAGs
[2025-02-12T00:41:44.917+0000] {logging_mixin.py:190} INFO - [2025-02-12T00:41:44.917+0000] {dag.py:4180} INFO - Setting next_dagrun for tutorial_taskflow_templates to 2025-02-11 00:00:00+00:00, run_after=2025-02-12 00:00:00+00:00
[2025-02-12T00:41:44.943+0000] {processor.py:208} INFO - Processing /home/airflow/.local/lib/python3.12/site-packages/airflow/example_dags/tutorial_taskflow_templates.py took 0.133 seconds
[2025-02-12T00:42:15.613+0000] {processor.py:186} INFO - Started process (PID=1309) to work on /home/airflow/.local/lib/python3.12/site-packages/airflow/example_dags/tutorial_taskflow_templates.py
[2025-02-12T00:42:15.616+0000] {processor.py:914} INFO - Processing file /home/airflow/.local/lib/python3.12/site-packages/airflow/example_dags/tutorial_taskflow_templates.py for tasks to queue
[2025-02-12T00:42:15.620+0000] {logging_mixin.py:190} INFO - [2025-02-12T00:42:15.619+0000] {dagbag.py:588} INFO - Filling up the DagBag from /home/airflow/.local/lib/python3.12/site-packages/airflow/example_dags/tutorial_taskflow_templates.py
[2025-02-12T00:42:15.641+0000] {processor.py:925} INFO - DAG(s) 'tutorial_taskflow_templates' retrieved from /home/airflow/.local/lib/python3.12/site-packages/airflow/example_dags/tutorial_taskflow_templates.py
[2025-02-12T00:42:15.665+0000] {logging_mixin.py:190} INFO - [2025-02-12T00:42:15.665+0000] {dag.py:3239} INFO - Sync 1 DAGs
[2025-02-12T00:42:15.703+0000] {logging_mixin.py:190} INFO - [2025-02-12T00:42:15.703+0000] {dag.py:4180} INFO - Setting next_dagrun for tutorial_taskflow_templates to 2025-02-11 00:00:00+00:00, run_after=2025-02-12 00:00:00+00:00
[2025-02-12T00:42:15.729+0000] {processor.py:208} INFO - Processing /home/airflow/.local/lib/python3.12/site-packages/airflow/example_dags/tutorial_taskflow_templates.py took 0.122 seconds
[2025-02-12T00:42:46.572+0000] {processor.py:186} INFO - Started process (PID=1375) to work on /home/airflow/.local/lib/python3.12/site-packages/airflow/example_dags/tutorial_taskflow_templates.py
[2025-02-12T00:42:46.574+0000] {processor.py:914} INFO - Processing file /home/airflow/.local/lib/python3.12/site-packages/airflow/example_dags/tutorial_taskflow_templates.py for tasks to queue
[2025-02-12T00:42:46.577+0000] {logging_mixin.py:190} INFO - [2025-02-12T00:42:46.576+0000] {dagbag.py:588} INFO - Filling up the DagBag from /home/airflow/.local/lib/python3.12/site-packages/airflow/example_dags/tutorial_taskflow_templates.py
[2025-02-12T00:42:46.595+0000] {processor.py:925} INFO - DAG(s) 'tutorial_taskflow_templates' retrieved from /home/airflow/.local/lib/python3.12/site-packages/airflow/example_dags/tutorial_taskflow_templates.py
[2025-02-12T00:42:46.618+0000] {logging_mixin.py:190} INFO - [2025-02-12T00:42:46.618+0000] {dag.py:3239} INFO - Sync 1 DAGs
[2025-02-12T00:42:46.651+0000] {logging_mixin.py:190} INFO - [2025-02-12T00:42:46.650+0000] {dag.py:4180} INFO - Setting next_dagrun for tutorial_taskflow_templates to 2025-02-11 00:00:00+00:00, run_after=2025-02-12 00:00:00+00:00
[2025-02-12T00:42:46.675+0000] {processor.py:208} INFO - Processing /home/airflow/.local/lib/python3.12/site-packages/airflow/example_dags/tutorial_taskflow_templates.py took 0.109 seconds
[2025-02-12T00:43:18.179+0000] {processor.py:186} INFO - Started process (PID=1442) to work on /home/airflow/.local/lib/python3.12/site-packages/airflow/example_dags/tutorial_taskflow_templates.py
[2025-02-12T00:43:18.181+0000] {processor.py:914} INFO - Processing file /home/airflow/.local/lib/python3.12/site-packages/airflow/example_dags/tutorial_taskflow_templates.py for tasks to queue
[2025-02-12T00:43:18.184+0000] {logging_mixin.py:190} INFO - [2025-02-12T00:43:18.183+0000] {dagbag.py:588} INFO - Filling up the DagBag from /home/airflow/.local/lib/python3.12/site-packages/airflow/example_dags/tutorial_taskflow_templates.py
[2025-02-12T00:43:18.199+0000] {processor.py:925} INFO - DAG(s) 'tutorial_taskflow_templates' retrieved from /home/airflow/.local/lib/python3.12/site-packages/airflow/example_dags/tutorial_taskflow_templates.py
[2025-02-12T00:43:18.220+0000] {logging_mixin.py:190} INFO - [2025-02-12T00:43:18.220+0000] {dag.py:3239} INFO - Sync 1 DAGs
[2025-02-12T00:43:18.250+0000] {logging_mixin.py:190} INFO - [2025-02-12T00:43:18.249+0000] {dag.py:4180} INFO - Setting next_dagrun for tutorial_taskflow_templates to 2025-02-11 00:00:00+00:00, run_after=2025-02-12 00:00:00+00:00
[2025-02-12T00:43:18.272+0000] {processor.py:208} INFO - Processing /home/airflow/.local/lib/python3.12/site-packages/airflow/example_dags/tutorial_taskflow_templates.py took 0.100 seconds
[2025-02-12T00:43:49.572+0000] {processor.py:186} INFO - Started process (PID=1509) to work on /home/airflow/.local/lib/python3.12/site-packages/airflow/example_dags/tutorial_taskflow_templates.py
[2025-02-12T00:43:49.574+0000] {processor.py:914} INFO - Processing file /home/airflow/.local/lib/python3.12/site-packages/airflow/example_dags/tutorial_taskflow_templates.py for tasks to queue
[2025-02-12T00:43:49.576+0000] {logging_mixin.py:190} INFO - [2025-02-12T00:43:49.576+0000] {dagbag.py:588} INFO - Filling up the DagBag from /home/airflow/.local/lib/python3.12/site-packages/airflow/example_dags/tutorial_taskflow_templates.py
[2025-02-12T00:43:49.594+0000] {processor.py:925} INFO - DAG(s) 'tutorial_taskflow_templates' retrieved from /home/airflow/.local/lib/python3.12/site-packages/airflow/example_dags/tutorial_taskflow_templates.py
[2025-02-12T00:43:49.620+0000] {logging_mixin.py:190} INFO - [2025-02-12T00:43:49.619+0000] {dag.py:3239} INFO - Sync 1 DAGs
[2025-02-12T00:43:49.649+0000] {logging_mixin.py:190} INFO - [2025-02-12T00:43:49.649+0000] {dag.py:4180} INFO - Setting next_dagrun for tutorial_taskflow_templates to 2025-02-11 00:00:00+00:00, run_after=2025-02-12 00:00:00+00:00
[2025-02-12T00:43:49.675+0000] {processor.py:208} INFO - Processing /home/airflow/.local/lib/python3.12/site-packages/airflow/example_dags/tutorial_taskflow_templates.py took 0.109 seconds
[2025-02-12T00:44:20.534+0000] {processor.py:186} INFO - Started process (PID=1574) to work on /home/airflow/.local/lib/python3.12/site-packages/airflow/example_dags/tutorial_taskflow_templates.py
[2025-02-12T00:44:20.535+0000] {processor.py:914} INFO - Processing file /home/airflow/.local/lib/python3.12/site-packages/airflow/example_dags/tutorial_taskflow_templates.py for tasks to queue
[2025-02-12T00:44:20.540+0000] {logging_mixin.py:190} INFO - [2025-02-12T00:44:20.539+0000] {dagbag.py:588} INFO - Filling up the DagBag from /home/airflow/.local/lib/python3.12/site-packages/airflow/example_dags/tutorial_taskflow_templates.py
[2025-02-12T00:44:20.563+0000] {processor.py:925} INFO - DAG(s) 'tutorial_taskflow_templates' retrieved from /home/airflow/.local/lib/python3.12/site-packages/airflow/example_dags/tutorial_taskflow_templates.py
[2025-02-12T00:44:20.591+0000] {logging_mixin.py:190} INFO - [2025-02-12T00:44:20.591+0000] {dag.py:3239} INFO - Sync 1 DAGs
[2025-02-12T00:44:20.637+0000] {logging_mixin.py:190} INFO - [2025-02-12T00:44:20.637+0000] {dag.py:4180} INFO - Setting next_dagrun for tutorial_taskflow_templates to 2025-02-11 00:00:00+00:00, run_after=2025-02-12 00:00:00+00:00
[2025-02-12T00:44:20.669+0000] {processor.py:208} INFO - Processing /home/airflow/.local/lib/python3.12/site-packages/airflow/example_dags/tutorial_taskflow_templates.py took 0.155 seconds
[2025-02-12T00:44:51.599+0000] {processor.py:186} INFO - Started process (PID=1640) to work on /home/airflow/.local/lib/python3.12/site-packages/airflow/example_dags/tutorial_taskflow_templates.py
[2025-02-12T00:44:51.600+0000] {processor.py:914} INFO - Processing file /home/airflow/.local/lib/python3.12/site-packages/airflow/example_dags/tutorial_taskflow_templates.py for tasks to queue
[2025-02-12T00:44:51.603+0000] {logging_mixin.py:190} INFO - [2025-02-12T00:44:51.603+0000] {dagbag.py:588} INFO - Filling up the DagBag from /home/airflow/.local/lib/python3.12/site-packages/airflow/example_dags/tutorial_taskflow_templates.py
[2025-02-12T00:44:51.617+0000] {processor.py:925} INFO - DAG(s) 'tutorial_taskflow_templates' retrieved from /home/airflow/.local/lib/python3.12/site-packages/airflow/example_dags/tutorial_taskflow_templates.py
[2025-02-12T00:44:51.637+0000] {logging_mixin.py:190} INFO - [2025-02-12T00:44:51.637+0000] {dag.py:3239} INFO - Sync 1 DAGs
[2025-02-12T00:44:51.665+0000] {logging_mixin.py:190} INFO - [2025-02-12T00:44:51.665+0000] {dag.py:4180} INFO - Setting next_dagrun for tutorial_taskflow_templates to 2025-02-11 00:00:00+00:00, run_after=2025-02-12 00:00:00+00:00
[2025-02-12T00:44:51.686+0000] {processor.py:208} INFO - Processing /home/airflow/.local/lib/python3.12/site-packages/airflow/example_dags/tutorial_taskflow_templates.py took 0.094 seconds
[2025-02-12T00:45:23.459+0000] {processor.py:186} INFO - Started process (PID=1706) to work on /home/airflow/.local/lib/python3.12/site-packages/airflow/example_dags/tutorial_taskflow_templates.py
[2025-02-12T00:45:23.460+0000] {processor.py:914} INFO - Processing file /home/airflow/.local/lib/python3.12/site-packages/airflow/example_dags/tutorial_taskflow_templates.py for tasks to queue
[2025-02-12T00:45:23.463+0000] {logging_mixin.py:190} INFO - [2025-02-12T00:45:23.462+0000] {dagbag.py:588} INFO - Filling up the DagBag from /home/airflow/.local/lib/python3.12/site-packages/airflow/example_dags/tutorial_taskflow_templates.py
[2025-02-12T00:45:23.480+0000] {processor.py:925} INFO - DAG(s) 'tutorial_taskflow_templates' retrieved from /home/airflow/.local/lib/python3.12/site-packages/airflow/example_dags/tutorial_taskflow_templates.py
[2025-02-12T00:45:23.502+0000] {logging_mixin.py:190} INFO - [2025-02-12T00:45:23.502+0000] {dag.py:3239} INFO - Sync 1 DAGs
[2025-02-12T00:45:23.539+0000] {logging_mixin.py:190} INFO - [2025-02-12T00:45:23.534+0000] {dag.py:4180} INFO - Setting next_dagrun for tutorial_taskflow_templates to 2025-02-11 00:00:00+00:00, run_after=2025-02-12 00:00:00+00:00
[2025-02-12T00:45:23.562+0000] {processor.py:208} INFO - Processing /home/airflow/.local/lib/python3.12/site-packages/airflow/example_dags/tutorial_taskflow_templates.py took 0.108 seconds
[2025-02-12T00:45:54.957+0000] {processor.py:186} INFO - Started process (PID=1773) to work on /home/airflow/.local/lib/python3.12/site-packages/airflow/example_dags/tutorial_taskflow_templates.py
[2025-02-12T00:45:54.958+0000] {processor.py:914} INFO - Processing file /home/airflow/.local/lib/python3.12/site-packages/airflow/example_dags/tutorial_taskflow_templates.py for tasks to queue
[2025-02-12T00:45:54.963+0000] {logging_mixin.py:190} INFO - [2025-02-12T00:45:54.963+0000] {dagbag.py:588} INFO - Filling up the DagBag from /home/airflow/.local/lib/python3.12/site-packages/airflow/example_dags/tutorial_taskflow_templates.py
[2025-02-12T00:45:54.982+0000] {processor.py:925} INFO - DAG(s) 'tutorial_taskflow_templates' retrieved from /home/airflow/.local/lib/python3.12/site-packages/airflow/example_dags/tutorial_taskflow_templates.py
[2025-02-12T00:45:55.015+0000] {logging_mixin.py:190} INFO - [2025-02-12T00:45:55.014+0000] {dag.py:3239} INFO - Sync 1 DAGs
[2025-02-12T00:45:55.071+0000] {logging_mixin.py:190} INFO - [2025-02-12T00:45:55.071+0000] {dag.py:4180} INFO - Setting next_dagrun for tutorial_taskflow_templates to 2025-02-11 00:00:00+00:00, run_after=2025-02-12 00:00:00+00:00
[2025-02-12T00:45:55.107+0000] {processor.py:208} INFO - Processing /home/airflow/.local/lib/python3.12/site-packages/airflow/example_dags/tutorial_taskflow_templates.py took 0.158 seconds
[2025-02-12T00:46:26.355+0000] {processor.py:186} INFO - Started process (PID=1845) to work on /home/airflow/.local/lib/python3.12/site-packages/airflow/example_dags/tutorial_taskflow_templates.py
[2025-02-12T00:46:26.357+0000] {processor.py:914} INFO - Processing file /home/airflow/.local/lib/python3.12/site-packages/airflow/example_dags/tutorial_taskflow_templates.py for tasks to queue
[2025-02-12T00:46:26.361+0000] {logging_mixin.py:190} INFO - [2025-02-12T00:46:26.361+0000] {dagbag.py:588} INFO - Filling up the DagBag from /home/airflow/.local/lib/python3.12/site-packages/airflow/example_dags/tutorial_taskflow_templates.py
[2025-02-12T00:46:26.401+0000] {processor.py:925} INFO - DAG(s) 'tutorial_taskflow_templates' retrieved from /home/airflow/.local/lib/python3.12/site-packages/airflow/example_dags/tutorial_taskflow_templates.py
[2025-02-12T00:46:26.442+0000] {logging_mixin.py:190} INFO - [2025-02-12T00:46:26.441+0000] {dag.py:3239} INFO - Sync 1 DAGs
[2025-02-12T00:46:26.480+0000] {logging_mixin.py:190} INFO - [2025-02-12T00:46:26.479+0000] {dag.py:4180} INFO - Setting next_dagrun for tutorial_taskflow_templates to 2025-02-11 00:00:00+00:00, run_after=2025-02-12 00:00:00+00:00
[2025-02-12T00:46:26.504+0000] {processor.py:208} INFO - Processing /home/airflow/.local/lib/python3.12/site-packages/airflow/example_dags/tutorial_taskflow_templates.py took 0.158 seconds
[2025-02-12T00:46:57.912+0000] {processor.py:186} INFO - Started process (PID=1912) to work on /home/airflow/.local/lib/python3.12/site-packages/airflow/example_dags/tutorial_taskflow_templates.py
[2025-02-12T00:46:57.913+0000] {processor.py:914} INFO - Processing file /home/airflow/.local/lib/python3.12/site-packages/airflow/example_dags/tutorial_taskflow_templates.py for tasks to queue
[2025-02-12T00:46:57.916+0000] {logging_mixin.py:190} INFO - [2025-02-12T00:46:57.916+0000] {dagbag.py:588} INFO - Filling up the DagBag from /home/airflow/.local/lib/python3.12/site-packages/airflow/example_dags/tutorial_taskflow_templates.py
[2025-02-12T00:46:57.935+0000] {processor.py:925} INFO - DAG(s) 'tutorial_taskflow_templates' retrieved from /home/airflow/.local/lib/python3.12/site-packages/airflow/example_dags/tutorial_taskflow_templates.py
[2025-02-12T00:46:57.958+0000] {logging_mixin.py:190} INFO - [2025-02-12T00:46:57.957+0000] {dag.py:3239} INFO - Sync 1 DAGs
[2025-02-12T00:46:57.989+0000] {logging_mixin.py:190} INFO - [2025-02-12T00:46:57.988+0000] {dag.py:4180} INFO - Setting next_dagrun for tutorial_taskflow_templates to 2025-02-11 00:00:00+00:00, run_after=2025-02-12 00:00:00+00:00
[2025-02-12T00:46:58.035+0000] {processor.py:208} INFO - Processing /home/airflow/.local/lib/python3.12/site-packages/airflow/example_dags/tutorial_taskflow_templates.py took 0.134 seconds
[2025-02-12T00:49:29.735+0000] {processor.py:186} INFO - Started process (PID=81) to work on /home/airflow/.local/lib/python3.12/site-packages/airflow/example_dags/tutorial_taskflow_templates.py
[2025-02-12T00:49:29.736+0000] {processor.py:914} INFO - Processing file /home/airflow/.local/lib/python3.12/site-packages/airflow/example_dags/tutorial_taskflow_templates.py for tasks to queue
[2025-02-12T00:49:29.739+0000] {logging_mixin.py:190} INFO - [2025-02-12T00:49:29.738+0000] {dagbag.py:588} INFO - Filling up the DagBag from /home/airflow/.local/lib/python3.12/site-packages/airflow/example_dags/tutorial_taskflow_templates.py
[2025-02-12T00:49:29.756+0000] {processor.py:925} INFO - DAG(s) 'tutorial_taskflow_templates' retrieved from /home/airflow/.local/lib/python3.12/site-packages/airflow/example_dags/tutorial_taskflow_templates.py
[2025-02-12T00:49:29.775+0000] {logging_mixin.py:190} INFO - [2025-02-12T00:49:29.775+0000] {dag.py:3239} INFO - Sync 1 DAGs
[2025-02-12T00:49:29.809+0000] {logging_mixin.py:190} INFO - [2025-02-12T00:49:29.809+0000] {dag.py:4180} INFO - Setting next_dagrun for tutorial_taskflow_templates to 2025-02-11 00:00:00+00:00, run_after=2025-02-12 00:00:00+00:00
[2025-02-12T00:49:29.843+0000] {processor.py:208} INFO - Processing /home/airflow/.local/lib/python3.12/site-packages/airflow/example_dags/tutorial_taskflow_templates.py took 0.115 seconds
[2025-02-12T00:50:00.416+0000] {processor.py:186} INFO - Started process (PID=147) to work on /home/airflow/.local/lib/python3.12/site-packages/airflow/example_dags/tutorial_taskflow_templates.py
[2025-02-12T00:50:00.423+0000] {processor.py:914} INFO - Processing file /home/airflow/.local/lib/python3.12/site-packages/airflow/example_dags/tutorial_taskflow_templates.py for tasks to queue
[2025-02-12T00:50:00.429+0000] {logging_mixin.py:190} INFO - [2025-02-12T00:50:00.428+0000] {dagbag.py:588} INFO - Filling up the DagBag from /home/airflow/.local/lib/python3.12/site-packages/airflow/example_dags/tutorial_taskflow_templates.py
[2025-02-12T00:50:00.453+0000] {processor.py:925} INFO - DAG(s) 'tutorial_taskflow_templates' retrieved from /home/airflow/.local/lib/python3.12/site-packages/airflow/example_dags/tutorial_taskflow_templates.py
[2025-02-12T00:50:00.500+0000] {logging_mixin.py:190} INFO - [2025-02-12T00:50:00.499+0000] {dag.py:3239} INFO - Sync 1 DAGs
[2025-02-12T00:50:00.555+0000] {logging_mixin.py:190} INFO - [2025-02-12T00:50:00.554+0000] {dag.py:4180} INFO - Setting next_dagrun for tutorial_taskflow_templates to 2025-02-11 00:00:00+00:00, run_after=2025-02-12 00:00:00+00:00
[2025-02-12T00:50:00.664+0000] {processor.py:208} INFO - Processing /home/airflow/.local/lib/python3.12/site-packages/airflow/example_dags/tutorial_taskflow_templates.py took 0.256 seconds
[2025-02-12T00:50:31.442+0000] {processor.py:186} INFO - Started process (PID=213) to work on /home/airflow/.local/lib/python3.12/site-packages/airflow/example_dags/tutorial_taskflow_templates.py
[2025-02-12T00:50:31.443+0000] {processor.py:914} INFO - Processing file /home/airflow/.local/lib/python3.12/site-packages/airflow/example_dags/tutorial_taskflow_templates.py for tasks to queue
[2025-02-12T00:50:31.446+0000] {logging_mixin.py:190} INFO - [2025-02-12T00:50:31.446+0000] {dagbag.py:588} INFO - Filling up the DagBag from /home/airflow/.local/lib/python3.12/site-packages/airflow/example_dags/tutorial_taskflow_templates.py
[2025-02-12T00:50:31.463+0000] {processor.py:925} INFO - DAG(s) 'tutorial_taskflow_templates' retrieved from /home/airflow/.local/lib/python3.12/site-packages/airflow/example_dags/tutorial_taskflow_templates.py
[2025-02-12T00:50:31.486+0000] {logging_mixin.py:190} INFO - [2025-02-12T00:50:31.486+0000] {dag.py:3239} INFO - Sync 1 DAGs
[2025-02-12T00:50:31.516+0000] {logging_mixin.py:190} INFO - [2025-02-12T00:50:31.516+0000] {dag.py:4180} INFO - Setting next_dagrun for tutorial_taskflow_templates to 2025-02-11 00:00:00+00:00, run_after=2025-02-12 00:00:00+00:00
[2025-02-12T00:50:31.542+0000] {processor.py:208} INFO - Processing /home/airflow/.local/lib/python3.12/site-packages/airflow/example_dags/tutorial_taskflow_templates.py took 0.116 seconds
[2025-02-12T00:51:01.991+0000] {processor.py:186} INFO - Started process (PID=279) to work on /home/airflow/.local/lib/python3.12/site-packages/airflow/example_dags/tutorial_taskflow_templates.py
[2025-02-12T00:51:01.992+0000] {processor.py:914} INFO - Processing file /home/airflow/.local/lib/python3.12/site-packages/airflow/example_dags/tutorial_taskflow_templates.py for tasks to queue
[2025-02-12T00:51:01.995+0000] {logging_mixin.py:190} INFO - [2025-02-12T00:51:01.994+0000] {dagbag.py:588} INFO - Filling up the DagBag from /home/airflow/.local/lib/python3.12/site-packages/airflow/example_dags/tutorial_taskflow_templates.py
[2025-02-12T00:51:02.012+0000] {processor.py:925} INFO - DAG(s) 'tutorial_taskflow_templates' retrieved from /home/airflow/.local/lib/python3.12/site-packages/airflow/example_dags/tutorial_taskflow_templates.py
[2025-02-12T00:51:02.039+0000] {logging_mixin.py:190} INFO - [2025-02-12T00:51:02.038+0000] {dag.py:3239} INFO - Sync 1 DAGs
[2025-02-12T00:51:02.071+0000] {logging_mixin.py:190} INFO - [2025-02-12T00:51:02.071+0000] {dag.py:4180} INFO - Setting next_dagrun for tutorial_taskflow_templates to 2025-02-11 00:00:00+00:00, run_after=2025-02-12 00:00:00+00:00
[2025-02-12T00:51:02.097+0000] {processor.py:208} INFO - Processing /home/airflow/.local/lib/python3.12/site-packages/airflow/example_dags/tutorial_taskflow_templates.py took 0.113 seconds
[2025-02-12T00:51:33.148+0000] {processor.py:186} INFO - Started process (PID=345) to work on /home/airflow/.local/lib/python3.12/site-packages/airflow/example_dags/tutorial_taskflow_templates.py
[2025-02-12T00:51:33.149+0000] {processor.py:914} INFO - Processing file /home/airflow/.local/lib/python3.12/site-packages/airflow/example_dags/tutorial_taskflow_templates.py for tasks to queue
[2025-02-12T00:51:33.152+0000] {logging_mixin.py:190} INFO - [2025-02-12T00:51:33.151+0000] {dagbag.py:588} INFO - Filling up the DagBag from /home/airflow/.local/lib/python3.12/site-packages/airflow/example_dags/tutorial_taskflow_templates.py
[2025-02-12T00:51:33.166+0000] {processor.py:925} INFO - DAG(s) 'tutorial_taskflow_templates' retrieved from /home/airflow/.local/lib/python3.12/site-packages/airflow/example_dags/tutorial_taskflow_templates.py
[2025-02-12T00:51:33.195+0000] {logging_mixin.py:190} INFO - [2025-02-12T00:51:33.194+0000] {dag.py:3239} INFO - Sync 1 DAGs
[2025-02-12T00:51:33.224+0000] {logging_mixin.py:190} INFO - [2025-02-12T00:51:33.224+0000] {dag.py:4180} INFO - Setting next_dagrun for tutorial_taskflow_templates to 2025-02-11 00:00:00+00:00, run_after=2025-02-12 00:00:00+00:00
[2025-02-12T00:51:33.249+0000] {processor.py:208} INFO - Processing /home/airflow/.local/lib/python3.12/site-packages/airflow/example_dags/tutorial_taskflow_templates.py took 0.110 seconds
[2025-02-12T00:52:03.928+0000] {processor.py:186} INFO - Started process (PID=411) to work on /home/airflow/.local/lib/python3.12/site-packages/airflow/example_dags/tutorial_taskflow_templates.py
[2025-02-12T00:52:03.929+0000] {processor.py:914} INFO - Processing file /home/airflow/.local/lib/python3.12/site-packages/airflow/example_dags/tutorial_taskflow_templates.py for tasks to queue
[2025-02-12T00:52:03.931+0000] {logging_mixin.py:190} INFO - [2025-02-12T00:52:03.931+0000] {dagbag.py:588} INFO - Filling up the DagBag from /home/airflow/.local/lib/python3.12/site-packages/airflow/example_dags/tutorial_taskflow_templates.py
[2025-02-12T00:52:03.945+0000] {processor.py:925} INFO - DAG(s) 'tutorial_taskflow_templates' retrieved from /home/airflow/.local/lib/python3.12/site-packages/airflow/example_dags/tutorial_taskflow_templates.py
[2025-02-12T00:52:03.965+0000] {logging_mixin.py:190} INFO - [2025-02-12T00:52:03.965+0000] {dag.py:3239} INFO - Sync 1 DAGs
[2025-02-12T00:52:03.994+0000] {logging_mixin.py:190} INFO - [2025-02-12T00:52:03.994+0000] {dag.py:4180} INFO - Setting next_dagrun for tutorial_taskflow_templates to 2025-02-11 00:00:00+00:00, run_after=2025-02-12 00:00:00+00:00
[2025-02-12T00:52:04.015+0000] {processor.py:208} INFO - Processing /home/airflow/.local/lib/python3.12/site-packages/airflow/example_dags/tutorial_taskflow_templates.py took 0.093 seconds
[2025-02-12T00:52:35.187+0000] {processor.py:186} INFO - Started process (PID=477) to work on /home/airflow/.local/lib/python3.12/site-packages/airflow/example_dags/tutorial_taskflow_templates.py
[2025-02-12T00:52:35.188+0000] {processor.py:914} INFO - Processing file /home/airflow/.local/lib/python3.12/site-packages/airflow/example_dags/tutorial_taskflow_templates.py for tasks to queue
[2025-02-12T00:52:35.190+0000] {logging_mixin.py:190} INFO - [2025-02-12T00:52:35.190+0000] {dagbag.py:588} INFO - Filling up the DagBag from /home/airflow/.local/lib/python3.12/site-packages/airflow/example_dags/tutorial_taskflow_templates.py
[2025-02-12T00:52:35.206+0000] {processor.py:925} INFO - DAG(s) 'tutorial_taskflow_templates' retrieved from /home/airflow/.local/lib/python3.12/site-packages/airflow/example_dags/tutorial_taskflow_templates.py
[2025-02-12T00:52:35.230+0000] {logging_mixin.py:190} INFO - [2025-02-12T00:52:35.230+0000] {dag.py:3239} INFO - Sync 1 DAGs
[2025-02-12T00:52:35.258+0000] {logging_mixin.py:190} INFO - [2025-02-12T00:52:35.258+0000] {dag.py:4180} INFO - Setting next_dagrun for tutorial_taskflow_templates to 2025-02-11 00:00:00+00:00, run_after=2025-02-12 00:00:00+00:00
[2025-02-12T00:52:35.285+0000] {processor.py:208} INFO - Processing /home/airflow/.local/lib/python3.12/site-packages/airflow/example_dags/tutorial_taskflow_templates.py took 0.107 seconds
[2025-02-12T00:53:07.220+0000] {processor.py:186} INFO - Started process (PID=544) to work on /home/airflow/.local/lib/python3.12/site-packages/airflow/example_dags/tutorial_taskflow_templates.py
[2025-02-12T00:53:07.222+0000] {processor.py:914} INFO - Processing file /home/airflow/.local/lib/python3.12/site-packages/airflow/example_dags/tutorial_taskflow_templates.py for tasks to queue
[2025-02-12T00:53:07.225+0000] {logging_mixin.py:190} INFO - [2025-02-12T00:53:07.224+0000] {dagbag.py:588} INFO - Filling up the DagBag from /home/airflow/.local/lib/python3.12/site-packages/airflow/example_dags/tutorial_taskflow_templates.py
[2025-02-12T00:53:07.244+0000] {processor.py:925} INFO - DAG(s) 'tutorial_taskflow_templates' retrieved from /home/airflow/.local/lib/python3.12/site-packages/airflow/example_dags/tutorial_taskflow_templates.py
[2025-02-12T00:53:07.276+0000] {logging_mixin.py:190} INFO - [2025-02-12T00:53:07.275+0000] {dag.py:3239} INFO - Sync 1 DAGs
[2025-02-12T00:53:07.314+0000] {logging_mixin.py:190} INFO - [2025-02-12T00:53:07.314+0000] {dag.py:4180} INFO - Setting next_dagrun for tutorial_taskflow_templates to 2025-02-11 00:00:00+00:00, run_after=2025-02-12 00:00:00+00:00
[2025-02-12T00:53:07.374+0000] {processor.py:208} INFO - Processing /home/airflow/.local/lib/python3.12/site-packages/airflow/example_dags/tutorial_taskflow_templates.py took 0.162 seconds
[2025-02-12T00:53:37.596+0000] {processor.py:186} INFO - Started process (PID=610) to work on /home/airflow/.local/lib/python3.12/site-packages/airflow/example_dags/tutorial_taskflow_templates.py
[2025-02-12T00:53:37.597+0000] {processor.py:914} INFO - Processing file /home/airflow/.local/lib/python3.12/site-packages/airflow/example_dags/tutorial_taskflow_templates.py for tasks to queue
[2025-02-12T00:53:37.600+0000] {logging_mixin.py:190} INFO - [2025-02-12T00:53:37.599+0000] {dagbag.py:588} INFO - Filling up the DagBag from /home/airflow/.local/lib/python3.12/site-packages/airflow/example_dags/tutorial_taskflow_templates.py
[2025-02-12T00:53:37.619+0000] {processor.py:925} INFO - DAG(s) 'tutorial_taskflow_templates' retrieved from /home/airflow/.local/lib/python3.12/site-packages/airflow/example_dags/tutorial_taskflow_templates.py
[2025-02-12T00:53:37.645+0000] {logging_mixin.py:190} INFO - [2025-02-12T00:53:37.645+0000] {dag.py:3239} INFO - Sync 1 DAGs
[2025-02-12T00:53:37.680+0000] {logging_mixin.py:190} INFO - [2025-02-12T00:53:37.679+0000] {dag.py:4180} INFO - Setting next_dagrun for tutorial_taskflow_templates to 2025-02-11 00:00:00+00:00, run_after=2025-02-12 00:00:00+00:00
[2025-02-12T00:53:37.707+0000] {processor.py:208} INFO - Processing /home/airflow/.local/lib/python3.12/site-packages/airflow/example_dags/tutorial_taskflow_templates.py took 0.123 seconds
[2025-02-12T00:54:09.097+0000] {processor.py:186} INFO - Started process (PID=676) to work on /home/airflow/.local/lib/python3.12/site-packages/airflow/example_dags/tutorial_taskflow_templates.py
[2025-02-12T00:54:09.098+0000] {processor.py:914} INFO - Processing file /home/airflow/.local/lib/python3.12/site-packages/airflow/example_dags/tutorial_taskflow_templates.py for tasks to queue
[2025-02-12T00:54:09.101+0000] {logging_mixin.py:190} INFO - [2025-02-12T00:54:09.100+0000] {dagbag.py:588} INFO - Filling up the DagBag from /home/airflow/.local/lib/python3.12/site-packages/airflow/example_dags/tutorial_taskflow_templates.py
[2025-02-12T00:54:09.115+0000] {processor.py:925} INFO - DAG(s) 'tutorial_taskflow_templates' retrieved from /home/airflow/.local/lib/python3.12/site-packages/airflow/example_dags/tutorial_taskflow_templates.py
[2025-02-12T00:54:09.138+0000] {logging_mixin.py:190} INFO - [2025-02-12T00:54:09.138+0000] {dag.py:3239} INFO - Sync 1 DAGs
[2025-02-12T00:54:09.164+0000] {logging_mixin.py:190} INFO - [2025-02-12T00:54:09.164+0000] {dag.py:4180} INFO - Setting next_dagrun for tutorial_taskflow_templates to 2025-02-11 00:00:00+00:00, run_after=2025-02-12 00:00:00+00:00
[2025-02-12T00:54:09.190+0000] {processor.py:208} INFO - Processing /home/airflow/.local/lib/python3.12/site-packages/airflow/example_dags/tutorial_taskflow_templates.py took 0.099 seconds
[2025-02-12T00:54:40.079+0000] {processor.py:186} INFO - Started process (PID=742) to work on /home/airflow/.local/lib/python3.12/site-packages/airflow/example_dags/tutorial_taskflow_templates.py
[2025-02-12T00:54:40.080+0000] {processor.py:914} INFO - Processing file /home/airflow/.local/lib/python3.12/site-packages/airflow/example_dags/tutorial_taskflow_templates.py for tasks to queue
[2025-02-12T00:54:40.084+0000] {logging_mixin.py:190} INFO - [2025-02-12T00:54:40.083+0000] {dagbag.py:588} INFO - Filling up the DagBag from /home/airflow/.local/lib/python3.12/site-packages/airflow/example_dags/tutorial_taskflow_templates.py
[2025-02-12T00:54:40.099+0000] {processor.py:925} INFO - DAG(s) 'tutorial_taskflow_templates' retrieved from /home/airflow/.local/lib/python3.12/site-packages/airflow/example_dags/tutorial_taskflow_templates.py
[2025-02-12T00:54:40.123+0000] {logging_mixin.py:190} INFO - [2025-02-12T00:54:40.122+0000] {dag.py:3239} INFO - Sync 1 DAGs
[2025-02-12T00:54:40.152+0000] {logging_mixin.py:190} INFO - [2025-02-12T00:54:40.152+0000] {dag.py:4180} INFO - Setting next_dagrun for tutorial_taskflow_templates to 2025-02-11 00:00:00+00:00, run_after=2025-02-12 00:00:00+00:00
[2025-02-12T00:54:40.177+0000] {processor.py:208} INFO - Processing /home/airflow/.local/lib/python3.12/site-packages/airflow/example_dags/tutorial_taskflow_templates.py took 0.105 seconds
[2025-02-12T00:55:10.594+0000] {processor.py:186} INFO - Started process (PID=808) to work on /home/airflow/.local/lib/python3.12/site-packages/airflow/example_dags/tutorial_taskflow_templates.py
[2025-02-12T00:55:10.595+0000] {processor.py:914} INFO - Processing file /home/airflow/.local/lib/python3.12/site-packages/airflow/example_dags/tutorial_taskflow_templates.py for tasks to queue
[2025-02-12T00:55:10.598+0000] {logging_mixin.py:190} INFO - [2025-02-12T00:55:10.597+0000] {dagbag.py:588} INFO - Filling up the DagBag from /home/airflow/.local/lib/python3.12/site-packages/airflow/example_dags/tutorial_taskflow_templates.py
[2025-02-12T00:55:10.615+0000] {processor.py:925} INFO - DAG(s) 'tutorial_taskflow_templates' retrieved from /home/airflow/.local/lib/python3.12/site-packages/airflow/example_dags/tutorial_taskflow_templates.py
[2025-02-12T00:55:10.637+0000] {logging_mixin.py:190} INFO - [2025-02-12T00:55:10.637+0000] {dag.py:3239} INFO - Sync 1 DAGs
[2025-02-12T00:55:10.666+0000] {logging_mixin.py:190} INFO - [2025-02-12T00:55:10.666+0000] {dag.py:4180} INFO - Setting next_dagrun for tutorial_taskflow_templates to 2025-02-11 00:00:00+00:00, run_after=2025-02-12 00:00:00+00:00
[2025-02-12T00:55:10.687+0000] {processor.py:208} INFO - Processing /home/airflow/.local/lib/python3.12/site-packages/airflow/example_dags/tutorial_taskflow_templates.py took 0.099 seconds
[2025-02-12T00:55:41.719+0000] {processor.py:186} INFO - Started process (PID=875) to work on /home/airflow/.local/lib/python3.12/site-packages/airflow/example_dags/tutorial_taskflow_templates.py
[2025-02-12T00:55:41.720+0000] {processor.py:914} INFO - Processing file /home/airflow/.local/lib/python3.12/site-packages/airflow/example_dags/tutorial_taskflow_templates.py for tasks to queue
[2025-02-12T00:55:41.723+0000] {logging_mixin.py:190} INFO - [2025-02-12T00:55:41.722+0000] {dagbag.py:588} INFO - Filling up the DagBag from /home/airflow/.local/lib/python3.12/site-packages/airflow/example_dags/tutorial_taskflow_templates.py
[2025-02-12T00:55:41.741+0000] {processor.py:925} INFO - DAG(s) 'tutorial_taskflow_templates' retrieved from /home/airflow/.local/lib/python3.12/site-packages/airflow/example_dags/tutorial_taskflow_templates.py
[2025-02-12T00:55:41.767+0000] {logging_mixin.py:190} INFO - [2025-02-12T00:55:41.767+0000] {dag.py:3239} INFO - Sync 1 DAGs
[2025-02-12T00:55:41.803+0000] {logging_mixin.py:190} INFO - [2025-02-12T00:55:41.803+0000] {dag.py:4180} INFO - Setting next_dagrun for tutorial_taskflow_templates to 2025-02-11 00:00:00+00:00, run_after=2025-02-12 00:00:00+00:00
[2025-02-12T00:55:41.843+0000] {processor.py:208} INFO - Processing /home/airflow/.local/lib/python3.12/site-packages/airflow/example_dags/tutorial_taskflow_templates.py took 0.131 seconds
[2025-02-12T00:57:40.367+0000] {processor.py:186} INFO - Started process (PID=82) to work on /home/airflow/.local/lib/python3.12/site-packages/airflow/example_dags/tutorial_taskflow_templates.py
[2025-02-12T00:57:40.371+0000] {processor.py:914} INFO - Processing file /home/airflow/.local/lib/python3.12/site-packages/airflow/example_dags/tutorial_taskflow_templates.py for tasks to queue
[2025-02-12T00:57:40.378+0000] {logging_mixin.py:190} INFO - [2025-02-12T00:57:40.378+0000] {dagbag.py:588} INFO - Filling up the DagBag from /home/airflow/.local/lib/python3.12/site-packages/airflow/example_dags/tutorial_taskflow_templates.py
[2025-02-12T00:57:40.410+0000] {processor.py:925} INFO - DAG(s) 'tutorial_taskflow_templates' retrieved from /home/airflow/.local/lib/python3.12/site-packages/airflow/example_dags/tutorial_taskflow_templates.py
[2025-02-12T00:57:40.447+0000] {logging_mixin.py:190} INFO - [2025-02-12T00:57:40.446+0000] {dag.py:3239} INFO - Sync 1 DAGs
[2025-02-12T00:57:40.511+0000] {logging_mixin.py:190} INFO - [2025-02-12T00:57:40.511+0000] {dag.py:4180} INFO - Setting next_dagrun for tutorial_taskflow_templates to 2025-02-11 00:00:00+00:00, run_after=2025-02-12 00:00:00+00:00
[2025-02-12T00:57:40.609+0000] {processor.py:208} INFO - Processing /home/airflow/.local/lib/python3.12/site-packages/airflow/example_dags/tutorial_taskflow_templates.py took 0.251 seconds
[2025-02-12T00:58:11.482+0000] {processor.py:186} INFO - Started process (PID=148) to work on /home/airflow/.local/lib/python3.12/site-packages/airflow/example_dags/tutorial_taskflow_templates.py
[2025-02-12T00:58:11.490+0000] {processor.py:914} INFO - Processing file /home/airflow/.local/lib/python3.12/site-packages/airflow/example_dags/tutorial_taskflow_templates.py for tasks to queue
[2025-02-12T00:58:11.494+0000] {logging_mixin.py:190} INFO - [2025-02-12T00:58:11.493+0000] {dagbag.py:588} INFO - Filling up the DagBag from /home/airflow/.local/lib/python3.12/site-packages/airflow/example_dags/tutorial_taskflow_templates.py
[2025-02-12T00:58:11.525+0000] {processor.py:925} INFO - DAG(s) 'tutorial_taskflow_templates' retrieved from /home/airflow/.local/lib/python3.12/site-packages/airflow/example_dags/tutorial_taskflow_templates.py
[2025-02-12T00:58:11.570+0000] {logging_mixin.py:190} INFO - [2025-02-12T00:58:11.570+0000] {dag.py:3239} INFO - Sync 1 DAGs
[2025-02-12T00:58:11.617+0000] {logging_mixin.py:190} INFO - [2025-02-12T00:58:11.616+0000] {dag.py:4180} INFO - Setting next_dagrun for tutorial_taskflow_templates to 2025-02-11 00:00:00+00:00, run_after=2025-02-12 00:00:00+00:00
[2025-02-12T00:58:11.655+0000] {processor.py:208} INFO - Processing /home/airflow/.local/lib/python3.12/site-packages/airflow/example_dags/tutorial_taskflow_templates.py took 0.181 seconds
[2025-02-12T00:58:42.118+0000] {processor.py:186} INFO - Started process (PID=213) to work on /home/airflow/.local/lib/python3.12/site-packages/airflow/example_dags/tutorial_taskflow_templates.py
[2025-02-12T00:58:42.119+0000] {processor.py:914} INFO - Processing file /home/airflow/.local/lib/python3.12/site-packages/airflow/example_dags/tutorial_taskflow_templates.py for tasks to queue
[2025-02-12T00:58:42.122+0000] {logging_mixin.py:190} INFO - [2025-02-12T00:58:42.121+0000] {dagbag.py:588} INFO - Filling up the DagBag from /home/airflow/.local/lib/python3.12/site-packages/airflow/example_dags/tutorial_taskflow_templates.py
[2025-02-12T00:58:42.136+0000] {processor.py:925} INFO - DAG(s) 'tutorial_taskflow_templates' retrieved from /home/airflow/.local/lib/python3.12/site-packages/airflow/example_dags/tutorial_taskflow_templates.py
[2025-02-12T00:58:42.160+0000] {logging_mixin.py:190} INFO - [2025-02-12T00:58:42.160+0000] {dag.py:3239} INFO - Sync 1 DAGs
[2025-02-12T00:58:42.194+0000] {logging_mixin.py:190} INFO - [2025-02-12T00:58:42.193+0000] {dag.py:4180} INFO - Setting next_dagrun for tutorial_taskflow_templates to 2025-02-11 00:00:00+00:00, run_after=2025-02-12 00:00:00+00:00
[2025-02-12T00:58:42.217+0000] {processor.py:208} INFO - Processing /home/airflow/.local/lib/python3.12/site-packages/airflow/example_dags/tutorial_taskflow_templates.py took 0.108 seconds
[2025-02-12T00:59:12.667+0000] {processor.py:186} INFO - Started process (PID=279) to work on /home/airflow/.local/lib/python3.12/site-packages/airflow/example_dags/tutorial_taskflow_templates.py
[2025-02-12T00:59:12.668+0000] {processor.py:914} INFO - Processing file /home/airflow/.local/lib/python3.12/site-packages/airflow/example_dags/tutorial_taskflow_templates.py for tasks to queue
[2025-02-12T00:59:12.670+0000] {logging_mixin.py:190} INFO - [2025-02-12T00:59:12.670+0000] {dagbag.py:588} INFO - Filling up the DagBag from /home/airflow/.local/lib/python3.12/site-packages/airflow/example_dags/tutorial_taskflow_templates.py
[2025-02-12T00:59:12.684+0000] {processor.py:925} INFO - DAG(s) 'tutorial_taskflow_templates' retrieved from /home/airflow/.local/lib/python3.12/site-packages/airflow/example_dags/tutorial_taskflow_templates.py
[2025-02-12T00:59:12.709+0000] {logging_mixin.py:190} INFO - [2025-02-12T00:59:12.708+0000] {dag.py:3239} INFO - Sync 1 DAGs
[2025-02-12T00:59:12.736+0000] {logging_mixin.py:190} INFO - [2025-02-12T00:59:12.736+0000] {dag.py:4180} INFO - Setting next_dagrun for tutorial_taskflow_templates to 2025-02-11 00:00:00+00:00, run_after=2025-02-12 00:00:00+00:00
[2025-02-12T00:59:12.756+0000] {processor.py:208} INFO - Processing /home/airflow/.local/lib/python3.12/site-packages/airflow/example_dags/tutorial_taskflow_templates.py took 0.097 seconds
[2025-02-12T00:59:43.501+0000] {processor.py:186} INFO - Started process (PID=345) to work on /home/airflow/.local/lib/python3.12/site-packages/airflow/example_dags/tutorial_taskflow_templates.py
[2025-02-12T00:59:43.502+0000] {processor.py:914} INFO - Processing file /home/airflow/.local/lib/python3.12/site-packages/airflow/example_dags/tutorial_taskflow_templates.py for tasks to queue
[2025-02-12T00:59:43.504+0000] {logging_mixin.py:190} INFO - [2025-02-12T00:59:43.504+0000] {dagbag.py:588} INFO - Filling up the DagBag from /home/airflow/.local/lib/python3.12/site-packages/airflow/example_dags/tutorial_taskflow_templates.py
[2025-02-12T00:59:43.524+0000] {processor.py:925} INFO - DAG(s) 'tutorial_taskflow_templates' retrieved from /home/airflow/.local/lib/python3.12/site-packages/airflow/example_dags/tutorial_taskflow_templates.py
[2025-02-12T00:59:43.552+0000] {logging_mixin.py:190} INFO - [2025-02-12T00:59:43.552+0000] {dag.py:3239} INFO - Sync 1 DAGs
[2025-02-12T00:59:43.586+0000] {logging_mixin.py:190} INFO - [2025-02-12T00:59:43.585+0000] {dag.py:4180} INFO - Setting next_dagrun for tutorial_taskflow_templates to 2025-02-11 00:00:00+00:00, run_after=2025-02-12 00:00:00+00:00
[2025-02-12T00:59:43.608+0000] {processor.py:208} INFO - Processing /home/airflow/.local/lib/python3.12/site-packages/airflow/example_dags/tutorial_taskflow_templates.py took 0.114 seconds
[2025-02-12T01:00:14.884+0000] {processor.py:186} INFO - Started process (PID=412) to work on /home/airflow/.local/lib/python3.12/site-packages/airflow/example_dags/tutorial_taskflow_templates.py
[2025-02-12T01:00:14.885+0000] {processor.py:914} INFO - Processing file /home/airflow/.local/lib/python3.12/site-packages/airflow/example_dags/tutorial_taskflow_templates.py for tasks to queue
[2025-02-12T01:00:14.887+0000] {logging_mixin.py:190} INFO - [2025-02-12T01:00:14.887+0000] {dagbag.py:588} INFO - Filling up the DagBag from /home/airflow/.local/lib/python3.12/site-packages/airflow/example_dags/tutorial_taskflow_templates.py
[2025-02-12T01:00:14.900+0000] {processor.py:925} INFO - DAG(s) 'tutorial_taskflow_templates' retrieved from /home/airflow/.local/lib/python3.12/site-packages/airflow/example_dags/tutorial_taskflow_templates.py
[2025-02-12T01:00:14.922+0000] {logging_mixin.py:190} INFO - [2025-02-12T01:00:14.922+0000] {dag.py:3239} INFO - Sync 1 DAGs
[2025-02-12T01:00:14.953+0000] {logging_mixin.py:190} INFO - [2025-02-12T01:00:14.953+0000] {dag.py:4180} INFO - Setting next_dagrun for tutorial_taskflow_templates to 2025-02-11 00:00:00+00:00, run_after=2025-02-12 00:00:00+00:00
[2025-02-12T01:00:14.973+0000] {processor.py:208} INFO - Processing /home/airflow/.local/lib/python3.12/site-packages/airflow/example_dags/tutorial_taskflow_templates.py took 0.094 seconds
[2025-02-12T01:03:56.772+0000] {processor.py:186} INFO - Started process (PID=76) to work on /home/airflow/.local/lib/python3.12/site-packages/airflow/example_dags/tutorial_taskflow_templates.py
[2025-02-12T01:03:56.774+0000] {processor.py:914} INFO - Processing file /home/airflow/.local/lib/python3.12/site-packages/airflow/example_dags/tutorial_taskflow_templates.py for tasks to queue
[2025-02-12T01:03:56.777+0000] {logging_mixin.py:190} INFO - [2025-02-12T01:03:56.777+0000] {dagbag.py:588} INFO - Filling up the DagBag from /home/airflow/.local/lib/python3.12/site-packages/airflow/example_dags/tutorial_taskflow_templates.py
[2025-02-12T01:03:56.794+0000] {processor.py:925} INFO - DAG(s) 'tutorial_taskflow_templates' retrieved from /home/airflow/.local/lib/python3.12/site-packages/airflow/example_dags/tutorial_taskflow_templates.py
[2025-02-12T01:03:56.821+0000] {logging_mixin.py:190} INFO - [2025-02-12T01:03:56.821+0000] {dag.py:3239} INFO - Sync 1 DAGs
[2025-02-12T01:03:56.860+0000] {logging_mixin.py:190} INFO - [2025-02-12T01:03:56.859+0000] {dag.py:4180} INFO - Setting next_dagrun for tutorial_taskflow_templates to 2025-02-11 00:00:00+00:00, run_after=2025-02-12 00:00:00+00:00
[2025-02-12T01:03:56.887+0000] {processor.py:208} INFO - Processing /home/airflow/.local/lib/python3.12/site-packages/airflow/example_dags/tutorial_taskflow_templates.py took 0.122 seconds
[2025-02-12T01:04:31.932+0000] {processor.py:186} INFO - Started process (PID=148) to work on /home/airflow/.local/lib/python3.12/site-packages/airflow/example_dags/tutorial_taskflow_templates.py
[2025-02-12T01:04:31.933+0000] {processor.py:914} INFO - Processing file /home/airflow/.local/lib/python3.12/site-packages/airflow/example_dags/tutorial_taskflow_templates.py for tasks to queue
[2025-02-12T01:04:31.938+0000] {logging_mixin.py:190} INFO - [2025-02-12T01:04:31.937+0000] {dagbag.py:588} INFO - Filling up the DagBag from /home/airflow/.local/lib/python3.12/site-packages/airflow/example_dags/tutorial_taskflow_templates.py
[2025-02-12T01:04:31.965+0000] {processor.py:925} INFO - DAG(s) 'tutorial_taskflow_templates' retrieved from /home/airflow/.local/lib/python3.12/site-packages/airflow/example_dags/tutorial_taskflow_templates.py
[2025-02-12T01:04:32.026+0000] {logging_mixin.py:190} INFO - [2025-02-12T01:04:32.026+0000] {dag.py:3239} INFO - Sync 1 DAGs
[2025-02-12T01:04:32.129+0000] {logging_mixin.py:190} INFO - [2025-02-12T01:04:32.129+0000] {dag.py:4180} INFO - Setting next_dagrun for tutorial_taskflow_templates to 2025-02-11 00:00:00+00:00, run_after=2025-02-12 00:00:00+00:00
[2025-02-12T01:04:32.181+0000] {processor.py:208} INFO - Processing /home/airflow/.local/lib/python3.12/site-packages/airflow/example_dags/tutorial_taskflow_templates.py took 0.258 seconds
[2025-02-12T01:05:02.337+0000] {processor.py:186} INFO - Started process (PID=215) to work on /home/airflow/.local/lib/python3.12/site-packages/airflow/example_dags/tutorial_taskflow_templates.py
[2025-02-12T01:05:02.338+0000] {processor.py:914} INFO - Processing file /home/airflow/.local/lib/python3.12/site-packages/airflow/example_dags/tutorial_taskflow_templates.py for tasks to queue
[2025-02-12T01:05:02.341+0000] {logging_mixin.py:190} INFO - [2025-02-12T01:05:02.341+0000] {dagbag.py:588} INFO - Filling up the DagBag from /home/airflow/.local/lib/python3.12/site-packages/airflow/example_dags/tutorial_taskflow_templates.py
[2025-02-12T01:05:02.360+0000] {processor.py:925} INFO - DAG(s) 'tutorial_taskflow_templates' retrieved from /home/airflow/.local/lib/python3.12/site-packages/airflow/example_dags/tutorial_taskflow_templates.py
[2025-02-12T01:05:02.389+0000] {logging_mixin.py:190} INFO - [2025-02-12T01:05:02.389+0000] {dag.py:3239} INFO - Sync 1 DAGs
[2025-02-12T01:05:02.421+0000] {logging_mixin.py:190} INFO - [2025-02-12T01:05:02.421+0000] {dag.py:4180} INFO - Setting next_dagrun for tutorial_taskflow_templates to 2025-02-11 00:00:00+00:00, run_after=2025-02-12 00:00:00+00:00
[2025-02-12T01:05:02.449+0000] {processor.py:208} INFO - Processing /home/airflow/.local/lib/python3.12/site-packages/airflow/example_dags/tutorial_taskflow_templates.py took 0.118 seconds
[2025-02-12T01:05:33.285+0000] {processor.py:186} INFO - Started process (PID=282) to work on /home/airflow/.local/lib/python3.12/site-packages/airflow/example_dags/tutorial_taskflow_templates.py
[2025-02-12T01:05:33.287+0000] {processor.py:914} INFO - Processing file /home/airflow/.local/lib/python3.12/site-packages/airflow/example_dags/tutorial_taskflow_templates.py for tasks to queue
[2025-02-12T01:05:33.289+0000] {logging_mixin.py:190} INFO - [2025-02-12T01:05:33.289+0000] {dagbag.py:588} INFO - Filling up the DagBag from /home/airflow/.local/lib/python3.12/site-packages/airflow/example_dags/tutorial_taskflow_templates.py
[2025-02-12T01:05:33.305+0000] {processor.py:925} INFO - DAG(s) 'tutorial_taskflow_templates' retrieved from /home/airflow/.local/lib/python3.12/site-packages/airflow/example_dags/tutorial_taskflow_templates.py
[2025-02-12T01:05:33.331+0000] {logging_mixin.py:190} INFO - [2025-02-12T01:05:33.330+0000] {dag.py:3239} INFO - Sync 1 DAGs
[2025-02-12T01:05:33.367+0000] {logging_mixin.py:190} INFO - [2025-02-12T01:05:33.367+0000] {dag.py:4180} INFO - Setting next_dagrun for tutorial_taskflow_templates to 2025-02-11 00:00:00+00:00, run_after=2025-02-12 00:00:00+00:00
[2025-02-12T01:05:33.399+0000] {processor.py:208} INFO - Processing /home/airflow/.local/lib/python3.12/site-packages/airflow/example_dags/tutorial_taskflow_templates.py took 0.121 seconds
[2025-02-12T01:06:04.543+0000] {processor.py:186} INFO - Started process (PID=349) to work on /home/airflow/.local/lib/python3.12/site-packages/airflow/example_dags/tutorial_taskflow_templates.py
[2025-02-12T01:06:04.544+0000] {processor.py:914} INFO - Processing file /home/airflow/.local/lib/python3.12/site-packages/airflow/example_dags/tutorial_taskflow_templates.py for tasks to queue
[2025-02-12T01:06:04.547+0000] {logging_mixin.py:190} INFO - [2025-02-12T01:06:04.547+0000] {dagbag.py:588} INFO - Filling up the DagBag from /home/airflow/.local/lib/python3.12/site-packages/airflow/example_dags/tutorial_taskflow_templates.py
[2025-02-12T01:06:04.568+0000] {processor.py:925} INFO - DAG(s) 'tutorial_taskflow_templates' retrieved from /home/airflow/.local/lib/python3.12/site-packages/airflow/example_dags/tutorial_taskflow_templates.py
[2025-02-12T01:06:04.597+0000] {logging_mixin.py:190} INFO - [2025-02-12T01:06:04.595+0000] {dag.py:3239} INFO - Sync 1 DAGs
[2025-02-12T01:06:04.639+0000] {logging_mixin.py:190} INFO - [2025-02-12T01:06:04.638+0000] {dag.py:4180} INFO - Setting next_dagrun for tutorial_taskflow_templates to 2025-02-11 00:00:00+00:00, run_after=2025-02-12 00:00:00+00:00
[2025-02-12T01:06:04.668+0000] {processor.py:208} INFO - Processing /home/airflow/.local/lib/python3.12/site-packages/airflow/example_dags/tutorial_taskflow_templates.py took 0.131 seconds
[2025-02-12T01:06:34.929+0000] {processor.py:186} INFO - Started process (PID=416) to work on /home/airflow/.local/lib/python3.12/site-packages/airflow/example_dags/tutorial_taskflow_templates.py
[2025-02-12T01:06:34.930+0000] {processor.py:914} INFO - Processing file /home/airflow/.local/lib/python3.12/site-packages/airflow/example_dags/tutorial_taskflow_templates.py for tasks to queue
[2025-02-12T01:06:34.934+0000] {logging_mixin.py:190} INFO - [2025-02-12T01:06:34.934+0000] {dagbag.py:588} INFO - Filling up the DagBag from /home/airflow/.local/lib/python3.12/site-packages/airflow/example_dags/tutorial_taskflow_templates.py
[2025-02-12T01:06:34.956+0000] {processor.py:925} INFO - DAG(s) 'tutorial_taskflow_templates' retrieved from /home/airflow/.local/lib/python3.12/site-packages/airflow/example_dags/tutorial_taskflow_templates.py
[2025-02-12T01:06:34.991+0000] {logging_mixin.py:190} INFO - [2025-02-12T01:06:34.991+0000] {dag.py:3239} INFO - Sync 1 DAGs
[2025-02-12T01:06:35.026+0000] {logging_mixin.py:190} INFO - [2025-02-12T01:06:35.026+0000] {dag.py:4180} INFO - Setting next_dagrun for tutorial_taskflow_templates to 2025-02-11 00:00:00+00:00, run_after=2025-02-12 00:00:00+00:00
[2025-02-12T01:06:35.051+0000] {processor.py:208} INFO - Processing /home/airflow/.local/lib/python3.12/site-packages/airflow/example_dags/tutorial_taskflow_templates.py took 0.129 seconds
[2025-02-12T23:15:02.996+0000] {processor.py:186} INFO - Started process (PID=81) to work on /home/airflow/.local/lib/python3.12/site-packages/airflow/example_dags/tutorial_taskflow_templates.py
[2025-02-12T23:15:02.997+0000] {processor.py:914} INFO - Processing file /home/airflow/.local/lib/python3.12/site-packages/airflow/example_dags/tutorial_taskflow_templates.py for tasks to queue
[2025-02-12T23:15:03.000+0000] {logging_mixin.py:190} INFO - [2025-02-12T23:15:03.000+0000] {dagbag.py:588} INFO - Filling up the DagBag from /home/airflow/.local/lib/python3.12/site-packages/airflow/example_dags/tutorial_taskflow_templates.py
[2025-02-12T23:15:03.019+0000] {processor.py:925} INFO - DAG(s) 'tutorial_taskflow_templates' retrieved from /home/airflow/.local/lib/python3.12/site-packages/airflow/example_dags/tutorial_taskflow_templates.py
[2025-02-12T23:15:03.080+0000] {logging_mixin.py:190} INFO - [2025-02-12T23:15:03.074+0000] {dag.py:3239} INFO - Sync 1 DAGs
[2025-02-12T23:15:03.118+0000] {logging_mixin.py:190} INFO - [2025-02-12T23:15:03.118+0000] {dag.py:4180} INFO - Setting next_dagrun for tutorial_taskflow_templates to 2025-02-11 00:00:00+00:00, run_after=2025-02-12 00:00:00+00:00
[2025-02-12T23:15:03.143+0000] {processor.py:208} INFO - Processing /home/airflow/.local/lib/python3.12/site-packages/airflow/example_dags/tutorial_taskflow_templates.py took 0.155 seconds
[2025-02-12T23:15:33.189+0000] {processor.py:186} INFO - Started process (PID=146) to work on /home/airflow/.local/lib/python3.12/site-packages/airflow/example_dags/tutorial_taskflow_templates.py
[2025-02-12T23:15:33.190+0000] {processor.py:914} INFO - Processing file /home/airflow/.local/lib/python3.12/site-packages/airflow/example_dags/tutorial_taskflow_templates.py for tasks to queue
[2025-02-12T23:15:33.193+0000] {logging_mixin.py:190} INFO - [2025-02-12T23:15:33.192+0000] {dagbag.py:588} INFO - Filling up the DagBag from /home/airflow/.local/lib/python3.12/site-packages/airflow/example_dags/tutorial_taskflow_templates.py
[2025-02-12T23:15:33.205+0000] {processor.py:925} INFO - DAG(s) 'tutorial_taskflow_templates' retrieved from /home/airflow/.local/lib/python3.12/site-packages/airflow/example_dags/tutorial_taskflow_templates.py
[2025-02-12T23:15:33.224+0000] {logging_mixin.py:190} INFO - [2025-02-12T23:15:33.224+0000] {dag.py:3239} INFO - Sync 1 DAGs
[2025-02-12T23:15:33.248+0000] {logging_mixin.py:190} INFO - [2025-02-12T23:15:33.248+0000] {dag.py:4180} INFO - Setting next_dagrun for tutorial_taskflow_templates to 2025-02-11 00:00:00+00:00, run_after=2025-02-12 00:00:00+00:00
[2025-02-12T23:15:33.267+0000] {processor.py:208} INFO - Processing /home/airflow/.local/lib/python3.12/site-packages/airflow/example_dags/tutorial_taskflow_templates.py took 0.083 seconds
[2025-02-12T23:16:04.477+0000] {processor.py:186} INFO - Started process (PID=212) to work on /home/airflow/.local/lib/python3.12/site-packages/airflow/example_dags/tutorial_taskflow_templates.py
[2025-02-12T23:16:04.478+0000] {processor.py:914} INFO - Processing file /home/airflow/.local/lib/python3.12/site-packages/airflow/example_dags/tutorial_taskflow_templates.py for tasks to queue
[2025-02-12T23:16:04.481+0000] {logging_mixin.py:190} INFO - [2025-02-12T23:16:04.481+0000] {dagbag.py:588} INFO - Filling up the DagBag from /home/airflow/.local/lib/python3.12/site-packages/airflow/example_dags/tutorial_taskflow_templates.py
[2025-02-12T23:16:04.498+0000] {processor.py:925} INFO - DAG(s) 'tutorial_taskflow_templates' retrieved from /home/airflow/.local/lib/python3.12/site-packages/airflow/example_dags/tutorial_taskflow_templates.py
[2025-02-12T23:16:04.521+0000] {logging_mixin.py:190} INFO - [2025-02-12T23:16:04.521+0000] {dag.py:3239} INFO - Sync 1 DAGs
[2025-02-12T23:16:04.555+0000] {logging_mixin.py:190} INFO - [2025-02-12T23:16:04.555+0000] {dag.py:4180} INFO - Setting next_dagrun for tutorial_taskflow_templates to 2025-02-11 00:00:00+00:00, run_after=2025-02-12 00:00:00+00:00
[2025-02-12T23:16:04.580+0000] {processor.py:208} INFO - Processing /home/airflow/.local/lib/python3.12/site-packages/airflow/example_dags/tutorial_taskflow_templates.py took 0.111 seconds
[2025-02-12T23:16:49.705+0000] {processor.py:186} INFO - Started process (PID=278) to work on /home/airflow/.local/lib/python3.12/site-packages/airflow/example_dags/tutorial_taskflow_templates.py
[2025-02-12T23:16:49.723+0000] {processor.py:914} INFO - Processing file /home/airflow/.local/lib/python3.12/site-packages/airflow/example_dags/tutorial_taskflow_templates.py for tasks to queue
[2025-02-12T23:16:49.758+0000] {logging_mixin.py:190} INFO - [2025-02-12T23:16:49.757+0000] {dagbag.py:588} INFO - Filling up the DagBag from /home/airflow/.local/lib/python3.12/site-packages/airflow/example_dags/tutorial_taskflow_templates.py
[2025-02-12T23:16:49.814+0000] {processor.py:925} INFO - DAG(s) 'tutorial_taskflow_templates' retrieved from /home/airflow/.local/lib/python3.12/site-packages/airflow/example_dags/tutorial_taskflow_templates.py
[2025-02-12T23:16:49.895+0000] {logging_mixin.py:190} INFO - [2025-02-12T23:16:49.894+0000] {dag.py:3239} INFO - Sync 1 DAGs
[2025-02-12T23:16:50.006+0000] {logging_mixin.py:190} INFO - [2025-02-12T23:16:50.006+0000] {dag.py:4180} INFO - Setting next_dagrun for tutorial_taskflow_templates to 2025-02-11 00:00:00+00:00, run_after=2025-02-12 00:00:00+00:00
[2025-02-12T23:16:50.090+0000] {processor.py:208} INFO - Processing /home/airflow/.local/lib/python3.12/site-packages/airflow/example_dags/tutorial_taskflow_templates.py took 0.394 seconds
[2025-02-12T23:17:20.695+0000] {processor.py:186} INFO - Started process (PID=346) to work on /home/airflow/.local/lib/python3.12/site-packages/airflow/example_dags/tutorial_taskflow_templates.py
[2025-02-12T23:17:20.696+0000] {processor.py:914} INFO - Processing file /home/airflow/.local/lib/python3.12/site-packages/airflow/example_dags/tutorial_taskflow_templates.py for tasks to queue
[2025-02-12T23:17:20.698+0000] {logging_mixin.py:190} INFO - [2025-02-12T23:17:20.698+0000] {dagbag.py:588} INFO - Filling up the DagBag from /home/airflow/.local/lib/python3.12/site-packages/airflow/example_dags/tutorial_taskflow_templates.py
[2025-02-12T23:17:20.713+0000] {processor.py:925} INFO - DAG(s) 'tutorial_taskflow_templates' retrieved from /home/airflow/.local/lib/python3.12/site-packages/airflow/example_dags/tutorial_taskflow_templates.py
[2025-02-12T23:17:20.731+0000] {logging_mixin.py:190} INFO - [2025-02-12T23:17:20.731+0000] {dag.py:3239} INFO - Sync 1 DAGs
[2025-02-12T23:17:20.756+0000] {logging_mixin.py:190} INFO - [2025-02-12T23:17:20.756+0000] {dag.py:4180} INFO - Setting next_dagrun for tutorial_taskflow_templates to 2025-02-11 00:00:00+00:00, run_after=2025-02-12 00:00:00+00:00
[2025-02-12T23:17:20.775+0000] {processor.py:208} INFO - Processing /home/airflow/.local/lib/python3.12/site-packages/airflow/example_dags/tutorial_taskflow_templates.py took 0.085 seconds
[2025-02-12T23:17:51.408+0000] {processor.py:186} INFO - Started process (PID=412) to work on /home/airflow/.local/lib/python3.12/site-packages/airflow/example_dags/tutorial_taskflow_templates.py
[2025-02-12T23:17:51.409+0000] {processor.py:914} INFO - Processing file /home/airflow/.local/lib/python3.12/site-packages/airflow/example_dags/tutorial_taskflow_templates.py for tasks to queue
[2025-02-12T23:17:51.411+0000] {logging_mixin.py:190} INFO - [2025-02-12T23:17:51.411+0000] {dagbag.py:588} INFO - Filling up the DagBag from /home/airflow/.local/lib/python3.12/site-packages/airflow/example_dags/tutorial_taskflow_templates.py
[2025-02-12T23:17:51.423+0000] {processor.py:925} INFO - DAG(s) 'tutorial_taskflow_templates' retrieved from /home/airflow/.local/lib/python3.12/site-packages/airflow/example_dags/tutorial_taskflow_templates.py
[2025-02-12T23:17:51.442+0000] {logging_mixin.py:190} INFO - [2025-02-12T23:17:51.441+0000] {dag.py:3239} INFO - Sync 1 DAGs
[2025-02-12T23:17:51.465+0000] {logging_mixin.py:190} INFO - [2025-02-12T23:17:51.465+0000] {dag.py:4180} INFO - Setting next_dagrun for tutorial_taskflow_templates to 2025-02-11 00:00:00+00:00, run_after=2025-02-12 00:00:00+00:00
[2025-02-12T23:17:51.486+0000] {processor.py:208} INFO - Processing /home/airflow/.local/lib/python3.12/site-packages/airflow/example_dags/tutorial_taskflow_templates.py took 0.084 seconds
[2025-02-12T23:21:57.677+0000] {processor.py:186} INFO - Started process (PID=87) to work on /home/airflow/.local/lib/python3.12/site-packages/airflow/example_dags/tutorial_taskflow_templates.py
[2025-02-12T23:21:57.680+0000] {processor.py:914} INFO - Processing file /home/airflow/.local/lib/python3.12/site-packages/airflow/example_dags/tutorial_taskflow_templates.py for tasks to queue
[2025-02-12T23:21:57.683+0000] {logging_mixin.py:190} INFO - [2025-02-12T23:21:57.683+0000] {dagbag.py:588} INFO - Filling up the DagBag from /home/airflow/.local/lib/python3.12/site-packages/airflow/example_dags/tutorial_taskflow_templates.py
[2025-02-12T23:21:57.716+0000] {processor.py:925} INFO - DAG(s) 'tutorial_taskflow_templates' retrieved from /home/airflow/.local/lib/python3.12/site-packages/airflow/example_dags/tutorial_taskflow_templates.py
[2025-02-12T23:21:57.754+0000] {logging_mixin.py:190} INFO - [2025-02-12T23:21:57.753+0000] {dag.py:3239} INFO - Sync 1 DAGs
[2025-02-12T23:21:57.784+0000] {logging_mixin.py:190} INFO - [2025-02-12T23:21:57.784+0000] {dag.py:4180} INFO - Setting next_dagrun for tutorial_taskflow_templates to 2025-02-11 00:00:00+00:00, run_after=2025-02-12 00:00:00+00:00
[2025-02-12T23:21:57.809+0000] {processor.py:208} INFO - Processing /home/airflow/.local/lib/python3.12/site-packages/airflow/example_dags/tutorial_taskflow_templates.py took 0.139 seconds
[2025-02-12T23:22:30.905+0000] {processor.py:186} INFO - Started process (PID=152) to work on /home/airflow/.local/lib/python3.12/site-packages/airflow/example_dags/tutorial_taskflow_templates.py
[2025-02-12T23:22:30.908+0000] {processor.py:914} INFO - Processing file /home/airflow/.local/lib/python3.12/site-packages/airflow/example_dags/tutorial_taskflow_templates.py for tasks to queue
[2025-02-12T23:22:30.919+0000] {logging_mixin.py:190} INFO - [2025-02-12T23:22:30.919+0000] {dagbag.py:588} INFO - Filling up the DagBag from /home/airflow/.local/lib/python3.12/site-packages/airflow/example_dags/tutorial_taskflow_templates.py
[2025-02-12T23:22:30.969+0000] {processor.py:925} INFO - DAG(s) 'tutorial_taskflow_templates' retrieved from /home/airflow/.local/lib/python3.12/site-packages/airflow/example_dags/tutorial_taskflow_templates.py
[2025-02-12T23:22:31.035+0000] {logging_mixin.py:190} INFO - [2025-02-12T23:22:31.035+0000] {dag.py:3239} INFO - Sync 1 DAGs
[2025-02-12T23:22:31.133+0000] {logging_mixin.py:190} INFO - [2025-02-12T23:22:31.133+0000] {dag.py:4180} INFO - Setting next_dagrun for tutorial_taskflow_templates to 2025-02-11 00:00:00+00:00, run_after=2025-02-12 00:00:00+00:00
[2025-02-12T23:22:31.207+0000] {processor.py:208} INFO - Processing /home/airflow/.local/lib/python3.12/site-packages/airflow/example_dags/tutorial_taskflow_templates.py took 0.310 seconds
[2025-02-12T23:23:06.482+0000] {processor.py:186} INFO - Started process (PID=220) to work on /home/airflow/.local/lib/python3.12/site-packages/airflow/example_dags/tutorial_taskflow_templates.py
[2025-02-12T23:23:06.484+0000] {processor.py:914} INFO - Processing file /home/airflow/.local/lib/python3.12/site-packages/airflow/example_dags/tutorial_taskflow_templates.py for tasks to queue
[2025-02-12T23:23:06.489+0000] {logging_mixin.py:190} INFO - [2025-02-12T23:23:06.489+0000] {dagbag.py:588} INFO - Filling up the DagBag from /home/airflow/.local/lib/python3.12/site-packages/airflow/example_dags/tutorial_taskflow_templates.py
[2025-02-12T23:23:06.533+0000] {processor.py:925} INFO - DAG(s) 'tutorial_taskflow_templates' retrieved from /home/airflow/.local/lib/python3.12/site-packages/airflow/example_dags/tutorial_taskflow_templates.py
[2025-02-12T23:23:06.595+0000] {logging_mixin.py:190} INFO - [2025-02-12T23:23:06.595+0000] {dag.py:3239} INFO - Sync 1 DAGs
[2025-02-12T23:23:06.677+0000] {logging_mixin.py:190} INFO - [2025-02-12T23:23:06.677+0000] {dag.py:4180} INFO - Setting next_dagrun for tutorial_taskflow_templates to 2025-02-11 00:00:00+00:00, run_after=2025-02-12 00:00:00+00:00
[2025-02-12T23:23:06.740+0000] {processor.py:208} INFO - Processing /home/airflow/.local/lib/python3.12/site-packages/airflow/example_dags/tutorial_taskflow_templates.py took 0.266 seconds
[2025-02-12T23:23:37.014+0000] {processor.py:186} INFO - Started process (PID=286) to work on /home/airflow/.local/lib/python3.12/site-packages/airflow/example_dags/tutorial_taskflow_templates.py
[2025-02-12T23:23:37.021+0000] {processor.py:914} INFO - Processing file /home/airflow/.local/lib/python3.12/site-packages/airflow/example_dags/tutorial_taskflow_templates.py for tasks to queue
[2025-02-12T23:23:37.024+0000] {logging_mixin.py:190} INFO - [2025-02-12T23:23:37.024+0000] {dagbag.py:588} INFO - Filling up the DagBag from /home/airflow/.local/lib/python3.12/site-packages/airflow/example_dags/tutorial_taskflow_templates.py
[2025-02-12T23:23:37.078+0000] {processor.py:925} INFO - DAG(s) 'tutorial_taskflow_templates' retrieved from /home/airflow/.local/lib/python3.12/site-packages/airflow/example_dags/tutorial_taskflow_templates.py
[2025-02-12T23:23:37.132+0000] {logging_mixin.py:190} INFO - [2025-02-12T23:23:37.132+0000] {dag.py:3239} INFO - Sync 1 DAGs
[2025-02-12T23:23:37.205+0000] {logging_mixin.py:190} INFO - [2025-02-12T23:23:37.205+0000] {dag.py:4180} INFO - Setting next_dagrun for tutorial_taskflow_templates to 2025-02-11 00:00:00+00:00, run_after=2025-02-12 00:00:00+00:00
[2025-02-12T23:23:37.274+0000] {processor.py:208} INFO - Processing /home/airflow/.local/lib/python3.12/site-packages/airflow/example_dags/tutorial_taskflow_templates.py took 0.268 seconds
[2025-02-12T23:24:08.129+0000] {processor.py:186} INFO - Started process (PID=352) to work on /home/airflow/.local/lib/python3.12/site-packages/airflow/example_dags/tutorial_taskflow_templates.py
[2025-02-12T23:24:08.131+0000] {processor.py:914} INFO - Processing file /home/airflow/.local/lib/python3.12/site-packages/airflow/example_dags/tutorial_taskflow_templates.py for tasks to queue
[2025-02-12T23:24:08.157+0000] {logging_mixin.py:190} INFO - [2025-02-12T23:24:08.156+0000] {dagbag.py:588} INFO - Filling up the DagBag from /home/airflow/.local/lib/python3.12/site-packages/airflow/example_dags/tutorial_taskflow_templates.py
[2025-02-12T23:24:08.210+0000] {processor.py:925} INFO - DAG(s) 'tutorial_taskflow_templates' retrieved from /home/airflow/.local/lib/python3.12/site-packages/airflow/example_dags/tutorial_taskflow_templates.py
[2025-02-12T23:24:08.289+0000] {logging_mixin.py:190} INFO - [2025-02-12T23:24:08.288+0000] {dag.py:3239} INFO - Sync 1 DAGs
[2025-02-12T23:24:08.379+0000] {logging_mixin.py:190} INFO - [2025-02-12T23:24:08.378+0000] {dag.py:4180} INFO - Setting next_dagrun for tutorial_taskflow_templates to 2025-02-11 00:00:00+00:00, run_after=2025-02-12 00:00:00+00:00
[2025-02-12T23:24:08.428+0000] {processor.py:208} INFO - Processing /home/airflow/.local/lib/python3.12/site-packages/airflow/example_dags/tutorial_taskflow_templates.py took 0.349 seconds
[2025-02-12T23:24:39.622+0000] {processor.py:186} INFO - Started process (PID=418) to work on /home/airflow/.local/lib/python3.12/site-packages/airflow/example_dags/tutorial_taskflow_templates.py
[2025-02-12T23:24:39.624+0000] {processor.py:914} INFO - Processing file /home/airflow/.local/lib/python3.12/site-packages/airflow/example_dags/tutorial_taskflow_templates.py for tasks to queue
[2025-02-12T23:24:39.627+0000] {logging_mixin.py:190} INFO - [2025-02-12T23:24:39.626+0000] {dagbag.py:588} INFO - Filling up the DagBag from /home/airflow/.local/lib/python3.12/site-packages/airflow/example_dags/tutorial_taskflow_templates.py
[2025-02-12T23:24:39.658+0000] {processor.py:925} INFO - DAG(s) 'tutorial_taskflow_templates' retrieved from /home/airflow/.local/lib/python3.12/site-packages/airflow/example_dags/tutorial_taskflow_templates.py
[2025-02-12T23:24:39.704+0000] {logging_mixin.py:190} INFO - [2025-02-12T23:24:39.704+0000] {dag.py:3239} INFO - Sync 1 DAGs
[2025-02-12T23:24:39.768+0000] {logging_mixin.py:190} INFO - [2025-02-12T23:24:39.767+0000] {dag.py:4180} INFO - Setting next_dagrun for tutorial_taskflow_templates to 2025-02-11 00:00:00+00:00, run_after=2025-02-12 00:00:00+00:00
[2025-02-12T23:24:39.799+0000] {processor.py:208} INFO - Processing /home/airflow/.local/lib/python3.12/site-packages/airflow/example_dags/tutorial_taskflow_templates.py took 0.184 seconds
[2025-02-12T23:25:10.500+0000] {processor.py:186} INFO - Started process (PID=484) to work on /home/airflow/.local/lib/python3.12/site-packages/airflow/example_dags/tutorial_taskflow_templates.py
[2025-02-12T23:25:10.501+0000] {processor.py:914} INFO - Processing file /home/airflow/.local/lib/python3.12/site-packages/airflow/example_dags/tutorial_taskflow_templates.py for tasks to queue
[2025-02-12T23:25:10.505+0000] {logging_mixin.py:190} INFO - [2025-02-12T23:25:10.505+0000] {dagbag.py:588} INFO - Filling up the DagBag from /home/airflow/.local/lib/python3.12/site-packages/airflow/example_dags/tutorial_taskflow_templates.py
[2025-02-12T23:25:10.518+0000] {processor.py:925} INFO - DAG(s) 'tutorial_taskflow_templates' retrieved from /home/airflow/.local/lib/python3.12/site-packages/airflow/example_dags/tutorial_taskflow_templates.py
[2025-02-12T23:25:10.543+0000] {logging_mixin.py:190} INFO - [2025-02-12T23:25:10.543+0000] {dag.py:3239} INFO - Sync 1 DAGs
[2025-02-12T23:25:10.574+0000] {logging_mixin.py:190} INFO - [2025-02-12T23:25:10.574+0000] {dag.py:4180} INFO - Setting next_dagrun for tutorial_taskflow_templates to 2025-02-11 00:00:00+00:00, run_after=2025-02-12 00:00:00+00:00
[2025-02-12T23:25:10.598+0000] {processor.py:208} INFO - Processing /home/airflow/.local/lib/python3.12/site-packages/airflow/example_dags/tutorial_taskflow_templates.py took 0.105 seconds
[2025-02-12T23:25:41.535+0000] {processor.py:186} INFO - Started process (PID=550) to work on /home/airflow/.local/lib/python3.12/site-packages/airflow/example_dags/tutorial_taskflow_templates.py
[2025-02-12T23:25:41.538+0000] {processor.py:914} INFO - Processing file /home/airflow/.local/lib/python3.12/site-packages/airflow/example_dags/tutorial_taskflow_templates.py for tasks to queue
[2025-02-12T23:25:41.543+0000] {logging_mixin.py:190} INFO - [2025-02-12T23:25:41.543+0000] {dagbag.py:588} INFO - Filling up the DagBag from /home/airflow/.local/lib/python3.12/site-packages/airflow/example_dags/tutorial_taskflow_templates.py
[2025-02-12T23:25:41.561+0000] {processor.py:925} INFO - DAG(s) 'tutorial_taskflow_templates' retrieved from /home/airflow/.local/lib/python3.12/site-packages/airflow/example_dags/tutorial_taskflow_templates.py
[2025-02-12T23:25:41.585+0000] {logging_mixin.py:190} INFO - [2025-02-12T23:25:41.585+0000] {dag.py:3239} INFO - Sync 1 DAGs
[2025-02-12T23:25:41.617+0000] {logging_mixin.py:190} INFO - [2025-02-12T23:25:41.616+0000] {dag.py:4180} INFO - Setting next_dagrun for tutorial_taskflow_templates to 2025-02-11 00:00:00+00:00, run_after=2025-02-12 00:00:00+00:00
[2025-02-12T23:25:41.646+0000] {processor.py:208} INFO - Processing /home/airflow/.local/lib/python3.12/site-packages/airflow/example_dags/tutorial_taskflow_templates.py took 0.118 seconds
[2025-02-12T23:26:12.317+0000] {processor.py:186} INFO - Started process (PID=616) to work on /home/airflow/.local/lib/python3.12/site-packages/airflow/example_dags/tutorial_taskflow_templates.py
[2025-02-12T23:26:12.318+0000] {processor.py:914} INFO - Processing file /home/airflow/.local/lib/python3.12/site-packages/airflow/example_dags/tutorial_taskflow_templates.py for tasks to queue
[2025-02-12T23:26:12.325+0000] {logging_mixin.py:190} INFO - [2025-02-12T23:26:12.325+0000] {dagbag.py:588} INFO - Filling up the DagBag from /home/airflow/.local/lib/python3.12/site-packages/airflow/example_dags/tutorial_taskflow_templates.py
[2025-02-12T23:26:12.347+0000] {processor.py:925} INFO - DAG(s) 'tutorial_taskflow_templates' retrieved from /home/airflow/.local/lib/python3.12/site-packages/airflow/example_dags/tutorial_taskflow_templates.py
[2025-02-12T23:26:12.373+0000] {logging_mixin.py:190} INFO - [2025-02-12T23:26:12.373+0000] {dag.py:3239} INFO - Sync 1 DAGs
[2025-02-12T23:26:12.408+0000] {logging_mixin.py:190} INFO - [2025-02-12T23:26:12.408+0000] {dag.py:4180} INFO - Setting next_dagrun for tutorial_taskflow_templates to 2025-02-11 00:00:00+00:00, run_after=2025-02-12 00:00:00+00:00
[2025-02-12T23:26:12.439+0000] {processor.py:208} INFO - Processing /home/airflow/.local/lib/python3.12/site-packages/airflow/example_dags/tutorial_taskflow_templates.py took 0.130 seconds
[2025-02-12T23:26:43.226+0000] {processor.py:186} INFO - Started process (PID=682) to work on /home/airflow/.local/lib/python3.12/site-packages/airflow/example_dags/tutorial_taskflow_templates.py
[2025-02-12T23:26:43.228+0000] {processor.py:914} INFO - Processing file /home/airflow/.local/lib/python3.12/site-packages/airflow/example_dags/tutorial_taskflow_templates.py for tasks to queue
[2025-02-12T23:26:43.230+0000] {logging_mixin.py:190} INFO - [2025-02-12T23:26:43.230+0000] {dagbag.py:588} INFO - Filling up the DagBag from /home/airflow/.local/lib/python3.12/site-packages/airflow/example_dags/tutorial_taskflow_templates.py
[2025-02-12T23:26:43.252+0000] {processor.py:925} INFO - DAG(s) 'tutorial_taskflow_templates' retrieved from /home/airflow/.local/lib/python3.12/site-packages/airflow/example_dags/tutorial_taskflow_templates.py
[2025-02-12T23:26:43.281+0000] {logging_mixin.py:190} INFO - [2025-02-12T23:26:43.281+0000] {dag.py:3239} INFO - Sync 1 DAGs
[2025-02-12T23:26:43.323+0000] {logging_mixin.py:190} INFO - [2025-02-12T23:26:43.323+0000] {dag.py:4180} INFO - Setting next_dagrun for tutorial_taskflow_templates to 2025-02-11 00:00:00+00:00, run_after=2025-02-12 00:00:00+00:00
[2025-02-12T23:26:43.351+0000] {processor.py:208} INFO - Processing /home/airflow/.local/lib/python3.12/site-packages/airflow/example_dags/tutorial_taskflow_templates.py took 0.134 seconds
[2025-02-12T23:27:14.111+0000] {processor.py:186} INFO - Started process (PID=748) to work on /home/airflow/.local/lib/python3.12/site-packages/airflow/example_dags/tutorial_taskflow_templates.py
[2025-02-12T23:27:14.112+0000] {processor.py:914} INFO - Processing file /home/airflow/.local/lib/python3.12/site-packages/airflow/example_dags/tutorial_taskflow_templates.py for tasks to queue
[2025-02-12T23:27:14.115+0000] {logging_mixin.py:190} INFO - [2025-02-12T23:27:14.115+0000] {dagbag.py:588} INFO - Filling up the DagBag from /home/airflow/.local/lib/python3.12/site-packages/airflow/example_dags/tutorial_taskflow_templates.py
[2025-02-12T23:27:14.133+0000] {processor.py:925} INFO - DAG(s) 'tutorial_taskflow_templates' retrieved from /home/airflow/.local/lib/python3.12/site-packages/airflow/example_dags/tutorial_taskflow_templates.py
[2025-02-12T23:27:14.165+0000] {logging_mixin.py:190} INFO - [2025-02-12T23:27:14.164+0000] {dag.py:3239} INFO - Sync 1 DAGs
[2025-02-12T23:27:14.205+0000] {logging_mixin.py:190} INFO - [2025-02-12T23:27:14.205+0000] {dag.py:4180} INFO - Setting next_dagrun for tutorial_taskflow_templates to 2025-02-11 00:00:00+00:00, run_after=2025-02-12 00:00:00+00:00
[2025-02-12T23:27:14.236+0000] {processor.py:208} INFO - Processing /home/airflow/.local/lib/python3.12/site-packages/airflow/example_dags/tutorial_taskflow_templates.py took 0.133 seconds
[2025-02-12T23:27:45.353+0000] {processor.py:186} INFO - Started process (PID=814) to work on /home/airflow/.local/lib/python3.12/site-packages/airflow/example_dags/tutorial_taskflow_templates.py
[2025-02-12T23:27:45.354+0000] {processor.py:914} INFO - Processing file /home/airflow/.local/lib/python3.12/site-packages/airflow/example_dags/tutorial_taskflow_templates.py for tasks to queue
[2025-02-12T23:27:45.356+0000] {logging_mixin.py:190} INFO - [2025-02-12T23:27:45.356+0000] {dagbag.py:588} INFO - Filling up the DagBag from /home/airflow/.local/lib/python3.12/site-packages/airflow/example_dags/tutorial_taskflow_templates.py
[2025-02-12T23:27:45.372+0000] {processor.py:925} INFO - DAG(s) 'tutorial_taskflow_templates' retrieved from /home/airflow/.local/lib/python3.12/site-packages/airflow/example_dags/tutorial_taskflow_templates.py
[2025-02-12T23:27:45.394+0000] {logging_mixin.py:190} INFO - [2025-02-12T23:27:45.394+0000] {dag.py:3239} INFO - Sync 1 DAGs
[2025-02-12T23:27:45.451+0000] {logging_mixin.py:190} INFO - [2025-02-12T23:27:45.447+0000] {dag.py:4180} INFO - Setting next_dagrun for tutorial_taskflow_templates to 2025-02-11 00:00:00+00:00, run_after=2025-02-12 00:00:00+00:00
[2025-02-12T23:27:45.499+0000] {processor.py:208} INFO - Processing /home/airflow/.local/lib/python3.12/site-packages/airflow/example_dags/tutorial_taskflow_templates.py took 0.156 seconds
[2025-02-12T23:28:17.223+0000] {processor.py:186} INFO - Started process (PID=880) to work on /home/airflow/.local/lib/python3.12/site-packages/airflow/example_dags/tutorial_taskflow_templates.py
[2025-02-12T23:28:17.224+0000] {processor.py:914} INFO - Processing file /home/airflow/.local/lib/python3.12/site-packages/airflow/example_dags/tutorial_taskflow_templates.py for tasks to queue
[2025-02-12T23:28:17.237+0000] {logging_mixin.py:190} INFO - [2025-02-12T23:28:17.236+0000] {dagbag.py:588} INFO - Filling up the DagBag from /home/airflow/.local/lib/python3.12/site-packages/airflow/example_dags/tutorial_taskflow_templates.py
[2025-02-12T23:28:17.276+0000] {processor.py:925} INFO - DAG(s) 'tutorial_taskflow_templates' retrieved from /home/airflow/.local/lib/python3.12/site-packages/airflow/example_dags/tutorial_taskflow_templates.py
[2025-02-12T23:28:17.372+0000] {logging_mixin.py:190} INFO - [2025-02-12T23:28:17.372+0000] {dag.py:3239} INFO - Sync 1 DAGs
[2025-02-12T23:28:17.429+0000] {logging_mixin.py:190} INFO - [2025-02-12T23:28:17.428+0000] {dag.py:4180} INFO - Setting next_dagrun for tutorial_taskflow_templates to 2025-02-11 00:00:00+00:00, run_after=2025-02-12 00:00:00+00:00
[2025-02-12T23:28:17.475+0000] {processor.py:208} INFO - Processing /home/airflow/.local/lib/python3.12/site-packages/airflow/example_dags/tutorial_taskflow_templates.py took 0.265 seconds
[2025-02-12T23:28:48.352+0000] {processor.py:186} INFO - Started process (PID=947) to work on /home/airflow/.local/lib/python3.12/site-packages/airflow/example_dags/tutorial_taskflow_templates.py
[2025-02-12T23:28:48.353+0000] {processor.py:914} INFO - Processing file /home/airflow/.local/lib/python3.12/site-packages/airflow/example_dags/tutorial_taskflow_templates.py for tasks to queue
[2025-02-12T23:28:48.356+0000] {logging_mixin.py:190} INFO - [2025-02-12T23:28:48.355+0000] {dagbag.py:588} INFO - Filling up the DagBag from /home/airflow/.local/lib/python3.12/site-packages/airflow/example_dags/tutorial_taskflow_templates.py
[2025-02-12T23:28:48.372+0000] {processor.py:925} INFO - DAG(s) 'tutorial_taskflow_templates' retrieved from /home/airflow/.local/lib/python3.12/site-packages/airflow/example_dags/tutorial_taskflow_templates.py
[2025-02-12T23:28:48.427+0000] {logging_mixin.py:190} INFO - [2025-02-12T23:28:48.426+0000] {dag.py:3239} INFO - Sync 1 DAGs
[2025-02-12T23:28:48.493+0000] {logging_mixin.py:190} INFO - [2025-02-12T23:28:48.493+0000] {dag.py:4180} INFO - Setting next_dagrun for tutorial_taskflow_templates to 2025-02-11 00:00:00+00:00, run_after=2025-02-12 00:00:00+00:00
[2025-02-12T23:28:48.524+0000] {processor.py:208} INFO - Processing /home/airflow/.local/lib/python3.12/site-packages/airflow/example_dags/tutorial_taskflow_templates.py took 0.179 seconds
[2025-02-12T23:29:19.106+0000] {processor.py:186} INFO - Started process (PID=1013) to work on /home/airflow/.local/lib/python3.12/site-packages/airflow/example_dags/tutorial_taskflow_templates.py
[2025-02-12T23:29:19.108+0000] {processor.py:914} INFO - Processing file /home/airflow/.local/lib/python3.12/site-packages/airflow/example_dags/tutorial_taskflow_templates.py for tasks to queue
[2025-02-12T23:29:19.110+0000] {logging_mixin.py:190} INFO - [2025-02-12T23:29:19.110+0000] {dagbag.py:588} INFO - Filling up the DagBag from /home/airflow/.local/lib/python3.12/site-packages/airflow/example_dags/tutorial_taskflow_templates.py
[2025-02-12T23:29:19.129+0000] {processor.py:925} INFO - DAG(s) 'tutorial_taskflow_templates' retrieved from /home/airflow/.local/lib/python3.12/site-packages/airflow/example_dags/tutorial_taskflow_templates.py
[2025-02-12T23:29:19.154+0000] {logging_mixin.py:190} INFO - [2025-02-12T23:29:19.154+0000] {dag.py:3239} INFO - Sync 1 DAGs
[2025-02-12T23:29:19.202+0000] {logging_mixin.py:190} INFO - [2025-02-12T23:29:19.202+0000] {dag.py:4180} INFO - Setting next_dagrun for tutorial_taskflow_templates to 2025-02-11 00:00:00+00:00, run_after=2025-02-12 00:00:00+00:00
[2025-02-12T23:29:19.223+0000] {processor.py:208} INFO - Processing /home/airflow/.local/lib/python3.12/site-packages/airflow/example_dags/tutorial_taskflow_templates.py took 0.126 seconds
[2025-02-12T23:29:50.483+0000] {processor.py:186} INFO - Started process (PID=1079) to work on /home/airflow/.local/lib/python3.12/site-packages/airflow/example_dags/tutorial_taskflow_templates.py
[2025-02-12T23:29:50.485+0000] {processor.py:914} INFO - Processing file /home/airflow/.local/lib/python3.12/site-packages/airflow/example_dags/tutorial_taskflow_templates.py for tasks to queue
[2025-02-12T23:29:50.490+0000] {logging_mixin.py:190} INFO - [2025-02-12T23:29:50.490+0000] {dagbag.py:588} INFO - Filling up the DagBag from /home/airflow/.local/lib/python3.12/site-packages/airflow/example_dags/tutorial_taskflow_templates.py
[2025-02-12T23:29:50.512+0000] {processor.py:925} INFO - DAG(s) 'tutorial_taskflow_templates' retrieved from /home/airflow/.local/lib/python3.12/site-packages/airflow/example_dags/tutorial_taskflow_templates.py
[2025-02-12T23:29:50.572+0000] {logging_mixin.py:190} INFO - [2025-02-12T23:29:50.571+0000] {dag.py:3239} INFO - Sync 1 DAGs
[2025-02-12T23:29:50.613+0000] {logging_mixin.py:190} INFO - [2025-02-12T23:29:50.613+0000] {dag.py:4180} INFO - Setting next_dagrun for tutorial_taskflow_templates to 2025-02-11 00:00:00+00:00, run_after=2025-02-12 00:00:00+00:00
[2025-02-12T23:29:50.646+0000] {processor.py:208} INFO - Processing /home/airflow/.local/lib/python3.12/site-packages/airflow/example_dags/tutorial_taskflow_templates.py took 0.170 seconds
[2025-02-12T23:30:21.608+0000] {processor.py:186} INFO - Started process (PID=1145) to work on /home/airflow/.local/lib/python3.12/site-packages/airflow/example_dags/tutorial_taskflow_templates.py
[2025-02-12T23:30:21.609+0000] {processor.py:914} INFO - Processing file /home/airflow/.local/lib/python3.12/site-packages/airflow/example_dags/tutorial_taskflow_templates.py for tasks to queue
[2025-02-12T23:30:21.612+0000] {logging_mixin.py:190} INFO - [2025-02-12T23:30:21.612+0000] {dagbag.py:588} INFO - Filling up the DagBag from /home/airflow/.local/lib/python3.12/site-packages/airflow/example_dags/tutorial_taskflow_templates.py
[2025-02-12T23:30:21.625+0000] {processor.py:925} INFO - DAG(s) 'tutorial_taskflow_templates' retrieved from /home/airflow/.local/lib/python3.12/site-packages/airflow/example_dags/tutorial_taskflow_templates.py
[2025-02-12T23:30:21.650+0000] {logging_mixin.py:190} INFO - [2025-02-12T23:30:21.650+0000] {dag.py:3239} INFO - Sync 1 DAGs
[2025-02-12T23:30:21.678+0000] {logging_mixin.py:190} INFO - [2025-02-12T23:30:21.678+0000] {dag.py:4180} INFO - Setting next_dagrun for tutorial_taskflow_templates to 2025-02-11 00:00:00+00:00, run_after=2025-02-12 00:00:00+00:00
[2025-02-12T23:30:21.703+0000] {processor.py:208} INFO - Processing /home/airflow/.local/lib/python3.12/site-packages/airflow/example_dags/tutorial_taskflow_templates.py took 0.099 seconds
[2025-02-12T23:30:53.209+0000] {processor.py:186} INFO - Started process (PID=1211) to work on /home/airflow/.local/lib/python3.12/site-packages/airflow/example_dags/tutorial_taskflow_templates.py
[2025-02-12T23:30:53.210+0000] {processor.py:914} INFO - Processing file /home/airflow/.local/lib/python3.12/site-packages/airflow/example_dags/tutorial_taskflow_templates.py for tasks to queue
[2025-02-12T23:30:53.216+0000] {logging_mixin.py:190} INFO - [2025-02-12T23:30:53.213+0000] {dagbag.py:588} INFO - Filling up the DagBag from /home/airflow/.local/lib/python3.12/site-packages/airflow/example_dags/tutorial_taskflow_templates.py
[2025-02-12T23:30:53.237+0000] {processor.py:925} INFO - DAG(s) 'tutorial_taskflow_templates' retrieved from /home/airflow/.local/lib/python3.12/site-packages/airflow/example_dags/tutorial_taskflow_templates.py
[2025-02-12T23:30:53.261+0000] {logging_mixin.py:190} INFO - [2025-02-12T23:30:53.261+0000] {dag.py:3239} INFO - Sync 1 DAGs
[2025-02-12T23:30:53.293+0000] {logging_mixin.py:190} INFO - [2025-02-12T23:30:53.293+0000] {dag.py:4180} INFO - Setting next_dagrun for tutorial_taskflow_templates to 2025-02-11 00:00:00+00:00, run_after=2025-02-12 00:00:00+00:00
[2025-02-12T23:30:53.315+0000] {processor.py:208} INFO - Processing /home/airflow/.local/lib/python3.12/site-packages/airflow/example_dags/tutorial_taskflow_templates.py took 0.114 seconds
[2025-02-12T23:31:24.282+0000] {processor.py:186} INFO - Started process (PID=1277) to work on /home/airflow/.local/lib/python3.12/site-packages/airflow/example_dags/tutorial_taskflow_templates.py
[2025-02-12T23:31:24.283+0000] {processor.py:914} INFO - Processing file /home/airflow/.local/lib/python3.12/site-packages/airflow/example_dags/tutorial_taskflow_templates.py for tasks to queue
[2025-02-12T23:31:24.285+0000] {logging_mixin.py:190} INFO - [2025-02-12T23:31:24.285+0000] {dagbag.py:588} INFO - Filling up the DagBag from /home/airflow/.local/lib/python3.12/site-packages/airflow/example_dags/tutorial_taskflow_templates.py
[2025-02-12T23:31:24.300+0000] {processor.py:925} INFO - DAG(s) 'tutorial_taskflow_templates' retrieved from /home/airflow/.local/lib/python3.12/site-packages/airflow/example_dags/tutorial_taskflow_templates.py
[2025-02-12T23:31:24.328+0000] {logging_mixin.py:190} INFO - [2025-02-12T23:31:24.328+0000] {dag.py:3239} INFO - Sync 1 DAGs
[2025-02-12T23:31:24.356+0000] {logging_mixin.py:190} INFO - [2025-02-12T23:31:24.355+0000] {dag.py:4180} INFO - Setting next_dagrun for tutorial_taskflow_templates to 2025-02-11 00:00:00+00:00, run_after=2025-02-12 00:00:00+00:00
[2025-02-12T23:31:24.377+0000] {processor.py:208} INFO - Processing /home/airflow/.local/lib/python3.12/site-packages/airflow/example_dags/tutorial_taskflow_templates.py took 0.103 seconds
[2025-02-12T23:31:57.656+0000] {processor.py:186} INFO - Started process (PID=1349) to work on /home/airflow/.local/lib/python3.12/site-packages/airflow/example_dags/tutorial_taskflow_templates.py
[2025-02-12T23:31:57.674+0000] {processor.py:914} INFO - Processing file /home/airflow/.local/lib/python3.12/site-packages/airflow/example_dags/tutorial_taskflow_templates.py for tasks to queue
[2025-02-12T23:31:57.704+0000] {logging_mixin.py:190} INFO - [2025-02-12T23:31:57.703+0000] {dagbag.py:588} INFO - Filling up the DagBag from /home/airflow/.local/lib/python3.12/site-packages/airflow/example_dags/tutorial_taskflow_templates.py
[2025-02-12T23:31:57.769+0000] {processor.py:925} INFO - DAG(s) 'tutorial_taskflow_templates' retrieved from /home/airflow/.local/lib/python3.12/site-packages/airflow/example_dags/tutorial_taskflow_templates.py
[2025-02-12T23:31:57.846+0000] {logging_mixin.py:190} INFO - [2025-02-12T23:31:57.846+0000] {dag.py:3239} INFO - Sync 1 DAGs
[2025-02-12T23:31:57.947+0000] {logging_mixin.py:190} INFO - [2025-02-12T23:31:57.947+0000] {dag.py:4180} INFO - Setting next_dagrun for tutorial_taskflow_templates to 2025-02-11 00:00:00+00:00, run_after=2025-02-12 00:00:00+00:00
[2025-02-12T23:31:58.005+0000] {processor.py:208} INFO - Processing /home/airflow/.local/lib/python3.12/site-packages/airflow/example_dags/tutorial_taskflow_templates.py took 0.366 seconds
[2025-02-12T23:32:28.979+0000] {processor.py:186} INFO - Started process (PID=1415) to work on /home/airflow/.local/lib/python3.12/site-packages/airflow/example_dags/tutorial_taskflow_templates.py
[2025-02-12T23:32:28.980+0000] {processor.py:914} INFO - Processing file /home/airflow/.local/lib/python3.12/site-packages/airflow/example_dags/tutorial_taskflow_templates.py for tasks to queue
[2025-02-12T23:32:28.983+0000] {logging_mixin.py:190} INFO - [2025-02-12T23:32:28.983+0000] {dagbag.py:588} INFO - Filling up the DagBag from /home/airflow/.local/lib/python3.12/site-packages/airflow/example_dags/tutorial_taskflow_templates.py
[2025-02-12T23:32:29.001+0000] {processor.py:925} INFO - DAG(s) 'tutorial_taskflow_templates' retrieved from /home/airflow/.local/lib/python3.12/site-packages/airflow/example_dags/tutorial_taskflow_templates.py
[2025-02-12T23:32:29.024+0000] {logging_mixin.py:190} INFO - [2025-02-12T23:32:29.024+0000] {dag.py:3239} INFO - Sync 1 DAGs
[2025-02-12T23:32:29.055+0000] {logging_mixin.py:190} INFO - [2025-02-12T23:32:29.054+0000] {dag.py:4180} INFO - Setting next_dagrun for tutorial_taskflow_templates to 2025-02-11 00:00:00+00:00, run_after=2025-02-12 00:00:00+00:00
[2025-02-12T23:32:29.076+0000] {processor.py:208} INFO - Processing /home/airflow/.local/lib/python3.12/site-packages/airflow/example_dags/tutorial_taskflow_templates.py took 0.103 seconds
[2025-02-12T23:32:59.530+0000] {processor.py:186} INFO - Started process (PID=1481) to work on /home/airflow/.local/lib/python3.12/site-packages/airflow/example_dags/tutorial_taskflow_templates.py
[2025-02-12T23:32:59.531+0000] {processor.py:914} INFO - Processing file /home/airflow/.local/lib/python3.12/site-packages/airflow/example_dags/tutorial_taskflow_templates.py for tasks to queue
[2025-02-12T23:32:59.534+0000] {logging_mixin.py:190} INFO - [2025-02-12T23:32:59.533+0000] {dagbag.py:588} INFO - Filling up the DagBag from /home/airflow/.local/lib/python3.12/site-packages/airflow/example_dags/tutorial_taskflow_templates.py
[2025-02-12T23:32:59.551+0000] {processor.py:925} INFO - DAG(s) 'tutorial_taskflow_templates' retrieved from /home/airflow/.local/lib/python3.12/site-packages/airflow/example_dags/tutorial_taskflow_templates.py
[2025-02-12T23:32:59.583+0000] {logging_mixin.py:190} INFO - [2025-02-12T23:32:59.583+0000] {dag.py:3239} INFO - Sync 1 DAGs
[2025-02-12T23:32:59.617+0000] {logging_mixin.py:190} INFO - [2025-02-12T23:32:59.617+0000] {dag.py:4180} INFO - Setting next_dagrun for tutorial_taskflow_templates to 2025-02-11 00:00:00+00:00, run_after=2025-02-12 00:00:00+00:00
[2025-02-12T23:32:59.642+0000] {processor.py:208} INFO - Processing /home/airflow/.local/lib/python3.12/site-packages/airflow/example_dags/tutorial_taskflow_templates.py took 0.121 seconds
[2025-02-12T23:33:30.267+0000] {processor.py:186} INFO - Started process (PID=1547) to work on /home/airflow/.local/lib/python3.12/site-packages/airflow/example_dags/tutorial_taskflow_templates.py
[2025-02-12T23:33:30.268+0000] {processor.py:914} INFO - Processing file /home/airflow/.local/lib/python3.12/site-packages/airflow/example_dags/tutorial_taskflow_templates.py for tasks to queue
[2025-02-12T23:33:30.271+0000] {logging_mixin.py:190} INFO - [2025-02-12T23:33:30.270+0000] {dagbag.py:588} INFO - Filling up the DagBag from /home/airflow/.local/lib/python3.12/site-packages/airflow/example_dags/tutorial_taskflow_templates.py
[2025-02-12T23:33:30.297+0000] {processor.py:925} INFO - DAG(s) 'tutorial_taskflow_templates' retrieved from /home/airflow/.local/lib/python3.12/site-packages/airflow/example_dags/tutorial_taskflow_templates.py
[2025-02-12T23:33:30.331+0000] {logging_mixin.py:190} INFO - [2025-02-12T23:33:30.330+0000] {dag.py:3239} INFO - Sync 1 DAGs
[2025-02-12T23:33:30.370+0000] {logging_mixin.py:190} INFO - [2025-02-12T23:33:30.370+0000] {dag.py:4180} INFO - Setting next_dagrun for tutorial_taskflow_templates to 2025-02-11 00:00:00+00:00, run_after=2025-02-12 00:00:00+00:00
[2025-02-12T23:33:30.391+0000] {processor.py:208} INFO - Processing /home/airflow/.local/lib/python3.12/site-packages/airflow/example_dags/tutorial_taskflow_templates.py took 0.134 seconds
[2025-02-12T23:34:01.882+0000] {processor.py:186} INFO - Started process (PID=1613) to work on /home/airflow/.local/lib/python3.12/site-packages/airflow/example_dags/tutorial_taskflow_templates.py
[2025-02-12T23:34:01.883+0000] {processor.py:914} INFO - Processing file /home/airflow/.local/lib/python3.12/site-packages/airflow/example_dags/tutorial_taskflow_templates.py for tasks to queue
[2025-02-12T23:34:01.886+0000] {logging_mixin.py:190} INFO - [2025-02-12T23:34:01.886+0000] {dagbag.py:588} INFO - Filling up the DagBag from /home/airflow/.local/lib/python3.12/site-packages/airflow/example_dags/tutorial_taskflow_templates.py
[2025-02-12T23:34:01.906+0000] {processor.py:925} INFO - DAG(s) 'tutorial_taskflow_templates' retrieved from /home/airflow/.local/lib/python3.12/site-packages/airflow/example_dags/tutorial_taskflow_templates.py
[2025-02-12T23:34:01.940+0000] {logging_mixin.py:190} INFO - [2025-02-12T23:34:01.939+0000] {dag.py:3239} INFO - Sync 1 DAGs
[2025-02-12T23:34:01.974+0000] {logging_mixin.py:190} INFO - [2025-02-12T23:34:01.974+0000] {dag.py:4180} INFO - Setting next_dagrun for tutorial_taskflow_templates to 2025-02-11 00:00:00+00:00, run_after=2025-02-12 00:00:00+00:00
[2025-02-12T23:34:02.003+0000] {processor.py:208} INFO - Processing /home/airflow/.local/lib/python3.12/site-packages/airflow/example_dags/tutorial_taskflow_templates.py took 0.132 seconds
[2025-02-12T23:34:36.564+0000] {processor.py:186} INFO - Started process (PID=1684) to work on /home/airflow/.local/lib/python3.12/site-packages/airflow/example_dags/tutorial_taskflow_templates.py
[2025-02-12T23:34:36.565+0000] {processor.py:914} INFO - Processing file /home/airflow/.local/lib/python3.12/site-packages/airflow/example_dags/tutorial_taskflow_templates.py for tasks to queue
[2025-02-12T23:34:36.568+0000] {logging_mixin.py:190} INFO - [2025-02-12T23:34:36.567+0000] {dagbag.py:588} INFO - Filling up the DagBag from /home/airflow/.local/lib/python3.12/site-packages/airflow/example_dags/tutorial_taskflow_templates.py
[2025-02-12T23:34:36.582+0000] {processor.py:925} INFO - DAG(s) 'tutorial_taskflow_templates' retrieved from /home/airflow/.local/lib/python3.12/site-packages/airflow/example_dags/tutorial_taskflow_templates.py
[2025-02-12T23:34:36.604+0000] {logging_mixin.py:190} INFO - [2025-02-12T23:34:36.603+0000] {dag.py:3239} INFO - Sync 1 DAGs
[2025-02-12T23:34:36.641+0000] {logging_mixin.py:190} INFO - [2025-02-12T23:34:36.641+0000] {dag.py:4180} INFO - Setting next_dagrun for tutorial_taskflow_templates to 2025-02-11 00:00:00+00:00, run_after=2025-02-12 00:00:00+00:00
[2025-02-12T23:34:36.664+0000] {processor.py:208} INFO - Processing /home/airflow/.local/lib/python3.12/site-packages/airflow/example_dags/tutorial_taskflow_templates.py took 0.106 seconds
[2025-02-12T23:35:14.491+0000] {processor.py:186} INFO - Started process (PID=1758) to work on /home/airflow/.local/lib/python3.12/site-packages/airflow/example_dags/tutorial_taskflow_templates.py
[2025-02-12T23:35:14.493+0000] {processor.py:914} INFO - Processing file /home/airflow/.local/lib/python3.12/site-packages/airflow/example_dags/tutorial_taskflow_templates.py for tasks to queue
[2025-02-12T23:35:14.497+0000] {logging_mixin.py:190} INFO - [2025-02-12T23:35:14.496+0000] {dagbag.py:588} INFO - Filling up the DagBag from /home/airflow/.local/lib/python3.12/site-packages/airflow/example_dags/tutorial_taskflow_templates.py
[2025-02-12T23:35:14.514+0000] {processor.py:925} INFO - DAG(s) 'tutorial_taskflow_templates' retrieved from /home/airflow/.local/lib/python3.12/site-packages/airflow/example_dags/tutorial_taskflow_templates.py
[2025-02-12T23:35:14.540+0000] {logging_mixin.py:190} INFO - [2025-02-12T23:35:14.540+0000] {dag.py:3239} INFO - Sync 1 DAGs
[2025-02-12T23:35:14.583+0000] {logging_mixin.py:190} INFO - [2025-02-12T23:35:14.583+0000] {dag.py:4180} INFO - Setting next_dagrun for tutorial_taskflow_templates to 2025-02-11 00:00:00+00:00, run_after=2025-02-12 00:00:00+00:00
[2025-02-12T23:35:14.617+0000] {processor.py:208} INFO - Processing /home/airflow/.local/lib/python3.12/site-packages/airflow/example_dags/tutorial_taskflow_templates.py took 0.133 seconds
[2025-02-12T23:35:44.872+0000] {processor.py:186} INFO - Started process (PID=1825) to work on /home/airflow/.local/lib/python3.12/site-packages/airflow/example_dags/tutorial_taskflow_templates.py
[2025-02-12T23:35:44.873+0000] {processor.py:914} INFO - Processing file /home/airflow/.local/lib/python3.12/site-packages/airflow/example_dags/tutorial_taskflow_templates.py for tasks to queue
[2025-02-12T23:35:44.878+0000] {logging_mixin.py:190} INFO - [2025-02-12T23:35:44.877+0000] {dagbag.py:588} INFO - Filling up the DagBag from /home/airflow/.local/lib/python3.12/site-packages/airflow/example_dags/tutorial_taskflow_templates.py
[2025-02-12T23:35:44.896+0000] {processor.py:925} INFO - DAG(s) 'tutorial_taskflow_templates' retrieved from /home/airflow/.local/lib/python3.12/site-packages/airflow/example_dags/tutorial_taskflow_templates.py
[2025-02-12T23:35:44.926+0000] {logging_mixin.py:190} INFO - [2025-02-12T23:35:44.925+0000] {dag.py:3239} INFO - Sync 1 DAGs
[2025-02-12T23:35:44.968+0000] {logging_mixin.py:190} INFO - [2025-02-12T23:35:44.967+0000] {dag.py:4180} INFO - Setting next_dagrun for tutorial_taskflow_templates to 2025-02-11 00:00:00+00:00, run_after=2025-02-12 00:00:00+00:00
[2025-02-12T23:35:45.007+0000] {processor.py:208} INFO - Processing /home/airflow/.local/lib/python3.12/site-packages/airflow/example_dags/tutorial_taskflow_templates.py took 0.142 seconds
[2025-02-12T23:36:16.013+0000] {processor.py:186} INFO - Started process (PID=1891) to work on /home/airflow/.local/lib/python3.12/site-packages/airflow/example_dags/tutorial_taskflow_templates.py
[2025-02-12T23:36:16.014+0000] {processor.py:914} INFO - Processing file /home/airflow/.local/lib/python3.12/site-packages/airflow/example_dags/tutorial_taskflow_templates.py for tasks to queue
[2025-02-12T23:36:16.026+0000] {logging_mixin.py:190} INFO - [2025-02-12T23:36:16.025+0000] {dagbag.py:588} INFO - Filling up the DagBag from /home/airflow/.local/lib/python3.12/site-packages/airflow/example_dags/tutorial_taskflow_templates.py
[2025-02-12T23:36:16.079+0000] {processor.py:925} INFO - DAG(s) 'tutorial_taskflow_templates' retrieved from /home/airflow/.local/lib/python3.12/site-packages/airflow/example_dags/tutorial_taskflow_templates.py
[2025-02-12T23:36:16.135+0000] {logging_mixin.py:190} INFO - [2025-02-12T23:36:16.134+0000] {dag.py:3239} INFO - Sync 1 DAGs
[2025-02-12T23:36:16.235+0000] {logging_mixin.py:190} INFO - [2025-02-12T23:36:16.235+0000] {dag.py:4180} INFO - Setting next_dagrun for tutorial_taskflow_templates to 2025-02-11 00:00:00+00:00, run_after=2025-02-12 00:00:00+00:00
[2025-02-12T23:36:16.304+0000] {processor.py:208} INFO - Processing /home/airflow/.local/lib/python3.12/site-packages/airflow/example_dags/tutorial_taskflow_templates.py took 0.300 seconds
[2025-02-12T23:36:46.480+0000] {processor.py:186} INFO - Started process (PID=1957) to work on /home/airflow/.local/lib/python3.12/site-packages/airflow/example_dags/tutorial_taskflow_templates.py
[2025-02-12T23:36:46.481+0000] {processor.py:914} INFO - Processing file /home/airflow/.local/lib/python3.12/site-packages/airflow/example_dags/tutorial_taskflow_templates.py for tasks to queue
[2025-02-12T23:36:46.484+0000] {logging_mixin.py:190} INFO - [2025-02-12T23:36:46.483+0000] {dagbag.py:588} INFO - Filling up the DagBag from /home/airflow/.local/lib/python3.12/site-packages/airflow/example_dags/tutorial_taskflow_templates.py
[2025-02-12T23:36:46.501+0000] {processor.py:925} INFO - DAG(s) 'tutorial_taskflow_templates' retrieved from /home/airflow/.local/lib/python3.12/site-packages/airflow/example_dags/tutorial_taskflow_templates.py
[2025-02-12T23:36:46.526+0000] {logging_mixin.py:190} INFO - [2025-02-12T23:36:46.525+0000] {dag.py:3239} INFO - Sync 1 DAGs
[2025-02-12T23:36:46.551+0000] {logging_mixin.py:190} INFO - [2025-02-12T23:36:46.550+0000] {dag.py:4180} INFO - Setting next_dagrun for tutorial_taskflow_templates to 2025-02-11 00:00:00+00:00, run_after=2025-02-12 00:00:00+00:00
[2025-02-12T23:36:46.568+0000] {processor.py:208} INFO - Processing /home/airflow/.local/lib/python3.12/site-packages/airflow/example_dags/tutorial_taskflow_templates.py took 0.095 seconds
[2025-02-12T23:37:16.663+0000] {processor.py:186} INFO - Started process (PID=2023) to work on /home/airflow/.local/lib/python3.12/site-packages/airflow/example_dags/tutorial_taskflow_templates.py
[2025-02-12T23:37:16.664+0000] {processor.py:914} INFO - Processing file /home/airflow/.local/lib/python3.12/site-packages/airflow/example_dags/tutorial_taskflow_templates.py for tasks to queue
[2025-02-12T23:37:16.667+0000] {logging_mixin.py:190} INFO - [2025-02-12T23:37:16.667+0000] {dagbag.py:588} INFO - Filling up the DagBag from /home/airflow/.local/lib/python3.12/site-packages/airflow/example_dags/tutorial_taskflow_templates.py
[2025-02-12T23:37:16.680+0000] {processor.py:925} INFO - DAG(s) 'tutorial_taskflow_templates' retrieved from /home/airflow/.local/lib/python3.12/site-packages/airflow/example_dags/tutorial_taskflow_templates.py
[2025-02-12T23:37:16.699+0000] {logging_mixin.py:190} INFO - [2025-02-12T23:37:16.698+0000] {dag.py:3239} INFO - Sync 1 DAGs
[2025-02-12T23:37:16.723+0000] {logging_mixin.py:190} INFO - [2025-02-12T23:37:16.723+0000] {dag.py:4180} INFO - Setting next_dagrun for tutorial_taskflow_templates to 2025-02-11 00:00:00+00:00, run_after=2025-02-12 00:00:00+00:00
[2025-02-12T23:37:16.740+0000] {processor.py:208} INFO - Processing /home/airflow/.local/lib/python3.12/site-packages/airflow/example_dags/tutorial_taskflow_templates.py took 0.084 seconds
[2025-02-12T23:37:46.831+0000] {processor.py:186} INFO - Started process (PID=2090) to work on /home/airflow/.local/lib/python3.12/site-packages/airflow/example_dags/tutorial_taskflow_templates.py
[2025-02-12T23:37:46.833+0000] {processor.py:914} INFO - Processing file /home/airflow/.local/lib/python3.12/site-packages/airflow/example_dags/tutorial_taskflow_templates.py for tasks to queue
[2025-02-12T23:37:46.835+0000] {logging_mixin.py:190} INFO - [2025-02-12T23:37:46.835+0000] {dagbag.py:588} INFO - Filling up the DagBag from /home/airflow/.local/lib/python3.12/site-packages/airflow/example_dags/tutorial_taskflow_templates.py
[2025-02-12T23:37:46.853+0000] {processor.py:925} INFO - DAG(s) 'tutorial_taskflow_templates' retrieved from /home/airflow/.local/lib/python3.12/site-packages/airflow/example_dags/tutorial_taskflow_templates.py
[2025-02-12T23:37:46.877+0000] {logging_mixin.py:190} INFO - [2025-02-12T23:37:46.877+0000] {dag.py:3239} INFO - Sync 1 DAGs
[2025-02-12T23:37:46.922+0000] {logging_mixin.py:190} INFO - [2025-02-12T23:37:46.922+0000] {dag.py:4180} INFO - Setting next_dagrun for tutorial_taskflow_templates to 2025-02-11 00:00:00+00:00, run_after=2025-02-12 00:00:00+00:00
[2025-02-12T23:37:46.967+0000] {processor.py:208} INFO - Processing /home/airflow/.local/lib/python3.12/site-packages/airflow/example_dags/tutorial_taskflow_templates.py took 0.143 seconds
[2025-02-12T23:38:18.287+0000] {processor.py:186} INFO - Started process (PID=2155) to work on /home/airflow/.local/lib/python3.12/site-packages/airflow/example_dags/tutorial_taskflow_templates.py
[2025-02-12T23:38:18.288+0000] {processor.py:914} INFO - Processing file /home/airflow/.local/lib/python3.12/site-packages/airflow/example_dags/tutorial_taskflow_templates.py for tasks to queue
[2025-02-12T23:38:18.291+0000] {logging_mixin.py:190} INFO - [2025-02-12T23:38:18.291+0000] {dagbag.py:588} INFO - Filling up the DagBag from /home/airflow/.local/lib/python3.12/site-packages/airflow/example_dags/tutorial_taskflow_templates.py
[2025-02-12T23:38:18.306+0000] {processor.py:925} INFO - DAG(s) 'tutorial_taskflow_templates' retrieved from /home/airflow/.local/lib/python3.12/site-packages/airflow/example_dags/tutorial_taskflow_templates.py
[2025-02-12T23:38:18.333+0000] {logging_mixin.py:190} INFO - [2025-02-12T23:38:18.333+0000] {dag.py:3239} INFO - Sync 1 DAGs
[2025-02-12T23:38:18.362+0000] {logging_mixin.py:190} INFO - [2025-02-12T23:38:18.362+0000] {dag.py:4180} INFO - Setting next_dagrun for tutorial_taskflow_templates to 2025-02-11 00:00:00+00:00, run_after=2025-02-12 00:00:00+00:00
[2025-02-12T23:38:18.383+0000] {processor.py:208} INFO - Processing /home/airflow/.local/lib/python3.12/site-packages/airflow/example_dags/tutorial_taskflow_templates.py took 0.102 seconds
[2025-02-12T23:38:49.468+0000] {processor.py:186} INFO - Started process (PID=2221) to work on /home/airflow/.local/lib/python3.12/site-packages/airflow/example_dags/tutorial_taskflow_templates.py
[2025-02-12T23:38:49.470+0000] {processor.py:914} INFO - Processing file /home/airflow/.local/lib/python3.12/site-packages/airflow/example_dags/tutorial_taskflow_templates.py for tasks to queue
[2025-02-12T23:38:49.473+0000] {logging_mixin.py:190} INFO - [2025-02-12T23:38:49.472+0000] {dagbag.py:588} INFO - Filling up the DagBag from /home/airflow/.local/lib/python3.12/site-packages/airflow/example_dags/tutorial_taskflow_templates.py
[2025-02-12T23:38:49.488+0000] {processor.py:925} INFO - DAG(s) 'tutorial_taskflow_templates' retrieved from /home/airflow/.local/lib/python3.12/site-packages/airflow/example_dags/tutorial_taskflow_templates.py
[2025-02-12T23:38:49.509+0000] {logging_mixin.py:190} INFO - [2025-02-12T23:38:49.509+0000] {dag.py:3239} INFO - Sync 1 DAGs
[2025-02-12T23:38:49.543+0000] {logging_mixin.py:190} INFO - [2025-02-12T23:38:49.543+0000] {dag.py:4180} INFO - Setting next_dagrun for tutorial_taskflow_templates to 2025-02-11 00:00:00+00:00, run_after=2025-02-12 00:00:00+00:00
[2025-02-12T23:38:49.564+0000] {processor.py:208} INFO - Processing /home/airflow/.local/lib/python3.12/site-packages/airflow/example_dags/tutorial_taskflow_templates.py took 0.103 seconds
[2025-02-12T23:39:21.269+0000] {processor.py:186} INFO - Started process (PID=2289) to work on /home/airflow/.local/lib/python3.12/site-packages/airflow/example_dags/tutorial_taskflow_templates.py
[2025-02-12T23:39:21.270+0000] {processor.py:914} INFO - Processing file /home/airflow/.local/lib/python3.12/site-packages/airflow/example_dags/tutorial_taskflow_templates.py for tasks to queue
[2025-02-12T23:39:21.275+0000] {logging_mixin.py:190} INFO - [2025-02-12T23:39:21.274+0000] {dagbag.py:588} INFO - Filling up the DagBag from /home/airflow/.local/lib/python3.12/site-packages/airflow/example_dags/tutorial_taskflow_templates.py
[2025-02-12T23:39:21.299+0000] {processor.py:925} INFO - DAG(s) 'tutorial_taskflow_templates' retrieved from /home/airflow/.local/lib/python3.12/site-packages/airflow/example_dags/tutorial_taskflow_templates.py
[2025-02-12T23:39:21.336+0000] {logging_mixin.py:190} INFO - [2025-02-12T23:39:21.336+0000] {dag.py:3239} INFO - Sync 1 DAGs
[2025-02-12T23:39:21.377+0000] {logging_mixin.py:190} INFO - [2025-02-12T23:39:21.376+0000] {dag.py:4180} INFO - Setting next_dagrun for tutorial_taskflow_templates to 2025-02-11 00:00:00+00:00, run_after=2025-02-12 00:00:00+00:00
[2025-02-12T23:39:21.398+0000] {processor.py:208} INFO - Processing /home/airflow/.local/lib/python3.12/site-packages/airflow/example_dags/tutorial_taskflow_templates.py took 0.146 seconds
[2025-02-12T23:39:52.672+0000] {processor.py:186} INFO - Started process (PID=2355) to work on /home/airflow/.local/lib/python3.12/site-packages/airflow/example_dags/tutorial_taskflow_templates.py
[2025-02-12T23:39:52.673+0000] {processor.py:914} INFO - Processing file /home/airflow/.local/lib/python3.12/site-packages/airflow/example_dags/tutorial_taskflow_templates.py for tasks to queue
[2025-02-12T23:39:52.676+0000] {logging_mixin.py:190} INFO - [2025-02-12T23:39:52.676+0000] {dagbag.py:588} INFO - Filling up the DagBag from /home/airflow/.local/lib/python3.12/site-packages/airflow/example_dags/tutorial_taskflow_templates.py
[2025-02-12T23:39:52.694+0000] {processor.py:925} INFO - DAG(s) 'tutorial_taskflow_templates' retrieved from /home/airflow/.local/lib/python3.12/site-packages/airflow/example_dags/tutorial_taskflow_templates.py
[2025-02-12T23:39:52.725+0000] {logging_mixin.py:190} INFO - [2025-02-12T23:39:52.724+0000] {dag.py:3239} INFO - Sync 1 DAGs
[2025-02-12T23:39:52.750+0000] {logging_mixin.py:190} INFO - [2025-02-12T23:39:52.750+0000] {dag.py:4180} INFO - Setting next_dagrun for tutorial_taskflow_templates to 2025-02-11 00:00:00+00:00, run_after=2025-02-12 00:00:00+00:00
[2025-02-12T23:39:52.769+0000] {processor.py:208} INFO - Processing /home/airflow/.local/lib/python3.12/site-packages/airflow/example_dags/tutorial_taskflow_templates.py took 0.104 seconds
[2025-02-12T23:40:23.994+0000] {processor.py:186} INFO - Started process (PID=2421) to work on /home/airflow/.local/lib/python3.12/site-packages/airflow/example_dags/tutorial_taskflow_templates.py
[2025-02-12T23:40:23.995+0000] {processor.py:914} INFO - Processing file /home/airflow/.local/lib/python3.12/site-packages/airflow/example_dags/tutorial_taskflow_templates.py for tasks to queue
[2025-02-12T23:40:23.998+0000] {logging_mixin.py:190} INFO - [2025-02-12T23:40:23.997+0000] {dagbag.py:588} INFO - Filling up the DagBag from /home/airflow/.local/lib/python3.12/site-packages/airflow/example_dags/tutorial_taskflow_templates.py
[2025-02-12T23:40:24.015+0000] {processor.py:925} INFO - DAG(s) 'tutorial_taskflow_templates' retrieved from /home/airflow/.local/lib/python3.12/site-packages/airflow/example_dags/tutorial_taskflow_templates.py
[2025-02-12T23:40:24.046+0000] {logging_mixin.py:190} INFO - [2025-02-12T23:40:24.046+0000] {dag.py:3239} INFO - Sync 1 DAGs
[2025-02-12T23:40:24.083+0000] {logging_mixin.py:190} INFO - [2025-02-12T23:40:24.082+0000] {dag.py:4180} INFO - Setting next_dagrun for tutorial_taskflow_templates to 2025-02-11 00:00:00+00:00, run_after=2025-02-12 00:00:00+00:00
[2025-02-12T23:40:24.103+0000] {processor.py:208} INFO - Processing /home/airflow/.local/lib/python3.12/site-packages/airflow/example_dags/tutorial_taskflow_templates.py took 0.118 seconds
[2025-02-12T23:40:56.134+0000] {processor.py:186} INFO - Started process (PID=2491) to work on /home/airflow/.local/lib/python3.12/site-packages/airflow/example_dags/tutorial_taskflow_templates.py
[2025-02-12T23:40:56.135+0000] {processor.py:914} INFO - Processing file /home/airflow/.local/lib/python3.12/site-packages/airflow/example_dags/tutorial_taskflow_templates.py for tasks to queue
[2025-02-12T23:40:56.138+0000] {logging_mixin.py:190} INFO - [2025-02-12T23:40:56.137+0000] {dagbag.py:588} INFO - Filling up the DagBag from /home/airflow/.local/lib/python3.12/site-packages/airflow/example_dags/tutorial_taskflow_templates.py
[2025-02-12T23:40:56.161+0000] {processor.py:925} INFO - DAG(s) 'tutorial_taskflow_templates' retrieved from /home/airflow/.local/lib/python3.12/site-packages/airflow/example_dags/tutorial_taskflow_templates.py
[2025-02-12T23:40:56.198+0000] {logging_mixin.py:190} INFO - [2025-02-12T23:40:56.198+0000] {dag.py:3239} INFO - Sync 1 DAGs
[2025-02-12T23:40:56.252+0000] {logging_mixin.py:190} INFO - [2025-02-12T23:40:56.252+0000] {dag.py:4180} INFO - Setting next_dagrun for tutorial_taskflow_templates to 2025-02-11 00:00:00+00:00, run_after=2025-02-12 00:00:00+00:00
[2025-02-12T23:40:56.287+0000] {processor.py:208} INFO - Processing /home/airflow/.local/lib/python3.12/site-packages/airflow/example_dags/tutorial_taskflow_templates.py took 0.159 seconds
[2025-02-12T23:41:28.443+0000] {processor.py:186} INFO - Started process (PID=2562) to work on /home/airflow/.local/lib/python3.12/site-packages/airflow/example_dags/tutorial_taskflow_templates.py
[2025-02-12T23:41:28.444+0000] {processor.py:914} INFO - Processing file /home/airflow/.local/lib/python3.12/site-packages/airflow/example_dags/tutorial_taskflow_templates.py for tasks to queue
[2025-02-12T23:41:28.448+0000] {logging_mixin.py:190} INFO - [2025-02-12T23:41:28.447+0000] {dagbag.py:588} INFO - Filling up the DagBag from /home/airflow/.local/lib/python3.12/site-packages/airflow/example_dags/tutorial_taskflow_templates.py
[2025-02-12T23:41:28.467+0000] {processor.py:925} INFO - DAG(s) 'tutorial_taskflow_templates' retrieved from /home/airflow/.local/lib/python3.12/site-packages/airflow/example_dags/tutorial_taskflow_templates.py
[2025-02-12T23:41:28.496+0000] {logging_mixin.py:190} INFO - [2025-02-12T23:41:28.496+0000] {dag.py:3239} INFO - Sync 1 DAGs
[2025-02-12T23:41:28.530+0000] {logging_mixin.py:190} INFO - [2025-02-12T23:41:28.529+0000] {dag.py:4180} INFO - Setting next_dagrun for tutorial_taskflow_templates to 2025-02-11 00:00:00+00:00, run_after=2025-02-12 00:00:00+00:00
[2025-02-12T23:41:28.560+0000] {processor.py:208} INFO - Processing /home/airflow/.local/lib/python3.12/site-packages/airflow/example_dags/tutorial_taskflow_templates.py took 0.129 seconds
[2025-02-12T23:41:58.956+0000] {processor.py:186} INFO - Started process (PID=2628) to work on /home/airflow/.local/lib/python3.12/site-packages/airflow/example_dags/tutorial_taskflow_templates.py
[2025-02-12T23:41:58.957+0000] {processor.py:914} INFO - Processing file /home/airflow/.local/lib/python3.12/site-packages/airflow/example_dags/tutorial_taskflow_templates.py for tasks to queue
[2025-02-12T23:41:58.960+0000] {logging_mixin.py:190} INFO - [2025-02-12T23:41:58.960+0000] {dagbag.py:588} INFO - Filling up the DagBag from /home/airflow/.local/lib/python3.12/site-packages/airflow/example_dags/tutorial_taskflow_templates.py
[2025-02-12T23:41:58.974+0000] {processor.py:925} INFO - DAG(s) 'tutorial_taskflow_templates' retrieved from /home/airflow/.local/lib/python3.12/site-packages/airflow/example_dags/tutorial_taskflow_templates.py
[2025-02-12T23:41:59.002+0000] {logging_mixin.py:190} INFO - [2025-02-12T23:41:59.001+0000] {dag.py:3239} INFO - Sync 1 DAGs
[2025-02-12T23:41:59.040+0000] {logging_mixin.py:190} INFO - [2025-02-12T23:41:59.040+0000] {dag.py:4180} INFO - Setting next_dagrun for tutorial_taskflow_templates to 2025-02-11 00:00:00+00:00, run_after=2025-02-12 00:00:00+00:00
[2025-02-12T23:41:59.078+0000] {processor.py:208} INFO - Processing /home/airflow/.local/lib/python3.12/site-packages/airflow/example_dags/tutorial_taskflow_templates.py took 0.129 seconds
[2025-02-12T23:42:31.229+0000] {processor.py:186} INFO - Started process (PID=2700) to work on /home/airflow/.local/lib/python3.12/site-packages/airflow/example_dags/tutorial_taskflow_templates.py
[2025-02-12T23:42:31.233+0000] {processor.py:914} INFO - Processing file /home/airflow/.local/lib/python3.12/site-packages/airflow/example_dags/tutorial_taskflow_templates.py for tasks to queue
[2025-02-12T23:42:31.249+0000] {logging_mixin.py:190} INFO - [2025-02-12T23:42:31.248+0000] {dagbag.py:588} INFO - Filling up the DagBag from /home/airflow/.local/lib/python3.12/site-packages/airflow/example_dags/tutorial_taskflow_templates.py
[2025-02-12T23:42:31.290+0000] {processor.py:925} INFO - DAG(s) 'tutorial_taskflow_templates' retrieved from /home/airflow/.local/lib/python3.12/site-packages/airflow/example_dags/tutorial_taskflow_templates.py
[2025-02-12T23:42:31.349+0000] {logging_mixin.py:190} INFO - [2025-02-12T23:42:31.348+0000] {dag.py:3239} INFO - Sync 1 DAGs
[2025-02-12T23:42:31.397+0000] {logging_mixin.py:190} INFO - [2025-02-12T23:42:31.397+0000] {dag.py:4180} INFO - Setting next_dagrun for tutorial_taskflow_templates to 2025-02-11 00:00:00+00:00, run_after=2025-02-12 00:00:00+00:00
[2025-02-12T23:42:31.426+0000] {processor.py:208} INFO - Processing /home/airflow/.local/lib/python3.12/site-packages/airflow/example_dags/tutorial_taskflow_templates.py took 0.211 seconds
[2025-02-12T23:43:04.403+0000] {processor.py:186} INFO - Started process (PID=2766) to work on /home/airflow/.local/lib/python3.12/site-packages/airflow/example_dags/tutorial_taskflow_templates.py
[2025-02-12T23:43:04.404+0000] {processor.py:914} INFO - Processing file /home/airflow/.local/lib/python3.12/site-packages/airflow/example_dags/tutorial_taskflow_templates.py for tasks to queue
[2025-02-12T23:43:04.407+0000] {logging_mixin.py:190} INFO - [2025-02-12T23:43:04.406+0000] {dagbag.py:588} INFO - Filling up the DagBag from /home/airflow/.local/lib/python3.12/site-packages/airflow/example_dags/tutorial_taskflow_templates.py
[2025-02-12T23:43:04.423+0000] {processor.py:925} INFO - DAG(s) 'tutorial_taskflow_templates' retrieved from /home/airflow/.local/lib/python3.12/site-packages/airflow/example_dags/tutorial_taskflow_templates.py
[2025-02-12T23:43:04.449+0000] {logging_mixin.py:190} INFO - [2025-02-12T23:43:04.449+0000] {dag.py:3239} INFO - Sync 1 DAGs
[2025-02-12T23:43:04.486+0000] {logging_mixin.py:190} INFO - [2025-02-12T23:43:04.485+0000] {dag.py:4180} INFO - Setting next_dagrun for tutorial_taskflow_templates to 2025-02-11 00:00:00+00:00, run_after=2025-02-12 00:00:00+00:00
[2025-02-12T23:43:04.517+0000] {processor.py:208} INFO - Processing /home/airflow/.local/lib/python3.12/site-packages/airflow/example_dags/tutorial_taskflow_templates.py took 0.121 seconds
[2025-02-12T23:43:36.417+0000] {processor.py:186} INFO - Started process (PID=2832) to work on /home/airflow/.local/lib/python3.12/site-packages/airflow/example_dags/tutorial_taskflow_templates.py
[2025-02-12T23:43:36.419+0000] {processor.py:914} INFO - Processing file /home/airflow/.local/lib/python3.12/site-packages/airflow/example_dags/tutorial_taskflow_templates.py for tasks to queue
[2025-02-12T23:43:36.423+0000] {logging_mixin.py:190} INFO - [2025-02-12T23:43:36.422+0000] {dagbag.py:588} INFO - Filling up the DagBag from /home/airflow/.local/lib/python3.12/site-packages/airflow/example_dags/tutorial_taskflow_templates.py
[2025-02-12T23:43:36.444+0000] {processor.py:925} INFO - DAG(s) 'tutorial_taskflow_templates' retrieved from /home/airflow/.local/lib/python3.12/site-packages/airflow/example_dags/tutorial_taskflow_templates.py
[2025-02-12T23:43:36.470+0000] {logging_mixin.py:190} INFO - [2025-02-12T23:43:36.469+0000] {dag.py:3239} INFO - Sync 1 DAGs
[2025-02-12T23:43:36.499+0000] {logging_mixin.py:190} INFO - [2025-02-12T23:43:36.499+0000] {dag.py:4180} INFO - Setting next_dagrun for tutorial_taskflow_templates to 2025-02-11 00:00:00+00:00, run_after=2025-02-12 00:00:00+00:00
[2025-02-12T23:43:36.520+0000] {processor.py:208} INFO - Processing /home/airflow/.local/lib/python3.12/site-packages/airflow/example_dags/tutorial_taskflow_templates.py took 0.112 seconds
[2025-02-12T23:44:08.081+0000] {processor.py:186} INFO - Started process (PID=2898) to work on /home/airflow/.local/lib/python3.12/site-packages/airflow/example_dags/tutorial_taskflow_templates.py
[2025-02-12T23:44:08.082+0000] {processor.py:914} INFO - Processing file /home/airflow/.local/lib/python3.12/site-packages/airflow/example_dags/tutorial_taskflow_templates.py for tasks to queue
[2025-02-12T23:44:08.085+0000] {logging_mixin.py:190} INFO - [2025-02-12T23:44:08.085+0000] {dagbag.py:588} INFO - Filling up the DagBag from /home/airflow/.local/lib/python3.12/site-packages/airflow/example_dags/tutorial_taskflow_templates.py
[2025-02-12T23:44:08.113+0000] {processor.py:925} INFO - DAG(s) 'tutorial_taskflow_templates' retrieved from /home/airflow/.local/lib/python3.12/site-packages/airflow/example_dags/tutorial_taskflow_templates.py
[2025-02-12T23:44:08.154+0000] {logging_mixin.py:190} INFO - [2025-02-12T23:44:08.153+0000] {dag.py:3239} INFO - Sync 1 DAGs
[2025-02-12T23:44:08.211+0000] {logging_mixin.py:190} INFO - [2025-02-12T23:44:08.210+0000] {dag.py:4180} INFO - Setting next_dagrun for tutorial_taskflow_templates to 2025-02-11 00:00:00+00:00, run_after=2025-02-12 00:00:00+00:00
[2025-02-12T23:44:08.241+0000] {processor.py:208} INFO - Processing /home/airflow/.local/lib/python3.12/site-packages/airflow/example_dags/tutorial_taskflow_templates.py took 0.174 seconds
[2025-02-12T23:44:38.573+0000] {processor.py:186} INFO - Started process (PID=2964) to work on /home/airflow/.local/lib/python3.12/site-packages/airflow/example_dags/tutorial_taskflow_templates.py
[2025-02-12T23:44:38.574+0000] {processor.py:914} INFO - Processing file /home/airflow/.local/lib/python3.12/site-packages/airflow/example_dags/tutorial_taskflow_templates.py for tasks to queue
[2025-02-12T23:44:38.577+0000] {logging_mixin.py:190} INFO - [2025-02-12T23:44:38.576+0000] {dagbag.py:588} INFO - Filling up the DagBag from /home/airflow/.local/lib/python3.12/site-packages/airflow/example_dags/tutorial_taskflow_templates.py
[2025-02-12T23:44:38.591+0000] {processor.py:925} INFO - DAG(s) 'tutorial_taskflow_templates' retrieved from /home/airflow/.local/lib/python3.12/site-packages/airflow/example_dags/tutorial_taskflow_templates.py
[2025-02-12T23:44:38.613+0000] {logging_mixin.py:190} INFO - [2025-02-12T23:44:38.613+0000] {dag.py:3239} INFO - Sync 1 DAGs
[2025-02-12T23:44:38.643+0000] {logging_mixin.py:190} INFO - [2025-02-12T23:44:38.642+0000] {dag.py:4180} INFO - Setting next_dagrun for tutorial_taskflow_templates to 2025-02-11 00:00:00+00:00, run_after=2025-02-12 00:00:00+00:00
[2025-02-12T23:44:38.663+0000] {processor.py:208} INFO - Processing /home/airflow/.local/lib/python3.12/site-packages/airflow/example_dags/tutorial_taskflow_templates.py took 0.098 seconds
[2025-02-12T23:45:10.322+0000] {processor.py:186} INFO - Started process (PID=3030) to work on /home/airflow/.local/lib/python3.12/site-packages/airflow/example_dags/tutorial_taskflow_templates.py
[2025-02-12T23:45:10.323+0000] {processor.py:914} INFO - Processing file /home/airflow/.local/lib/python3.12/site-packages/airflow/example_dags/tutorial_taskflow_templates.py for tasks to queue
[2025-02-12T23:45:10.327+0000] {logging_mixin.py:190} INFO - [2025-02-12T23:45:10.326+0000] {dagbag.py:588} INFO - Filling up the DagBag from /home/airflow/.local/lib/python3.12/site-packages/airflow/example_dags/tutorial_taskflow_templates.py
[2025-02-12T23:45:10.343+0000] {processor.py:925} INFO - DAG(s) 'tutorial_taskflow_templates' retrieved from /home/airflow/.local/lib/python3.12/site-packages/airflow/example_dags/tutorial_taskflow_templates.py
[2025-02-12T23:45:10.370+0000] {logging_mixin.py:190} INFO - [2025-02-12T23:45:10.370+0000] {dag.py:3239} INFO - Sync 1 DAGs
[2025-02-12T23:45:10.397+0000] {logging_mixin.py:190} INFO - [2025-02-12T23:45:10.397+0000] {dag.py:4180} INFO - Setting next_dagrun for tutorial_taskflow_templates to 2025-02-11 00:00:00+00:00, run_after=2025-02-12 00:00:00+00:00
[2025-02-12T23:45:10.419+0000] {processor.py:208} INFO - Processing /home/airflow/.local/lib/python3.12/site-packages/airflow/example_dags/tutorial_taskflow_templates.py took 0.103 seconds
[2025-02-12T23:45:43.261+0000] {processor.py:186} INFO - Started process (PID=3097) to work on /home/airflow/.local/lib/python3.12/site-packages/airflow/example_dags/tutorial_taskflow_templates.py
[2025-02-12T23:45:43.262+0000] {processor.py:914} INFO - Processing file /home/airflow/.local/lib/python3.12/site-packages/airflow/example_dags/tutorial_taskflow_templates.py for tasks to queue
[2025-02-12T23:45:43.265+0000] {logging_mixin.py:190} INFO - [2025-02-12T23:45:43.264+0000] {dagbag.py:588} INFO - Filling up the DagBag from /home/airflow/.local/lib/python3.12/site-packages/airflow/example_dags/tutorial_taskflow_templates.py
[2025-02-12T23:45:43.292+0000] {processor.py:925} INFO - DAG(s) 'tutorial_taskflow_templates' retrieved from /home/airflow/.local/lib/python3.12/site-packages/airflow/example_dags/tutorial_taskflow_templates.py
[2025-02-12T23:45:43.319+0000] {logging_mixin.py:190} INFO - [2025-02-12T23:45:43.319+0000] {dag.py:3239} INFO - Sync 1 DAGs
[2025-02-12T23:45:43.365+0000] {logging_mixin.py:190} INFO - [2025-02-12T23:45:43.365+0000] {dag.py:4180} INFO - Setting next_dagrun for tutorial_taskflow_templates to 2025-02-11 00:00:00+00:00, run_after=2025-02-12 00:00:00+00:00
[2025-02-12T23:45:43.396+0000] {processor.py:208} INFO - Processing /home/airflow/.local/lib/python3.12/site-packages/airflow/example_dags/tutorial_taskflow_templates.py took 0.140 seconds
[2025-02-12T23:46:14.811+0000] {processor.py:186} INFO - Started process (PID=3163) to work on /home/airflow/.local/lib/python3.12/site-packages/airflow/example_dags/tutorial_taskflow_templates.py
[2025-02-12T23:46:14.812+0000] {processor.py:914} INFO - Processing file /home/airflow/.local/lib/python3.12/site-packages/airflow/example_dags/tutorial_taskflow_templates.py for tasks to queue
[2025-02-12T23:46:14.815+0000] {logging_mixin.py:190} INFO - [2025-02-12T23:46:14.814+0000] {dagbag.py:588} INFO - Filling up the DagBag from /home/airflow/.local/lib/python3.12/site-packages/airflow/example_dags/tutorial_taskflow_templates.py
[2025-02-12T23:46:14.835+0000] {processor.py:925} INFO - DAG(s) 'tutorial_taskflow_templates' retrieved from /home/airflow/.local/lib/python3.12/site-packages/airflow/example_dags/tutorial_taskflow_templates.py
[2025-02-12T23:46:14.858+0000] {logging_mixin.py:190} INFO - [2025-02-12T23:46:14.858+0000] {dag.py:3239} INFO - Sync 1 DAGs
[2025-02-12T23:46:14.887+0000] {logging_mixin.py:190} INFO - [2025-02-12T23:46:14.887+0000] {dag.py:4180} INFO - Setting next_dagrun for tutorial_taskflow_templates to 2025-02-11 00:00:00+00:00, run_after=2025-02-12 00:00:00+00:00
[2025-02-12T23:46:14.910+0000] {processor.py:208} INFO - Processing /home/airflow/.local/lib/python3.12/site-packages/airflow/example_dags/tutorial_taskflow_templates.py took 0.106 seconds
[2025-02-12T23:46:45.727+0000] {processor.py:186} INFO - Started process (PID=3229) to work on /home/airflow/.local/lib/python3.12/site-packages/airflow/example_dags/tutorial_taskflow_templates.py
[2025-02-12T23:46:45.728+0000] {processor.py:914} INFO - Processing file /home/airflow/.local/lib/python3.12/site-packages/airflow/example_dags/tutorial_taskflow_templates.py for tasks to queue
[2025-02-12T23:46:45.730+0000] {logging_mixin.py:190} INFO - [2025-02-12T23:46:45.730+0000] {dagbag.py:588} INFO - Filling up the DagBag from /home/airflow/.local/lib/python3.12/site-packages/airflow/example_dags/tutorial_taskflow_templates.py
[2025-02-12T23:46:45.748+0000] {processor.py:925} INFO - DAG(s) 'tutorial_taskflow_templates' retrieved from /home/airflow/.local/lib/python3.12/site-packages/airflow/example_dags/tutorial_taskflow_templates.py
[2025-02-12T23:46:45.776+0000] {logging_mixin.py:190} INFO - [2025-02-12T23:46:45.776+0000] {dag.py:3239} INFO - Sync 1 DAGs
[2025-02-12T23:46:45.975+0000] {logging_mixin.py:190} INFO - [2025-02-12T23:46:45.975+0000] {dag.py:4180} INFO - Setting next_dagrun for tutorial_taskflow_templates to 2025-02-11 00:00:00+00:00, run_after=2025-02-12 00:00:00+00:00
[2025-02-12T23:46:45.996+0000] {processor.py:208} INFO - Processing /home/airflow/.local/lib/python3.12/site-packages/airflow/example_dags/tutorial_taskflow_templates.py took 0.276 seconds
[2025-02-12T23:47:25.142+0000] {processor.py:186} INFO - Started process (PID=3301) to work on /home/airflow/.local/lib/python3.12/site-packages/airflow/example_dags/tutorial_taskflow_templates.py
[2025-02-12T23:47:25.143+0000] {processor.py:914} INFO - Processing file /home/airflow/.local/lib/python3.12/site-packages/airflow/example_dags/tutorial_taskflow_templates.py for tasks to queue
[2025-02-12T23:47:25.147+0000] {logging_mixin.py:190} INFO - [2025-02-12T23:47:25.146+0000] {dagbag.py:588} INFO - Filling up the DagBag from /home/airflow/.local/lib/python3.12/site-packages/airflow/example_dags/tutorial_taskflow_templates.py
[2025-02-12T23:47:25.205+0000] {processor.py:925} INFO - DAG(s) 'tutorial_taskflow_templates' retrieved from /home/airflow/.local/lib/python3.12/site-packages/airflow/example_dags/tutorial_taskflow_templates.py
[2025-02-12T23:47:25.259+0000] {logging_mixin.py:190} INFO - [2025-02-12T23:47:25.258+0000] {dag.py:3239} INFO - Sync 1 DAGs
[2025-02-12T23:47:25.821+0000] {logging_mixin.py:190} INFO - [2025-02-12T23:47:25.821+0000] {dag.py:4180} INFO - Setting next_dagrun for tutorial_taskflow_templates to 2025-02-11 00:00:00+00:00, run_after=2025-02-12 00:00:00+00:00
[2025-02-12T23:47:25.872+0000] {processor.py:208} INFO - Processing /home/airflow/.local/lib/python3.12/site-packages/airflow/example_dags/tutorial_taskflow_templates.py took 0.750 seconds
[2025-02-12T23:47:56.631+0000] {processor.py:186} INFO - Started process (PID=3367) to work on /home/airflow/.local/lib/python3.12/site-packages/airflow/example_dags/tutorial_taskflow_templates.py
[2025-02-12T23:47:56.632+0000] {processor.py:914} INFO - Processing file /home/airflow/.local/lib/python3.12/site-packages/airflow/example_dags/tutorial_taskflow_templates.py for tasks to queue
[2025-02-12T23:47:56.636+0000] {logging_mixin.py:190} INFO - [2025-02-12T23:47:56.635+0000] {dagbag.py:588} INFO - Filling up the DagBag from /home/airflow/.local/lib/python3.12/site-packages/airflow/example_dags/tutorial_taskflow_templates.py
[2025-02-12T23:47:56.649+0000] {processor.py:925} INFO - DAG(s) 'tutorial_taskflow_templates' retrieved from /home/airflow/.local/lib/python3.12/site-packages/airflow/example_dags/tutorial_taskflow_templates.py
[2025-02-12T23:47:56.674+0000] {logging_mixin.py:190} INFO - [2025-02-12T23:47:56.674+0000] {dag.py:3239} INFO - Sync 1 DAGs
[2025-02-12T23:47:56.714+0000] {logging_mixin.py:190} INFO - [2025-02-12T23:47:56.714+0000] {dag.py:4180} INFO - Setting next_dagrun for tutorial_taskflow_templates to 2025-02-11 00:00:00+00:00, run_after=2025-02-12 00:00:00+00:00
[2025-02-12T23:47:56.736+0000] {processor.py:208} INFO - Processing /home/airflow/.local/lib/python3.12/site-packages/airflow/example_dags/tutorial_taskflow_templates.py took 0.111 seconds
[2025-02-12T23:48:27.476+0000] {processor.py:186} INFO - Started process (PID=3432) to work on /home/airflow/.local/lib/python3.12/site-packages/airflow/example_dags/tutorial_taskflow_templates.py
[2025-02-12T23:48:27.478+0000] {processor.py:914} INFO - Processing file /home/airflow/.local/lib/python3.12/site-packages/airflow/example_dags/tutorial_taskflow_templates.py for tasks to queue
[2025-02-12T23:48:27.492+0000] {logging_mixin.py:190} INFO - [2025-02-12T23:48:27.486+0000] {dagbag.py:588} INFO - Filling up the DagBag from /home/airflow/.local/lib/python3.12/site-packages/airflow/example_dags/tutorial_taskflow_templates.py
[2025-02-12T23:48:27.528+0000] {processor.py:925} INFO - DAG(s) 'tutorial_taskflow_templates' retrieved from /home/airflow/.local/lib/python3.12/site-packages/airflow/example_dags/tutorial_taskflow_templates.py
[2025-02-12T23:48:27.583+0000] {logging_mixin.py:190} INFO - [2025-02-12T23:48:27.582+0000] {dag.py:3239} INFO - Sync 1 DAGs
[2025-02-12T23:48:27.664+0000] {logging_mixin.py:190} INFO - [2025-02-12T23:48:27.658+0000] {dag.py:4180} INFO - Setting next_dagrun for tutorial_taskflow_templates to 2025-02-11 00:00:00+00:00, run_after=2025-02-12 00:00:00+00:00
[2025-02-12T23:48:27.700+0000] {processor.py:208} INFO - Processing /home/airflow/.local/lib/python3.12/site-packages/airflow/example_dags/tutorial_taskflow_templates.py took 0.243 seconds
[2025-02-12T23:48:57.955+0000] {processor.py:186} INFO - Started process (PID=3498) to work on /home/airflow/.local/lib/python3.12/site-packages/airflow/example_dags/tutorial_taskflow_templates.py
[2025-02-12T23:48:57.960+0000] {processor.py:914} INFO - Processing file /home/airflow/.local/lib/python3.12/site-packages/airflow/example_dags/tutorial_taskflow_templates.py for tasks to queue
[2025-02-12T23:48:57.976+0000] {logging_mixin.py:190} INFO - [2025-02-12T23:48:57.975+0000] {dagbag.py:588} INFO - Filling up the DagBag from /home/airflow/.local/lib/python3.12/site-packages/airflow/example_dags/tutorial_taskflow_templates.py
[2025-02-12T23:48:58.042+0000] {processor.py:925} INFO - DAG(s) 'tutorial_taskflow_templates' retrieved from /home/airflow/.local/lib/python3.12/site-packages/airflow/example_dags/tutorial_taskflow_templates.py
[2025-02-12T23:48:58.072+0000] {logging_mixin.py:190} INFO - [2025-02-12T23:48:58.071+0000] {dag.py:3239} INFO - Sync 1 DAGs
[2025-02-12T23:48:58.119+0000] {logging_mixin.py:190} INFO - [2025-02-12T23:48:58.119+0000] {dag.py:4180} INFO - Setting next_dagrun for tutorial_taskflow_templates to 2025-02-11 00:00:00+00:00, run_after=2025-02-12 00:00:00+00:00
[2025-02-12T23:48:58.151+0000] {processor.py:208} INFO - Processing /home/airflow/.local/lib/python3.12/site-packages/airflow/example_dags/tutorial_taskflow_templates.py took 0.209 seconds
[2025-02-12T23:49:29.015+0000] {processor.py:186} INFO - Started process (PID=3570) to work on /home/airflow/.local/lib/python3.12/site-packages/airflow/example_dags/tutorial_taskflow_templates.py
[2025-02-12T23:49:29.017+0000] {processor.py:914} INFO - Processing file /home/airflow/.local/lib/python3.12/site-packages/airflow/example_dags/tutorial_taskflow_templates.py for tasks to queue
[2025-02-12T23:49:29.020+0000] {logging_mixin.py:190} INFO - [2025-02-12T23:49:29.019+0000] {dagbag.py:588} INFO - Filling up the DagBag from /home/airflow/.local/lib/python3.12/site-packages/airflow/example_dags/tutorial_taskflow_templates.py
[2025-02-12T23:49:29.061+0000] {processor.py:925} INFO - DAG(s) 'tutorial_taskflow_templates' retrieved from /home/airflow/.local/lib/python3.12/site-packages/airflow/example_dags/tutorial_taskflow_templates.py
[2025-02-12T23:49:29.125+0000] {logging_mixin.py:190} INFO - [2025-02-12T23:49:29.125+0000] {dag.py:3239} INFO - Sync 1 DAGs
[2025-02-12T23:49:29.156+0000] {logging_mixin.py:190} INFO - [2025-02-12T23:49:29.156+0000] {dag.py:4180} INFO - Setting next_dagrun for tutorial_taskflow_templates to 2025-02-11 00:00:00+00:00, run_after=2025-02-12 00:00:00+00:00
[2025-02-12T23:49:29.179+0000] {processor.py:208} INFO - Processing /home/airflow/.local/lib/python3.12/site-packages/airflow/example_dags/tutorial_taskflow_templates.py took 0.171 seconds
[2025-02-12T23:49:59.285+0000] {processor.py:186} INFO - Started process (PID=3637) to work on /home/airflow/.local/lib/python3.12/site-packages/airflow/example_dags/tutorial_taskflow_templates.py
[2025-02-12T23:49:59.286+0000] {processor.py:914} INFO - Processing file /home/airflow/.local/lib/python3.12/site-packages/airflow/example_dags/tutorial_taskflow_templates.py for tasks to queue
[2025-02-12T23:49:59.290+0000] {logging_mixin.py:190} INFO - [2025-02-12T23:49:59.289+0000] {dagbag.py:588} INFO - Filling up the DagBag from /home/airflow/.local/lib/python3.12/site-packages/airflow/example_dags/tutorial_taskflow_templates.py
[2025-02-12T23:49:59.307+0000] {processor.py:925} INFO - DAG(s) 'tutorial_taskflow_templates' retrieved from /home/airflow/.local/lib/python3.12/site-packages/airflow/example_dags/tutorial_taskflow_templates.py
[2025-02-12T23:49:59.332+0000] {logging_mixin.py:190} INFO - [2025-02-12T23:49:59.331+0000] {dag.py:3239} INFO - Sync 1 DAGs
[2025-02-12T23:49:59.357+0000] {logging_mixin.py:190} INFO - [2025-02-12T23:49:59.357+0000] {dag.py:4180} INFO - Setting next_dagrun for tutorial_taskflow_templates to 2025-02-11 00:00:00+00:00, run_after=2025-02-12 00:00:00+00:00
[2025-02-12T23:49:59.378+0000] {processor.py:208} INFO - Processing /home/airflow/.local/lib/python3.12/site-packages/airflow/example_dags/tutorial_taskflow_templates.py took 0.101 seconds
[2025-02-12T23:50:29.750+0000] {processor.py:186} INFO - Started process (PID=3703) to work on /home/airflow/.local/lib/python3.12/site-packages/airflow/example_dags/tutorial_taskflow_templates.py
[2025-02-12T23:50:29.751+0000] {processor.py:914} INFO - Processing file /home/airflow/.local/lib/python3.12/site-packages/airflow/example_dags/tutorial_taskflow_templates.py for tasks to queue
[2025-02-12T23:50:29.754+0000] {logging_mixin.py:190} INFO - [2025-02-12T23:50:29.753+0000] {dagbag.py:588} INFO - Filling up the DagBag from /home/airflow/.local/lib/python3.12/site-packages/airflow/example_dags/tutorial_taskflow_templates.py
[2025-02-12T23:50:29.768+0000] {processor.py:925} INFO - DAG(s) 'tutorial_taskflow_templates' retrieved from /home/airflow/.local/lib/python3.12/site-packages/airflow/example_dags/tutorial_taskflow_templates.py
[2025-02-12T23:50:29.791+0000] {logging_mixin.py:190} INFO - [2025-02-12T23:50:29.791+0000] {dag.py:3239} INFO - Sync 1 DAGs
[2025-02-12T23:50:29.827+0000] {logging_mixin.py:190} INFO - [2025-02-12T23:50:29.827+0000] {dag.py:4180} INFO - Setting next_dagrun for tutorial_taskflow_templates to 2025-02-11 00:00:00+00:00, run_after=2025-02-12 00:00:00+00:00
[2025-02-12T23:50:29.852+0000] {processor.py:208} INFO - Processing /home/airflow/.local/lib/python3.12/site-packages/airflow/example_dags/tutorial_taskflow_templates.py took 0.109 seconds
[2025-02-12T23:51:00.343+0000] {processor.py:186} INFO - Started process (PID=3769) to work on /home/airflow/.local/lib/python3.12/site-packages/airflow/example_dags/tutorial_taskflow_templates.py
[2025-02-12T23:51:00.344+0000] {processor.py:914} INFO - Processing file /home/airflow/.local/lib/python3.12/site-packages/airflow/example_dags/tutorial_taskflow_templates.py for tasks to queue
[2025-02-12T23:51:00.349+0000] {logging_mixin.py:190} INFO - [2025-02-12T23:51:00.348+0000] {dagbag.py:588} INFO - Filling up the DagBag from /home/airflow/.local/lib/python3.12/site-packages/airflow/example_dags/tutorial_taskflow_templates.py
[2025-02-12T23:51:00.363+0000] {processor.py:925} INFO - DAG(s) 'tutorial_taskflow_templates' retrieved from /home/airflow/.local/lib/python3.12/site-packages/airflow/example_dags/tutorial_taskflow_templates.py
[2025-02-12T23:51:00.385+0000] {logging_mixin.py:190} INFO - [2025-02-12T23:51:00.384+0000] {dag.py:3239} INFO - Sync 1 DAGs
[2025-02-12T23:51:00.421+0000] {logging_mixin.py:190} INFO - [2025-02-12T23:51:00.420+0000] {dag.py:4180} INFO - Setting next_dagrun for tutorial_taskflow_templates to 2025-02-11 00:00:00+00:00, run_after=2025-02-12 00:00:00+00:00
[2025-02-12T23:51:00.454+0000] {processor.py:208} INFO - Processing /home/airflow/.local/lib/python3.12/site-packages/airflow/example_dags/tutorial_taskflow_templates.py took 0.117 seconds
[2025-02-12T23:51:31.074+0000] {processor.py:186} INFO - Started process (PID=3835) to work on /home/airflow/.local/lib/python3.12/site-packages/airflow/example_dags/tutorial_taskflow_templates.py
[2025-02-12T23:51:31.077+0000] {processor.py:914} INFO - Processing file /home/airflow/.local/lib/python3.12/site-packages/airflow/example_dags/tutorial_taskflow_templates.py for tasks to queue
[2025-02-12T23:51:31.081+0000] {logging_mixin.py:190} INFO - [2025-02-12T23:51:31.080+0000] {dagbag.py:588} INFO - Filling up the DagBag from /home/airflow/.local/lib/python3.12/site-packages/airflow/example_dags/tutorial_taskflow_templates.py
[2025-02-12T23:51:31.103+0000] {processor.py:925} INFO - DAG(s) 'tutorial_taskflow_templates' retrieved from /home/airflow/.local/lib/python3.12/site-packages/airflow/example_dags/tutorial_taskflow_templates.py
[2025-02-12T23:51:31.133+0000] {logging_mixin.py:190} INFO - [2025-02-12T23:51:31.133+0000] {dag.py:3239} INFO - Sync 1 DAGs
[2025-02-12T23:51:31.174+0000] {logging_mixin.py:190} INFO - [2025-02-12T23:51:31.174+0000] {dag.py:4180} INFO - Setting next_dagrun for tutorial_taskflow_templates to 2025-02-11 00:00:00+00:00, run_after=2025-02-12 00:00:00+00:00
[2025-02-12T23:51:31.222+0000] {processor.py:208} INFO - Processing /home/airflow/.local/lib/python3.12/site-packages/airflow/example_dags/tutorial_taskflow_templates.py took 0.155 seconds
[2025-02-12T23:52:01.393+0000] {processor.py:186} INFO - Started process (PID=3900) to work on /home/airflow/.local/lib/python3.12/site-packages/airflow/example_dags/tutorial_taskflow_templates.py
[2025-02-12T23:52:01.394+0000] {processor.py:914} INFO - Processing file /home/airflow/.local/lib/python3.12/site-packages/airflow/example_dags/tutorial_taskflow_templates.py for tasks to queue
[2025-02-12T23:52:01.398+0000] {logging_mixin.py:190} INFO - [2025-02-12T23:52:01.397+0000] {dagbag.py:588} INFO - Filling up the DagBag from /home/airflow/.local/lib/python3.12/site-packages/airflow/example_dags/tutorial_taskflow_templates.py
[2025-02-12T23:52:01.416+0000] {processor.py:925} INFO - DAG(s) 'tutorial_taskflow_templates' retrieved from /home/airflow/.local/lib/python3.12/site-packages/airflow/example_dags/tutorial_taskflow_templates.py
[2025-02-12T23:52:01.443+0000] {logging_mixin.py:190} INFO - [2025-02-12T23:52:01.442+0000] {dag.py:3239} INFO - Sync 1 DAGs
[2025-02-12T23:52:01.481+0000] {logging_mixin.py:190} INFO - [2025-02-12T23:52:01.481+0000] {dag.py:4180} INFO - Setting next_dagrun for tutorial_taskflow_templates to 2025-02-11 00:00:00+00:00, run_after=2025-02-12 00:00:00+00:00
[2025-02-12T23:52:01.515+0000] {processor.py:208} INFO - Processing /home/airflow/.local/lib/python3.12/site-packages/airflow/example_dags/tutorial_taskflow_templates.py took 0.128 seconds
[2025-02-12T23:52:31.657+0000] {processor.py:186} INFO - Started process (PID=3966) to work on /home/airflow/.local/lib/python3.12/site-packages/airflow/example_dags/tutorial_taskflow_templates.py
[2025-02-12T23:52:31.658+0000] {processor.py:914} INFO - Processing file /home/airflow/.local/lib/python3.12/site-packages/airflow/example_dags/tutorial_taskflow_templates.py for tasks to queue
[2025-02-12T23:52:31.664+0000] {logging_mixin.py:190} INFO - [2025-02-12T23:52:31.663+0000] {dagbag.py:588} INFO - Filling up the DagBag from /home/airflow/.local/lib/python3.12/site-packages/airflow/example_dags/tutorial_taskflow_templates.py
[2025-02-12T23:52:31.678+0000] {processor.py:925} INFO - DAG(s) 'tutorial_taskflow_templates' retrieved from /home/airflow/.local/lib/python3.12/site-packages/airflow/example_dags/tutorial_taskflow_templates.py
[2025-02-12T23:52:31.702+0000] {logging_mixin.py:190} INFO - [2025-02-12T23:52:31.701+0000] {dag.py:3239} INFO - Sync 1 DAGs
[2025-02-12T23:52:31.736+0000] {logging_mixin.py:190} INFO - [2025-02-12T23:52:31.736+0000] {dag.py:4180} INFO - Setting next_dagrun for tutorial_taskflow_templates to 2025-02-11 00:00:00+00:00, run_after=2025-02-12 00:00:00+00:00
[2025-02-12T23:52:31.758+0000] {processor.py:208} INFO - Processing /home/airflow/.local/lib/python3.12/site-packages/airflow/example_dags/tutorial_taskflow_templates.py took 0.107 seconds
[2025-02-12T23:53:01.800+0000] {processor.py:186} INFO - Started process (PID=4032) to work on /home/airflow/.local/lib/python3.12/site-packages/airflow/example_dags/tutorial_taskflow_templates.py
[2025-02-12T23:53:01.802+0000] {processor.py:914} INFO - Processing file /home/airflow/.local/lib/python3.12/site-packages/airflow/example_dags/tutorial_taskflow_templates.py for tasks to queue
[2025-02-12T23:53:01.805+0000] {logging_mixin.py:190} INFO - [2025-02-12T23:53:01.804+0000] {dagbag.py:588} INFO - Filling up the DagBag from /home/airflow/.local/lib/python3.12/site-packages/airflow/example_dags/tutorial_taskflow_templates.py
[2025-02-12T23:53:01.819+0000] {processor.py:925} INFO - DAG(s) 'tutorial_taskflow_templates' retrieved from /home/airflow/.local/lib/python3.12/site-packages/airflow/example_dags/tutorial_taskflow_templates.py
[2025-02-12T23:53:01.838+0000] {logging_mixin.py:190} INFO - [2025-02-12T23:53:01.837+0000] {dag.py:3239} INFO - Sync 1 DAGs
[2025-02-12T23:53:01.864+0000] {logging_mixin.py:190} INFO - [2025-02-12T23:53:01.863+0000] {dag.py:4180} INFO - Setting next_dagrun for tutorial_taskflow_templates to 2025-02-11 00:00:00+00:00, run_after=2025-02-12 00:00:00+00:00
[2025-02-12T23:53:01.882+0000] {processor.py:208} INFO - Processing /home/airflow/.local/lib/python3.12/site-packages/airflow/example_dags/tutorial_taskflow_templates.py took 0.089 seconds
[2025-02-12T23:53:33.142+0000] {processor.py:186} INFO - Started process (PID=4098) to work on /home/airflow/.local/lib/python3.12/site-packages/airflow/example_dags/tutorial_taskflow_templates.py
[2025-02-12T23:53:33.147+0000] {processor.py:914} INFO - Processing file /home/airflow/.local/lib/python3.12/site-packages/airflow/example_dags/tutorial_taskflow_templates.py for tasks to queue
[2025-02-12T23:53:33.151+0000] {logging_mixin.py:190} INFO - [2025-02-12T23:53:33.150+0000] {dagbag.py:588} INFO - Filling up the DagBag from /home/airflow/.local/lib/python3.12/site-packages/airflow/example_dags/tutorial_taskflow_templates.py
[2025-02-12T23:53:33.172+0000] {processor.py:925} INFO - DAG(s) 'tutorial_taskflow_templates' retrieved from /home/airflow/.local/lib/python3.12/site-packages/airflow/example_dags/tutorial_taskflow_templates.py
[2025-02-12T23:53:33.202+0000] {logging_mixin.py:190} INFO - [2025-02-12T23:53:33.202+0000] {dag.py:3239} INFO - Sync 1 DAGs
[2025-02-12T23:53:33.273+0000] {logging_mixin.py:190} INFO - [2025-02-12T23:53:33.272+0000] {dag.py:4180} INFO - Setting next_dagrun for tutorial_taskflow_templates to 2025-02-11 00:00:00+00:00, run_after=2025-02-12 00:00:00+00:00
[2025-02-12T23:53:33.319+0000] {processor.py:208} INFO - Processing /home/airflow/.local/lib/python3.12/site-packages/airflow/example_dags/tutorial_taskflow_templates.py took 0.185 seconds
[2025-02-12T23:54:04.703+0000] {processor.py:186} INFO - Started process (PID=4164) to work on /home/airflow/.local/lib/python3.12/site-packages/airflow/example_dags/tutorial_taskflow_templates.py
[2025-02-12T23:54:04.704+0000] {processor.py:914} INFO - Processing file /home/airflow/.local/lib/python3.12/site-packages/airflow/example_dags/tutorial_taskflow_templates.py for tasks to queue
[2025-02-12T23:54:04.707+0000] {logging_mixin.py:190} INFO - [2025-02-12T23:54:04.706+0000] {dagbag.py:588} INFO - Filling up the DagBag from /home/airflow/.local/lib/python3.12/site-packages/airflow/example_dags/tutorial_taskflow_templates.py
[2025-02-12T23:54:04.721+0000] {processor.py:925} INFO - DAG(s) 'tutorial_taskflow_templates' retrieved from /home/airflow/.local/lib/python3.12/site-packages/airflow/example_dags/tutorial_taskflow_templates.py
[2025-02-12T23:54:04.742+0000] {logging_mixin.py:190} INFO - [2025-02-12T23:54:04.741+0000] {dag.py:3239} INFO - Sync 1 DAGs
[2025-02-12T23:54:04.766+0000] {logging_mixin.py:190} INFO - [2025-02-12T23:54:04.766+0000] {dag.py:4180} INFO - Setting next_dagrun for tutorial_taskflow_templates to 2025-02-11 00:00:00+00:00, run_after=2025-02-12 00:00:00+00:00
[2025-02-12T23:54:04.786+0000] {processor.py:208} INFO - Processing /home/airflow/.local/lib/python3.12/site-packages/airflow/example_dags/tutorial_taskflow_templates.py took 0.088 seconds
[2025-02-12T23:54:36.314+0000] {processor.py:186} INFO - Started process (PID=4230) to work on /home/airflow/.local/lib/python3.12/site-packages/airflow/example_dags/tutorial_taskflow_templates.py
[2025-02-12T23:54:36.315+0000] {processor.py:914} INFO - Processing file /home/airflow/.local/lib/python3.12/site-packages/airflow/example_dags/tutorial_taskflow_templates.py for tasks to queue
[2025-02-12T23:54:36.318+0000] {logging_mixin.py:190} INFO - [2025-02-12T23:54:36.318+0000] {dagbag.py:588} INFO - Filling up the DagBag from /home/airflow/.local/lib/python3.12/site-packages/airflow/example_dags/tutorial_taskflow_templates.py
[2025-02-12T23:54:36.336+0000] {processor.py:925} INFO - DAG(s) 'tutorial_taskflow_templates' retrieved from /home/airflow/.local/lib/python3.12/site-packages/airflow/example_dags/tutorial_taskflow_templates.py
[2025-02-12T23:54:36.362+0000] {logging_mixin.py:190} INFO - [2025-02-12T23:54:36.361+0000] {dag.py:3239} INFO - Sync 1 DAGs
[2025-02-12T23:54:36.400+0000] {logging_mixin.py:190} INFO - [2025-02-12T23:54:36.400+0000] {dag.py:4180} INFO - Setting next_dagrun for tutorial_taskflow_templates to 2025-02-11 00:00:00+00:00, run_after=2025-02-12 00:00:00+00:00
[2025-02-12T23:54:36.440+0000] {processor.py:208} INFO - Processing /home/airflow/.local/lib/python3.12/site-packages/airflow/example_dags/tutorial_taskflow_templates.py took 0.137 seconds
[2025-02-12T23:55:06.855+0000] {processor.py:186} INFO - Started process (PID=4297) to work on /home/airflow/.local/lib/python3.12/site-packages/airflow/example_dags/tutorial_taskflow_templates.py
[2025-02-12T23:55:06.856+0000] {processor.py:914} INFO - Processing file /home/airflow/.local/lib/python3.12/site-packages/airflow/example_dags/tutorial_taskflow_templates.py for tasks to queue
[2025-02-12T23:55:06.861+0000] {logging_mixin.py:190} INFO - [2025-02-12T23:55:06.860+0000] {dagbag.py:588} INFO - Filling up the DagBag from /home/airflow/.local/lib/python3.12/site-packages/airflow/example_dags/tutorial_taskflow_templates.py
[2025-02-12T23:55:06.882+0000] {processor.py:925} INFO - DAG(s) 'tutorial_taskflow_templates' retrieved from /home/airflow/.local/lib/python3.12/site-packages/airflow/example_dags/tutorial_taskflow_templates.py
[2025-02-12T23:55:06.911+0000] {logging_mixin.py:190} INFO - [2025-02-12T23:55:06.910+0000] {dag.py:3239} INFO - Sync 1 DAGs
[2025-02-12T23:55:06.945+0000] {logging_mixin.py:190} INFO - [2025-02-12T23:55:06.945+0000] {dag.py:4180} INFO - Setting next_dagrun for tutorial_taskflow_templates to 2025-02-11 00:00:00+00:00, run_after=2025-02-12 00:00:00+00:00
[2025-02-12T23:55:06.974+0000] {processor.py:208} INFO - Processing /home/airflow/.local/lib/python3.12/site-packages/airflow/example_dags/tutorial_taskflow_templates.py took 0.126 seconds
[2025-02-12T23:55:38.456+0000] {processor.py:186} INFO - Started process (PID=4362) to work on /home/airflow/.local/lib/python3.12/site-packages/airflow/example_dags/tutorial_taskflow_templates.py
[2025-02-12T23:55:38.457+0000] {processor.py:914} INFO - Processing file /home/airflow/.local/lib/python3.12/site-packages/airflow/example_dags/tutorial_taskflow_templates.py for tasks to queue
[2025-02-12T23:55:38.462+0000] {logging_mixin.py:190} INFO - [2025-02-12T23:55:38.461+0000] {dagbag.py:588} INFO - Filling up the DagBag from /home/airflow/.local/lib/python3.12/site-packages/airflow/example_dags/tutorial_taskflow_templates.py
[2025-02-12T23:55:38.476+0000] {processor.py:925} INFO - DAG(s) 'tutorial_taskflow_templates' retrieved from /home/airflow/.local/lib/python3.12/site-packages/airflow/example_dags/tutorial_taskflow_templates.py
[2025-02-12T23:55:38.498+0000] {logging_mixin.py:190} INFO - [2025-02-12T23:55:38.497+0000] {dag.py:3239} INFO - Sync 1 DAGs
[2025-02-12T23:55:38.532+0000] {logging_mixin.py:190} INFO - [2025-02-12T23:55:38.531+0000] {dag.py:4180} INFO - Setting next_dagrun for tutorial_taskflow_templates to 2025-02-11 00:00:00+00:00, run_after=2025-02-12 00:00:00+00:00
[2025-02-12T23:55:38.552+0000] {processor.py:208} INFO - Processing /home/airflow/.local/lib/python3.12/site-packages/airflow/example_dags/tutorial_taskflow_templates.py took 0.101 seconds
[2025-02-12T23:56:10.941+0000] {processor.py:186} INFO - Started process (PID=4430) to work on /home/airflow/.local/lib/python3.12/site-packages/airflow/example_dags/tutorial_taskflow_templates.py
[2025-02-12T23:56:10.947+0000] {processor.py:914} INFO - Processing file /home/airflow/.local/lib/python3.12/site-packages/airflow/example_dags/tutorial_taskflow_templates.py for tasks to queue
[2025-02-12T23:56:10.952+0000] {logging_mixin.py:190} INFO - [2025-02-12T23:56:10.951+0000] {dagbag.py:588} INFO - Filling up the DagBag from /home/airflow/.local/lib/python3.12/site-packages/airflow/example_dags/tutorial_taskflow_templates.py
[2025-02-12T23:56:10.982+0000] {processor.py:925} INFO - DAG(s) 'tutorial_taskflow_templates' retrieved from /home/airflow/.local/lib/python3.12/site-packages/airflow/example_dags/tutorial_taskflow_templates.py
[2025-02-12T23:56:11.012+0000] {logging_mixin.py:190} INFO - [2025-02-12T23:56:11.012+0000] {dag.py:3239} INFO - Sync 1 DAGs
[2025-02-12T23:56:11.076+0000] {logging_mixin.py:190} INFO - [2025-02-12T23:56:11.076+0000] {dag.py:4180} INFO - Setting next_dagrun for tutorial_taskflow_templates to 2025-02-11 00:00:00+00:00, run_after=2025-02-12 00:00:00+00:00
[2025-02-12T23:56:11.140+0000] {processor.py:208} INFO - Processing /home/airflow/.local/lib/python3.12/site-packages/airflow/example_dags/tutorial_taskflow_templates.py took 0.207 seconds
[2025-02-12T23:56:41.912+0000] {processor.py:186} INFO - Started process (PID=4498) to work on /home/airflow/.local/lib/python3.12/site-packages/airflow/example_dags/tutorial_taskflow_templates.py
[2025-02-12T23:56:41.929+0000] {processor.py:914} INFO - Processing file /home/airflow/.local/lib/python3.12/site-packages/airflow/example_dags/tutorial_taskflow_templates.py for tasks to queue
[2025-02-12T23:56:41.941+0000] {logging_mixin.py:190} INFO - [2025-02-12T23:56:41.940+0000] {dagbag.py:588} INFO - Filling up the DagBag from /home/airflow/.local/lib/python3.12/site-packages/airflow/example_dags/tutorial_taskflow_templates.py
[2025-02-12T23:56:41.983+0000] {processor.py:925} INFO - DAG(s) 'tutorial_taskflow_templates' retrieved from /home/airflow/.local/lib/python3.12/site-packages/airflow/example_dags/tutorial_taskflow_templates.py
[2025-02-12T23:56:42.021+0000] {logging_mixin.py:190} INFO - [2025-02-12T23:56:42.021+0000] {dag.py:3239} INFO - Sync 1 DAGs
[2025-02-12T23:56:42.082+0000] {logging_mixin.py:190} INFO - [2025-02-12T23:56:42.081+0000] {dag.py:4180} INFO - Setting next_dagrun for tutorial_taskflow_templates to 2025-02-11 00:00:00+00:00, run_after=2025-02-12 00:00:00+00:00
[2025-02-12T23:56:42.132+0000] {processor.py:208} INFO - Processing /home/airflow/.local/lib/python3.12/site-packages/airflow/example_dags/tutorial_taskflow_templates.py took 0.229 seconds
[2025-02-12T23:57:13.067+0000] {processor.py:186} INFO - Started process (PID=4566) to work on /home/airflow/.local/lib/python3.12/site-packages/airflow/example_dags/tutorial_taskflow_templates.py
[2025-02-12T23:57:13.069+0000] {processor.py:914} INFO - Processing file /home/airflow/.local/lib/python3.12/site-packages/airflow/example_dags/tutorial_taskflow_templates.py for tasks to queue
[2025-02-12T23:57:13.072+0000] {logging_mixin.py:190} INFO - [2025-02-12T23:57:13.071+0000] {dagbag.py:588} INFO - Filling up the DagBag from /home/airflow/.local/lib/python3.12/site-packages/airflow/example_dags/tutorial_taskflow_templates.py
[2025-02-12T23:57:13.089+0000] {processor.py:925} INFO - DAG(s) 'tutorial_taskflow_templates' retrieved from /home/airflow/.local/lib/python3.12/site-packages/airflow/example_dags/tutorial_taskflow_templates.py
[2025-02-12T23:57:13.118+0000] {logging_mixin.py:190} INFO - [2025-02-12T23:57:13.117+0000] {dag.py:3239} INFO - Sync 1 DAGs
[2025-02-12T23:57:13.155+0000] {logging_mixin.py:190} INFO - [2025-02-12T23:57:13.155+0000] {dag.py:4180} INFO - Setting next_dagrun for tutorial_taskflow_templates to 2025-02-11 00:00:00+00:00, run_after=2025-02-12 00:00:00+00:00
[2025-02-12T23:57:13.180+0000] {processor.py:208} INFO - Processing /home/airflow/.local/lib/python3.12/site-packages/airflow/example_dags/tutorial_taskflow_templates.py took 0.121 seconds
[2025-02-12T23:57:44.983+0000] {processor.py:186} INFO - Started process (PID=4632) to work on /home/airflow/.local/lib/python3.12/site-packages/airflow/example_dags/tutorial_taskflow_templates.py
[2025-02-12T23:57:44.984+0000] {processor.py:914} INFO - Processing file /home/airflow/.local/lib/python3.12/site-packages/airflow/example_dags/tutorial_taskflow_templates.py for tasks to queue
[2025-02-12T23:57:44.987+0000] {logging_mixin.py:190} INFO - [2025-02-12T23:57:44.987+0000] {dagbag.py:588} INFO - Filling up the DagBag from /home/airflow/.local/lib/python3.12/site-packages/airflow/example_dags/tutorial_taskflow_templates.py
[2025-02-12T23:57:45.006+0000] {processor.py:925} INFO - DAG(s) 'tutorial_taskflow_templates' retrieved from /home/airflow/.local/lib/python3.12/site-packages/airflow/example_dags/tutorial_taskflow_templates.py
[2025-02-12T23:57:45.029+0000] {logging_mixin.py:190} INFO - [2025-02-12T23:57:45.029+0000] {dag.py:3239} INFO - Sync 1 DAGs
[2025-02-12T23:57:45.055+0000] {logging_mixin.py:190} INFO - [2025-02-12T23:57:45.054+0000] {dag.py:4180} INFO - Setting next_dagrun for tutorial_taskflow_templates to 2025-02-11 00:00:00+00:00, run_after=2025-02-12 00:00:00+00:00
[2025-02-12T23:57:45.081+0000] {processor.py:208} INFO - Processing /home/airflow/.local/lib/python3.12/site-packages/airflow/example_dags/tutorial_taskflow_templates.py took 0.106 seconds
[2025-02-12T23:58:15.668+0000] {processor.py:186} INFO - Started process (PID=4698) to work on /home/airflow/.local/lib/python3.12/site-packages/airflow/example_dags/tutorial_taskflow_templates.py
[2025-02-12T23:58:15.669+0000] {processor.py:914} INFO - Processing file /home/airflow/.local/lib/python3.12/site-packages/airflow/example_dags/tutorial_taskflow_templates.py for tasks to queue
[2025-02-12T23:58:15.672+0000] {logging_mixin.py:190} INFO - [2025-02-12T23:58:15.671+0000] {dagbag.py:588} INFO - Filling up the DagBag from /home/airflow/.local/lib/python3.12/site-packages/airflow/example_dags/tutorial_taskflow_templates.py
[2025-02-12T23:58:15.691+0000] {processor.py:925} INFO - DAG(s) 'tutorial_taskflow_templates' retrieved from /home/airflow/.local/lib/python3.12/site-packages/airflow/example_dags/tutorial_taskflow_templates.py
[2025-02-12T23:58:15.714+0000] {logging_mixin.py:190} INFO - [2025-02-12T23:58:15.713+0000] {dag.py:3239} INFO - Sync 1 DAGs
[2025-02-12T23:58:15.738+0000] {logging_mixin.py:190} INFO - [2025-02-12T23:58:15.738+0000] {dag.py:4180} INFO - Setting next_dagrun for tutorial_taskflow_templates to 2025-02-11 00:00:00+00:00, run_after=2025-02-12 00:00:00+00:00
[2025-02-12T23:58:15.760+0000] {processor.py:208} INFO - Processing /home/airflow/.local/lib/python3.12/site-packages/airflow/example_dags/tutorial_taskflow_templates.py took 0.098 seconds
[2025-02-12T23:58:46.552+0000] {processor.py:186} INFO - Started process (PID=4764) to work on /home/airflow/.local/lib/python3.12/site-packages/airflow/example_dags/tutorial_taskflow_templates.py
[2025-02-12T23:58:46.553+0000] {processor.py:914} INFO - Processing file /home/airflow/.local/lib/python3.12/site-packages/airflow/example_dags/tutorial_taskflow_templates.py for tasks to queue
[2025-02-12T23:58:46.560+0000] {logging_mixin.py:190} INFO - [2025-02-12T23:58:46.559+0000] {dagbag.py:588} INFO - Filling up the DagBag from /home/airflow/.local/lib/python3.12/site-packages/airflow/example_dags/tutorial_taskflow_templates.py
[2025-02-12T23:58:46.582+0000] {processor.py:925} INFO - DAG(s) 'tutorial_taskflow_templates' retrieved from /home/airflow/.local/lib/python3.12/site-packages/airflow/example_dags/tutorial_taskflow_templates.py
[2025-02-12T23:58:46.616+0000] {logging_mixin.py:190} INFO - [2025-02-12T23:58:46.616+0000] {dag.py:3239} INFO - Sync 1 DAGs
[2025-02-12T23:58:46.658+0000] {logging_mixin.py:190} INFO - [2025-02-12T23:58:46.658+0000] {dag.py:4180} INFO - Setting next_dagrun for tutorial_taskflow_templates to 2025-02-11 00:00:00+00:00, run_after=2025-02-12 00:00:00+00:00
[2025-02-12T23:58:46.694+0000] {processor.py:208} INFO - Processing /home/airflow/.local/lib/python3.12/site-packages/airflow/example_dags/tutorial_taskflow_templates.py took 0.149 seconds
[2025-02-12T23:59:17.067+0000] {processor.py:186} INFO - Started process (PID=4830) to work on /home/airflow/.local/lib/python3.12/site-packages/airflow/example_dags/tutorial_taskflow_templates.py
[2025-02-12T23:59:17.069+0000] {processor.py:914} INFO - Processing file /home/airflow/.local/lib/python3.12/site-packages/airflow/example_dags/tutorial_taskflow_templates.py for tasks to queue
[2025-02-12T23:59:17.073+0000] {logging_mixin.py:190} INFO - [2025-02-12T23:59:17.072+0000] {dagbag.py:588} INFO - Filling up the DagBag from /home/airflow/.local/lib/python3.12/site-packages/airflow/example_dags/tutorial_taskflow_templates.py
[2025-02-12T23:59:17.087+0000] {processor.py:925} INFO - DAG(s) 'tutorial_taskflow_templates' retrieved from /home/airflow/.local/lib/python3.12/site-packages/airflow/example_dags/tutorial_taskflow_templates.py
[2025-02-12T23:59:17.112+0000] {logging_mixin.py:190} INFO - [2025-02-12T23:59:17.112+0000] {dag.py:3239} INFO - Sync 1 DAGs
[2025-02-12T23:59:17.147+0000] {logging_mixin.py:190} INFO - [2025-02-12T23:59:17.146+0000] {dag.py:4180} INFO - Setting next_dagrun for tutorial_taskflow_templates to 2025-02-11 00:00:00+00:00, run_after=2025-02-12 00:00:00+00:00
[2025-02-12T23:59:17.173+0000] {processor.py:208} INFO - Processing /home/airflow/.local/lib/python3.12/site-packages/airflow/example_dags/tutorial_taskflow_templates.py took 0.112 seconds
[2025-02-12T23:59:48.284+0000] {processor.py:186} INFO - Started process (PID=4896) to work on /home/airflow/.local/lib/python3.12/site-packages/airflow/example_dags/tutorial_taskflow_templates.py
[2025-02-12T23:59:48.285+0000] {processor.py:914} INFO - Processing file /home/airflow/.local/lib/python3.12/site-packages/airflow/example_dags/tutorial_taskflow_templates.py for tasks to queue
[2025-02-12T23:59:48.291+0000] {logging_mixin.py:190} INFO - [2025-02-12T23:59:48.290+0000] {dagbag.py:588} INFO - Filling up the DagBag from /home/airflow/.local/lib/python3.12/site-packages/airflow/example_dags/tutorial_taskflow_templates.py
[2025-02-12T23:59:48.311+0000] {processor.py:925} INFO - DAG(s) 'tutorial_taskflow_templates' retrieved from /home/airflow/.local/lib/python3.12/site-packages/airflow/example_dags/tutorial_taskflow_templates.py
[2025-02-12T23:59:48.348+0000] {logging_mixin.py:190} INFO - [2025-02-12T23:59:48.348+0000] {dag.py:3239} INFO - Sync 1 DAGs
[2025-02-12T23:59:48.380+0000] {logging_mixin.py:190} INFO - [2025-02-12T23:59:48.380+0000] {dag.py:4180} INFO - Setting next_dagrun for tutorial_taskflow_templates to 2025-02-11 00:00:00+00:00, run_after=2025-02-12 00:00:00+00:00
[2025-02-12T23:59:48.407+0000] {processor.py:208} INFO - Processing /home/airflow/.local/lib/python3.12/site-packages/airflow/example_dags/tutorial_taskflow_templates.py took 0.131 seconds
